date,price_usd,supply,tx_count,active_addresses,fees_native,market_cap_usd,bc_tx_count,bc_sum_value,bc_median_value,bc_mean_value
2009-01-03,,,,,,,1,50,50,50
2009-01-09,,,,,,,14,700,50,50
2009-01-10,,,,,,,61,3050,50,50
2009-01-11,,,,,,,93,4650,50,50
2009-01-12,,,,,,,101,4879,50,48.30693069
2009-01-13,,,,,,,123,6150,50,50
2009-01-14,,,,,,,130,6511,50,50.08461538
2009-01-15,,,,,,,134,6800,50,50.74626865
2009-01-16,,,,,,,110,5600,50,50.9090909
2009-01-17,,,,,,,109,5450,50,50
2009-01-18,,,,,,,108,5500,50,50.92592592
2009-01-19,,,,,,,117,6525,50,55.76923076
2009-01-20,,,,,,,115,6100,50,53.04347826
2009-01-21,,,,,,,103,5200,50,50.48543689
2009-01-22,,,,,,,92,5050,50,54.89130434
2009-01-23,,,,,,,86,4650,50,54.06976744
2009-01-24,,,,,,,202,10550,50,52.22772277
2009-01-25,,,,,,,192,9600,50,50
2009-01-26,,,,,,,97,5800,50,59.79381443
2009-01-27,,,,,,,98,5000,50,51.02040816
2009-01-28,,,,,,,112,5600,50,50
2009-01-29,,,,,,,122,6650,50,54.50819672
2009-01-30,,,,,,,117,5850,50,50
2009-01-31,,,,,,,139,7900,50,56.83453237
2009-02-01,,,,,,,114,5750,50,50.43859649
2009-02-02,,,,,,,129,6450,50,50
2009-02-03,,,,,,,155,7686.52,50,49.59045161
2009-02-04,,,,,,,119,5950,50,50
2009-02-05,,,,,,,126,6300,50,50
2009-02-06,,,,,,,122,6100,50,50
2009-02-07,,,,,,,133,7648,50,57.50375939
2009-02-08,,,,,,,133,7600,50,57.14285714
2009-02-09,,,,,,,135,8900,50,65.92592592
2009-02-10,,,,,,,120,6000,50,50
2009-02-11,,,,,,,135,7200.04,50,53.33362962
2009-02-12,,,,,,,119,5950,50,50
2009-02-13,,,,,,,124,6200,50,50
2009-02-14,,,,,,,136,6800,50,50
2009-02-15,,,,,,,131,7300,50,55.72519083
2009-02-16,,,,,,,123,7600,50,61.78861788
2009-02-17,,,,,,,117,5850,50,50
2009-02-18,,,,,,,118,5900,50,50
2009-02-19,,,,,,,125,7000,50,56
2009-02-20,,,,,,,122,6100,50,50
2009-02-21,,,,,,,114,5700,50,50
2009-02-22,,,,,,,125,7100,50,56.8
2009-02-23,,,,,,,108,5400,50,50
2009-02-24,,,,,,,106,5300,50,50
2009-02-25,,,,,,,105,5250,50,50
2009-02-26,,,,,,,107,5350,50,50
2009-02-27,,,,,,,116,7550,50,65.08620689
2009-02-28,,,,,,,100,5300,50,53
2009-03-01,,,,,,,105,5250,50,50
2009-03-02,,,,,,,108,5400,50,50
2009-03-03,,,,,,,107,5650,50,52.80373831
2009-03-04,,,,,,,106,6450,50,60.8490566
2009-03-05,,,,,,,113,6000,50,53.09734513
2009-03-06,,,,,,,117,5850,50,50
2009-03-07,,,,,,,109,5450,50,50
2009-03-08,,,,,,,118,7300,50,61.86440677
2009-03-09,,,,,,,108,5400,50,50
2009-03-10,,,,,,,107,5350,50,50
2009-03-11,,,,,,,114,5700,50,50
2009-03-12,,,,,,,119,6050,50,50.84033613
2009-03-13,,,,,,,114,6400,50,56.14035087
2009-03-14,,,,,,,110,5500,50,50
2009-03-15,,,,,,,123,6150,50,50
2009-03-16,,,,,,,122,8450,50,69.26229508
2009-03-17,,,,,,,114,5700,50,50
2009-03-18,,,,,,,116,6400,50,55.17241379
2009-03-19,,,,,,,122,6100,50,50
2009-03-20,,,,,,,119,6500,50,54.62184873
2009-03-21,,,,,,,50,2500,50,50
2009-03-22,,,,,,,121,6500,50,53.71900826
2009-03-23,,,,,,,130,6500,50,50
2009-03-24,,,,,,,105,5250,50,50
2009-03-25,,,,,,,117,5850,50,50
2009-03-26,,,,,,,118,7250,50,61.44067796
2009-03-27,,,,,,,106,5300,50,50
2009-03-28,,,,,,,122,6950,50,56.96721311
2009-03-29,,,,,,,116,5800,50,50
2009-03-30,,,,,,,120,6000,50,50
2009-03-31,,,,,,,111,7100,50,63.96396396
2009-04-01,,,,,,,114,5700,50,50
2009-04-02,,,,,,,115,5750,50,50
2009-04-03,,,,,,,116,5800,50,50
2009-04-04,,,,,,,113,5650,50,50
2009-04-05,,,,,,,132,7350,50,55.68181818
2009-04-06,,,,,,,109,5450,50,50
2009-04-07,,,,,,,100,5000,50,50
2009-04-08,,,,,,,105,5250,50,50
2009-04-09,,,,,,,99,4950,50,50
2009-04-10,,,,,,,108,5400,50,50
2009-04-11,,,,,,,121,6350,50,52.47933884
2009-04-12,,,,,,,120,6850,50,57.08333333
2009-04-13,,,,,,,116,5800,50,50
2009-04-14,,,,,,,124,6200,50,50
2009-04-15,,,,,,,113,5650,50,50
2009-04-16,,,,,,,123,6150,50,50
2009-04-17,,,,,,,112,5600,50,50
2009-04-18,,,,,,,130,6482.51,50,49.86546153
2009-04-19,,,,,,,120,6350,50,52.91666666
2009-04-20,,,,,,,121,11700,50,96.69421487
2009-04-21,,,,,,,124,6200,50,50
2009-04-22,,,,,,,121,6050,50,50
2009-04-23,,,,,,,75,3750,50,50
2009-04-24,,,,,,,115,5750,50,50
2009-04-25,,,,,,,118,5900,50,50
2009-04-26,,,,,,,114,6350,50,55.70175438
2009-04-27,,,,,,,104,5200,50,50
2009-04-28,,,,,,,117,5850,50,50
2009-04-29,,,,,,,129,7400,50,57.36434108
2009-04-30,,,,,,,131,6550,50,50
2009-05-01,,,,,,,121,6050,50,50
2009-05-02,,,,,,,128,7049.94,50,55.07765625
2009-05-03,,,,,,,109,5410,50,49.63302752
2009-05-04,,,,,,,129,7900,50,61.24031007
2009-05-05,,,,,,,136,7250,50,53.30882352
2009-05-06,,,,,,,135,6750,50,50
2009-05-07,,,,,,,122,6100,50,50
2009-05-08,,,,,,,107,5350,50,50
2009-05-09,,,,,,,78,3900,50,50
2009-05-10,,,,,,,85,4250,50,50
2009-05-11,,,,,,,121,6100,50,50.41322314
2009-05-12,,,,,,,130,6500,50,50
2009-05-13,,,,,,,116,5700.01,50,49.13801724
2009-05-14,,,,,,,142,7149.99,50,50.35204225
2009-05-15,,,,,,,137,7300,50,53.28467153
2009-05-16,,,,,,,119,5950,50,50
2009-05-17,,,,,,,127,6350,50,50
2009-05-18,,,,,,,118,5900,50,50
2009-05-19,,,,,,,86,4300,50,50
2009-05-20,,,,,,,120,6000,50,50
2009-05-21,,,,,,,82,4100,50,50
2009-05-22,,,,,,,61,3050,50,50
2009-05-23,,,,,,,32,1600,50,50
2009-05-24,,,,,,,100,5000,50,50
2009-05-25,,,,,,,109,5450,50,50
2009-05-26,,,,,,,125,6250,50,50
2009-05-27,,,,,,,119,5950,50,50
2009-05-28,,,,,,,95,4750,50,50
2009-05-29,,,,,,,107,8300,50,77.57009345
2009-05-30,,,,,,,109,5450,50,50
2009-05-31,,,,,,,96,4800,50,50
2009-06-01,,,,,,,72,3600,50,50
2009-06-02,,,,,,,111,5550,50,50
2009-06-03,,,,,,,71,3550,50,50
2009-06-04,,,,,,,66,3300,50,50
2009-06-05,,,,,,,30,1500,50,50
2009-06-06,,,,,,,28,1400,50,50
2009-06-07,,,,,,,16,800,50,50
2009-06-08,,,,,,,82,4100,50,50
2009-06-09,,,,,,,91,4550,50,50
2009-06-10,,,,,,,82,4100,50,50
2009-06-11,,,,,,,89,4450,50,50
2009-06-12,,,,,,,86,4300,50,50
2009-06-13,,,,,,,78,3900,50,50
2009-06-14,,,,,,,72,3600,50,50
2009-06-15,,,,,,,84,4200,50,50
2009-06-16,,,,,,,71,3550,50,50
2009-06-17,,,,,,,79,3950,50,50
2009-06-18,,,,,,,80,4000,50,50
2009-06-19,,,,,,,87,4350,50,50
2009-06-20,,,,,,,78,3900,50,50
2009-06-21,,,,,,,81,4050,50,50
2009-06-22,,,,,,,77,6800,50,88.31168831
2009-06-23,,,,,,,76,3800,50,50
2009-06-24,,,,,,,97,4898.98,50,50.50494845
2009-06-25,,,,,,,69,4400,50,63.76811594
2009-06-26,,,,,,,90,4500,50,50
2009-06-27,,,,,,,84,4200,50,50
2009-06-28,,,,,,,47,2350,50,50
2009-06-29,,,,,,,84,4200,50,50
2009-06-30,,,,,,,86,4345,50,50.52325581
2009-07-01,,,,,,,75,3800,50,50.66666666
2009-07-02,,,,,,,84,4200,50,50
2009-07-03,,,,,,,82,4100,50,50
2009-07-04,,,,,,,89,4450,50,50
2009-07-05,,,,,,,79,3950,50,50
2009-07-06,,,,,,,84,4200,50,50
2009-07-07,,,,,,,69,3450,50,50
2009-07-08,,,,,,,74,3700,50,50
2009-07-09,,,,,,,86,4300,50,50
2009-07-10,,,,,,,81,4050,50,50
2009-07-11,,,,,,,83,4150,50,50
2009-07-12,,,,,,,77,3850,50,50
2009-07-13,,,,,,,78,3900,50,50
2009-07-14,,,,,,,69,3450,50,50
2009-07-15,,,,,,,45,2250,50,50
2009-07-16,,,,,,,71,3550,50,50
2009-07-17,,,,,,,47,2350,50,50
2009-07-18,,,,,,,4,200,50,50
2009-07-19,,,,,,,70,3500,50,50
2009-07-20,,,,,,,71,9549.67,50,134.5023944
2009-07-21,,,,,,,82,4100,50,50
2009-07-22,,,,,,,60,3000,50,50
2009-07-23,,,,,,,76,3800,50,50
2009-07-24,,,,,,,73,3650,50,50
2009-07-25,,,,,,,32,1600,50,50
2009-07-26,,,,,,,21,1050,50,50
2009-07-27,,,,,,,74,3700,50,50
2009-07-28,,,,,,,41,2050,50,50
2009-07-29,,,,,,,20,1050,50,52.5
2009-07-30,,,,,,,16,800,50,50
2009-07-31,,,,,,,17,850,50,50
2009-08-01,,,,,,,28,1400,50,50
2009-08-02,,,,,,,23,1150,50,50
2009-08-03,,,,,,,12,600,50,50
2009-08-04,,,,,,,81,4050,50,50
2009-08-05,,,,,,,87,4350,50,50
2009-08-06,,,,,,,90,4500,50,50
2009-08-07,,,,,,,81,9549.53,50,117.8954321
2009-08-08,,,,,,,80,4000,50,50
2009-08-09,,,,,,,101,5050,50,50
2009-08-10,,,,,,,75,3750,50,50
2009-08-11,,,,,,,70,3500,50,50
2009-08-12,,,,,,,63,3150,50,50
2009-08-13,,,,,,,85,4250,50,50
2009-08-14,,,,,,,63,3150,50,50
2009-08-15,,,,,,,26,1300,50,50
2009-08-16,,,,,,,19,950,50,50
2009-08-17,,,,,,,17,850,50,50
2009-08-18,,,,,,,10,500,50,50
2009-08-19,,,,,,,18,900,50,50
2009-08-20,,,,,,,22,1100,50,50
2009-08-21,,,,,,,14,700,50,50
2009-08-22,,,,,,,7,350,50,50
2009-08-23,,,,,,,15,750,50,50
2009-08-24,,,,,,,15,750,50,50
2009-08-25,,,,,,,50,2500,50,50
2009-08-26,,,,,,,51,4748.06,50,93.09921568
2009-08-27,,,,,,,29,1450,50,50
2009-08-28,,,,,,,75,3750,50,50
2009-08-29,,,,,,,78,3900,50,50
2009-08-30,,,,,,,98,4900,50,50
2009-08-31,,,,,,,87,4600,50,52.87356321
2009-09-01,,,,,,,78,3900,50,50
2009-09-02,,,,,,,66,3300,50,50
2009-09-03,,,,,,,62,3750,50,60.48387096
2009-09-04,,,,,,,64,3200,50,50
2009-09-05,,,,,,,76,3800,50,50
2009-09-06,,,,,,,68,3400,50,50
2009-09-07,,,,,,,79,4550,50,57.5949367
2009-09-08,,,,,,,69,3450,50,50
2009-09-09,,,,,,,54,2700,50,50
2009-09-10,,,,,,,67,3350,50,50
2009-09-11,,,,,,,67,3350,50,50
2009-09-12,,,,,,,69,3450,50,50
2009-09-13,,,,,,,75,3750,50,50
2009-09-14,,,,,,,74,3700,50,50
2009-09-15,,,,,,,44,2200,50,50
2009-09-16,,,,,,,73,3601,50,49.32876712
2009-09-17,,,,,,,85,9250,50,108.8235294
2009-09-18,,,,,,,78,3900,50,50
2009-09-19,,,,,,,74,3700,50,50
2009-09-20,,,,,,,78,3900,50,50
2009-09-21,,,,,,,70,3850,50,55
2009-09-22,,,,,,,26,3250,50,125
2009-09-23,,,,,,,36,1800,50,50
2009-09-24,,,,,,,97,4850,50,50
2009-09-25,,,,,,,93,5850,50,62.9032258
2009-09-26,,,,,,,100,5000,50,50
2009-09-27,,,,,,,88,5150,50,58.52272727
2009-09-28,,,,,,,85,4250,50,50
2009-09-29,,,,,,,90,6550,50,72.77777777
2009-09-30,,,,,,,85,4250,50,50
2009-10-01,,,,,,,82,4100,50,50
2009-10-02,,,,,,,73,4100,50,56.16438356
2009-10-03,,,,,,,58,2900,50,50
2009-10-04,,,,,,,53,2650,50,50
2009-10-05,,,,,,,55,2750,50,50
2009-10-06,,,,,,,45,3050,50,67.77777777
2009-10-07,,,,,,,60,3000,50,50
2009-10-08,,,,,,,70,3500,50,50
2009-10-09,,,,,,,79,3950,50,50
2009-10-10,,,,,,,77,3850,50,50
2009-10-11,,,,,,,74,3700,50,50
2009-10-12,,,,,,,59,7950,50,134.7457627
2009-10-13,,,,,,,57,2850,50,50
2009-10-14,,,,,,,69,3450,50,50
2009-10-15,,,,,,,71,3550,50,50
2009-10-16,,,,,,,61,12700,50,208.1967213
2009-10-17,,,,,,,57,2850,50,50
2009-10-18,,,,,,,75,4050,50,54
2009-10-19,,,,,,,112,5600,50,50
2009-10-20,,,,,,,96,9799.88,50,102.0820833
2009-10-21,,,,,,,81,4899.76,50,60.49086419
2009-10-22,,,,,,,91,16450,50,180.7692308
2009-10-23,,,,,,,89,4450,50,50
2009-10-24,,,,,,,63,15350,50,243.6507936
2009-10-25,,,,,,,76,3800,50,50
2009-10-26,,,,,,,71,3550,50,50
2009-10-27,,,,,,,65,16200,50,249.2307692
2009-10-28,,,,,,,66,3300,50,50
2009-10-29,,,,,,,48,4350,50,90.625
2009-10-30,,,,,,,60,3000,50,50
2009-10-31,,,,,,,46,2300,50,50
2009-11-01,,,,,,,25,1250,50,50
2009-11-02,,,,,,,33,1650,50,50
2009-11-03,,,,,,,62,3100,50,50
2009-11-04,,,,,,,64,18650,50,291.40625
2009-11-05,,,,,,,57,2850,50,50
2009-11-06,,,,,,,62,3100,50,50
2009-11-07,,,,,,,69,3450,50,50
2009-11-08,,,,,,,73,3650,50,50
2009-11-09,,,,,,,64,3200,50,50
2009-11-10,,,,,,,78,3900,50,50
2009-11-11,,,,,,,73,93200,50,1276.712329
2009-11-12,,,,,,,66,3300,50,50
2009-11-13,,,,,,,83,4600,50,55.42168674
2009-11-14,,,,,,,79,3950,50,50
2009-11-15,,,,,,,96,4800,50,50
2009-11-16,,,,,,,97,4850,50,50
2009-11-17,,,,,,,92,4600,50,50
2009-11-18,,,,,,,79,3950,50,50
2009-11-19,,,,,,,72,47850,50,664.5833333
2009-11-20,,,,,,,86,4300,50,50
2009-11-21,,,,,,,73,3650,50,50
2009-11-22,,,,,,,106,5300,50,50
2009-11-23,,,,,,,96,4800,50,50
2009-11-24,,,,,,,93,4650,50,50
2009-11-25,,,,,,,90,4500,50,50
2009-11-26,,,,,,,84,4200,50,50
2009-11-27,,,,,,,74,3700,50,50
2009-11-28,,,,,,,71,3550,50,50
2009-11-29,,,,,,,60,3000,50,50
2009-11-30,,,,,,,75,3750,50,50
2009-12-01,,,,,,,74,13700,50,185.1351351
2009-12-02,,,,,,,94,4700,50,50
2009-12-03,,,,,,,88,4400,50,50
2009-12-04,,,,,,,36,1800,50,50
2009-12-05,,,,,,,65,4100,50,63.07692307
2009-12-06,,,,,,,105,5290,50,50.38095238
2009-12-07,,,,,,,112,5600,50,50
2009-12-08,,,,,,,107,6750,50,63.08411214
2009-12-09,,,,,,,109,7155,50,65.64220183
2009-12-10,,,,,,,104,5200,50,50
2009-12-11,,,,,,,112,5600,50,50
2009-12-12,,,,,,,112,10700,50,95.53571428
2009-12-13,,,,,,,114,5700,50,50
2009-12-14,,,,,,,107,37645.7,50,351.828972
2009-12-15,,,,,,,112,10959,50,97.84821428
2009-12-16,,,,,,,137,7650,50,55.83941605
2009-12-17,,,,,,,172,8749.5,50,50.86918604
2009-12-18,,,,,,,225,11250,50,50
2009-12-19,,,,,,,199,9950,50,50
2009-12-20,,,,,,,175,8750,50,50
2009-12-21,,,,,,,176,8800,50,50
2009-12-22,,,,,,,162,8100,50,50
2009-12-23,,,,,,,154,7700,50,50
2009-12-24,,,,,,,154,7700,50,50
2009-12-25,,,,,,,150,7500,50,50
2009-12-26,,,,,,,174,8700,50,50
2009-12-27,,,,,,,168,8600,50,51.19047619
2009-12-28,,,,,,,137,6850,50,50
2009-12-29,,,,,,,171,8550,50,50
2009-12-30,,,,,,,141,7050,50,50
2009-12-31,,,,,,,138,6900,50,50
2010-01-01,,,,,,,134,6700,50,50
2010-01-02,,,,,,,126,6300,50,50
2010-01-03,,,,,,,186,9300,50,50
2010-01-04,,,,,,,183,29854.35,50,163.1385246
2010-01-05,,,,,,,198,9900,50,50
2010-01-06,,,,,,,163,8150,50,50
2010-01-07,,,,,,,154,7700,50,50
2010-01-08,,,,,,,153,7650,50,50
2010-01-09,,,,,,,151,7550,50,50
2010-01-10,,,,,,,190,9500,50,50
2010-01-11,,,,,,,159,7950,50,50
2010-01-12,,,,,,,161,18749.88,50,116.458882
2010-01-13,,,,,,,166,8258,50,49.74698795
2010-01-14,,,,,,,145,7555,50,52.10344827
2010-01-15,,,,,,,142,7250.74,50,51.06154929
2010-01-16,,,,,,,126,6501,50,51.59523809
2010-01-17,,,,,,,131,6550,50,50
2010-01-18,,,,,,,126,6300,50,50
2010-01-19,,,,,,,124,6200,50,50
2010-01-20,,,,,,,158,7900,50,50
2010-01-21,,,,,,,184,9438.29,50,51.29505434
2010-01-22,,,,,,,136,6900,50,50.73529411
2010-01-23,,,,,,,162,8051,50,49.69753086
2010-01-24,,,,,,,155,7750,50,50
2010-01-25,,,,,,,215,13850,50,64.41860465
2010-01-26,,,,,,,201,10623,50,52.85074626
2010-01-27,,,,,,,166,9200,50,55.42168674
2010-01-28,,,,,,,179,9900,50,55.30726256
2010-01-29,,,,,,,201,10800,50,53.73134328
2010-01-30,,,,,,,214,12200,50,57.00934579
2010-01-31,,,,,,,167,9350,50,55.98802395
2010-02-01,,,,,,,193,11800,50,61.13989637
2010-02-02,,,,,,,146,8300,50,56.84931506
2010-02-03,,,,,,,272,13800,50,50.73529411
2010-02-04,,,,,,,234,13499.99,50,57.69226495
2010-02-05,,,,,,,227,23399,50,103.0792951
2010-02-06,,,,,,,206,11700,50,56.7961165
2010-02-07,,,,,,,222,11349,50,51.12162162
2010-02-08,,,,,,,208,16703,50,80.30288461
2010-02-09,,,,,,,210,31250,50,148.8095238
2010-02-10,,,,,,,173,38700,50,223.699422
2010-02-11,,,,,,,174,12150,50,69.8275862
2010-02-12,,,,,,,188,16800,50,89.36170212
2010-02-13,,,,,,,235,17799,50,75.74042553
2010-02-14,,,,,,,219,30024.51,50,137.0982192
2010-02-15,,,,,,,185,13349.98,50,72.16205405
2010-02-16,,,,,,,201,10513.37,50,52.30532338
2010-02-17,,,,,,,250,70672.5,50,282.69
2010-02-18,,,,,,,215,13299,50,61.85581395
2010-02-19,,,,,,,195,9700.01,50,49.74364102
2010-02-20,,,,,,,210,11050,50,52.61904761
2010-02-21,,,,,,,227,17416.83,50,76.72612334
2010-02-22,,,,,,,265,27300,50,103.0188679
2010-02-23,,,,,,,251,12550,50,50
2010-02-24,,,,,,,177,13850,50,78.24858757
2010-02-25,,,,,,,158,18300,50,115.8227848
2010-02-26,,,,,,,176,19549,50,111.0738636
2010-02-27,,,,,,,175,9051,50,51.72
2010-02-28,,,,,,,159,13099,50,82.38364779
2010-03-01,,,,,,,199,11350,50,57.03517587
2010-03-02,,,,,,,193,11400,50,59.06735751
2010-03-03,,,,,,,158,17800,50,112.6582278
2010-03-04,,,,,,,188,28600,50,152.1276596
2010-03-05,,,,,,,173,8700,50,50.28901734
2010-03-06,,,,,,,183,32597.39,50,178.1278142
2010-03-07,,,,,,,183,16450,50,89.89071038
2010-03-08,,,,,,,130,15295.18,50,117.6552308
2010-03-09,,,,,,,148,11350,50,76.68918918
2010-03-10,,,,,,,169,10699.99,50,63.31355029
2010-03-11,,,,,,,136,9850,50,72.42647058
2010-03-12,,,,,,,123,6400,50,52.03252032
2010-03-13,,,,,,,154,9450,50,61.36363636
2010-03-14,,,,,,,127,7800,50,61.41732283
2010-03-15,,,,,,,140,6902,50,49.3
2010-03-16,,,,,,,129,7501,50,58.14728682
2010-03-17,,,,,,,139,8050,50,57.91366906
2010-03-18,,,,,,,149,10950,50,73.48993288
2010-03-19,,,,,,,162,13996,50,86.39506172
2010-03-20,,,,,,,204,14550,50,71.32352941
2010-03-21,,,,,,,190,9602,50,50.5368421
2010-03-22,,,,,,,186,11400,50,61.29032258
2010-03-23,,,,,,,220,14336.93,50,65.16786363
2010-03-24,,,,,,,182,10350,50,56.86813186
2010-03-25,,,,,,,202,33451,50,165.5990099
2010-03-26,,,,,,,213,13850,50,65.02347417
2010-03-27,,,,,,,184,11500,50,62.5
2010-03-28,,,,,,,192,11450,50,59.63541666
2010-03-29,,,,,,,207,13200,50,63.76811594
2010-03-30,,,,,,,221,11300,50,51.13122171
2010-03-31,,,,,,,214,11924.2,50,55.72056074
2010-04-01,,,,,,,179,9800,50,54.74860335
2010-04-02,,,,,,,161,8800,50,54.65838509
2010-04-03,,,,,,,166,9773.48,50,58.87638554
2010-04-04,,,,,,,183,12000,50,65.57377049
2010-04-05,,,,,,,181,18287.19,50,101.0341989
2010-04-06,,,,,,,174,13091,50,75.23563218
2010-04-07,,,,,,,204,15153.14,50,74.28009803
2010-04-08,,,,,,,195,12238.74,50,62.76276923
2010-04-09,,,,,,,224,39007.96,50,174.1426786
2010-04-10,,,,,,,298,27909.05,50,93.6545302
2010-04-11,,,,,,,265,27333.16,50,103.144
2010-04-12,,,,,,,247,38235.76,50,154.8006478
2010-04-13,,,,,,,209,11810,50,56.50717703
2010-04-14,,,,,,,223,15448.89,50,69.27753363
2010-04-15,,,,,,,290,124125.3,50,428.0182759
2010-04-16,,,,,,,234,23012.68,50,98.34478632
2010-04-17,,,,,,,250,15292.88,50,61.17152
2010-04-18,,,,,,,3351,49371.01,4.28,14.73321695
2010-04-19,,,,,,,276,36021.87,50,130.5140217
2010-04-20,,,,,,,243,24785,50,101.9958848
2010-04-21,,,,,,,251,18978.81,50,75.61278884
2010-04-22,,,,,,,199,29492.85,50,148.2052764
2010-04-23,,,,,,,200,11454.03,50,57.27015
2010-04-24,,,,,,,202,20533.06,50,101.6488119
2010-04-25,,,,,,,205,23845.8,50,116.3209756
2010-04-26,,,,,,,211,20345.49,50,96.42412322
2010-04-27,,,,,,,233,17433.94,50,74.82377682
2010-04-28,,,,,,,227,17422.54,50,76.75127753
2010-04-29,,,,,,,180,12925.36,50,71.80755555
2010-04-30,,,,,,,170,68620.32,50,403.6489412
2010-05-01,,,,,,,210,14348.6,50,68.32666666
2010-05-02,,,,,,,180,10049,50,55.82777777
2010-05-03,,,,,,,188,16001,50,85.11170212
2010-05-04,,,,,,,177,25650.12,50,144.9159322
2010-05-05,,,,,,,162,25859.66,50,159.6275309
2010-05-06,,,,,,,177,23351.01,50,131.9266102
2010-05-07,,,,,,,158,40444,50,255.9746835
2010-05-08,,,,,,,182,25180.26,50,138.3530769
2010-05-09,,,,,,,183,17028.4,50,93.05136612
2010-05-10,,,,,,,157,15263.78,50,97.22152866
2010-05-11,,,,,,,130,7600.15,50,58.4626923
2010-05-12,,,,,,,159,28020.11,50,176.2271069
2010-05-13,,,,,,,167,17307.78,50,103.6394012
2010-05-14,,,,,,,153,21860.94,50,142.8819608
2010-05-15,,,,,,,113,7776.64,50,68.819823
2010-05-16,,,,,,,133,8088.64,50,60.8168421
2010-05-17,,,,,,,178,17876.48,50,100.4296629
2010-05-18,,,,,,,223,17820.9,50,79.91434977
2010-05-19,,,,,,,207,23504.61,50,113.5488406
2010-05-20,,,,,,,237,13984.97,50,59.00831223
2010-05-21,,,,,,,235,48625.96,50,206.9189787
2010-05-22,,,,,,,226,54427.53,50,240.8297788
2010-05-23,,,,,,,309,32588.36,50,105.4639482
2010-05-24,,,,,,,250,15656,50,62.624
2010-05-25,,,,,,,254,18050,50,71.06299212
2010-05-26,,,,,,,287,27990.97,50,97.52951219
2010-05-27,,,,,,,267,24211.51,50,90.67981273
2010-05-28,,,,,,,277,40557.11,50,146.4155596
2010-05-29,,,,,,,239,53451,50,223.6443515
2010-05-30,,,,,,,200,12912.3,50,64.5615
2010-05-31,,,,,,,194,13961,50,71.96391752
2010-06-01,,,,,,,183,13893.98,50,75.92338797
2010-06-02,,,,,,,194,14957.28,50,77.09938144
2010-06-03,,,,,,,235,17274.1,50,73.50680851
2010-06-04,,,,,,,173,38677.35,50,223.5684971
2010-06-05,,,,,,,190,13550,50,71.31578947
2010-06-06,,,,,,,200,16003.31,50,80.01655
2010-06-07,,,,,,,209,35049.8,50,167.7023923
2010-06-08,,,,,,,223,17401,50,78.03139013
2010-06-09,,,,,,,220,80691.57,50,366.7798636
2010-06-10,,,,,,,217,39665.63,50,182.7909217
2010-06-11,,,,,,,247,18728.78,50,75.82502024
2010-06-12,,,,,,,213,20881.1,50,98.03333333
2010-06-13,,,,,,,239,22832,50,95.53138075
2010-06-14,,,,,,,257,51341.02,50,199.7705058
2010-06-15,,,,,,,269,45023,50,167.3717472
2010-06-16,,,,,,,192,35799.08,50,186.4535417
2010-06-17,,,,,,,204,29088.45,50,142.5904412
2010-06-18,,,,,,,193,19086.68,50,98.89471502
2010-06-19,,,,,,,214,65872.79,50,307.8167757
2010-06-20,,,,,,,228,36318.01,50,159.2895175
2010-06-21,,,,,,,242,45708.09,50,188.8764049
2010-06-22,,,,,,,227,38998.64,50,171.8001762
2010-06-23,,,,,,,257,48890,50,190.233463
2010-06-24,,,,,,,240,40846.37,50,170.1932083
2010-06-25,,,,,,,210,26818,50,127.7047619
2010-06-26,,,,,,,201,66719.74,50,331.939005
2010-06-27,,,,,,,234,21468,50,91.74358974
2010-06-28,,,,,,,230,52785.05,50,229.5002174
2010-06-29,,,,,,,264,49257.59,50,186.5817803
2010-06-30,,,,,,,273,64280.95,50,235.4613553
2010-07-01,,,,,,,284,37435.89,50,131.8165141
2010-07-02,,,,,,,241,114554.73,50,475.3308299
2010-07-03,,,,,,,286,47050,50,164.5104895
2010-07-04,,,,,,,224,26909.5,50,120.1316964
2010-07-05,,,,,,,252,62047.01,50,246.2182936
2010-07-06,,,,,,,208,27785.5,50,133.5841346
2010-07-07,,,,,,,218,56930.31,50,261.148211
2010-07-08,,,,,,,223,24422.94,50,109.5199103
2010-07-09,,,,,,,268,21572,50,80.49253731
2010-07-10,,,,,,,240,30402.74,50,126.6780833
2010-07-11,,,,,,,353,56181.99,50,159.155779
2010-07-12,,,,,,,2300,2633819.97,100,1145.139117
2010-07-13,,,,,,,1479,336968.32,50,227.83524
2010-07-14,,,,,,,6132,350355.85,31.645,57.1356572
2010-07-15,,,,,,,1330,117048.92,50,88.00670676
2010-07-16,,,,,,,1181,86144.04,50,72.9416088
2010-07-17,,,,,,,408,32747.88,50,80.26441176
2010-07-18,,,,,,,420,44670.09,50,106.3573571
2010-07-19,,,,,,,528,55849.75,50,105.7760417
2010-07-20,,,,,,,594,38952.34,50,65.57632996
2010-07-21,,,,,,,463,38004.54,50,82.08323974
2010-07-22,,,,,,,397,48431.62,50,121.994005
2010-07-23,,,,,,,411,30314.79,50,73.75861313
2010-07-24,,,,,,,894,53191.96,8.595,59.49883668
2010-07-25,,,,,,,1823,58615.43,9.42,32.1532803
2010-07-26,,,,,,,467,99101.87,50,212.2095717
2010-07-27,,,,,,,426,40199.2,50,94.36431924
2010-07-28,,,,,,,1951,75510.53,0.05,38.70350076
2010-07-29,,,,,,,1867,28061.23,0.05,15.03011783
2010-07-30,,,,,,,325,29261.82,50,90.03636923
2010-07-31,,,,,,,295,25583.49,50,86.72369491
2010-08-01,,,,,,,364,282050.22,50,774.8632418
2010-08-02,,,,,,,398,75663.37,50,190.1089698
2010-08-03,,,,,,,648,51833.6,40.045,79.99012345
2010-08-04,,,,,,,439,45786.45,50,104.2971526
2010-08-05,,,,,,,515,51702.01,50,100.3922524
2010-08-06,,,,,,,359,25932.01,50,72.23401114
2010-08-07,,,,,,,273,33022.92,50,120.9630769
2010-08-08,,,,,,,391,20285.05,50,51.87992327
2010-08-09,,,,,,,424,86863.22,50,204.8660849
2010-08-10,,,,,,,340,43421.85,50,127.7113235
2010-08-11,,,,,,,412,66537.41,50,161.498568
2010-08-12,,,,,,,392,26552.83,50,67.73681122
2010-08-13,,,,,,,516,45812.59,50,88.78408914
2010-08-14,,,,,,,434,30251.74,50,69.70447004
2010-08-15,,,,,,,315,27266.58,50,86.56057142
2010-08-16,,,,,,,453,76524.88,50,168.9290949
2010-08-17,,,,,,,318,56445.99,50,177.5031132
2010-08-18,,,,,,,377,44038.5,50,116.8129973
2010-08-19,,,,,,,325,27152.1,50,83.54492307
2010-08-20,,,,,,,423,39228.41,50,92.73855791
2010-08-21,,,,,,,342,47328.31,50,138.3868713
2010-08-22,,,,,,,366,31018.19,50,84.749153
2010-08-23,,,,,,,369,28426.11,50,77.03552845
2010-08-24,,,,,,,379,31843.91,50,84.02087071
2010-08-25,,,,,,,365,26711.1,50,73.18109589
2010-08-26,,,,,,,368,24747.79,50,67.24942934
2010-08-27,,,,,,,294,37247.3,50,126.6914966
2010-08-28,,,,,,,339,25129.51999,50,74.12837755
2010-08-29,,,,,,,260,16704.59,50,64.24842307
2010-08-30,,,,,,,329,21288.91,50,64.70793313
2010-08-31,,,,,,,441,49352.98,50,111.9115193
2010-09-01,,,,,,,380,36607.59,50,96.33576315
2010-09-02,,,,,,,321,42536.7,50,132.5130841
2010-09-03,,,,,,,319,38056.34,50,119.2988715
2010-09-04,,,,,,,274,39076.36,50,142.6144526
2010-09-05,,,,,,,311,145459.71,50,467.7161093
2010-09-06,,,,,,,278,83502.14,50,300.3674101
2010-09-07,,,,,,,282,26241.26,50,93.05411347
2010-09-08,,,,,,,339,25897.81,50,76.39471975
2010-09-09,,,,,,,324,40917.75,50,126.2893518
2010-09-10,,,,,,,360,23023.33,50,63.95369443
2010-09-11,,,,,,,305,18218.41,50,59.7324918
2010-09-12,,,,,,,379,27417.38,50,72.34137203
2010-09-13,,,,,,,436,125727.93,50,288.3668119
2010-09-14,,,,,,,424,40444.07441,50,95.38696793
2010-09-15,,,,,,,430,48363.5504,50,112.473373
2010-09-16,,,,,,,438,45533.51,50,103.9577854
2010-09-17,,,,,,,361,85698.13,50,237.3909418
2010-09-18,,,,,,,399,55472.58,50,139.0290226
2010-09-19,,,,,,,355,61581.2596,50,173.4683369
2010-09-20,,,,,,,465,51703.1,50,111.1894624
2010-09-21,,,,,,,810,36311.66,7.995,44.82920987
2010-09-22,,,,,,,673,53385.49,7.87,79.32465081
2010-09-23,,,,,,,655,138297.79,50,211.1416641
2010-09-24,,,,,,,501,30743.86,50,61.36499001
2010-09-25,,,,,,,532,40298.1,50,75.74830827
2010-09-26,,,,,,,400,32734.51,50,81.836275
2010-09-27,,,,,,,603,44823.01,50,74.33334991
2010-09-28,,,,,,,491,92276.65503,50,187.936161
2010-09-29,,,,,,,975,102221.76,100,104.8428308
2010-09-30,,,,,,,365,48915.03,50,134.0137808
2010-10-01,,,,,,,584,65983.38812,43.48388307,112.9852536
2010-10-02,,,,,,,501,368886.8478,16,736.3010933
2010-10-03,,,,,,,377,81855.03777,50,217.1221161
2010-10-04,,,,,,,407,563662.89,50,1384.921106
2010-10-05,,,,,,,371,200021.78,50,539.1422641
2010-10-06,,,,,,,407,130051.46,50,319.5367567
2010-10-07,,,,,,,340,135369.09,50,398.1443824
2010-10-08,,,,,,,363,160854.63,50,443.1257025
2010-10-09,,,,,,,401,193563.91,50,482.7030175
2010-10-10,,,,,,,363,127348.13,50,350.8212948
2010-10-11,,,,,,,342,62808.71,50,183.6511988
2010-10-12,,,,,,,352,85823.95,50,243.8180398
2010-10-13,,,,,,,364,123051.79,50,338.0543681
2010-10-14,,,,,,,367,188159.55,50,512.6963215
2010-10-15,,,,,,,328,155316.49,50,473.5258841
2010-10-16,,,,,,,441,211090.89,50,478.6641497
2010-10-17,,,,,,,457,121991.74,50,266.9403501
2010-10-18,,,,,,,579,229996.17,50,397.23
2010-10-19,,,,,,,924,278433.5,50,301.3349567
2010-10-20,,,,,,,713,212861.77,50,298.5438569
2010-10-21,,,,,,,552,195603.9878,50,354.3550503
2010-10-22,,,,,,,602,137128.13,50,227.7875914
2010-10-23,,,,,,,517,51895.33,50,100.3778143
2010-10-24,,,,,,,552,115044.39,50,208.41375
2010-10-25,,,,,,,410,160144.65,50,390.5967073
2010-10-26,,,,,,,518,193392.71,50,373.345
2010-10-27,,,,,,,568,212510.17,50,374.1376232
2010-10-28,,,,,,,486,198573.54,50,408.5875309
2010-10-29,,,,,,,467,97225.29,50,208.1911991
2010-10-30,,,,,,,426,71091.04,50,166.8803756
2010-10-31,,,,,,,307,73856.13,50,240.5737133
2010-11-01,,,,,,,351,51107.25,50,145.6047009
2010-11-02,,,,,,,286,71326.09,50,249.3919231
2010-11-03,,,,,,,347,66479.98,50,191.5849568
2010-11-04,,,,,,,342,166847.7811,50,487.859009
2010-11-05,,,,,,,442,52959.83,50,119.8186199
2010-11-06,,,,,,,394,137435.36,50,348.8207107
2010-11-07,,,,,,,451,101803.73,50,225.7288913
2010-11-08,,,,,,,515,513192.62,50,996.4905243
2010-11-09,,,,,,,409,62617.22,50,153.0983374
2010-11-10,,,,,,,397,68695.56,50,173.0366751
2010-11-11,,,,,,,395,52568.51,50,133.0848354
2010-11-12,,,,,,,286,42139.8,50,147.341958
2010-11-13,,,,,,,343,49255.96,50,143.6033819
2010-11-14,,,,,,,415,48164.88,50,116.0599518
2010-11-15,,,,,,,4871,271987.71,30.99,55.8381667
2010-11-16,,,,,,,9105,387881.26,50,42.60090719
2010-11-17,,,,,,,435,74432.52,50,171.1092414
2010-11-18,,,,,,,1494,72348.46109,0.06,48.42601143
2010-11-19,,,,,,,9632,61898.82,0.01,6.4263725
2010-11-20,,,,,,,9731,164900.26,0.01,16.9458699
2010-11-21,,,,,,,10044,133036,0.01,13.24532058
2010-11-22,,,,,,,343,39553.35,50,115.3158892
2010-11-23,,,,,,,341,49632.13,50,145.5487683
2010-11-24,,,,,,,3936,47459.08,0.01,12.05769308
2010-11-25,,,,,,,4983,59652.19,0.3,11.97113987
2010-11-26,,,,,,,1314,98806.2,13.645,75.19497716
2010-11-27,,,,,,,445,33279.86,50,74.78620224
2010-11-28,,,,,,,454,32883.6,37.205,72.430837
2010-11-29,,,,,,,454,45139.88,50,99.42704845
2010-11-30,,,,,,,454,69850.9,50,153.8566079
2010-12-01,,,,,,,512,64444.66,50,125.8684766
2010-12-02,,,,,,,460,70654.45,50,153.5966304
2010-12-03,,,,,,,384,37032.74,50,96.43942708
2010-12-04,,,,,,,418,76656.77198,50,183.3894066
2010-12-05,,,,,,,434,33376.79,50,76.90504608
2010-12-06,,,,,,,465,108080.0461,50,232.4302067
2010-12-07,,,,,,,573,98801.29434,50,172.4280879
2010-12-08,,,,,,,523,41547.31529,50,79.44037339
2010-12-09,,,,,,,486,53642.58727,50,110.375694
2010-12-10,,,,,,,373,33992.31,50,91.13219839
2010-12-11,,,,,,,550,88522.04703,50,160.9491764
2010-12-12,,,,,,,643,56341.07645,15.99,87.62220287
2010-12-13,,,,,,,646,185748.5597,50,287.5364702
2010-12-14,,,,,,,653,124866.3415,50,191.2195123
2010-12-15,,,,,,,642,122778.5149,50,191.2437926
2010-12-16,,,,,,,531,93390.50357,50,175.8766546
2010-12-17,,,,,,,462,71388.90119,50,154.5214311
2010-12-18,,,,,,,499,91230.61674,50,182.8268873
2010-12-19,,,,,,,551,107220.9869,50,194.5934427
2010-12-20,,,,,,,932,91079.747,21.605,97.72505043
2010-12-21,,,,,,,629,111354.8296,50,177.0347052
2010-12-22,,,,,,,660,90623.30952,50,137.3080447
2010-12-23,,,,,,,519,70159.65,50,135.1823699
2010-12-24,,,,,,,531,67806.30748,50,127.6954943
2010-12-25,,,,,,,634,120997.1074,50,190.8471726
2010-12-26,,,,,,,584,77289.93581,50,132.3457805
2010-12-27,,,,,,,526,99819.17496,50,189.7702946
2010-12-28,,,,,,,661,65070.79396,50,98.44295606
2010-12-29,,,,,,,513,119098.5826,50,232.1609797
2010-12-30,,,,,,,593,73050.61239,50,123.1882165
2010-12-31,,,,,,,555,67516.47335,50,121.6513033
2011-01-01,,,,,,,659,64296.12915,50,97.56620508
2011-01-02,,,,,,,569,55313.98267,50,97.21262331
2011-01-03,,,,,,,1128,75404.52459,0.91,66.84798279
2011-01-04,,,,,,,979,47239.41684,4.34638641,48.25272404
2011-01-05,,,,,,,1310,57126.41934,2.305,43.60795369
2011-01-06,,,,,,,694,39034.41227,20.095,56.24555082
2011-01-07,,,,,,,1020,64748.23689,24.995,63.47866362
2011-01-08,,,,,,,1436,67476.99,8.465,46.98954735
2011-01-09,,,,,,,1223,46433.19469,14.37,37.96663507
2011-01-10,,,,,,,1312,90249.67856,5.445,68.78786475
2011-01-11,,,,,,,1362,112912.8277,13.015,82.90222296
2011-01-12,,,,,,,1162,67528.74202,19.01,58.11423581
2011-01-13,,,,,,,1266,129371.1336,24.4,102.1888891
2011-01-14,,,,,,,1262,94314.97653,21.465,74.73452974
2011-01-15,,,,,,,962,64901.40237,47.395,67.46507522
2011-01-16,,,,,,,931,73530.1164,46.65,78.97971686
2011-01-17,,,,,,,830,67407.33471,48.51,81.21365627
2011-01-18,,,,,,,818,111932.7309,39.475,136.8370794
2011-01-19,,,,,,,917,68255.26371,43.89,74.43322105
2011-01-20,,,,,,,924,61452.84684,40.135,66.50740999
2011-01-21,,,,,,,1166,69676.78496,25.5,59.75710545
2011-01-22,,,,,,,1422,77926.62632,7.1,54.80072174
2011-01-23,,,,,,,1081,88619.42091,40.21,81.97911277
2011-01-24,,,,,,,1319,78182.76788,30.37,59.27427435
2011-01-25,,,,,,,889,62414.47307,46.38,70.20750626
2011-01-26,,,,,,,1005,74679.76,46.66,74.3082189
2011-01-27,,,,,,,841,1043207.839,48.15,1240.437383
2011-01-28,,,,,,,1081,53940.26,39.63,49.89848288
2011-01-29,,,,,,,1347,75666.96196,25,56.17443352
2011-01-30,,,,,,,2592,398195.3587,230.375,153.6247526
2011-01-31,,,,,,,1393,197757.5798,50,141.9652404
2011-02-01,,,,,,,1013,129406.3419,49.41,127.7456485
2011-02-02,,,,,,,896,121721.311,47.115,135.8496775
2011-02-03,,,,,,,789,73734.07801,47.05,93.45257035
2011-02-04,,,,,,,954,62850.19469,47.715,65.88070721
2011-02-05,,,,,,,832,78570.55206,48.435,94.43575968
2011-02-06,,,,,,,909,86672.50152,47.69,95.3492866
2011-02-07,,,,,,,892,164918.1963,48.475,184.8858703
2011-02-08,,,,,,,846,75078.9846,48.37,88.74584468
2011-02-09,,,,,,,1227,137787.1548,47.29,112.2959697
2011-02-10,,,,,,,2034,226594.8124,49.885,111.4035459
2011-02-11,,,,,,,2355,261210.7697,75.23,110.9175243
2011-02-12,,,,,,,1912,141510.4062,50,74.0117187
2011-02-13,,,,,,,1822,114122.5582,43.505,62.63587166
2011-02-14,,,,,,,2006,139976.3414,29.45,69.77883418
2011-02-15,,,,,,,2224,103052.364,25.295,46.33649458
2011-02-16,,,,,,,2090,73041.48015,26.565,34.94807662
2011-02-17,,,,,,,2250,105184.8551,25.925,46.74882449
2011-02-18,,,,,,,2056,129034.0237,20.555,62.75973914
2011-02-19,,,,,,,1583,185495.99,49.21,117.1800316
2011-02-20,,,,,,,1939,225704.05,48.2,116.402295
2011-02-21,,,,,,,1970,238990.28,50,121.3148629
2011-02-22,,,,,,,2196,357949.3255,50,163.0006036
2011-02-23,,,,,,,2263,371700.0179,50,164.2510021
2011-02-24,,,,,,,2109,229509.5377,50,108.823868
2011-02-25,,,,,,,2060,186897.1792,50,90.72678599
2011-02-26,,,,,,,1952,178786.8805,50,91.5916396
2011-02-27,,,,,,,2269,201934.5286,36.5,88.99714788
2011-02-28,,,,,,,1720,132383.5079,34.815,76.96715572
2011-03-01,,,,,,,2729,1039803.442,15.83,381.0199496
2011-03-02,,,,,,,2009,2444314.861,16.72,1216.68236
2011-03-03,,,,,,,3204,238003.5586,17.02375,74.28325798
2011-03-04,,,,,,,1982,313547.4965,16.24,158.197526
2011-03-05,,,,,,,2048,142056.747,46.445,69.363646
2011-03-06,,,,,,,2031,196699.2753,46.1,96.84848611
2011-03-07,,,,,,,1926,217748.8867,30.29,113.0575736
2011-03-08,,,,,,,2440,195532.3594,29.865,80.13621288
2011-03-09,,,,,,,1834,252553.8028,46.655,137.7065446
2011-03-10,,,,,,,1661,344107.4064,25,207.1688178
2011-03-11,,,,,,,1884,254152.8103,24.435,134.9006424
2011-03-12,,,,,,,2956,163502.2766,1.01,55.31200157
2011-03-13,,,,,,,2711,211014.4266,1.34,77.83638013
2011-03-14,,,,,,,2643,213250.1643,0.05,80.68489001
2011-03-15,,,,,,,2854,127120.4966,2.175,44.5411691
2011-03-16,,,,,,,3183,160549.7218,0.05,50.43974923
2011-03-17,,,,,,,3367,167574.4568,0.33,49.76966343
2011-03-18,,,,,,,2371,176714.0442,13.71,74.53143999
2011-03-19,,,,,,,3189,124917.9678,1.09,39.17151702
2011-03-20,,,,,,,4076,145785.0996,10.725,35.76670746
2011-03-21,,,,,,,5855,158865.7972,0.01,27.13335562
2011-03-22,,,,,,,2238,210650.7993,41.235,94.1245752
2011-03-23,,,,,,,4570,262405.7836,24.775,57.41920865
2011-03-24,,,,,,,2164,259392.1679,30.16,119.8669907
2011-03-25,,,,,,,1999,293846.9906,39.09,146.9969938
2011-03-26,,,,,,,3335,326133.1193,19.99,97.79104027
2011-03-27,,,,,,,2463,152316.6123,10.42,61.84190509
2011-03-28,,,,,,,2931,143904.2025,19.34,49.09730551
2011-03-29,,,,,,,2718,118250.8712,9.485,43.50657513
2011-03-30,,,,,,,1756,129980.5254,23.495,74.02080035
2011-03-31,,,,,,,2095,147257.223,27.43,70.2898439
2011-04-01,,,,,,,1579,87360.50827,29.76,55.32647768
2011-04-02,,,,,,,1772,104015.4747,22.895,58.69947783
2011-04-03,,,,,,,1805,90157.91813,27.26,49.94898511
2011-04-04,,,,,,,2309,152885.2549,40.71,66.21275654
2011-04-05,,,,,,,2119,129618.835,29.29,61.16981358
2011-04-06,,,,,,,1864,93418.1983,19.12,50.11705917
2011-04-07,,,,,,,1677,117972.6552,24.59,70.34743897
2011-04-08,,,,,,,1767,136261.7461,26.7,77.11474026
2011-04-09,,,,,,,1733,149397.0801,25,86.20720144
2011-04-10,,,,,,,1744,93657.95869,17.67,53.70295796
2011-04-11,,,,,,,1943,95112.65255,20,48.95144238
2011-04-12,,,,,,,2077,146482.5866,27.06,70.52604071
2011-04-13,,,,,,,2371,187689.2439,20,79.16037278
2011-04-14,,,,,,,2881,153831.9802,11.49,53.39534195
2011-04-15,,,,,,,2018,107885.9693,25.995,53.4618282
2011-04-16,,,,,,,2154,352374.0212,31.315,163.5905391
2011-04-17,,,,,,,2257,1309286.842,16.96,580.1005059
2011-04-18,,,,,,,3035,135779.0472,5.82,44.73774208
2011-04-19,,,,,,,3598,2656606.524,29.63,738.3564548
2011-04-20,,,,,,,2969,4794062.397,25.32,1614.706095
2011-04-21,,,,,,,1915,439075.7517,23.53345,229.2823769
2011-04-22,,,,,,,2097,166548.2442,20.49,79.42214794
2011-04-23,,,,,,,2310,174675.3362,20.97,75.61702866
2011-04-24,,,,,,,2273,109732.8223,14.15,48.27664861
2011-04-25,,,,,,,2592,107530.161,21.64,41.48540163
2011-04-26,,,,,,,3455,187985.8879,29.27,54.40980836
2011-04-27,,,,,,,4580,256709.1283,20.56,56.050028
2011-04-28,,,,,,,3035,156965.0043,14.45,51.71828806
2011-04-29,,,,,,,3534,786624.1106,23.615,222.5874676
2011-04-30,,,,,,,4473,413703.6961,14.98,92.48908921
2011-05-01,,,,,,,3949,171302.6851,11.54,43.37875033
2011-05-02,,,,,,,3095,129386.3165,19.9,41.80494878
2011-05-03,,,,,,,2935,197749.1176,25.48,67.37618997
2011-05-04,,,,,,,2800,289688.6635,31.05,103.460237
2011-05-05,,,,,,,3464,169843.6085,23.27,49.03106479
2011-05-06,,,,,,,3290,291739.9731,20.845,88.67476387
2011-05-07,,,,,,,3887,232716.118,17,59.87036739
2011-05-08,,,,,,,2898,540879.7365,13.485,186.6389705
2011-05-09,,,,,,,3516,164613.6181,17.57507023,46.81843517
2011-05-10,,,,,,,3151,576795.9692,20.01000649,183.0517198
2011-05-11,,,,,,,3090,185790.7406,21.48555753,60.12645328
2011-05-12,,,,,,,3361,216345.3475,13.23,64.36933874
2011-05-13,,,,,,,4064,463129.3321,13,113.9589892
2011-05-14,,,,,,,4414,1799447.188,13.825,407.6681442
2011-05-15,,,,,,,3770,322659.0598,18.475,85.5859575
2011-05-16,,,,,,,4349,290500.486,18.29,66.79707655
2011-05-17,,,,,,,4464,226691.361,18.075,50.78211492
2011-05-18,,,,,,,5581,195399.7848,14,35.0116081
2011-05-19,,,,,,,4663,190120.0813,12.89,40.7720526
2011-05-20,,,,,,,4795,356391.4212,27.5,74.32563527
2011-05-21,,,,,,,4964,664953.826,34.82,133.955243
2011-05-22,,,,,,,5282,891263.9276,24.04,168.7360711
2011-05-23,,,,,,,5745,472545.0481,18.51,82.25327207
2011-05-24,,,,,,,5865,369324.0829,22.4405,62.97085813
2011-05-25,,,,,,,6258,397095.2558,20.881,63.45401978
2011-05-26,,,,,,,6967,427705.1406,20.33,61.39014505
2011-05-27,,,,,,,4853,544637.8603,19.83415251,112.2270472
2011-05-28,,,,,,,5013,232708.3718,19.86001,46.4209798
2011-05-29,,,,,,,4753,274981.8986,21.734,57.8543864
2011-05-30,,,,,,,5337,276895.0295,20.56,51.88214904
2011-05-31,,,,,,,6063,287589.0432,17.941,47.43345591
2011-06-01,,,,,,,6540,280980.7902,19.47675,42.96342357
2011-06-02,,,,,,,7136,363323.8071,17.06656931,50.91421063
2011-06-03,,,,,,,8441,622221.2662,19.34585515,73.71416493
2011-06-04,,,,,,,8811,487408.4864,20,55.31818027
2011-06-05,,,,,,,8592,563975.8718,23.13770644,65.63964988
2011-06-06,,,,,,,9703,839081.6891,19.47294327,86.4765216
2011-06-07,,,,,,,9002,534304.4433,20.945,59.35397059
2011-06-08,,,,,,,11815,796871.8115,17.29,67.44577329
2011-06-09,,,,,,,12176,782534.5141,18.91,64.26860332
2011-06-10,,,,,,,11269,932800.6231,21.75010132,82.77581179
2011-06-11,,,,,,,10897,1487953.906,33.27,136.5471145
2011-06-12,,,,,,,12440,1840113.992,24.30525,147.9191312
2011-06-13,,,,,,,11246,1278971.567,24.51,113.7267977
2011-06-14,,,,,,,14158,1548939.846,28.82681651,109.4038597
2011-06-15,,,,,,,12605,4242648.185,24.15210731,336.5845446
2011-06-16,,,,,,,12746,8770518.675,29.6477495,688.0996921
2011-06-17,,,,,,,11296,1576402.728,20.03975,139.5540659
2011-06-18,,,,,,,11563,1267219.996,13.00775,109.5926659
2011-06-19,,,,,,,11472,4573895.551,21.45911565,398.7007977
2011-06-20,,,,,,,11225,1343736.111,22.80822961,119.7092303
2011-06-21,,,,,,,9704,3323655.728,18.20615688,342.5036818
2011-06-22,,,,,,,11519,1335096.936,20.44175,115.9038923
2011-06-23,,,,,,,10418,1634874.812,17.40275,156.9278952
2011-06-24,,,,,,,10922,4785653.124,21.8613,438.1663728
2011-06-25,,,,,,,9693,10725139.38,14.2238258,1106.482965
2011-06-26,,,,,,,9985,4051611.75,14.62091799,405.7698297
2011-06-27,,,,,,,11751,1877979.91,10.97918167,159.8144762
2011-06-28,,,,,,,10719,6871645.449,13.44822077,641.0715038
2011-06-29,,,,,,,10002,2785233.323,16.83070879,278.4676387
2011-06-30,,,,,,,9636,1506367.728,17.372,156.3270785
2011-07-01,,,,,,,10603,1117797.922,9.41775,105.4227975
2011-07-02,,,,,,,8018,874963.5932,19.72125,109.1249181
2011-07-03,,,,,,,8364,578519.6251,14.19355,69.16781744
2011-07-04,,,,,,,9604,1363358.311,15.90299557,141.9573418
2011-07-05,,,,,,,8965,414570.2644,16.57414713,46.24319736
2011-07-06,,,,,,,10519,576694.7147,12.465,54.82410064
2011-07-07,,,,,,,9180,472235.1569,13.23971264,51.44173822
2011-07-08,,,,,,,8528,313015.0967,12.60379871,36.70439689
2011-07-09,,,,,,,7851,2083212.751,15,265.3436187
2011-07-10,,,,,,,8392,2432216.551,14.25,289.8256138
2011-07-11,,,,,,,10523,1014394.213,11.06425,96.39781552
2011-07-12,,,,,,,8147,1074465.264,13.13,131.8847753
2011-07-13,,,,,,,9193,1435918.574,14.61912179,156.1969513
2011-07-14,,,,,,,8716,1931402.227,13.97532198,221.5927291
2011-07-15,,,,,,,7998,604955.4271,16.94680487,75.63833796
2011-07-16,,,,,,,8876,1255893.352,11.55103758,141.4931672
2011-07-17,,,,,,,8379,571072.1805,12.7979209,68.15517131
2011-07-18,,,,,,,8976,3310046.721,18.35972475,368.7663459
2011-07-19,,,,,,,9185,2741633.678,15.48579269,298.4903297
2011-07-20,,,,,,,8863,550679.8922,14.88125,62.13244863
2011-07-21,,,,,,,8163,1340310.038,14.91,164.1933159
2011-07-22,,,,,,,8991,1559055.167,15.72255893,173.4017537
2011-07-23,,,,,,,7415,611320.3536,16.3295,82.44374289
2011-07-24,,,,,,,8219,549874.0948,15.81460118,66.90279776
2011-07-25,,,,,,,9485,1442003.589,15.368,152.0298987
2011-07-26,,,,,,,8370,1188491.087,16.187,141.9941562
2011-07-27,,,,,,,7995,1276712.789,21.9435,159.6889042
2011-07-28,,,,,,,8119,3400297.351,25.87,418.8074087
2011-07-29,,,,,,,7315,697742.7524,16.91874982,95.38520196
2011-07-30,,,,,,,6209,332213.2634,21.4455904,53.50511569
2011-07-31,,,,,,,8099,603028.0191,16.7195,74.45709582
2011-08-01,,,,,,,8195,549068.1,18.002,67.00037827
2011-08-02,,,,,,,8817,405232.6472,14.32311621,45.96037735
2011-08-03,,,,,,,7737,415841.6822,21.29689,53.74714775
2011-08-04,,,,,,,8307,325246.9561,11.60119799,39.15335934
2011-08-05,,,,,,,7360,500904.0565,15.00012311,68.05761637
2011-08-06,,,,,,,6834,385468.1023,15.27261328,56.40446331
2011-08-07,,,,,,,6710,370766.7092,18.20433533,55.25584339
2011-08-08,,,,,,,7267,1044626.762,18.99809326,143.7493823
2011-08-09,,,,,,,9219,2488023.756,15,269.8800039
2011-08-10,,,,,,,8335,1148112.956,14.98310983,137.7460055
2011-08-11,,,,,,,7596,491162.6132,14.14652129,64.66069156
2011-08-12,,,,,,,7165,345156.3348,14.61284537,48.17255195
2011-08-13,,,,,,,7398,310575.9966,10.55548058,41.98107551
2011-08-14,,,,,,,7471,455081.4689,12.6746,60.91305967
2011-08-15,,,,,,,8379,339976.1576,7.51902058,40.57478906
2011-08-16,,,,,,,9640,368317.9419,6.975,38.20725538
2011-08-17,,,,,,,7722,329856.92,11.52434896,42.71651385
2011-08-18,,,,,,,7415,407482.6831,13.363,54.95383453
2011-08-19,,,,,,,7614,562663.5701,11.5995,73.89855136
2011-08-20,,,,,,,7191,232221.7486,13.42387097,32.29338737
2011-08-21,,,,,,,7667,250898.2681,10.97,32.72443825
2011-08-22,,,,,,,7815,281690.9114,15.3605,36.04490229
2011-08-23,,,,,,,7277,447471.4266,15.5,61.49119507
2011-08-24,,,,,,,7367,566392.5134,14.04452458,76.8823827
2011-08-25,,,,,,,7241,380374.5867,14.799,52.53067072
2011-08-26,,,,,,,7421,285006.6564,17.5,38.40542465
2011-08-27,,,,,,,6361,2711595.262,18.91620479,426.2844304
2011-08-28,,,,,,,5589,189234.7951,16.9312893,33.85843534
2011-08-29,,,,,,,8094,244084.5883,10.67566152,30.15623774
2011-08-30,,,,,,,7804,244186.9037,14.1102529,31.28996715
2011-08-31,,,,,,,7292,271912.1193,19.70917727,37.28910029
2011-09-01,,,,,,,7203,335267.9316,18.4605,46.5455965
2011-09-02,,,,,,,7026,261134.6914,17.85681749,37.1669074
2011-09-03,,,,,,,5925,231609.6716,20.007,39.09023993
2011-09-04,,,,,,,7258,1745298.413,12.30102461,240.4654743
2011-09-05,,,,,,,7039,2273546.533,20.00993057,322.9928304
2011-09-06,,,,,,,7830,3155558.041,26.70247313,403.0086897
2011-09-07,,,,,,,7090,636171.356,16.01614,89.72797687
2011-09-08,,,,,,,6497,394870.5484,16.52442264,60.77736622
2011-09-09,,,,,,,7376,408168.7754,20.32804009,55.33741531
2011-09-10,,,,,,,5993,271813.2532,18.15674025,45.35512317
2011-09-11,,,,,,,6443,1019854.454,15.7,158.2887559
2011-09-12,,,,,,,6575,627477.154,17.0248,95.43378767
2011-09-13,,,,,,,6519,358543.6121,19.81,54.9997871
2011-09-14,,,,,,,6200,302619.0245,23.24962185,48.80952008
2011-09-15,,,,,,,6474,299226.1306,21.28186073,46.219668
2011-09-16,,,,,,,6209,674606.8613,21.40050838,108.6498408
2011-09-17,,,,,,,5454,354198.9458,22.65011073,64.94296768
2011-09-18,,,,,,,5986,298884.6841,20.77171993,49.93061878
2011-09-19,,,,,,,6653,334755.3346,13.85234007,50.3164489
2011-09-20,,,,,,,8145,353525.56,7.58886351,43.40399754
2011-09-21,,,,,,,7684,395955.031,10.5105005,51.52980622
2011-09-22,,,,,,,6139,311078.8271,16.0100493,50.67255695
2011-09-23,,,,,,,6328,345135.8795,23.58686275,54.54106818
2011-09-24,,,,,,,5728,232089.6192,22.11128976,40.51843911
2011-09-25,,,,,,,5722,296179.7223,15.6109416,51.76157327
2011-09-26,,,,,,,5639,285184.6116,17.3062,50.5736144
2011-09-27,,,,,,,6101,430127.0496,20.89029729,70.50107353
2011-09-28,,,,,,,6017,357739.1789,16.1205,59.45474138
2011-09-29,,,,,,,5589,333784.4906,21.7881682,59.72168376
2011-09-30,,,,,,,5865,292434.2118,20.31903908,49.86090568
2011-10-01,,,,,,,5374,419136.9343,20.00013122,77.99347493
2011-10-02,,,,,,,5035,322246.9086,21.97670084,64.00137212
2011-10-03,,,,,,,6521,408665.9201,15.470061,62.66921026
2011-10-04,,,,,,,5809,419368.9963,23.19235188,72.19297577
2011-10-05,,,,,,,5771,407553.1822,23.8995,70.6208945
2011-10-06,,,,,,,5912,535348.9596,21.656094,90.55293633
2011-10-07,,,,,,,5674,382974.5855,26.42263844,67.49640209
2011-10-08,,,,,,,5402,283462.4039,22.34807768,52.47360309
2011-10-09,,,,,,,5457,304072.6116,22.15237358,55.72157075
2011-10-10,,,,,,,5882,317196.0916,18.24736944,53.92657117
2011-10-11,,,,,,,5930,333061.8957,15.02674764,56.16558106
2011-10-12,,,,,,,5949,321810.743,19.1638347,54.09493075
2011-10-13,,,,,,,4984,304776.0707,16.62550405,61.15089701
2011-10-14,,,,,,,6111,277350.76,21.81282466,45.38549501
2011-10-15,,,,,,,5579,383042.9022,20.73006362,68.65798569
2011-10-16,,,,,,,4981,261317.3269,21.999,52.4628241
2011-10-17,,,,,,,5781,486050.8165,20.54925863,84.07729052
2011-10-18,,,,,,,4863,343805.5474,21.22893282,70.69824128
2011-10-19,,,,,,,5130,308497.9508,19.40109658,60.13605279
2011-10-20,,,,,,,4649,298476.8963,20.45373315,64.20238682
2011-10-21,,,,,,,5206,567714.1008,21.72186249,109.0499617
2011-10-22,,,,,,,5114,566544.4769,23.0650028,110.783042
2011-10-23,,,,,,,5608,570977.9626,20.06842897,101.8149006
2011-10-24,,,,,,,5934,369953.8451,23.40116613,62.34476661
2011-10-25,,,,,,,5226,381484.7423,20.79932812,72.99746312
2011-10-26,,,,,,,5272,429847.4924,18.34096219,81.53404635
2011-10-27,,,,,,,4677,508366.1253,19.86008834,108.6949167
2011-10-28,,,,,,,5118,453279.8958,20.73954121,88.56582567
2011-10-29,,,,,,,5596,439568.9775,20.7294016,78.55056782
2011-10-30,,,,,,,4980,212642.7801,16.86190689,42.69935344
2011-10-31,,,,,,,5182,389442.423,15.50592047,75.15291837
2011-11-01,,,,,,,5777,539837.8183,20.0125,93.44604782
2011-11-02,,,,,,,5991,409010.2871,20.9478,68.27078735
2011-11-03,,,,,,,6253,355587.8559,18.9,56.86676089
2011-11-04,,,,,,,6540,400492.8248,20.25623221,61.23743498
2011-11-05,,,,,,,5928,291981.049,20.3789785,49.25456291
2011-11-06,,,,,,,5034,229666.8945,21.39344583,45.62314153
2011-11-07,,,,,,,5496,269280.2995,21.01385285,48.99568767
2011-11-08,,,,,,,5994,1120622.474,21.86017554,186.9573697
2011-11-09,,,,,,,6448,979476.5742,18.379629,151.9039352
2011-11-10,,,,,,,6541,361640.3755,16.6103678,55.28823964
2011-11-11,,,,,,,5093,305410.1077,20.9,59.96664199
2011-11-12,,,,,,,5127,267113.9905,23.38230612,52.09947152
2011-11-13,,,,,,,5374,250028.4811,15.83151333,46.52558264
2011-11-14,,,,,,,5908,357027.2283,20.98445917,60.43114899
2011-11-15,,,,,,,6106,360426.9319,22.38416495,59.02832164
2011-11-16,,,,,,,6048,2032325.795,21.78210423,336.0327041
2011-11-17,,,,,,,4959,3280853.366,30,661.5957584
2011-11-18,,,,,,,5169,5073381.67,21.51920807,981.5015805
2011-11-19,,,,,,,4724,4126706.468,22.871305,873.561911
2011-11-20,,,,,,,5125,1540434.703,21.5805,300.5726249
2011-11-21,,,,,,,4770,1695823.212,23.009833,355.518493
2011-11-22,,,,,,,5491,3594803.509,21.5305,654.6719193
2011-11-23,,,,,,,5598,1569836.875,17.61082473,280.4281663
2011-11-24,,,,,,,5018,1517074.787,18.9569755,302.3265817
2011-11-25,,,,,,,5486,1088524.813,20,198.4186681
2011-11-26,,,,,,,4752,1603286.108,23.28850204,337.3918577
2011-11-27,,,,,,,5061,1800608.234,19.4196962,355.7811171
2011-11-28,,,,,,,5930,4013831.088,17.59659141,676.8686488
2011-11-29,,,,,,,6414,3946499.913,13.60160717,615.2946543
2011-11-30,,,,,,,6857,6587398.326,17.4985,960.6822701
2011-12-01,,,,,,,6352,2124335.455,17.43656505,334.4356825
2011-12-02,,,,,,,6318,5491730.465,18.13524451,869.2197634
2011-12-03,,,,,,,5631,3502240.425,18.36826348,621.9570991
2011-12-04,,,,,,,5385,2950081.794,15.77863726,547.8332022
2011-12-05,,,,,,,6237,2968213.927,13.11,475.9041089
2011-12-06,,,,,,,7978,6903856.501,8.1485,865.3618075
2011-12-07,,,,,,,6135,5610246.426,17.7599,914.465595
2011-12-08,,,,,,,5820,4592747.969,19,789.1319535
2011-12-09,,,,,,,5588,2014674.792,21.4966963,360.5359328
2011-12-10,,,,,,,5678,1129167.931,26.01275,198.8671946
2011-12-11,,,,,,,5261,869506.6727,20.8943,165.2740302
2011-12-12,,,,,,,4862,741515.0925,21.07242396,152.5123596
2011-12-13,,,,,,,5406,354438.0559,18.66444,65.56382831
2011-12-14,,,,,,,5692,435169.1298,22.5412163,76.45276349
2011-12-15,,,,,,,4850,453661.7172,21.17650042,93.53849838
2011-12-16,,,,,,,5164,484145.1241,21.9587505,93.75389699
2011-12-17,,,,,,,4993,364439.8826,19.09918685,72.99016274
2011-12-18,,,,,,,4632,332854.3519,17.29715,71.85974781
2011-12-19,,,,,,,5844,485365.3382,20,83.05361708
2011-12-20,,,,,,,6295,532264.0865,20.90144366,84.55346885
2011-12-21,,,,,,,5577,579749.0094,18.54540927,103.9535609
2011-12-22,,,,,,,5859,438479.1697,18.10013223,74.83856796
2011-12-23,,,,,,,5682,271718.3963,13.67745938,47.82090747
2011-12-24,,,,,,,4658,314191.0937,15.3516,67.4519308
2011-12-25,,,,,,,5286,306629.2871,15.41618133,58.00781064
2011-12-26,,,,,,,5641,704726.364,16.28,124.9293324
2011-12-27,,,,,,,5211,674356.1436,15,129.4101216
2011-12-28,,,,,,,5000,283396.8263,19.61976773,56.67936525
2011-12-29,,,,,,,5212,509028.1822,16.40295866,97.66465505
2011-12-30,,,,,,,5051,285359.0462,17.73485,56.49555457
2011-12-31,,,,,,,5137,270535.6063,16.98,52.66412425
2012-01-01,,,,,,,5001,347503.7461,17.21035924,69.48685184
2012-01-02,,,,,,,5410,262630.4326,13.59249422,48.54536647
2012-01-03,,,,,,,5773,270742.972,14.813,46.89814168
2012-01-04,,,,,,,5731,400594.0259,16.2345,69.89949849
2012-01-05,,,,,,,6994,690507.1631,15,98.72850487
2012-01-06,,,,,,,6644,612913.5521,18.78424218,92.25068514
2012-01-07,,,,,,,5905,319299.8647,17.3235,54.07279673
2012-01-08,,,,,,,6404,358241.7547,15.29932558,55.94031148
2012-01-09,,,,,,,6112,449033.5845,15.33969066,73.46753673
2012-01-10,,,,,,,6677,393176.491,11.9488,58.88520158
2012-01-11,,,,,,,7139,392406.172,11.9225826,54.96654601
2012-01-12,,,,,,,6696,363660.1583,11.4647603,54.31005947
2012-01-13,,,,,,,6847,410308.256,11.9895,59.92526012
2012-01-14,,,,,,,6807,345430.7786,11.90255352,50.74640496
2012-01-15,,,,,,,6312,275751.5701,10,43.68687738
2012-01-16,,,,,,,6974,436695.3789,10.95,62.61763391
2012-01-17,,,,,,,6752,442201.4171,13.41200489,65.49191604
2012-01-18,,,,,,,6647,377649.7613,17.2522,56.81506865
2012-01-19,,,,,,,6902,403258.4784,15.7834917,58.42632257
2012-01-20,,,,,,,6780,364501.0972,14.63000388,53.76122378
2012-01-21,,,,,,,6366,307330.2574,16.44131585,48.27682334
2012-01-22,,,,,,,5325,276740.4402,16.347,51.97003571
2012-01-23,,,,,,,6100,289067.1572,15.33025,47.38805856
2012-01-24,,,,,,,7268,384665.6377,13.14308376,52.92592704
2012-01-25,,,,,,,7961,422796.0505,12.78953071,53.10840981
2012-01-26,,,,,,,6598,421377.3322,14.27978246,63.86440317
2012-01-27,,,,,,,6337,360852.3027,14.37578721,56.94371196
2012-01-28,,,,,,,5910,254713.2648,14.05873423,43.09869116
2012-01-29,,,,,,,6426,351192.8499,11.48575,54.65185962
2012-01-30,,,,,,,6153,333595.6782,20.00285826,54.21675251
2012-01-31,,,,,,,6925,345237.7077,17.5,49.8538206
2012-02-01,,,,,,,6502,435407.6148,15.34966497,66.96518221
2012-02-02,,,,,,,7164,376869.1726,12.8585898,52.60597048
2012-02-03,,,,,,,7050,385849.423,17.83725,54.7304146
2012-02-04,,,,,,,7237,366071.348,14,50.58330082
2012-02-05,,,,,,,6774,346103.094,13.4618636,51.0928689
2012-02-06,,,,,,,6136,324839.7678,14.0052774,52.93998822
2012-02-07,,,,,,,7012,321202.6706,12.55952849,45.80756853
2012-02-08,,,,,,,7024,309649.2248,13.67251417,44.08445683
2012-02-09,,,,,,,7488,276583.0172,10.22414674,36.93683456
2012-02-10,,,,,,,8456,323286.8601,7.36727101,38.23165328
2012-02-11,,,,,,,7679,458101.2121,9.19846,59.65636307
2012-02-12,,,,,,,7030,326236.931,11.36025,46.40639131
2012-02-13,,,,,,,7992,428908.0905,10.95975,53.66717848
2012-02-14,,,,,,,9489,1352875.865,9.5387215,142.5730704
2012-02-15,,,,,,,9337,1344784.086,5.88796,144.027427
2012-02-16,,,,,,,9537,1606238.081,5.81329089,168.4217344
2012-02-17,,,,,,,6778,980044.443,18.47685739,144.5919804
2012-02-18,,,,,,,6516,705524.7506,16.8411825,108.2757444
2012-02-19,,,,,,,5958,396081.7027,13.86395279,66.4789699
2012-02-20,,,,,,,6339,436470.0407,12.0855,68.85471537
2012-02-21,,,,,,,6420,394178.9914,15.66869298,61.39859679
2012-02-22,,,,,,,7194,787405.7135,17.14348094,109.4531156
2012-02-23,,,,,,,8014,692032.4885,11.3539,86.35294341
2012-02-24,,,,,,,6930,582589.0271,15.44451573,84.06768068
2012-02-25,,,,,,,6306,422153.7952,18.1082505,66.94478198
2012-02-26,,,,,,,5821,347126.3854,16.898,59.63346253
2012-02-27,,,,,,,6735,377087.2734,14.7177045,55.98920169
2012-02-28,,,,,,,6725,378837.633,16.898,56.33273352
2012-02-29,,,,,,,6719,338421.948,15.69,50.36790415
2012-03-01,,,,,,,6811,665437.8012,16.50998216,97.70045532
2012-03-02,,,,,,,7645,566902.2281,15.38379224,74.15333265
2012-03-03,,,,,,,5187,386748.7411,15.86480961,74.5611608
2012-03-04,,,,,,,6591,685564.112,15.07256295,104.0151892
2012-03-05,,,,,,,6979,381113.997,13.50120381,54.60868276
2012-03-06,,,,,,,6368,362054.0944,14.11448052,56.85522838
2012-03-07,,,,,,,6635,381751.5994,16.0515001,57.53603608
2012-03-08,,,,,,,6637,528367.6359,15.88295555,79.60940725
2012-03-09,,,,,,,6502,598061.396,16.47333763,91.98114364
2012-03-10,,,,,,,5370,392855.665,14.99999997,73.15747952
2012-03-11,,,,,,,5223,431371.2054,14.212,82.59069603
2012-03-12,,,,,,,6141,606233.9746,18.0746,98.71909698
2012-03-13,,,,,,,7395,534531.9264,14.78653538,72.28288388
2012-03-14,,,,,,,6895,611616.6004,17.6455,88.70436554
2012-03-15,,,,,,,6284,492864.2161,14.76045,78.43160664
2012-03-16,,,,,,,6935,508432.0258,16.3,73.31391864
2012-03-17,,,,,,,6876,468179.5611,11.15387186,68.0889414
2012-03-18,,,,,,,6039,379449.6437,13.05258321,62.83319153
2012-03-19,,,,,,,6652,458988.892,14.85812421,69.00013409
2012-03-20,,,,,,,6834,502954.4242,16.11929018,73.59590637
2012-03-21,,,,,,,7000,515344.0297,17.40450288,73.62057566
2012-03-22,,,,,,,6587,761881.519,17.85379853,115.6644176
2012-03-23,,,,,,,6156,899181.8359,14.4337757,146.0659252
2012-03-24,,,,,,,6375,821417.768,17.4,128.849846
2012-03-25,,,,,,,6212,423949.8653,14.62473633,68.24691971
2012-03-26,,,,,,,6619,535238.1318,14.26,80.86389662
2012-03-27,,,,,,,6666,575018.415,15.01271235,86.26138838
2012-03-28,,,,,,,7239,691100.7649,15.0595,95.46909308
2012-03-29,,,,,,,7518,1205888.066,16.772275,160.4001151
2012-03-30,,,,,,,6828,988434.3593,20.01634824,144.7619155
2012-03-31,,,,,,,6192,883701.6333,19.02353603,142.716672
2012-04-01,,,,,,,5563,623404.5748,17.05162,112.0626595
2012-04-02,,,,,,,6472,703032.1475,13.66821024,108.6267224
2012-04-03,,,,,,,7739,824059.658,15.0205,106.4814133
2012-04-04,,,,,,,7143,767659.1452,15.0213884,107.4701309
2012-04-05,,,,,,,7028,943391.5058,14.90189303,134.233282
2012-04-06,,,,,,,6699,591961.5428,17.05109581,88.36565798
2012-04-07,,,,,,,6080,347464.7823,14.10061878,57.14881287
2012-04-08,,,,,,,5915,1263160.479,13.8185,213.5520674
2012-04-09,,,,,,,6617,1642155.445,15.61995,248.1721996
2012-04-10,,,,,,,8468,830066.565,8.75602161,98.02392123
2012-04-11,,,,,,,7858,1518655.987,13.52488409,193.2624061
2012-04-12,,,,,,,8290,1285753.94,16.50312168,155.096977
2012-04-13,,,,,,,7041,837527.9067,19.7,118.9501359
2012-04-14,,,,,,,8027,997458.4373,12.8965,124.2629173
2012-04-15,,,,,,,7371,1278078.632,10,173.3928411
2012-04-16,,,,,,,8577,1619772.032,15.3173047,188.8506508
2012-04-17,,,,,,,7805,1139507.176,19.84881524,145.9970757
2012-04-18,,,,,,,8580,1039840.075,15.33805566,121.193482
2012-04-19,,,,,,,7900,694079.6734,16.35684842,87.8581865
2012-04-20,,,,,,,8285,2864389.57,21.4753442,345.731994
2012-04-21,,,,,,,7201,1227983.957,15.04004403,170.5296427
2012-04-22,,,,,,,6354,954638.2594,12.16137567,150.2420931
2012-04-23,,,,,,,7104,784560.5998,12.82475,110.4392736
2012-04-24,,,,,,,7660,749693.4413,16.09792565,97.87120643
2012-04-25,,,,,,,7557,1018495.213,9.9995,134.7750712
2012-04-26,,,,,,,10099,1857826.468,7.47575,183.9614287
2012-04-27,,,,,,,7195,1467996.927,13.6934488,204.0301496
2012-04-28,,,,,,,7427,889247.3966,10.38657248,119.7317082
2012-04-29,,,,,,,7729,989035.5879,7.07411755,127.964237
2012-04-30,,,,,,,9413,1104689.061,7.35613682,117.3578096
2012-05-01,,,,,,,10208,1090850.284,5.16077971,106.8622927
2012-05-02,,,,,,,9978,1083940.565,6.94330046,108.6330492
2012-05-03,,,,,,,14002,1216898.066,2.98517436,86.9088749
2012-05-04,,,,,,,14098,1126674.244,2.06719227,79.91731054
2012-05-05,,,,,,,12998,1204600.832,2.17899829,92.67586027
2012-05-06,,,,,,,11150,658919.7296,3.02865,59.09593987
2012-05-07,,,,,,,18247,2193131.724,2.06496794,120.1913588
2012-05-08,,,,,,,17719,3898869.82,2.01000935,220.0389311
2012-05-09,,,,,,,17245,2356469.564,2.46040452,136.6465389
2012-05-10,,,,,,,11782,1200673.555,3.06020833,101.9074482
2012-05-11,,,,,,,19061,1539746.739,1.25316491,80.77995588
2012-05-12,,,,,,,18326,3202564.879,1.23210975,174.7552591
2012-05-13,,,,,,,14737,1509618.599,1.58962275,102.4373073
2012-05-14,,,,,,,28349,2306925.084,1.39516945,81.37588922
2012-05-15,,,,,,,22235,3742452.936,1.50807564,168.3136018
2012-05-16,,,,,,,18078,3437743.036,1.459,190.1616902
2012-05-17,,,,,,,16935,3456116.181,1.1694564,204.0812625
2012-05-18,,,,,,,24481,1876206.406,0.61132602,76.63928785
2012-05-19,,,,,,,35404,1232620.027,0.52622549,34.81584078
2012-05-20,,,,,,,31460,2019018.753,0.83017348,64.17732844
2012-05-21,,,,,,,31604,3818667.697,0.63194386,120.8286197
2012-05-22,,,,,,,23480,4062364.558,1.085,173.0138227
2012-05-23,,,,,,,27432,1806509.401,0.98695041,65.85409013
2012-05-24,,,,,,,26589,1128648.658,0.9238594,42.44795434
2012-05-25,,,,,,,28999,2438067.357,1.05527227,84.07418729
2012-05-26,,,,,,,23279,4831935.953,0.8424,207.5663024
2012-05-27,,,,,,,26447,2022237.628,0.9995,76.46378146
2012-05-28,,,,,,,29888,2137076.191,0.80072245,71.50281687
2012-05-29,,,,,,,29816,3168985.413,1.46784268,106.2847268
2012-05-30,,,,,,,25580,2390970.271,1.201598,93.47029986
2012-05-31,,,,,,,21013,4791320.629,2.2339,228.0169718
2012-06-01,,,,,,,27069,2969598.765,1.01273999,109.7047828
2012-06-02,,,,,,,12800,1991194.05,3.15782528,155.5620352
2012-06-03,,,,,,,33601,1731492.364,0.7665304,51.53097717
2012-06-04,,,,,,,45938,4645313.15,0.45925556,101.1213625
2012-06-05,,,,,,,44364,4534755.435,0.6195,102.2170101
2012-06-06,,,,,,,15937,2509554.331,3.5995,157.4671727
2012-06-07,,,,,,,33203,4841143.674,1.10492287,145.8044054
2012-06-08,,,,,,,23897,5462839.526,1,228.5993859
2012-06-09,,,,,,,33050,1394282.355,0.72082396,42.18706065
2012-06-10,,,,,,,40721,3292536.178,0.50863827,80.85597549
2012-06-11,,,,,,,32531,3044013.954,0.56152087,93.57271384
2012-06-12,,,,,,,18243,2589635.925,1.0335625,141.9523064
2012-06-13,,,,,,,56794,2431812.849,0.4995,42.81812954
2012-06-14,,,,,,,61938,4838045.593,0.19970398,78.11110454
2012-06-15,,,,,,,54986,3468722.514,0.3995,63.08373976
2012-06-16,,,,,,,43282,3900349.196,0.58556937,90.11480976
2012-06-17,,,,,,,43909,1415383.942,0.46099512,32.23448363
2012-06-18,,,,,,,39071,2517870.835,0.58819999,64.44347046
2012-06-19,,,,,,,35962,2119402.774,0.76754606,58.93450791
2012-06-20,,,,,,,32246,1715715.337,0.68437911,53.2070749
2012-06-21,,,,,,,26782,1046386.108,0.75585946,39.07049915
2012-06-22,,,,,,,23565,2275711.504,0.91184001,96.57167426
2012-06-23,,,,,,,22303,3023872.819,0.93583873,135.5814383
2012-06-24,,,,,,,22392,1899076.407,0.87895159,84.81048622
2012-06-25,,,,,,,28713,1818923.143,0.78384489,63.34841858
2012-06-26,,,,,,,30235,1725291.611,0.82179195,57.06272897
2012-06-27,,,,,,,30875,1988365.309,1.1741572,64.40049583
2012-06-28,,,,,,,26522,3474911.565,1.17773125,131.019967
2012-06-29,,,,,,,22877,2525130.747,1.15811745,110.3785788
2012-06-30,,,,,,,22618,1395567.693,1.00529723,61.70163996
2012-07-01,,,,,,,19276,1346647.646,1.01923449,69.86136365
2012-07-02,,,,,,,25147,1191336.146,1.24675,47.37488152
2012-07-03,,,,,,,22667,1440331.342,3.04271794,63.54309533
2012-07-04,,,,,,,23164,2279526.87,2.4862114,98.40817085
2012-07-05,,,,,,,21643,2016864.679,1.39746184,93.1878519
2012-07-06,,,,,,,23916,1381458.229,1.53786231,57.76292979
2012-07-07,,,,,,,25615,4127597.199,1.33084677,161.1398477
2012-07-08,,,,,,,20799,826735.0948,1.22715845,39.74879055
2012-07-09,,,,,,,25129,2132703.22,2.45631945,84.87019856
2012-07-10,,,,,,,35080,2170880.381,1.236626,61.88370527
2012-07-11,,,,,,,31250,1155039.089,1.05585747,36.96125084
2012-07-12,,,,,,,24303,1393225.539,2.19053302,57.32730687
2012-07-13,,,,,,,24556,2479292.883,1.9,100.9648511
2012-07-14,,,,,,,22787,2473988.399,3.41245008,108.5701672
2012-07-15,,,,,,,26345,1363199.768,1.88339548,51.74415518
2012-07-16,,,,,,,31379,2110624.769,1.9995,67.2623337
2012-07-17,,,,,,,35201,2532795.225,1.32303246,71.9523657
2012-07-18,,,,,,,32588,1599655.318,1.06401673,49.08725046
2012-07-19,,,,,,,31035,1228132.221,1.13552386,39.5724898
2012-07-20,,,,,,,36794,1647322.176,0.9995,44.77148926
2012-07-21,,,,,,,34593,2380759.939,1.0045,68.82201426
2012-07-22,,,,,,,34860,1716136.989,0.9512976,49.22940301
2012-07-23,,,,,,,32698,2170034.042,1.9995,66.36595639
2012-07-24,,,,,,,28369,1750237.938,1.48879999,61.69544001
2012-07-25,,,,,,,27327,1024844.926,2.16400132,37.50301628
2012-07-26,,,,,,,30707,2318516.042,1.49310232,75.50447918
2012-07-27,,,,,,,27155,2180746.832,3.17607505,80.30737735
2012-07-28,,,,,,,35230,1742182.227,1.71237482,49.45166696
2012-07-29,,,,,,,34483,1109812.681,1.90533112,32.18434244
2012-07-30,,,,,,,34395,979401.9657,2.44351433,28.4751262
2012-07-31,,,,,,,41507,2974358.704,2.67674269,71.65920696
2012-08-01,,,,,,,30538,2272795.164,2.4995,74.42514783
2012-08-02,,,,,,,33211,1792453.022,2.25938788,53.97166667
2012-08-03,,,,,,,27780,1431240.183,6.01241511,51.52052495
2012-08-04,,,,,,,29010,1413394.372,3.39902266,48.72093663
2012-08-05,,,,,,,33283,1975735.428,2.93716729,59.361699
2012-08-06,,,,,,,35400,1995321.801,2.32886785,56.36502263
2012-08-07,,,,,,,29603,1962914.296,4.1698,66.30795175
2012-08-08,,,,,,,40168,1663888.8,1.55831284,41.42324239
2012-08-09,,,,,,,29942,1453200.807,1.8668103,48.53385904
2012-08-10,,,,,,,28375,1680986.286,2.68509575,59.24180744
2012-08-11,,,,,,,33139,1575641.261,1.603348,47.54643353
2012-08-12,,,,,,,34636,1616952.229,1.2793441,46.68415028
2012-08-13,,,,,,,48872,1881743.975,0.79699998,38.50351888
2012-08-14,,,,,,,34506,1518953.173,1.70213283,44.01997255
2012-08-15,,,,,,,52969,1789685.956,0.9995,33.787422
2012-08-16,,,,,,,46477,2075711.645,3.2403012,44.66105051
2012-08-17,,,,,,,40554,2780903.167,4.020344,68.57284526
2012-08-18,,,,,,,37162,2154735.39,3.71744089,57.98222349
2012-08-19,,,,,,,36951,5931168.237,2.89207166,160.5144174
2012-08-20,,,,,,,35837,9594904.589,4.1048036,267.7373829
2012-08-21,,,,,,,42415,5481598.728,4.91957173,129.2372681
2012-08-22,,,,,,,37874,7756104.557,4.87248872,204.7870454
2012-08-23,,,,,,,31818,7638815.716,6.79181371,240.0784372
2012-08-24,,,,,,,32275,11064106.02,4.36497114,342.8073128
2012-08-25,,,,,,,33439,4400537.453,2.34847346,131.5989549
2012-08-26,,,,,,,29520,3331598.206,3.30306753,112.8590178
2012-08-27,,,,,,,33096,6317082.625,2.31358297,190.8714837
2012-08-28,,,,,,,29838,6796522.213,1.62527411,227.7807565
2012-08-29,,,,,,,34209,14702323.79,1.9995,429.7794087
2012-08-30,,,,,,,33914,11585110.83,1.25057351,341.6026075
2012-08-31,,,,,,,40624,8982904.492,1.67433053,221.123092
2012-09-01,,,,,,,40774,8746895.338,1.11438015,214.5213945
2012-09-02,,,,,,,33588,5968122.588,1.9995,177.6861554
2012-09-03,,,,,,,38238,3714021.956,1.00439917,97.12908509
2012-09-04,,,,,,,39946,6484795.367,1.27706533,162.3390419
2012-09-05,,,,,,,41135,9277781.792,1.22068384,225.5447135
2012-09-06,,,,,,,42790,21877517.27,1.19997388,511.2764027
2012-09-07,,,,,,,33483,18411825.08,2.15320906,549.8857653
2012-09-08,,,,,,,31173,7584282.223,4.032104,243.2965137
2012-09-09,,,,,,,31464,3899432.335,4.24151961,123.9331406
2012-09-10,,,,,,,33632,18885869.63,1.03510057,561.5446489
2012-09-11,,,,,,,38225,20228603.98,0.87324988,529.1982728
2012-09-12,,,,,,,28096,10847443.67,1.0015,386.0849827
2012-09-13,,,,,,,29025,22554539.96,0.88765223,777.0728669
2012-09-14,,,,,,,36118,18031417.3,0.998087,499.236317
2012-09-15,,,,,,,27248,6923687.503,0.91703019,254.0989248
2012-09-16,,,,,,,28415,14008370.58,0.80398708,492.9921021
2012-09-17,,,,,,,24446,13061001.17,1.24807387,534.2796844
2012-09-18,,,,,,,32821,12984463.33,1.4344759,395.6144947
2012-09-19,,,,,,,32231,31325866.37,2.002848,971.9172962
2012-09-20,,,,,,,31282,15908406.79,2.02200333,508.5482637
2012-09-21,,,,,,,30347,25902484.29,1.14543259,853.5434901
2012-09-22,,,,,,,22014,14874052.14,1.62622316,675.6633116
2012-09-23,,,,,,,27999,7816618.258,0.9995,279.1749083
2012-09-24,,,,,,,29190,8117048.827,1.000924,278.0763558
2012-09-25,,,,,,,24177,1777419.047,2.475075,73.51693952
2012-09-26,,,,,,,32413,1737748.155,1.05601491,53.61269103
2012-09-27,,,,,,,28347,1379102.897,1.35734857,48.65075307
2012-09-28,,,,,,,32768,2598231.543,0.9995,79.29173411
2012-09-29,,,,,,,23992,1302616.358,1.53998076,54.29377953
2012-09-30,,,,,,,20668,1440029.627,1.46322771,69.67435779
2012-10-01,,,,,,,24727,1625076.237,1.19468071,65.72071972
2012-10-02,,,,,,,32878,2006735.601,2.00530285,61.03581729
2012-10-03,,,,,,,26669,1259635.635,2.4995,47.23220348
2012-10-04,,,,,,,32615,1195762.551,1.6471384,36.66296338
2012-10-05,,,,,,,36371,2635513.828,0.95212499,72.46195673
2012-10-06,,,,,,,32672,1977786.457,0.65590958,60.53460018
2012-10-07,,,,,,,34726,1787096.366,0.93704054,51.46277619
2012-10-08,,,,,,,38211,1776535.428,0.7634457,46.49277506
2012-10-09,,,,,,,35450,1364213.98,1.00372309,38.48276387
2012-10-10,,,,,,,31226,879149.4437,1.00935024,28.15440478
2012-10-11,,,,,,,27684,1246301.999,1.13022236,45.01885561
2012-10-12,,,,,,,28693,2612813.636,1.279926,91.06101266
2012-10-13,,,,,,,33090,2711467.039,0.9995,81.94218915
2012-10-14,,,,,,,27414,1386647.67,1.09922862,50.58173452
2012-10-15,,,,,,,30998,864684.7227,1.6000784,27.89485523
2012-10-16,,,,,,,34533,2748990.451,0.97893011,79.60473898
2012-10-17,,,,,,,31813,3334767.158,1.886215,104.8240392
2012-10-18,,,,,,,28257,3397926.993,2.00975,120.2508049
2012-10-19,,,,,,,25353,2692841.969,1.93562425,106.213938
2012-10-20,,,,,,,30442,2695742.258,1.20786279,88.55338865
2012-10-21,,,,,,,40833,2354724.07,0.66864462,57.66718267
2012-10-22,,,,,,,43154,2267653.183,0.76804252,52.54792564
2012-10-23,,,,,,,32031,2607540.366,1.02813721,81.40677362
2012-10-24,,,,,,,32194,1904593.641,1.62854878,59.15989443
2012-10-25,,,,,,,26998,1462862.327,2.54226697,54.18409983
2012-10-26,,,,,,,21927,1038024.254,5.01039331,47.34000338
2012-10-27,,,,,,,16313,1686595.095,5.89893942,103.3896337
2012-10-28,,,,,,,17965,941882.0401,3.3509227,52.42872474
2012-10-29,,,,,,,21500,1015491.502,2.14055226,47.23216289
2012-10-30,,,,,,,30747,4170129.204,1.33202074,135.6271898
2012-10-31,,,,,,,27755,3787017.538,2.08849999,136.4445159
2012-11-01,,,,,,,23638,2615517.503,2.7685,110.6488495
2012-11-02,,,,,,,28990,878438.8583,1.44112784,30.30144388
2012-11-03,,,,,,,23899,1912720.781,1.999,80.0335069
2012-11-04,,,,,,,24304,2247532.79,1.3465206,92.47583895
2012-11-05,,,,,,,32184,2302743.589,1.13987457,71.5493285
2012-11-06,,,,,,,31986,1895933.058,1.17953641,59.27384036
2012-11-07,,,,,,,36480,1854321.088,1.1885171,50.83117017
2012-11-08,,,,,,,32415,1329985.176,1.93097697,41.02992985
2012-11-09,,,,,,,25157,871909.512,2.7382108,34.65872369
2012-11-10,,,,,,,27109,438620.1766,0.99795,16.17987297
2012-11-11,,,,,,,23555,423492.02,1.999,17.97885884
2012-11-12,,,,,,,23903,485575.0448,1.4162634,20.31439755
2012-11-13,,,,,,,27131,854362.5147,1.11031,31.49026997
2012-11-14,,,,,,,29901,1299843.877,0.99379997,43.47158546
2012-11-15,,,,,,,37604,2661089.93,1.01784027,70.76614002
2012-11-16,,,,,,,39446,3704500.187,1.08520918,93.91320253
2012-11-17,,,,,,,32538,2648679.67,1.19143588,81.4026575
2012-11-18,,,,,,,34136,2064001.39,1.13170993,60.46406697
2012-11-19,,,,,,,36923,1391564.739,0.979962,37.68829018
2012-11-20,,,,,,,36858,1572790.856,1.10185366,42.67162775
2012-11-21,,,,,,,39066,926696.9899,0.85919969,23.72131751
2012-11-22,,,,,,,30900,1442437.425,1.05376201,46.68082281
2012-11-23,,,,,,,32347,1140048.664,0.91505171,35.24433993
2012-11-24,,,,,,,29718,1179016.922,1.78723246,39.67349491
2012-11-25,,,,,,,36736,810454.8827,1.01,22.0615985
2012-11-26,,,,,,,35898,1134762.018,1.08646117,31.6107309
2012-11-27,,,,,,,27632,1431090.114,2.31655259,51.7910435
2012-11-28,,,,,,,37256,1891268.837,1.29586885,50.764141
2012-11-29,,,,,,,37423,1210830.357,0.831765,32.35524562
2012-11-30,,,,,,,29758,789652.1925,1.28763145,26.53579516
2012-12-01,,,,,,,33492,628526.6533,1.04449996,18.76647119
2012-12-02,,,,,,,20606,1012070.134,1.63219246,49.11531272
2012-12-03,,,,,,,21659,1732242.633,2.57738555,79.97795988
2012-12-04,,,,,,,32356,2489158.497,1.4995,76.93035286
2012-12-05,,,,,,,33744,2821654.366,1.5985,83.61943949
2012-12-06,,,,,,,37163,3259297.247,3.40319522,87.70274863
2012-12-07,,,,,,,32145,2083190.927,1.5262,64.806064
2012-12-08,,,,,,,33174,1008269.918,1.48248056,30.39337788
2012-12-09,,,,,,,32059,1406703.823,0.99455,43.8785933
2012-12-10,,,,,,,36221,1037451.354,1.53307971,28.64226151
2012-12-11,,,,,,,36779,1614011.872,1.50075162,43.88406079
2012-12-12,,,,,,,36736,3564199.866,1.62987557,97.02199111
2012-12-13,,,,,,,42515,3839017.049,1.32242926,90.29794306
2012-12-14,,,,,,,39014,2928410.727,1.09592123,75.06050973
2012-12-15,,,,,,,32365,1657365.639,1.13785013,51.20857837
2012-12-16,,,,,,,35476,1782516.039,0.80721272,50.24568831
2012-12-17,,,,,,,41040,1800835.938,0.90938536,43.88001797
2012-12-18,,,,,,,49812,2372973.196,0.999,47.63858499
2012-12-19,,,,,,,44765,1137275.067,0.999,25.40545217
2012-12-20,,,,,,,35922,935760.4312,1.01028,26.04978651
2012-12-21,,,,,,,44580,1664907.966,0.88893989,37.34652233
2012-12-22,,,,,,,51258,1402903.979,0.86203711,27.36946387
2012-12-23,,,,,,,36738,869430.5681,0.82798136,23.66570221
2012-12-24,,,,,,,36111,1065971.688,1.79593078,29.5193068
2012-12-25,,,,,,,28743,604804.0304,1.33476983,21.04178514
2012-12-26,,,,,,,36586,632401.3973,0.9977,17.28533857
2012-12-27,,,,,,,43787,814543.8785,0.7818,18.60241346
2012-12-28,,,,,,,47105,1076612.312,0.82550263,22.85558458
2012-12-29,,,,,,,38110,994091.686,0.89984917,26.08479889
2012-12-30,,,,,,,45447,764608.9394,0.6680253,16.82418948
2012-12-31,,,,,,,30064,1369985.742,1.12110169,45.56897757
2013-01-01,,,,,,,31896,1491978.946,1.14509942,46.77636523
2013-01-02,,,,,,,39433,1947296.243,1.11639149,49.38240161
2013-01-03,,,,,,,42309,1742042.555,1.5105046,41.17427863
2013-01-04,,,,,,,48589,2328536.904,0.94256307,47.92312877
2013-01-05,,,,,,,39596,2100349.698,1.0935,53.04449181
2013-01-06,,,,,,,33026,1101232.44,1.36424529,33.34440863
2013-01-07,,,,,,,40288,1492637.939,1.30666044,37.04919426
2013-01-08,,,,,,,38624,2147948.019,1.5399065,55.61174449
2013-01-09,,,,,,,43190,1720210.148,1.50154335,39.82889901
2013-01-10,,,,,,,52539,1335111.591,0.9775,25.41181961
2013-01-11,,,,,,,52749,1332342.543,0.96825863,25.25815736
2013-01-12,,,,,,,45671,980520.6655,1.0035,21.46921822
2013-01-13,,,,,,,49441,886111.6136,0.66235088,17.92260701
2013-01-14,,,,,,,44560,1119697.552,0.73442526,25.12786248
2013-01-15,,,,,,,45022,2092810.835,1.07093199,46.48418185
2013-01-16,,,,,,,53629,2235038.364,1.04917603,41.6759284
2013-01-17,,,,,,,48100,1828926.938,1.09034977,38.02342906
2013-01-18,,,,,,,49139,1655101.042,1.31019332,33.68202531
2013-01-19,,,,,,,56170,1542714.33,0.83609074,27.46509399
2013-01-20,,,,,,,41371,1199630.763,1.33656533,28.9969003
2013-01-21,,,,,,,40441,1152751.458,1.39453647,28.50452406
2013-01-22,,,,,,,43752,1463697.92,1.956,33.45442311
2013-01-23,,,,,,,46678,2413364.583,1.82146375,51.70239904
2013-01-24,,,,,,,46221,1616949.958,1.49975,34.98301547
2013-01-25,,,,,,,48511,1564347.828,1.364585,32.24728058
2013-01-26,,,,,,,52366,1344171.746,1.1182185,25.66878788
2013-01-27,,,,,,,55413,1471814.589,0.94349999,26.56081765
2013-01-28,,,,,,,52180,1690349.016,1.26609841,32.39457677
2013-01-29,,,,,,,51703,2426699.949,1.31228682,46.93537993
2013-01-30,,,,,,,41219,2692071.856,1.76904401,65.31143056
2013-01-31,,,,,,,51633,1589397.754,1,30.78259551
2013-02-01,,,,,,,59382,1813676.667,0.82679389,30.54253254
2013-02-02,,,,,,,54465,1354020.583,0.999,24.86037974
2013-02-03,,,,,,,61164,1389161.48,0.8108,22.71207703
2013-02-04,,,,,,,55005,2012536.759,0.999,36.58825122
2013-02-05,,,,,,,53420,2006309.533,1.49641174,37.55727317
2013-02-06,,,,,,,42555,1860603.343,1.83971329,43.72232036
2013-02-07,,,,,,,61237,1728717.485,0.8514021,28.2299506
2013-02-08,,,,,,,60921,2189719.727,0.97532488,35.9435946
2013-02-09,,,,,,,57750,1816284.604,1,31.45081564
2013-02-10,,,,,,,56443,1370569.589,0.80923351,24.28236609
2013-02-11,,,,,,,57594,1328240.583,0.9400859,23.06213465
2013-02-12,,,,,,,58551,1273851.458,0.93741338,21.75627159
2013-02-13,,,,,,,59090,1221054.836,0.75316394,20.66432282
2013-02-14,,,,,,,50928,1502365.262,1.01023376,29.49978915
2013-02-15,,,,,,,55647,1285435.34,0.81624249,23.09981382
2013-02-16,,,,,,,51433,1268206.336,0.68678034,24.65744436
2013-02-17,,,,,,,49635,1145511.757,0.64850449,23.07870972
2013-02-18,,,,,,,50374,1236821.97,0.82375755,24.55278456
2013-02-19,,,,,,,54519,1456405.96,0.69397984,26.71373208
2013-02-20,,,,,,,59748,1200831.678,0.64928875,20.09827404
2013-02-21,,,,,,,55916,1050131.202,0.66601633,18.78051365
2013-02-22,,,,,,,62171,1578721.332,0.63779558,25.39321118
2013-02-23,,,,,,,57886,1283683.587,0.62418872,22.17606306
2013-02-24,,,,,,,57164,1707485.583,0.50586936,29.86994581
2013-02-25,,,,,,,67144,1869807.172,0.48227117,27.84771791
2013-02-26,,,,,,,63438,1633163.913,0.62146896,25.74425286
2013-02-27,,,,,,,60949,1537173.62,0.5990392,25.22065366
2013-02-28,,,,,,,63021,1485857.841,0.60503887,23.57718603
2013-03-01,,,,,,,64535,1647857.637,0.61382632,25.53432458
2013-03-02,,,,,,,55825,1496205.839,0.499,26.80171678
2013-03-03,,,,,,,54459,934113.4728,0.47633338,17.15260054
2013-03-04,,,,,,,64044,979042.0445,0.5813,15.28702211
2013-03-05,,,,,,,56868,1938816.935,0.81290821,34.09328505
2013-03-06,,,,,,,62760,2323920.566,0.70469566,37.0286897
2013-03-07,,,,,,,66770,1659536.989,0.61975,24.85453031
2013-03-08,,,,,,,55857,1209131.415,0.62911792,21.64690933
2013-03-09,,,,,,,55546,1024157.179,0.60005208,18.43800055
2013-03-10,,,,,,,73844,1241733.734,0.48327329,16.81563476
2013-03-11,,,,,,,59289,1007494.524,0.56911581,16.99294176
2013-03-12,,,,,,,48484,1491939.383,0.77482225,30.77178828
2013-03-13,,,,,,,56690,1505965.843,0.73730918,26.56492932
2013-03-14,,,,,,,58069,1188984.013,0.64280128,20.47536573
2013-03-15,,,,,,,62776,5346419.926,0.6006544,85.166623
2013-03-16,,,,,,,34187,2307843.528,0.9995,67.50646526
2013-03-17,,,,,,,35348,901237.4786,0.9239534,25.49613778
2013-03-18,,,,,,,43485,3770851.664,1.1886633,86.71614727
2013-03-19,,,,,,,46108,1944707.418,1.13401974,42.17722342
2013-03-20,,,,,,,46276,1888210.075,0.9995,40.80322576
2013-03-21,,,,,,,55564,2041885.323,0.79375,36.74835006
2013-03-22,,,,,,,60584,1520085.09,0.80733129,25.09053694
2013-03-23,,,,,,,52914,1438447.33,0.70485982,27.18462656
2013-03-24,,,,,,,51335,995637.7477,0.62558082,19.39491083
2013-03-25,,,,,,,48993,1544997.611,0.68480229,31.5350685
2013-03-26,,,,,,,49061,1848864.387,0.91051591,37.68501227
2013-03-27,,,,,,,53207,2738105.106,0.7991,51.46136986
2013-03-28,,,,,,,60989,1826700.758,0.71431991,29.95131511
2013-03-29,,,,,,,62259,1460447.794,0.721175,23.45761727
2013-03-30,,,,,,,59196,1823180.658,0.55030901,30.79905158
2013-03-31,,,,,,,43986,1540937.818,0.58179185,35.03246073
2013-04-01,,,,,,,52770,1449066.351,0.65825447,27.46004076
2013-04-02,,,,,,,63276,2588519.047,0.88031995,40.90838623
2013-04-03,,,,,,,63941,2371324.932,0.87800046,37.08614084
2013-04-04,,,,,,,66892,2292667.711,1,34.27416898
2013-04-05,,,,,,,61373,2062457.642,0.9995,33.6052929
2013-04-06,,,,,,,51718,1333262.487,0.65668275,25.77946725
2013-04-07,,,,,,,63541,1089589.664,0.44115156,17.14782051
2013-04-08,,,,,,,61680,1528795.794,0.80311065,24.78592402
2013-04-09,,,,,,,66979,2079535.47,0.98794905,31.04757416
2013-04-10,,,,,,,63881,2880396.26,1.93312468,45.09003084
2013-04-11,,,,,,,68407,2399992.466,1.00489683,35.08401868
2013-04-12,,,,,,,58690,1774103,1.04470552,30.2283694
2013-04-13,,,,,,,53517,1306301.945,0.79466935,24.40910261
2013-04-14,,,,,,,55471,825566.1826,0.51378762,14.88284297
2013-04-15,,,,,,,54496,1049837.794,0.78906398,19.2644927
2013-04-16,,,,,,,67785,1769743,0.72414464,26.10818027
2013-04-17,,,,,,,56706,1723555.436,0.93513355,30.39458674
2013-04-18,,,,,,,46631,5846871.991,0.98425025,125.3859448
2013-04-19,,,,,,,59528,1873867.481,0.86324099,31.47875757
2013-04-20,,,,,,,48302,1097718.372,0.55062752,22.72614741
2013-04-21,,,,,,,44224,983216.8254,0.67732229,22.23265252
2013-04-22,,,,,,,47194,1649760.891,0.71750475,34.95700492
2013-04-23,,,,,,,61668,1580194.389,0.6386476,25.62421983
2013-04-24,,,,,,,65023,2164362.812,0.58050945,33.28611125
2013-04-25,,,,,,,62566,1637341.369,0.65781192,26.16982656
2013-04-26,,,,,,,55264,1179467.682,0.73890355,21.34242331
2013-04-27,,,,,,,44369,808262.6565,0.72089425,18.21683284
2013-04-28,,,,,,,41879,579461.8822,0.59348849,13.83657399
2013-04-29,,,,,,,51776,1889559.779,0.70663462,36.49489685
2013-04-30,,,,,,,47599,1003343.628,0.5776493,21.07909048
2013-05-01,,,,,,,55327,1350721.891,0.71234412,24.4134309
2013-05-02,,,,,,,55429,907309.085,0.64163579,16.36885177
2013-05-03,,,,,,,51412,809308.004,0.68757472,15.74161682
2013-05-04,,,,,,,50261,504688.3552,0.43164739,10.04135125
2013-05-05,,,,,,,50332,638182.8299,0.50625665,12.67946495
2013-05-06,,,,,,,53340,858406.0152,0.5739694,16.09310114
2013-05-07,,,,,,,56735,973835.119,0.66620665,17.1646271
2013-05-08,,,,,,,50439,832093.7627,0.6961175,16.49703131
2013-05-09,,,,,,,66774,695397.0385,0.5620825,10.41418873
2013-05-10,,,,,,,67881,915183.6766,0.55929991,13.48217729
2013-05-11,,,,,,,73402,675124.7525,0.43840582,9.19763429
2013-05-12,,,,,,,65428,562565.7028,0.48352613,8.59824085
2013-05-13,,,,,,,60998,1122091.966,0.6006544,18.39555338
2013-05-14,,,,,,,66470,784332.1776,0.53375306,11.79979204
2013-05-15,,,,,,,64171,752790.9071,0.59603311,11.73101412
2013-05-16,,,,,,,61158,723462.4396,0.62069764,11.8293999
2013-05-17,,,,,,,58731,853440.7499,0.63898536,14.53135056
2013-05-18,,,,,,,52215,748211.0092,0.69564094,14.32942658
2013-05-19,,,,,,,47820,423542.7313,0.50912378,8.85702073
2013-05-20,,,,,,,48821,540663.9554,0.66926255,11.07441378
2013-05-21,,,,,,,53942,674482.9495,0.75023449,12.50385505
2013-05-22,,,,,,,51990,738074.8591,0.7992696,14.19647738
2013-05-23,,,,,,,59789,712349.955,0.77948223,11.91439821
2013-05-24,,,,,,,55401,759741.6814,0.80167464,13.71350122
2013-05-25,,,,,,,51280,735659.2725,0.59744244,14.34592965
2013-05-26,,,,,,,40722,388698.0303,0.64225665,9.5451606
2013-05-27,,,,,,,52758,666608.3738,0.58721924,12.63520933
2013-05-28,,,,,,,57070,705680.5313,0.78010001,12.36517489
2013-05-29,,,,,,,55060,793664.2946,0.79110495,14.41453495
2013-05-30,,,,,,,57426,629587.8097,0.73365537,10.96346271
2013-05-31,,,,,,,54346,678617.7783,0.85889237,12.48698668
2013-06-01,,,,,,,54311,485579.4044,0.58817465,8.94071927
2013-06-02,,,,,,,49947,431875.3386,0.63803497,8.64667224
2013-06-03,,,,,,,55874,780446.2365,0.71821762,13.96796786
2013-06-04,,,,,,,57622,661631.301,0.83992001,11.48226894
2013-06-05,,,,,,,56560,681339.3644,0.70376191,12.04631125
2013-06-06,,,,,,,54638,753930.8786,0.67159785,13.79865439
2013-06-07,,,,,,,52188,678143.2676,0.89602039,12.99423751
2013-06-08,,,,,,,48218,399038.3557,0.73527987,8.27571354
2013-06-09,,,,,,,44471,675161.0303,0.68531684,15.1820519
2013-06-10,,,,,,,45000,490545.1299,0.77969765,10.90100288
2013-06-11,,,,,,,49663,598337.2909,0.74513586,12.04794899
2013-06-12,,,,,,,45907,562038.78,0.88553767,12.24298647
2013-06-13,,,,,,,43193,607556.9546,0.99798,14.06609762
2013-06-14,,,,,,,50172,722485.1902,0.9615784,14.40016722
2013-06-15,,,,,,,35826,415381.8108,0.95343188,11.59442334
2013-06-16,,,,,,,42966,520682.4419,0.57462375,12.11847604
2013-06-17,,,,,,,45943,578844.9641,0.66692164,12.59919822
2013-06-18,,,,,,,46017,643222.1557,0.78724066,13.97792458
2013-06-19,,,,,,,47031,582605.7976,0.71573332,12.38769742
2013-06-20,,,,,,,52515,728607.9748,0.6360441,13.87428305
2013-06-21,,,,,,,47027,712791.5282,0.91143147,15.15706994
2013-06-22,,,,,,,44594,435026.7321,0.7091382,9.75527497
2013-06-23,,,,,,,38507,340381.4544,0.61507955,8.83946956
2013-06-24,,,,,,,44245,610053.0423,0.82599908,13.7880674
2013-06-25,,,,,,,44629,717288.4712,0.799,16.07225058
2013-06-26,,,,,,,45627,627165.9003,0.84075075,13.74549938
2013-06-27,,,,,,,46128,564885.2214,0.81953976,12.24603757
2013-06-28,,,,,,,49552,659916.0797,0.85388732,13.31764771
2013-06-29,,,,,,,36545,532545.4665,0.86808873,14.57232087
2013-06-30,,,,,,,30953,414309.7617,0.7581954,13.38512459
2013-07-01,,,,,,,39128,868945.4266,1.19965,22.20776494
2013-07-02,,,,,,,39650,735821.5744,1.19339761,18.55792116
2013-07-03,,,,,,,35531,817460.9062,1.6221467,23.00697718
2013-07-04,,,,,,,35292,854939.2747,1.02578425,24.22473293
2013-07-05,,,,,,,37037,1074563.291,1.0373514,29.01323786
2013-07-06,,,,,,,33372,700586.2395,0.7897,20.99323503
2013-07-07,,,,,,,30356,643880.627,0.82176537,21.21098388
2013-07-08,,,,,,,39629,837670.9308,1.0116834,21.13782661
2013-07-09,,,,,,,40832,1160903.931,1.27342455,28.43122872
2013-07-10,,,,,,,39238,1085169.05,1.460614,27.65607445
2013-07-11,,,,,,,43434,1058476.987,1.70683562,24.36977912
2013-07-12,,,,,,,48260,1021508.47,1.239324,21.16677309
2013-07-13,,,,,,,37970,877018.0243,1.01073938,23.09765668
2013-07-14,,,,,,,34933,582276.5472,0.66898903,16.66838081
2013-07-15,,,,,,,36754,702810.6261,0.8551987,19.12201736
2013-07-16,,,,,,,39392,951379.7685,1.17089382,24.15159851
2013-07-17,,,,,,,40643,1080936.138,1.0092,26.59587475
2013-07-18,,,,,,,41170,1005895.895,1.20808226,24.43273973
2013-07-19,,,,,,,36759,819430.5514,1.00783472,22.29197071
2013-07-20,,,,,,,33702,495922.447,0.59822011,14.71492632
2013-07-21,,,,,,,35456,496772.6106,0.76352586,14.01096036
2013-07-22,,,,,,,39979,903335.2894,0.94413904,22.59524473
2013-07-23,,,,,,,38432,1012489.367,1.01384649,26.34495646
2013-07-24,,,,,,,42361,907645.6402,1.02014642,21.42644508
2013-07-25,,,,,,,42530,811961.7466,0.9995,19.09150591
2013-07-26,,,,,,,37373,788332.0112,1.06002633,21.09362403
2013-07-27,,,,,,,36892,461605.5251,0.599868,12.51234752
2013-07-28,,,,,,,37302,618903.8238,0.60154665,16.59170617
2013-07-29,,,,,,,41812,747853.1195,0.99725,17.88608819
2013-07-30,,,,,,,42133,1007108.947,1.05054884,23.90309133
2013-07-31,,,,,,,49524,863767.5597,0.89612008,17.44139325
2013-08-01,,,,,,,50904,1147305.425,0.73615413,22.53861042
2013-08-02,,,,,,,51681,913464.1109,0.74623078,17.67504713
2013-08-03,,,,,,,45746,676761.174,0.52391864,14.79388742
2013-08-04,,,,,,,42946,510656.3113,0.45991841,11.89066062
2013-08-05,,,,,,,51001,851665.9579,0.8252625,16.69900507
2013-08-06,,,,,,,54369,760801.1325,0.54059532,13.99328905
2013-08-07,,,,,,,57606,813434.5173,0.53650895,14.12065613
2013-08-08,,,,,,,58022,725445.1482,0.37596302,12.50293247
2013-08-09,,,,,,,49658,621565.7682,0.53797543,12.51693117
2013-08-10,,,,,,,51695,517054.8433,0.4981,10.00202811
2013-08-11,,,,,,,38422,429554.2293,0.50023834,11.1799029
2013-08-12,,,,,,,50228,847386.8341,0.58777937,16.8708058
2013-08-13,,,,,,,53080,1301581.439,0.72173762,24.52112732
2013-08-14,,,,,,,51660,1341894.853,0.89989862,25.97551012
2013-08-15,,,,,,,58129,821528.5496,0.51384822,14.13285192
2013-08-16,,,,,,,71119,1073581.796,0.27394795,15.09556933
2013-08-17,,,,,,,56546,1006280.918,0.199,17.79579312
2013-08-18,,,,,,,56397,787710.9407,0.28272908,13.96724897
2013-08-19,,,,,,,71314,1115101.02,0.29220792,15.63649521
2013-08-20,,,,,,,63228,972227.213,0.3999434,15.37652959
2013-08-21,,,,,,,60531,1275639.297,0.52727048,21.07414873
2013-08-22,,,,,,,66812,823544.6766,0.42268293,12.32629881
2013-08-23,,,,,,,55195,826429.8585,0.482117,14.97291164
2013-08-24,,,,,,,51817,567935.8938,0.3696668,10.96041634
2013-08-25,,,,,,,44447,555654.047,0.39953674,12.50149722
2013-08-26,,,,,,,56093,707687.3929,0.51828685,12.61632276
2013-08-27,,,,,,,62187,910293.5517,0.69433125,14.63800395
2013-08-28,,,,,,,64747,784253.7602,0.4283224,12.11258838
2013-08-29,,,,,,,58992,2639151.65,0.37284994,44.73744999
2013-08-30,,,,,,,62603,831648.3349,0.511,13.28448053
2013-08-31,,,,,,,47505,878729.174,0.57802685,18.49761444
2013-09-01,,,,,,,46598,823389.1155,0.3491348,17.67005269
2013-09-02,,,,,,,51266,813920.621,0.41403011,15.87642142
2013-09-03,,,,,,,52163,949784.9403,0.51332401,18.20801986
2013-09-04,,,,,,,52979,912174.7134,0.6177394,17.21766574
2013-09-05,,,,,,,60730,887243.6611,0.23860444,14.60964368
2013-09-06,,,,,,,60850,701587.7054,0.339055,11.52978973
2013-09-07,,,,,,,51967,629569.9295,0.25067363,12.11480226
2013-09-08,,,,,,,46452,398165.8505,0.199,8.57155451
2013-09-09,,,,,,,57676,1030766.757,0.1999,17.8716755
2013-09-10,,,,,,,53283,645379.1505,0.29580452,12.11229004
2013-09-11,,,,,,,49210,831685.544,0.55604844,16.90074261
2013-09-12,,,,,,,52300,703128.1011,0.56442597,13.44413195
2013-09-13,,,,,,,44834,654237.8652,0.80675,14.59244915
2013-09-14,,,,,,,43560,572122.2833,0.38555,13.13412036
2013-09-15,,,,,,,53672,403507.5482,0.156554,7.51802705
2013-09-16,,,,,,,51885,678260.9667,0.41654124,13.07239022
2013-09-17,,,,,,,67931,627615.1854,0.24165139,9.23900995
2013-09-18,,,,,,,60551,806994.2698,0.34259515,13.32751349
2013-09-19,,,,,,,59815,833883.7812,0.38330716,13.94104791
2013-09-20,,,,,,,58994,734309.0159,0.4995,12.44718133
2013-09-21,,,,,,,52498,452074.3134,0.33868374,8.61126735
2013-09-22,,,,,,,50903,495219.3831,0.27934295,9.72868756
2013-09-23,,,,,,,65328,1001051.601,0.41425798,15.32346928
2013-09-24,,,,,,,62592,949071.8654,0.52876036,15.16283015
2013-09-25,,,,,,,54548,827286.0877,0.5791471,15.16620385
2013-09-26,,,,,,,57545,745552.0808,0.489,12.95598367
2013-09-27,,,,,,,46920,690114.8516,0.86353088,14.70833017
2013-09-28,,,,,,,42580,533432.6992,0.72124983,12.52777593
2013-09-29,,,,,,,41181,554128.0153,0.67546513,13.4559145
2013-09-30,,,,,,,47156,826774.0367,0.9995,17.53274316
2013-10-01,,,,,,,57171,1088077.936,0.7285346,19.03199062
2013-10-02,,,,,,,61964,1187078.864,0.82682355,19.15755704
2013-10-03,,,,,,,59551,927030.8009,0.59200397,15.56700644
2013-10-04,,,,,,,51940,802173.6907,0.53362442,15.4442374
2013-10-05,,,,,,,45479,448746.4071,0.39711775,9.86711244
2013-10-06,,,,,,,42857,419308.2664,0.38461405,9.78389216
2013-10-07,,,,,,,44547,688597.9799,0.58778816,15.4577857
2013-10-08,,,,,,,45131,720282.9121,0.43209756,15.9598261
2013-10-09,,,,,,,50673,904684.561,0.53356513,17.85338466
2013-10-10,,,,,,,56853,753238.3641,0.42014014,13.24887629
2013-10-11,,,,,,,51922,829546.5766,0.49234492,15.97678395
2013-10-12,,,,,,,49474,697904.0551,0.33977277,14.10648128
2013-10-13,,,,,,,51304,712638.693,0.37287353,13.89050937
2013-10-14,,,,,,,57452,920794.5864,0.3999,16.02719812
2013-10-15,,,,,,,55826,924504.8133,0.59128292,16.56047026
2013-10-16,,,,,,,50826,1022744.337,0.7724796,20.12246364
2013-10-17,,,,,,,46870,847370.7277,0.57032293,18.07917063
2013-10-18,,,,,,,59661,937574.9651,0.40621528,15.71503939
2013-10-19,,,,,,,55311,1007342.932,0.57460923,18.21234351
2013-10-20,,,,,,,49418,722759.7607,0.39945018,14.62543528
2013-10-21,,,,,,,60451,1059197.274,0.49231954,17.52158399
2013-10-22,,,,,,,65048,1207623.105,0.60379733,18.56510737
2013-10-23,,,,,,,55314,1090723.874,0.69368949,19.71876693
2013-10-24,,,,,,,63634,1029103.303,0.5411621,16.17222401
2013-10-25,,,,,,,57471,2817468.477,0.42239337,49.02417701
2013-10-26,,,,,,,47747,686765.4694,0.269125,14.38342659
2013-10-27,,,,,,,43691,509803.6489,0.30983016,11.66839048
2013-10-28,,,,,,,51104,645713.4671,0.4079133,12.6352823
2013-10-29,,,,,,,49930,1686428.347,0.47858399,33.77585313
2013-10-30,,,,,,,48446,717093.1601,0.64510436,14.80190645
2013-10-31,,,,,,,58181,685268.253,0.30786721,11.77821372
2013-11-01,,,,,,,45371,636845.8532,0.74008472,14.03640768
2013-11-02,,,,,,,39181,649240.3649,0.50752282,16.57028572
2013-11-03,,,,,,,35947,593816.3635,0.61369116,16.51921894
2013-11-04,,,,,,,45523,974062.7146,0.99009308,21.3971556
2013-11-05,,,,,,,51597,1115521.378,1.00947,21.61988832
2013-11-06,,,,,,,55008,916641.1745,0.84206119,16.66377934
2013-11-07,,,,,,,60535,1211667.364,1.00544219,20.01598024
2013-11-08,,,,,,,59223,1071531.007,1.06424601,18.09315648
2013-11-09,,,,,,,55204,900392.5,1.05534739,16.31027642
2013-11-10,,,,,,,57538,801259.5681,0.4248428,13.9257459
2013-11-11,,,,,,,57405,748279.4896,0.3484934,13.03509257
2013-11-12,,,,,,,58307,1109036.94,0.4999,19.02064829
2013-11-13,,,,,,,64870,1267483.082,0.455955,19.53881736
2013-11-14,,,,,,,69413,1155028.594,0.55689195,16.63994632
2013-11-15,,,,,,,60914,2576469.358,0.55064922,42.29683419
2013-11-16,,,,,,,47175,1491006.283,0.68570139,31.60585656
2013-11-17,,,,,,,51323,1158208.923,0.55873225,22.56705419
2013-11-18,,,,,,,79032,2124183.596,0.9995,26.87751286
2013-11-19,,,,,,,92907,2269134.472,1.00312268,24.42371911
2013-11-20,,,,,,,77558,1690347.12,0.82968566,21.79461976
2013-11-21,,,,,,,71822,2192970.79,0.65923134,30.53341302
2013-11-22,,,,,,,76947,2393219.997,0.54946273,31.10218718
2013-11-23,,,,,,,72545,1533323.423,0.51112504,21.13616959
2013-11-24,,,,,,,60861,1518872.511,0.2943,24.95641726
2013-11-25,,,,,,,71793,1449270.803,0.30538087,20.18679819
2013-11-26,,,,,,,83383,4028498.095,0.55866104,48.31318248
2013-11-27,,,,,,,95531,3323866.014,0.76129718,34.79358547
2013-11-28,,,,,,,98921,3418563.354,0.764165,34.55851996
2013-11-29,,,,,,,90084,2602929.477,0.74482457,28.89447045
2013-11-30,,,,,,,75190,1866753.034,0.51730928,24.82714501
2013-12-01,,,,,,,72142,1494457.363,0.54512127,20.7154967
2013-12-02,,,,,,,75570,1424490.905,0.50421436,18.84995242
2013-12-03,,,,,,,77667,1190034.162,0.41772419,15.3222625
2013-12-04,,,,,,,79624,1348811.582,0.490191,16.93976165
2013-12-05,,,,,,,83283,1550468.126,0.6064,18.6168621
2013-12-06,,,,,,,72099,1163609.989,0.50239346,16.13905864
2013-12-07,,,,,,,67712,2357745.29,0.66209966,34.82019863
2013-12-08,,,,,,,47477,1219503.569,0.43549824,25.68619687
2013-12-09,,,,,,,63625,1216713.743,0.38086195,19.12320224
2013-12-10,,,,,,,67623,837532.2577,0.35305642,12.3853165
2013-12-11,,,,,,,67305,1113758.034,0.32405633,16.54792413
2013-12-12,,,,,,,58219,915052.3852,0.32053838,15.71741845
2013-12-13,,,,,,,60115,914506.243,0.31427127,15.2126132
2013-12-14,,,,,,,54057,620226.5944,0.31709424,11.47356668
2013-12-15,,,,,,,52308,462646.4294,0.27354248,8.84465912
2013-12-16,,,,,,,69382,2092813.087,0.38676218,30.16363158
2013-12-17,,,,,,,67740,1586643.438,0.44499154,23.42254854
2013-12-18,,,,,,,81510,1996820.806,0.67733428,24.49786291
2013-12-19,,,,,,,70278,1364026.925,0.45025573,19.4090174
2013-12-20,,,,,,,65083,940326.3079,0.39770321,14.44810945
2013-12-21,,,,,,,56083,977633.7192,0.25150136,17.4319084
2013-12-22,,,,,,,52897,920403.1395,0.23329949,17.39991189
2013-12-23,,,,,,,54267,722235.1938,0.232693,13.30892059
2013-12-24,,,,,,,55865,886524.55,0.31165443,15.86905128
2013-12-25,,,,,,,55428,878219.3138,0.37653144,15.84432622
2013-12-26,,,,,,,51276,620433.4836,0.30933001,12.09988071
2013-12-27,,,,,,,52674,606017.945,0.2738864,11.50506786
2013-12-28,,,,,,,48009,614290.1353,0.21862861,12.79531203
2013-12-29,,,,,,,51325,837535.4318,0.17113619,16.31827436
2013-12-30,,,,,,,55613,814654.6426,0.2950156,14.64863687
2013-12-31,,,,,,,48847,508295.9641,0.2496,10.40587884
2014-01-01,,,,,,,43070,538983.2921,0.20568278,12.51412333
2014-01-02,,,,,,,54770,709298.4927,0.30979476,12.95049283
2014-01-03,,,,,,,60980,897783.4574,0.36251586,14.72258867
2014-01-04,,,,,,,52052,635106.0756,0.28372651,12.20137699
2014-01-05,,,,,,,58662,934422.9438,0.31333748,15.92893088
2014-01-06,,,,,,,67358,997845.849,0.32558168,14.81406587
2014-01-07,,,,,,,62911,924867.9333,0.29171717,14.70121176
2014-01-08,,,,,,,61439,799048.9549,0.26528335,13.00556576
2014-01-09,,,,,,,59031,597510.9776,0.26936215,10.12198637
2014-01-10,,,,,,,54166,569351.6095,0.25039792,10.511236
2014-01-11,,,,,,,55856,425028.4018,0.22698675,7.60935981
2014-01-12,,,,,,,50537,421547.0147,0.2267704,8.34135414
2014-01-13,,,,,,,53461,529745.6572,0.25971712,9.90901137
2014-01-14,,,,,,,57378,749007.4999,0.2617534,13.05391439
2014-01-15,,,,,,,61612,605639.3432,0.24191059,9.8298926
2014-01-16,,,,,,,56703,605276.8482,0.2315543,10.67451189
2014-01-17,,,,,,,59026,426181.2177,0.2353515,7.22022867
2014-01-18,,,,,,,51573,357883.1801,0.21201068,6.93935159
2014-01-19,,,,,,,48005,567071.2878,0.22074511,11.81275466
2014-01-20,,,,,,,63003,784430.3026,0.26014515,12.45068175
2014-01-21,,,,,,,72577,622105.8079,0.24004555,8.57166606
2014-01-22,,,,,,,65835,493075.8964,0.24082784,7.48957084
2014-01-23,,,,,,,63576,512798.0315,0.25751333,8.06590586
2014-01-24,,,,,,,65600,747873.4575,0.31276822,11.40051002
2014-01-25,,,,,,,53864,463780.2737,0.23503535,8.61020855
2014-01-26,,,,,,,53582,399122.9784,0.26164232,7.44882569
2014-01-27,,,,,,,64374,907240.1301,0.28439219,14.09326948
2014-01-28,,,,,,,65762,648369.537,0.30495032,9.85933422
2014-01-29,,,,,,,59682,485524.8548,0.25803271,8.13519745
2014-01-30,,,,,,,60799,531188.2026,0.27290925,8.73679176
2014-01-31,,,,,,,60269,409190.8842,0.29958284,6.78940888
2014-02-01,,,,,,,54838,452663.5986,0.23278618,8.25456068
2014-02-02,,,,,,,52483,492688.4158,0.21380209,9.38758104
2014-02-03,,,,,,,57600,482423.6523,0.20899023,8.37541063
2014-02-04,,,,,,,69799,793134.5418,0.24106384,11.36312184
2014-02-05,,,,,,,67529,800217.0139,0.23262036,11.84997577
2014-02-06,,,,,,,70160,664620.6977,0.26691642,9.47292898
2014-02-07,,,,,,,70514,867398.6648,0.39109689,12.30108439
2014-02-08,,,,,,,65009,569456.792,0.23487686,8.75966084
2014-02-09,,,,,,,56579,491172.0022,0.21920878,8.68117149
2014-02-10,,,,,,,66850,802093.1248,0.32349133,11.99840126
2014-02-11,,,,,,,67229,701410.5387,0.27808754,10.43315442
2014-02-12,,,,,,,62126,619251.5189,0.2345514,9.96767084
2014-02-13,,,,,,,67339,646304.3605,0.2888408,9.59777187
2014-02-14,,,,,,,74889,729124.975,0.32987511,9.73607572
2014-02-15,,,,,,,61896,963648.9787,0.24406161,15.56884093
2014-02-16,,,,,,,57531,628651.4744,0.24924963,10.92717794
2014-02-17,,,,,,,60853,505521.0846,0.22700455,8.30725
2014-02-18,,,,,,,65408,501226.9223,0.24077539,7.66308283
2014-02-19,,,,,,,70142,461038.0478,0.26543244,6.57292417
2014-02-20,,,,,,,71144,563356.8615,0.33334964,7.91854353
2014-02-21,,,,,,,69390,521821.9331,0.4653248,7.52013162
2014-02-22,,,,,,,58673,401810.9719,0.29241181,6.84831135
2014-02-23,,,,,,,60074,415338.3479,0.2999,6.9137788
2014-02-24,,,,,,,73796,776198.313,0.34225509,10.5181624
2014-02-25,,,,,,,80082,1091107.016,0.52657651,13.6248722
2014-02-26,,,,,,,73176,697463.1569,0.38006718,9.53131022
2014-02-27,,,,,,,70859,578796.5016,0.28113507,8.16828492
2014-02-28,,,,,,,70290,593174.3946,0.35291074,8.43895852
2014-03-01,,,,,,,63402,824438.3758,0.2999,13.00334967
2014-03-02,,,,,,,56635,555305.9434,0.251867,9.8049959
2014-03-03,,,,,,,81264,1068743.367,0.38454729,13.15149841
2014-03-04,,,,,,,84600,1026802.034,0.33128134,12.13713988
2014-03-05,,,,,,,72392,688295.9949,0.27506529,9.50790135
2014-03-06,,,,,,,70527,629317.3273,0.24947077,8.92306956
2014-03-07,,,,,,,72345,2470773.459,0.23459614,34.15264992
2014-03-08,,,,,,,64590,1585837.166,0.29804182,24.55236361
2014-03-09,,,,,,,62161,947172.404,0.25647985,15.23740615
2014-03-10,,,,,,,70884,1521682.947,0.24975,21.46722739
2014-03-11,,,,,,,76204,988209.0464,0.24248728,12.96794192
2014-03-12,,,,,,,76339,1058791.468,0.24928752,13.86960095
2014-03-13,,,,,,,72805,767859.0098,0.20974174,10.5467895
2014-03-14,,,,,,,70615,628708.136,0.16455973,8.90332274
2014-03-15,,,,,,,60308,585263.3653,0.1581,9.70457261
2014-03-16,,,,,,,59332,389239.4382,0.1279798,6.56036267
2014-03-17,,,,,,,66396,555550.2054,0.18405788,8.36722401
2014-03-18,,,,,,,54142,2645634.241,0.1999,48.86473054
2014-03-19,,,,,,,73804,1107106.062,0.1599406,15.00062411
2014-03-20,,,,,,,71002,684384.7819,0.20125975,9.63895076
2014-03-21,,,,,,,73091,603562.3777,0.168415,8.25768395
2014-03-22,,,,,,,66673,420925.0432,0.165843,6.31327588
2014-03-23,,,,,,,57811,337434.3697,0.1304792,5.83685405
2014-03-24,,,,,,,70983,675804.2103,0.18782182,9.52064875
2014-03-25,,,,,,,71883,548070.4505,0.21407616,7.62447936
2014-03-26,,,,,,,68315,521418.6761,0.20111133,7.63256497
2014-03-27,,,,,,,71719,792964.8434,0.23870889,11.05655186
2014-03-28,,,,,,,67079,827702.7215,0.21793591,12.33922272
2014-03-29,,,,,,,53270,401860.0241,0.17166602,7.54383375
2014-03-30,,,,,,,56853,601591.0738,0.1999,10.58151854
2014-03-31,,,,,,,65042,750539.6659,0.23377442,11.53930792
2014-04-01,,,,,,,64136,687092.9129,0.2995,10.7130615
2014-04-02,,,,,,,66913,755860.8975,0.26326027,11.29617409
2014-04-03,,,,,,,67024,789006.9323,0.25656154,11.77200603
2014-04-04,,,,,,,65692,670524.7814,0.2662061,10.20709951
2014-04-05,,,,,,,55795,731651.0799,0.19980315,13.11320153
2014-04-06,,,,,,,50010,443646.5486,0.17557841,8.87115674
2014-04-07,,,,,,,65810,467993.2299,0.21647253,7.11127837
2014-04-08,,,,,,,67841,460051.0422,0.24469676,6.7813128
2014-04-09,,,,,,,65153,606629.8773,0.23053103,9.31085103
2014-04-10,,,,,,,68027,832228.2936,0.29550004,12.23379384
2014-04-11,,,,,,,65732,785031.3897,0.26712363,11.94291044
2014-04-12,,,,,,,47740,405025.8453,0.19957886,8.4839934
2014-04-13,,,,,,,51168,415396.6019,0.17621427,8.11828881
2014-04-14,,,,,,,70219,618413.598,0.27527339,8.80692687
2014-04-15,,,,,,,72809,669588.7426,0.25867965,9.19651063
2014-04-16,,,,,,,68594,808972.6865,0.26532561,11.79363627
2014-04-17,,,,,,,65190,814063.298,0.20212206,12.48754867
2014-04-18,,,,,,,56996,781666.5723,0.22180114,13.71441105
2014-04-19,,,,,,,53515,460095.5667,0.17618553,8.59750661
2014-04-20,,,,,,,49043,419106.1734,0.18060137,8.54568793
2014-04-21,,,,,,,58110,726993.2594,0.16780601,12.51063946
2014-04-22,,,,,,,78042,886317.3472,0.18287451,11.35692764
2014-04-23,,,,,,,73954,680231.1471,0.1223,9.19803049
2014-04-24,,,,,,,72694,442259.6661,0.17545031,6.08385377
2014-04-25,,,,,,,72650,557906.3855,0.15901922,7.67937213
2014-04-26,,,,,,,52175,338826.0316,0.17899855,6.49403031
2014-04-27,,,,,,,52629,304654.6993,0.14803456,5.78872293
2014-04-28,,,,,,,64546,582844.6363,0.20281054,9.02991101
2014-04-29,,,,,,,65057,563354.9117,0.19842161,8.65940501
2014-04-30,,,,,,,63638,488615.8057,0.21849372,7.67805094
2014-05-01,,,,,,,59658,449043.5557,0.17486344,7.52696295
2014-05-02,,,,,,,59981,658715.6019,0.1699,10.98207102
2014-05-03,,,,,,,54157,557392.9599,0.1501389,10.29216832
2014-05-04,,,,,,,51769,428868.453,0.14217207,8.28427153
2014-05-05,,,,,,,67763,633594.6816,0.17,9.35015689
2014-05-06,,,,,,,77228,687403.1881,0.17570279,8.90095804
2014-05-07,,,,,,,69825,840071.9569,0.1953147,12.03110571
2014-05-08,,,,,,,68937,1349234.532,0.16863311,19.57199373
2014-05-09,,,,,,,66293,1255094.392,0.18381593,18.93253273
2014-05-10,,,,,,,56416,680089.586,0.1469,12.05490616
2014-05-11,,,,,,,52590,450023.2819,0.12710984,8.55720254
2014-05-12,,,,,,,74418,553883.0327,0.16005124,7.44286372
2014-05-13,,,,,,,69357,678338.7949,0.16963449,9.78039411
2014-05-14,,,,,,,69808,729099.5184,0.16554814,10.44435477
2014-05-15,,,,,,,74893,826657.6164,0.14307841,11.03784888
2014-05-16,,,,,,,65433,651741.4252,0.16763772,9.9604393
2014-05-17,,,,,,,53511,486627.9249,0.15995002,9.09397927
2014-05-18,,,,,,,49912,273970.0391,0.15133744,5.48906152
2014-05-19,,,,,,,64094,529418.7862,0.21534181,8.2600366
2014-05-20,,,,,,,71520,1500132.136,0.23021771,20.97500189
2014-05-21,,,,,,,68905,724297.9236,0.21707365,10.51154377
2014-05-22,,,,,,,73343,773918.6402,0.2213027,10.55204505
2014-05-23,,,,,,,72810,1247509.853,0.23341815,17.13377081
2014-05-24,,,,,,,52872,915433.5492,0.19411445,17.31414641
2014-05-25,,,,,,,57566,841110.0237,0.1999,14.61122926
2014-05-26,,,,,,,67007,760758.6263,0.20273466,11.35342018
2014-05-27,,,,,,,68524,951817.2494,0.23927035,13.89027566
2014-05-28,,,,,,,72338,869282.3392,0.1999,12.0169529
2014-05-29,,,,,,,65362,659714.0451,0.21118353,10.09323529
2014-05-30,,,,,,,65127,929717.7561,0.24090408,14.27545804
2014-05-31,,,,,,,52172,588130.1599,0.20566738,11.27290807
2014-06-01,,,,,,,55222,742697.8349,0.249433,13.44931069
2014-06-02,,,,,,,64434,952286.473,0.24950226,14.77925432
2014-06-03,,,,,,,69695,906999.0659,0.24515548,13.01383264
2014-06-04,,,,,,,65054,1034394.494,0.24653446,15.90055174
2014-06-05,,,,,,,66945,950750.3913,0.21245337,14.20196267
2014-06-06,,,,,,,62342,1049433.722,0.20087474,16.83349463
2014-06-07,,,,,,,51210,606545.1849,0.21390613,11.8442723
2014-06-08,,,,,,,48308,772391.1623,0.19243854,15.98888718
2014-06-09,,,,,,,59875,389374.168,0.22409718,6.50311762
2014-06-10,,,,,,,63316,595395.8375,0.20364708,9.40356051
2014-06-11,,,,,,,62827,533894.9103,0.24273674,8.49785777
2014-06-12,,,,,,,64744,1111447.581,0.24019593,17.16680435
2014-06-13,,,,,,,64739,746631.5273,0.19995,11.5329481
2014-06-14,,,,,,,53596,460635.3133,0.17265,8.59458379
2014-06-15,,,,,,,53916,447016.4093,0.12973854,8.29097873
2014-06-16,,,,,,,68262,741260.5615,0.16672623,10.85905132
2014-06-17,,,,,,,70077,483436.5514,0.20016018,6.89864793
2014-06-18,,,,,,,63888,549689.6139,0.19842506,8.60395714
2014-06-19,,,,,,,62454,723576.4639,0.17457301,11.58575053
2014-06-20,,,,,,,57381,563146.4864,0.20129067,9.81416298
2014-06-21,,,,,,,51173,461927.0467,0.15687466,9.02677284
2014-06-22,,,,,,,50104,528044.1749,0.15782989,10.53896245
2014-06-23,,,,,,,60216,623384.0952,0.21072063,10.35246604
2014-06-24,,,,,,,64883,882381.495,0.19404175,13.59957916
2014-06-25,,,,,,,64397,503311.0501,0.17892615,7.81575306
2014-06-26,,,,,,,61432,513326.251,0.19546501,8.35600747
2014-06-27,,,,,,,62966,487614.046,0.1998,7.74408483
2014-06-28,,,,,,,54392,339025.5712,0.1552982,6.23300432
2014-06-29,,,,,,,49094,352851.5629,0.14340455,7.18726448
2014-06-30,,,,,,,70231,686283.7475,0.20053241,9.77180657
2014-07-01,,,,,,,69443,891551.8063,0.22256701,12.83861305
2014-07-02,,,,,,,66728,944001.2797,0.20983251,14.14700395
2014-07-03,,,,,,,62849,604883.4645,0.2,9.62439282
2014-07-04,,,,,,,59494,389934.9865,0.15116601,6.55419011
2014-07-05,,,,,,,49954,421945.4195,0.11033066,8.44667933
2014-07-06,,,,,,,52139,373704.7216,0.11,7.16747006
2014-07-07,,,,,,,64686,470317.6104,0.14794427,7.270779
2014-07-08,,,,,,,70117,368883.9472,0.14496509,5.26097732
2014-07-09,,,,,,,68518,467382.0693,0.14420387,6.82130344
2014-07-10,,,,,,,64605,517645.0238,0.18327729,8.0124607
2014-07-11,,,,,,,59077,423733.2977,0.20343964,7.1725595
2014-07-12,,,,,,,53454,469369.1335,0.1482293,8.78080468
2014-07-13,,,,,,,52417,482605.8066,0.14281349,9.20704745
2014-07-14,,,,,,,62761,508730.2066,0.1696348,8.10583334
2014-07-15,,,,,,,72316,564831.83,0.15924488,7.81060664
2014-07-16,,,,,,,65571,602509.2365,0.18117055,9.18865407
2014-07-17,,,,,,,66233,468015.2489,0.17024892,7.06619432
2014-07-18,,,,,,,64062,514425.2219,0.16868727,8.03011491
2014-07-19,,,,,,,59553,308098.5166,0.0992297,5.17351798
2014-07-20,,,,,,,52001,283901.8692,0.12693847,5.45954633
2014-07-21,,,,,,,64190,448465.5867,0.1723999,6.98653352
2014-07-22,,,,,,,66858,385105.1769,0.19212708,5.76004632
2014-07-23,,,,,,,66883,414650.4,0.22396383,6.19963817
2014-07-24,,,,,,,66276,536981.6775,0.22137683,8.10220407
2014-07-25,,,,,,,61498,495814.6996,0.2157,8.06228982
2014-07-26,,,,,,,56333,309235.9587,0.13362035,5.48942819
2014-07-27,,,,,,,51991,261543.5148,0.12999897,5.03055364
2014-07-28,,,,,,,64744,489947.4799,0.20156254,7.56745767
2014-07-29,,,,,,,61607,495080.2015,0.1999,8.03610306
2014-07-30,,,,,,,66153,420687.4496,0.21684305,6.35931022
2014-07-31,,,,,,,69761,427508.9225,0.18841064,6.12819372
2014-08-01,,,,,,,67915,465864.5607,0.1998,6.85952382
2014-08-02,,,,,,,54989,389351.1238,0.15060527,7.08052744
2014-08-03,,,,,,,53621,421225.0773,0.12771583,7.85559906
2014-08-04,,,,,,,67847,428826.6255,0.1897,6.32049501
2014-08-05,,,,,,,72823,618996.1628,0.20898022,8.5000091
2014-08-06,,,,,,,80402,465456.2037,0.159625,5.78911225
2014-08-07,,,,,,,69913,433895.6363,0.18691673,6.20622253
2014-08-08,,,,,,,68297,338839.118,0.1606419,4.96125917
2014-08-09,,,,,,,60599,362484.4346,0.13868725,5.98169003
2014-08-10,,,,,,,57913,363132.0734,0.14224855,6.27030327
2014-08-11,,,,,,,75575,559067.8898,0.16920951,7.39752417
2014-08-12,,,,,,,76982,737827.3734,0.18144339,9.58441419
2014-08-13,,,,,,,75738,708436.2301,0.1999,9.35377525
2014-08-14,,,,,,,79082,747261.4703,0.24207398,9.44919792
2014-08-15,,,,,,,73193,771484.0225,0.18543779,10.54040717
2014-08-16,,,,,,,67974,673986.8054,0.13409186,9.91536183
2014-08-17,,,,,,,60223,502236.3566,0.17965752,8.33961039
2014-08-18,,,,,,,72758,1016626.951,0.25323154,13.97271709
2014-08-19,,,,,,,74740,631401.0907,0.25397171,8.44796749
2014-08-20,,,,,,,73842,564014.5462,0.26738462,7.63812662
2014-08-21,,,,,,,73164,769920.7783,0.229163,10.52321877
2014-08-22,,,,,,,66998,3174695.278,0.21184739,47.38492609
2014-08-23,,,,,,,57593,704590.96,0.18941494,12.23396871
2014-08-24,,,,,,,56695,415572.7329,0.19896226,7.32997147
2014-08-25,,,,,,,69894,951963.744,0.22009681,13.62010679
2014-08-26,,,,,,,72660,1788493.65,0.24595732,24.61455614
2014-08-27,,,,,,,74581,1439343.097,0.23311001,19.2990587
2014-08-28,,,,,,,68628,733294.4163,0.21187,10.68506172
2014-08-29,,,,,,,68614,593794.3241,0.23918565,8.65412778
2014-08-30,,,,,,,61214,597963.5577,0.16985885,9.76841176
2014-08-31,,,,,,,57755,515766.1978,0.20407476,8.93024323
2014-09-01,,,,,,,70383,708067.7322,0.19958495,10.06020959
2014-09-02,,,,,,,71909,574265.5103,0.22121863,7.98600328
2014-09-03,,,,,,,71868,502331.3874,0.22102676,6.98963916
2014-09-04,,,,,,,70810,451973.7911,0.25092659,6.38290906
2014-09-05,,,,,,,68038,494053.5259,0.21293608,7.26143516
2014-09-06,,,,,,,63369,316335.5749,0.16667678,4.99196097
2014-09-07,,,,,,,60352,372332.0464,0.15207709,6.16934064
2014-09-08,,,,,,,75766,502091.933,0.20709613,6.6268766
2014-09-09,,,,,,,81812,523185.469,0.21907771,6.39497224
2014-09-10,,,,,,,72558,472432.4856,0.22796448,6.51110126
2014-09-11,,,,,,,66026,449455.9751,0.2189,6.80725737
2014-09-12,,,,,,,68384,461999.1648,0.26605639,6.75595409
2014-09-13,,,,,,,61246,329720.3028,0.2106313,5.38354019
2014-09-14,,,,,,,67655,370679.1166,0.18320033,5.47896114
2014-09-15,,,,,,,78666,463879.0117,0.22899225,5.89681707
2014-09-16,,,,,,,87234,434785.7579,0.18456963,4.98413185
2014-09-17,,,,,,,80305,477371.0296,0.24501902,5.94447456
2014-09-18,,,,,,,77364,704089.5903,0.30172667,9.10099775
2014-09-19,,,,,,,69437,709207.1747,0.33989,10.21367822
2014-09-20,,,,,,,63482,754422.1647,0.23202654,11.88403271
2014-09-21,,,,,,,59800,801876.1426,0.20158011,13.40930004
2014-09-22,,,,,,,73289,539538.2129,0.3139,7.3617898
2014-09-23,,,,,,,77283,788111.1371,0.31300943,10.1977296
2014-09-24,,,,,,,74974,912778.1448,0.2511642,12.17459579
2014-09-25,,,,,,,78523,679083.4225,0.24632132,8.64821036
2014-09-26,,,,,,,72555,564149.0044,0.26003684,7.77546694
2014-09-27,,,,,,,63138,519088.8141,0.20262785,8.22149599
2014-09-28,,,,,,,62440,464556.3749,0.18354678,7.44004444
2014-09-29,,,,,,,77924,704387.9497,0.31113087,9.03942238
2014-09-30,,,,,,,78006,666870.4414,0.2999,8.54896343
2014-10-01,,,,,,,78779,700946.5241,0.29164126,8.89763165
2014-10-02,,,,,,,72086,599334.6896,0.26754434,8.3141621
2014-10-03,,,,,,,75094,727691.2351,0.2499,9.69040449
2014-10-04,,,,,,,66632,653572.4996,0.25751622,9.80868801
2014-10-05,,,,,,,67330,928155.201,0.29698082,13.78516561
2014-10-06,,,,,,,78049,1129892.51,0.31627183,14.47670706
2014-10-07,,,,,,,79069,863049.4237,0.30799227,10.91514276
2014-10-08,,,,,,,78818,904441.452,0.3159777,11.47506219
2014-10-09,,,,,,,82789,974536.0041,0.31643645,11.77132232
2014-10-10,,,,,,,81058,985124.6401,0.2899,12.1533302
2014-10-11,,,,,,,65020,585164.3364,0.25252959,8.99975909
2014-10-12,,,,,,,63509,473902.1303,0.20454826,7.46196807
2014-10-13,,,,,,,77942,777900.5169,0.2591422,9.98050495
2014-10-14,,,,,,,81364,892500.9108,0.29312137,10.96923591
2014-10-15,,,,,,,76257,1203856.935,0.31682005,15.78683839
2014-10-16,,,,,,,75737,1055720.159,0.26833363,13.93929201
2014-10-17,,,,,,,70839,915354.2618,0.28828064,12.92161467
2014-10-18,,,,,,,66477,601562.3427,0.21468191,9.04918005
2014-10-19,,,,,,,63255,454054.118,0.19758312,7.17815379
2014-10-20,,,,,,,82700,830307.6779,0.26039559,10.0399961
2014-10-21,,,,,,,81651,581714.0529,0.28862389,7.12439593
2014-10-22,,,,,,,79987,866640.0391,0.2583202,10.83476113
2014-10-23,,,,,,,80638,1087485.242,0.2860484,13.48601456
2014-10-24,,,,,,,77906,711103.0905,0.2229815,9.12770634
2014-10-25,,,,,,,72515,914765.1895,0.30504256,12.61484092
2014-10-26,,,,,,,70762,873574.2732,0.1571811,12.34524565
2014-10-27,,,,,,,83977,1075298.668,0.26554608,12.80468065
2014-10-28,,,,,,,87980,843974.1009,0.24989999,9.59279496
2014-10-29,,,,,,,93667,799636.488,0.24728896,8.53701397
2014-10-30,,,,,,,92622,714469.8837,0.20995598,7.71382483
2014-10-31,,,,,,,85703,1292623.2,0.22433304,15.08258987
2014-11-01,,,,,,,69591,695834.0322,0.21451643,9.99890836
2014-11-02,,,,,,,77170,551998.1464,0.16516932,7.15301472
2014-11-03,,,,,,,90351,1077667.496,0.21277696,11.92756578
2014-11-04,,,,,,,87617,1137149.361,0.25017321,12.97863839
2014-11-05,,,,,,,89460,958586.3654,0.27234357,10.71525112
2014-11-06,,,,,,,94296,755795.9708,0.23548084,8.01514349
2014-11-07,,,,,,,83957,859523.15,0.22233162,10.23765915
2014-11-08,,,,,,,72717,566350.1301,0.17001209,7.7884144
2014-11-09,,,,,,,72212,536383.1464,0.15488231,7.42789489
2014-11-10,,,,,,,88994,937478.9675,0.2479185,10.53418171
2014-11-11,,,,,,,85618,698875.8992,0.22094224,8.16272161
2014-11-12,,,,,,,95579,1115072.511,0.29256981,11.66650112
2014-11-13,,,,,,,92958,1656517.994,0.30992383,17.82006921
2014-11-14,,,,,,,86307,954336.7036,0.25617352,11.05746583
2014-11-15,,,,,,,73242,811752.5169,0.20324311,11.08315606
2014-11-16,,,,,,,76009,727901.1375,0.17360304,9.57651248
2014-11-17,,,,,,,88354,838436.9866,0.27515972,9.48951928
2014-11-18,,,,,,,87524,983866.146,0.26593054,11.24110125
2014-11-19,,,,,,,85271,940122.1566,0.28237915,11.02511002
2014-11-20,,,,,,,89388,1039330.407,0.27941033,11.62718046
2014-11-21,,,,,,,82179,1319260.313,0.273555,16.05349679
2014-11-22,,,,,,,74725,790597.1497,0.28144378,10.58008898
2014-11-23,,,,,,,77283,600423.4827,0.1625805,7.7691534
2014-11-24,,,,,,,85807,798399.7886,0.2498,9.30459972
2014-11-25,,,,,,,86134,970483.0311,0.29982995,11.26713064
2014-11-26,,,,,,,85111,1052627.492,0.32620549,12.36770208
2014-11-27,,,,,,,84682,997888.1184,0.30218941,11.78394603
2014-11-28,,,,,,,85912,1348602.666,0.34357396,15.69748889
2014-11-29,,,,,,,79098,978881.2497,0.30554282,12.37554994
2014-11-30,,,,,,,85013,980576.3634,0.22803077,11.53442842
2014-12-01,,,,,,,97623,1310227.619,0.32922672,13.4213005
2014-12-02,,,,,,,99419,1369541.036,0.36069126,13.77544569
2014-12-03,,,,,,,99348,1221569.88,0.31011428,12.29586786
2014-12-04,,,,,,,98348,1067513.529,0.30188329,10.85445082
2014-12-05,,,,,,,90900,1159419.053,0.29489568,12.75488507
2014-12-06,,,,,,,81230,617000.7526,0.26364705,7.59572513
2014-12-07,,,,,,,74792,819728.7355,0.24251629,10.96011251
2014-12-08,,,,,,,90746,1654310.767,0.35238776,18.23012328
2014-12-09,,,,,,,90220,1153236.962,0.34961079,12.78249792
2014-12-10,,,,,,,88798,1324896.827,0.42078198,14.92034535
2014-12-11,,,,,,,84005,816064.5395,0.34318524,9.71447579
2014-12-12,,,,,,,81297,973005.7948,0.299895,11.96853259
2014-12-13,,,,,,,76207,703931.5351,0.2854398,9.2370981
2014-12-14,,,,,,,79703,620021.6771,0.25699714,7.77915106
2014-12-15,,,,,,,94459,877938.5372,0.33663818,9.29438737
2014-12-16,,,,,,,101064,991140.0715,0.41996794,9.80705366
2014-12-17,,,,,,,98444,1131649.113,0.35842347,11.49535891
2014-12-18,,,,,,,95207,1149420.704,0.46929598,12.07285918
2014-12-19,,,,,,,95405,888146.5716,0.4396583,9.30922458
2014-12-20,,,,,,,86901,716846.4379,0.45904092,8.24900102
2014-12-21,,,,,,,78963,953544.879,0.27336202,12.07584411
2014-12-22,,,,,,,96511,1012482.576,0.4004541,10.49085157
2014-12-23,,,,,,,99469,1214044.752,0.42589179,12.20525743
2014-12-24,,,,,,,82347,830572.2505,0.35476397,10.08624783
2014-12-25,,,,,,,67918,871329.6532,0.29988565,12.8291418
2014-12-26,,,,,,,76198,711559.3835,0.3799,9.33829475
2014-12-27,,,,,,,76814,660397.5181,0.34129549,8.59735879
2014-12-28,,,,,,,75715,695793.2128,0.2499,9.18963498
2014-12-29,,,,,,,83447,800353.9474,0.33165805,9.59116501
2014-12-30,,,,,,,85049,1096888.923,0.44956301,12.89714073
2014-12-31,,,,,,,77411,952547.6689,0.4101539,12.30506864
2015-01-01,,,,,,,59344,468753.5395,0.26549354,7.89892052
2015-01-02,,,,,,,79287,732227.1628,0.41079532,9.23514778
2015-01-03,,,,,,,82227,840791.7429,0.33097658,10.22525135
2015-01-04,,,,,,,85694,1134011.441,0.35412338,13.23326534
2015-01-05,,,,,,,95585,1138485.291,0.33187461,11.91071078
2015-01-06,,,,,,,87821,1167816.877,0.37241651,13.29769505
2015-01-07,,,,,,,89916,1244955.47,0.39345713,13.84576126
2015-01-08,,,,,,,107132,1444881.242,0.38994574,13.48692493
2015-01-09,,,,,,,102275,1260617.841,0.37801908,12.3257672
2015-01-10,,,,,,,104874,968388.5605,0.42168782,9.23382878
2015-01-11,,,,,,,90630,1238899.633,0.25340014,13.66986243
2015-01-12,,,,,,,98969,1033013.598,0.2249096,10.43774917
2015-01-13,,,,,,,102309,1777456.867,0.46618392,17.37341648
2015-01-14,,,,,,,104765,2405987.366,0.50175486,22.96556451
2015-01-15,,,,,,,120390,2577910.753,0.62415,21.41299736
2015-01-16,,,,,,,104699,1954797.048,0.54178418,18.67063723
2015-01-17,,,,,,,90499,1129745.74,0.36666038,12.48351628
2015-01-18,,,,,,,83186,975319.0226,0.33692917,11.72455728
2015-01-19,,,,,,,98485,1010771.694,0.35168351,10.26320448
2015-01-20,,,,,,,98925,1415745.681,0.3997,14.31130332
2015-01-21,,,,,,,96959,1429334.28,0.35641211,14.74163595
2015-01-22,,,,,,,93698,1210357.461,0.39552451,12.91764457
2015-01-23,,,,,,,92011,1031664.176,0.34438272,11.21240043
2015-01-24,,,,,,,83557,1198004.7,0.28310052,14.33757435
2015-01-25,,,,,,,86558,939292.2823,0.22812522,10.8515941
2015-01-26,,,,,,,108181,2117894.105,0.3420789,19.57732045
2015-01-27,,,,,,,99393,1168996.658,0.32158962,11.76135802
2015-01-28,,,,,,,85232,931086.7845,0.30465851,10.92414567
2015-01-29,,,,,,,90879,984245.5476,0.37127928,10.83028584
2015-01-30,,,,,,,81199,892273.3536,0.40258823,10.98872342
2015-01-31,,,,,,,86312,784700.3112,0.28233864,9.09143932
2015-02-01,,,,,,,78994,756613.0128,0.27146443,9.57810736
2015-02-02,,,,,,,85987,994219.9033,0.39940716,11.56244436
2015-02-03,,,,,,,91793,1303829.042,0.42792314,14.20401383
2015-02-04,,,,,,,90814,1216663.51,0.33951085,13.3973122
2015-02-05,,,,,,,86567,1249085.903,0.34285808,14.42912313
2015-02-06,,,,,,,85705,942154.7112,0.37851053,10.99299587
2015-02-07,,,,,,,85699,630706.709,0.21078101,7.35955739
2015-02-08,,,,,,,82679,642136.12,0.1891884,7.76661691
2015-02-09,,,,,,,104758,871703.0798,0.19157752,8.32111227
2015-02-10,,,,,,,102975,837890.4053,0.25442271,8.13683326
2015-02-11,,,,,,,97048,875765.9813,0.22690315,9.02404976
2015-02-12,,,,,,,87427,740915.4394,0.34860768,8.47467532
2015-02-13,,,,,,,113660,1038641.097,0.24101076,9.13814092
2015-02-14,,,,,,,98773,705935.3001,0.15675166,7.14704727
2015-02-15,,,,,,,85267,736443.2802,0.19293246,8.63690853
2015-02-16,,,,,,,104632,735152.0297,0.19965,7.02607261
2015-02-17,,,,,,,102988,802288.6361,0.24067814,7.79011764
2015-02-18,,,,,,,105719,860241.9696,0.23293926,8.13706116
2015-02-19,,,,,,,94552,711660.2269,0.22282249,7.5266544
2015-02-20,,,,,,,98714,793592.5813,0.1996015,8.03931135
2015-02-21,,,,,,,87827,616374.9694,0.19866796,7.01805787
2015-02-22,,,,,,,84942,474504.9653,0.18275556,5.58622313
2015-02-23,,,,,,,101515,832204.4271,0.21262563,8.19784689
2015-02-24,,,,,,,105125,733761.653,0.31954251,6.97989681
2015-02-25,,,,,,,105394,830420.6323,0.25817477,7.87920215
2015-02-26,,,,,,,100817,1154679.246,0.23853096,11.45321965
2015-02-27,,,,,,,101474,1508199.836,0.25459882,14.86291893
2015-02-28,,,,,,,89632,628807.6266,0.1999,7.01543674
2015-03-01,,,,,,,88728,1271223.761,0.17056236,14.32719954
2015-03-02,,,,,,,104937,1918811.469,0.2729374,18.28536616
2015-03-03,,,,,,,110981,1119273.268,0.29481869,10.08526925
2015-03-04,,,,,,,98529,900939.9948,0.26734394,9.14390681
2015-03-05,,,,,,,101115,1092698.316,0.25210386,10.80649078
2015-03-06,,,,,,,93869,827288.9005,0.24038581,8.81322801
2015-03-07,,,,,,,91505,1141946.234,0.14384447,12.47960476
2015-03-08,,,,,,,87527,2274954.467,0.14166782,25.9914594
2015-03-09,,,,,,,105536,1127088.021,0.2203266,10.67965453
2015-03-10,,,,,,,105541,1129610.618,0.24216921,10.70305017
2015-03-11,,,,,,,100765,889926.8051,0.21338676,8.8317055
2015-03-12,,,,,,,97095,1062851.207,0.2638361,10.94650813
2015-03-13,,,,,,,96036,939969.1621,0.21322293,9.78767506
2015-03-14,,,,,,,89511,803088.6926,0.17912148,8.97195531
2015-03-15,,,,,,,84934,580275.5129,0.14691003,6.83207564
2015-03-16,,,,,,,105218,942371.1835,0.22925,8.95636852
2015-03-17,,,,,,,99561,791384.668,0.2425166,7.94874165
2015-03-18,,,,,,,99607,1527886.934,0.24021756,15.33915221
2015-03-19,,,,,,,106297,1099027.916,0.19559681,10.33921856
2015-03-20,,,,,,,103532,828924.7198,0.197061,8.00645906
2015-03-21,,,,,,,92836,648767.1488,0.1788223,6.98831432
2015-03-22,,,,,,,90586,494624.0947,0.1602345,5.46027084
2015-03-23,,,,,,,106019,895888.5869,0.21290271,8.45026445
2015-03-24,,,,,,,92927,962933.2127,0.2734618,10.36225437
2015-03-25,,,,,,,97138,1074177.826,0.22442548,11.05826582
2015-03-26,,,,,,,101181,990488.3161,0.20051031,9.78927186
2015-03-27,,,,,,,99491,1009654.614,0.26708186,10.14820047
2015-03-28,,,,,,,87374,636684.2846,0.17646028,7.28688493
2015-03-29,,,,,,,90516,560267.5255,0.15912564,6.18970707
2015-03-30,,,,,,,106355,864869.1159,0.23014337,8.13190838
2015-03-31,,,,,,,115111,853286.6647,0.25282916,7.41272914
2015-04-01,,,,,,,119343,1081312.209,0.25007782,9.06054153
2015-04-02,,,,,,,112070,787470.6151,0.24484372,7.02659601
2015-04-03,,,,,,,104546,741739.1986,0.1889,7.09485966
2015-04-04,,,,,,,89651,466174.8901,0.15355764,5.19988499
2015-04-05,,,,,,,95023,456585.2212,0.12151061,4.8049969
2015-04-06,,,,,,,107449,744633.7591,0.18409,6.93011344
2015-04-07,,,,,,,108714,798411.0204,0.23975467,7.34414169
2015-04-08,,,,,,,110751,921436.6376,0.22026268,8.31989451
2015-04-09,,,,,,,116620,889290.2705,0.19978394,7.62553824
2015-04-10,,,,,,,112826,1018464.98,0.20471575,9.0268642
2015-04-11,,,,,,,99429,629073.6507,0.17288371,6.32686289
2015-04-12,,,,,,,86999,482927.6735,0.19591309,5.5509566
2015-04-13,,,,,,,115407,932492.3319,0.20862484,8.08003268
2015-04-14,,,,,,,110150,993521.1026,0.26076618,9.01971041
2015-04-15,,,,,,,107606,817384.2247,0.21365372,7.59608409
2015-04-16,,,,,,,99046,1142185.798,0.27188133,11.53187204
2015-04-17,,,,,,,102755,1155280.224,0.3017125,11.24305604
2015-04-18,,,,,,,97709,778624.8933,0.19902445,7.96881447
2015-04-19,,,,,,,91134,1011395.913,0.24531151,11.09789884
2015-04-20,,,,,,,116746,1313191.509,0.28174004,11.24827839
2015-04-21,,,,,,,112502,1267835.01,0.42844043,11.26944418
2015-04-22,,,,,,,111878,1313270.987,0.39878511,11.7384203
2015-04-23,,,,,,,109838,1142239.424,0.4399,10.3993101
2015-04-24,,,,,,,108776,1254488.658,0.39149009,11.53277063
2015-04-25,,,,,,,98465,942009.3881,0.32084605,9.5669465
2015-04-26,,,,,,,92999,1104967.223,0.30620061,11.88149574
2015-04-27,,,,,,,113775,1339966.492,0.31947887,11.77733678
2015-04-28,,,,,,,113193,1314843.551,0.32834148,11.61594401
2015-04-29,,,,,,,117260,1283313.521,0.31521234,10.94417125
2015-04-30,,,,,,,112958,1202935.442,0.31185404,10.64940457
2015-05-01,,,,,,,99560,1222705.279,0.26623594,12.28108958
2015-05-02,,,,,,,95102,841138.9669,0.19045654,8.84459808
2015-05-03,,,,,,,84602,814678.1022,0.25306927,9.62953715
2015-05-04,,,,,,,104000,1249214.42,0.29954884,12.01167711
2015-05-05,,,,,,,115348,1209226.6,0.28482585,10.48329056
2015-05-06,,,,,,,111733,1183663.597,0.30401122,10.59367954
2015-05-07,,,,,,,111125,1305959.252,0.3235909,11.75216424
2015-05-08,,,,,,,109145,1094583.254,0.28312835,10.02870726
2015-05-09,,,,,,,94716,891165.68,0.20130176,9.40881878
2015-05-10,,,,,,,89409,964880.0029,0.30125521,10.79175477
2015-05-11,,,,,,,111374,1185811.587,0.43774427,10.64711321
2015-05-12,,,,,,,110101,1053433.908,0.41835936,9.56788683
2015-05-13,,,,,,,108858,1116788.212,0.31614148,10.25912851
2015-05-14,,,,,,,101584,1045569.81,0.29330895,10.29266233
2015-05-15,,,,,,,105160,946033.6857,0.25495234,8.99613622
2015-05-16,,,,,,,90686,766837.9326,0.20164255,8.4559682
2015-05-17,,,,,,,87162,624927.3168,0.20282419,7.16972208
2015-05-18,,,,,,,98578,943037.2218,0.26741852,9.56640651
2015-05-19,,,,,,,107346,1197521.893,0.48053942,11.15571975
2015-05-20,,,,,,,106888,1097789.817,0.44436135,10.27046831
2015-05-21,,,,,,,98302,951824.0655,0.47095456,9.68265208
2015-05-22,,,,,,,102770,1306168.098,0.4159541,12.70962438
2015-05-23,,,,,,,86279,952580.4924,0.33363935,11.04069927
2015-05-24,,,,,,,94044,726332.156,0.20615709,7.72332265
2015-05-25,,,,,,,106086,944628.1899,0.31079039,8.9043624
2015-05-26,,,,,,,108384,1012801.84,0.33007438,9.34456968
2015-05-27,,,,,,,108089,1155364.881,0.33396788,10.68901443
2015-05-28,,,,,,,110980,1013080.77,0.34170646,9.12849856
2015-05-29,,,,,,,124052,1083044.471,0.23465823,8.73056839
2015-05-30,,,,,,,127801,910677.7551,0.12414535,7.12574827
2015-05-31,,,,,,,98784,939481.6342,0.34345575,9.51046357
2015-06-01,,,,,,,128696,1511638.926,0.4834019,11.74581125
2015-06-02,,,,,,,128207,1427614.349,0.49231348,11.13522935
2015-06-03,,,,,,,127600,1371892.788,0.39288764,10.75151087
2015-06-04,,,,,,,118346,1241860.249,0.33186976,10.49347041
2015-06-05,,,,,,,110201,1447942.092,0.46313634,13.1391012
2015-06-06,,,,,,,92696,1067922.86,0.46737117,11.52070057
2015-06-07,,,,,,,83627,985928.1828,0.29486463,11.78959167
2015-06-08,,,,,,,108173,1129649.879,0.3684154,10.44299297
2015-06-09,,,,,,,121638,1280040.336,0.48686,10.52335894
2015-06-10,,,,,,,131279,1315885.147,0.44570923,10.02357686
2015-06-11,,,,,,,120624,1270934.584,0.44985,10.5363326
2015-06-12,,,,,,,126945,1366574.232,0.41017588,10.76508907
2015-06-13,,,,,,,105843,1059041.014,0.34202474,10.00577283
2015-06-14,,,,,,,103036,1314421.188,0.28072342,12.75691202
2015-06-15,,,,,,,129389,1488281.478,0.40811102,11.50238024
2015-06-16,,,,,,,121541,1882331.978,0.41217356,15.48721812
2015-06-17,,,,,,,133122,1896661.993,0.50615768,14.24754731
2015-06-18,,,,,,,124929,1470729.017,0.43084307,11.77251892
2015-06-19,,,,,,,125222,1862738.655,0.34524993,14.87549037
2015-06-20,,,,,,,102012,1106879.277,0.2998,10.85048108
2015-06-21,,,,,,,96654,982028.3726,0.26649353,10.16024554
2015-06-22,,,,,,,119345,1116461.808,0.36856045,9.35491062
2015-06-23,,,,,,,125560,1159177.864,0.30015,9.23206327
2015-06-24,,,,,,,113093,1151794.271,0.29802774,10.18448772
2015-06-25,,,,,,,111468,954825.2733,0.2785344,8.56591374
2015-06-26,,,,,,,116432,1523303.491,0.33170152,13.08320299
2015-06-27,,,,,,,106004,1268853.974,0.2344335,11.96986881
2015-06-28,,,,,,,99145,825968.9503,0.25954336,8.33091885
2015-06-29,,,,,,,124180,1334497.097,0.45420421,10.74647364
2015-06-30,,,,,,,155869,1670248.6,0.84481529,10.71572025
2015-07-01,,,,,,,144112,1307377.465,0.333794,9.07195421
2015-07-02,,,,,,,142153,1346675.491,0.50827663,9.47342293
2015-07-03,,,,,,,129719,1256857.348,0.41136691,9.68907676
2015-07-04,,,,,,,104582,931803.5125,0.24895183,8.90978861
2015-07-05,,,,,,,115084,1148118.743,0.58151516,9.97635416
2015-07-06,,,,,,,174070,1515223.326,0.5139,8.70467815
2015-07-07,,,,,,,190747,1252017.954,0.50837976,6.56376222
2015-07-08,,,,,,,201747,1278701.823,0.58661394,6.33814541
2015-07-09,,,,,,,191163,1327555.348,0.36825278,6.94462499
2015-07-10,,,,,,,193020,1846251.528,0.22122532,9.56507889
2015-07-11,,,,,,,186200,1282132.212,0.16792293,6.88577986
2015-07-12,,,,,,,208685,1265050.143,0.03797824,6.06200801
2015-07-13,,,,,,,159695,1377993.237,0.14462699,8.62890658
2015-07-14,,,,,,,122618,1301094.159,0.3531912,10.61095564
2015-07-15,,,,,,,115570,1278826.696,0.32112,11.06538631
2015-07-16,,,,,,,114387,1411380.258,0.33488609,12.33864213
2015-07-17,,,,,,,116906,1196198.22,0.22508719,10.2321371
2015-07-18,,,,,,,130695,912672.7823,0.07764354,6.98322646
2015-07-19,,,,,,,120887,741667.3192,0.06551093,6.13521155
2015-07-20,,,,,,,125258,1021035.401,0.25244432,8.1514586
2015-07-21,,,,,,,133785,1072092.571,0.1956951,8.01354838
2015-07-22,,,,,,,131259,1066781.87,0.21032855,8.12730456
2015-07-23,,,,,,,109620,1147723.095,0.38510011,10.47001545
2015-07-24,,,,,,,109918,1237475.72,0.36297798,11.25817172
2015-07-25,,,,,,,100544,775155.0696,0.21800333,7.70961041
2015-07-26,,,,,,,92776,605701.1592,0.25875324,6.52864058
2015-07-27,,,,,,,115226,1023387.285,0.35635053,8.88156565
2015-07-28,,,,,,,118350,1225712.8,0.34560959,10.35667765
2015-07-29,,,,,,,143200,1124862.871,0.3869776,7.85518764
2015-07-30,,,,,,,123577,1045771.381,0.37782946,8.46250824
2015-07-31,,,,,,,147503,1036533.208,0.34470401,7.02720085
2015-08-01,,,,,,,147481,795128.0458,0.19864239,5.39139309
2015-08-02,,,,,,,103600,652971.4523,0.18508806,6.30281324
2015-08-03,,,,,,,119844,1039238.01,0.26699478,8.67158981
2015-08-04,,,,,,,132547,1190335.552,0.4708091,8.98047901
2015-08-05,,,,,,,133758,1251881.952,0.41965854,9.35930525
2015-08-06,,,,,,,134838,1164782.1,0.2892848,8.63838161
2015-08-07,,,,,,,111345,1135247.966,0.40471893,10.1957696
2015-08-08,,,,,,,101512,1260644.042,0.27551057,12.41867012
2015-08-09,,,,,,,90534,1243911.32,0.26690105,13.73971458
2015-08-10,,,,,,,116841,1252737.054,0.37841415,10.72172485
2015-08-11,,,,,,,114741,1189959.004,0.3805886,10.3708265
2015-08-12,,,,,,,117898,1367337.176,0.37544955,11.59762825
2015-08-13,,,,,,,117507,1476997.212,0.29891195,12.56944022
2015-08-14,,,,,,,111255,1396733.761,0.3019188,12.55434597
2015-08-15,,,,,,,94944,1051601.128,0.25309538,11.07601458
2015-08-16,,,,,,,89498,1102992.145,0.32102209,12.32420997
2015-08-17,,,,,,,115049,1534698.414,0.43748293,13.3395198
2015-08-18,,,,,,,119798,1838006.14,0.4430755,15.34254445
2015-08-19,,,,,,,120151,1672000.194,0.47026111,13.9158242
2015-08-20,,,,,,,118230,1614044.41,0.42483945,13.65173314
2015-08-21,,,,,,,113792,1443062.661,0.366255,12.68158271
2015-08-22,,,,,,,105665,1298520.289,0.26193314,12.28902937
2015-08-23,,,,,,,94529,1054276.888,0.27426586,11.15294658
2015-08-24,,,,,,,125368,2044762.559,0.4007708,16.31008358
2015-08-25,,,,,,,121973,2090682.397,0.45654431,17.14053435
2015-08-26,,,,,,,122852,1602665.082,0.3702945,13.04549443
2015-08-27,,,,,,,120079,1521364.302,0.37823652,12.66969496
2015-08-28,,,,,,,120385,1696745.71,0.42498204,14.09432827
2015-08-29,,,,,,,107489,970603.2077,0.26725562,9.02979102
2015-08-30,,,,,,,98339,796372.9679,0.30769975,8.09824147
2015-08-31,,,,,,,127260,1289203.026,0.34335608,10.13046539
2015-09-01,,,,,,,130410,1450189.359,0.35996835,11.12023126
2015-09-02,,,,,,,150066,1420760.404,0.71343355,9.46757029
2015-09-03,,,,,,,128682,1244428.457,0.40954838,9.6705713
2015-09-04,,,,,,,103973,1126207.636,0.36005276,10.83173166
2015-09-05,,,,,,,124218,927671.4473,0.18304376,7.46809196
2015-09-06,,,,,,,106293,974590.2221,0.24795203,9.16890314
2015-09-07,,,,,,,125467,1037449.438,0.33152553,8.26870362
2015-09-08,,,,,,,125379,1405755.725,0.41242078,11.21205086
2015-09-09,,,,,,,126457,1322667.49,0.44312088,10.45942486
2015-09-10,,,,,,,124951,1388529.813,0.3783202,11.11259463
2015-09-11,,,,,,,180002,1229166.287,0.11476802,6.82862571
2015-09-12,,,,,,,137740,792194.7014,0.14451643,5.75137724
2015-09-13,,,,,,,146048,857284.687,0.08454625,5.86988309
2015-09-14,,,,,,,166715,1274802.365,0.13470748,7.64659667
2015-09-15,,,,,,,162999,1328808.247,0.18029364,8.15224784
2015-09-16,,,,,,,167269,1447703.351,0.14826952,8.65494115
2015-09-17,,,,,,,259279,1313550.111,0.00033185,5.06616467
2015-09-18,,,,,,,161504,1294189.438,0.15084955,8.01335841
2015-09-19,,,,,,,114851,1103841.71,0.24786913,9.61107618
2015-09-20,,,,,,,109158,921339.9312,0.26132813,8.44042517
2015-09-21,,,,,,,131679,1626346.885,0.36350312,12.35084474
2015-09-22,,,,,,,136784,1509301.549,0.44808712,11.0341966
2015-09-23,,,,,,,131400,1275111.387,0.42689784,9.70404403
2015-09-24,,,,,,,125367,1218839.384,0.48555167,9.72217077
2015-09-25,,,,,,,128166,1377613.436,0.48599937,10.74866529
2015-09-26,,,,,,,115622,1031722.863,0.34215867,8.92324006
2015-09-27,,,,,,,108749,762307.9736,0.3296584,7.00979295
2015-09-28,,,,,,,138570,1498942.326,0.5021816,10.81722108
2015-09-29,,,,,,,140664,1708232.253,0.55006928,12.1440614
2015-09-30,,,,,,,139848,1427955.317,0.453823,10.2107668
2015-10-01,,,,,,,134327,1594273.517,0.58496972,11.86860063
2015-10-02,,,,,,,139746,1736936.173,0.46989806,12.42923713
2015-10-03,,,,,,,119567,1014633.646,0.3476185,8.48590034
2015-10-04,,,,,,,103531,875921.7015,0.3446777,8.46047755
2015-10-05,,,,,,,125548,1376046.461,0.42758904,10.96032163
2015-10-06,,,,,,,144510,1746893.786,0.53116772,12.08839378
2015-10-07,,,,,,,134931,1467287.931,0.48031939,10.87435749
2015-10-08,,,,,,,140348,2024493.039,0.44158105,14.42480861
2015-10-09,,,,,,,114644,1285576.088,0.40609959,11.21363601
2015-10-10,,,,,,,127005,1202360.838,0.25155803,9.46703545
2015-10-11,,,,,,,104550,984354.2715,0.31386002,9.41515324
2015-10-12,,,,,,,134410,1420597.101,0.48968263,10.56913251
2015-10-13,,,,,,,134878,1686833.094,0.40111465,12.506362
2015-10-14,,,,,,,141985,1712379.268,0.41127925,12.0602829
2015-10-15,,,,,,,153495,1988422.698,0.46942901,12.95431576
2015-10-16,,,,,,,143286,1850429.227,0.45652031,12.91423605
2015-10-17,,,,,,,135911,1528651.216,0.34801045,11.24744293
2015-10-18,,,,,,,119706,1078549.972,0.30523425,9.00999091
2015-10-19,,,,,,,143969,1486021.039,0.44567977,10.3218126
2015-10-20,,,,,,,146349,1571077.208,0.41963767,10.73514139
2015-10-21,,,,,,,150199,1415030.642,0.42820571,9.42103903
2015-10-22,,,,,,,147402,1578891.061,0.46731905,10.71146294
2015-10-23,,,,,,,143468,1457532.568,0.35758308,10.15928686
2015-10-24,,,,,,,140128,1366695.171,0.21076974,9.75319116
2015-10-25,,,,,,,131488,1420121.219,0.34208179,10.80038649
2015-10-26,,,,,,,116400,1557555.623,0.41153394,13.38106205
2015-10-27,,,,,,,153740,1841851.101,0.40323768,11.98029856
2015-10-28,,,,,,,160175,2018300.807,0.4115042,12.60059814
2015-10-29,,,,,,,161062,2350028.927,0.40995021,14.59083413
2015-10-30,,,,,,,166695,2570362.496,0.41504258,15.41955365
2015-10-31,,,,,,,155400,1859735.456,0.29219805,11.96740962
2015-11-01,,,,,,,152488,1728973.135,0.38835163,11.33842095
2015-11-02,,,,,,,172108,2577333.997,0.37162825,14.97509701
2015-11-03,,,,,,,186362,3664257.982,0.44996787,19.66204474
2015-11-04,,,,,,,204198,11057976.93,0.43406442,54.15320881
2015-11-05,,,,,,,182809,3729387.69,0.46091901,20.40045998
2015-11-06,,,,,,,166893,2801172.948,0.36102403,16.78424468
2015-11-07,,,,,,,151497,2270257.386,0.2423412,14.985494
2015-11-08,,,,,,,132550,1951961.571,0.25598486,14.72622837
2015-11-09,,,,,,,159836,3077511.095,0.2999,19.25417987
2015-11-10,,,,,,,161962,2949523.744,0.35079314,18.21120845
2015-11-11,,,,,,,158929,3406609.13,0.41359067,21.43478616
2015-11-12,,,,,,,157847,3009330.159,0.4214462,19.06485494
2015-11-13,,,,,,,154827,2859815.653,0.39852456,18.47103963
2015-11-14,,,,,,,150474,3101801.957,0.28443761,20.61354092
2015-11-15,,,,,,,143369,2174095.971,0.3588384,15.16433797
2015-11-16,,,,,,,158316,2677886.976,0.42336851,16.9148221
2015-11-17,,,,,,,156688,1941829.002,0.34314856,12.39296565
2015-11-18,,,,,,,165269,1818395.251,0.33335524,11.00263963
2015-11-19,,,,,,,154483,2044159.951,0.33381241,13.23226471
2015-11-20,,,,,,,155774,2234969.792,0.31409583,14.34751494
2015-11-21,,,,,,,151035,1486007.496,0.2499,9.83882871
2015-11-22,,,,,,,129659,1143630.172,0.25574488,8.82029147
2015-11-23,,,,,,,145272,1346455.366,0.35356474,9.26851262
2015-11-24,,,,,,,152324,1443783.471,0.35000543,9.47837156
2015-11-25,,,,,,,151861,1886760.528,0.40017584,12.42425986
2015-11-26,,,,,,,164671,2121111.666,0.46513692,12.88090596
2015-11-27,,,,,,,160235,2178876.039,0.43449782,13.59800317
2015-11-28,,,,,,,165676,1963586.131,0.22319609,11.85196486
2015-11-29,,,,,,,129850,1385292.605,0.27764305,10.66840666
2015-11-30,,,,,,,182648,2456831.957,0.42172248,13.45118455
2015-12-01,,,,,,,178112,2486562.891,0.40130864,13.9606702
2015-12-02,,,,,,,183523,2752052.293,0.43033074,14.9956806
2015-12-03,,,,,,,164774,2082292.177,0.29717825,12.6372618
2015-12-04,,,,,,,173586,2679265.338,0.32695955,15.43480083
2015-12-05,,,,,,,186194,4911502.152,0.34129065,26.37841257
2015-12-06,,,,,,,179712,5488139.032,0.46944805,30.53852292
2015-12-07,,,,,,,192830,3198317.656,0.52005833,16.58620368
2015-12-08,,,,,,,195221,3008976.095,0.4380486,15.41317837
2015-12-09,,,,,,,220323,3947929.92,0.5946195,17.9188279
2015-12-10,,,,,,,212036,3245902.978,0.62522979,15.30826358
2015-12-11,,,,,,,210259,3776131.78,0.60447784,17.95942993
2015-12-12,,,,,,,204141,3362852.452,0.46417,16.47318496
2015-12-13,,,,,,,189914,5207976.689,0.59222824,27.42281605
2015-12-14,,,,,,,231477,4849779.812,0.51057566,20.9514544
2015-12-15,,,,,,,223998,4358464.701,0.47558738,19.45760542
2015-12-16,,,,,,,220420,4431091.6,0.4511725,20.1029471
2015-12-17,,,,,,,216297,4178403.356,0.5003271,19.31789787
2015-12-18,,,,,,,213847,4061563.689,0.50389852,18.99284857
2015-12-19,,,,,,,213876,3879031.2,0.33748973,18.1368232
2015-12-20,,,,,,,193847,3945090.584,0.49160917,20.35156893
2015-12-21,,,,,,,229444,5318227.109,0.57291775,23.17875868
2015-12-22,,,,,,,222717,4795572.96,0.61900853,21.53213701
2015-12-23,,,,,,,221075,4488757.243,0.59441338,20.30422817
2015-12-24,,,,,,,210228,4684927.76,0.61947671,22.28498468
2015-12-25,,,,,,,180383,3913272.876,0.65774699,21.69424433
2015-12-26,,,,,,,179363,2699655.458,0.28446807,15.05135093
2015-12-27,,,,,,,160271,1447421.017,0.21058328,9.03108495
2015-12-28,,,,,,,173129,2152309.076,0.26629088,12.43182295
2015-12-29,,,,,,,184618,2157841.571,0.29952822,11.68814292
2015-12-30,,,,,,,176447,2293384.819,0.24111656,12.99758464
2015-12-31,,,,,,,155362,1162597.626,0.24539301,7.48315306
2016-01-01,,,,,,,124092,957481.3386,0.23235772,7.71589899
2016-01-02,,,,,,,149038,1037919.807,0.1732887,6.96412865
2016-01-03,,,,,,,142608,898547.9591,0.22844378,6.30082435
2016-01-04,,,,,,,181354,1067068.386,0.22188373,5.88389771
2016-01-05,,,,,,,182371,1392599.198,0.28531215,7.63607809
2016-01-06,,,,,,,172090,1337496.909,0.27320173,7.77207803
2016-01-07,,,,,,,190234,1606573.864,0.27265854,8.44525092
2016-01-08,,,,,,,181407,1195551.73,0.25091858,6.59043879
2016-01-09,,,,,,,179968,849532.1543,0.16772573,4.72046227
2016-01-10,,,,,,,161317,1160859.932,0.18502611,7.19614133
2016-01-11,,,,,,,191196,1824150.772,0.24009769,9.5407371
2016-01-12,,,,,,,194874,1280395.967,0.22954717,6.57037863
2016-01-13,,,,,,,188131,1409539.891,0.28824459,7.49233188
2016-01-14,,,,,,,183182,1228523.945,0.2995959,6.70657567
2016-01-15,,,,,,,183642,1728312.77,0.29172941,9.41131532
2016-01-16,,,,,,,191300,1473914.859,0.2000082,7.70473005
2016-01-17,,,,,,,204128,10358180.69,0.20075721,50.74355643
2016-01-18,,,,,,,213905,9462153.274,0.22527716,44.23530667
2016-01-19,,,,,,,186858,8804629.111,0.33221586,47.1193586
2016-01-20,,,,,,,209071,3967101.066,0.2752709,18.97489879
2016-01-21,,,,,,,222743,5266985.975,0.29906149,23.64602243
2016-01-22,,,,,,,213683,7717679.823,0.31138759,36.11742545
2016-01-23,,,,,,,190400,29768145.47,0.32293523,156.3453018
2016-01-24,,,,,,,201425,67354303.37,0.39508482,334.3889953
2016-01-25,,,,,,,222150,17367466.23,0.27071253,78.17900621
2016-01-26,,,,,,,230523,10394314.61,0.44105054,45.09014115
2016-01-27,,,,,,,229677,13896094.58,0.39050626,60.50276943
2016-01-28,,,,,,,225025,6084369.445,0.28843884,27.03863768
2016-01-29,,,,,,,224394,7175478.217,0.31911935,31.97713939
2016-01-30,,,,,,,194794,3422463.244,0.3603522,17.56965432
2016-01-31,,,,,,,176045,1704471.939,0.3499,9.68202413
2016-02-01,,,,,,,222398,5353569.418,0.4327946,24.07202141
2016-02-02,,,,,,,241722,3818602.545,0.30819065,15.79749689
2016-02-03,,,,,,,191224,1577346.148,0.269294,8.24868294
2016-02-04,,,,,,,200661,2485172.491,0.40089737,12.38493025
2016-02-05,,,,,,,225488,3487723.179,0.37271319,15.46744473
2016-02-06,,,,,,,224156,3137891.802,0.3622709,13.99869645
2016-02-07,,,,,,,212190,3041718.269,0.34743133,14.33488038
2016-02-08,,,,,,,224755,2629156.678,0.4558435,11.69787848
2016-02-09,,,,,,,231240,2225832.235,0.56852471,9.62563672
2016-02-10,,,,,,,235527,2646048.092,0.55950926,11.23458495
2016-02-11,,,,,,,220934,2657689.201,0.40101204,12.02933546
2016-02-12,,,,,,,202527,2665208.641,0.35569328,13.15976951
2016-02-13,,,,,,,184675,2598268.289,0.35619711,14.06940998
2016-02-14,,,,,,,186088,2778938.771,0.3918509,14.93346572
2016-02-15,,,,,,,220349,3880471.863,0.48496139,17.61057169
2016-02-16,,,,,,,215940,3966772.182,0.4999,18.36978874
2016-02-17,,,,,,,227235,3984892.838,0.42873593,17.53643953
2016-02-18,,,,,,,212979,3852448.449,0.43079502,18.08839579
2016-02-19,,,,,,,217436,4782154.687,0.47285014,21.99338971
2016-02-20,,,,,,,215728,4131729.578,0.46246542,19.15249563
2016-02-21,,,,,,,206617,4198945.524,0.50777407,20.32236226
2016-02-22,,,,,,,237696,4461640.106,0.4562,18.77036258
2016-02-23,,,,,,,244748,3962773.453,0.44818413,16.19123936
2016-02-24,,,,,,,224927,3669393.31,0.39707554,16.3137076
2016-02-25,,,,,,,216290,3095841.03,0.40495405,14.31338032
2016-02-26,,,,,,,203635,3286075.112,0.4188987,16.13708405
2016-02-27,,,,,,,182177,2530526.52,0.25233972,13.89048298
2016-02-28,,,,,,,233436,8486292.939,0.61354579,36.35383119
2016-02-29,,,,,,,265320,9924706.546,0.71463025,37.40655263
2016-03-01,,,,,,,277094,11003614.98,0.70210104,39.71076594
2016-03-02,,,,,,,270206,5716209.127,0.62460229,21.15500442
2016-03-03,,,,,,,221652,3528608.928,0.49727041,15.91958984
2016-03-04,,,,,,,207485,7461412.161,0.4414825,35.96121242
2016-03-05,,,,,,,234992,19515216.28,1.13051771,83.04630065
2016-03-06,,,,,,,161739,2011705.877,0.32480186,12.43797647
2016-03-07,,,,,,,183255,2900051.674,0.32382007,15.82522536
2016-03-08,,,,,,,200298,2311084.874,0.32931468,11.5382324
2016-03-09,,,,,,,190388,2065424.291,0.2999,10.84850038
2016-03-10,,,,,,,188726,2439731.629,0.27332664,12.92737423
2016-03-11,,,,,,,189816,2364181.047,0.2880063,12.45511994
2016-03-12,,,,,,,168013,1829899.063,0.26834341,10.89141353
2016-03-13,,,,,,,149803,1621259.994,0.24182305,10.82261366
2016-03-14,,,,,,,191341,2416469.225,0.29446153,12.62912405
2016-03-15,,,,,,,202426,3177959.038,0.31002596,15.69936192
2016-03-16,,,,,,,211992,13343936.38,0.45421667,62.94547141
2016-03-17,,,,,,,208319,7984729.776,0.35825444,38.32933998
2016-03-18,,,,,,,206022,5239445.108,0.3198498,25.43148356
2016-03-19,,,,,,,177478,2190183.073,0.2499,12.3405891
2016-03-20,,,,,,,178143,1773449.036,0.26883116,9.95519911
2016-03-21,,,,,,,199006,2041577.706,0.28797621,10.25887513
2016-03-22,,,,,,,205208,2235032.31,0.26478417,10.89154569
2016-03-23,,,,,,,186808,2066836.888,0.2598697,11.06396346
2016-03-24,,,,,,,190094,2286669.23,0.32641481,12.02914994
2016-03-25,,,,,,,172309,2113238.619,0.2999,12.26423819
2016-03-26,,,,,,,159049,1505132.491,0.23794884,9.4633257
2016-03-27,,,,,,,160266,1737057.957,0.24101855,10.83859307
2016-03-28,,,,,,,196080,2086417.656,0.31268263,10.64064492
2016-03-29,,,,,,,197409,2116335.573,0.32730359,10.72056275
2016-03-30,,,,,,,201028,2032137.572,0.31788058,10.10872899
2016-03-31,,,,,,,206476,2188915.911,0.2999,10.60130916
2016-04-01,,,,,,,211922,2181489.106,0.29288653,10.2938303
2016-04-02,,,,,,,183503,1758765.063,0.24988,9.58439405
2016-04-03,,,,,,,178429,1561627.973,0.2499,8.75209732
2016-04-04,,,,,,,208929,2132110.885,0.32013799,10.20495424
2016-04-05,,,,,,,216176,2257744.577,0.29151405,10.44401125
2016-04-06,,,,,,,219290,2397382.263,0.30516133,10.93247417
2016-04-07,,,,,,,218463,2739799.395,0.30008582,12.54125135
2016-04-08,,,,,,,214191,2728055.143,0.30585564,12.73655355
2016-04-09,,,,,,,196441,2249002.686,0.23688622,11.44874382
2016-04-10,,,,,,,186954,2005055.242,0.23959654,10.72485874
2016-04-11,,,,,,,230040,2571238.481,0.31772671,11.17735385
2016-04-12,,,,,,,240206,3495580.001,0.30723315,14.55242583
2016-04-13,,,,,,,223506,3218812.195,0.34053535,14.40145765
2016-04-14,,,,,,,227928,2964839.213,0.29993046,13.00778848
2016-04-15,,,,,,,212178,3822217.796,0.32377295,18.01420409
2016-04-16,,,,,,,182004,3051672.788,0.24898353,16.76706439
2016-04-17,,,,,,,192428,2619262.394,0.26547509,13.611649
2016-04-18,,,,,,,220395,3962456.694,0.2999,17.97888651
2016-04-19,,,,,,,226511,3705997.507,0.32592637,16.36122531
2016-04-20,,,,,,,216780,4077380.519,0.31219772,18.80884084
2016-04-21,,,,,,,212795,5033188.762,0.32175629,23.65275857
2016-04-22,,,,,,,210976,5290883.165,0.30870287,25.07812815
2016-04-23,,,,,,,185216,3426251.697,0.2499,18.49868098
2016-04-24,,,,,,,183155,2223869.595,0.22338497,12.14200865
2016-04-25,,,,,,,217564,2719385.889,0.28567684,12.49924568
2016-04-26,,,,,,,250744,2770136.734,0.27264496,11.04766907
2016-04-27,,,,,,,239435,2485051.224,0.27605799,10.37881355
2016-04-28,,,,,,,247957,2696007.31,0.25678585,10.87288243
2016-04-29,,,,,,,261884,2522444.202,0.22268637,9.63191413
2016-04-30,,,,,,,215712,1899766.45,0.20733739,8.80695765
2016-05-01,,,,,,,191430,1879509.599,0.18657561,9.81826045
2016-05-02,,,,,,,223785,2450687.783,0.25729104,10.95108154
2016-05-03,,,,,,,235609,2273860.039,0.2997,9.65098972
2016-05-04,,,,,,,233691,2276671.25,0.30327254,9.74222905
2016-05-05,,,,,,,229573,2161621.794,0.27831173,9.41583633
2016-05-06,,,,,,,233232,2321255.5,0.27823315,9.95256011
2016-05-07,,,,,,,202062,1893689.36,0.28151295,9.3718233
2016-05-08,,,,,,,189025,1623830.879,0.26333251,8.59056145
2016-05-09,,,,,,,226449,2062306.883,0.29254256,9.10715826
2016-05-10,,,,,,,245721,2211911.674,0.29179243,9.00172013
2016-05-11,,,,,,,234412,2510174.685,0.29992197,10.70838815
2016-05-12,,,,,,,228409,2295414.38,0.33286319,10.04957939
2016-05-13,,,,,,,232146,2577781.011,0.31444805,11.10413709
2016-05-14,,,,,,,211280,1910552.81,0.25193051,9.04275279
2016-05-15,,,,,,,200171,2042797.059,0.30092066,10.20525979
2016-05-16,,,,,,,239809,2688738.834,0.37700381,11.21200135
2016-05-17,,,,,,,238626,2703819.915,0.35369029,11.33078505
2016-05-18,,,,,,,235083,2250192.07,0.29729,9.57190469
2016-05-19,,,,,,,219145,2544431.129,0.31166149,11.61071951
2016-05-20,,,,,,,209396,2134599.692,0.30085163,10.19408055
2016-05-21,,,,,,,191461,1578456.149,0.2599481,8.24426984
2016-05-22,,,,,,,184348,1512379.669,0.25044802,8.20393857
2016-05-23,,,,,,,222754,2136312.563,0.29660005,9.59045657
2016-05-24,,,,,,,246517,2514701.158,0.27145466,10.2009239
2016-05-25,,,,,,,247841,3341037.905,0.27489796,13.48056981
2016-05-26,,,,,,,220091,3584245.585,0.31958091,16.2852892
2016-05-27,,,,,,,215296,4124114.202,0.30213588,19.15555422
2016-05-28,,,,,,,193054,3665525.352,0.27747106,18.9870469
2016-05-29,,,,,,,178742,2740859.086,0.2637319,15.33416369
2016-05-30,,,,,,,211368,2248406.368,0.23096322,10.63740191
2016-05-31,,,,,,,215249,2561419.977,0.29694687,11.89979966
2016-06-01,,,,,,,234384,2351967.054,0.21663449,10.03467409
2016-06-02,,,,,,,231099,2342608.497,0.21393226,10.13681797
2016-06-03,,,,,,,234669,1938990.174,0.24501069,8.26266006
2016-06-04,,,,,,,196665,1493595.277,0.22017571,7.59461661
2016-06-05,,,,,,,189802,1831988.035,0.23045846,9.65210079
2016-06-06,,,,,,,221171,1964198.184,0.24967821,8.88090294
2016-06-07,,,,,,,231016,2122375.939,0.24371637,9.18713828
2016-06-08,,,,,,,229933,2004179.705,0.2496435,8.71636392
2016-06-09,,,,,,,236353,2095207.935,0.28980876,8.86474017
2016-06-10,,,,,,,228367,2301811.955,0.29850726,10.0794421
2016-06-11,,,,,,,213159,1894576.345,0.25966528,8.88808985
2016-06-12,,,,,,,210711,2831538.691,0.22772297,13.43802027
2016-06-13,,,,,,,251354,2757346.67,0.27268027,10.9699733
2016-06-14,,,,,,,246829,2356791.522,0.25746912,9.54827642
2016-06-15,,,,,,,259202,2299856.857,0.25815721,8.87283607
2016-06-16,,,,,,,267870,2796295.72,0.30331308,10.43900295
2016-06-17,,,,,,,253752,2774465.088,0.26528103,10.93376638
2016-06-18,,,,,,,235317,2340086.595,0.20914045,9.94440093
2016-06-19,,,,,,,218298,2011496.989,0.22074626,9.2144545
2016-06-20,,,,,,,249334,2647568.484,0.25377044,10.61856178
2016-06-21,,,,,,,248164,2849547.253,0.31431389,11.48251661
2016-06-22,,,,,,,235641,2712263.676,0.40037767,11.51015178
2016-06-23,,,,,,,241300,3159340.643,0.31363158,13.09299893
2016-06-24,,,,,,,237625,2795725.678,0.36052487,11.76528428
2016-06-25,,,,,,,206919,2121582.984,0.24197292,10.25320528
2016-06-26,,,,,,,181348,1791420.031,0.23702468,9.8783556
2016-06-27,,,,,,,217029,2170091.799,0.25339941,9.99908675
2016-06-28,,,,,,,212607,1865761.064,0.22091034,8.77563327
2016-06-29,,,,,,,224112,1988551.271,0.2740387,8.87302451
2016-06-30,,,,,,,231960,2084880.761,0.3066972,8.98810467
2016-07-01,,,,,,,205801,2011713.672,0.27709686,9.77504323
2016-07-02,,,,,,,198875,2151502.299,0.2918985,10.81836479
2016-07-03,,,,,,,177127,1737085.84,0.23527969,9.80700762
2016-07-04,,,,,,,213900,2599568.95,0.29518987,12.15319752
2016-07-05,,,,,,,214959,2054743.903,0.25279462,9.55877122
2016-07-06,,,,,,,214691,2039637.043,0.24779725,9.50033789
2016-07-07,,,,,,,215548,2830532.135,0.27309118,13.13179493
2016-07-08,,,,,,,210701,2290691.942,0.26863845,10.87176587
2016-07-09,,,,,,,185405,1891222.925,0.21270574,10.2004958
2016-07-10,,,,,,,162608,1522989.688,0.20794296,9.36601943
2016-07-11,,,,,,,218089,2224457.952,0.31529487,10.19977143
2016-07-12,,,,,,,219034,2314128.385,0.25717318,10.56515602
2016-07-13,,,,,,,216503,2253579.819,0.29621163,10.40900042
2016-07-14,,,,,,,217695,2097269.929,0.27980753,9.63398299
2016-07-15,,,,,,,216081,3349411.144,0.34972969,15.5007203
2016-07-16,,,,,,,182192,1965918.497,0.25548675,10.79036673
2016-07-17,,,,,,,171013,2055306.6,0.24167465,12.01842316
2016-07-18,,,,,,,222835,2255407.844,0.36172934,10.12142546
2016-07-19,,,,,,,222146,2539145.564,0.35464537,11.43007555
2016-07-20,,,,,,,227429,2456917.483,0.3243801,10.80300877
2016-07-21,,,,,,,217606,2207379.88,0.32832279,10.1439293
2016-07-22,,,,,,,221404,2421306.202,0.37469121,10.93614479
2016-07-23,,,,,,,195796,1834612.756,0.33222664,9.37002163
2016-07-24,,,,,,,183890,1846664.92,0.29961995,10.04222589
2016-07-25,,,,,,,239715,1927857.047,0.33562405,8.04228791
2016-07-26,,,,,,,237673,2310580.418,0.34600301,9.72167817
2016-07-27,,,,,,,235603,2515469.557,0.38983411,10.67672973
2016-07-28,,,,,,,234863,2460612.936,0.35123522,10.47680109
2016-07-29,,,,,,,231414,2139879.12,0.39007347,9.24697347
2016-07-30,,,,,,,199484,1878531.691,0.35632239,9.41695419
2016-07-31,,,,,,,192254,1858564.337,0.34896883,9.66723364
2016-08-01,,,,,,,225049,1726830.891,0.33920852,7.67313292
2016-08-02,,,,,,,251098,3522076.095,0.45923081,14.02669911
2016-08-03,,,,,,,241782,2478092.168,0.38924493,10.2492831
2016-08-04,,,,,,,231835,3004674.78,0.41854311,12.96040192
2016-08-05,,,,,,,228244,2291567.352,0.31876448,10.03998944
2016-08-06,,,,,,,195669,1516812.659,0.33436485,7.75193136
2016-08-07,,,,,,,192414,1875748.716,0.37783758,9.74850435
2016-08-08,,,,,,,235295,1971245.141,0.31070532,8.37776043
2016-08-09,,,,,,,231400,2222267.861,0.36039541,9.60357761
2016-08-10,,,,,,,244740,2170929.494,0.29831149,8.87035014
2016-08-11,,,,,,,254515,2254855.173,0.3055378,8.85941957
2016-08-12,,,,,,,232973,1924492.133,0.39289502,8.26058012
2016-08-13,,,,,,,214569,2049092.919,0.33531899,9.54980877
2016-08-14,,,,,,,200174,1716569.436,0.33852332,8.57538659
2016-08-15,,,,,,,202896,2077130.23,0.40326967,10.2374134
2016-08-16,,,,,,,254431,2731958.306,0.34765933,10.73752139
2016-08-17,,,,,,,238003,1999807.956,0.31384191,8.40244852
2016-08-18,,,,,,,239541,2327792.805,0.31923294,9.71772182
2016-08-19,,,,,,,246095,2377047.791,0.33590928,9.65906577
2016-08-20,,,,,,,208224,2097223.397,0.26806008,10.07195807
2016-08-21,,,,,,,184904,1338909.577,0.25107551,7.24110661
2016-08-22,,,,,,,228373,1984740.679,0.30113706,8.69078515
2016-08-23,,,,,,,239021,2090785.997,0.28652078,8.74728997
2016-08-24,,,,,,,235130,2098712.581,0.26641968,8.92575418
2016-08-25,,,,,,,234009,2132803.99,0.34895885,9.11419642
2016-08-26,,,,,,,226767,2092780.605,0.33915068,9.22877052
2016-08-27,,,,,,,191098,1464561.622,0.21760045,7.66392961
2016-08-28,,,,,,,174489,1302221.635,0.23967907,7.46305861
2016-08-29,,,,,,,225282,1714220.634,0.32410845,7.60922148
2016-08-30,,,,,,,252002,1814694.812,0.32888004,7.20111273
2016-08-31,,,,,,,225360,1777557.922,0.29988785,7.88763721
2016-09-01,,,,,,,237466,1783678.094,0.32768033,7.51129885
2016-09-02,,,,,,,225856,1595134.293,0.32593519,7.06261641
2016-09-03,,,,,,,182204,1308424.921,0.22889294,7.18109877
2016-09-04,,,,,,,183244,1160632.754,0.19988926,6.3338104
2016-09-05,,,,,,,227683,1713681.507,0.29043422,7.52661159
2016-09-06,,,,,,,232118,1600893.42,0.24442511,6.89689476
2016-09-07,,,,,,,250809,1603741.19,0.2557305,6.39427289
2016-09-08,,,,,,,227006,1626880.301,0.24933505,7.16668414
2016-09-09,,,,,,,220534,1750922.91,0.28157577,7.93946924
2016-09-10,,,,,,,193320,1478034.976,0.23763852,7.64553577
2016-09-11,,,,,,,180391,1506619.985,0.2207981,8.35196869
2016-09-12,,,,,,,208649,1672258.492,0.26020751,8.01469689
2016-09-13,,,,,,,239886,1981907.53,0.30038895,8.26187243
2016-09-14,,,,,,,231800,1897616.618,0.28262711,8.18643924
2016-09-15,,,,,,,233488,1564540.185,0.28230417,6.70073059
2016-09-16,,,,,,,211128,1880952.091,0.29634229,8.90906033
2016-09-17,,,,,,,215529,1475509.565,0.22599631,6.84599086
2016-09-18,,,,,,,191603,1626466.709,0.22601653,8.48873299
2016-09-19,,,,,,,223540,2074708.008,0.31866003,9.28114882
2016-09-20,,,,,,,244315,2268567.272,0.30556647,9.28541952
2016-09-21,,,,,,,239216,1867494.606,0.30157532,7.8067295
2016-09-22,,,,,,,231227,2326674.028,0.32910579,10.06229388
2016-09-23,,,,,,,223187,2253377.478,0.31783595,10.09636528
2016-09-24,,,,,,,208650,2019184.951,0.29486806,9.67737814
2016-09-25,,,,,,,195642,1851826.567,0.24547264,9.46538354
2016-09-26,,,,,,,230769,2278155.602,0.22653371,9.87201748
2016-09-27,,,,,,,240335,1737650.314,0.24339064,7.2301176
2016-09-28,,,,,,,234995,2545689.057,0.28277732,10.83294987
2016-09-29,,,,,,,242730,1838851.924,0.24139645,7.57570932
2016-09-30,,,,,,,250943,2464312.41,0.25385069,9.82020781
2016-10-01,,,,,,,213930,1536124.183,0.19601891,7.18049914
2016-10-02,,,,,,,192683,1420395.181,0.16992832,7.37166839
2016-10-03,,,,,,,258805,1992727.405,0.20374922,7.69972529
2016-10-04,,,,,,,264662,1906791.153,0.21433142,7.2046276
2016-10-05,,,,,,,266811,2302843.3,0.20076163,8.63099085
2016-10-06,,,,,,,274486,2291725.007,0.18550439,8.3491508
2016-10-07,,,,,,,266324,2368166.6,0.19955956,8.89205103
2016-10-08,,,,,,,250672,2376975.883,0.16897924,9.4824148
2016-10-09,,,,,,,210548,2698212.132,0.19013235,12.81518766
2016-10-10,,,,,,,222996,2585917.322,0.255497,11.5962498
2016-10-11,,,,,,,263565,2864039.241,0.23067713,10.86653858
2016-10-12,,,,,,,233440,2691149.304,0.27362175,11.52822697
2016-10-13,,,,,,,229703,2088161.192,0.25118178,9.09070056
2016-10-14,,,,,,,239724,2021409.06,0.20036277,8.43223482
2016-10-15,,,,,,,210448,3408105.67,0.18828932,16.19452629
2016-10-16,,,,,,,197876,2461115.976,0.16936736,12.43766791
2016-10-17,,,,,,,237232,1887070.937,0.18294573,7.9545379
2016-10-18,,,,,,,251521,2509108.681,0.22719657,9.9757423
2016-10-19,,,,,,,199083,1937925.864,0.22245888,9.7342609
2016-10-20,,,,,,,270380,2465644.969,0.17564541,9.11918399
2016-10-21,,,,,,,265355,3172355.535,0.23010291,11.95513758
2016-10-22,,,,,,,216708,1351493.218,0.1987424,6.23647128
2016-10-23,,,,,,,191578,1877896.517,0.17145905,9.80225556
2016-10-24,,,,,,,226980,3736942.235,0.23027734,16.46375114
2016-10-25,,,,,,,237030,3108006.834,0.23957648,13.1122931
2016-10-26,,,,,,,223316,2161155.147,0.20080683,9.67756518
2016-10-27,,,,,,,326388,3492141.359,0.17784682,10.69935585
2016-10-28,,,,,,,250876,1564832.97,0.20813032,6.23747576
2016-10-29,,,,,,,229689,1503224.752,0.18550799,6.54460923
2016-10-30,,,,,,,207982,1342234.975,0.1600535,6.45361124
2016-10-31,,,,,,,241778,1806193.777,0.21949173,7.47046371
2016-11-01,,,,,,,246650,1846449.783,0.22983441,7.48611304
2016-11-02,,,,,,,268418,4781474.413,0.18043688,17.81353863
2016-11-03,,,,,,,271998,6817502.785,0.19986605,25.06453277
2016-11-04,,,,,,,248043,5890890.019,0.20479796,23.74947093
2016-11-05,,,,,,,238215,5803605.832,0.1492,24.36288996
2016-11-06,,,,,,,225786,5398763.867,0.15334426,23.91097706
2016-11-07,,,,,,,274281,4470465.954,0.17016416,16.29885392
2016-11-08,,,,,,,296060,3497745.2,0.14881791,11.81431196
2016-11-09,,,,,,,270095,2694658.104,0.18554056,9.97670487
2016-11-10,,,,,,,271374,1759909.004,0.16700069,6.48517914
2016-11-11,,,,,,,254619,1395606.568,0.16127127,5.48115642
2016-11-12,,,,,,,228886,950069.9318,0.1498,4.15084335
2016-11-13,,,,,,,219657,1119373.699,0.13734778,5.0960074
2016-11-14,,,,,,,270506,1547251.349,0.18154472,5.71984114
2016-11-15,,,,,,,280352,1759582.234,0.20354545,6.27633201
2016-11-16,,,,,,,289789,1956468.289,0.15098387,6.75135456
2016-11-17,,,,,,,277460,1604094.506,0.15158285,5.78135409
2016-11-18,,,,,,,275925,1605921.956,0.1556717,5.82013937
2016-11-19,,,,,,,249760,1119382.03,0.14970199,4.48183067
2016-11-20,,,,,,,243591,1161609.412,0.13346118,4.76868772
2016-11-21,,,,,,,285793,1560261.72,0.14604107,5.45941195
2016-11-22,,,,,,,285635,1711822.47,0.14905217,5.99304171
2016-11-23,,,,,,,276924,1723439.703,0.15957805,6.22351151
2016-11-24,,,,,,,328538,1870554.837,0.14918689,5.69357223
2016-11-25,,,,,,,315387,1465067.396,0.14928413,4.64530052
2016-11-26,,,,,,,277608,1204193.185,0.13887892,4.33774669
2016-11-27,,,,,,,237389,950718.2639,0.13749166,4.00489603
2016-11-28,,,,,,,298530,1514724.192,0.16976281,5.07394295
2016-11-29,,,,,,,289650,1410084.882,0.16424285,4.86823712
2016-11-30,,,,,,,292654,1366660.389,0.15207922,4.66988453
2016-12-01,,,,,,,239682,1513280.754,0.1556286,6.31370212
2016-12-02,,,,,,,315478,1784511.18,0.16357865,5.65653129
2016-12-03,,,,,,,287988,1235161.952,0.1473543,4.28893548
2016-12-04,,,,,,,245650,916341.4214,0.13672523,3.73027242
2016-12-05,,,,,,,278001,1721222.673,0.16600506,6.19142619
2016-12-06,,,,,,,319762,1651414.711,0.16438905,5.16451207
2016-12-07,,,,,,,310754,1547890.893,0.16002781,4.98108115
2016-12-08,,,,,,,282711,1425236.296,0.17203524,5.04131885
2016-12-09,,,,,,,268815,1526017.128,0.1616025,5.67683026
2016-12-10,,,,,,,250241,1170744.749,0.14925259,4.67846895
2016-12-11,,,,,,,229933,1060663.655,0.1295221,4.61292487
2016-12-12,,,,,,,268662,1692640.281,0.15444543,6.30025936
2016-12-13,,,,,,,291757,1566232.61,0.15213996,5.36827774
2016-12-14,,,,,,,286328,1655833.795,0.1512928,5.7829964
2016-12-15,,,,,,,282685,2047186.306,0.16671355,7.24193468
2016-12-16,,,,,,,279361,1883877.693,0.15737483,6.7435243
2016-12-17,,,,,,,238130,1321325.895,0.13085859,5.54875864
2016-12-18,,,,,,,235789,1411672.896,0.1621875,5.98701761
2016-12-19,,,,,,,282129,1841738.492,0.18838731,6.52800134
2016-12-20,,,,,,,296473,1939201.332,0.18309357,6.54090366
2016-12-21,,,,,,,325677,2851534.344,0.16733353,8.755713
2016-12-22,,,,,,,314644,2459189.602,0.1807616,7.81578419
2016-12-23,,,,,,,304997,2633796.223,0.17455532,8.63548239
2016-12-24,,,,,,,240820,1526634.417,0.14139699,6.3393174
2016-12-25,,,,,,,197364,1094479.337,0.14817219,5.54548619
2016-12-26,,,,,,,244914,1513037.04,0.18219043,6.17782993
2016-12-27,,,,,,,296546,2242009.729,0.17892598,7.56041129
2016-12-28,,,,,,,305394,2063689.692,0.16889342,6.75746639
2016-12-29,,,,,,,304605,1781841.828,0.18015142,5.84968017
2016-12-30,,,,,,,286818,2207636.679,0.15524306,7.69699488
2016-12-31,,,,,,,250273,1379308.871,0.15431422,5.51121723
2017-01-01,,,,,,,180502,1084340.885,0.1498,6.00736216
2017-01-02,,,,,,,290951,1573981.615,0.147045,5.40978245
2017-01-03,,,,,,,301664,1950525.355,0.15275551,6.46588706
2017-01-04,,,,,,,328642,2482037.821,0.16163908,7.55240602
2017-01-05,,,,,,,288501,2998215.112,0.19972845,10.3923907
2017-01-06,,,,,,,346405,3100652.306,0.17013276,8.95094558
2017-01-07,,,,,,,282060,2152944.554,0.16538105,7.63293112
2017-01-08,,,,,,,260101,1679995.299,0.16118127,6.4590113
2017-01-09,,,,,,,269947,2095379.055,0.21362128,7.76218685
2017-01-10,,,,,,,323888,2359325.55,0.16591352,7.28438704
2017-01-11,,,,,,,303058,3980330.054,0.19636236,13.13388873
2017-01-12,,,,,,,295125,3521724.143,0.19498639,11.93299159
2017-01-13,,,,,,,272747,2361739.558,0.19384962,8.65908537
2017-01-14,,,,,,,242269,1500321.72,0.14411653,6.1927928
2017-01-15,,,,,,,235999,1725125.555,0.12583015,7.30988502
2017-01-16,,,,,,,267640,2087940.546,0.1596781,7.80130229
2017-01-17,,,,,,,292697,2310740.489,0.1616094,7.8946504
2017-01-18,,,,,,,297100,1935116.592,0.15550805,6.51335103
2017-01-19,,,,,,,300605,2603895.11,0.15881863,8.66218163
2017-01-20,,,,,,,298377,2588414.223,0.14750907,8.67497904
2017-01-21,,,,,,,263562,1533463.233,0.13058397,5.81822581
2017-01-22,,,,,,,236886,1135726.932,0.13170997,4.79440292
2017-01-23,,,,,,,235530,1522815.668,0.1683806,6.46548493
2017-01-24,,,,,,,278177,1956073.136,0.1494405,7.03175724
2017-01-25,,,,,,,304727,1930677.636,0.15808125,6.33576163
2017-01-26,,,,,,,313755,2113175.403,0.13958539,6.73511307
2017-01-27,,,,,,,263332,1800256.178,0.14351701,6.83645048
2017-01-28,,,,,,,246395,1249362.253,0.12889722,5.07056658
2017-01-29,,,,,,,241627,1375857.614,0.1167231,5.69413854
2017-01-30,,,,,,,247408,1462181.222,0.18728884,5.90999976
2017-01-31,,,,,,,307683,1791768.78,0.17034281,5.82342469
2017-02-01,,,,,,,350560,2078948.617,0.14749428,5.9303646
2017-02-02,,,,,,,259559,1851685.666,0.18521046,7.13396825
2017-02-03,,,,,,,323563,2438292.661,0.1588726,7.5357586
2017-02-04,,,,,,,284778,2118864.578,0.16762208,7.44040824
2017-02-05,,,,,,,292101,1800248.442,0.1325834,6.16310263
2017-02-06,,,,,,,230027,1679402.417,0.26237809,7.30089257
2017-02-07,,,,,,,325268,2038903.522,0.14804276,6.26838029
2017-02-08,,,,,,,308316,1959826.106,0.18979807,6.35655011
2017-02-09,,,,,,,346544,3197018.872,0.1585561,9.2254342
2017-02-10,,,,,,,301789,2744074.819,0.17500686,9.0926933
2017-02-11,,,,,,,262686,1418142.398,0.12884402,5.39862192
2017-02-12,,,,,,,237744,954999.5676,0.1395129,4.01692394
2017-02-13,,,,,,,288290,1591074.646,0.17009202,5.5190074
2017-02-14,,,,,,,315084,1925169.973,0.16457002,6.11002136
2017-02-15,,,,,,,294786,1750347.684,0.17870918,5.93768931
2017-02-16,,,,,,,283203,2986480.939,0.1918331,10.54537183
2017-02-17,,,,,,,319767,2501945.958,0.17299557,7.82427817
2017-02-18,,,,,,,286143,1248556.859,0.13263074,4.36340172
2017-02-19,,,,,,,251721,1419255.293,0.14851221,5.63820775
2017-02-20,,,,,,,282728,1561277.915,0.19459188,5.52219063
2017-02-21,,,,,,,279090,1754148.41,0.20297048,6.28524278
2017-02-22,,,,,,,282194,2548904.034,0.2030492,9.03245297
2017-02-23,,,,,,,325913,3342958.487,0.16202303,10.25721124
2017-02-24,,,,,,,343805,1919952.536,0.16062535,5.58442295
2017-02-25,,,,,,,326521,1233214.155,0.10823552,3.77682953
2017-02-26,,,,,,,265203,1128100.267,0.12059546,4.25372362
2017-02-27,,,,,,,284555,1881223.05,0.1829603,6.61110523
2017-02-28,,,,,,,325414,1954778.738,0.19413752,6.00705175
2017-03-01,,,,,,,315883,2493836.067,0.20720782,7.89480936
2017-03-02,,,,,,,329428,2742003.358,0.21027633,8.32352853
2017-03-03,,,,,,,337310,4558368.402,0.19428193,13.51388456
2017-03-04,,,,,,,265780,1974194.904,0.16568961,7.42792875
2017-03-05,,,,,,,280739,1232770.741,0.1211042,4.39116311
2017-03-06,,,,,,,287731,1915378.96,0.19932833,6.65683906
2017-03-07,,,,,,,327902,2099918.942,0.181362,6.40410531
2017-03-08,,,,,,,297108,2522734.845,0.14482756,8.49096909
2017-03-09,,,,,,,303632,5699545.523,0.14854737,18.77122807
2017-03-10,,,,,,,308482,2751691.905,0.18027947,8.92010524
2017-03-11,,,,,,,280681,1651256.174,0.12986498,5.88303509
2017-03-12,,,,,,,221110,1201859.267,0.1393195,5.43557173
2017-03-13,,,,,,,273079,2089770.02,0.16876415,7.65262074
2017-03-14,,,,,,,310395,2703063.85,0.16597282,8.70846453
2017-03-15,,,,,,,292434,2274799.155,0.199576,7.77884635
2017-03-16,,,,,,,327034,3316344.04,0.1994576,10.14067051
2017-03-17,,,,,,,292196,3122262.976,0.23932301,10.68550895
2017-03-18,,,,,,,263530,2599334.281,0.22058762,9.86352324
2017-03-19,,,,,,,269336,6345239.357,0.1381848,23.55882376
2017-03-20,,,,,,,277033,3296575.01,0.21069209,11.89957517
2017-03-21,,,,,,,288055,6200927.722,0.19892112,21.52688799
2017-03-22,,,,,,,316593,5240108.862,0.17283914,16.55156261
2017-03-23,,,,,,,287871,2379458.032,0.19208283,8.2657094
2017-03-24,,,,,,,289521,3876256.754,0.22251406,13.38851673
2017-03-25,,,,,,,242975,3359560.99,0.20134084,13.82677637
2017-03-26,,,,,,,221915,1772687.273,0.1730026,7.98813632
2017-03-27,,,,,,,232291,2337117.334,0.2570589,10.06116179
2017-03-28,,,,,,,294001,2332205.311,0.19827951,7.93264414
2017-03-29,,,,,,,283931,1812147.843,0.18250746,6.3823529
2017-03-30,,,,,,,288788,2164789.745,0.20936279,7.49612083
2017-03-31,,,,,,,259403,3573848.964,0.20133001,13.77720752
2017-04-01,,,,,,,255871,2859605.756,0.14977271,11.17596662
2017-04-02,,,,,,,244203,4026308.736,0.1519726,16.48754821
2017-04-03,,,,,,,288141,4163240.214,0.20311041,14.44862138
2017-04-04,,,,,,,256015,2476603.498,0.20347921,9.67366559
2017-04-05,,,,,,,316555,2295660.85,0.16799699,7.2520126
2017-04-06,,,,,,,290465,2045375.195,0.17237071,7.04172686
2017-04-07,,,,,,,295463,5893220.186,0.18280027,19.94571295
2017-04-08,,,,,,,226959,9838136.841,0.13590505,43.34763918
2017-04-09,,,,,,,238286,1512371.727,0.10666489,6.34687613
2017-04-10,,,,,,,273384,2077781.897,0.1629679,7.60023226
2017-04-11,,,,,,,307893,2024632.207,0.17560751,6.57576562
2017-04-12,,,,,,,278093,2068435.883,0.17947459,7.43792861
2017-04-13,,,,,,,228679,2143228.005,0.19358303,9.37221172
2017-04-14,,,,,,,290208,2216168.37,0.15073371,7.63648269
2017-04-15,,,,,,,270705,1610347.304,0.1277972,5.94871651
2017-04-16,,,,,,,211829,1902570.095,0.14234967,8.98163185
2017-04-17,,,,,,,245184,2451805.095,0.16234519,9.99985763
2017-04-18,,,,,,,303091,2456420.955,0.20021569,8.1045658
2017-04-19,,,,,,,310104,2176695.99,0.14798605,7.01924512
2017-04-20,,,,,,,267915,2222758.116,0.17356622,8.29650492
2017-04-21,,,,,,,330354,2339052.357,0.1495932,7.08044206
2017-04-22,,,,,,,268712,1746209.312,0.14931254,6.49844187
2017-04-23,,,,,,,245039,1577942.3,0.14208084,6.43955574
2017-04-24,,,,,,,222671,1940799.634,0.20568292,8.7159964
2017-04-25,,,,,,,325387,3246840.061,0.19945773,9.97839514
2017-04-26,,,,,,,334471,2429753.953,0.17010249,7.26446822
2017-04-27,,,,,,,297884,2636893.447,0.2185074,8.8520815
2017-04-28,,,,,,,305271,2454474.324,0.19744651,8.04031278
2017-04-29,,,,,,,341319,2085973.148,0.1582041,6.11150609
2017-04-30,,,,,,,281489,1786432.985,0.14831908,6.34636872
2017-05-01,,,,,,,294786,2509004.846,0.1895037,8.51127545
2017-05-02,,,,,,,333161,2531694.305,0.21983813,7.5990116
2017-05-03,,,,,,,295149,2625551.836,0.22031335,8.89568264
2017-05-04,,,,,,,354737,2892428.858,0.20716652,8.15372757
2017-05-05,,,,,,,267193,2863316.311,0.26972927,10.71628489
2017-05-06,,,,,,,363022,2713257.082,0.13660478,7.47408444
2017-05-07,,,,,,,316011,2213326.704,0.14836552,7.00395462
2017-05-08,,,,,,,365096,3877215.601,0.19958441,10.61971536
2017-05-09,,,,,,,332879,3162517.251,0.23068491,9.50050093
2017-05-10,,,,,,,311391,3874769.785,0.24945051,12.44342252
2017-05-11,,,,,,,294743,3043753.158,0.21139044,10.32680388
2017-05-12,,,,,,,317698,3073037.692,0.21565911,9.67282668
2017-05-13,,,,,,,329266,3010157.614,0.22048917,9.14202381
2017-05-14,,,,,,,369098,2545656.418,0.1196355,6.89696616
2017-05-15,,,,,,,329229,3103702.086,0.19955252,9.42718316
2017-05-16,,,,,,,233977,2799129.216,0.24928822,11.96326654
2017-05-17,,,,,,,317527,4046479.136,0.27759592,12.74373245
2017-05-18,,,,,,,288904,3210225.945,0.24616996,11.11173934
2017-05-19,,,,,,,319502,2945763.682,0.26443955,9.21985991
2017-05-20,,,,,,,352805,2804084.671,0.14832905,7.94797316
2017-05-21,,,,,,,326057,2312823.371,0.16101873,7.09330997
2017-05-22,,,,,,,327868,3323799.865,0.21557803,10.13761594
2017-05-23,,,,,,,367710,4112953.889,0.20573172,11.18531965
2017-05-24,,,,,,,338642,3588186.521,0.22303712,10.59581068
2017-05-25,,,,,,,350114,3530884.929,0.21483137,10.08495783
2017-05-26,,,,,,,333340,2804635.981,0.1993925,8.41373966
2017-05-27,,,,,,,331914,2657377.951,0.14968644,8.00622435
2017-05-28,,,,,,,308143,2786546.068,0.13964645,9.04302894
2017-05-29,,,,,,,321638,2525128.965,0.15443354,7.85084151
2017-05-30,,,,,,,347961,3826430.148,0.18591056,10.99672132
2017-05-31,,,,,,,321634,3330411.624,0.16348439,10.35466282
2017-06-01,,,,,,,319709,3357411.231,0.15667866,10.50145986
2017-06-02,,,,,,,271539,2928808.543,0.15305258,10.78595908
2017-06-03,,,,,,,305320,3233909.078,0.11189767,10.5918678
2017-06-04,,,,,,,266044,3486275.164,0.12752173,13.10413
2017-06-05,,,,,,,289930,3259528.681,0.17999084,11.24246777
2017-06-06,,,,,,,297416,2545677.655,0.15424366,8.55931642
2017-06-07,,,,,,,339720,2630808.405,0.15021528,7.74404923
2017-06-08,,,,,,,307377,2395589.201,0.12204041,7.79365144
2017-06-09,,,,,,,282184,2596621.094,0.17245579,9.20187216
2017-06-10,,,,,,,254993,2449118.61,0.14255884,9.60465036
2017-06-11,,,,,,,222892,2301534.231,0.15200368,10.32578213
2017-06-12,,,,,,,269098,2893538.971,0.18155707,10.75273309
2017-06-13,,,,,,,291776,3332828.048,0.18883798,11.42255719
2017-06-14,,,,,,,287644,3266873.636,0.18308215,11.35735018
2017-06-15,,,,,,,293141,3066425.901,0.16512133,10.46058347
2017-06-16,,,,,,,269937,3448634.121,0.17129536,12.77569996
2017-06-17,,,,,,,236554,2338185.94,0.1416293,9.88436441
2017-06-18,,,,,,,209359,2263317.856,0.1308447,10.81070245
2017-06-19,,,,,,,269774,3071769.119,0.18559391,11.38645354
2017-06-20,,,,,,,269438,3018444.738,0.16435636,11.20274325
2017-06-21,,,,,,,280203,3625571.871,0.17919567,12.93909012
2017-06-22,,,,,,,269685,3267161.428,0.18167584,12.11473173
2017-06-23,,,,,,,259938,2401755.515,0.13348862,9.23972453
2017-06-24,,,,,,,227127,2254175.196,0.14919484,9.9247346
2017-06-25,,,,,,,180719,1868429.047,0.17536931,10.33886335
2017-06-26,,,,,,,261906,3779418.896,0.20562627,14.43044029
2017-06-27,,,,,,,259737,2770208.703,0.15231626,10.66543735
2017-06-28,,,,,,,279811,2823966.128,0.18432361,10.09240568
2017-06-29,,,,,,,231054,3186635.159,0.24918423,13.79173335
2017-06-30,,,,,,,267360,3475033.638,0.14509258,12.99758242
2017-07-01,,,,,,,221856,2316434.733,0.17079468,10.44116333
2017-07-02,,,,,,,196539,1799632.148,0.15071544,9.15661598
2017-07-03,,,,,,,253244,2832034.603,0.1894835,11.18302744
2017-07-04,,,,,,,255483,2286343.305,0.13680105,8.94910152
2017-07-05,,,,,,,237008,2513987.238,0.14422458,10.60718304
2017-07-06,,,,,,,225106,2215848.591,0.1801046,9.84357854
2017-07-07,,,,,,,243614,2453741.077,0.15194361,10.07224985
2017-07-08,,,,,,,220835,2699738.771,0.14505513,12.2251399
2017-07-09,,,,,,,188124,2367596.821,0.12722972,12.58529917
2017-07-10,,,,,,,251722,3269080.457,0.16685228,12.98686827
2017-07-11,,,,,,,265759,2896549.045,0.18830069,10.89915692
2017-07-12,,,,,,,257138,2631445.677,0.17335697,10.23359315
2017-07-13,,,,,,,245895,2516299.995,0.16708184,10.2332296
2017-07-14,,,,,,,227903,2601799.879,0.20180219,11.41625989
2017-07-15,,,,,,,221851,1958573.718,0.1794926,8.82832945
2017-07-16,,,,,,,203165,2035268.691,0.18509483,10.01781158
2017-07-17,,,,,,,230315,2658035.613,0.19372626,11.5408706
2017-07-18,,,,,,,260575,2653766.968,0.16014283,10.18427311
2017-07-19,,,,,,,253768,2509365.828,0.14971289,9.88842497
2017-07-20,,,,,,,230199,2443211,0.20987434,10.61347356
2017-07-21,,,,,,,268443,2264274.481,0.15246394,8.4348427
2017-07-22,,,,,,,223358,1793088.275,0.14650323,8.0278668
2017-07-23,,,,,,,181031,1600323.651,0.13428333,8.84005309
2017-07-24,,,,,,,240072,2393466.6,0.16097825,9.96978656
2017-07-25,,,,,,,244036,7336256.313,0.16027262,30.06218882
2017-07-26,,,,,,,237853,3704928.862,0.16016752,15.5765488
2017-07-27,,,,,,,225369,2481256.086,0.14917489,11.00974883
2017-07-28,,,,,,,247207,4203872.09,0.19938205,17.0054735
2017-07-29,,,,,,,211134,4134542.024,0.14255673,19.58254958
2017-07-30,,,,,,,184145,8866222.524,0.23556696,48.14804922
2017-07-31,,,,,,,231012,2947402.79,0.20758416,12.75865665
2017-08-01,328.3279007,16481998.59,77010,308149,52.0440309,5411499997,76626,1564950.489,0.09041335,20.42323087
2017-08-02,343.028449,16482086.09,4877,16751,5.61781323,5653824429,7423,240184.668,0.99938047,32.35681907
2017-08-03,303.0460857,16482523.59,23013,80506,20.57356421,4994964258,20944,1037288.17,1.47228829,49.52674608
2017-08-04,195.9926131,16482761.09,26683,88105,21.52932081,3230499418,26536,1280224.628,1.92265728,48.24482316
2017-08-05,193.434003,16482923.59,12075,44381,9.20121024,3188357892,15207,1040428.567,1.9997673,68.41773963
2017-08-06,210.5030887,16483736.09,10151,33613,6.98099381,3469877361,11856,929017.8147,1.84692158,78.35845265
2017-08-07,321.2068046,16484711.09,16954,58611,9.10629753,5295001376,16192,1419565.247,2.98981784,87.6707786
2017-08-08,341.9224287,16484998.59,11599,34565,8.06455312,5636590757,12878,1323126.687,2.06543331,102.7431811
2017-08-09,302.5466349,16486186.09,10564,30593,5.2390242,4987840125,10893,854886.8835,2.99995344,78.48038956
2017-08-10,279.0008828,16487436.09,9983,31527,5.42151434,4600009226,10049,602598.6972,2.55470423,59.96603614
2017-08-11,328.7184623,16488273.59,10854,31381,4.85890651,5419999941,10574,777026.6142,3.21124707,73.48464291
2017-08-12,316.5364618,16489173.59,7215,23548,4.67592508,5219424667,7615,797236.8866,2.00955306,104.6929595
2017-08-13,297.4577035,16490148.59,7793,23046,4.6176887,4905121731,7892,302502.494,1.98219204,38.33027039
2017-08-14,302.1933373,16491286.09,9864,32262,5.7792547,4983556780,9924,524312.9325,2.00900291,52.8328227
2017-08-15,298.3143588,16492686.09,7442,25233,4.75426168,4920005076,7808,500344.3514,1.9890619,64.08098762
2017-08-16,299.6953171,16493736.09,135764,186687,4.45342092,4943095469,135636,480588.0247,4.124e-05,3.54321879
2017-08-17,428.9531439,16494548.59,13222,38367,9.16596119,7075388476,10878,1044350.825,2.55265033,96.00577539
2017-08-18,699.2324087,16495361.09,22797,61736,9.21839331,1.153409107e+10,22861,1839129.729,3.02324794,80.44834999
2017-08-19,711.6594853,16496998.59,25168,68401,10.81175696,1.174024553e+10,27859,1590266.393,2.72970687,57.08268038
2017-08-20,717.6422235,16502798.59,19447,51823,8.84158449,1.184310508e+10,19994,768690.1894,3.37750699,38.44604328
2017-08-21,600.8821254,16512348.59,16394,44956,7.1229269,9921975119,17200,599073.918,3.44474251,34.82987895
2017-08-22,688.872631,16523036.09,15575,42557,6.45709805,1.138226735e+10,15888,932992.892,4.00889588,58.72311757
2017-08-23,675.5455461,16523311.09,10121,33653,4.36539891,1.116224922e+10,9706,562971.9937,2.36945844,58.00247204
2017-08-24,618.4444493,16530423.59,12336,52614,6.91863958,1.022314872e+10,13880,1170975.226,5.2988206,84.36420935
2017-08-25,631.652396,16539023.59,10918,29747,5.53186897,1.044691388e+10,11604,645643.4138,4.33767847,55.63972886
2017-08-26,618.8838874,16547473.59,8249,37503,3.6663858,1.024096478e+10,8909,459976.5757,2.0104837,51.63055064
2017-08-27,620.1419815,16548011.09,7892,25421,3.66840997,1.026211639e+10,6371,471519.8809,1.9999548,74.01034074
2017-08-28,589.5027659,16550186.09,8823,27003,3.79715796,9756380478,10335,384401.8576,2.00637339,37.1941807
2017-08-29,551.9212449,16551961.09,12779,38467,5.06667012,9135378972,13000,1020660.367,2.87644001,78.51233594
2017-08-30,577.4048234,16553036.09,16849,98978,4.1093705,9557802883,15953,1435319.002,1.0289636,89.97172958
2017-08-31,593.8804072,16554111.09,12868,66622,4.31920892,9831162238,13654,388072.2093,0.51538535,28.42186973
2017-09-01,633.4276702,16555561.09,10152,31477,3.69869024,1.048675049e+10,10478,412004.9559,1.29900964,39.32095398
2017-09-02,581.4885025,16557236.09,7762,21234,2.74292473,9627842422,7992,367625.4835,1.99999222,45.99918462
2017-09-03,606.5732746,16558873.59,7710,25532,2.55855711,1.004417018e+10,7646,417038.0256,2.82283755,54.54329395
2017-09-04,540.8301017,16560486.09,7729,21699,4.26420481,8956409377,7728,660829.9664,2.96669069,85.51112401
2017-09-05,556.9763368,16561886.09,7240,22945,2.38896889,9224578646,7440,612709.6478,1.99936746,82.35344728
2017-09-06,651.0069382,16563636.09,8313,25282,2.30672171,1.078304202e+10,8718,734547.2085,3.48955539,84.25639005
2017-09-07,671.0637311,16566223.59,8758,22751,2.35152814,1.111699181e+10,8884,437626.0966,2.64155689,49.26002888
2017-09-08,615.037862,16568573.59,7387,19775,1.69470002,1.019030008e+10,7740,403733.8944,2.00938943,52.16200186
2017-09-09,591.0791555,16570548.59,6399,18543,1.56434431,9794505869,6415,856972.7674,1.34143705,133.5888959
2017-09-10,562.4563493,16572486.09,5336,13434,1.12438302,9321300027,5585,380133.6935,2.12665332,68.06332919
2017-09-11,557.3358617,16574661.09,7322,18272,1.22776721,9237653022,7430,793621.7852,1.50010149,106.8131609
2017-09-12,537.3340348,16577073.59,6189,14881,1.39806303,8907425839,6186,518185.2561,1.52952638,83.76741935
2017-09-13,510.2299095,16579223.59,6171,16036,1.22816506,8459215753,6528,301242.8119,1.64451043,46.14626407
2017-09-14,390.8656533,16581548.59,7256,18493,2.23041516,6481157824,7482,531672.8645,2.09417554,71.06025989
2017-09-15,429.9201439,16583673.59,8544,79976,2.00871138,7129655337,8804,759646.2601,2.75165025,86.28421854
2017-09-16,449.7063702,16585811.09,7902,17485,1.84740163,7458744904,7980,541133.7851,1.02536778,67.81125126
2017-09-17,444.0093085,16588023.59,5047,13752,0.74654137,7365236885,5204,332892.0017,1.89567279,63.9684861
2017-09-18,486.063722,16592486.09,8513,20849,1.31676661,8065005548,9032,976054.769,1.10749059,108.0662942
2017-09-19,536.571393,16595811.09,9778,25396,1.46534203,8904837476,9786,1443306.011,1.4358517,147.4868191
2017-09-20,481.1603435,16598911.09,8520,21885,1.4811875,7986737763,8347,540167.3439,1.73543792,64.71395038
2017-09-21,418.8980315,16599336.09,5851,15926,1.09531174,6953429213,5893,552059.3186,2.10577437,93.68052241
2017-09-22,412.0441538,16604461.09,6064,15282,1.189615,6841771121,7156,1210913.292,3.6540045,169.2165025
2017-09-23,428.1669361,16608861.09,5803,15021,0.90085324,7111365167,5953,463230.033,1.90960845,77.81455283
2017-09-24,422.277056,16612161.09,6415,15505,1.06333414,7014934480,6844,382726.1928,0.55910359,55.92141916
2017-09-25,450.2939106,16615686.09,8969,37261,1.39319482,7481942268,9258,653213.8076,0.58654151,70.55668693
2017-09-26,448.5875849,16619598.59,6480,16225,1.06519945,7455345595,6777,475943.3109,1.01480581,70.22920331
2017-09-27,463.7894019,16623048.59,8841,20871,1.13913647,7709593765,9078,976754.8875,1.09890178,107.5958237
2017-09-28,458.6685137,16623961.09,9498,22910,1.52775018,7624887526,7999,870468.8433,2.84070213,108.8222082
2017-09-29,440.2552632,16624123.59,4957,13305,1.14186015,7318857907,5768,564554.0431,2.03252311,97.87691453
2017-09-30,433.5982119,16631473.59,7598,20697,1.49883189,7211377212,9033,665800.0852,2.61209228,73.70752631
2017-10-01,417.3973784,16643598.59,7932,20194,1.26148244,6946994420,8853,967683.1079,4.02881271,109.3056713
2017-10-02,416.2159386,16649061.09,8048,21533,1.60741974,6929604589,7689,701137.6983,3.64783,91.18711123
2017-10-03,401.1175055,16649236.09,5352,16495,1.10747482,6678300050,4556,548509.4607,2.86441028,120.3927701
2017-10-04,355.8429797,16659836.09,7833,22186,1.45590652,5928285717,10329,1169693.163,4.38727435,113.2436018
2017-10-05,354.4284484,16673948.59,9237,22544,2.55693397,5909721729,9754,1380147.507,5.88655219,141.495541
2017-10-06,362.6678933,16674373.59,5639,20862,1.02130326,6047259943,6122,1059764.626,2.60017712,173.1075835
2017-10-07,360.5497913,16676136.09,5016,12695,1.20309466,6012577388,5185,673262.9583,2.63321353,129.848208
2017-10-08,340.1608905,16677473.59,7522,19572,1.76548801,5673024269,6935,1010237.649,3.23457558,145.6723358
2017-10-09,312.2432747,16678611.09,8445,20624,1.67436167,5207784146,9165,1445929.946,3.94234282,157.7664971
2017-10-10,318.4059493,16680011.09,8338,21724,2.06981859,5311014766,8447,932831.4669,3.98456895,110.4334636
2017-10-11,312.3089291,16681261.09,7943,30665,2.16073378,5209706788,7384,747158.0536,1.8530867,101.1860853
2017-10-12,312.3167538,16688211.09,11398,35286,2.72258527,5212007916,12812,1321334.874,1.99841178,103.1326002
2017-10-13,319.4528413,16699823.59,15172,86243,4.44994831,5334806096,15876,982588.2916,1.93681547,61.89142678
2017-10-14,320.4764708,16700998.59,13577,180645,7.77453667,5352277089,13091,593064.3928,0.70391201,45.30321539
2017-10-15,313.5021206,16701523.59,8696,25789,3.00465835,5235963064,8330,373060.0212,1.37010115,44.78511659
2017-10-16,311.7931933,16702223.59,9782,27131,2.23890811,5207639629,10024,715716.8397,0.63801274,71.40032319
2017-10-17,376.1421629,16702611.09,14575,38988,3.14440013,6282556263,13224,1192312.714,2.44233423,90.16278839
2017-10-18,338.7677958,16703798.59,7928,19230,2.02572974,5658709032,10144,1137061.767,4.62268524,112.0920512
2017-10-19,329.9444428,16705236.09,9295,19438,1.80244453,5511799815,9463,587015.1138,2.74922161,62.03266552
2017-10-20,327.3707222,16706736.09,18302,32003,2.10547392,5469296261,18303,778434.3851,0.07177488,42.53042589
2017-10-21,322.5176863,16707673.59,11855,28745,2.16375403,5388520232,9144,547128.1355,1.01016324,59.83466048
2017-10-22,330.7723058,16707848.59,6199,17474,1.18965446,5526493604,7390,541508.3472,1.01007505,73.27582505
2017-10-23,312.0320082,16709198.59,7500,25738,1.71308399,5213804792,9358,562996.7735,1.30706096,60.16208308
2017-10-24,324.3564521,16711173.59,8612,24751,1.84298613,5420376977,8875,612249.1843,1.80609587,68.98582358
2017-10-25,330.9029903,16713323.59,10470,27935,1.99366808,5530488755,10657,576864.5081,1.62377093,54.13010303
2017-10-26,336.415125,16718311.09,9233,24022,1.87418658,5624292717,9749,660757.1977,5.33926117,67.77692047
2017-10-27,368.1175355,16732911.09,11735,26639,2.38512565,6159677994,12911,733882.5322,4.28104918,56.84164915
2017-10-28,418.9348214,16748586.09,11898,25490,2.24604179,7016565924,13054,1291847.851,3.9998697,98.96183934
2017-10-29,448.2735571,16749748.59,16100,38087,3.1503659,7508469383,13055,2041573.656,3.99884818,156.3825091
2017-10-30,441.4437424,16750661.09,12244,27925,2.64431773,7394474521,14928,2213533.05,1.28487592,148.280617
2017-10-31,436.5070819,16751623.59,11575,26004,2.27668678,7312202332,11430,1091354.939,1.16993236,95.48162191
2017-11-01,531.7971126,16752623.59,13691,31349,3.16757897,8908996855,13725,1274774.442,1.25567673,92.87974077
2017-11-02,577.4609343,16753636.09,17875,40045,3.81584384,9674570351,17832,1553571.527,1.74132001,87.12267425
2017-11-03,637.9260768,16758073.59,21682,45452,4.1138633,1.069041214e+10,22780,1694862.938,1.71026354,74.40135813
2017-11-04,618.6056229,16761823.59,15040,35466,2.81926551,1.036895832e+10,15377,766432.8989,1.00682583,49.84281062
2017-11-05,622.6136072,16764098.59,17057,42673,3.12734033,1.04375559e+10,17140,767068.0537,0.39527908,44.75309531
2017-11-06,596.3941654,16766886.09,19235,44135,2.89721407,9999673038,19520,1105113.559,0.31139387,56.61442412
2017-11-07,607.5883886,16769661.09,17297,48809,3.45181237,1.018905136e+10,17414,759612.5913,0.64638015,43.62079885
2017-11-08,620.8856444,16772386.09,24932,54388,4.37328862,1.041373375e+10,23436,1391714.425,0.60390435,59.38361601
2017-11-09,661.3709203,16774148.59,24084,51723,4.36646315,1.109393409e+10,24956,1959153.315,1.43041287,78.50430018
2017-11-10,998.9728142,16779823.59,45802,100352,7.93351542,1.67625876e+10,47309,6695955.206,3.52114803,141.5366041
2017-11-11,1354.863913,16789123.59,46683,99770,8.19228653,2.274697768e+10,47531,7218059.456,1.72102695,151.8600378
2017-11-12,1434.615863,16799986.09,81325,176845,15.8775142,2.410152655e+10,77327,6013944.304,0.99999618,77.7728905
2017-11-13,1363.911778,16800748.59,30411,86955,7.13391852,2.291473889e+10,35173,2707783.276,1.00762688,76.98471203
2017-11-14,1262.745467,16802448.59,24902,66463,8.23324146,2.121721579e+10,24542,1841253.159,0.9796805,75.02457659
2017-11-15,1203.361108,16804561.09,25850,65732,7.59647745,2.022195525e+10,24959,2028846.43,0.75044706,81.28716815
2017-11-16,892.1216963,16805586.09,29352,74890,8.66664966,1.499262797e+10,28551,1902681.846,0.83147257,66.64151329
2017-11-17,1169.660502,16807536.09,22429,78411,9.00986175,1.965911111e+10,22588,3249886.861,1.46705366,143.8766983
2017-11-18,1240.42432,16809611.09,20091,43370,5.59463891,2.085105042e+10,22179,2541251.237,1.02311842,114.5791622
2017-11-19,1177.322348,16811273.59,14614,39065,3.9798712,1.979228811e+10,15002,1951677.414,0.81111392,130.0944817
2017-11-20,1226.215259,16813036.09,15410,38041,3.56871323,2.06164014e+10,15879,1239620.815,0.73182683,78.06668019
2017-11-21,1174.009313,16814948.59,18536,40845,4.37281031,1.974090625e+10,18224,1519534.811,1.00746874,83.38097072
2017-11-22,1300.470164,16816811.09,18679,43787,9.28194361,2.186976108e+10,19076,1558862.234,1.25570503,81.71850668
2017-11-23,1613.671653,16818823.59,28407,70122,3.55895358,2.714005887e+10,27218,1517297.532,1.14754601,55.74610671
2017-11-24,1639.108025,16820461.09,23723,113060,3.19529573,2.757055276e+10,24476,1120570.972,1.05651418,45.78243879
2017-11-25,1567.873211,16822298.59,18246,43253,2.6631614,2.637523131e+10,18712,759450.9925,0.95022939,40.58630785
2017-11-26,1737.344997,16824061.09,19346,43747,2.36083408,2.922919836e+10,19070,733369.2483,0.86061995,38.45669891
2017-11-27,1603.197565,16825586.09,20008,46883,2.50043784,2.697473865e+10,20268,1410103.047,1.00979349,69.5728758
2017-11-28,1493.597737,16827398.59,23174,50642,2.64410904,2.513336445e+10,23525,1684284.18,1.01228215,71.59550182
2017-11-29,1335.065838,16829173.45,28119,60934,3.28236691,2.246805455e+10,28375,1650030.621,1.06507195,58.15085887
2017-11-30,1346.581342,16830848.45,21393,45957,2.30095951,2.266410649e+10,21949,1370173.443,1.22903229,62.42532429
2017-12-01,1429.453411,16832698.45,19761,42453,2.24903317,2.406155822e+10,19317,883060.505,1.10573328,45.71416394
2017-12-02,1400.593171,16834410.95,17230,38010,1.91642216,2.357816101e+10,17718,755426.397,0.99889732,42.63609871
2017-12-03,1510.795319,16836198.45,21423,44288,2.21855369,2.543604981e+10,21904,1129141.3,0.99904909,51.54954803
2017-12-04,1535.202246,16837973.45,22457,45281,2.2902557,2.584969466e+10,21996,1093453.289,0.83032475,49.71146067
2017-12-05,1454.47988,16839823.45,20654,45660,2.17021193,2.449318438e+10,20961,1247899.824,0.73098113,59.53436494
2017-12-06,1382.813304,16841773.45,27395,88403,3.18305338,2.328902839e+10,26859,1642336.941,0.55366916,61.14661531
2017-12-07,1276.164345,16842723.45,23366,61423,2.90751578,2.149408313e+10,24350,1250012.329,0.80112201,51.33520858
2017-12-08,1419.112876,16844885.95,27948,62612,3.24497067,2.390479455e+10,27514,9526955.829,1.39925777,346.2584804
2017-12-09,1409.988253,16846735.95,17249,40030,2.55960579,2.375369979e+10,18256,1702578.02,0.9185949,93.26128506
2017-12-10,1302.332769,16848360.95,17375,42117,1.91518603,2.194217256e+10,16482,1235818.16,0.71127586,74.97986651
2017-12-11,1403.318892,16850185.95,22290,53933,2.3363696,2.364618428e+10,22933,894393.3104,0.46910153,39.00027516
2017-12-12,1627.401275,16851985.95,24972,68058,2.85930863,2.742494343e+10,25269,1274097.634,0.65732492,50.42137138
2017-12-13,1620.402887,16853960.95,24412,54739,2.46587123,2.731020698e+10,23318,1745491.538,0.99898305,74.85597127
2017-12-14,1948.070893,16855848.45,35642,151612,3.6457746,3.283638775e+10,35328,2556585.373,0.90493891,72.36711313
2017-12-15,1795.177922,16857548.45,26919,139208,3.36339503,3.026229878e+10,28727,1518999.501,0.37500923,52.87706689
2017-12-16,1791.402493,16859098.45,25168,163330,3.34050158,3.020143098e+10,25161,1064700.799,0.42849463,42.31551999
2017-12-17,1838.494555,16860960.95,29134,171534,3.9253744,3.099878488e+10,28945,641759.855,0.32997426,22.17169994
2017-12-18,2144.976265,16863148.45,34308,183204,4.45920211,3.617105318e+10,32627,1723985.488,0.76067253,52.83922786
2017-12-19,2771.521605,16865035.95,55979,231193,6.47621772,4.67418115e+10,57439,4551350.481,1.66611632,79.23798258
2017-12-20,3678.344998,16867073.45,133209,442088,33.02997327,6.204291524e+10,128067,5243312.473,0.65945967,40.94194814
2017-12-21,3107.202159,16868710.95,73533,319380,7.60947033,5.241449506e+10,77267,1973730.34,0.2351158,25.54428591
2017-12-22,2648.774264,16870285.95,52914,330831,6.53943965,4.468557924e+10,54174,2118661.121,0.33639932,39.10844909
2017-12-23,3094.012818,16872273.45,46310,251190,4.13077907,5.220303031e+10,47165,2079067.445,0.30230379,44.08072607
2017-12-24,2863.112104,16874260.95,33646,84177,2.72192062,4.831290076e+10,34845,1135372.961,0.22733127,32.58352592
2017-12-25,2804.733888,16875823.45,29121,78001,3.08405456,4.73321939e+10,28916,991388.6439,0.21676619,34.28512394
2017-12-26,2910.258289,16877610.95,31578,84205,2.68690793,4.911820716e+10,31713,983619.2289,0.25147196,31.01627814
2017-12-27,2711.371393,16879385.95,47613,114093,5.08477325,4.576628418e+10,47175,1069096.255,0.21959761,22.66234775
2017-12-28,2485.95896,16881223.45,33323,160084,3.25832632,4.196602868e+10,33321,1118682.089,0.23703973,33.57288463
2017-12-29,2666.619999,16882910.95,42538,316674,5.02207205,4.502030797e+10,43305,1192625.709,0.31762271,27.54013876
2017-12-30,2285.884587,16884885.95,35565,331278,4.9888995,3.859690054e+10,35788,737350.1513,0.30875651,20.60327906
2017-12-31,2384.950669,16886660.95,27677,338465,3.94307242,4.027385333e+10,28457,601877.395,0.19862094,21.15041624
2018-01-01,2328.673983,16888298.45,24681,243881,3.31795551,3.93273412e+10,24181,752635.8242,0.24480016,31.12509094
2018-01-02,2545.898986,16890285.95,44215,200202,4.25518297,4.300096187e+10,43130,1077964.031,0.5563841,24.99336961
2018-01-03,2541.537118,16891935.95,46342,156628,4.12475026,4.29314822e+10,47526,2860764.663,0.53160226,60.19367637
2018-01-04,2349.276004,16893760.95,52826,197995,5.03661298,3.96881072e+10,51639,1752556.628,0.47740815,33.93862444
2018-01-05,2395.052098,16895435.95,45488,162841,4.02514343,4.046544931e+10,46216,2350213.291,0.54722878,50.85280619
2018-01-06,2518.394562,16897348.45,40166,108244,3.15591903,4.255419043e+10,40813,2053426.44,0.35575683,50.31304828
2018-01-07,2527.839619,16899185.95,35558,111310,8.8403004,4.271843176e+10,36485,1227369.467,0.34574481,33.64038556
2018-01-08,2400.292306,16900760.95,38395,145997,12.65296811,4.056676647e+10,37153,1444844.055,0.43288014,38.88902795
2018-01-09,2357.610337,16902660.95,39565,159142,6.45398636,3.984988817e+10,40375,2212686.197,0.53920267,54.8033733
2018-01-10,2876.479125,16904635.95,42602,169497,7.6914774,4.862583241e+10,42753,1406059.026,0.41478426,32.88796168
2018-01-11,2417.832236,16906548.45,36017,100137,5.99106061,4.087719782e+10,35691,1194162.219,0.40401033,33.45835696
2018-01-12,2590.632291,16908235.95,34666,133547,5.66589591,4.380302203e+10,35132,3346874.844,0.4410933,95.26570772
2018-01-13,2654.945087,16910123.45,57142,100399,6.02719451,4.489544917e+10,55835,1473443.128,0.01513143,26.38923843
2018-01-14,2538.585966,16912010.95,113273,99598,11.79609575,4.293259365e+10,110702,686242.243,0.00114967,6.19900492
2018-01-15,2403.599971,16913585.95,100519,95432,9.92617133,4.065349468e+10,105784,1384931.688,0.00152451,13.09207146
2018-01-16,1779.832476,16915360.95,35593,92918,6.32362066,3.010650876e+10,34377,1293043.588,0.62102756,37.61362504
2018-01-17,1738.153619,16917148.45,39007,93561,5.46647906,2.94046028e+10,39885,1206555.813,1.25672627,30.25086655
2018-01-18,1724.693641,16919048.45,40694,101081,5.20295305,2.918017526e+10,40449,907117.965,1.20018658,22.42621486
2018-01-19,1751.398985,16920935.95,24659,64129,3.25923815,2.963531004e+10,25226,497354.9525,0.33180744,19.71596576
2018-01-20,2030.078666,16922523.45,23954,61232,3.53872119,3.435405383e+10,24449,453763.7721,0.29867928,18.55960456
2018-01-21,1760.097134,16924323.45,21458,56264,2.59072415,2.978845319e+10,21906,280453.9683,0.24151226,12.8026097
2018-01-22,1605.247258,16926160.95,22002,69015,3.12686445,2.717067345e+10,22012,440982.9179,0.35198066,20.03375058
2018-01-23,1619.640159,16928198.45,23706,60604,6.01361737,2.741759002e+10,24005,517037.6506,0.36310635,21.5387482
2018-01-24,1629.863268,16929785.95,22539,55012,2.80408744,2.759323624e+10,21900,537619.1782,0.30819193,24.54882092
2018-01-25,1632.796802,16931698.45,24734,58419,2.95764009,2.764602308e+10,25147,469216.6966,0.17294786,18.65895321
2018-01-26,1586.212479,16933485.95,21775,83924,2.81853719,2.686010671e+10,22254,729435.0902,0.37021486,32.77770693
2018-01-27,1618.981305,16935310.95,18523,55362,2.25449013,2.741795181e+10,18868,245461.4081,0.35664706,13.00940258
2018-01-28,1728.199288,16937098.45,20499,63102,2.25232688,2.927068147e+10,19557,800389.4797,0.27769385,40.92598454
2018-01-29,1636.928515,16938935.95,20174,56804,2.78596095,2.772782727e+10,21117,459428.6523,0.30907182,21.75634097
2018-01-30,1451.621096,16940873.45,28261,67783,3.13048314,2.459172928e+10,28123,918506.5718,0.70663517,32.66033395
2018-01-31,1460.350532,16942348.45,36059,73517,3.43713371,2.474176757e+10,36660,1304311.402,0.80686052,35.57859798
2018-02-01,1260.658619,16944360.95,25733,166057,3.17063355,2.136105468e+10,24355,662266.24,0.77044213,27.19220857
2018-02-02,1188.417394,16945985.95,23709,85060,3.07897098,2.013890446e+10,25457,1178755.918,0.76848551,46.30380321
2018-02-03,1261.960109,16947710.95,17618,49501,1.86395716,2.138733516e+10,17837,477215.5326,0.63605043,26.75424861
2018-02-04,1160.740697,16949598.45,15800,73929,1.98463392,1.967408871e+10,16160,396269.6416,0.45014477,24.52163623
2018-02-05,875.9884262,16951273.45,21294,51122,2.40560549,1.484911935e+10,20955,504362.0634,0.49999789,24.06881714
2018-02-06,969.8953608,16953210.95,21752,57738,2.52568451,1.644284065e+10,21315,541973.315,0.65596797,25.42685034
2018-02-07,961.9979036,16955035.95,20106,52733,2.27301949,1.631070903e+10,21295,365466.5481,0.69161751,17.16208256
2018-02-08,1273.247636,16957085.95,22620,61100,3.46321533,2.15905696e+10,22432,504844.2672,0.74214859,22.50553972
2018-02-09,1299.619967,16958660.95,22762,61721,2.83461492,2.203981439e+10,22516,756102.2287,0.83176745,33.58066391
2018-02-10,1240.784957,16960598.45,23398,117795,2.39860703,2.104445541e+10,24004,456898.4429,0.38497666,19.03426274
2018-02-11,1214.504162,16962360.95,16822,48289,1.70574641,2.060085797e+10,16908,306620.3404,0.6098575,18.13463096
2018-02-12,1282.196605,16964223.45,20101,54916,2.17420283,2.175146971e+10,19893,416824.6483,0.47620276,20.95333274
2018-02-13,1220.204316,16965923.45,20102,51491,2.10544727,2.0701893e+10,20842,265325.0622,0.41580523,12.73030717
2018-02-14,1357.006034,16967685.95,22235,60471,2.66033226,2.302525222e+10,21483,335482.4886,0.4530813,15.61618436
2018-02-15,1364.142727,16969523.45,22794,60917,2.60058855,2.314885199e+10,23614,690663.4988,0.48010808,29.24805195
2018-02-16,1519.206485,16971410.95,22617,57061,2.96163747,2.578307758e+10,21735,379573.5339,0.55908721,17.46370066
2018-02-17,1544.523544,16973135.95,19002,50159,2.42731597,2.621540809e+10,20043,165020.8203,0.43233748,8.23333933
2018-02-18,1459.814304,16974898.45,19743,48973,2.21300359,2.478019955e+10,19887,218878.4719,0.4842802,11.0061081
2018-02-19,1521.445556,16976710.95,19204,53723,2.56271274,2.582914142e+10,18643,203022.1328,0.5242038,10.88999264
2018-02-20,1397.251592,16978448.45,19720,54481,2.89228616,2.372316412e+10,20854,289087.6588,0.60448311,13.86245606
2018-02-21,1286.632827,16980210.95,19267,53102,2.6556957,2.184729682e+10,19297,262284.1043,0.69344513,13.5919627
2018-02-22,1209.220724,16981985.95,19129,53555,2.41092605,2.053496934e+10,19130,725032.1372,0.4999,37.90026853
2018-02-23,1258.535462,16983748.45,17714,51746,2.25948153,2.13746497e+10,17730,319034.1375,0.67931401,17.99402918
2018-02-24,1176.992956,16985573.45,16174,44065,1.96100875,1.999190029e+10,16055,245943.4882,0.58197558,15.3188096
2018-02-25,1176.180919,16987323.45,14215,41209,1.86917902,1.99801657e+10,14950,293816.3261,0.44127214,19.65326595
2018-02-26,1245.232864,16989185.95,32409,49820,2.24642279,2.115549267e+10,32542,288489.1674,0.00846885,8.86513328
2018-02-27,1239.056633,16990835.95,19055,52322,1.30995623,2.105260798e+10,19292,541321.5715,0.70932414,28.05938064
2018-02-28,1199.272588,16992698.45,19970,51939,1.14131194,2.037887744e+10,19711,268783.2715,0.48421798,13.63620676
2018-03-01,1285.408735,16994610.95,19555,52310,1.24268921,2.184502135e+10,19635,357395.1677,0.52295867,18.20194385
2018-03-02,1273.960864,16996398.45,18017,48226,1.30709149,2.165274645e+10,18404,273134.4463,0.491318,14.84103707
2018-03-03,1268.062873,16998123.45,17637,48752,1.24632672,2.155468925e+10,17952,310659.179,0.50085756,17.30498991
2018-03-04,1282.291598,16999885.95,14970,43536,1.01041643,2.179881091e+10,15142,155016.1189,0.43163546,10.23749299
2018-03-05,1267.110128,17001660.95,39092,50721,1.7293149,2.154297678e+10,38631,441259.7263,0.00013697,11.42242567
2018-03-06,1201.079639,17003485.95,18773,50838,1.35551057,2.042254075e+10,18996,235016.483,0.53032516,12.37189318
2018-03-07,1091.737209,17005310.95,17526,47686,1.79877139,1.85653307e+10,18047,224693.552,0.5013263,12.45046556
2018-03-08,1032.176356,17007148.45,18757,48898,1.49511128,1.75543765e+10,18740,270061.2027,0.49887528,14.41094998
2018-03-09,1063.521749,17008910.95,18976,60485,1.23228227,1.808934673e+10,19032,279021.5133,0.47855903,14.66065118
2018-03-10,999.9652358,17010798.45,14013,42781,1.26529419,1.701020708e+10,14790,173199.2171,0.41015903,11.71056234
2018-03-11,1130.725588,17012598.45,14284,46583,0.89848673,1.923658038e+10,13674,224419.0031,0.33328819,16.41209617
2018-03-12,1051.452998,17014373.45,15410,45481,1.18179688,1.788981397e+10,16035,235912.8562,0.37058488,14.7123702
2018-03-13,1057.761428,17016185.95,17109,46802,1.43153608,1.799906514e+10,17063,538049.8682,0.49236897,31.53313416
2018-03-14,948.3659611,17017910.95,19270,46973,1.25824483,1.613920747e+10,19799,3315663.088,0.57388785,167.4661896
2018-03-15,940.5189154,17019710.95,18040,48020,1.75801103,1.600736008e+10,17618,761548.0129,0.59871641,43.22556549
2018-03-16,984.7880136,17021523.45,19245,49187,1.22778194,1.676259226e+10,18486,977237.5812,0.52227893,52.86365796
2018-03-17,948.7221859,17023410.95,15477,41518,0.9449533,1.615048764e+10,16429,372796.6904,0.49359411,22.6913805
2018-03-18,931.3299933,17025223.45,14615,41353,1.98640445,1.585610124e+10,14803,820273.8879,0.48402813,55.41267904
2018-03-19,987.0745911,17027073.45,15686,51440,2.26518729,1.680699156e+10,16124,663334.9321,0.50901183,41.13960134
2018-03-20,1056.987705,17028798.45,19001,51009,1.22729259,1.799923059e+10,19229,533670.3301,0.32921194,27.75341048
2018-03-21,1024.472818,17030535.95,18801,57236,2.91179395,1.744732115e+10,18696,540650.099,0.38727526,28.91795566
2018-03-22,1011.552934,17032285.95,16723,48241,1.64397913,1.722905883e+10,17199,520820.6115,0.50002637,30.28202869
2018-03-23,1014.994431,17034173.45,15696,44455,1.09006005,1.728959118e+10,15077,304730.9348,0.50805389,20.21164255
2018-03-24,981.5297346,17035935.95,13656,41077,0.7561635,1.672127769e+10,14538,200072.067,0.29499695,13.76200763
2018-03-25,969.9122567,17037710.95,13378,41013,0.70060511,1.652508467e+10,13440,171898.3443,0.31144631,12.79005538
2018-03-26,918.1104593,17039510.95,15873,46320,1.58837833,1.564415322e+10,15351,315012.3427,0.410411,20.52063987
2018-03-27,877.6026284,17041448.45,17983,46810,1.01927912,1.495561995e+10,18593,386581.5864,0.451846,20.79178111
2018-03-28,858.714763,17042998.45,78188,48275,1.03793569,1.463507437e+10,78233,603307.5031,8.407e-05,7.71167542
2018-03-29,715.8765497,17044810.95,21649,49543,1.19804064,1.220198045e+10,21799,647687.1638,0.5434221,29.71178328
2018-03-30,695.331912,17046535.95,20580,49502,0.99604716,1.185300043e+10,21200,528055.057,0.63467998,24.9082574
2018-03-31,683.0452805,17048385.95,17359,45396,0.87240408,1.164481956e+10,17050,1102271.971,0.37881422,64.64938246
2018-04-01,641.1491795,17050298.45,13602,41782,0.67804613,1.093178486e+10,13804,1681717.596,0.47686752,121.8282814
2018-04-02,660.5702825,17051935.95,16886,48588,0.9028372,1.126400214e+10,17056,581048.8483,0.2451552,34.0671229
2018-04-03,709.0913217,17053810.95,22703,95169,1.10403412,1.209270934e+10,22267,1284069.299,0.73971689,57.6669196
2018-04-04,646.3869059,17055648.45,19612,48628,0.93596952,1.102454783e+10,20256,1347916.325,0.34989004,66.54405239
2018-04-05,643.356932,17057285.95,16291,43970,0.72271916,1.097392315e+10,16695,446350.7673,0.36829189,26.73559552
2018-04-06,608.9029855,17059110.95,16988,49108,0.82862685,1.038734359e+10,16989,375336.9881,0.3300795,22.09294179
2018-04-07,639.5881113,17061010.95,12748,41943,2.48712047,1.091201977e+10,13143,295241.5823,0.15811215,22.46378926
2018-04-08,651.3946192,17062760.95,11201,37330,0.45421836,1.111459067e+10,11360,281900.5542,0.15179284,24.81518962
2018-04-09,633.4812057,17064573.45,12031,50692,0.79667335,1.081008656e+10,12079,251848.3999,0.35381894,20.85010348
2018-04-10,649.2875143,17066385.95,11426,36097,0.98530179,1.108099131e+10,11667,299136.2744,0.38392046,25.63951953
2018-04-11,661.7919573,17068260.95,11881,36992,0.78838206,1.129563782e+10,12118,313127.0916,0.40822204,25.8398326
2018-04-12,733.5695071,17069773.45,15032,41307,0.9026194,1.252186529e+10,14807,329520.1242,0.51115948,22.25434755
2018-04-13,742.0857933,17071685.95,14777,44156,0.86042767,1.266865561e+10,15264,424993.0118,0.49633709,27.84283358
2018-04-14,739.3068901,17073585.95,11312,37027,0.5905232,1.262261973e+10,11520,172376.8337,0.20130732,14.96326681
2018-04-15,778.7046275,17075385.95,14733,43383,0.69913158,1.329668205e+10,14423,179460.7286,0.10811842,12.44267687
2018-04-16,765.1517555,17077160.95,17205,43704,0.73491708,1.306661968e+10,17324,439992.0033,0.0934318,25.39782979
2018-04-17,757.3420224,17078948.45,16218,41050,0.83584759,1.293460536e+10,16449,287114.1718,0.16123358,17.45481012
2018-04-18,894.5810361,17080873.45,18036,47401,0.87401733,1.528022546e+10,18336,421509.1731,0.29048273,22.98806572
2018-04-19,964.9518011,17082785.95,19716,49442,1.00669588,1.648406507e+10,19459,635404.1892,0.22162827,32.65348626
2018-04-20,1128.591616,17084635.95,21728,55718,1.09720277,1.928157689e+10,21994,800033.8267,0.27485333,36.37509441
2018-04-21,1150.896779,17086573.45,18422,46097,0.91649783,1.966488234e+10,18576,319361.6251,0.27489177,17.19216328
2018-04-22,1205.022637,17088398.45,18763,46617,0.79812903,2.059190696e+10,19389,322580.0333,0.15164213,16.63727026
2018-04-23,1427.866214,17090210.95,27994,72449,1.60431266,2.44025348e+10,27968,1232261.681,0.53748118,44.05969967
2018-04-24,1413.686016,17091848.45,30900,78153,1.57470552,2.416250714e+10,28992,1003819.363,0.4696245,34.62401224
2018-04-25,1279.6405,17093760.95,24363,58167,1.08986245,2.187386881e+10,26246,556709.3695,0.27356239,21.21120816
2018-04-26,1413.988671,17095560.95,21975,62460,1.15224936,2.417292949e+10,21731,465337.524,0.16083316,21.41353476
2018-04-27,1340.98553,17097410.95,19565,47863,1.05433771,2.292738067e+10,19653,669535.5682,0.18397889,34.0678557
2018-04-28,1391.315151,17099273.45,17784,44399,0.70920467,2.379047822e+10,18108,695149.2405,0.11087466,38.38906784
2018-04-29,1439.928854,17101010.95,18087,44721,0.88452259,2.462423909e+10,18932,590404.7165,0.06980838,31.18554386
2018-04-30,1344.121971,17102848.45,21680,50339,0.95765909,2.298831437e+10,21679,560066.5037,0.05935925,25.83451744
2018-05-01,1336.44573,17104660.95,18895,46239,0.92264544,2.285945108e+10,19013,515973.5146,0.1051059,27.13793271
2018-05-02,1451.49561,17106485.95,22923,55531,1.03402379,2.482998925e+10,22679,486960.6626,0.13240697,21.47187541
2018-05-03,1500.273709,17108148.45,25163,57040,1.15080001,2.566690532e+10,25708,802636.9849,0.09768157,31.22129239
2018-05-04,1511.275438,17109960.95,23213,53877,0.86727765,2.585786371e+10,23083,552764.3807,0.06628508,23.94681716
2018-05-05,1728.505715,17111898.45,22868,55513,1.08451348,2.957801426e+10,23270,565157.6127,0.18496257,24.28696229
2018-05-06,1743.217607,17113623.45,20015,50790,1.07178241,2.983276971e+10,20398,653424.0292,0.16401334,32.03373022
2018-05-07,1641.582338,17115460.95,19845,61016,1.22734071,2.80964384e+10,19641,757582.8096,0.18654138,38.57149888
2018-05-08,1603.257903,17117185.95,19623,50843,0.96626958,2.744326364e+10,19806,733950.7006,0.11979105,37.05698781
2018-05-09,1622.725976,17119023.45,18998,50533,1.08230816,2.777948403e+10,18541,552813.5139,0.16142503,29.81573345
2018-05-10,1526.042165,17120773.45,20105,48221,1.59844579,2.612702217e+10,20938,575259.8053,0.17957733,27.47443907
2018-05-11,1368.526577,17122585.95,19476,51105,2.47398756,2.343271394e+10,19247,684783.5219,0.14999774,35.5787147
2018-05-12,1461.256581,17124385.95,16054,41809,2.03864912,2.502312166e+10,16700,380482.491,0.14999618,22.78338269
2018-05-13,1479.711887,17126160.95,15346,41844,1.90061644,2.534178393e+10,15527,392740.8502,0.08122475,25.29405875
2018-05-14,1420.026293,17127973.45,19362,50126,2.40013101,2.432217264e+10,19209,679844.2516,0.2255214,35.39196478
2018-05-15,1336.067964,17129723.44,20394,50178,2.06017487,2.288647473e+10,20472,754156.3027,0.11856397,36.83842823
2018-05-16,1274.53644,17131573.44,20349,49717,1.94272952,2.183481464e+10,20609,544366.7708,0.09036669,26.41403128
2018-05-17,1196.513654,17133185.94,16581,43315,1.41226642,2.050009091e+10,16627,443099.2207,0.11532317,26.64937876
2018-05-18,1201.913135,17135048.44,14970,43341,1.609493,2.05948398e+10,15370,537146.8533,0.17907554,34.94774582
2018-05-19,1177.326162,17136860.94,12634,37179,1.22325745,2.017567473e+10,12640,283768.4937,0.1169971,22.45003906
2018-05-20,1286.063935,17138710.94,14404,36563,1.39619984,2.204147805e+10,14543,370514.8243,0.08269042,25.47719344
2018-05-21,1229.044481,17140610.94,15370,43948,1.52414387,2.106657328e+10,15660,423392.0773,0.09870299,27.03653111
2018-05-22,1138.825418,17142185.94,15638,46405,1.51426951,1.952195708e+10,15296,402630.0507,0.11233952,26.3225713
2018-05-23,1001.680885,17143998.44,16389,45349,1.65089848,1.717281554e+10,16256,897933.9755,0.31211352,55.23708018
2018-05-24,1069.958337,17145860.94,14210,37921,1.45930684,1.834535686e+10,15279,509680.2463,0.28544644,33.35822018
2018-05-25,1004.078237,17147635.94,15541,42492,1.459922,1.721756807e+10,15351,411796.6705,0.11012174,26.82539707
2018-05-26,1005.528703,17149473.44,11847,34539,1.26474256,1.724428779e+10,12019,287870.895,0.12816913,23.95131832
2018-05-27,994.2243335,17151235.94,11183,32322,1.19809086,1.705217613e+10,11701,382789.2997,0.11178995,32.71423807
2018-05-28,884.2024739,17153085.94,14953,40743,1.53654917,1.516680103e+10,14405,607700.0411,0.18994516,42.18674357
2018-05-29,986.7577042,17154923.44,14923,42083,1.71111212,1.692775287e+10,15497,495615.2404,0.20162692,31.98136674
2018-05-30,981.4094637,17156673.44,15744,46551,1.43336269,1.683772168e+10,15881,497850.793,0.21510425,31.34883149
2018-05-31,992.9331512,17158423.44,15810,56960,1.49750446,1.703716746e+10,16009,798189.0323,0.14998137,49.85876896
2018-06-01,1000.069633,17160210.94,14762,40680,1.1810122,1.716140585e+10,14695,413167.3823,0.1110119,28.11618797
2018-06-02,1082.085396,17162123.44,13836,39077,1.74071592,1.857088315e+10,14153,279596.9496,0.11726213,19.75531333
2018-06-03,1165.945954,17163973.44,13838,40184,1.42106277,2.001226539e+10,14083,499919.5333,0.13930209,35.49808515
2018-06-04,1099.502528,17165810.94,15737,43459,1.78378071,1.887385254e+10,15471,448865.0862,0.16075963,29.0133208
2018-06-05,1145.541551,17167723.44,15958,40903,1.20140095,1.966634054e+10,16386,318825.3169,0.08502601,19.45717789
2018-06-06,1127.113763,17169410.94,15709,45465,1.4019191,1.935187938e+10,15933,284067.8113,0.0858403,17.82889671
2018-06-07,1138.90107,17171135.94,15584,39221,1.44295675,1.95562251e+10,15445,263322.6772,0.0850165,17.04905646
2018-06-08,1116.745281,17172998.44,15876,38732,1.18884576,1.917786497e+10,16216,315462.8305,0.07182398,19.45380059
2018-06-09,1093.165868,17174823.44,12593,33969,1.00221826,1.877493078e+10,12980,188245.7689,0.05226846,14.50275569
2018-06-10,932.1644503,17176435.94,15530,37241,1.34219076,1.601126297e+10,15371,394572.6515,0.19332595,25.66994024
2018-06-11,956.9471401,17178298.44,17251,39731,1.54409489,1.643872357e+10,17240,406576.752,0.15408474,23.58333828
2018-06-12,864.5245356,17180173.44,16407,42086,1.46035449,1.485268147e+10,16419,793689.3921,0.11120505,48.33969133
2018-06-13,842.3061409,17181973.44,14374,38351,1.37979533,1.447248175e+10,14667,432081.7028,0.18010543,29.45944656
2018-06-14,895.2155736,17183760.94,14047,38458,1.49266893,1.538317041e+10,14468,464931.7556,0.12100067,32.13517802
2018-06-15,841.7371521,17185473.44,12853,35680,1.14921387,1.446565147e+10,12876,412554.6926,0.11869217,32.04059432
2018-06-16,850.1321757,17187223.44,11009,30192,0.81046429,1.461141166e+10,11347,183935.8919,0.04549898,16.21009006
2018-06-17,846.3584364,17189023.44,11737,30511,0.95641655,1.454807501e+10,11236,206887.1666,0.05535266,18.41288417
2018-06-18,883.7247563,17190885.94,13138,34753,1.22593872,1.519201149e+10,13504,313283.1424,0.08782067,23.19928483
2018-06-19,901.5956736,17192798.44,14322,40875,1.42689421,1.550095269e+10,14255,359196.0063,0.08243882,25.19789591
2018-06-20,890.606433,17194598.44,13851,34770,1.24202895,1.531361999e+10,14295,315193.8466,0.09774105,22.04923725
2018-06-21,871.7558403,17196360.94,20824,40298,1.92131411,1.499102808e+10,20916,478863.827,0.0168773,22.89461785
2018-06-22,752.8752285,17197923.44,14096,37064,1.3686812,1.294789054e+10,14602,389646.5761,0.13532313,26.68446624
2018-06-23,762.9447889,17199810.94,14133,32335,1.06403656,1.312250613e+10,14273,233213.5771,0.07985405,16.33949254
2018-06-24,746.1464082,17201748.44,12907,31427,1.19220936,1.283502282e+10,13139,301646.2455,0.13241269,22.95808246
2018-06-25,755.2731958,17203435.94,13280,46431,1.31287439,1.299329404e+10,13322,336526.3358,0.13083974,25.26094698
2018-06-26,704.2649268,17205198.44,14135,35180,1.1476719,1.211701782e+10,13834,467300.0967,0.11906572,33.77910197
2018-06-27,713.9695157,17207235.94,14019,38281,1.13056371,1.228544191e+10,14508,349344.7547,0.12826512,24.07945648
2018-06-28,654.8966263,17208735.94,13153,35765,0.97636461,1.126994311e+10,13130,226212.3192,0.12701352,17.22866101
2018-06-29,719.618682,17210473.44,13763,34237,1.1211216,1.238497822e+10,13893,361617.085,0.14349062,26.02872561
2018-06-30,741.4628336,17212273.44,16950,37221,1.26882434,1.276226104e+10,17340,295384.2264,0.06258894,17.03484581
2018-07-01,738.0358255,17214298.44,42137,57426,0.83103834,1.270476896e+10,42420,251783.2797,3.618e-05,5.93548514
2018-07-02,781.1571521,17216010.94,62955,82925,1.28710966,1.344841008e+10,62746,469681.0946,3.426e-05,7.48543484
2018-07-03,755.3661874,17217823.44,73130,43553,1.28078558,1.300576165e+10,72906,880647.1963,3.926e-05,12.07921428
2018-07-04,762.7100757,17219610.94,16316,36962,1.0379328,1.313357077e+10,16976,563661.223,0.03839391,33.20341794
2018-07-05,734.6301919,17221485.94,49651,35525,1.03469493,1.265142352e+10,49798,484651.137,4.446e-05,9.73234139
2018-07-06,730.220662,17223160.94,14881,31898,1.03618582,1.257670799e+10,14971,492161.1133,0.03503727,32.87429786
2018-07-07,761.827767,17224998.44,53127,31401,0.93266027,1.31224821e+10,52731,338296.5505,4.446e-05,6.41551555
2018-07-08,748.7313551,17226898.44,16459,31744,0.91197596,1.289831902e+10,15599,202960.9275,0.01116437,13.01114991
2018-07-09,730.8215161,17228623.44,18516,31948,0.95863757,1.259104871e+10,20335,306989.9607,0.00143762,15.09662948
2018-07-10,688.1193546,17230373.44,15237,34309,1.00137067,1.185655345e+10,15264,272398.4381,0.05358997,17.84580962
2018-07-11,705.4294712,17232148.44,45476,33558,1.07471072,1.215606536e+10,43729,278826.5712,4.706e-05,6.37623936
2018-07-12,673.5925247,17234010.94,19526,35861,0.83238196,1.160870094e+10,20632,336641.6865,0.00080926,16.31648344
2018-07-13,692.558357,17235885.94,14166,35325,0.97607183,1.193685685e+10,15402,293335.0018,0.02999728,19.04525398
2018-07-14,700.6787966,17237723.44,14879,31880,0.60830919,1.207810732e+10,14267,117565.9914,0.0145277,8.24041434
2018-07-15,723.0756759,17239373.44,14603,29163,0.79512093,1.24653716e+10,13865,145784.0889,0.02077422,10.5145394
2018-07-16,801.6229131,17241198.44,38615,37609,1.14963718,1.382093972e+10,39545,322856.2165,5.486e-05,8.16427402
2018-07-17,851.7761402,17242835.94,51726,41879,1.51404676,1.468703625e+10,51527,307355.4347,4.966e-05,5.96493944
2018-07-18,826.4582068,17244660.94,32715,45100,1.30683994,1.425199156e+10,33823,591237.8071,6.266e-05,17.4803479
2018-07-19,823.2151195,17246373.44,100706,46786,1.33583886,1.419747538e+10,100832,270741.1535,4.628e-05,2.68507173
2018-07-20,763.5457505,17248285.94,99281,49028,1.48984029,1.316985544e+10,98998,393304.8982,4.628e-05,3.972857
2018-07-21,790.909432,17249985.94,95286,33010,1.19889133,1.364317659e+10,95013,264818.4678,4.971e-05,2.78718141
2018-07-22,786.9787411,17251723.44,26945,29469,0.87927115,1.35767396e+10,27062,205850.1409,0.00014684,7.60661225
2018-07-23,782.7764433,17253423.44,20672,36819,1.16735595,1.350557344e+10,21441,407887.4922,0.00347552,19.02371588
2018-07-24,865.7683189,17255310.94,30320,38874,1.80932352,1.493910155e+10,30741,467998.1183,0.00041018,15.22390677
2018-07-25,833.9645503,17257123.44,22247,40156,1.34630237,1.439182919e+10,22035,350226.8907,0.00734103,15.89411802
2018-07-26,801.7472088,17258948.44,15328,43182,1.22111077,1.383731374e+10,15946,263255.0663,0.07323747,16.50916006
2018-07-27,819.7559941,17260610.94,16420,35790,1.16039526,1.414948928e+10,16533,284155.0659,0.04146651,17.18714485
2018-07-28,817.9485071,17262510.94,15630,39708,0.85071162,1.411984505e+10,14359,284458.451,0.01999488,19.81046389
2018-07-29,831.9331385,17264360.94,36896,34252,0.92480546,1.436279399e+10,38124,271565.0152,4.966e-05,7.12320363
2018-07-30,814.2760523,17266273.44,15878,37654,1.13023308,1.405951298e+10,16363,246633.923,0.14139372,15.07265923
2018-07-31,772.4059688,17267998.44,19069,41041,1.4394872,1.333790507e+10,19212,271921.2176,0.0766167,14.15371734
2018-08-01,765.7962344,17269735.94,694034,47334,3.3090706,1.322509875e+10,687752,268225.9251,4.014e-05,0.39000384
2018-08-02,731.9591214,17271398.44,52551,36873,1.15504768,1.264195763e+10,58913,359232.6195,4.966e-05,6.09767996
2018-08-03,725.0948812,17273210.94,18970,34513,1.1572678,1.252471684e+10,19158,245524.0547,0.0305172,12.81574562
2018-08-04,696.080155,17275148.44,14148,29052,0.85727453,1.202488801e+10,14439,254363.123,0.11747703,17.61639469
2018-08-05,709.4998429,17276935.94,13269,29373,0.86175992,1.225798334e+10,13070,148619.7955,0.04699745,11.37106315
2018-08-06,691.3506532,17278873.44,17392,34876,0.94882986,1.194576044e+10,17370,241678.4076,0.05981227,13.91355253
2018-08-07,657.770187,17280510.94,17964,53676,0.580711,1.136660492e+10,18606,257193.7686,0.0345761,13.82316288
2018-08-08,583.7843407,17282273.44,16919,39416,0.86505666,1.008912061e+10,16683,453739.4883,0.11646411,27.19771553
2018-08-09,612.0240521,17283998.44,17372,36175,0.63332334,1.057822276e+10,17299,398792.222,0.05930144,23.05290606
2018-08-10,569.2022216,17285885.94,16137,30475,0.58192189,9839164682,15179,216262.9987,0.10723431,14.24751292
2018-08-11,569.0082358,17287673.44,16982,28888,0.51118168,9836828568,18648,190639.1651,0.00645368,10.22303545
2018-08-12,571.4400947,17289398.44,15592,35054,0.41725368,9879855485,15469,153852.2161,0.01147674,9.94584111
2018-08-13,531.5136771,17291335.94,16599,40105,0.68049913,9190581550,14435,375843.8529,0.09942878,26.03698323
2018-08-14,503.8703697,17293035.94,24021,87196,0.83133568,8713448414,27000,352005.3194,0.0001,13.03723405
2018-08-15,509.0663876,17294760.94,20720,35574,0.57405775,8804181478,20504,385487.0779,0.01174203,18.80057929
2018-08-16,515.7470481,17296648.44,19370,31715,0.58843447,8920695376,19887,214963.1193,0.00999834,10.8092281
2018-08-17,593.0486471,17298510.94,20638,43012,0.74747553,1.025885851e+10,20699,268325.774,0.00538387,12.96322401
2018-08-18,557.0712686,17300310.94,66812,29232,0.58444849,9637506165,66845,175664.1897,4.186e-05,2.62793312
2018-08-19,572.5686515,17301998.44,133612,32251,0.75154678,9906581918,128667,133993.884,3.486e-05,1.04140054
2018-08-20,514.6109396,17303710.94,38337,33724,0.91395178,8904678947,43303,315227.6399,4.966e-05,7.2795797
2018-08-21,535.8682109,17305660.94,27317,27898,0.5437735,9273553569,27677,343842.2847,6.006e-05,12.42339432
2018-08-22,518.5937354,17307423.44,21645,33626,0.56004272,8975521374,21487,242125.7889,0.00461318,11.26847809
2018-08-23,529.6608391,17309185.94,32921,30473,0.49990535,9167997951,33766,208161.8542,5.746e-05,6.16483605
2018-08-24,533.5566512,17311035.94,20999,35779,0.55061868,9236418367,19968,232292.5462,0.00171075,11.63324049
2018-08-25,537.1865608,17312760.94,29071,27529,0.555536,9300182509,28294,145138.0302,5.746e-05,5.12963985
2018-08-26,522.3077186,17314435.94,18207,28692,0.49353486,9043463536,20399,226304.057,0.00080489,11.09387994
2018-08-27,545.2558393,17316335.94,22494,55102,0.99724537,9441833289,22595,207999.6028,0.00220858,9.20555887
2018-08-28,568.0138344,17318123.44,22893,44029,0.73571817,9836933703,23051,254176.3606,0.02727044,11.02669561
2018-08-29,554.8225932,17319860.94,26370,55254,0.743821,9609450163,26160,274874.836,0.00993472,10.50744785
2018-08-30,537.5276198,17321660.94,66609,33726,0.74171245,9310871179,60868,223157.0286,4.446e-05,3.66624545
2018-08-31,543.3932076,17323498.44,601590,39573,2.10194267,9413471386,534237,291802.1813,3.926e-05,0.54620361
2018-09-01,614.4874854,17325498.44,2168952,59951,6.25855261,1.064630197e+10,2103899,271262.5119,3.926e-05,0.12893323
2018-09-02,648.1753129,17327323.44,1232283,69196,3.80799818,1.123114329e+10,1370584,260745.9227,3.696e-05,0.19024439
2018-09-03,627.3788306,17329085.94,464168,38907,2.21161106,1.087190167e+10,448548,225563.6569,4.116e-05,0.50287518
2018-09-04,625.3688321,17330748.44,1561568,64787,4.03546922,1.083810991e+10,1526176,304025.9156,3.486e-05,0.19920763
2018-09-05,530.5506137,17332810.94,1508342,47949,4.53703396,9195933483,1511768,440627.5336,3.696e-05,0.29146504
2018-09-06,517.4775394,17334110.94,615132,45415,2.18973882,8970013080,664053,325443.2533,3.696e-05,0.49008626
2018-09-07,497.6132789,17336110.94,40858,33523,0.79481758,8626679011,40606,470013.7131,5.486e-05,11.57498185
2018-09-08,473.6518722,17337823.44,21842,30911,0.6450342,8212092533,21940,234170.0665,0.05001536,10.67320266
2018-09-09,479.4075599,17339648.44,51656,29658,0.56382675,8312758550,52070,168546.9396,4.966e-05,3.23692989
2018-09-10,464.7614423,17341510.94,85242,39094,0.87360844,8059665639,57920,329027.3515,5.226e-05,5.68072084
2018-09-11,439.5451288,17343260.94,89059,52335,1.55449444,7623145866,114259,393492.1088,4.706e-05,3.44386095
2018-09-12,430.9943075,17345035.94,17872,38087,0.6340543,7475611755,20516,624496.9667,0.02619827,30.439509
2018-09-13,466.9866408,17346835.94,14981,46537,0.56599685,8100740646,14872,512025.0039,0.17400177,34.42879262
2018-09-14,449.623683,17348523.44,18836,35204,0.58148748,7800307005,19099,800974.9578,0.02397822,41.93805737
2018-09-15,450.9485263,17350348.44,26300,44389,0.58505157,7824114061,26237,225848.2101,0.01116179,8.60800434
2018-09-16,450.1122078,17352260.94,19515,34939,0.58945555,7810464484,19809,309199.4396,0.02859419,15.60903829
2018-09-17,418.804333,17353910.94,14221,35489,0.54964926,7267893098,14562,505252.5312,0.15586509,34.69664409
2018-09-18,435.1970712,17355710.94,22364,37071,0.61831394,7553154572,21935,367514.3283,0.00864528,16.75469926
2018-09-19,427.8345499,17357535.94,25207,40600,0.75218592,7426153577,25748,616498.8795,0.00206728,23.94356375
2018-09-20,456.9743685,17359360.94,43815,33184,0.83051623,7932783006,44044,492924.1469,5.226e-05,11.19162989
2018-09-21,498.9455132,17361198.44,22583,44215,0.76814565,8662292068,22528,751835.3688,0.02931248,33.37337396
2018-09-22,484.8529277,17362998.44,25200,33103,0.69688958,8418500629,25118,336507.7961,8.897e-05,13.39707763
2018-09-23,492.2383819,17364848.44,16214,29104,0.79408162,8547644900,16887,173677.3933,0.01998875,10.28468012
2018-09-24,460.7062996,17366585.94,20042,33195,0.88830793,8000895547,20238,355605.3721,0.00791048,17.57117166
2018-09-25,444.3224014,17368273.44,19193,37441,0.77966345,7717112965,19159,608096.7573,0.02339563,31.73948313
2018-09-26,514.8536253,17370235.94,27477,44795,0.81536964,8943128948,27765,715373.9631,0.01915198,25.76531471
2018-09-27,565.1113308,17372073.44,24374,47627,1.21586949,9817155542,23506,832743.2005,0.07060986,35.42683572
2018-09-28,538.5598691,17373835.94,19399,35675,0.6316656,9356850811,20514,341066.7781,0.03263057,16.62604943
2018-09-29,537.6634299,17375698.44,105041,34130,0.90503258,9342277622,105157,296502.3619,4.186e-05,2.81961602
2018-09-30,529.0850694,17377460.94,14495,34403,0.60519503,9194155130,14750,241352.0803,0.07533527,16.3628529
2018-10-01,530.4870544,17379198.44,297105,37441,1.33600232,9219439791,288661,333491.2317,3.926e-05,1.15530408
2018-10-02,532.1173962,17380985.94,17013,34242,0.59911152,9248724985,25510,281979.3729,0.00099581,11.05367984
2018-10-03,513.9608321,17382773.44,17517,35464,0.71197567,8934064704,17582,270703.7263,0.02786761,15.3966401
2018-10-04,512.1812031,17384648.44,14468,40816,0.9856647,8904090155,13777,2837453.704,0.12282209,205.955847
2018-10-05,517.8191124,17386523.44,13711,35174,0.54716125,9003074138,14275,230330.0672,0.06625022,16.1352061
2018-10-06,507.1738874,17388335.94,14453,33313,0.81233884,8818909935,15215,128732.6322,0.04733528,8.46090254
2018-10-07,516.4152877,17390060.94,25208,28272,0.50291604,8980493325,24375,158594.8506,0.0004977,6.5064554
2018-10-08,525.991323,17391798.44,18234,30078,0.53704253,9147935073,19247,235553.2688,0.00967574,12.23844073
2018-10-09,516.1704364,17393560.94,13791,29416,0.6546506,8978041943,13815,494992.2761,0.06861153,35.83005979
2018-10-10,509.4345042,17395473.44,13972,32338,0.4897035,8861854389,13696,543625.9976,0.10816174,39.69231875
2018-10-11,430.2836218,17397148.44,15869,36988,1.15512676,7485708042,16585,778191.153,0.11663715,46.92138395
2018-10-12,438.7523136,17398848.44,15080,32208,0.59223466,7633785009,15304,473463.0409,0.08768601,30.93720863
2018-10-13,444.2368228,17400735.94,15497,30626,0.46460056,7730047649,15492,241755.8246,0.04074689,15.60520427
2018-10-14,433.7911137,17402560.94,16960,30553,0.61092126,7549076292,16094,776852.4653,0.02224807,48.26969462
2018-10-15,448.0276693,17404298.44,20901,40705,0.98170076,7797607268,21998,947556.7455,0.00902045,43.07467703
2018-10-16,449.7828236,17406085.94,23697,37516,0.77039346,7828958484,23631,1040757.363,0.00949038,44.04203643
2018-10-17,441.0779877,17407898.44,16365,32907,0.73949341,7678240816,16754,797951.4959,0.0710204,47.62752154
2018-10-18,431.6678462,17409698.44,16874,41384,1.15962792,7515207029,16906,979629.0344,0.09999758,57.94564263
2018-10-19,436.7979991,17411510.94,40497,40824,0.75980661,7605313141,40306,612364.696,5.746e-05,15.19289177
2018-10-20,443.6139862,17413360.94,32453,28592,0.53768046,7724810461,32678,368126.2944,5.746e-05,11.26526392
2018-10-21,444.0168229,17414985.94,31236,36726,0.57933771,7732546729,31682,200378.4214,6.006e-05,6.32467714
2018-10-22,444.4887253,17416923.44,26619,36727,0.70570371,7741626101,26418,192142.2868,0.00246086,7.27315795
2018-10-23,438.4686648,17418648.44,20214,32460,0.60650843,7637531526,20837,661611.8848,0.01161993,31.75178215
2018-10-24,437.8136598,17420460.94,24769,43107,2.89014326,7626915761,24257,184077.2113,0.01848764,7.5886223
2018-10-25,437.050304,17422410.94,24625,31134,0.61651046,7614469998,25366,820952.216,0.00499738,32.36427564
2018-10-26,434.8572703,17424010.94,16386,34381,0.72585285,7576957836,16555,406726.2263,0.09624385,24.56818038
2018-10-27,434.4558972,17425773.44,23383,34919,0.55410281,7570730035,23496,294448.0449,0.00176938,12.53183711
2018-10-28,436.6992195,17427510.94,14186,29608,0.52145517,7610580426,14307,278243.5604,0.0686072,19.4480716
2018-10-29,413.4871355,17429385.94,17684,48166,0.80113291,7206826866,18099,716902.0453,0.16702861,39.6100362
2018-10-30,419.5971379,17431198.44,27490,36350,0.68285359,7314080976,27163,566373.3916,0.00049596,20.85091453
2018-10-31,423.1981827,17433010.94,92675,32806,0.7726476,7377618550,77303,552470.8142,4.446e-05,7.14682242
2018-11-01,422.7002255,17434748.44,729623,32992,2.19244786,7369672098,733921,608545.3537,3.85e-05,0.8291701
2018-11-02,460.5014875,17436623.44,67136,40574,0.98820708,8029591032,78703,832068.46,4.186e-05,10.57225849
2018-11-03,476.1931277,17438535.94,31735,46522,0.78833527,8304110973,32024,666319.6539,0.01150549,20.80688402
2018-11-04,568.4315542,17440423.44,37615,56361,1.29006303,9913687002,37963,836018.3049,0.03839226,22.0219241
2018-11-05,553.3016598,17442260.94,25132,49030,1.21644254,9650831930,24928,1080251.849,0.17836211,43.3348784
2018-11-06,624.0173321,17444123.44,68701,50693,1.07888653,1.088543537e+10,68949,614983.5415,4.81e-05,8.91939754
2018-11-07,613.0975015,17445810.94,22465,49448,1.15640803,1.06959831e+10,22387,844183.825,0.23281981,37.70866239
2018-11-08,571.9973465,17447598.44,21836,46983,1.19430425,9979980011,21484,943714.9433,0.23867107,43.92640771
2018-11-09,539.3847628,17449435.94,20969,43837,1.112079,9411959866,21408,828780.6915,0.13805777,38.71359732
2018-11-10,552.2495416,17451260.94,1566915,40805,3.99324801,9637450855,1567472,642538.9724,3.85e-05,0.40992054
2018-11-11,524.0568157,17453110.94,18197,47122,0.96014956,9146421744,18098,738701.2445,0.31232181,40.81673359
2018-11-12,511.1034722,17454848.44,119029,53912,1.66254812,8921233645,119153,1473641.286,2.05e-05,12.36763897
2018-11-13,504.1560234,17456785.94,52890,88139,1.4111353,8800943782,52789,1744989.677,6.006e-05,33.05593355
2018-11-14,427.0272587,17458235.94,31303,77763,2.07174218,7455142636,29436,2614896.982,0.32464191,88.83329874
2018-11-15,388.1133087,17460185.94,383725,43171,1.60467592,6776530536,386869,3812922.281,2.85e-05,9.85584857
2018-11-16,349.3808051,17462110.94,41319,15692,0.15982434,6100926380,41410,378219.7255,3.234e-05,9.13353599
2018-11-17,367.7867896,17463648.44,1007930,8269,2.15785252,6422899195,877573,307698.1559,3.042e-05,0.350624
2018-11-18,330.7361436,17465410.94,527654,10580,1.04638256,5776442661,658226,210650.7546,2.658e-05,0.320028
2018-11-19,285.3537518,17467360.94,502854,378807,1.0764998,4984376979,282663,347527.2847,3.39e-05,1.22947568
2018-11-20,224.6082352,17468873.44,108771,146805,0.36212676,3923652835,329232,658935.4218,3e-05,2.00143188
2018-11-21,244.837626,17470635.94,4665,11166,0.1167191,4277469028,4845,2321480.208,0.04915349,479.1496817
2018-11-22,209.4761993,17472460.94,4262,11132,0.3322791,3660064710,4338,557724.6311,0.11004291,128.5672271
2018-11-23,203.666693,17473998.44,5872,12540,0.11868659,3558871476,6120,1550342.209,0.03737355,253.3238904
2018-11-24,175.1091223,17475385.94,4150,14689,0.09671859,3060099494,3929,196601.411,0.10614996,50.03853677
2018-11-25,180.0447607,17477060.94,5715,18542,0.1217483,3146653255,5965,663281.3743,0.10156206,111.1955363
2018-11-26,175.5538574,17478835.94,7734,49304,0.21313663,3068477072,7683,788830.0423,0.16931472,102.6721388
2018-11-27,177.4367894,17480598.44,8925,55200,0.3279749,3101701265,9315,1960717.443,0.35922212,210.490332
2018-11-28,188.3428847,17482435.94,18771,37500,1.39889354,3292692417,18745,1354940.526,0.00582004,72.28277012
2018-11-29,178.6539693,17484160.94,8560,24610,0.44815708,3123614752,8680,774500.5176,0.07727583,89.22817023
2018-11-30,170.6319763,17486023.44,10337,65762,1.66090083,2983674738,10754,3645781.832,0.13402545,339.0163504
2018-12-01,171.0099096,17487835.94,8903,21141,0.28453522,2990593243,8970,1263168.126,0.05243349,140.8214188
2018-12-02,169.8613352,17489510.94,5542,14642,0.3170177,2970791681,5711,3419765.401,0.41065384,598.8032571
2018-12-03,157.3210255,17491160.94,7211,18350,0.33485788,2751727376,7267,5633580.174,0.45859174,775.2277658
2018-12-04,146.8203359,17492885.94,18536,18695,0.46484016,2568311390,11969,7922595.049,0.00554027,661.9262302
2018-12-05,128.1763295,17494635.94,10165,21414,0.46505595,2242398220,16698,18111018.64,0.00299,1084.622029
2018-12-06,106.3623324,17496360.94,30270,23942,0.54231996,1860953758,30419,20156513.84,5.226e-05,662.6290754
2018-12-07,105.1238663,17498223.44,9248,25499,0.70412977,1839480901,9865,17817565.46,0.63653893,1806.139428
2018-12-08,99.30533776,17499760.94,6930,20472,0.27625357,1737819671,7021,19369427.59,0.82562983,2758.784729
2018-12-09,106.2268204,17501598.44,6719,18734,0.26516502,1859139154,6705,19040117.38,0.57999468,2839.689392
2018-12-10,101.6583439,17503523.44,6740,22503,0.27711385,1779379205,7098,18311027.89,0.46820958,2579.744702
2018-12-11,95.92052864,17505223.44,6760,20850,0.28058732,1679110286,6626,19376403.41,0.47333087,2924.298735
2018-12-12,96.44587403,17506935.94,13295,30273,0.59445569,1688471738,13381,12319769.92,0.00971193,920.6912728
2018-12-13,86.76610324,17508698.44,19070,28779,0.56247479,1519161537,17575,16314708.78,0.00268156,928.2906843
2018-12-14,79.60586172,17510485.94,10661,19273,0.56068098,1393937322,12689,27340153.09,0.00049612,2154.634178
2018-12-15,76.06597914,17512273.44,9682,18056,0.65673777,1332088226,9821,28803910.92,0.00905222,2932.88982
2018-12-16,78.96796421,17514035.94,23748,17690,0.38079924,1383047763,23719,21593468.33,0.00017813,910.3869612
2018-12-17,88.05371187,17515923.44,13310,20375,0.34974464,1542342076,13285,24465364.39,0.00119354,1841.57805
2018-12-18,104.0743119,17517823.44,8143,30391,0.68074808,1823155420,8456,23569037.39,0.52726424,2787.256077
2018-12-19,129.0249252,17519898.44,10647,26949,0.65627382,2260503585,10563,25132347.79,1.17711756,2379.281245
2018-12-20,188.5999993,17521810.94,11020,30578,0.94217976,3304613531,11605,8971351.014,1.59813323,773.0591136
2018-12-21,191.0359107,17523535.94,13722,34582,1.17574212,3347624648,13720,6941904.087,0.5945165,505.9696856
2018-12-22,194.5660335,17525285.94,7809,19876,0.43639836,3409825371,8054,5081546.298,0.71398803,630.9344795
2018-12-23,195.530461,17527085.94,6874,18773,0.28927946,3427079193,7123,4302298.145,0.71096618,604.0008627
2018-12-24,182.29793,17528810.94,8218,21213,0.46848908,3195465949,8246,4270054.37,0.82661031,517.8334186
2018-12-25,168.3153482,17530698.44,6953,18662,0.43610298,2950685613,7137,3879557.374,0.99524619,543.583771
2018-12-26,173.4711452,17532473.44,8188,18058,0.35896593,3041378246,8210,4208527.534,0.18883926,512.6099311
2018-12-27,146.809171,17534123.44,7950,20874,0.32355808,2574170126,8292,3910121.09,0.56176703,471.5534358
2018-12-28,169.9544992,17536210.94,11090,23555,0.44772247,2980357949,10767,4138029.675,0.22945473,384.3252229
2018-12-29,166.0876452,17537973.44,7676,16806,0.3511459,2912840711,8211,2990702.389,0.57963708,364.2312008
2018-12-30,161.4397552,17539735.94,7659,17577,0.31736228,2831610677,7657,3335105.302,0.52823467,435.562923
2018-12-31,148.4438457,17541335.94,7699,17584,0.40042251,2603903365,7889,3875745.647,0.9123472,491.2847822
2019-01-01,162.9127825,17543173.44,5967,15098,0.19503258,2858007199,5742,3167347.499,0.42174579,551.6105013
2019-01-02,170.6410576,17545048.44,18721,19403,0.47929026,2993905622,18887,3718324.729,0.000183,196.8721729
2019-01-03,159.4960183,17546710.94,12651,20503,0.29058033,2798630529,13109,4253673.03,0.00915524,324.4849363
2019-01-04,159.5007092,17548448.44,7504,18469,0.42347799,2798989972,7735,4304495.354,0.1716716,556.4958441
2019-01-05,158.2519471,17550360.94,7208,18664,0.27004082,2777378792,7352,2793228.749,0.23885458,379.9277406
2019-01-06,164.7293162,17552210.94,24343,46381,0.23358373,2891363706,24510,2421316.331,1.83e-05,98.78891597
2019-01-07,159.3854,17553873.44,7720,18391,0.32940281,2797831140,7771,2427916.757,0.20379274,312.4329889
2019-01-08,159.7228051,17555748.44,9052,20506,0.34399811,2804053386,8910,3916092.519,0.1504934,439.5165566
2019-01-09,158.7654523,17557498.44,8489,20539,0.46405694,2787524181,9081,4548844.086,0.05197757,500.918851
2019-01-10,132.9009186,17559285.94,7763,19875,0.56034302,2333645231,7693,5798491.8,0.52998996,753.7360978
2019-01-11,128.7646939,17561023.44,11365,17607,0.46103899,2261239808,11666,4238945.447,0.00683697,363.3589446
2019-01-12,132.895606,17562935.94,6868,16902,0.35803809,2334037015,7004,2825327.123,0.13614103,403.3876532
2019-01-13,123.7813575,17564573.44,6794,18242,0.28437634,2174166745,6914,1902074.878,0.09997,275.1048421
2019-01-14,132.4754794,17566473.44,6926,17990,0.28082341,2327126991,7194,3321261.337,0.2216395,461.6710226
2019-01-15,126.3641848,17568235.94,7563,18556,0.38890825,2219995812,7671,3347993.333,0.17841665,436.4480945
2019-01-16,127.3896312,17569935.94,8827,21678,0.25883614,2238227660,8960,3027670.578,0.03531621,337.9096627
2019-01-17,129.6180438,17571848.44,8284,19829,0.23714019,2277628621,8285,2220740.757,0.0421462,268.0435434
2019-01-18,126.6707744,17573660.94,12592,19412,0.31564369,2226069240,12594,1988240.619,0.00230322,157.8720517
2019-01-19,128.6668938,17575610.94,11133,21100,0.29954495,2261399266,11538,2349111.619,0.00477994,203.5978176
2019-01-20,122.0672051,17577298.44,6846,16883,0.25257222,2145611694,7018,3022252.032,0.09967436,430.6429227
2019-01-21,121.5043051,17579173.44,9043,20620,0.31154655,2135945253,9020,2600057.297,0.23976697,288.2546892
2019-01-22,127.1107312,17580748.44,8570,19571,0.36906022,2234701790,8709,3442742.566,0.30912668,395.3085964
2019-01-23,131.0811662,17582623.44,8309,20416,0.31015374,2304750785,8469,2940550.2,0.23777409,347.21339
2019-01-24,128.1775461,17584248.44,11849,23587,0.42573087,2253905815,11845,3574957.55,0.08323121,301.8115281
2019-01-25,126.5095919,17586135.94,10686,22820,0.51229612,2224814882,10733,3286386.777,0.03739466,306.1946126
2019-01-26,125.2395477,17587985.94,7665,19465,0.42575471,2202711405,8157,1962370.608,0.0871117,240.5750408
2019-01-27,120.8787262,17589798.44,7996,19398,0.42524086,2126232429,8196,1202750.174,0.09996193,146.7484351
2019-01-28,111.1106634,17591523.44,9335,23268,0.53299112,1954605840,9475,2685239.852,0.17524519,283.4026229
2019-01-29,109.1312893,17593360.94,13439,25793,0.36661956,1919986162,13152,3348695.802,0.00611567,254.6149485
2019-01-30,116.8806558,17595148.44,9456,22706,0.46529798,2056532489,10069,4285071.887,0.10758536,425.5707505
2019-01-31,112.9334075,17596935.94,9918,23240,0.42984292,1987281936,9679,4315935.45,0.12143223,445.907165
2019-02-01,114.8389505,17598785.94,9691,21210,0.31710186,2021026107,9936,3024940.884,0.10495541,304.4425205
2019-02-02,119.7870857,17600598.44,8992,22273,0.32045593,2108324393,9212,1990170.49,0.10999848,216.0410866
2019-02-03,116.9250801,17602335.94,8441,20971,0.23832319,2058154539,8607,2341832.413,0.1651023,272.0846303
2019-02-04,117.0091135,17604210.94,8612,20543,0.25907922,2059853116,8676,2363359.263,0.13775334,272.4019436
2019-02-05,116.0603171,17606023.44,7394,18737,0.33323974,2043360663,7681,2171760.415,0.13071645,282.7444884
2019-02-06,113.5080472,17607785.94,10794,23794,0.52299475,1998625397,10710,2200127.396,0.11353751,205.4273946
2019-02-07,113.9458926,17609448.44,9623,19645,0.35607422,2006524321,9845,2756186.294,0.08499708,279.9579781
2019-02-08,127.7685936,17611373.44,10282,22225,0.34056718,2250180416,10192,2227630.237,0.10854263,218.566546
2019-02-09,126.3945624,17613185.94,9457,21209,0.22361183,2226210929,10081,1469954.45,0.03872981,145.8143488
2019-02-10,125.9393414,17614998.44,8571,20728,0.39405307,2218421303,8679,1667421.599,0.08819766,192.1213963
2019-02-11,120.7387809,17616723.44,13533,20420,0.38452326,2127021711,8908,2380072.6,0.06450115,267.1837225
2019-02-12,121.0895334,17618473.44,12564,28033,0.57238357,2133412728,16807,1712191.409,0.0154336,101.8737079
2019-02-13,120.850884,17620373.44,29578,39822,0.63229127,2129437707,27823,1803142.665,0.02883406,64.80762911
2019-02-14,120.0404489,17622160.94,18093,31267,0.31665695,2115372109,20642,2124946.904,0.02111647,102.9428788
2019-02-15,119.9579555,17623923.44,14036,27401,0.50822774,2114129824,14206,1995904.033,0.02152496,140.497257
2019-02-16,120.3780993,17625623.44,8825,19424,0.33378361,2121739048,9139,1575734.572,0.05350388,172.418708
2019-02-17,123.0277647,17627448.44,9797,20670,0.37847293,2168665578,9497,1627474.197,0.06022099,171.3671893
2019-02-18,142.3516525,17629310.94,18411,31079,0.49563046,2509561544,17945,3273902.723,0.03170164,182.440943
2019-02-19,141.155107,17631185.94,19066,28963,0.54477329,2488731937,20087,2250998.771,0.01443286,112.0624668
2019-02-20,145.0180928,17632985.94,16797,26291,0.51338348,2557101992,16301,1826575.835,0.01031774,112.0529927
2019-02-21,139.852307,17634798.44,12821,24348,0.48314262,2466267245,13375,2438625.896,0.02267068,182.3271698
2019-02-22,142.8720696,17636560.94,15115,23862,0.41553114,2519771961,15222,1136701.659,0.01419639,74.67492176
2019-02-23,150.2904264,17638410.94,12862,22999,0.36315311,2650884302,12904,1691681.031,0.015396,131.097414
2019-02-24,128.1340144,17640235.94,15491,27452,0.72562404,2260314246,15607,2383164.263,0.0193275,152.6984214
2019-02-25,133.6193473,17642023.44,13160,25132,0.44989754,2357315656,13536,3037169.369,0.02186656,224.3771697
2019-02-26,131.4056412,17643785.94,13145,29996,0.40687825,2318493004,13370,2540448.043,0.03369126,190.0110727
2019-02-27,130.3906596,17645498.44,17820,27272,0.38036419,2300808181,18239,1390002.359,0.01498067,76.21044789
2019-02-28,129.3764823,17647248.44,13984,23033,0.44480495,2283138926,13828,2254773.263,0.03076107,163.0585235
2019-03-01,130.7553341,17649010.94,11704,22363,0.42334852,2307702322,11919,2038379.959,0.0343935,171.0193774
2019-03-02,130.0483511,17650873.44,10598,20160,0.28266809,2295466986,10465,1355012.281,0.02689208,129.48039
2019-03-03,128.8651114,17652723.44,10131,18388,0.32912794,2274820172,10692,839889.398,0.0216751,78.55306752
2019-03-04,122.7742085,17654535.94,9416,20899,0.33770512,2167521677,9360,2271976.47,0.06649419,242.7325289
2019-03-05,130.8348638,17656260.94,14753,33453,0.37792136,2310054494,14850,1915911.438,0.01408783,129.0176053
2019-03-06,130.9935597,17658085.94,9878,21908,0.36320723,2313095534,10026,1792441.407,0.05994421,178.7793145
2019-03-07,129.9637197,17659873.44,8868,23674,0.32837038,2295142841,8895,2617418.464,0.15638929,294.2572754
2019-03-08,126.9048462,17661735.94,11460,23952,0.27511517,2241359882,11698,2562509.892,0.02120262,219.0553849
2019-03-09,132.3507026,17663598.44,9303,20306,0.34786514,2337789664,9083,1955711.008,0.11513151,215.3155354
2019-03-10,130.7827226,17665398.44,9518,18835,0.24439459,2310328904,9827,2021936.818,0.05389053,205.7532124
2019-03-11,127.890774,17667223.44,9999,23139,0.37052781,2259474880,10590,3247947.921,0.08881172,306.6995204
2019-03-12,127.5922779,17668960.94,13238,40833,0.41944769,2254422975,13323,2103103.173,0.0189198,157.8550757
2019-03-13,127.3480813,17670698.44,15584,29092,0.47049715,2250329542,14724,1864066.299,0.01631985,126.6005365
2019-03-14,131.2102024,17672435.94,16183,32362,0.40008454,2318803896,16838,2017279.851,0.01411471,119.8051937
2019-03-15,143.0191102,17674260.94,11042,24095,0.59511316,2527757074,11547,2093648.307,0.11302856,181.3153466
2019-03-16,155.0202252,17676173.44,11941,28010,0.5267466,2740164388,11877,3055341.326,0.36258306,257.248575
2019-03-17,153.4095237,17678148.44,10890,20853,0.34586024,2711996332,10852,2807910.792,0.09180583,258.7459263
2019-03-18,159.8455825,17679748.44,10706,25531,0.49433909,2826029687,11238,3549390.445,0.1215901,315.8382671
2019-03-19,159.3349024,17681548.44,16494,45643,0.69351056,2817287794,15977,2055994.944,0.00990095,128.6846682
2019-03-20,157.9048879,17683373.44,18685,27107,0.66285715,2792291101,19096,1838284.616,0.0069938,96.26542816
2019-03-21,152.3565411,17685060.94,38326,31541,0.51422438,2694434714,39138,2542021.412,6.266e-05,64.95021237
2019-03-22,156.3556132,17686948.44,21322,27256,0.42221359,2765453669,21372,2286249.945,0.00317331,106.9740757
2019-03-23,165.1058541,17688798.44,18541,25761,0.34691193,2920524175,18701,3044862.79,0.00377476,162.8181803
2019-03-24,163.5172768,17690635.94,13213,22383,0.32614597,2892724614,13215,1721362.108,0.01756848,130.2581996
2019-03-25,159.3068051,17692335.94,31867,26472,0.331261,2818509513,31820,3503359.556,0.00140824,110.0992947
2019-03-26,158.4178229,17693998.44,20070,50854,0.38720166,2803044711,19419,3676203.325,0.018775,189.3096105
2019-03-27,171.1213794,17696098.44,22434,41616,0.59154213,3028180775,22844,2906148.522,0.01374009,127.2171477
2019-03-28,167.3085957,17697898.44,20281,30019,0.4026688,2961010535,20389,2078364.478,0.01821313,101.9355769
2019-03-29,169.9130812,17699648.44,16850,33342,0.40324628,3007401803,17586,2441313.36,0.01349968,138.8214124
2019-03-30,166.4924825,17701473.44,16588,30675,0.36626871,2947162256,17106,2407515.224,0.01939982,140.7409812
2019-03-31,168.4236534,17703098.44,10842,28286,0.27998246,2981620515,10886,2298241.971,0.05991229,211.1190494
2019-04-01,167.2831829,17704885.94,17600,36615,0.5731793,2961729672,17793,1906739.176,0.02236277,107.1623209
2019-04-02,239.1146027,17706923.44,24576,67608,1.64654721,4233983963,24488,2880041.147,0.01340427,117.6103049
2019-04-03,296.4471582,17708835.94,45344,66023,2.926807,5249734089,45059,5740367.59,0.00234345,127.396693
2019-04-04,287.8202476,17710598.44,39679,43180,1.01264791,5097468827,40455,4513376.431,0.00147088,111.5653549
2019-04-05,293.505483,17712273.44,19455,38752,1.41466216,5198649371,19286,3287457.888,0.01775364,170.458254
2019-04-06,305.8143731,17714248.44,35197,35008,0.59643368,5417271782,33433,3251162.749,0.00061412,97.24412255
2019-04-07,321.2674023,17716035.94,47288,32945,0.73444575,5691584846,48907,3679031.51,3.177e-05,75.22504979
2019-04-08,309.2609883,17717985.94,55321,37945,0.77766225,5479481842,55498,5865673.494,3.663e-05,105.6916194
2019-04-09,295.5002323,17719623.44,50034,54998,0.85295699,5236152844,50408,3809866.067,4.422e-05,75.58058376
2019-04-10,304.6099616,17721360.94,39755,41748,0.73427942,5398103076,38681,4981533.093,0.00045376,128.7850131
2019-04-11,272.6773739,17723010.94,41760,34564,0.635241,4832664080,41758,4949324.463,4.694e-05,118.5239825
2019-04-12,283.240302,17724935.94,44649,30236,0.56267727,5020416208,45756,2661984.512,4.444e-05,58.17782392
2019-04-13,278.8356229,17726798.44,38171,27654,0.47796242,4942862884,38431,5117013.669,3.898e-05,133.148075
2019-04-14,288.4966671,17728648.44,39940,28832,0.43833001,5114655987,40074,2850296.622,0.0001,71.12583274
2019-04-15,313.5782304,17730535.94,41123,45409,1.6088164,5559910083,41499,3925845.472,0.00135419,94.60096561
2019-04-16,317.660598,17732235.94,32295,64324,0.66416782,5632832673,32352,3703646.411,0.00480448,114.4796739
2019-04-17,309.381289,17733985.94,41648,44109,0.70041726,5486563429,41632,3786205.435,0.0001,90.94459634
2019-04-18,306.0506433,17735785.94,46832,54528,10.8536104,5428048697,46583,3345158.761,0.00022874,71.8107198
2019-04-19,306.3014767,17737623.44,26726,33862,0.49334723,5433060254,27432,4444157.605,0.00161516,162.0063286
2019-04-20,299.936769,17739323.44,39120,39209,0.63180052,5320675356,39002,3027605.294,0.00033632,77.6269241
2019-04-21,289.8856325,17741260.94,38670,32826,0.59726607,5142936649,38490,4374560.991,3.405e-05,113.6544815
2019-04-22,293.0350387,17742985.94,40906,34614,0.51995941,5199316571,41848,3459045.951,3.659e-05,82.65737791
2019-04-23,290.4935164,17744585.94,40346,65750,0.73149567,5154687166,40693,3515841.791,0.00097607,86.39917899
2019-04-24,277.3853859,17746535.94,48419,45317,0.85768209,4922629720,46995,2693184.663,3.66e-05,57.30789792
2019-04-25,263.2224991,17748235.94,48042,40066,0.57520136,4671735018,48359,2837820.631,3.659e-05,58.68236794
2019-04-26,258.3796095,17750173.44,50965,34277,0.60868125,4586282882,51201,3450361,3.113e-05,67.38854709
2019-04-27,259.3889407,17751835.94,35897,31348,0.52189021,4604629919,37257,1730395.159,3.659e-05,46.44483342
2019-04-28,248.9159103,17753623.44,38920,30112,0.42654378,4419159339,38310,2037120.413,3.66e-05,53.17463881
2019-04-29,231.5256565,17755448.44,46927,37624,2.96815128,4110841855,46069,3231391.166,2.838e-05,70.14242041
2019-04-30,263.2204637,17757348.44,46031,66642,0.6207345,4674097490,46797,3289815.569,3.66e-05,70.29971084
2019-05-01,267.2823239,17758998.44,47715,43579,0.53541456,4746666372,48973,2950494.393,0.00049812,60.2473688
2019-05-02,265.1644031,17760723.44,45936,47787,0.5464385,4709511628,44443,3386370.007,3.659e-05,76.19580151
2019-05-03,287.6599662,17762585.94,57461,34933,0.72771517,5109584869,57053,3341559.515,3.405e-05,58.56939188
2019-05-04,287.824263,17764373.44,51020,31390,0.54307953,5113017692,52695,2884544.363,2.86e-05,54.74038073
2019-05-05,291.4569786,17766323.44,47895,32040,0.55478519,5178118950,46152,1992891.378,3.405e-05,43.18104043
2019-05-06,286.2145219,17768148.44,45909,33797,0.63429427,5085502110,47693,3340542.742,3.405e-05,70.04262139
2019-05-07,286.4538385,17769923.44,61121,74423,0.74804386,5090262779,59138,2501220.796,3.678e-05,42.29464634
2019-05-08,283.5736971,17771598.44,45110,39821,0.71454228,5039557872,46941,994348.977,3.405e-05,21.18295257
2019-05-09,282.4922318,17773360.94,46729,32315,0.61863051,5020836397,46917,1149872.052,3.405e-05,24.50864403
2019-05-10,285.8697208,17775060.94,144458,121329,0.98931294,5081351707,145939,1104858.007,9.59e-05,7.57068369
2019-05-11,368.5864482,17777035.94,77475,43573,1.16717219,6552374535,76675,820734.1397,3.385e-05,10.70406442
2019-05-12,353.4750355,17778773.44,66822,43944,1.00382249,6284352572,67535,1073183.28,2.566e-05,15.89077189
2019-05-13,383.101732,17780510.94,72618,44167,1.04958095,6811744535,71017,1735590.356,3.739e-05,24.43908298
2019-05-14,389.219094,17782185.94,85786,84150,1.27354619,6921166300,78580,1746639.949,3.447e-05,22.22753815
2019-05-15,406.3482372,17784010.94,53059,61168,1.05514581,7226501494,60914,1625764.532,4.287e-05,26.68950539
2019-05-16,397.0488638,17785860.94,69755,50612,1.30723538,7061855876,70807,3383892.247,2.899e-05,47.79036319
2019-05-17,365.7480198,17787673.44,57155,47542,1.11046915,6505806336,57248,18193486.18,3.113e-05,317.8012538
2019-05-18,358.7249013,17789548.43,52066,37071,0.71325666,6381554002,52588,4336087.735,2.859e-05,82.45393882
2019-05-19,421.2173087,17791410.93,94844,38322,0.84057972,7494050228,89040,2470145.964,2.858e-05,27.74198073
2019-05-20,414.3024279,17793123.43,60591,37994,0.7986912,7371734236,66787,5138861.585,2.311e-05,76.94403977
2019-05-21,418.911962,17794898.43,59060,72490,0.85391299,7454495813,56787,7813284.212,3.131e-05,137.5893111
2019-05-22,391.4476224,17796748.43,63043,40849,0.82737472,6966494858,64586,6877267.383,3.74e-05,106.4823241
2019-05-23,404.6560748,17798635.93,49700,38899,0.69184055,7202326151,49468,5439726.454,2.646e-05,109.9645519
2019-05-24,408.147221,17800410.93,46967,40556,0.72053551,7265188251,48356,6987058.965,1.549e-05,144.4920788
2019-05-25,406.040787,17802085.93,42482,40201,0.48645702,7228372979,42919,5623942.772,3.72e-05,131.0362024
2019-05-26,433.6761715,17803860.93,51557,42685,0.69507642,7721110244,48914,2909827.584,2.902e-05,59.48864505
2019-05-27,441.6823115,17805660.93,58664,44587,1.12347419,7864445475,58793,22204969.6,3.448e-05,377.6804995
2019-05-28,433.2049025,17807460.93,49308,67131,0.92706518,7714279374,51566,5556651.477,3.72e-05,107.7580475
2019-05-29,454.4172957,17809385.93,54597,48563,0.91775246,8092892989,54283,7885626.904,3.132e-05,145.2688117
2019-05-30,422.3333062,17811298.43,30961,44666,1.02569242,7522304552,32280,3678357.897,0.00989702,113.9516077
2019-05-31,443.0015477,17813135.93,25154,53852,0.805765,7891246784,24769,6490878.773,0.02377662,262.0565535
2019-06-01,432.6619179,17814773.43,49087,35932,0.63566642,7707774037,47629,3624527.206,2.585e-05,76.0991666
2019-06-02,443.0159861,17816573.43,50084,44025,0.51626629,7893026845,50866,2675723.524,2.839e-05,52.60337994
2019-06-03,404.9896624,17818260.93,52855,38710,0.7219517,7216211477,51908,5373535.203,2.839e-05,103.5203669
2019-06-04,381.5105452,17820260.93,58494,63663,0.93977907,6798617461,60096,7887254.49,3.385e-05,131.2442507
2019-06-05,397.8406161,17822048.43,47554,38661,0.7045615,7090334726,48227,4194056.515,3.114e-05,86.96490585
2019-06-06,395.0741877,17823810.93,47887,34567,0.55772198,7041727622,47934,2302156.117,2.353e-05,48.02762375
2019-06-07,401.1466585,17825610.93,47001,33729,0.56421057,7150684259,47077,4637232.291,2.86e-05,98.50313933
2019-06-08,394.6567934,17827435.93,42381,34567,0.58706889,7035718697,41638,3505012.442,3.405e-05,84.17821322
2019-06-09,379.5696293,17829223.43,39949,33366,0.52860537,6767431726,41723,3517535.445,3.404e-05,84.30686778
2019-06-10,393.562927,17831048.43,46819,35070,0.47754168,7017639610,45834,9098814.96,2.646e-05,198.5167116
2019-06-11,389.0587909,17832735.93,42811,55060,0.59972111,6937982678,44350,3200828.856,2.92e-05,72.17201478
2019-06-12,394.6955113,17834523.43,48996,38430,0.50500537,7039206343,48478,7498154.843,3.385e-05,154.671291
2019-06-13,412.7502198,17836423.43,38192,40007,0.68678078,7361987689,38775,3095844.747,3.721e-05,79.84125717
2019-06-14,420.4636912,17838223.43,33102,37812,0.46714107,7500325266,32012,5947727.473,7.455e-05,185.7968097
2019-06-15,422.8516377,17840085.93,44109,42676,0.64526363,7543709550,45028,8732423.324,3.174e-05,193.9331821
2019-06-16,428.8426208,17841810.93,54069,36736,0.57370977,7651328957,55143,2561379.053,3.446e-05,46.44975886
2019-06-17,432.0931973,17843335.93,55099,41248,0.69169652,7709984070,52545,4607560.561,3.175e-05,87.68789724
2019-06-18,412.0837478,17845173.43,50339,64846,0.66066713,7353705945,50981,3013127.224,3.405e-05,59.10294471
2019-06-19,415.8483728,17846998.43,46161,41270,0.65038368,7421645254,47032,2840796.606,3.404e-05,60.40135665
2019-06-20,413.7382898,17848823.43,48344,37554,0.56459048,7384741678,48246,2829244.09,3.387e-05,58.64204473
2019-06-21,438.9948103,17850673.43,57366,44682,0.68495933,7836352994,53945,4722620.057,2.919e-05,87.54509327
2019-06-22,479.8132767,17852548.43,66290,45483,0.96705996,8565889757,69248,13728397.14,3.132e-05,198.2497276
2019-06-23,472.8765586,17854285.93,58818,47188,0.80760631,8442873285,58249,17671988.83,3.112e-05,303.3869909
2019-06-24,474.1001611,17856048.43,42743,45723,0.66736473,8465555436,44228,4973086.439,4.267e-05,112.4420376
2019-06-25,477.055517,17857823.43,61195,66534,0.91035202,8519173186,61302,10696678.71,2.644e-05,174.4915127
2019-06-26,481.1351546,17859323.43,60191,58260,1.13100813,8592748338,58722,8108173.714,3.74e-05,138.0772745
2019-06-27,411.7226228,17861148.43,73136,45004,0.93130818,7353838876,73664,9314487.422,2.647e-05,126.4455829
2019-06-28,434.276236,17862985.93,63583,40446,0.60931908,7757470290,64742,5125711.077,2.84e-05,79.17134282
2019-06-29,440.1918115,17864835.93,58255,38611,0.63957408,7863954488,58151,2224747.778,3.174e-05,38.25811728
2019-06-30,403.2438629,17866648.43,56727,36027,0.57326682,7204616328,57273,1628451.98,3.175e-05,28.43315315
2019-07-01,416.2787937,17868523.43,43827,39215,0.55430218,7438287376,45777,7620202.298,3.72e-05,166.4635581
2019-07-02,404.9797866,17870335.93,24444,61476,0.60333719,7237124830,21441,2868672.014,0.0125698,133.7937603
2019-07-03,421.5952841,17872173.43,56777,40691,0.530355,7534824032,58435,3241898.231,3.72e-05,55.47870677
2019-07-04,401.1072803,17873998.43,48396,36862,0.49678878,7169390896,49666,1842113.718,2.628e-05,37.09003579
2019-07-05,400.3278226,17875810.93,33581,34420,0.56265367,7156184466,32181,2483643.422,4.268e-05,77.1773227
2019-07-06,406.0769208,17877523.43,52230,36209,0.43414339,7259649665,53764,4051778.057,1.533e-05,75.36228808
2019-07-07,412.5669337,17879273.43,50544,37449,0.41540901,7376397013,50081,2099456.357,2.627e-05,41.92121478
2019-07-08,419.0703192,17881073.43,51335,37775,0.50982725,7493427147,50143,2567489.864,3.466e-05,51.20335568
2019-07-09,415.6498609,17882935.93,58633,65909,0.73350156,7433039829,59978,2605164.701,3.193e-05,43.43533796
2019-07-10,389.6008642,17884760.93,65072,43136,0.65187459,6967918313,62837,5436447.695,3.448e-05,86.51666526
2019-07-11,340.6955509,17886510.93,61536,45214,0.81641691,6093854694,64176,10977867.14,3.173e-05,171.0587625
2019-07-12,354.0992375,17888135.93,56194,36491,0.5913729,6334175291,57700,6716496.555,3.194e-05,116.4037531
2019-07-13,343.6675393,17889923.43,54566,33046,0.44341996,6148185962,53866,3369189.626,2.645e-05,62.54761122
2019-07-14,293.7393784,17891635.93,58666,34670,0.48748191,5255478015,57652,2132578.427,3.174e-05,36.99053679
2019-07-15,316.4542041,17893560.93,61822,40457,0.71567522,5662492581,61832,5456288.625,3.173e-05,88.24376739
2019-07-16,281.5579962,17895373.43,54603,66164,0.68234223,5038585482,54015,4740931.185,3.659e-05,87.77064121
2019-07-17,291.1764671,17897310.93,46572,39355,0.65482382,5211275766,47906,5468296.723,3.659e-05,114.1463851
2019-07-18,316.4027641,17899023.43,60181,39423,0.5048158,5663300487,59888,3225568.817,2.899e-05,53.86001899
2019-07-19,306.8386195,17900698.43,57374,42929,0.42822325,5492625593,57295,5476253.031,3.386e-05,95.57994643
2019-07-20,328.1492352,17902473.43,58301,45400,0.49958869,5874682963,60369,3948799.939,2.565e-05,65.41105433
2019-07-21,321.29002,17904248.43,48188,27816,0.4092075,5752456335,47065,1914854.543,2.627e-05,40.68531909
2019-07-22,310.0037493,17906198.43,47499,31792,0.43290882,5550988648,45977,1343394.177,1.549e-05,29.21883064
2019-07-23,298.2774506,17907973.43,52112,60804,0.72135475,5341544659,52261,4011425.698,3.466e-05,76.75753808
2019-07-24,302.6200824,17909835.93,36883,32516,0.46600776,5419876023,36422,2847602.126,4.286e-05,78.18357383
2019-07-25,301.7473227,17911648.43,45212,30535,0.50828357,5404791957,47383,2176535.148,2.92e-05,45.93493758
2019-07-26,318.9754594,17913523.43,45713,32685,0.47302514,5713974364,44149,2908030.965,3.446e-05,65.86855794
2019-07-27,304.4723108,17915235.93,42002,30766,0.42153806,5454693280,44718,4552649.109,2.354e-05,101.8079769
2019-07-28,309.1926689,17916973.43,39462,28026,0.3844198,5539796833,40471,1458798.58,3.467e-05,36.04552841
2019-07-29,305.7239783,17918810.93,43494,33212,0.55447655,5478210163,42252,2293048.19,3.194e-05,54.27076089
2019-07-30,318.7631968,17920635.93,44221,61374,0.61902742,5712439196,43205,3048328.929,3.465e-05,70.55500356
2019-07-31,328.546902,17922335.93,46911,37169,0.47889815,5888327946,48820,4720232.757,3.74e-05,96.68645548
2019-08-01,329.5475402,17924135.93,50157,38314,0.59317212,5906854904,49262,2540633.607,2.919e-05,51.57390294
2019-08-02,327.763597,17925910.93,47598,32859,0.46659941,5875461045,48441,3372613.973,3.738e-05,69.6231286
2019-08-03,335.1419465,17927773.43,46367,31161,0.38735274,6008348881,46092,4650295.345,2.838e-05,100.8915939
2019-08-04,336.5085882,17929560.93,23179,27247,0.25817883,6033451234,24722,1412795.6,0.0010235,57.14730201
2019-08-05,346.670371,17931348.43,54268,33123,0.59976741,6216267211,53042,2198182.424,3.193e-05,41.442299
2019-08-06,334.7435748,17933160.93,51490,61264,0.62653854,6003010396,51397,4459637.911,2.1e-05,86.76844778
2019-08-07,338.7869567,17934923.43,54676,34191,0.61048715,6076118125,54348,4569272.715,3.446e-05,84.07434891
2019-08-08,333.3141142,17936723.43,54177,33543,0.49829067,5978563080,53794,2086994.242,3.172e-05,38.79604122
2019-08-09,314.0303614,17938535.93,47663,28223,0.40805117,5633244920,49235,2059779.033,3.446e-05,41.83566635
2019-08-10,316.06216,17940410.93,46122,25703,0.47296629,5670285028,45528,2145645.858,3.448e-05,47.12804995
2019-08-11,338.1118014,17942260.93,43330,24340,0.46063888,6066490163,43256,1473089.036,3.173e-05,34.05513768
2019-08-12,329.8843825,17943973.43,38419,26105,0.44963466,5919436594,40239,1719331.473,3.173e-05,42.72798709
2019-08-13,347.7841595,17945898.43,46084,56330,0.70517984,6241299201,45948,2383216.948,3.405e-05,51.86769714
2019-08-14,309.5444093,17947498.43,56030,33303,0.67136364,5555547799,55163,3688519.618,4.012e-05,66.86582705
2019-08-15,314.9323745,17949298.43,55070,30567,0.62760401,5652815174,55591,3145040.249,3.464e-05,56.57462986
2019-08-16,310.1263496,17951135.93,55282,29378,0.52570235,5567120255,54406,2538260.731,2.901e-05,46.65405895
2019-08-17,306.3613374,17952960.93,31193,25257,0.3299115,5500093119,32621,1660176.959,2.372e-05,50.89288982
2019-08-18,317.2129431,17954823.43,45705,26992,0.47083145,5695502382,45021,2446354.699,2.079e-05,54.33807998
2019-08-19,324.7905584,17956435.93,43698,30695,0.40205522,5832080851,41128,2780157.416,1.534e-05,67.5976808
2019-08-20,315.7373356,17958273.43,48801,59830,0.64528831,5670097404,51042,2242945.623,2.644e-05,43.94313746
2019-08-21,301.657754,17960110.93,52921,31809,0.69917182,5417806722,51923,2342724.45,3.174e-05,45.11920439
2019-08-22,311.8664571,17961948.43,46660,31524,0.49608193,5601729217,49001,2272779.697,2.647e-05,46.38231254
2019-08-23,316.8575196,17963810.93,40839,29128,0.46180725,5691968572,41352,1443420.155,3.739e-05,34.9056915
2019-08-24,306.29702,17965510.93,39174,25884,0.35249977,5502782459,40323,2160625.113,2.922e-05,53.58294554
2019-08-25,305.4505917,17967310.93,46110,29306,0.50968501,5488125754,43068,1620819.911,3.194e-05,37.6339721
2019-08-26,311.0984344,17969185.93,44047,33092,0.41282914,5590185608,46443,1863928.383,3.738e-05,40.13367746
2019-08-27,307.887858,17970973.43,40787,62432,0.55643023,5533044514,41235,1942993.957,3.467e-05,47.12001835
2019-08-28,292.2774055,17972723.43,47017,37847,0.83612729,5253020972,45414,2852008.552,3.465e-05,62.80020592
2019-08-29,279.4528881,17974548.43,49122,44664,0.61012016,5023039470,49566,2907668.055,2.838e-05,58.66255205
2019-08-30,279.0706313,17976360.93,42436,38061,0.4922705,5016674391,44429,2041013.868,3.75e-05,45.93877574
2019-08-31,279.0866191,17978198.43,41032,37567,0.3649075,5017474616,38795,2633866.456,3.74e-05,67.89190503
2019-09-01,281.6545737,17980035.93,660009,492819,1.668794,5064159353,574809,1667683.134,2.415e-05,2.90128222
2019-09-02,294.304696,17981873.43,127040,181307,0.64500388,5292149792,212586,1383032.781,1.83e-05,6.50575663
2019-09-03,300.9451339,17983448.43,51246,88990,0.58211602,5412031295,52777,1727464.906,3.74e-05,32.73139636
2019-09-04,294.0614388,17985273.43,51411,42377,0.62386276,5288775381,51095,1860915.846,3.739e-05,36.42070351
2019-09-05,292.3891339,17987148.43,47192,41466,0.53225107,5259246748,47509,2130465.165,3.467e-05,44.84340157
2019-09-06,286.848452,17988948.43,57879,43640,0.52565623,5160102010,57989,3117432.119,3.467e-05,53.75902531
2019-09-07,300.5274285,17990798.43,46123,36742,0.45811747,5406728387,46991,2066610.307,3.193e-05,43.97885354
2019-09-08,307.2845609,17992485.93,42859,34107,0.49392016,5528813136,44218,1650668.199,3.739e-05,37.33023201
2019-09-09,305.9595636,17994235.93,50757,35459,0.55006434,5505508571,50456,1637002.126,3.74e-05,32.44415185
2019-09-10,303.2218361,17996110.93,47705,64340,0.57911202,5456813798,44946,3035653.903,3.466e-05,67.54002364
2019-09-11,297.9726116,17997960.93,49372,37019,0.57047897,5362899420,51079,2644132.6,3.877e-05,51.76555141
2019-09-12,300.4198895,17999773.43,47492,35754,0.46396296,5407489943,47300,2271818.524,3.467e-05,48.02998994
2019-09-13,298.399049,18001698.43,43513,36481,0.5002184,5371689691,43352,1899304.664,4.012e-05,43.81123509
2019-09-14,304.6665786,18003423.43,43084,33369,0.40343369,5485041419,45273,2150100.704,4.013e-05,47.49189813
2019-09-15,303.0900312,18005273.43,42027,33196,0.47399143,5457218885,39619,1592765.088,4.286e-05,40.20205173
2019-09-16,307.201972,18007085.93,44309,33182,0.44747253,5531812307,43629,1012154.527,4.014e-05,23.19912275
2019-09-17,320.6112599,18008948.43,50004,66076,0.82643347,5773871644,50604,1355008.174,3.74e-05,26.77670093
2019-09-18,324.2364307,18010773.43,50323,38271,0.59571501,5839748889,52867,2393117.898,4.013e-05,45.26676184
2019-09-19,322.9727099,18012398.43,52250,36932,0.59932015,5817513131,51325,1962744.338,2.902e-05,38.24148733
2019-09-20,314.9554452,18014323.43,49315,52719,0.55417928,5673709255,49685,1811710.237,3.678e-05,36.46392747
2019-09-21,311.6602409,18016173.43,46859,38824,0.51280492,5614924951,45672,1260368.18,3.405e-05,27.5960803
2019-09-22,307.5560288,18017973.43,41663,34352,0.39505887,5541536353,44841,1517126.746,3.405e-05,33.83347261
2019-09-23,292.9416965,18019485.93,27901,32363,0.4393268,5278658778,27261,1847114.643,0.00054653,67.75667228
2019-09-24,221.8629735,18021235.93,53647,65550,0.82986906,3998244989,52017,6554914.893,3.194e-05,126.0148585
2019-09-25,226.9899145,18023060.93,54605,37638,0.68704779,4091053058,56028,5965879.386,2.354e-05,106.4803203
2019-09-26,215.3454957,18024960.93,54210,37618,0.58498833,3881594145,52424,4047642.834,3.513e-05,77.20972901
2019-09-27,220.1637882,18026798.43,48292,30991,0.45686413,3968848231,47651,2977536.369,3.679e-05,62.48633542
2019-09-28,227.5062264,18028673.43,38747,28936,0.42772905,4101635458,40723,2476175.775,2.897e-05,60.80533789
2019-09-29,218.2477917,18030498.43,40271,30745,0.34976993,3935116464,39383,1580157.856,3.722e-05,40.12284121
2019-09-30,226.9983787,18032260.93,36076,27331,0.36446321,4093293994,39607,1910677.925,3.174e-05,48.24091511
2019-10-01,223.7704562,18033723.43,16629,65303,0.51690862,4035414518,16509,3096906.729,0.12415068,187.5889956
2019-10-02,225.3521126,18035548.43,18873,33084,0.32519273,4064348940,18185,1571886.657,0.04761705,86.43863934
2019-10-03,222.9781623,18037373.43,25678,31999,0.41548713,4021940379,22958,1317528.313,0.01462774,57.38863633
2019-10-04,222.4610459,18039285.93,46409,33875,0.38319936,4013038414,47502,1413826.169,3.447e-05,29.76350826
2019-10-05,223.1223504,18041123.43,37487,28353,0.32377372,4025377862,39728,1114425.467,2.642e-05,28.0513861
2019-10-06,220.4994592,18042885.93,44950,29210,0.50503237,3978446590,42380,944599.0897,1.747e-05,22.28879399
2019-10-07,233.9148158,18044723.43,50105,35928,0.48322179,4220928156,51737,1626201.572,2.898e-05,31.43208094
2019-10-08,230.8008003,18046635.93,45859,98648,0.5116064,4165178015,46514,1657120.113,4.286e-05,35.62626548
2019-10-09,239.1772547,18048448.43,45018,34646,0.57050738,4316778345,45940,2566950.582,3.72e-05,55.87615546
2019-10-10,230.6279782,18050273.43,39270,31332,0.44660096,4162898066,40033,2604804.827,2.9e-05,65.06644086
2019-10-11,220.9994505,18052023.43,34439,34393,0.50697067,3989487258,34134,2382787.814,3.74e-05,69.80687332
2019-10-12,224.8275119,18053885.93,35753,29065,0.3355442,4059010253,36534,2131305.626,1.807e-05,58.33759308
2019-10-13,223.7498567,18055510.93,41317,31691,0.47415625,4039917982,41122,2634096.937,1.807e-05,64.0556621
2019-10-14,227.8248526,18057298.43,47561,45702,0.45174965,4113901353,46039,2227152.809,4.286e-05,48.37535153
2019-10-15,221.7473506,18059148.43,50210,58724,0.64906192,4004568317,49698,2807408.831,2.919e-05,56.48937242
2019-10-16,217.236403,18060948.43,43321,32205,0.45267089,3923495471,44454,1977774.338,3.467e-05,44.49035717
2019-10-17,219.5869473,18062710.93,46517,32148,0.53689857,3966335552,47464,1696454.112,3.174e-05,35.74191202
2019-10-18,212.3636926,18064373.43,44442,30793,0.60589404,3836217046,44607,2251184.461,3.447e-05,50.46706708
2019-10-19,212.8646269,18066160.93,41720,29523,0.48102155,3845646604,40725,1983760.64,3.477e-05,48.71112683
2019-10-20,224.4014034,18068010.93,40469,27983,0.54583906,4054487008,39433,1591417.751,3.721e-05,40.35751149
2019-10-21,232.8982298,18069935.93,40294,34425,0.5417314,4208456089,40333,1841375.603,3.72e-05,45.65431788
2019-10-22,226.8586511,18071773.43,39043,58435,0.64752104,4099738143,39477,1205978.337,3.447e-05,30.54888508
2019-10-23,209.4572499,18073660.93,46663,32842,0.6684686,3785659312,44421,2419782.404,3.174e-05,54.47383903
2019-10-24,213.4564111,18075473.43,38989,32504,0.57227146,3858325686,41843,1464390.655,3.659e-05,34.99726727
2019-10-25,258.235893,18077373.43,52751,37854,0.74747138,4668226670,51979,2322315.059,3.172e-05,44.677948
2019-10-26,252.7727858,18079110.93,58624,33417,0.71315482,4569907234,62121,2987676.189,3.173e-05,48.09446385
2019-10-27,261.5645286,18080848.43,53512,30836,0.53476999,4729308595,52287,3079181.408,3.175e-05,58.88999958
2019-10-28,267.673511,18082710.93,52501,32301,0.88258471,4840262722,50823,4580297.833,3.446e-05,90.12253966
2019-10-29,288.747361,18084510.93,50107,58095,0.83237007,5221854804,49336,3571608.025,3.174e-05,72.39354679
2019-10-30,289.655173,18086348.43,48661,35153,0.93879637,5238804382,49736,2436704.176,3.175e-05,48.99276532
2019-10-31,283.1450575,18088010.93,46613,32887,0.8692384,5121530894,47917,1837158.42,3.448e-05,38.34043074
2019-11-01,278.3873935,18089785.93,41263,30971,0.70286704,5035968353,42933,1899693.824,3.173e-05,44.2478705
2019-11-02,290.0426571,18091523.43,37270,38871,0.64538087,5247313525,37082,1308008.268,3.993e-05,35.27340132
2019-11-03,291.4605684,18093348.43,40658,30506,0.59684441,5273497616,39996,1763167.393,3.993e-05,44.08359319
2019-11-04,291.088153,18095148.43,40934,51929,0.52668124,5267283333,41816,2077127.594,3.993e-05,49.6730341
2019-11-05,293.2014041,18096998.43,44696,32649,0.67154026,5306065348,45228,1621626.04,3.446e-05,35.85447156
2019-11-06,305.9314801,18098835.93,41632,34286,0.54857567,5537003662,42092,2277079.105,3.131e-05,54.0976695
2019-11-07,292.3395866,18100460.93,41684,30953,0.58755224,5291481264,40981,1907799.624,3.133e-05,46.55327161
2019-11-08,277.7217818,18102273.43,43660,31549,0.49522267,5027395630,42761,1404833.491,2.585e-05,32.85314869
2019-11-09,282.7035935,18104135.93,37697,33751,0.47265668,5118104284,36536,1023702.502,3.678e-05,28.01900869
2019-11-10,293.1892908,18105985.93,39283,34583,0.52851124,5308481172,41189,1167264.3,3.722e-05,28.33922406
2019-11-11,285.7886335,18107823.43,40117,53664,0.55586955,5175010112,37988,1431473.511,2.858e-05,37.6822552
2019-11-12,288.5465743,18109573.43,33259,72339,1.06303074,5225455374,35672,1882414.891,3.173e-05,52.77009674
2019-11-13,285.1335723,18111448.43,31516,32318,0.50161833,5164181990,31627,1225362.779,3.72e-05,38.74419891
2019-11-14,277.7542811,18113260.93,33523,31911,0.58923725,5031035767,33643,1862656.375,3.72e-05,55.36534718
2019-11-15,263.8232973,18115073.43,37105,24657,0.43231474,4779178401,38158,905894.6614,2.898e-05,23.74062218
2019-11-16,265.1569967,18116935.93,26442,20751,0.24742099,4803832320,25990,916057.0532,3.721e-05,35.24651993
2019-11-17,265.9711111,18118798.43,26873,18469,0.25108516,4819076948,26881,1027923.94,3.449e-05,38.2397954
2019-11-18,246.7121711,18120410.93,33221,21835,0.42517474,4470525920,34770,2206338.316,3.174e-05,63.45522911
2019-11-19,241.6615777,18121960.93,35393,50104,0.51055266,4379381668,34512,2310606.055,3.175e-05,66.95080131
2019-11-20,242.0835916,18123798.43,32273,24656,0.58911927,4387474217,31645,1272799.817,3.993e-05,40.22119818
2019-11-21,225.5073424,18125648.43,41027,27790,0.55776347,4087466806,41608,1478164.334,2.646e-05,35.52596457
2019-11-22,208.398887,18127410.93,47385,27497,0.58741789,3777732261,48030,2569768.474,2.918e-05,53.50340358
2019-11-23,215.293037,18129235.93,38640,22249,0.43414388,3903098261,39076,2691652.956,3.192e-05,68.88250987
2019-11-24,203.852138,18130935.93,40136,21372,0.35131497,3696030053,40048,1519078.426,2.918e-05,37.93144291
2019-11-25,208.9655069,18132810.93,49000,26285,0.5675816,3789132027,47945,1960237.073,3.194e-05,40.88511989
2019-11-26,212.0253759,18134660.93,42110,50514,0.57225628,3845008299,42898,998853.0128,2.918e-05,23.28437252
2019-11-27,219.973295,18136448.43,47838,27992,0.50468954,3989534319,47973,2151827.537,2.919e-05,44.85497128
2019-11-28,218.1981983,18138298.43,41105,30591,0.40157195,3957744036,40901,1904495.154,3.464e-05,46.56353522
2019-11-29,224.0741855,18140135.93,43041,27299,0.41248467,4064736183,43830,1575366.181,3.192e-05,35.94264615
2019-11-30,217.5796527,18141948.43,36381,22506,0.34264512,3947318838,35220,1427995.727,3.465e-05,40.54502349
2019-12-01,215.3720401,18143735.93,13347,20445,0.26950227,3907653422,16103,1309997.921,0.00668508,81.35117191
2019-12-02,214.0752503,18145348.43,36526,23522,0.33443463,3884470006,36216,1078374.944,3.131e-05,29.77620233
2019-12-03,211.7728427,18147123.43,36336,52254,0.5667724,3843067914,35915,1793736.75,3.111e-05,49.94394402
2019-12-04,208.217967,18149023.43,40391,27165,0.49083397,3778952760,39330,1682486.491,3.112e-05,42.77870558
2019-12-05,211.664407,18150810.93,39857,24693,0.41845368,3841880632,40615,1296137.261,2.564e-05,31.91277264
2019-12-06,212.5843263,18152673.43,35667,23615,0.37529683,3858973850,35894,1403529.395,3.113e-05,39.10206149
2019-12-07,211.5810344,18154523.43,31139,24825,0.43074285,3841152845,28502,1362248.369,2.839e-05,47.79483436
2019-12-08,213.021663,18156348.43,27673,18238,0.27905758,3867695536,29637,1155655.315,2.839e-05,38.99366721
2019-12-09,208.3261163,18158023.43,31562,21924,0.36904515,3782790500,33897,1223682.886,2.568e-05,36.100035
2019-12-10,206.9539736,18159848.43,34071,53086,0.48296599,3758252791,33261,1245684.936,3.113e-05,37.45181853
2019-12-11,206.2760374,18161585.93,33504,24887,0.3968768,3746299978,34253,511854.3029,3.387e-05,14.94334227
2019-12-12,206.2761033,18163410.93,37321,27549,0.45247101,3746677629,37217,905638.3665,3.406e-05,24.333997
2019-12-13,211.3487819,18165248.43,34514,23078,0.41704241,3839203128,33794,1008375.126,2.312e-05,29.83888043
2019-12-14,206.1623739,18167010.93,34827,22181,0.56061259,3745354099,36640,1177210.312,3.386e-05,32.12910241
2019-12-15,206.9245772,18168723.43,33931,20968,0.98016857,3759555414,33204,1006278.751,3.659e-05,30.3059496
2019-12-16,195.8413131,18170573.43,43049,25064,0.53543925,3558548960,41097,1602381.501,3.66e-05,38.99023045
2019-12-17,176.0375594,18172423.43,42328,59230,0.48437009,3199029069,41231,1783047.034,3.385e-05,43.24530169
2019-12-18,188.6016749,18174298.43,49567,27537,0.50519639,3427703123,51235,2267015.023,3.386e-05,44.24738992
2019-12-19,186.1949402,18176098.43,42783,28749,0.50441997,3384297560,44188,1382632.819,2.294e-05,31.28978045
2019-12-20,187.1706907,18177873.43,41363,25992,0.4144811,3402365125,42581,1414330.955,3.679e-05,33.21507138
2019-12-21,186.1350927,18179610.93,31895,24423,0.27575248,3383863566,32336,930859.7756,3.678e-05,28.7871034
2019-12-22,196.2741008,18181198.43,40346,21784,0.31552444,3568498373,39152,785281.3353,3.404e-05,20.05724701
2019-12-23,189.74624,18183023.43,46213,33484,0.37843677,3450160327,46432,841298.9624,2.858e-05,18.11894732
2019-12-24,187.8907985,18184885.93,42129,57577,0.41308969,3416772736,41997,839760.5559,3.678e-05,19.99572721
2019-12-25,185.0476205,18186735.93,39233,27893,0.39882641,3365412208,38338,971326.6722,3.678e-05,25.33587229
2019-12-26,187.2778617,18188523.43,37203,29051,1.47191108,3406307775,39548,1267543.533,3.387e-05,32.05076194
2019-12-27,202.5606169,18190473.43,44026,34645,0.7797816,3684673519,42082,1455244.98,0.00085752,34.58117437
2019-12-28,206.7981806,18192235.93,39364,31812,0.44315071,3762121290,40676,1709925.99,0.00049068,42.03771241
2019-12-29,212.6932949,18194085.93,43731,32848,0.45033933,3869760083,42428,1388980.042,0.00109506,32.73734425
2019-12-30,208.0072776,18195910.93,37766,32200,0.48840709,3784881895,40305,1635048.706,3.659e-05,40.56689506
2019-12-31,203.7846996,18197448.43,19248,57476,0.38474713,3708361560,19716,1167078.13,0.09414247,59.19446792
2020-01-01,203.5577083,18199373.43,14456,27651,0.41338038,3704622747,14949,1200326.096,0.09602292,80.29474183
2020-01-02,195.0552761,18201048.43,32705,33372,0.53370035,3550210525,32534,1596194.194,0.00098935,49.06234074
2020-01-03,221.819382,18202910.93,50836,31987,1.5370305,4037758452,50639,2041166.549,2.586e-05,40.30819227
2020-01-04,224.0328144,18204735.93,37923,39571,0.48400712,4078458225,36350,1730016.083,4.267e-05,47.59328977
2020-01-05,222.657244,18206510.93,49483,34302,0.69641802,4053811546,51337,1732503.094,0.00067865,33.74764972
2020-01-06,244.3142435,18208360.93,59323,40110,0.53055182,4448561925,57457,2054437.49,4.327e-05,35.75608699
2020-01-07,243.8343969,18210185.93,53980,62523,0.73782852,4440269702,52196,2131639.244,3.721e-05,40.83913027
2020-01-08,240.7397832,18212023.43,47828,33164,0.55545407,4384358571,50293,2339463.034,2.901e-05,46.51667297
2020-01-09,236.8341224,18213885.93,41582,33340,1.55992987,4313669689,41377,1705542.797,3.386e-05,41.21958568
2020-01-10,268.8295206,18215773.43,49824,33971,0.79618416,4896937637,49554,2388826.274,2.566e-05,48.2065277
2020-01-11,262.0430554,18217598.43,54284,32827,0.84786498,4773795154,52267,1930752.186,3.406e-05,36.94017614
2020-01-12,267.7658223,18219448.43,46356,32668,0.44436003,4878545589,45696,1327968.153,3.406e-05,29.06092771
2020-01-13,266.6204678,18221048.43,30389,28083,0.43410574,4858104455,33938,1548929.962,3.72e-05,45.63998944
2020-01-14,351.7865715,18223098.43,62397,68785,1.14112692,6410641316,64081,2651187.325,3.719e-05,41.37243996
2020-01-15,338.7280026,18224923.43,56295,44747,0.69670248,6173291909,54525,2909286.593,3.173e-05,53.35692971
2020-01-16,326.9284161,18226748.43,45708,36344,0.52233716,5958841993,46028,2729762.125,3.72e-05,59.30655524
2020-01-17,370.7330106,18228623.43,56453,36437,0.78007686,6757952441,58386,2804040.994,3.721e-05,48.02591363
2020-01-18,345.1088577,18230460.93,57626,35819,0.72907427,6291493545,55655,3258810.475,3.72e-05,58.55377728
2020-01-19,337.7585169,18231885.93,45561,32731,0.47387729,6157974751,48443,2899834.82,3.448e-05,59.86076047
2020-01-20,344.4849999,18233785.93,37707,43286,0.57543243,6281265742,38056,2380806.359,3.448e-05,62.56060435
2020-01-21,343.4410898,18235473.43,38825,59260,0.50845137,6262810867,38827,1474306.847,3.173e-05,37.9711759
2020-01-22,345.8180982,18237210.93,32869,30346,0.37802416,6306757598,31256,1501405.168,3.719e-05,48.0357425
2020-01-23,322.9564988,18238985.93,41815,32251,0.44313975,5890399035,39559,2184765.833,2.9e-05,55.2280349
2020-01-24,318.7358304,18240885.93,49212,33264,0.46772104,5814023922,44513,2373032.333,3.174e-05,53.31099528
2020-01-25,311.3548161,18242773.43,32574,26503,0.28868967,5679975365,37178,1696800.619,3.722e-05,45.6399112
2020-01-26,344.6208443,18244585.92,38987,30129,0.37431419,6287464605,37256,1319204.614,3.994e-05,35.40918548
2020-01-27,361.4629272,18246423.42,48418,40327,0.69416517,6595405623,46237,1854296.379,2.356e-05,40.10416719
2020-01-28,376.3836786,18248285.92,57656,59785,0.65861111,6868356984,54533,2388919.159,3.659e-05,43.80685381
2020-01-29,382.247806,18250148.42,44342,30854,0.58008684,6976079194,51761,2511890.201,3.111e-05,48.52862582
2020-01-30,392.1129739,18251998.42,44966,30161,0.47709654,7156845381,45434,2131957.939,3.72e-05,46.92428442
2020-01-31,376.2796642,18253835.92,47706,34129,0.45907878,6868547252,49373,4179112.658,3.174e-05,84.64368495
2020-02-01,380.201963,18255710.92,39720,29294,0.36340786,6940857130,41601,1298473.588,3.465e-05,31.21255709
2020-02-02,378.2083437,18257473.42,48866,32351,0.53252583,6905128784,48158,2090974.3,2.583e-05,43.41904356
2020-02-03,383.1634595,18258910.92,42392,29323,0.41333886,6996147476,43958,2072740.165,3.74e-05,47.15274044
2020-02-04,379.5047854,18260773.42,46407,49174,0.55147012,6930050900,46092,2290616.161,4.013e-05,49.69661027
2020-02-05,439.3184144,18262710.92,53590,41528,2.49748208,8023145207,52487,2894023.391,3.194e-05,55.13790826
2020-02-06,442.8150345,18264248.42,46862,37202,1.46018564,8087683796,48822,2540277.086,3.74e-05,52.03140154
2020-02-07,440.003113,18266123.42,44292,34361,2.3925814,8037151170,43631,2258098.063,3.465e-05,51.75444208
2020-02-08,445.6925236,18267935.92,40640,28535,0.41892396,8141882464,41262,1950139.206,3.191e-05,47.26235292
2020-02-09,450.2072182,18269823.42,43125,32389,0.45233865,8225206382,41747,1940517.838,3.133e-05,46.48280926
2020-02-10,453.9952275,18271648.42,45555,44722,0.48936602,8295241183,44756,2545940.43,2.586e-05,56.88489654
2020-02-11,464.3795069,18273510.92,47945,36952,0.53754779,8485843992,46173,3016269.164,3.131e-05,65.32538851
2020-02-12,476.7956026,18275348.42,45461,32063,0.5428186,8713605764,46972,2437617.28,3.13e-05,51.89511368
2020-02-13,473.5296416,18277098.42,44456,28052,0.48868619,8654747867,46424,3176817.346,2.586e-05,68.43049599
2020-02-14,492.8233121,18279010.92,43636,31368,0.52879231,9008322707,44020,2856114.347,2.586e-05,64.88219779
2020-02-15,439.7057949,18280785.92,42489,30948,0.49632476,8038167507,42648,3147449.382,3.132e-05,73.80063267
2020-02-16,415.2229404,18282310.92,47008,30925,0.50125089,7591234900,47128,2831203.442,3.131e-05,60.07476323
2020-02-17,410.2710779,18284248.42,51421,32244,0.55605163,7501498310,52228,2965571.719,2.859e-05,56.78126137
2020-02-18,421.9801294,18286023.42,45980,44297,0.67985963,7716338531,45337,2440895.948,2.858e-05,53.83893835
2020-02-19,383.6914664,18287848.42,45110,29116,0.4437531,7016891379,43943,1846925.565,2.583e-05,42.03002902
2020-02-20,371.3551353,18289648.42,41953,28287,0.41350557,6791954866,43340,1043379.248,2.859e-05,24.07427891
2020-02-21,379.5389767,18291485.92,34119,21566,0.37542802,6942331851,35701,341781.104,2.582e-05,9.57343222
2020-02-22,373.7684733,18293135.92,31316,22651,0.3073915,6837397486,31504,9766534.049,3.406e-05,310.0093337
2020-02-23,401.8511567,18294898.42,36520,26262,0.38776335,7351826093,36348,1588516.331,2.585e-05,43.70299138
2020-02-24,376.6066183,18296623.42,41877,26770,0.45839582,6890629475,42748,1468230.997,3.405e-05,34.34619157
2020-02-25,354.3969682,18298323.42,42593,43518,0.45390021,6484870344,40657,1637582.342,2.649e-05,40.27799251
2020-02-26,318.8052007,18300123.42,50703,32812,0.59171458,5834174521,50803,1249889.872,2.918e-05,24.60267843
2020-02-27,323.8156752,18301960.92,43483,28805,0.45500055,5926461834,41803,1326618.709,3.193e-05,31.73501205
2020-02-28,317.1246692,18303835.92,43439,26638,0.4293572,5804597913,46392,1096633.318,3.194e-05,23.63841433
2020-02-29,308.7939811,18305623.42,35765,22187,0.39437588,5652666335,36190,341452.0913,2.92e-05,9.43498456
2020-03-01,313.3520455,18307373.42,40715,23164,0.41952555,5736652911,39591,393848.8647,2.646e-05,9.94793929
2020-03-02,337.3622557,18309173.42,38574,25088,0.39743848,6176824046,39675,699772.5796,3.468e-05,17.63762015
2020-03-03,330.402196,18311035.92,39924,51901,1.00043913,6050006480,40206,537211.0153,3.194e-05,13.36146384
2020-03-04,319.4547924,18312873.42,39729,34384,0.41450249,5850135178,37676,604446.8833,3.602e-05,16.04328705
2020-03-05,335.1753686,18314648.42,40523,37063,0.45009076,6138619037,43114,818170.7604,3.466e-05,18.97691609
2020-03-06,350.5215797,18316385.92,38714,35957,0.41578071,6420288529,39403,558299.7181,3.739e-05,14.16896475
2020-03-07,331.6290055,18318160.92,38779,34345,0.3954365,6074833490,38593,1464723.677,3.74e-05,37.95309192
2020-03-08,275.6853558,18319985.92,17011,33832,0.40072007,5050551837,16967,956804.4859,0.10841312,56.3920838
2020-03-09,271.8187071,18321885.92,19705,38125,0.54979681,4980231343,19260,1506739.032,0.08985861,78.23151773
2020-03-10,271.8139315,18323710.92,17739,55016,0.40995668,4980639906,18482,1672497.263,0.09584073,90.49330501
2020-03-11,267.6728025,18325485.92,18414,40507,0.46390476,4905234174,18827,926490.1345,0.15173494,49.21071517
2020-03-12,152.7698626,18327235.92,17610,39205,0.62595249,2799849314,18386,3806339.916,0.4138071,207.0238179
2020-03-13,180.1863503,18328910.92,20529,44469,0.60218342,3302619564,19813,3777444.927,0.3702281,190.6548694
2020-03-14,166.0873285,18330685.92,14558,38780,0.43679599,3044494654,15314,1486241.625,0.36866919,97.05117047
2020-03-15,179.9340638,18332485.92,47471,28935,0.47148973,3298638692,45917,1082999.099,3.112e-05,23.58601605
2020-03-16,169.9768812,18334285.92,66752,33886,0.68699211,3116404741,68553,2459582.05,2.585e-05,35.87854725
2020-03-17,185.6946635,18335985.92,64347,63128,0.68698946,3404894736,63057,1245398.182,2.605e-05,19.75035573
2020-03-18,183.1162927,18337848.42,59999,31742,0.49086999,3357958819,57846,979423.6309,2.584e-05,16.93157056
2020-03-19,222.9076156,18339773.42,63620,36664,0.61838264,4088075165,61709,1131259.218,3.131e-05,18.33215929
2020-03-20,212.8977548,18341610.92,62810,33836,0.57404973,3904887786,66526,1489049.042,2.584e-05,22.38296368
2020-03-21,220.1579808,18343373.42,58792,31336,0.48402876,4038440054,60279,744882.6808,2.292e-05,12.35725013
2020-03-22,203.1776887,18345160.92,60345,34354,0.55143422,3727327395,58731,661211.6177,2.839e-05,11.25830681
2020-03-23,220.9276948,18346923.42,56733,30887,0.47070439,4053343498,59639,1373072.519,2.565e-05,23.02306408
2020-03-24,228.2915481,18348760.92,59166,61480,0.52159355,4188867038,58301,721095.8964,2.84e-05,12.36849962
2020-03-25,220.761122,18350523.42,52760,28754,0.4327975,4051082140,53295,741468.7092,2.567e-05,13.91253793
2020-03-26,228.0800302,18352298.42,52090,31381,0.44610043,4185792779,49901,669552.6562,2.84e-05,13.41762001
2020-03-27,218.7345539,18354148.42,50574,34332,0.43563416,4014686468,49120,1171981.367,2.838e-05,23.85955551
2020-03-28,214.0388777,18355885.92,46336,29993,0.39356673,3928873222,50077,1182059.447,2.841e-05,23.60483749
2020-03-29,206.7336226,18357598.42,41207,27072,0.34589264,3795132825,42419,1089667.739,3.13e-05,25.68819961
2020-03-30,221.4236316,18359410.92,18300,47458,1.09082997,4065207440,17896,626032.4795,0.14250152,34.98169867
2020-03-31,219.9033147,18361135.92,18241,78131,1.93717023,4037674651,18602,953135.0191,0.11298018,51.23830873
2020-04-01,224.0223331,18362823.42,17950,35657,0.31753991,4113682545,18405,521587.0071,0.11581803,28.33941902
2020-04-02,232.2283244,18364648.42,20888,37090,0.35682015,4264791532,19424,732895.5688,0.14171946,37.73144402
2020-04-03,236.3624166,18366498.42,40975,33256,0.35222874,4341149953,41814,674069.3037,3.66e-05,16.12066063
2020-04-04,238.1846503,18368348.42,46545,32305,0.36793581,4375058647,44068,1080044.895,3.192e-05,24.50859796
2020-04-05,231.2983231,18370160.92,41107,33064,0.37992948,4248987418,41313,474945.1756,3.466e-05,11.4962645
2020-04-06,256.5685704,18371998.42,39699,33410,0.45497518,4713677370,40954,862646.2597,3.74e-05,21.06378521
2020-04-07,251.7411761,18373860.92,44586,133130,0.44698444,4625457359,34209,684882.4296,4.013e-05,20.02053347
2020-04-08,267.9878578,18375104.67,84628,139269,0.55877648,4924304939,95852,1617834.522,1.187e-05,16.8784639
2020-04-09,257.2786018,18375448.42,37368,28016,0.34214235,4727609678,38492,933728.7752,3.386e-05,24.25773602
2020-04-10,232.6913392,18376398.42,44280,28828,0.4124196,4276028760,43939,1190564.967,2.644e-05,27.09585942
2020-04-11,232.0031721,18377335.92,37117,25550,0.39003607,4263600230,34945,1411828.278,1.808e-05,40.40143877
2020-04-12,235.6145326,18378248.42,40795,25378,0.36212875,4330182413,37261,582669.9621,1.274e-05,15.63752883
2020-04-13,224.5200681,18379229.67,40478,54507,0.4002608,4126505898,43440,1644924.604,2.371e-05,37.86658849
2020-04-14,223.1474212,18380173.42,36593,29246,0.32447686,4101488301,38939,817424.0704,3.467e-05,20.99242585
2020-04-15,215.0022412,18381142.17,36489,29675,0.33326319,3951986764,36343,393808.5771,3.738e-05,10.83588523
2020-04-16,235.8512475,18382023.42,47412,28904,0.45334123,4335423157,47313,657604.6955,2.921e-05,13.89902765
2020-04-17,234.0182705,18382942.17,36863,28934,1.26188414,4301944335,35651,466255.7922,3.466e-05,13.07833699
2020-04-18,244.4592444,18383879.67,33545,27112,0.32753604,4494109334,33981,978815.8257,3.739e-05,28.80479755
2020-04-19,233.2446654,18384798.42,32377,23258,0.33951819,4288156157,33727,1212382.461,3.738e-05,35.94694046
2020-04-20,220.0278743,18385617.17,36531,25665,0.35242918,4045348264,39305,500899.291,3.467e-05,12.74390767
2020-04-21,220.5437237,18386492.17,37011,54820,0.37162906,4055025449,36615,690557.977,2.646e-05,18.85997479
2020-04-22,232.9844913,18387254.67,35106,24634,0.2865025,4283945177,35866,408181.4209,3.466e-05,11.38073442
2020-04-23,237.5179172,18388110.92,42520,31199,0.42921817,4367505807,41603,579082.1088,3.739e-05,13.9192392
2020-04-24,237.9732173,18389023.42,39660,31996,0.34524577,4376095067,37311,536943.2262,3.738e-05,14.39101675
2020-04-25,238.2417403,18389954.67,32704,28701,0.29342735,4381254806,35685,519753.8798,3.738e-05,14.56505197
2020-04-26,245.5253743,18390867.17,37162,25376,0.37747218,4515424547,34047,457341.6523,3.193e-05,13.43265639
2020-04-27,242.8780272,18391779.67,37053,28577,0.40839552,4466959165,38129,645149.1593,2.919e-05,16.92016993
2020-04-28,242.3675261,18392685.92,34315,61276,0.40710539,4457789786,35841,1043955.257,3.465e-05,29.12740316
2020-04-29,257.2266719,18393567.17,55671,38933,0.55498209,4731316069,54530,935949.0848,3.464e-05,17.16392966
2020-04-30,250.3617043,18394535.92,63591,41155,0.58468171,4605287363,62274,1542005.942,3.192e-05,24.76163313
2020-05-01,255.1921535,18395454.67,46961,33727,0.40035185,4694375693,49277,499701.5061,3.467e-05,10.14066412
2020-05-02,261.0435392,18396373.42,39224,27867,0.34983524,4802254428,39382,958602.8992,2.922e-05,24.34114314
2020-05-03,251.7802026,18397285.92,46832,30100,0.36744904,4632072378,45640,514312.5808,3.467e-05,11.26889966
2020-05-04,246.2240669,18398042.17,42450,29432,0.34604817,4530040767,45775,564607.5941,2.919e-05,12.33440948
2020-05-05,246.4639165,18398829.67,42369,61348,0.3592561,4534647621,42229,529767.6043,3.739e-05,12.54511364
2020-05-06,244.2853732,18399673.42,47089,34455,0.40244782,4494771089,43445,809743.3068,2.92e-05,18.63835439
2020-05-07,252.8724739,18400573.42,51558,32135,0.43976644,4652998523,50634,770790.1874,3.193e-05,15.22277891
2020-05-08,261.7246449,18401529.67,46191,34131,0.39072022,4816133821,49283,794855.579,3.468e-05,16.12839273
2020-05-09,265.8283884,18402448.42,49880,42349,0.50732412,4891893208,46622,829724.637,3.192e-05,17.79684777
2020-05-10,233.2025994,18403385.92,56805,38326,0.47817155,4291717436,57089,1907515.987,2.919e-05,33.41302153
2020-05-11,233.8100773,18404504.67,50833,43962,0.43637896,4303158661,55565,759480.1189,3.193e-05,13.66831852
2020-05-12,233.3588029,18405392.17,48264,75913,0.48680837,4295060284,47661,618057.287,3.466e-05,12.96777841
2020-05-13,239.8064885,18406198.42,46535,47343,0.42665012,4413925811,47111,548984.9034,3.194e-05,11.65300892
2020-05-14,242.9232693,18407067.17,50840,49402,0.45010291,4471504936,49095,530896.8373,3.192e-05,10.81366406
2020-05-15,235.4349613,18408017.17,55333,53572,0.44559622,4333890810,54144,371342.32,3.466e-05,6.8584205
2020-05-16,236.9528951,18408942.17,41369,57497,0.35426244,4362052143,43251,384328.7349,3.194e-05,8.88600806
2020-05-17,240.8802739,18409879.67,43097,57172,0.37577113,4434576858,42685,299888.0766,3.728e-05,7.02560797
2020-05-18,247.8356377,18410773.42,46095,54268,0.42123671,4562845772,47346,587079.7839,3.193e-05,12.39977577
2020-05-19,246.3729455,18411629.67,30249,77805,0.86286983,4536127435,32812,450161.2269,3.74e-05,13.71940835
2020-05-20,239.4633374,18412523.42,16879,55307,0.35551437,4409124310,16878,463541.4231,0.05559389,27.46423884
2020-05-21,228.1348063,18413348.42,19890,61971,0.36086921,4200725676,19646,557310.2052,0.02149914,28.36761707
2020-05-22,234.604693,18414229.67,43920,53077,0.38207433,4320064699,42921,713140.1617,3.114e-05,16.61518048
2020-05-23,234.5633444,18415173.42,34363,42848,0.34227154,4319524666,34518,320427.27,2.839e-05,9.2829037
2020-05-24,225.3445049,18416085.92,26539,43434,0.3106906,4149963765,28328,513720.1444,6.49e-05,18.1347128
2020-05-25,230.7062196,18416929.67,13927,40467,0.29259264,4248900222,14079,380063.8714,0.04176312,26.99508994
2020-05-26,227.9261791,18417848.42,15151,73390,0.30843193,4197909819,15173,486669.0167,0.04127321,32.07467321
2020-05-27,232.2594681,18418748.42,14448,49145,0.30012283,4277928713,14000,460256.0892,0.07730572,32.87543494
2020-05-28,239.6660463,18419692.17,15503,43426,0.32079518,4414574798,15342,397513.3945,0.09139401,25.91014173
2020-05-29,238.3520508,18420554.67,21255,61268,0.34691784,4390576984,20354,550304.5299,0.01134735,27.0366773
2020-05-30,251.7127302,18421492.17,45114,60433,0.46638642,4636924089,44256,542087.2761,3.114e-05,12.24889904
2020-05-31,238.4318088,18422410.92,45863,61990,0.47663684,4392488759,44185,603399.9117,1.746e-05,13.65621617
2020-06-01,253.488145,18423335.92,43517,55942,0.47207951,4670097249,42916,888530.0402,3.386e-05,20.7039342
2020-06-02,250.6150669,18424267.17,48287,90390,0.61192561,4617398951,51058,1828206.364,2.838e-05,35.80646252
2020-06-03,252.593898,18425179.67,40779,53962,0.44261124,4654087955,38777,621852.4836,3.387e-05,16.03663211
2020-06-04,256.6251378,18426023.42,41465,43635,0.4676416,4728580800,46059,579218.2023,3.112e-05,12.57557051
2020-06-05,256.266957,18426935.92,46277,45789,0.49695315,4722214796,46312,517062.3333,3.387e-05,11.16475931
2020-06-06,253.1103181,18427835.92,39667,59563,0.41522482,4664275413,40385,417559.478,3.385e-05,10.33946955
2020-06-07,253.1993864,18428735.92,39979,70849,0.43280622,4666144628,39900,459998.5132,3.297e-05,11.52878479
2020-06-08,254.629197,18429504.67,34408,58775,0.39183935,4692689977,33941,542006.7787,3.385e-05,15.9690869
2020-06-09,254.2600419,18430417.17,39028,90909,0.47619138,4686118643,38724,353660.0845,0.0001,9.13283969
2020-06-10,257.190198,18431292.17,24337,69575,0.416305,4740347684,25879,474307.5647,0.00979386,18.32789384
2020-06-11,234.6918703,18432223.42,17666,73150,0.39199185,4325892990,15854,1139396.762,0.06301536,71.86809397
2020-06-12,240.3534318,18433142.17,14654,63553,0.38821143,4430468980,14966,1108219.508,0.10257644,74.04914526
2020-06-13,240.8213784,18434067.17,13280,47651,0.27586637,4439317466,14573,418317.0054,0.07999526,28.70493415
2020-06-14,237.6837928,18435010.92,16077,63964,0.31230006,4381703316,14707,256777.5563,0.07899356,17.4595469
2020-06-15,236.2621298,18435892.17,15658,65942,0.36294178,4355703150,17463,1201264.354,0.05918162,68.78911723
2020-06-16,237.3361921,18436842.17,14355,91494,0.58330975,4375729915,15010,583740.7895,0.05190892,38.89012588
2020-06-17,240.0654024,18437742.17,14056,58504,0.29358202,4426263994,14112,346825.5317,0.05868503,24.57663915
2020-06-18,235.9921206,18438685.92,17377,71434,0.36273043,4351384593,16727,896258.5428,0.03429828,53.58154736
2020-06-19,233.0820423,18439610.92,14571,60975,0.29262022,4297942173,14992,562910.3023,0.05179263,37.54737875
2020-06-20,232.7169081,18440517.17,13740,64547,0.35657296,4291420141,14211,368238.9499,0.04864724,25.91224754
2020-06-21,229.9022121,18441417.17,13379,61379,0.26502942,4239722603,13818,255062.6979,0.0450915,18.45872759
2020-06-22,241.2440589,18442217.17,13601,56324,0.37435779,4449075326,14032,960530.2215,0.09770733,68.4528379
2020-06-23,240.1943026,18442985.92,13709,83119,0.34543926,4429900143,13705,651239.7987,0.09011994,47.51840924
2020-06-24,232.7581099,18443892.17,12578,65689,0.33449049,4292965481,12419,464717.3501,0.10000015,37.41986875
2020-06-25,232.2640923,18444760.92,11896,56127,0.25650205,4284055653,11958,409496.5151,0.08417168,34.24456556
2020-06-26,230.4074229,18445723.42,12974,61883,0.28482448,4250031598,12767,334090.6095,0.0798744,26.16829399
2020-06-27,216.404251,18446660.92,12876,64105,0.28531583,3991935841,12338,578050.92,0.07796219,46.851266
2020-06-28,222.2083968,18447579.67,10904,45641,0.2552801,4099207104,11952,549860.6898,0.08687053,46.00574714
2020-06-29,225.2759062,18448504.67,12717,62397,0.30119906,4156003608,12545,604176.1428,0.07421424,48.16071285
2020-06-30,222.4183229,18449404.67,15455,94854,0.32967422,4103485646,15067,351052.7766,0.08517237,23.29944757
2020-07-01,223.9375606,18450329.67,13315,67039,0.34000267,4131721820,13247,443649.9511,0.10757773,33.49059795
2020-07-02,219.654622,18451223.42,11990,55913,0.26683003,4052896506,13600,508202.9363,0.11005808,37.36786296
2020-07-03,220.6728029,18452110.92,14281,65444,0.36328878,4071879037,14607,520201.3907,0.09963079,35.61315743
2020-07-04,225.1737818,18453010.92,13124,64833,0.2877367,4155134255,13127,283933.4384,0.09763878,21.62972792
2020-07-05,222.4531603,18453892.17,13271,60572,0.25112429,4105126634,13184,286516.4021,0.08869383,21.73213001
2020-07-06,242.2393824,18454823.42,15287,72263,0.37682148,4470485029,15622,552494.2113,0.08833055,35.36641987
2020-07-07,237.6049392,18455810.92,19091,101977,0.46377169,4385191833,18523,501142.0748,0.07322892,27.05512469
2020-07-08,243.3122952,18456692.17,16471,65377,0.40095907,4490740134,16796,727219.2363,0.12076264,43.29716815
2020-07-09,237.7455426,18457504.67,16408,65500,0.40065347,4388189465,17123,526095.6291,0.09161485,30.7245009
2020-07-10,238.1931258,18458273.42,16630,59873,0.29829225,4396633844,16978,751347.2035,0.05995386,44.25416441
2020-07-11,236.6632251,18459154.67,14372,65775,0.27075758,4368603078,14186,393890.7763,0.07212504,27.76616215
2020-07-12,236.9364842,18460060.92,13313,62932,0.26939923,4373861934,12776,412708.9986,0.08382953,32.3034595
2020-07-13,231.6948218,18460992.17,16380,68541,0.37277465,4277316292,15976,1180740.327,0.07832196,73.90713112
2020-07-14,230.5575486,18461929.67,17047,88361,0.39612519,4256537249,17389,875385.4972,0.05534957,50.34133631
2020-07-15,227.4057687,18462823.42,14684,61461,0.32458192,4198552554,15482,573123.9323,0.09129613,37.01872705
2020-07-16,224.1044264,18463729.67,14303,61881,0.32700237,4137803547,14520,492444.9082,0.10192508,33.91493858
2020-07-17,222.7624151,18464660.92,13765,62928,0.33530701,4113232462,13159,401919.44,0.08881923,30.5433118
2020-07-18,224.5668443,18465579.67,14633,58513,0.32339936,4146756956,15126,351889.0363,0.09069615,23.26385272
2020-07-19,228.2994122,18466498.42,16675,57449,0.3399633,4215890736,15652,492352.7759,0.06637979,31.4562213
2020-07-20,222.8399794,18467410.92,16473,96195,0.37581757,4115277471,17117,419498.148,0.0901245,24.50769106
2020-07-21,229.8482083,18468310.92,18163,71842,0.35877469,4244908177,19457,568946.6633,0.04437447,29.24123263
2020-07-22,239.5005777,18469235.92,17272,68531,0.36920819,4423392674,17754,766069.2712,0.04410815,43.14910843
2020-07-23,238.4327412,18470054.67,17522,70469,0.41448697,4403865766,17389,770515.1597,0.07488963,44.31049282
2020-07-24,235.5612001,18470979.67,18058,71050,0.39147416,4351046139,18572,1226017.276,0.06398048,66.01428366
2020-07-25,250.6143457,18471885.92,18990,71249,0.43618987,4629319605,18513,1816508.324,0.04933051,98.12068948
2020-07-26,247.7328733,18472798.42,19157,71787,0.37243194,4576319432,19228,1343703.334,0.06988187,69.88263644
2020-07-27,269.5954352,18473667.17,21918,106083,0.57072778,4980416341,19875,928704.2786,0.07260145,46.7272593
2020-07-28,290.9153497,18474623.42,21529,89277,0.55129163,5374551535,23126,1205191.968,0.08417522,52.11415582
2020-07-29,288.2703057,18475467.17,16780,66979,0.40134533,5325928570,18357,1045104.688,0.06641556,56.93221594
2020-07-30,293.1792792,18476173.42,17298,72732,0.43175007,5416831208,16987,1575776.92,0.06502105,92.76369694
2020-07-31,300.8008042,18477148.42,17941,93368,0.45440625,5557941106,18348,1198314.569,0.10783336,65.31036457
2020-08-01,320.0102778,18478029.67,18765,95297,0.441114,5913159409,19109,957319.4434,0.11644569,50.09783051
2020-08-02,284.2567845,18478929.67,19654,80570,0.55387721,5252761131,18265,1358499.348,0.14841597,74.37718851
2020-08-03,296.0738368,18479854.67,17433,78809,0.45164686,5471401476,17687,1097512.295,0.10189509,62.05191919
2020-08-04,288.7410963,18480767.17,18240,100978,0.4477064,5336156974,18727,1371831.463,0.07389799,73.2542032
2020-08-05,293.4040915,18481642.17,18271,80641,0.44437462,5422589431,18218,810138.2103,0.08684572,44.46910804
2020-08-06,309.2560773,18482585.92,16750,69918,0.51952362,5715852021,17719,1068187.842,0.1716085,60.284883
2020-08-07,302.6997503,18483417.17,16925,64685,0.4938465,5594925763,17186,1130755.145,0.23568716,65.79513237
2020-08-08,302.949563,18484329.67,14829,62202,0.42040436,5599819597,15150,611888.7981,0.13027726,40.38869954
2020-08-09,299.1780496,18485223.42,16422,63818,0.37367914,5530373091,16117,1194262.66,0.11709721,74.09956319
2020-08-10,302.1290073,18486148.42,18005,78702,0.44523306,5585201672,17834,776571.0274,0.10615181,43.54441108
2020-08-11,282.2166996,18487004.67,17508,104873,0.46821432,5217341445,18340,946853.2827,0.1396838,51.62776895
2020-08-12,285.1337685,18487929.67,15977,88901,0.73888183,5271533060,16036,1603319.328,0.11729137,99.98249739
2020-08-13,295.131174,18488829.67,17515,93162,0.52972844,5456630007,17578,1323879.839,0.07914724,75.31458862
2020-08-14,293.8483305,18489767.17,18304,89906,0.52332135,5433187215,17836,802584.5012,0.06723119,44.99800971
2020-08-15,302.7786111,18490717.17,15898,94430,0.44715257,5598593665,16688,823752.5498,0.08868204,49.36196966
2020-08-16,307.6433109,18491604.67,14805,81513,0.4071774,5688818485,15038,888635.2752,0.0997216,59.09265029
2020-08-17,319.6074446,18492523.42,18043,72433,0.54380571,5910348156,17733,984011.8605,0.15844074,55.49043368
2020-08-18,304.915218,18493442.17,18592,113322,0.51906601,5638931952,18459,954269.3476,0.1000475,51.69669795
2020-08-19,292.0742484,18494373.42,18195,86020,0.44932009,5401730218,18139,773662.6147,0.07966135,42.651889
2020-08-20,294.1840883,18495229.67,16397,80188,0.42443152,5441002280,17539,656735.3796,0.08452805,37.4442887
2020-08-21,283.2168306,18496117.17,16421,82227,0.41994168,5238411684,16472,758846.8078,0.14124988,46.06889313
2020-08-22,287.3445138,18497073.42,15284,86193,0.36773813,5315032569,15135,728878.4689,0.08611075,48.15847168
2020-08-23,285.029074,18497942.17,14445,75830,0.36405343,5272451328,14620,498586.1338,0.06978031,34.10301873
2020-08-24,291.6038906,18498829.67,14750,77523,0.36710262,5394330705,15050,654568.2607,0.07739893,43.49290768
2020-08-25,276.4691019,18499635.92,17257,93797,0.41984293,5114577729,17654,877500.4316,0.06394386,49.70547363
2020-08-26,275.1655721,18500504.67,20789,70853,0.3730901,5090701953,19519,733236.4126,0.05999,37.56526525
2020-08-27,264.3476235,18501410.92,16815,78442,0.40715938,4890804009,17660,938012.2723,0.05551326,53.1150777
2020-08-28,268.4593671,18502354.67,18495,80962,0.38026009,4967130425,18165,896704.949,0.05186005,49.36443429
2020-08-29,268.5750933,18503304.67,17089,74621,0.3784059,4969526780,17683,757605.3689,0.05913246,42.84371254
2020-08-30,278.4249111,18504217.17,15103,66887,0.38774368,5152035022,15084,441647.9192,0.06077633,29.27923091
2020-08-31,274.5922601,18505079.67,14885,65808,0.38471288,5081351650,15456,816208.776,0.08017522,52.80853881
2020-09-01,292.7017585,18505979.67,19914,102779,0.56309992,5416732793,20043,1092209.02,0.162777,54.49329043
2020-09-02,264.2572995,18506885.92,21751,75600,0.5889072,4890579697,21758,1134562.576,0.0826149,52.14461697
2020-09-03,220.2328871,18507729.67,20866,71766,0.54110235,4076010739,19916,2044731.415,0.08669454,102.6677754
2020-09-04,230.3865586,18508648.42,20481,75528,0.54004741,4264143814,21342,2111597.705,0.10793568,98.94094767
2020-09-05,223.8664712,18509585.92,14614,71613,0.44226117,4143675684,15387,559301.136,0.15919913,36.34893975
2020-09-06,227.5926252,18510498.42,15756,79605,0.59748809,4212852929,15240,344090.9641,0.09724061,22.57814724
2020-09-07,228.2952057,18511367.17,15714,67953,0.44016878,4226056377,16429,584702.4015,0.0951295,35.58965253
2020-09-08,222.1067573,18512273.42,16723,98201,0.40454559,4111701021,17159,626034.4724,0.05604225,36.48432148
2020-09-09,224.1196619,18513054.67,16473,67671,0.3406367,4149139555,16486,361904.8583,0.07971426,21.95225393
2020-09-10,227.0186564,18513979.67,18786,80424,0.39385144,4203018791,19069,527152.9699,0.05099503,27.64449996
2020-09-11,225.2749866,18514885.92,18862,67335,0.35011014,4170940679,19133,544704.9672,0.05317511,28.4693967
2020-09-12,229.4098421,18515810.92,17729,63826,0.3622997,4247709261,17446,349839.4898,0.04520696,20.0527049
2020-09-13,221.8451797,18516698.42,16142,63556,0.37849358,4107840290,16928,409147.0901,0.06141376,24.16984227
2020-09-14,225.297619,18517567.17,18061,71204,0.4097835,4171963795,18105,536020.468,0.05379473,29.60621198
2020-09-15,234.7605436,18518523.42,18893,93990,0.48024893,4347418626,18390,676863.2379,0.05995296,36.80604882
2020-09-16,231.5226619,18519392.17,15234,60320,0.5788961,4287658973,15444,657269.0728,0.0614615,42.55821502
2020-09-17,233.9367735,18520267.17,16803,48339,0.31651182,4332571547,16700,603549.875,0.0648,36.14071107
2020-09-18,233.1031806,18521192.17,17326,49852,1.1630259,4317348805,17829,761007.1341,0.06512646,42.68366897
2020-09-19,233.2918138,18522148.42,14686,45014,0.25661821,4321065602,15201,372918.1757,0.05521391,24.53247652
2020-09-20,226.0104054,18523060.92,18436,48564,0.28084444,4186404509,17923,351690.5454,0.04369431,19.62230348
2020-09-21,213.1611459,18523954.67,17218,48486,0.31680942,3948587406,17849,550106.4267,0.05497285,30.82001382
2020-09-22,218.1336125,18524860.92,18669,78013,0.36466677,4040894834,18542,617390.2404,0.03694828,33.29685257
2020-09-23,207.4518182,18525767.17,18184,48405,0.35893327,3843204083,18879,602663.844,0.04600172,31.92244525
2020-09-24,216.2256071,18526610.92,18119,61283,0.4330602,4005927694,18090,505665.4674,0.06693806,27.95276215
2020-09-25,216.3810012,18527479.67,18868,57735,0.34088897,4008994601,18836,709640.2397,0.06332134,37.67467825
2020-09-26,221.7036785,18528417.17,16128,58190,0.33112672,4107818244,16150,508400.4607,0.08292675,31.47990468
2020-09-27,228.0726741,18529417.17,17951,43120,0.28563748,4226053725,17483,610099.5858,0.12700464,34.89673315
2020-09-28,226.0634549,18530298.42,22553,43569,0.39302337,4189023282,23536,557696.2692,0.2683105,23.69545671
2020-09-29,228.9700607,18531142.17,22400,77312,0.38851985,4243076748,22539,510309.9462,0.24292687,22.64119731
2020-09-30,227.7085217,18532048.42,21950,48342,0.37514783,4219905351,21931,536065.0348,0.28606393,24.44325542
2020-10-01,226.0741437,18532967.17,22861,45129,0.42169806,4189824685,22394,613264.8413,0.15852184,27.38523003
2020-10-02,219.716541,18533835.92,18647,40852,0.33196348,4072190320,19730,572527.113,0.19979488,29.0181
2020-10-03,218.8888491,18534729.67,17694,42881,0.26050999,4057045647,17662,313727.8313,0.15398554,17.7628712
2020-10-04,221.0004039,18535567.17,15613,37411,0.26955345,4096367832,16110,429060.7836,0.3354411,26.63319575
2020-10-05,221.3457253,18536448.42,18846,44201,0.37740313,4102963620,17516,489581.1449,0.22553475,27.95051067
2020-10-06,219.4541852,18537385.92,21866,75474,0.54341345,4068106923,23109,493035.5342,0.09626636,21.33521719
2020-10-07,222.9602539,18538317.17,20126,46514,0.43331936,4133307904,19794,709767.391,0.20001382,35.8577039
2020-10-08,233.3273304,18539210.92,19608,46240,0.42488995,4325704593,20035,720260.7315,0.24565512,35.95012386
2020-10-09,237.4855474,18540117.17,21890,45083,0.37815162,4403009875,21292,612570.2385,0.24125379,28.76997175
2020-10-10,237.1894037,18541048.42,18226,42262,0.39219861,4397740220,19030,701800.0493,0.24912284,36.8786153
2020-10-11,239.3108122,18541948.42,21426,36226,0.44248909,4437288738,22018,432089.3748,0.12290814,19.62436982
2020-10-12,239.9548025,18542810.92,18532,39145,0.42275831,4449436534,18532,724663.292,0.22977569,39.10335053
2020-10-13,253.6770832,18543710.92,22055,78049,0.5473885,4704114500,22276,591020.3191,0.30394744,26.53170762
2020-10-14,258.0524228,18544604.67,22668,58941,0.48555006,4785480167,22130,966838.2731,0.21499658,43.68903177
2020-10-15,261.5785783,18545479.67,21994,53588,0.42275262,4851100206,22620,924604.5717,0.19899211,40.87553367
2020-10-16,250.2809029,18546354.67,20521,52535,0.54170318,4641798393,20644,1576464.975,0.13033693,76.36431769
2020-10-17,244.5837007,18547367.17,18785,44816,0.33817678,4536383703,18605,577719.2415,0.15151982,31.051827
2020-10-18,249.076762,18548417.17,15566,43643,0.30073724,4619979690,16105,541612.8073,0.18284999,33.6301029
2020-10-19,249.6720437,18549060.92,18124,49345,0.37533995,4631181950,17252,716264.3992,0.15560777,41.51776021
2020-10-20,241.2144322,18549917.17,21795,78726,6.14775915,4474507738,22223,817662.005,0.1333927,36.79350245
2020-10-21,258.8744116,18550804.67,21089,53856,4.25573852,4802328645,21173,1290517.051,0.14801279,60.95107218
2020-10-22,268.5873719,18551754.67,23758,56180,2.13651284,4982767033,22515,1105291.519,0.19739901,49.09133994
2020-10-23,270.5947427,18552648.42,18603,53346,1.74593751,5020249126,20986,897962.1971,0.17738312,42.78863037
2020-10-24,275.1531756,18553554.67,18987,56723,1.0875275,5105069488,18741,539834.1284,0.14345672,28.8049799
2020-10-25,271.4609598,18554479.67,18837,60444,0.63811568,5036816860,19077,586735.1697,0.35176616,30.75615503
2020-10-26,259.8614046,18555304.67,18651,55219,1.59295416,4821807535,18262,934225.4627,0.21521059,51.15679896
2020-10-27,264.829586,18556198.42,19363,77904,1.15462751,4914230346,19913,1880203.352,0.1939948,94.42089851
2020-10-28,268.785793,18557098.42,20460,55240,1.22180162,4987884415,21055,1131903.752,0.31809095,53.75938027
2020-10-29,267.4675583,18557798.42,21589,48298,0.83197489,4963609031,21432,944585.785,0.15475049,44.07361818
2020-10-30,262.3299187,18558723.42,25313,51033,0.46641364,4868508408,24030,1033025.007,0.1497871,42.98897241
2020-10-31,262.335282,18559623.42,21029,49474,0.35377566,4868844045,22854,714604.8711,0.11999774,31.26826249
2020-11-01,267.885573,18560573.42,20978,52657,0.46325,4972109847,20765,404317.53,0.23815838,19.47110667
2020-11-02,257.9469476,18561504.67,17216,55603,1.46423021,4787883473,17833,1860612.372,0.30127333,104.3353542
2020-11-03,244.3923637,18562267.17,19278,80870,0.85100913,4536476351,19573,1317573.358,0.20789281,67.31586153
2020-11-04,240.577884,18563185.92,20259,57403,0.88666739,4465891991,19575,976892.4554,0.19779883,49.90510627
2020-11-05,250.4299901,18564110.92,21070,50920,0.61910852,4649010115,20840,1059122.574,0.24394601,50.82162063
2020-11-06,258.5367388,18564923.42,21405,52220,0.85831223,4799714757,21603,1254872.692,0.21556212,58.0878902
2020-11-07,254.1953089,18565848.42,24471,59956,0.48195071,4719351576,24527,1899417.33,0.14609527,77.44189384
2020-11-08,272.0365263,18566767.17,18960,67397,0.56651842,5050838846,19091,727560.4067,0.22830476,38.11012554
2020-11-09,263.9917029,18567642.17,19834,54584,1.01898405,4901703477,20838,2530511.119,0.29466849,121.4373317
2020-11-10,257.6408588,18568548.42,23042,97355,0.95479232,4784016763,21511,4371546.921,0.25554497,203.2237888
2020-11-11,257.0299334,18569473.42,21230,59239,0.78143188,4772910518,22702,4891262.079,0.29311923,215.4551176
2020-11-12,259.6759787,18570392.17,22398,54898,0.70117081,4822284763,22965,5245400.856,0.14541148,228.4084849
2020-11-13,259.923522,18571248.42,22582,57464,0.4826815,4827104299,22554,6718588.517,0.20112649,297.8890005
2020-11-14,255.509548,18572073.42,20606,50449,0.67245643,4745342086,20945,4381639.609,0.10719622,209.1974031
2020-11-15,244.9753763,18572973.42,11866,34399,0.2204028,4549921154,11826,1822941.014,0.081789,154.1468809
2020-11-16,250.0055067,18573910.92,13595,39967,0.34756637,4643580012,13963,2549151.121,0.0449996,182.5647154
2020-11-17,255.8008234,18574742.17,15208,57828,1.45974914,4751434343,15081,7051427.329,0.08872154,467.5702757
2020-11-18,246.3722871,18575523.42,18716,87123,0.31304099,4576494190,18892,6040364.89,0.12258892,319.7313619
2020-11-19,246.0559092,18576529.67,19136,59445,0.5064517,4570864898,19107,5736709.566,0.16204058,300.2412501
2020-11-20,259.4212176,18577517.17,21626,58634,0.27667321,4819402125,22200,6711013.144,0.09412123,302.2978894
2020-11-21,303.6906272,18578842.17,20115,58592,0.6940566,5642220233,19894,14077885.05,0.2995887,707.64477
2020-11-22,290.2725808,18579723.42,22913,51924,0.2604411,5393184269,22347,6924004.348,0.18302483,309.8404416
2020-11-23,321.896614,18580885.92,20744,52704,0.36240448,5981124264,21342,8900542.949,0.15002853,417.0435268
2020-11-24,348.1469823,18581748.42,36166,106630,0.71445573,6469179640,36346,8365948.161,0.00695691,230.1752094
2020-11-25,312.9626126,18582585.92,23599,57837,0.96281071,5815654640,23954,11349388.37,0.089017,473.7992974
2020-11-26,270.1254569,18583185.92,17644,48461,0.4854743,5019791589,18025,7759302.698,0.43229496,430.4744909
2020-11-27,264.9470004,18584085.92,17668,44253,0.3309893,4923797821,17940,11065286.66,0.28082216,616.7941281
2020-11-28,277.6377853,18585073.42,16954,40698,0.93213608,5159918624,16351,15504056.26,0.26924375,948.2023276
2020-11-29,285.5169226,18586223.42,18016,39391,0.27965263,5306681315,18429,9782970.306,0.12399222,530.8465085
2020-11-30,318.1186009,18587085.92,20492,54718,0.56490189,5912897769,19928,9099594.296,0.22710586,456.6235596
2020-12-01,287.7066287,18587717.17,19558,81085,0.45157852,5347809443,20487,12082441.6,0.16072138,589.7613902
2020-12-02,294.4148047,18588629.67,20890,55035,0.35985997,5472767775,21471,9352796.352,0.19704658,435.6013391
2020-12-03,292.2080634,18589492.17,38477,45278,0.55552991,5431999508,38500,9437228.348,0.02590913,245.1228142
2020-12-04,281.5563692,18590454.67,41283,61680,0.64257115,5234260921,41779,8592544.84,0.01771544,205.666599
2020-12-05,286.0355295,18591454.67,15825,40359,0.24482347,5317816582,15828,8473503.114,0.12911663,535.3489458
2020-12-06,286.5597035,18592367.17,15854,38783,0.34673626,5327823224,15293,10232912.7,0.19038985,669.1239587
2020-12-07,284.2526044,18593229.67,17123,47877,0.99487277,5285173960,17465,10851830.79,0.13063047,621.347311
2020-12-08,267.0110639,18594054.67,21562,84984,0.60365647,4964818320,21613,11679757.47,0.10998864,540.4042694
2020-12-09,269.2796994,18594942.17,16545,41830,0.33939999,5007240439,16962,9698655.391,0.15756351,571.7872534
2020-12-10,266.2669663,18595854.67,17333,38890,0.3308073,4951461809,17615,7775711.817,0.16270711,441.4255928
2020-12-11,259.4009502,18596704.67,19315,47708,0.68436505,4824002863,18582,11164874.25,0.19618945,600.8435181
2020-12-12,267.9271715,18597654.67,17855,42217,0.28734351,4982817013,18634,10411562.79,0.18001869,558.7400877
2020-12-13,275.3477857,18598642.17,18404,39964,0.58433331,5121094940,18017,11069149.9,0.16776468,614.3725316
2020-12-14,276.7002132,18599398.42,16054,41627,0.30495763,5146457509,16677,11299273.85,0.26653678,677.5363587
2020-12-15,288.3443674,18600360.92,18878,73383,0.43014424,5363309305,17888,12221306.95,0.18980296,683.2125981
2020-12-16,310.6961671,18601192.17,18931,44622,0.44395423,5779319111,20431,15000990.41,0.19310887,734.2269303
2020-12-17,310.5686641,18601917.17,21842,57346,1.19227752,5777172566,21817,16803178.26,0.27245191,770.1873889
2020-12-18,312.0374324,18602685.92,19436,51258,0.40558982,5804734351,19750,11312951.67,0.17517982,572.8076795
2020-12-19,318.4483484,18603654.67,20280,48013,0.55476307,5924303105,19729,8618913.802,0.3115502,436.8652138
2020-12-20,347.6080467,18604867.17,19819,50638,0.51513856,6467201537,20623,10710498.39,0.40944969,519.3472525
2020-12-21,316.0157571,18605685.92,21715,46892,0.76693249,5879689924,21678,9977040.758,0.20989477,460.2380643
2020-12-22,321.1153835,18606554.67,20729,70777,0.67012595,5974850940,20903,11517098.98,0.37268575,550.9782799
2020-12-23,277.2049456,18607304.67,22550,47044,0.72870235,5158036880,21759,12808490.25,0.24548384,588.6525232
2020-12-24,296.4481082,18607954.67,21067,42868,0.4624912,5516292960,21332,10798460.17,0.17093346,506.2094586
2020-12-25,319.0555097,18609004.67,28422,39859,0.42607669,5937305472,29247,11123985.99,0.08051949,380.3462232
2020-12-26,323.2175949,18609885.92,36168,46883,0.49269572,6015042571,35252,10767377.35,0.06872574,305.4401837
2020-12-27,341.5514687,18610754.67,42136,49395,0.84211684,6356530593,43753,10615461.13,0.4549152,242.6224746
2020-12-28,361.8615057,18611754.67,58201,73096,0.99689913,6734877570,57065,14118243.34,0.27577389,247.4063497
2020-12-29,350.986137,18612523.42,61534,91882,0.94245466,6532737697,62183,13052973.68,0.02107744,209.9122538
2020-12-30,357.3804563,18613410.92,77961,68943,0.89188356,6652069290,76678,12030183.13,0.01130738,156.8922394
2020-12-31,343.4685722,18614204.67,78668,54907,0.82631423,6393394303,79395,11462792.8,0.08236563,144.3767592
2021-01-01,341.435139,18615098.42,79469,60901,0.86154767,6355848718,78646,9973624.65,0.04995792,126.8166804
2021-01-02,353.8416773,18615892.17,95800,69916,0.71148978,6587078511,95126,14069419.6,0.0756126,147.9029876
2021-01-03,424.0673491,18617035.92,107189,78396,1.09232217,7894877072,107104,15903413.85,0.04177461,148.4857134
2021-01-04,402.6387653,18618035.92,111865,73051,3.79323807,7496342997,112181,14963633.05,0.06328091,133.3883015
2021-01-05,419.0182964,18618754.67,100391,90688,0.97569256,7801598865,100779,13858833.38,0.03258672,137.5170757
2021-01-06,453.5552293,18619579.67,107246,79740,0.92501113,8445007729,106429,14101292.55,0.05855661,132.4948327
2021-01-07,447.2993281,18620385.17,103252,76342,0.91828542,8328885777,101717,16140652.75,0.01578376,158.6819583
2021-01-08,437.6797817,18621008.67,94212,103561,0.95464434,8150039011,94689,16879577.8,0.06354716,178.2633442
2021-01-09,569.7380859,18622871.17,122277,95780,1.09283601,1.061015898e+10,126012,12861684.66,0.0727636,102.0671417
2021-01-10,601.4600373,18624127.42,129132,107033,1.30290146,1.120166838e+10,128851,18159420.63,0.04314871,140.9334862
2021-01-11,476.8868053,18624708.67,113190,93401,1.26923206,8881877820,106031,17804282.78,0.03322444,167.9158244
2021-01-12,448.9256631,18625302.42,114452,97867,0.97093282,8361376242,121123,14164691.21,0.01621227,116.944686
2021-01-13,495.8268624,18626283.67,118687,67266,0.81089102,9235411793,118178,12401893.79,0.02346378,104.9424917
2021-01-14,525.2301507,18627177.42,126885,74868,0.96075378,9783555207,124027,16753165.97,0.03066361,135.0767653
2021-01-15,489.3945053,18628052.42,113997,74236,0.86847147,9116466501,119311,16200340.65,0.02267996,135.7824563
2021-01-16,491.1221434,18629127.42,144292,69725,0.85792127,9149176991,140141,12578755.14,0.0198271,89.757852
2021-01-17,482.4288868,18630052.42,149116,64761,0.82216319,8987675453,152222,13849103.32,0.01810609,90.97964368
2021-01-18,508.1924192,18630964.92,145743,74210,0.96176198,9468115137,147513,12520337.34,0.01398125,84.87616237
2021-01-19,514.6230378,18631889.92,145092,108073,1.04543755,9588399792,143612,14806482.58,0.02311364,103.1005945
2021-01-20,497.5612582,18632752.42,184901,91270,1.08063568,9270935740,173143,13364261.55,0.02689635,77.18626541
2021-01-21,422.5239564,18633539.92,176353,83887,1.06536682,7873117011,180619,18202685.72,0.01459501,100.7794624
2021-01-22,441.798753,18634433.67,169373,80999,0.98708617,8232669560,177913,16462613.14,0.01139199,92.53181689
2021-01-23,431.2630624,18635502.42,181594,80495,0.98233979,8036803845,181656,11771153.58,0.0145406,64.7991455
2021-01-24,438.6671988,18636421.17,178688,78268,1.02334155,8175186672,177541,11335128.57,0.01342151,63.84513191
2021-01-25,434.5595382,18637183.67,199848,90815,1.08300224,8098965931,197544,16239890.37,0.01260801,82.20897812
2021-01-26,428.5570407,18638121.17,225340,106816,1.12258887,7987498054,208331,13001282,0.09042075,62.40685255
2021-01-27,377.6009532,18638839.92,225114,77392,1.12986162,7038043723,234567,15218023.68,0.0712557,64.87708703
2021-01-28,408.8098173,18639671.17,245207,80529,1.22841982,7620080568,245975,11202580.99,0.03555606,45.54357553
2021-01-29,407.6316056,18640339.92,250968,84621,1.27928557,7598391692,258198,14248563.07,0.01360831,55.18463764
2021-01-30,413.8179979,18641327.42,255881,85302,1.24533984,7714116793,253501,14001288.35,0.00094408,55.23168884
2021-01-31,401.0271532,18642321.17,250640,76257,1.28082829,7476076989,251254,12051445.27,0.02683156,47.96518769
2021-02-01,414.7396395,18643127.42,252180,84926,1.45613849,7732043947,249101,11982426.03,0.02486784,48.10268135
2021-02-02,430.9443727,18644027.42,264017,105956,1.36587203,8034538704,273389,11119122.35,0.01705486,40.67143283
2021-02-03,446.7852727,18644896.17,223139,92451,1.77688944,8330265022,221245,12758387.06,0.07903531,57.66632947
2021-02-04,423.9717295,18645689.92,293136,94462,1.76976731,7905245404,288203,13841181.36,0.06470032,48.02580598
2021-02-05,447.3502257,18646721.17,281706,101118,1.39557095,8341614925,275380,12961343.48,0.04450678,47.06711989
2021-02-06,457.9768424,18647727.42,260148,103986,1.40975633,8540227324,270704,12968273.54,0.02516614,47.90573296
2021-02-07,446.5943486,18648639.92,263262,97845,1.32351128,8328377200,266476,12266598.25,0.0122142,46.03265677
2021-02-08,483.9287785,18649239.92,316625,103684,1.53047941,9024903897,307632,12841435.35,0.04173819,41.74284649
2021-02-09,512.0825381,18650039.92,326706,135631,1.79294135,9550359780,328821,14251531.61,0.02145279,43.34130607
2021-02-10,497.4769868,18650964.92,322496,102990,1.54917224,9278425832,327074,12372155.94,0.08219864,37.82677906
2021-02-11,529.2577439,18651808.67,330287,95752,1.60652846,9871614179,324804,12703934.69,0.1708997,39.11261773
2021-02-12,574.011294,18652952.42,357535,104258,1.67165956,1.070700536e+10,364644,11468938.01,0.15088335,31.45242486
2021-02-13,655.7445676,18654421.17,337111,123995,1.88714749,1.223253535e+10,338690,13381806.73,0.13097915,39.51048665
2021-02-14,728.222728,18655533.67,335096,125023,2.04284396,1.358538362e+10,322576,12854747.44,0.11379329,39.85029089
2021-02-15,715.3868739,18656427.42,315471,111000,1.68616427,1.334656329e+10,316074,13091743.33,0.09779419,41.4198679
2021-02-16,706.7665772,18657139.92,324509,124797,1.64940779,1.318624292e+10,334571,15933431.45,0.08256798,47.62346841
2021-02-17,717.1190505,18657902.42,356084,117971,1.76416824,1.337993727e+10,344074,16049187.98,0.06693089,46.6445822
2021-02-18,703.2295045,18658746.17,340347,101015,1.61010282,1.312138083e+10,347845,14791962.18,0.05115826,42.52457899
2021-02-19,721.8309327,18659564.92,356204,109602,1.78518032,1.346905115e+10,348968,11661323.74,0.03513026,33.41659906
2021-02-20,676.4726009,18660383.67,344039,139827,1.83326447,1.262323828e+10,332024,14600405.32,0.01932817,43.97394562
2021-02-21,707.7347832,18661302.42,334461,108057,1.63901975,1.320725283e+10,344461,14279668.53,0.01262533,41.45510967
2021-02-22,625.0613932,18662033.67,323535,96372,1.60465357,1.166491677e+10,325605,14100884.45,0.13166314,43.30671965
2021-02-23,511.9509898,18662508.67,321896,113785,1.84956288,9554289788,329208,14751221.27,0.11533007,44.80821023
2021-02-24,525.6373728,18663533.67,342501,99708,1.5958025,9810250808,347481,15847763.72,0.09473468,45.60756911
2021-02-25,504.6690963,18664464.92,349860,96626,1.97355632,9419378647,343103,14393201.81,0.07378005,41.95009022
2021-02-26,484.3065153,18665421.17,312403,103125,1.47205768,9039785085,320338,13788848.49,0.05335117,43.04468556
2021-02-27,482.0376222,18666396.17,328539,85273,1.48868154,8997905227,323288,10817734.7,0.03185156,33.46160295
2021-02-28,462.3283951,18667227.42,326040,74553,1.45098008,8630389296,332864,12798259.66,0.01724487,38.44891504
2021-03-01,499.7968215,18667989.92,364428,88930,1.96118759,9330202028,356701,13650710.9,0.2004726,38.26933735
2021-03-02,515.9700513,18669027.42,333425,107535,1.88606607,9632659038,329153,11855191.27,0.18232961,36.01726635
2021-03-03,525.6134804,18669839.92,353891,82665,1.65787104,9813119542,349846,13112316.3,0.1624283,37.48025218
2021-03-04,506.4182696,18670783.67,335178,77888,1.53464593,9455225960,346123,12749366.7,0.14172384,36.83478618
2021-03-05,498.4312787,18671708.67,355042,88629,1.61342919,9306563631,355747,12083550.72,0.12001692,33.96669744
2021-03-06,501.4579489,18672627.42,355554,77064,1.74846109,9363537448,355369,10058084.69,0.0975825,28.30321353
2021-03-07,515.9057777,18673533.67,353984,86966,1.7050189,9633783913,348414,12487406.06,0.07594027,35.84071265
2021-03-08,527.6034291,18674696.17,347475,87457,1.95427379,9852833739,357513,11094077.86,0.05517885,31.03125722
2021-03-09,543.8825245,18675383.67,363535,113298,1.79151634,1.015721482e+10,360022,12370324.57,0.03436884,34.35991291
2021-03-10,549.6842228,18676052.42,363825,94301,1.88251075,1.026593136e+10,360685,12864196.31,0.01478323,35.66601414
2021-03-11,550.1929057,18676814.92,358174,84999,1.73015586,1.027585107e+10,358083,12349463.36,0.16953608,34.48771194
2021-03-12,537.2611898,18677746.17,354202,80310,1.86290839,1.003482813e+10,357350,12072716.5,0.15346115,33.78401148
2021-03-13,597.0715563,18678771.17,361152,94780,2.21207963,1.115256298e+10,362292,10373521.97,0.13452131,28.63304176
2021-03-14,564.8050382,18679827.42,352139,75199,1.74707085,1.055046064e+10,352089,10478468.35,0.11614495,29.76085122
2021-03-15,527.235193,18680402.42,329253,78767,1.69134458,9848965578,327587,13347423.71,0.09765778,40.74466846
2021-03-16,526.4766041,18681314.92,329708,103297,2.11086169,9835275242,318835,14642612.78,0.07958828,45.92536197
2021-03-17,539.7537985,18682146.17,356123,83377,1.80133982,1.008375936e+10,366173,13027830.43,0.06139844,35.57834801
2021-03-18,528.8571151,18683033.67,363594,105848,1.9782679,9880655291,358170,11787672.37,0.04155076,32.91083108
2021-03-19,533.3709564,18684033.67,348519,90203,2.04397041,9965520910,355897,10240499.37,0.0222443,28.77377266
2021-03-20,538.1306992,18685046.17,271138,87717,1.6946794,1.005499696e+10,277363,10730282.61,0.00870462,38.68678451
2021-03-21,524.2093082,18685964.92,434039,87145,2.03072288,9795356745,425003,10682731.19,0.18394184,25.13566066
2021-03-22,511.1297043,18686839.92,346306,83956,2.18225532,9551398966,345045,13638981.55,0.16391528,39.52812401
2021-03-23,512.3209489,18687796.17,361981,103410,2.11279303,9574149468,360535,14062592.46,0.14432465,39.00479138
2021-03-24,476.0345214,18688608.67,354571,82552,2.16219972,8896422885,354230,13352198.09,0.12472029,37.69358352
2021-03-25,473.9156794,18689514.92,374480,77540,2.22136424,8857254164,375170,15005283.85,0.10422544,39.99595875
2021-03-26,505.7833496,18690408.67,383698,84471,2.17246712,9453297504,383078,13714508.65,0.08189064,35.80082553
2021-03-27,501.289778,18691314.92,365607,80466,2.05924641,9369765108,372771,11085648.7,0.06084091,29.73849549
2021-03-28,496.1103216,18692221.17,371197,84085,2.48689451,9273403858,361901,11497604.68,0.03961505,31.77002737
2021-03-29,517.0834823,18692996.17,371735,89793,2.3221219,9665839556,367559,10985066.04,0.02308471,29.88653804
2021-03-30,524.6233214,18693871.17,364804,112055,2.48444148,9807240785,375866,12695175.11,0.06257175,33.7758007
2021-03-31,541.5375723,18694889.92,379947,91653,2.52029179,1.01239853e+10,388705,15071458.26,0.05178706,38.77351271
2021-04-01,556.1417632,18695814.92,377877,95448,2.53249507,1.039752348e+10,370770,14244192.01,0.03573573,38.41786555
2021-04-02,581.3036393,18696946.17,358722,90189,2.04262253,1.086860285e+10,363538,12291722.74,0.17028895,33.81138351
2021-04-03,535.4570993,18697871.17,351647,88039,2.03419631,1.001190786e+10,351491,13984808.66,0.16151701,39.78710312
2021-04-04,559.4204913,18698796.17,331964,95458,1.74444197,1.046048974e+10,330738,12710999.73,0.1529856,38.43223255
2021-04-05,638.4614642,18699896.17,302558,90384,2.80545696,1.193916309e+10,301602,12223717.74,0.14123321,40.52929933
2021-04-06,662.7143821,18700896.17,301763,125369,3.1803592,1.239335285e+10,305156,16509606.54,0.12519671,54.10218556
2021-04-07,624.040147,18701877.42,338847,107002,3.31521491,1.167072234e+10,328608,12636399.7,0.10849963,38.45432763
2021-04-08,641.0551695,18702646.17,371853,91508,2.57894966,1.198942801e+10,366446,11395114.06,0.0913619,31.0962981
2021-04-09,631.2075284,18703539.92,357723,95187,2.43474804,1.180581521e+10,374761,12363703.08,0.07423073,32.99090107
2021-04-10,669.0839601,18704646.17,370991,106777,2.91756889,1.251497873e+10,362657,13824465.17,0.0572656,38.11994575
2021-04-11,687.9205251,18705558.67,348888,102112,2.65957571,1.286793774e+10,348820,13603835.13,0.04193853,38.99958469
2021-04-12,672.8186785,18706358.52,353888,95509,2.75927607,1.258598742e+10,362269,16071439.66,0.02526807,44.36327606
2021-04-13,746.1430419,18707214.77,367409,128866,3.04771628,1.395825813e+10,366839,14456123.95,0.00941943,39.40727117
2021-04-14,819.9817797,18708394.58,351405,116399,3.29917648,1.534054268e+10,339769,14816223.42,0.11630205,43.60675464
2021-04-15,866.0433254,18709418.58,292051,99601,1.97597151,1.620316709e+10,306848,15243947.66,0.10379862,49.67914946
2021-04-16,1123.06129,18710746.08,336721,151152,3.77604943,2.101331463e+10,321886,15713463.91,0.09169037,48.81686035
2021-04-17,1008.861839,18711527.33,291639,120406,3.083839,1.887734587e+10,284339,14328810.47,0.08102765,50.39340528
2021-04-18,967.8621965,18712402.33,295729,98761,2.75205987,1.811102682e+10,313700,15600256.71,0.06984773,49.72985879
2021-04-19,894.7643858,18713132.61,313869,112298,3.08995936,1.674384461e+10,302191,14190900.64,0.05828277,46.96003732
2021-04-20,948.2421783,18714032.61,328122,124941,2.9445013,1.774543505e+10,329257,12895869.23,0.04641668,39.16657573
2021-04-21,913.7721638,18714901.36,316925,100862,2.88307155,1.710115591e+10,323662,16113384.96,0.03349788,49.78460542
2021-04-22,861.4378667,18715976.36,349369,102856,2.99848499,1.612265075e+10,347690,16898970.42,0.02102203,48.60355609
2021-04-23,835.6839341,18716721.36,323513,95968,1.94470827,1.564126334e+10,329821,20935456.34,0.01159968,63.47520727
2021-04-24,776.6376601,18717845.34,333953,92938,2.91749552,1.453698361e+10,336818,14623775.11,0.11802627,43.41743942
2021-04-25,756.1639699,18718826.59,350308,89685,2.78080411,1.415450223e+10,338596,12789501.12,0.10776864,37.77215655
2021-04-26,846.8249188,18719482.84,353225,83624,3.0999734,1.585212454e+10,351221,22799444.95,0.09359318,64.91481132
2021-04-27,886.9001647,18720480.84,363164,119534,3.24250204,1.660319754e+10,370454,14984009.55,0.07983085,40.44769268
2021-04-28,904.6390719,18721443.34,302509,83962,3.27075018,1.693614913e+10,310299,16043576.99,0.06747645,51.7036052
2021-04-29,879.2454351,18722418.34,160786,87722,2.84939571,1.646160086e+10,156574,13809089.45,0.05698832,88.19529075
2021-04-30,993.6717106,18723449.59,154787,90190,3.02898574,1.860496218e+10,158504,12883610.84,0.04722607,81.28255966
2021-05-01,1006.880065,18724373.59,140439,96610,1.51356122,1.88531985e+10,133556,15415567.1,0.03631665,115.4239951
2021-05-02,973.1205533,18725136.08,130443,83603,1.01178313,1.822181478e+10,133059,19221305.41,0.02583715,144.4570109
2021-05-03,1018.059523,18726047.2,147164,97245,2.76342085,1.906423067e+10,147940,17011196.24,0.0171849,114.9871315
2021-05-04,966.8810601,18727003.45,150808,112520,3.11765838,1.810678494e+10,155459,16586967.78,0.00931882,106.6967353
2021-05-05,1432.381271,18728658.91,159356,121035,3.77750023,2.682658024e+10,158769,16493338.55,0.00895039,103.8826128
2021-05-06,1507.122399,18729771.41,143641,126860,3.71292781,2.822805801e+10,141498,19010627.03,0.03688289,134.3526201
2021-05-07,1332.479221,18730371.41,122327,104000,3.65558152,2.49578307e+10,127067,23163592.36,0.03558447,182.29432
2021-05-08,1389.526558,18731290.16,110108,104892,3.10359197,2.602762514e+10,110557,19833262.28,0.0331393,179.3939984
2021-05-09,1415.237923,18732308.91,116262,89669,3.03336838,2.651067395e+10,117314,19796077.97,0.0280407,168.744378
2021-05-10,1328.124464,18733177.66,107369,110024,1.81214761,2.487999153e+10,104365,23121334.75,0.01956013,221.5429957
2021-05-11,1519.842419,18734302.66,117443,113940,3.47146376,2.847318787e+10,121828,20130733.73,0.07015255,165.238974
2021-05-12,1294.812197,18735171.41,113946,110757,2.48970762,2.425852844e+10,112186,18962974.72,0.06693777,169.0315612
2021-05-13,1230.060982,18736452.66,126343,99332,4.13574345,2.304697935e+10,125962,15400776.29,0.06112718,122.2652569
2021-05-14,1302.40656,18737421.41,110396,97132,2.5526222,2.440374056e+10,110476,17359201.34,0.05364298,157.1309727
2021-05-15,1173.991074,18738271.41,113143,83185,1.30184335,2.199856338e+10,113022,19536667.11,0.04595497,172.8572057
2021-05-16,1163.647976,18739121.41,92856,78978,0.76151212,2.180574069e+10,92252,15878993.63,0.03829288,172.1262805
2021-05-17,1065.652586,18739965.16,103809,89343,2.37770436,1.997029234e+10,103070,16721958.78,0.03468271,162.2388549
2021-05-18,1084.896353,18740902.66,123451,110110,2.60962072,2.033193693e+10,113555,13304281.99,0.02589386,117.1615692
2021-05-19,733.510662,18741283.91,103949,88618,2.53089264,1.374693157e+10,108350,17121887.52,0.09653138,158.0238812
2021-05-20,820.3106739,18741890.16,102406,76630,2.30141917,1.537417254e+10,108266,23041040.29,0.09542186,212.8188008
2021-05-21,681.9958921,18742602.66,152602,107694,3.27220849,1.278237802e+10,149420,21707091.39,0.08304779,145.2756752
2021-05-22,636.3068045,18743508.91,160324,92396,2.39712934,1.192662226e+10,164939,21602583.35,0.06610909,130.973168
2021-05-23,554.971058,18744215.16,137333,90537,1.29508033,1.040249692e+10,137341,20587164.36,0.04877285,149.8981685
2021-05-24,747.599133,18745540.16,123609,103490,2.00200288,1.401414957e+10,126108,20964671.99,0.03397901,166.243791
2021-05-25,718.7719055,18746390.16,109065,109688,1.36528871,1.347437857e+10,110236,15982405.27,0.04051441,144.9835377
2021-05-26,761.7274116,18747465.16,109229,105801,1.61975044,1.428045811e+10,106887,17479211.79,0.11737372,163.5298193
2021-05-27,748.1480338,18748302.66,105177,97353,1.55063284,1.402650577e+10,105718,14689336.45,0.10307874,138.9483007
2021-05-28,687.580146,18749240.16,88701,96565,1.27807413,1.289160528e+10,90786,12759579.6,0.09171627,140.5456745
2021-05-29,651.4975475,18750152.66,94977,88707,1.32758388,1.221567847e+10,94402,10566881.02,0.08002114,111.9349275
2021-05-30,661.3961169,18750615.16,80894,84392,1.02154509,1.240158405e+10,81473,13077132.53,0.06154995,160.5087886
2021-05-31,707.3546067,18751583.91,76530,98606,1.45946034,1.326401926e+10,70726,13377467.96,0.05331542,189.1449815
2021-06-01,690.7864054,18752391.02,69411,110292,1.37022623,1.295389678e+10,74327,12959583.71,0.03990911,174.3590311
2021-06-02,698.6256624,18753273.89,71951,92379,0.88022217,1.310151839e+10,70319,14354435.2,0.05403299,204.1330963
2021-06-03,718.3888269,18754148.89,73371,88533,1.21579383,1.347277102e+10,74734,15423607.36,0.13214874,206.3800594
2021-06-04,672.2866762,18755061.39,87169,94043,1.29962382,1.260877788e+10,86186,13867288.45,0.12404182,160.899548
2021-06-05,645.7086218,18755973.89,83652,85651,1.08046617,1.211089405e+10,83550,11375117.35,0.11203897,136.1474248
2021-06-06,654.1499982,18756911.39,86275,59920,0.70217269,1.226983355e+10,87014,11519283,0.09901821,132.3842485
2021-06-07,598.6786965,18757655.39,66594,78177,1.0382239,1.122980868e+10,68672,12354225.04,0.08636525,179.9019256
2021-06-08,597.0745233,18758561.64,79505,105848,1.23252592,1.120025925e+10,75574,12820654.44,0.07360694,169.6437193
2021-06-09,631.7090821,18759311.64,78524,75774,1.16834982,1.185042754e+10,81397,12991484.49,0.06004189,159.6064288
2021-06-10,604.3659083,18760136.64,83776,75845,1.21049881,1.133798702e+10,83215,13284078.51,0.04351812,159.6356247
2021-06-11,575.0580562,18760860.64,95217,79823,1.15722201,1.078858405e+10,95234,15409027.98,0.03404295,161.8017513
2021-06-12,583.0020683,18761998.14,93311,77855,1.17666865,1.093828372e+10,92202,13672964.56,0.15336091,148.2935788
2021-06-13,612.7674357,18762754.39,73264,74150,0.98714425,1.149720489e+10,74576,11900109.67,0.14483615,159.5702327
2021-06-14,638.1971048,18763523.14,84610,74918,1.18650117,1.197482614e+10,87218,12699171.23,0.1354162,145.602642
2021-06-15,629.9198921,18764366.89,95227,104200,1.27348704,1.182004796e+10,91409,16916891.76,0.12187105,185.0681198
2021-06-16,592.1684198,18765285.64,90793,85065,1.26371159,1.111220954e+10,93952,14314415.8,0.10659028,152.3588194
2021-06-17,597.5880747,18766273.14,97540,76775,1.29321527,1.121450103e+10,94191,10700553.93,0.0910306,113.6048447
2021-06-18,562.2957243,18767098.14,94524,84596,1.26495523,1.055265904e+10,94153,10081930.1,0.07806193,107.0802852
2021-06-19,554.6479592,18768029.39,93496,80254,1.22497071,1.04096492e+10,92453,15939613.64,0.06310615,172.4077492
2021-06-20,556.0217493,18768898.14,93156,76386,1.1261331,1.043591557e+10,97310,16836474.9,0.04511007,173.018959
2021-06-21,461.7450017,18769585.64,104733,76774,1.30293871,8666762352,103835,17156530.48,0.05275922,165.2287811
2021-06-22,440.3716544,18770191.89,94664,99105,1.22157045,8265860455,96288,15075357.96,0.17679916,156.5652829
2021-06-23,470.9398782,18771154.39,109898,76383,1.34580914,8840085161,111003,11427666.34,0.15823834,102.9491666
2021-06-24,484.7844474,18772091.89,112869,66243,1.80446544,9100418192,111554,13104342.2,0.13926414,117.470841
2021-06-25,455.3583392,18773129.39,107718,84084,1.48562862,8548501019,109531,12483144.36,0.12282244,113.9690531
2021-06-26,453.8999675,18773966.89,99266,79394,1.41010564,8521502959,97174,8955219.414,0.10698789,92.1565379
2021-06-27,474.5232204,18774785.64,96171,67407,1.45141759,8909071743,95765,11032294.25,0.08595444,115.201736
2021-06-28,499.7189694,18775748.14,85295,84551,1.25967856,9382597507,88230,12082633.16,0.06896008,136.9447258
2021-06-29,523.9462754,18776629.39,96452,118596,1.63421539,9837945031,96187,11538636.7,0.05404884,119.9604593
2021-06-30,526.1848938,18777629.39,86982,87238,1.50775937,9880504924,83792,10227718.4,0.06271949,122.0607982
2021-07-01,498.0357299,18778466.89,89029,82977,1.62517908,9352347461,92496,9477634.066,0.16900748,102.4653397
2021-07-02,495.9770599,18779348.14,98286,86074,1.59132042,9314125875,93914,12889667.36,0.1553045,137.2496897
2021-07-03,503.2560516,18779854.39,83771,67039,1.48402595,9451075367,84809,10767006.54,0.13853442,126.9559427
2021-07-04,528.8574089,18780510.64,73397,77429,1.36348827,9932212193,76939,9378357.636,0.1260912,121.8934173
2021-07-05,507.7067593,18781416.89,71326,75584,1.37688895,9535452301,71450,7070298.626,0.10877988,98.95449441
2021-07-06,510.0537344,18782329.39,70583,101961,1.3895152,9579997244,70354,9264062.248,0.09378709,131.6778328
2021-07-07,509.2699418,18783198.14,63509,79015,1.61980508,9565718221,64553,8631153.756,0.08655137,133.70647
2021-07-08,490.0559455,18784166.89,61685,79826,1.62507092,9205292664,59656,11045441.5,0.07092723,185.1522311
2021-07-09,505.7404005,18785098.14,54758,78380,1.38826189,9500383055,55996,9452977.954,0.0533716,168.815236
2021-07-10,497.5573643,18785935.64,72769,81591,1.73629067,9347080622,73157,8134290.894,0.06209498,111.1895088
2021-07-11,497.7895188,18786835.64,56249,83592,1.69526598,9351889870,57337,7562925.686,0.1700406,131.9030589
2021-07-12,480.2687693,18787698.14,61862,82495,1.67556376,9023144663,61052,10018434.26,0.16363875,164.0967415
2021-07-13,464.6147686,18788523.14,56474,100268,1.65734767,8729425328,57465,10693074.57,0.1609582,186.0797802
2021-07-14,467.0027156,18789485.64,72753,81186,2.27888006,8774740817,73729,10628928,0.13118433,144.1621072
2021-07-15,454.9506747,18790373.14,70415,73185,1.7696891,8548692936,70038,14398794.35,0.10695962,205.5854585
2021-07-16,439.5291257,18791229.39,74844,72562,2.22528812,8259292623,74074,12416215.54,0.09109318,167.6190774
2021-07-17,436.5180322,18792148.14,75103,76876,1.43876726,8203111524,75175,12204958.74,0.06093209,162.3539573
2021-07-18,437.9589265,18792891.89,69135,72973,2.69707754,8230514757,70857,11453422.82,0.06100624,161.6413738
2021-07-19,416.7238465,18793729.39,66104,78269,2.40674768,7831795200,65173,11069051.64,0.11002236,169.8410636
2021-07-20,398.838424,18794585.64,73851,105651,2.68673145,7496002914,73826,10044038.03,0.18182875,136.0501454
2021-07-21,429.5037962,18795523.14,83463,82363,2.51419022,8072748539,81914,8018416.388,0.17602486,97.88822896
2021-07-22,442.012838,18796479.39,71242,65482,1.86702838,8308285197,72219,10782371.53,0.1580978,149.3010362
2021-07-23,454.1255677,18797354.39,65744,59283,0.97531012,8536359231,66984,12016093.74,0.14767593,179.3875215
2021-07-24,458.0172796,18798191.89,80401,54856,1.5399573,8609896708,79269,11054651.13,0.13515923,139.4574315
2021-07-25,452.1330222,18799048.14,79057,54247,1.11229495,8499670448,80288,11060948.46,0.11201536,137.7658985
2021-07-26,483.2085747,18799916.89,90307,79402,1.57322768,9084281044,89378,10270364.61,0.09321993,114.9093133
2021-07-27,499.9834514,18800823.14,90071,121341,2.34276312,9400100440,90767,9234918.264,0.0857146,101.7431254
2021-07-28,508.1700004,18801729.39,83529,79038,1.99715362,9554474829,84318,11466315.82,0.06483736,135.9889445
2021-07-29,538.0271728,18802729.39,89177,82039,1.97359575,1.011637933e+10,89257,9931792.05,0.09280188,111.271856
2021-07-30,550.5675085,18803548.14,92962,93427,2.03043805,1.035262265e+10,92657,8874562.187,0.16451796,95.77864799
2021-07-31,549.6564917,18804635.64,98231,93227,1.72642997,1.033609005e+10,96988,10736605.29,0.12566757,110.7003474
2021-08-01,529.1071066,18805541.89,82189,93051,1.10883069,9950145855,81063,9819833.794,0.12922706,121.1382973
2021-08-02,545.7813818,18806591.89,81654,85708,1.62971074,1.026428771e+10,84448,10232088.67,0.12081597,121.1643694
2021-08-03,539.5338245,18807510.64,82661,115251,1.25401361,1.014728814e+10,81226,10811089.73,0.10125878,133.0988813
2021-08-04,547.7660473,18808316.89,87323,88647,2.28524306,1.03025574e+10,87446,10422416.84,0.10269283,119.1868906
2021-08-05,548.8727805,18809166.89,89633,94259,2.17799953,1.032383973e+10,91104,12712361.23,0.07510319,139.5368066
2021-08-06,556.5458435,18809991.89,94073,120199,2.37948129,1.04686228e+10,94510,9384033.675,0.06452934,99.29143662
2021-08-07,582.8126028,18810948.14,85604,105811,1.92741339,1.096325764e+10,84742,12226072.09,0.04685225,144.2740564
2021-08-08,558.3342806,18811741.89,96946,96018,1.94782571,1.050324037e+10,89632,13130044.15,0.05616506,146.4883541
2021-08-09,592.2085383,18812691.89,77342,105883,1.6879678,1.114103676e+10,83878,16885664.14,0.09590191,201.3121932
2021-08-10,591.4055588,18813610.64,72759,117131,1.80589082,1.112647391e+10,75968,14468626.27,0.31966085,190.4568538
2021-08-11,620.2680819,18814610.64,79539,98698,1.59589791,1.167010245e+10,80088,13537542.08,0.31390401,169.0333393
2021-08-12,604.6428712,18815504.39,90903,107338,1.92340908,1.13766606e+10,88635,12144696.63,0.29924367,137.0191982
2021-08-13,652.4454829,18816591.89,83480,98094,1.71918369,1.227680038e+10,85577,7021715.918,0.28425043,82.05143809
2021-08-14,685.7851588,18817623.14,99772,116208,1.73305704,1.290484667e+10,99486,13595275.57,0.26128722,136.6551633
2021-08-15,703.4117304,18818666.89,88452,115396,1.52740454,1.323727104e+10,89382,7728631.013,0.24630345,86.46742087
2021-08-16,676.309374,18819491.89,92026,110669,1.64230872,1.272779878e+10,88010,14705125.79,0.23173672,167.0847153
2021-08-17,641.7163159,18820329.39,88056,108655,1.52140382,1.207731244e+10,85528,14593414.5,0.21876165,170.6273325
2021-08-18,637.7724868,18821191.89,76449,82021,1.16938085,1.200363835e+10,80779,14967884.43,0.20575091,185.2942526
2021-08-19,658.0108589,18822073.14,77014,84110,1.22951893,1.238512851e+10,79006,13838915.8,0.19321024,175.1628459
2021-08-20,693.1570757,18822973.14,86108,106415,1.50511966,1.304727701e+10,84747,12891562.85,0.17841846,152.1182207
2021-08-21,679.3624028,18823835.64,80201,91626,1.31818445,1.278820621e+10,82364,10918741.01,0.16506924,132.5669104
2021-08-22,672.764735,18824660.64,81433,84741,1.138463,1.266456782e+10,82064,12823781.69,0.14894478,156.2656182
2021-08-23,678.7177758,18825635.64,88670,91887,1.29684211,1.277729355e+10,85268,12495721.41,0.13620205,146.5464349
2021-08-24,640.7167732,18826448.14,84324,107120,1.22659779,1.20624211e+10,87500,14618943.48,0.12160195,167.0736397
2021-08-25,648.6364613,18827610.64,88263,84485,1.31294833,1.221227474e+10,85637,10793380.92,0.1072627,126.0364202
2021-08-26,610.8824548,18828498.14,101601,90535,1.48522723,1.150199916e+10,98103,10431862.28,0.08890195,106.3358131
2021-08-27,633.3256938,18829360.64,81471,70656,1.12843324,1.192511789e+10,88062,9418281.156,0.07702234,106.9505707
2021-08-28,644.2486418,18830329.39,90911,88286,1.26584998,1.213141413e+10,91074,9971456.45,0.06244093,109.4874108
2021-08-29,662.5229549,18831310.64,109166,101668,1.69835746,1.247617557e+10,98482,8618262.492,0.04875133,87.51104254
2021-08-30,633.6487774,18832160.64,90233,96830,1.52358427,1.193297556e+10,98185,8871901.431,0.0445733,90.35903071
2021-08-31,636.4387896,18833073.14,95767,113056,1.31749676,1.198609827e+10,97996,12553646.57,0.16947311,128.1036631
2021-09-01,653.7003156,18833954.39,95466,92180,1.36933703,1.231176193e+10,96928,12765875.45,0.27479662,131.7047237
2021-09-02,664.2644244,18834873.14,98953,100290,1.5653121,1.251133616e+10,98686,10329921.89,0.26765474,104.6746437
2021-09-03,710.0340067,18835854.39,104580,96055,1.34900962,1.337409716e+10,99512,9657141.926,0.26162822,97.04499885
2021-09-04,710.3813988,18836829.39,100046,89273,1.04017353,1.338133321e+10,102474,11189958.39,0.25275157,109.1980248
2021-09-05,756.4711992,18837779.39,94023,82982,0.96569547,1.425023756e+10,94998,14863057.81,0.24353459,156.4565339
2021-09-06,784.1631372,18838766.89,93934,98801,1.09831426,1.477266654e+10,93073,14266810.37,0.23300139,153.2862417
2021-09-07,670.6989804,18839523.14,96863,101275,1.12909568,1.263564896e+10,100533,11877770.34,0.22107889,118.1479747
2021-09-08,663.7198856,18840541.89,100614,90646,1.08989582,1.25048423e+10,99986,9719776.801,0.20598286,97.2113776
2021-09-09,661.8932008,18841448.14,102611,81384,1.06966622,1.247102641e+10,101793,7024989.109,0.19174554,69.01249702
2021-09-10,627.32499,18842291.89,103372,90922,1.22993705,1.182024057e+10,101730,8529795.546,0.17751911,83.84739552
2021-09-11,634.3877666,18843223.14,90482,84141,0.94301134,1.195391024e+10,91158,8037602.537,0.16458924,88.17221238
2021-09-12,648.7553727,18844160.64,91090,79237,0.94785825,1.222525046e+10,90125,10038594.36,0.15097922,111.3852357
2021-09-13,616.0518865,18844941.89,86630,80473,0.94235441,1.1609462e+10,89099,9046804.028,0.13570511,101.5365383
2021-09-14,639.7792124,18845810.64,69620,104775,0.99131242,1.205715789e+10,71677,9061679.501,0.12353244,126.423811
2021-09-15,652.2949683,18846666.89,91966,85794,1.0375438,1.229358598e+10,89994,11286252.94,0.10706904,125.4111712
2021-09-16,639.8220955,18847560.64,86683,82098,1.04071521,1.205908574e+10,86103,12306439.21,0.09426148,142.9269504
2021-09-17,619.8566655,18848510.64,150304,84821,1.26381777,1.168337495e+10,151766,9401311.679,0.50985723,61.94609912
2021-09-18,628.4805049,18849285.64,81263,76056,1.02422729,1.184640855e+10,82059,9738274.752,0.06796323,118.6740608
2021-09-19,609.7147945,18850179.39,211459,80588,1.3674506,1.149323325e+10,186252,74052876.13,616.4172475,397.5950654
2021-09-20,539.380481,18851041.89,139257,79536,1.13314817,1.016788404e+10,163178,58656052.17,15.82689029,359.4605411
2021-09-21,502.234359,18851935.64,88767,104107,1.17733262,9468089810,87365,9950251.941,0.32305543,113.8928855
2021-09-22,545.9367262,18852929.39,87890,69411,1.09285197,1.029250655e+10,88904,10492587.61,0.30700312,118.021547
2021-09-23,551.134812,18853760.64,86433,72850,1.2276898,1.039096382e+10,85406,13317200.6,0.29045863,155.928162
2021-09-24,513.3174707,18854560.64,87352,87318,1.1798775,9678375376,90995,12884265.41,0.27228817,141.593114
2021-09-25,517.6208,18855541.89,90112,77834,1.03092832,9760020674,89773,9645942.939,0.25064409,107.4481519
2021-09-26,501.5174989,18856298.14,91955,71895,0.97298924,9456763480,87188,10726726.91,0.23351425,123.029854
2021-09-27,491.5810466,18857173.14,91689,72995,1.0770507,9269828906,97027,12981620.45,0.20963962,133.7938971
2021-09-28,477.1916022,18858085.64,92801,93105,1.22184757,8998920098,93026,12124413,0.18437663,130.3335949
2021-09-29,483.966564,18859016.89,95679,85074,1.35991141,9127133603,93301,9235624.653,0.16509841,98.98741335
2021-09-30,501.120702,18859860.64,93198,89984,1.24405845,9451066602,97114,6654954.724,0.14614793,68.52724348
2021-10-01,542.0226146,18860685.64,102199,99377,1.33086631,1.022291814e+10,101357,12575786.98,0.12893714,124.0741831
2021-10-02,552.6131023,18861691.89,96213,81699,1.23212055,1.042321807e+10,95211,11693976.6,0.11017147,122.821697
2021-10-03,571.1851327,18862660.64,92975,69672,1.16200542,1.077407132e+10,93081,11017552.97,0.09458545,118.3652192
2021-10-04,551.8739276,18863404.39,92951,73285,1.18934917,1.041022107e+10,94478,10313492.38,0.08715979,109.1628991
2021-10-05,595.1376577,18864498.14,98201,106114,1.27720253,1.122697323e+10,96649,9814537.498,0.07858206,101.5482571
2021-10-06,618.4254033,18865298.14,103877,91973,1.22293867,1.166677961e+10,100855,12884417.43,0.06620735,127.7518956
2021-10-07,610.1315956,18866216.89,117073,84025,1.166192,1.151087501e+10,118642,11184461.45,0.07065942,94.27067518
2021-10-08,595.4477626,18867048.14,144036,92360,1.29625987,1.12343416e+10,143828,12296150.52,0.12861464,85.49204966
2021-10-09,615.4379749,18868010.64,145487,82224,1.23776489,1.161209026e+10,144621,9921348.153,0.32569247,68.60240319
2021-10-10,585.7681855,18868823.14,142890,75216,1.23842822,1.105275629e+10,142358,10228227.76,0.26725036,71.84863341
2021-10-11,598.5589033,18869610.64,143874,82836,1.17226415,1.129457345e+10,146546,8871357.181,0.30508415,60.53633112
2021-10-12,586.4022243,18870510.64,111141,102070,1.04225933,1.106570941e+10,113897,9847953.921,0.39190781,86.4636814
2021-10-13,592.675937,18871373.14,98741,80368,1.05387289,1.118460876e+10,98699,11935135.84,0.36854043,120.9245873
2021-10-14,597.6621623,18872266.89,99709,85301,1.09156645,1.127923983e+10,98399,10992114.33,0.35086554,111.7096142
2021-10-15,624.6889328,18873154.39,79666,99204,1.15207485,1.178985067e+10,80546,10525626.39,0.33415738,130.6784495
2021-10-16,627.7990556,18874154.39,84393,99515,1.09242269,1.18491763e+10,83681,8542897.655,0.31724514,102.0888571
2021-10-17,610.536966,18874991.89,78186,77265,0.92809956,1.152388028e+10,76711,7948136.534,0.30002302,103.6114317
2021-10-18,610.6813383,18875841.89,80489,75998,0.93099196,1.152712439e+10,81721,8217407.404,0.28600872,100.5544157
2021-10-19,618.9679188,18876798.14,81903,90884,0.95910336,1.168413246e+10,83751,7552982.004,0.27123214,90.18378292
2021-10-20,644.8237939,18877560.64,85429,85737,1.08569519,1.217270027e+10,85293,4760363.574,0.2527747,55.81189047
2021-10-21,624.7549267,18878579.39,87437,82118,1.19449826,1.179448548e+10,86905,10334828.25,0.23325188,118.9209856
2021-10-22,625.2983209,18879498.14,88465,85733,1.20644241,1.180531848e+10,88769,9477390.35,0.22169801,106.7646402
2021-10-23,628.2186326,18880435.64,99878,85646,1.07461649,1.186104146e+10,100097,5559447.402,0.20965898,55.54059964
2021-10-24,616.6114577,18881285.64,99719,75053,1.04531024,1.164241706e+10,99782,10676288.58,0.1868607,106.9961373
2021-10-25,621.5945861,18882135.64,101884,91734,1.228966,1.173703329e+10,102466,11019515.44,0.16837237,107.5431406
2021-10-26,610.6090908,18882916.89,99077,92843,1.08800418,1.153008071e+10,98626,15132755.89,0.1434241,153.4357663
2021-10-27,551.5760675,18883854.39,108190,84473,1.25999386,1.041588214e+10,106682,11129138.48,0.12458749,104.3206771
2021-10-28,579.1638326,18884685.64,109931,85548,1.29765338,1.093732691e+10,109295,12205805.59,0.09362538,111.677621
2021-10-29,593.2488717,18885610.64,120562,94985,1.3819165,1.12038672e+10,121733,11746324.05,0.0749547,96.49252093
2021-10-30,583.6662033,18886460.64,113499,90615,1.23724186,1.102338877e+10,115125,10126832.22,0.05642937,87.96379775
2021-10-31,597.355772,18887516.89,130769,89580,1.31755051,1.128256723e+10,125770,11668729.93,0.05681985,92.77832495
2021-11-01,587.6915079,18888529.39,122416,86071,1.24865084,1.110062832e+10,128487,13103752.47,0.3165525,101.9850449
2021-11-02,597.6046589,18889348.14,119276,113369,1.24097758,1.128836245e+10,115366,14051161.44,0.31350062,121.7963823
2021-11-03,611.3103076,18890310.64,116074,107768,1.41945212,1.154784161e+10,117311,12448935.81,0.30369897,106.1190836
2021-11-04,596.0864639,18891266.89,109910,106626,1.21632233,1.126082848e+10,112666,10818070.31,0.28848362,96.01894367
2021-11-05,598.254016,18892129.39,115024,117800,1.32198056,1.130229228e+10,111003,10927449.39,0.27451099,98.44282939
2021-11-06,588.492073,18893041.89,98818,85421,1.07050325,1.111840538e+10,102071,12113217.98,0.26045521,118.6744322
2021-11-07,599.1650924,18893898.13,101797,93006,1.12126167,1.132056422e+10,96723,10150495.65,0.24479061,104.9439704
2021-11-08,640.0211801,18894773.13,97159,99316,1.2330527,1.209305499e+10,99864,11055135.99,0.22786861,110.7019145
2021-11-09,718.8400882,18895910.63,104841,137311,1.56493972,1.358313806e+10,105192,10571554.08,0.21070712,100.4977002
2021-11-10,664.8240258,18896785.63,90571,107493,1.32155897,1.25630371e+10,92617,11043221.77,0.19564885,119.2353647
2021-11-11,676.9700744,18897760.63,87356,99635,1.20263911,1.279321842e+10,86552,11034949.52,0.18258119,127.4950263
2021-11-12,668.6984613,18898648.13,91039,113833,1.18082815,1.263749692e+10,92157,9428684.957,0.16753058,102.3111099
2021-11-13,665.9650836,18899466.88,88516,102929,1.05421969,1.258638504e+10,92003,7296174.752,0.15819807,79.30366131
2021-11-14,673.954642,18900579.38,93183,99265,1.06348183,1.273813321e+10,88540,6462261.704,0.14284408,72.98691782
2021-11-15,667.0100055,18901398.13,88075,95600,1.12048302,1.260742167e+10,91150,6581313.067,0.13215598,72.20310551
2021-11-16,601.9028846,18902279.38,90823,106420,1.06260869,1.137733648e+10,88716,9541937.84,0.12805745,107.5559971
2021-11-17,591.6184941,18903148.13,101237,106083,1.07307982,1.118345203e+10,101050,2277238.56,0.11401101,22.53576011
2021-11-18,553.312687,18903966.88,81089,93629,1.13042247,1.045980471e+10,81290,824704.1607,0.09999775,10.14521049
2021-11-19,573.9867205,18905035.63,76822,87926,1.0201128,1.08512394e+10,80546,801111.0589,0.08755869,9.94600674
2021-11-20,583.6732624,18905710.63,74519,90623,1.07190059,1.10347578e+10,72556,11283554.09,0.07582376,155.5151068
2021-11-21,579.3274332,18906710.63,84840,88169,1.06283784,1.095317614e+10,86145,17366841.2,0.08130753,201.6001068
2021-11-22,558.0403901,18907629.38,73365,96388,0.98097239,1.055122087e+10,74450,16014490.12,0.07070502,215.103964
2021-11-23,573.3640872,18908516.88,108115,112708,1.19525883,1.084146452e+10,101916,13353856.08,0.05148946,131.0280631
2021-11-24,615.2225587,18909529.38,124598,99273,1.2639254,1.163356905e+10,129569,10697183.87,0.02730363,82.5597471
2021-11-25,618.3346091,18910473.13,99233,96972,1.33113348,1.169300001e+10,100334,9104079.871,0.02094369,90.73773467
2021-11-26,558.3497287,18911348.13,105397,101481,1.43401496,1.05591461e+10,104104,9699169.975,0.04044371,93.16808167
2021-11-27,561.7075048,18912254.38,108620,81192,1.22675544,1.062315522e+10,111097,9439444.061,0.32653751,84.9657872
2021-11-28,567.4564671,18913004.38,115672,85814,1.12002403,1.073230665e+10,113557,10373232.91,0.32338383,91.34824722
2021-11-29,575.5423757,18913866.88,107918,76549,1.22432172,1.088573187e+10,108743,11636262.74,0.30740449,107.0070049
2021-11-30,571.5663369,18914848.13,111491,102250,1.34483834,1.081109046e+10,106287,13797920.57,0.29269021,129.8175748
2021-12-01,570.7768286,18915685.63,74703,83505,1.15478182,1.079663505e+10,82213,12095489.09,0.27429639,147.1238015
2021-12-02,562.486878,18916616.88,71396,80001,1.03439916,1.064034877e+10,67493,10239747.52,0.26089015,151.7156968
2021-12-03,534.851968,18917510.63,61355,82787,1.07577445,1.011806779e+10,64674,9805439.972,0.25378359,151.6133218
2021-12-04,472.2109517,18918329.38,61589,72294,1.08236098,8933442318,62493,11469456.64,0.24535747,183.5318618
2021-12-05,453.6225383,18919116.88,62680,64647,1.04288301,8582137819,61044,11361858.9,0.22908176,186.1257273
2021-12-06,475.4383792,18920060.63,60498,72862,1.08007016,8995322959,60732,11172997.26,0.2135028,183.9721607
2021-12-07,474.0283871,18920948.13,81045,90158,1.20291674,8969066522,80648,12451300.4,0.19187488,154.3906904
2021-12-08,480.3488705,18921891.88,83594,89412,1.38793178,9089109389,79711,12612308.41,0.18365345,158.2254445
2021-12-09,452.9629056,18922798.13,78998,81939,1.07500651,8571325622,83221,11230668.93,0.16392362,134.9499397
2021-12-10,442.3047248,18923685.63,92269,104829,1.3831387,8370035563,89466,10612182.74,0.14759875,118.6169354
2021-12-11,459.5250631,18924716.88,82625,86146,1.11011008,8696381716,87397,9201509.245,0.12407488,105.28404
2021-12-12,459.1544719,18925648.13,76950,79710,1.03367953,8689795970,75734,9266383.922,0.11454188,122.3543444
2021-12-13,423.7201648,18926454.38,71248,95516,1.11787599,8019520368,70166,12926639.47,0.09605053,184.2293913
2021-12-14,436.0612512,18927373.13,78109,115274,1.15830865,8253494006,76699,13059689.94,0.08102519,170.2719715
2021-12-15,446.982364,18928285.63,81176,88059,0.93047724,8460609856,83361,11494235.55,0.05679653,137.8850488
2021-12-16,438.8857323,18929254.38,78689,68867,0.90863116,8307779668,79924,10411254.45,0.08562142,130.2644318
2021-12-17,426.2551151,18930060.63,71988,80407,0.8572685,8069035171,72231,10756932.05,0.40084211,148.9240361
2021-12-18,436.3547966,18931060.63,71599,80030,0.76892485,8260659109,71778,12559272.18,0.38258649,174.9738385
2021-12-19,435.1149984,18931898.13,76288,74652,0.78630658,8237552823,74743,11788452.7,0.35651018,157.7198226
2021-12-20,430.7778157,18932779.38,69075,68232,0.76364298,8155821345,70039,12799295.38,0.34747888,182.7452617
2021-12-21,438.782895,18933654.38,75069,103687,0.8728649,8307763679,75201,11919454.1,0.31866273,158.5012712
2021-12-22,438.6348281,18934585.63,74849,81324,0.96238513,8305368711,76818,11359778.53,0.28449375,147.8791237
2021-12-23,454.7720584,18935529.38,76402,91563,1.01866451,8611349672,76251,11292776.08,0.27829396,148.1000391
2021-12-24,451.8748695,18936379.38,58382,85873,0.94765802,8556873958,58042,11391374.11,0.25813147,196.260882
2021-12-25,456.592092,18937273.13,43601,68068,0.71313922,8646609153,44397,10432229.05,0.25601582,234.9759904
2021-12-26,452.0947432,18938291.88,44435,71256,0.72400611,8561902202,44509,9669926.609,0.25135195,217.2577818
2021-12-27,466.1897578,18939098.13,49082,82931,0.85529911,8829213568,48524,10985516.74,0.23562969,226.3934701
2021-12-28,441.4726134,18940079.38,45679,102050,0.78930984,8361526339,46746,8839538.563,0.23635949,189.0972182
2021-12-29,430.3601782,18941066.88,44158,77682,0.74131742,8151480915,44168,8329199.596,0.22562668,188.5799583
2021-12-30,430.7631451,18941941.88,45724,88393,0.78601564,8159490456,45906,8388390.108,0.22899333,182.7297109
2021-12-31,431.1690747,18942810.63,48757,88099,0.82436303,8167554130,50109,8673358.857,0.24806794,173.0898413
2022-01-01,443.4455863,18943679.38,53555,77748,0.871455,8400491008,50862,7419014.714,0.22991394,145.8655718
2022-01-02,448.0674774,18944616.88,63900,74941,1.03023304,8488466694,63141,7732970.581,0.21884575,122.471462
2022-01-03,434.8318608,18945491.88,54526,76685,0.86516089,8238103487,55127,9000696.459,0.20262365,163.2720166
2022-01-04,427.3515822,18946335.63,49797,108852,0.79609826,8096746505,51498,9034703.66,0.1807094,175.4379522
2022-01-05,401.9164486,18947210.63,51835,91469,0.92608799,7615195606,50202,10231487.66,0.18102354,203.8063755
2022-01-06,400.606105,18948110.63,44043,83063,0.74211723,7590728794,47068,9338897.41,0.1979526,198.4128794
2022-01-07,385.3866696,18949010.63,46403,97618,0.84833196,7302696097,45658,11502035.6,0.25217741,251.9172018
2022-01-08,374.2621121,18949910.63,46045,89299,0.79085752,7092233574,45147,10682889.39,0.24558826,236.6245684
2022-01-09,376.8287871,18950804.38,42948,82941,0.68992103,7141208627,44385,9654351.243,0.21728686,217.5138277
2022-01-10,363.8078421,18951610.63,42497,87839,0.97002824,6894744566,42269,9317126.577,0.20645677,220.4245801
2022-01-11,369.8084331,18952491.88,46363,117058,0.840407,7008791324,46393,11881579.64,0.19675633,256.1071637
2022-01-12,383.7898201,18953435.63,45712,77850,0.82697379,7274135649,46391,12048245.04,0.18071677,259.7108283
2022-01-13,377.7105256,18954398.13,45608,83703,0.87740832,7159275678,45950,9495496.958,0.16893176,206.6484648
2022-01-14,385.7750334,18955366.88,45203,88285,0.8429661,7312507289,45592,9813641.801,0.16288586,215.249206
2022-01-15,391.4852064,18956166.88,45632,79453,0.79281268,7421058901,45518,10385652.17,0.15352328,228.1658282
2022-01-16,388.8933965,18957085.63,44909,82399,0.65853347,7372285416,44067,9943609.559,0.14618521,225.6475267
2022-01-17,381.0189415,18957979.38,43436,77332,0.66812563,7223349235,45216,6601618.026,0.14258807,146.0018141
2022-01-18,382.213195,18958985.63,48064,111074,0.84010319,7246374470,47382,9986167.619,0.13882567,210.7586767
2022-01-19,370.718803,18959804.38,45175,83136,0.78969854,7028755983,44958,6876860.21,0.13397036,152.9618802
2022-01-20,358.5056349,18960666.88,46679,92850,0.84861854,6797505916,47700,4195464.95,0.12809394,87.95524004
2022-01-21,315.547049,18961729.38,46207,90922,0.90782673,5983317748,44159,2039902.207,0.12124009,46.19448374
2022-01-22,290.8845113,18962523.13,43387,71893,0.7407688,5515904271,44685,4908898.389,0.11550377,109.8556202
2022-01-23,301.6388565,18963416.88,43362,70454,1.01083033,5720103381,43986,2614959.164,0.11024213,59.44980593
2022-01-24,292.0131395,18964166.88,43161,65936,0.76929724,5537785906,42759,1127448.407,0.10656135,26.36751109
2022-01-25,292.8233944,18965041.88,39933,94011,0.83596957,5553407936,41555,12824198.05,0.10174108,308.6078222
2022-01-26,289.6447938,18965954.38,50244,64947,1.08886164,5493389943,49622,32330661.3,0.09559254,651.5388597
2022-01-27,288.4754991,18966873.13,48523,73747,0.91271642,5471478191,46269,18580312.47,0.09101151,401.5715159
2022-01-28,296.3946196,18967773.13,46079,73455,0.74036162,5621945899,46830,12272343.01,0.08686855,262.0615634
2022-01-29,298.3163055,18968673.13,44476,69315,0.78072604,5658664487,46456,6629080.764,0.0830693,142.6959007
2022-01-30,291.0456962,18969604.38,40713,77496,0.69929067,5521021712,41078,4451623.338,0.10521951,108.3700116
2022-01-31,285.1697494,18970316.88,49401,64835,0.65077448,5409760509,49141,1450981.695,0.23945682,29.52690615
2022-02-01,288.515499,18971223.13,51743,107966,0.95984356,5473491907,51206,1113825.668,0.17839428,21.75185853
2022-02-02,278.5471242,18972241.88,50648,73262,1.00692943,5284663413,50536,6441476.751,0.20962899,127.4631303
2022-02-03,279.5652623,18973085.63,46594,64403,0.82607433,5304215659,47763,971531.0366,0.20581387,20.34066194
2022-02-04,304.8422858,18973929.38,49110,71412,0.93053542,5784056001,48136,779596.5262,0.19964802,16.19570646
2022-02-05,321.2722719,18974954.38,47238,65850,0.67469949,6096126702,48410,645257.984,0.18634542,13.32902259
2022-02-06,324.4744254,18975810.63,47340,63856,0.78883338,6157165250,46809,429929.9101,0.18221831,9.18477023
2022-02-07,342.69683,18976754.38,47841,66539,0.79171319,6503273568,48714,5610865.876,0.18082256,115.1797404
2022-02-08,336.8340797,18977604.38,47503,111878,1.04542481,6392303905,47887,11646957.68,0.17177426,243.2175264
2022-02-09,346.8536087,18978604.38,49668,61235,1.15804099,6582797416,49992,15911115.97,0.16082556,318.2732431
2022-02-10,343.0536998,18979460.63,49417,56950,0.81604223,6510974188,48257,11205478.65,0.15038522,232.2042118
2022-02-11,320.1607792,18980329.38,64953,74837,1.08035027,6076757042,65254,6995094.322,0.16235618,107.1979392
2022-02-12,328.329503,18981273.13,48887,69027,0.8317555,6232111972,48519,2189876.757,0.13932302,45.13441655
2022-02-13,334.364709,18982254.38,49935,72818,0.77549229,6346995960,49939,751183.074,0.14027049,15.04201273
2022-02-14,331.7312457,18983060.63,45438,78121,0.76370173,6297274349,46946,20452251.31,0.13534809,435.6548227
2022-02-15,343.1743686,18983960.62,53548,105516,0.83630128,6514808701,52688,20244576.89,0.12631811,384.235061
2022-02-16,336.4590211,18984823.12,48918,73598,0.71636196,6387615005,50065,17708283.4,0.12319244,353.7058504
2022-02-17,313.2836243,18985904.37,50999,73310,0.7457332,5947972933,50010,13845670.3,0.11595858,276.8580344
2022-02-18,310.9686316,18986798.12,55509,74861,0.84733284,5904298631,56696,8951082.437,0.08385064,157.8785529
2022-02-19,311.6291758,18987691.87,47056,68526,0.73552407,5917118768,47125,5569257.566,0.10460395,118.1805319
2022-02-20,303.8454486,18988654.37,48792,77089,0.69583686,5769616206,48566,3838377.177,0.10569851,79.03424571
2022-02-21,285.7111977,18989485.62,48667,72498,0.72473501,5425508682,46479,1463799.884,0.09681898,31.4937904
2022-02-22,293.1525055,18990391.87,50850,104183,0.80647716,5567080958,53198,18948949.67,0.08768186,356.1966554
2022-02-23,289.0995051,18991291.87,47765,64969,0.79314647,5490373083,48229,18040761.89,0.09333678,374.0646061
2022-02-24,300.2741453,18992223.12,50275,71712,0.82192309,5702873567,50142,9607396.821,0.09408587,191.6037817
2022-02-25,309.348741,18993116.87,48744,74384,0.83407606,5875496794,50112,4392029.498,0.09864365,87.64426681
2022-02-26,313.823235,18994060.62,51249,78407,0.80004697,5960777551,51094,4300192.711,0.08436393,84.16238131
2022-02-27,303.2933771,18994985.62,52235,71452,0.83184936,5761053339,52432,3365089.237,0.07776984,64.1800663
2022-02-28,336.1873681,18995829.37,83545,99941,0.89740636,6386157882,82369,2420523.876,0.01486176,29.38634529
2022-03-01,328.06103,18996554.37,58496,121986,1.13186536,6232029195,58145,4962940.447,0.05988624,85.35455236
2022-03-02,320.1863857,18997423.12,53904,80777,0.80587919,6082716247,55710,12463639.98,0.09818562,223.7235681
2022-03-03,315.3520896,18998354.37,55621,82581,0.84636987,5991170751,54815,21977464.15,0.12393921,400.9388699
2022-03-04,289.827292,18999223.12,56625,89685,0.94269314,5506493388,56352,17410448.93,0.11346528,308.9588467
2022-03-05,293.8665685,19000160.62,54171,82316,0.75113831,5583512003,54877,12468837.85,0.11373077,227.2142765
2022-03-06,283.109766,19001054.37,51939,74972,0.71915848,5379384057,51668,9667445.305,0.11886087,187.107016
2022-03-07,275.2503664,19001904.37,53799,78431,0.79863152,5230281142,53661,8695767.849,0.13001054,162.0500521
2022-03-08,284.1642136,19002773.12,56610,116458,0.88822017,5399908081,57696,3647171.81,0.14506426,63.21359904
2022-03-09,308.3307134,19003716.87,60552,85014,0.90267724,5859429582,60345,3218854.94,0.15999854,53.3408723
2022-03-10,290.3579973,19004604.37,53710,73205,0.7730238,5518138866,54541,4707128.607,0.14660036,86.30440599
2022-03-11,288.5355486,19005535.62,57131,81033,1.39651308,5483772648,57799,2515774.52,0.13554617,43.52626377
2022-03-12,291.3778598,19006454.37,53713,73790,0.80473952,5538059998,53625,3910682.745,0.13336824,72.92648474
2022-03-13,280.0587084,19007348.12,50855,73744,0.66611588,5323173366,50458,13918827.8,0.15014687,275.8497721
2022-03-14,289.2420605,19008198.12,49649,72158,0.57466104,5497970392,49125,10687094.2,0.14481148,217.5489913
2022-03-15,289.7752502,19009123.12,52369,104411,0.75809725,5508373410,53617,7070468.813,0.12420527,131.8699072
2022-03-16,299.3610103,19009985.62,53792,85858,0.86621045,5690848503,53131,3868166.046,0.1101578,72.80431472
2022-03-17,296.2907212,19010866.87,55450,72330,0.80669264,5632743457,54636,22624079.46,0.10170631,414.087405
2022-03-18,306.1012223,19011804.37,59177,82787,0.86557497,5819536558,59673,14917302.46,0.09035679,249.9841212
2022-03-19,326.413964,19012829.37,53708,82946,0.88904966,6206053003,55382,13191508.47,0.10855683,238.191262
2022-03-20,326.6384662,19013823.12,54420,82305,0.76194901,6210646022,53797,9904020.579,0.10060036,184.0998676
2022-03-21,334.814343,19014791.87,53865,79602,0.69949748,6366425049,54464,8713247.237,0.09545239,159.9817721
2022-03-22,377.6485997,19015866.87,56479,120868,0.87011994,7181315496,56407,5533692.656,0.0839977,98.10294211
2022-03-23,363.5976787,19016691.87,55329,80990,0.79271611,6914425022,54041,7400333.494,0.08036528,136.9392405
2022-03-24,366.1964613,19017516.87,49770,80532,11.97563117,6964147383,52320,3276480.611,0.08155475,62.62386488
2022-03-25,364.5192831,19018398.12,87941,103687,0.94246974,6932572850,85858,2161438.676,0.01494894,25.17457518
2022-03-26,362.1041655,19019291.87,51392,83110,0.73313343,6886964813,51620,492715.3649,0.07276343,9.54504775
2022-03-27,376.3519448,19020123.12,48793,76549,0.68382135,7158260328,51082,682265.683,0.07501914,13.35628368
2022-03-28,370.6234427,19020985.62,53501,84799,0.79351006,7049623176,52593,1473044.788,0.07314655,28.00838112
2022-03-29,372.780022,19021891.87,54005,104514,0.87068161,7090981271,53521,1779493.624,0.06825126,33.24851225
2022-03-30,380.5600839,19022854.37,54166,76730,0.82192866,7239339057,54842,11984596.22,0.06351241,218.5295252
2022-03-31,383.236202,19023929.37,70968,104968,1.02906736,7290658441,71841,11352808.04,0.03558304,158.0268654
2022-04-01,376.3753601,19024723.12,77123,105853,1.03803412,7160437017,77226,10703699.04,0.03842148,138.6022718
2022-04-02,374.096618,19025679.37,53996,79006,0.81076882,7117442308,52891,7370024.022,0.1307874,139.3436316
2022-04-03,378.8770654,19026548.12,54341,75866,1.07956986,7208722718,56418,3974077.906,0.10695955,70.43989339
2022-04-04,375.9350369,19027448.12,56620,79901,0.72314084,7153084413,55801,5396847.934,0.14781849,96.71597164
2022-04-05,367.0431678,19028323.12,63140,107691,1.01081332,6984215997,62251,4007196.397,0.10991116,64.3715988
2022-04-06,332.2588372,19029110.62,58158,78677,0.78618252,6322590169,57354,1950257.115,0.13431222,34.00385527
2022-04-07,337.3871289,19030035.62,75184,91649,1.02905109,6420489082,76901,1368464.43,0.08092027,17.79514479
2022-04-08,322.3823818,19030916.87,70016,92374,0.94701736,6135232311,70059,919347.0753,0.08057265,13.12246927
2022-04-09,325.464389,19031785.62,58606,77676,0.89036772,6194168480,60018,425969.413,0.10782047,7.097361
2022-04-10,320.665608,19032723.12,56811,75555,0.77498574,6103139732,56295,330238.9021,0.11199702,5.86622083
2022-04-11,295.1461221,19033554.37,56589,79953,0.81331854,5617679763,56283,702601.3976,0.12139751,12.48336793
2022-04-12,304.626973,19034485.62,76021,115763,0.91780634,5798417738,76502,594711.2274,0.07829421,7.77379973
2022-04-13,342.0976074,19035616.87,63740,81690,0.91704463,6512038989,63265,920326.4918,0.09528792,14.54716654
2022-04-14,337.8692893,19036529.37,62082,78940,1.06680884,6431858651,60461,780441.2504,0.09107459,12.90817635
2022-04-15,340.5835959,19037416.87,62553,76940,1.0159556,6483831897,62970,383810.4027,0.08238753,6.09513105
2022-04-16,343.3339245,19038341.87,57195,68831,0.84209107,6536508631,58294,322904.2734,0.08740276,5.53923685
2022-04-17,328.8854583,19039204.37,52704,68659,0.71221811,6261717456,52751,364692.1047,0.09080431,6.91346334
2022-04-18,340.1074893,19040066.87,51876,67463,0.71431568,6475669340,52674,768359.8449,0.0903332,14.58707986
2022-04-19,340.154656,19040941.87,56195,105683,0.81808706,6476865034,56793,748541.595,0.07694193,13.18017352
2022-04-20,330.7024398,19041754.37,58224,77616,0.93668645,6297154631,57391,466800.9063,0.07642556,8.13369528
2022-04-21,315.4111717,19042635.62,76608,95476,0.99947316,6006260014,77395,641144.836,0.04859493,8.28406015
2022-04-22,320.6819437,19043548.12,84213,99276,1.09556503,6106922026,80665,529016.0436,0.02564085,6.55818562
2022-04-23,314.0750215,19044423.12,56450,78927,0.82120043,5981377602,59749,486056.5096,0.07466745,8.13497313
2022-04-24,308.0438941,19045341.87,55982,76453,0.75784126,5866801275,56936,432678.1277,0.07391472,7.59937697
2022-04-25,314.7206416,19046260.62,59190,82086,0.78973247,5994251364,56888,1511782.876,0.07415177,26.57472359
2022-04-26,295.3554912,19047104.37,51903,92712,0.79363024,5625666868,54385,670208.0198,0.08492124,12.32339835
2022-04-27,307.238842,19048179.37,56209,68086,0.87302173,5852340573,57153,658304.2204,0.13039152,11.51827936
2022-04-28,306.5755855,19049010.62,88651,85731,1.00576453,5839961585,88721,502732.2549,0.01654912,5.66644035
2022-04-29,294.5803786,19049916.87,67892,107876,2.36974963,5611731725,65716,650313.7316,0.16137316,9.89582037
2022-04-30,277.2952052,19050716.87,57711,76159,1.37608526,5282672445,60732,570609.4752,0.15735356,9.39553242
2022-05-01,284.0406969,19051629.37,57827,71372,0.86961006,5411438084,57003,598331.3733,0.1838013,10.49648918
2022-05-02,285.4230437,19052516.87,57183,71309,0.97052842,5438027357,57133,772916.0949,0.23382274,13.5283653
2022-05-03,279.2568735,19053454.37,56999,100761,1.02353227,5320808098,57131,662738.788,0.22098351,11.60033586
2022-05-04,299.530664,19054360.62,57913,74833,0.95242286,5707365290,58114,855531.8282,0.22847137,14.72161317
2022-05-05,276.8442459,19055285.62,61155,71643,1.03610027,5275346180,59429,1026297.072,0.21713711,17.26929734
2022-05-06,275.3067087,19056191.87,56781,68719,0.97431499,5246297466,58457,3174865.572,0.20982237,54.31112735
2022-05-07,268.8233627,19057066.87,55792,62809,0.86779249,5122984801,54932,982146.9347,0.21174666,17.87932233
2022-05-08,261.624577,19058023.12,77590,76327,1.20754716,4986047238,77725,447524.9793,0.20569595,5.75779966
2022-05-09,223.216891,19058823.12,55806,77619,0.90039465,4254251243,57234,3516743.003,0.20994029,61.44499777
2022-05-10,231.2333711,19059716.87,55280,107350,0.87270707,4407242584,55973,2620638.45,0.19979383,46.81968896
2022-05-11,193.7483553,19060535.62,59862,90456,0.96881742,3692947429,58371,4797689.172,0.19622622,82.19302687
2022-05-12,193.9324269,19061423.12,58202,81023,0.94460208,3696628046,57783,5403160.287,0.18970305,93.50778407
2022-05-13,202.0548522,19062266.87,56158,81969,0.83778658,3851623516,57860,3640496.906,0.17953673,62.91906163
2022-05-14,210.7297732,19063335.62,59476,82533,1.20613143,4017212393,56633,2233396.567,0.16115698,39.43631039
2022-05-15,213.375275,19064129.37,49579,79813,1.01056635,4067813848,52859,1023003.6,0.15452234,19.35344218
2022-05-16,196.9518336,19064979.37,56626,72064,0.93613109,3754882645,56848,1044320.595,0.14024569,18.37040169
2022-05-17,206.4074695,19065916.87,55996,118956,0.94531311,3935347656,55551,890721.501,0.13009552,16.03430183
2022-05-18,188.7915491,19066723.12,53566,79976,0.83245378,3599636195,53995,822368.1192,0.12313325,15.23044947
2022-05-19,195.5430668,19067585.62,53582,76208,0.86359215,3728534169,54432,837880.2856,0.11214555,15.39315633
2022-05-20,190.9434349,19068541.87,55876,85031,0.92547448,3641012884,53617,1119975.513,0.1060153,20.88844047
2022-05-21,192.2244536,19069448.12,51633,71736,0.80275737,3665614245,54107,528301.1692,0.11692856,9.76400778
2022-05-22,198.8697238,19070304.37,50312,72662,0.81019015,3792506163,50981,411557.6299,0.13740395,8.07276495
2022-05-23,191.4990208,19071260.62,29965,77255,0.75958417,3652127734,29464,835134.6157,0.06848286,28.34423756
2022-05-24,195.6944689,19072098.12,27932,113968,0.68485549,3732304114,28910,870826.7526,0.08349591,30.12199075
2022-05-25,190.6769543,19072885.62,30020,76712,0.78365978,3636759741,29456,559391.2622,0.06859166,18.99074083
2022-05-26,181.372933,19073704.37,35485,169269,1.92105251,3459453705,36066,1635328.864,0.3970682,45.34267355
2022-05-27,173.6170376,19074535.62,29739,80721,0.80762008,3311664368,29978,1386470.769,0.29291365,46.24960868
2022-05-28,179.0624233,19075479.37,155622,72579,1.24582633,3415701563,154894,702330.5515,0.28833781,4.5342657
2022-05-29,185.0867349,19076429.37,54503,69888,0.81490365,3530794025,54022,528293.1666,0.24678878,9.77922266
2022-05-30,196.7721181,19077285.62,52908,78094,0.83133192,3753877900,53753,927103.355,0.22803203,17.24747186
2022-05-31,204.2042424,19078248.12,51819,125599,1.01347378,3895859205,51319,1255296.081,0.1930838,24.46064969
2022-06-01,186.3527171,19079098.12,46449,82572,0.88862039,3555441775,46161,668584.9182,0.1794936,14.48376157
2022-06-02,189.1578488,19079973.12,41488,133792,0.83524146,3609126671,42648,1032503.808,0.1731465,24.20989982
2022-06-03,182.9101629,19080848.12,41455,74103,0.8584361,3490081039,41852,2248790.198,0.18463533,53.73196497
2022-06-04,188.2330846,19081860.62,41469,71942,0.78623123,3591837484,40785,531489.3527,0.15975599,13.0314908
2022-06-05,179.8673834,19082648.12,41006,68283,0.8341438,3432345987,40872,1003473.957,0.15313386,24.55162354
2022-06-06,185.3736453,19083479.37,39941,68165,0.72918831,3537574136,40733,1357157.391,0.14650877,33.31837553
2022-06-07,182.4865293,19084348.12,42309,114646,1.0364215,3482636453,41894,914263.3813,0.1393058,21.82325348
2022-06-08,176.8273515,19085298.12,39793,74506,0.82942979,3374802721,39997,1088937.108,0.13283813,27.2254696
2022-06-09,175.3047927,19086166.87,44302,76453,0.91219376,3345896527,45241,1338827.306,0.20021537,29.59322972
2022-06-10,167.8812608,19087029.37,40756,77477,0.84111151,3204354555,41499,1117456.588,0.16374511,26.92731362
2022-06-11,156.6721747,19087860.62,42617,73750,1.32982699,2990536635,40091,1055342.442,0.16198664,26.32367469
2022-06-12,147.755378,19088760.62,38385,62852,1.05113378,2820467041,40937,910409.1357,0.1598543,22.23927341
2022-06-13,125.9866455,19089635.62,43160,75551,1.08448511,2405039156,40864,2717388.806,0.19582802,66.49835567
2022-06-14,125.7560366,19090541.87,41160,120945,1.66518075,2400750882,43869,3221350.044,0.19069616,73.43112548
2022-06-15,127.1342864,19091485.62,42675,74162,1.71152539,2427182402,42107,2434266.753,0.18282851,57.81145066
2022-06-16,108.8089379,19092216.87,76151,84330,1.18555626,2077403840,76865,3165128.923,0.01687448,41.17776521
2022-06-17,120.6002254,19093329.37,41987,73460,1.29642494,2302659827,41372,1787490.403,0.15140054,43.20531767
2022-06-18,116.4417516,19094391.87,43787,77204,1.44740186,2223384435,43510,2272704.551,0.15438944,52.23407379
2022-06-19,119.4390963,19095210.62,40585,78607,1.42129603,2280714700,39858,1550314.274,0.15345781,38.89593743
2022-06-20,118.6114291,19096041.87,40019,71969,1.29373075,2265008817,40962,1176603.095,0.14140513,28.72425894
2022-06-21,118.8272728,19096860.62,42208,115170,1.6077998,2269227867,42979,2176192.664,0.13816844,50.63385988
2022-06-22,113.2460064,19097716.87,42240,77373,1.75307875,2162740167,42685,1117513.02,0.13075528,26.18046198
2022-06-23,116.243181,19098573.12,43651,74666,1.79540806,2220078893,42935,893867.081,0.13812807,20.81907723
2022-06-24,114.8504026,19099391.87,40902,74322,1.28853266,2193572845,40881,2358798.343,0.13462065,57.69913511
2022-06-25,115.0896703,19100285.62,41734,66973,0.8760064,2198245574,41960,4973487.862,0.12941875,118.5292627
2022-06-26,113.3631779,19101179.37,39837,71626,1.29116964,2165370395,39552,920723.9117,0.09740845,23.27882058
2022-06-27,111.3437904,19102066.87,40421,66531,2.17941226,2126896530,41688,1534099.944,0.13958204,36.79955728
2022-06-28,102.8135614,19102885.62,38675,105719,2.19616145,1964035704,38314,1644916.759,0.15986428,42.9325249
2022-06-29,104.0935368,19103810.62,30541,50296,1.62822213,1988583214,31967,1193282.717,0.17232724,37.32857999
2022-06-30,101.0862717,19104729.37,34247,56829,1.9508418,1931225865,33292,1262282.268,0.1584906,37.91548324
2022-07-01,101.8815195,19105610.62,32716,54447,2.16931567,1946508642,33806,1341295.566,0.19909351,39.67625763
2022-07-02,106.3391086,19106648.12,30917,56551,1.84248123,2031783930,30470,602110.979,0.17341091,19.7607804
2022-07-03,105.8600944,19107554.37,28961,55875,1.82699826,2022727509,29770,791889.7749,0.15041244,26.60026116
2022-07-04,107.9108052,19108373.12,31204,59575,2.05462911,2061999930,31349,959340.3375,0.20281796,30.60194384
2022-07-05,104.2058028,19109185.62,31372,108069,1.92860669,1991288028,31258,972846.0583,0.28933121,31.12310634
2022-07-06,106.2113713,19110060.62,28906,65008,0.85487794,2029705745,28911,872168.6995,0.2853736,30.16736534
2022-07-07,111.8071516,19110923.12,33759,71654,0.75038303,2136737879,33570,921802.8019,0.26360096,27.45912427
2022-07-08,109.2858622,19111760.62,27348,58396,1.01039334,2088645237,28517,858281.5378,0.24586095,30.09718896
2022-07-09,111.5528954,19112748.12,30428,60735,0.75427222,2132082393,30243,987401.7202,0.22162979,32.6489343
2022-07-10,106.7765661,19113635.62,28407,56973,0.68970617,2040888378,27751,787247.3301,0.1776066,28.36825087
2022-07-11,99.10103814,19114398.12,33409,66686,0.81729416,1894256697,34214,590070.3806,0.17042395,17.24645994
2022-07-12,97.84976416,19115391.87,33853,111745,0.77020059,1870436587,33607,633139.9397,0.1653064,18.83952568
2022-07-13,102.0969874,19116235.62,42822,68747,0.83879821,1951710067,42208,761024.9123,0.15645752,18.03034761
2022-07-14,103.0109521,19117141.87,33010,58802,0.68740242,1969274986,34093,772101.527,0.1474679,22.64692244
2022-07-15,106.065503,19118073.12,28796,61965,0.74723035,2027768043,29168,793250.9033,0.14406734,27.19593058
2022-07-16,109.8097563,19119048.12,28292,60800,0.70682887,2099458016,28628,431052.279,0.14784262,15.05701687
2022-07-17,111.1025176,19119991.87,29234,55972,1.06144701,2124279234,28923,709824.3375,0.12923531,24.54186417
2022-07-18,121.1489599,19120904.37,29025,62154,0.74990656,2316477678,29763,886337.8413,0.12288988,29.77985556
2022-07-19,128.4129065,19121860.62,34141,116200,0.87099947,2455493701,33477,1423543.663,0.13532865,42.5230356
2022-07-20,121.8013543,19122641.87,31470,82674,1.01149284,2329163677,32199,1209703.343,0.13483038,37.56959356
2022-07-21,123.0987517,19123491.87,32871,63562,0.79854912,2354077978,31225,1276018.191,0.10517526,40.86527433
2022-07-22,123.2195362,19124441.87,31446,56276,0.8237983,2356504857,33668,944921.217,0.12112916,28.06585532
2022-07-23,122.8424514,19125385.62,31843,55731,0.82151577,2349409254,31756,685050.2683,0.14283467,21.57230974
2022-07-24,132.8878621,19126441.87,31230,61929,0.76964722,2541671970,30697,512379.4772,0.11284977,16.69151634
2022-07-25,119.9362455,19127229.37,31596,65520,0.83294775,2294048078,31734,1111499.925,0.14635902,35.0255223
2022-07-26,118.3983974,19128110.62,31843,101995,0.80913595,2264737643,33182,806452.899,0.11794725,24.30392679
2022-07-27,127.053655,19128979.37,31949,62192,0.88248747,2430406746,31662,750271.0911,0.10600263,23.69626337
2022-07-28,154.2197123,19130279.37,35133,72107,0.98856203,2950266180,34727,1515391.235,0.12616362,43.63726307
2022-07-29,153.5964736,19131166.87,34175,75624,0.90401219,2938479768,34637,4526061.304,0.13147355,130.6712851
2022-07-30,144.6483698,19131935.62,31374,71570,0.73469596,2767403298,31186,1302809.232,0.12455694,41.77545154
2022-07-31,139.9444749,19132848.12,30772,57677,0.68732089,2677536384,30726,606925.9152,0.11332347,19.75284499
2022-08-01,138.0905916,19133654.37,31861,68154,0.75884146,2642177651,31639,912596.9245,0.09592569,28.84405083
2022-08-02,134.3831112,19134485.62,32220,102580,0.88468272,2571351708,32737,638863.1161,0.09339509,19.51501714
2022-08-03,134.1475591,19135435.62,29417,44475,0.5872743,2566971981,29500,580775.1055,0.11419344,19.68729171
2022-08-04,134.5152624,19136373.12,30009,59622,0.65882708,2574134253,30557,710614.9676,0.10359836,23.2553905
2022-08-05,140.4771547,19137304.37,29848,42473,0.62462722,2688354067,30813,555549.947,0.10302085,18.02972599
2022-08-06,141.8473602,19138316.87,31498,48179,0.72557184,2714719726,30976,535501.387,0.11468649,17.28762225
2022-08-07,141.0894299,19139198.12,30589,44462,0.75652146,2700338552,30600,674440.871,0.10193309,22.04055133
2022-08-08,143.6082221,19140004.37,32414,48525,0.65020915,2748661999,32501,798782.7128,0.12050626,24.5771734
2022-08-09,134.6652534,19140848.12,30733,96501,0.73532932,2577607164,31485,782780.0002,0.11177493,24.86199778
2022-08-10,142.137425,19141804.37,33222,63515,0.72973857,2720766784,31168,1340655.552,0.10002454,43.01384599
2022-08-11,142.7550266,19142716.87,29188,50338,0.57643614,2732719057,30841,695679.6537,0.11572818,22.5569746
2022-08-12,142.9672265,19143585.62,31750,55274,0.76886168,2736905341,32055,730263.1804,0.11191939,22.78156856
2022-08-13,144.4459435,19144491.87,32169,49475,0.75561007,2765344191,31430,591431.7017,0.10579635,18.81742607
2022-08-14,139.4067967,19145323.12,31467,45680,0.72630173,2668988168,32407,643003.0385,0.08332037,19.84148605
2022-08-15,137.2283766,19146191.87,32358,47770,0.7360237,2627400829,33219,1240519.085,0.09773118,37.34366132
2022-08-16,136.297139,19147098.12,34736,91794,0.78483056,2609694695,34434,813970.4877,0.097543,23.63856908
2022-08-17,133.8020325,19148016.87,34872,53213,0.7336673,2562043576,34302,845954.152,0.09029646,24.66194834
2022-08-18,129.4476087,19148929.37,33161,50656,0.74986059,2478783116,32980,970628.1612,0.08465998,29.43081143
2022-08-19,114.4836822,19149729.37,33355,51790,0.864956,2192331532,34726,1331821.399,0.09758467,38.35228355
2022-08-20,114.589042,19150585.62,33516,46504,0.72032077,2194447261,33561,591370.2883,0.10614545,17.62075886
2022-08-21,119.5677708,19151560.62,31958,52116,0.73155252,2289909411,32492,753631.2763,0.10214155,23.19436403
2022-08-22,122.2197984,19152523.12,31536,50470,0.70002548,2340817515,31441,1134395.378,0.10326364,36.08013035
2022-08-23,133.4575572,19153660.62,33979,95090,0.8695443,2556200759,33984,1277017.227,0.11088112,37.57701351
2022-08-24,131.2747258,19154498.12,33430,54778,0.81252465,2514501489,32870,937946.8934,0.10198377,28.53504391
2022-08-25,130.617548,19155385.62,32127,50690,0.74084229,2502029502,32191,964708.7365,0.17214328,29.96827487
2022-08-26,115.8728964,19156141.87,33153,53005,0.9110583,2219677643,33299,672341.1338,0.1663179,20.19103077
2022-08-27,115.395714,19157060.62,31143,48309,0.69032067,2210642688,32009,1240872.266,0.14597399,38.76635528
2022-08-28,114.325256,19157998.12,30164,42012,0.67812422,2190243039,29888,469103.4568,0.12403497,15.69537797
2022-08-29,119.3290764,19158910.62,30418,64804,0.6246689,2286215111,30904,830606.1805,0.14025053,26.87697969
2022-08-30,114.729703,19159773.12,27584,67339,0.47991926,2198195079,27725,747937.6191,0.14304984,26.9770106
2022-08-31,115.0041513,19160873.12,24441,31820,0.42037647,2203579951,24399,668425.5842,0.14965187,27.39561392
2022-09-01,116.7828208,19161804.37,24590,30562,0.39188733,2237769566,24757,550496.4653,0.14540663,22.23599245
2022-09-02,116.2712212,19162679.37,24779,39652,0.44707226,2228068132,25177,899792.5058,0.14421923,35.73867044
2022-09-03,117.5834792,19163641.87,22673,31114,0.3526389,2253327686,23170,579285.7659,0.14121722,25.00154362
2022-09-04,117.9957146,19164548.12,21442,30616,0.38711492,2261334550,21518,407071.5313,0.13815061,18.9177215
2022-09-05,125.6041235,19165604.37,22745,33625,0.41518467,2407278939,23102,766964.482,0.13872742,33.19905125
2022-09-06,112.5608014,19166404.37,25834,71216,0.48652491,2157385836,25084,656486.3388,0.13674613,26.17151725
2022-09-07,118.7323169,19167335.62,22834,31020,0.42238473,2275782168,23724,741769.5781,0.13569488,31.26663202
2022-09-08,127.260433,19168435.62,24641,35047,0.422753,2439383417,24341,861433.572,0.13586999,35.39022932
2022-09-09,132.4690749,19169148.12,24498,33835,0.48994355,2539319318,25264,952401.1014,0.13235779,37.69795366
2022-09-10,133.0765206,19169998.12,24308,36661,0.39026124,2551076651,24074,757933.1063,0.12393505,31.48347205
2022-09-11,130.0180061,19170885.62,23516,32260,0.34152305,2492560325,22608,513499.2909,0.1214719,22.7131675
2022-09-12,128.6408254,19171666.87,22622,30924,0.31390663,2466259051,23676,1165417.946,0.1205376,49.22359969
2022-09-13,117.3738037,19172635.62,24118,70104,0.38163795,2250365170,23845,1163382.903,0.11720577,48.78938572
2022-09-14,120.2115826,19173616.87,23630,30674,0.37416532,2304890828,23985,982840.656,0.11928238,40.97730481
2022-09-15,117.6948419,19174535.62,23487,29206,0.33899471,2256743939,23353,968496.1866,0.1146462,41.47202443
2022-09-16,119.2641088,19175460.62,24238,31177,0.48563205,2286944221,24748,881000.2571,0.11233558,35.59884665
2022-09-17,122.1106315,19176416.87,22694,35895,0.54735735,2341644373,22772,736188.9754,0.11025019,32.32869205
2022-09-18,112.0102083,19177185.62,21616,32292,0.31348335,2148040557,21992,1410098.646,0.10585162,64.11870888
2022-09-19,112.2860063,19178048.12,22464,56827,0.41604716,2153426433,22855,1645127.513,0.10745419,71.98107691
2022-09-20,112.7567009,19179060.62,24467,62116,0.42381301,2162567602,24532,1291339.254,0.10174731,52.63897171
2022-09-21,108.9198009,19179916.87,23059,38918,0.41781919,2089072727,22698,867330.2399,0.10635015,38.21174728
2022-09-22,116.5128879,19180810.62,24121,33377,0.31766039,2234811638,25106,781165.5487,0.08969687,31.11469564
2022-09-23,120.0630437,19181841.87,23822,33776,0.37250338,2303030319,23644,1090806.44,0.10237132,46.13459818
2022-09-24,118.1189253,19182779.37,22219,33735,0.34037548,2265849285,22186,659559.2474,0.112796,29.72862378
2022-09-25,113.3417801,19183585.62,19634,29755,0.40370242,2174301743,19709,473830.0249,0.12593191,24.04130218
2022-09-26,115.9961499,19184485.62,19734,47953,0.39047555,2225326471,20004,781939.5558,0.12584006,39.08915996
2022-09-27,114.3588087,19185354.37,21741,67462,0.40182523,2194014272,21955,829925.2616,0.12531717,37.80119615
2022-09-28,114.2918291,19186166.87,25307,40709,0.4260344,2192822106,24962,731637.416,0.1000013,29.31004791
2022-09-29,116.8159524,19187085.62,26721,37148,0.43038164,2241357680,26997,1004821.201,0.06210981,37.21973557
2022-09-30,120.2258822,19188123.12,25723,37940,0.64265138,2306909031,26252,957976.2895,0.0849087,36.49155453
2022-10-01,117.073645,19188960.62,19708,30996,0.39696838,2246521563,19746,460097.9791,0.11857569,23.30081936
2022-10-02,114.342563,19189829.37,19648,30863,0.43829582,2194214274,19653,1191502.863,0.10914107,60.62702199
2022-10-03,116.2467171,19190691.87,19461,72549,0.7288939,2230854928,20059,974826.2289,0.1118705,48.5979475
2022-10-04,121.2711634,19191610.62,26179,52779,0.53397963,2327388947,25625,1323781.945,0.04966443,51.65978323
2022-10-05,122.1384371,19192560.62,23490,38080,0.3948124,2344149359,24296,1257466.398,0.07095553,51.75610792
2022-10-06,118.4818274,19193410.62,22831,42524,0.55100875,2274070364,22425,1041571.598,0.09521976,46.44689399
2022-10-07,116.713951,19194304.37,24164,51540,0.76669593,2240243101,24406,1263651.986,0.09198043,51.77628395
2022-10-08,116.9547069,19195235.62,23891,47543,0.76909612,2244973156,24265,967206.9736,0.10169887,39.86016788
2022-10-09,117.0512893,19196129.37,23236,45444,0.69983805,2246931693,23508,810552.2791,0.10466455,34.47984852
2022-10-10,111.7441016,19197329.37,22431,80491,0.62603325,2145188324,22344,1068345.354,0.08937603,47.81352284
2022-10-11,110.9820551,19198185.62,22178,56904,0.52926889,2130654095,22168,1317497.652,0.08051646,59.4324094
2022-10-12,111.9325995,19199079.37,23210,48980,0.61085824,2149002862,23771,1148288.002,0.0792356,48.3062556
2022-10-13,108.9872815,19199879.37,22101,49940,0.573234,2092542658,22075,1548306.185,0.09488717,70.13844553
2022-10-14,107.497454,19200766.87,23898,46285,0.76962105,2064033554,24290,1193160.052,0.07637114,49.12145128
2022-10-15,108.12864,19201710.62,22131,45003,0.65776004,2076254855,22021,1177936.768,0.07829561,53.49152028
2022-10-16,110.3275954,19202654.37,22389,43894,0.6417866,2118582683,22368,965281.1618,0.08140139,43.15455837
2022-10-17,110.637667,19203510.62,23690,68202,0.62312661,2124631614,23537,862832.7278,0.06500394,36.65856854
2022-10-18,108.7844498,19204373.12,21876,56419,0.44735382,2089137164,22606,783914.8877,0.06514696,34.67729309
2022-10-19,106.0595454,19205248.12,18809,27130,0.26837435,2036899886,19084,733598.3421,0.09938846,38.44049162
2022-10-20,106.3237171,19206166.87,18394,31901,0.44914334,2042071053,18168,852125.7235,0.20847889,46.90256073
2022-10-21,107.0093102,19207035.62,18653,44049,0.42416906,2055331632,19182,1168847.186,0.16518899,60.93458379
2022-10-22,108.64381,19208010.62,17077,35592,0.3016809,2086831456,17370,731137.2801,0.19720816,42.09195625
2022-10-23,110.8613716,19208879.37,17292,30510,0.33278145,2129522715,17615,580093.0198,0.18879771,32.93176382
2022-10-24,107.897025,19209829.37,18432,41964,0.64108478,2072683440,18300,891894.2154,0.18251158,48.73738881
2022-10-25,112.7702398,19210716.87,19781,76587,0.71582575,2166397149,19979,975415.416,0.1637381,48.82203393
2022-10-26,114.7614649,19211616.87,25473,48494,0.68318165,2204753295,25196,1232561.285,0.12534228,48.91892699
2022-10-27,112.5987681,19212560.62,19639,44418,0.50726545,2163310658,19980,1032203.402,0.13123313,51.66183191
2022-10-28,115.5837397,19213460.62,18577,42222,0.8455304,2220763631,19013,709740.2309,0.11015983,37.32920795
2022-10-29,118.2957641,19214379.37,18353,40577,0.7194659,2272979690,18385,890389.9703,0.09568991,48.43024042
2022-10-30,116.1217792,19215260.62,18159,39731,0.31926533,2231310251,18366,706689.5478,0.16793773,38.47814155
2022-10-31,115.1173678,19216154.37,17856,40544,0.32294612,2212113111,18164,975066.9463,0.16373409,53.6812897
2022-11-01,115.0401662,19217054.37,21009,81648,0.36114666,2210733128,20887,793769.2381,0.14205707,38.00302762
2022-11-02,113.451492,19217904.37,20200,54660,0.32988491,2180299923,20157,1341158.086,0.12040548,66.53559982
2022-11-03,115.5821623,19218929.37,20114,49624,0.3228285,2221365414,19582,1155871.632,0.10001997,59.02725117
2022-11-04,123.4477363,19219854.37,20144,44431,0.39121316,2372647514,21229,1040960.154,0.31311223,49.03481812
2022-11-05,123.7249115,19220760.62,15997,43294,0.33343337,2378086908,16019,1126437.793,0.33835595,70.31885844
2022-11-06,116.8232864,19221573.12,13783,33515,0.29840258,2245527342,13964,969118.8132,0.38414211,69.40123268
2022-11-07,117.4542807,19222473.12,17072,74296,0.34363846,2257761754,17078,1146082.776,0.31894989,67.10872324
2022-11-08,103.0005823,19223341.87,19228,51694,0.33062053,1980015407,19623,1750497.556,0.27616822,89.20641881
2022-11-09,88.67524634,19224285.62,17531,40705,0.40677851,1704718263,17006,2105191.58,0.50248428,123.7911078
2022-11-10,102.6282142,19225216.87,15575,41879,0.32042739,1973049675,15926,1875161.759,0.75735883,117.7421675
2022-11-11,102.1457374,19226210.62,23337,51607,0.43465135,1963875462,24001,1419381.581,0.22547154,59.13843511
2022-11-12,102.0509543,19227135.62,17616,38944,0.33705497,1962147539,17146,951711.4041,0.44953227,55.50632241
2022-11-13,99.19631771,19227998.12,15337,31238,0.38315686,1907346611,16063,846410.1823,0.48230533,52.69315708
2022-11-14,103.5890826,19228954.37,13480,40422,0.36407262,1991909742,13913,1995425.652,1.52530443,143.4216669
2022-11-15,103.6830046,19229829.37,16960,79213,0.43459589,1993806488,16507,1231843.382,0.48386659,74.62551537
2022-11-16,104.4183879,19230791.87,22715,45447,0.49588988,2008048285,20347,1193073.403,0.36616288,58.6363298
2022-11-17,103.6681587,19231660.62,20294,39344,0.53944726,1993710846,22352,848876.094,0.121416,37.97763484
2022-11-18,104.5245878,19232598.12,16998,42793,0.44104401,2010279391,18216,955028.1536,0.34681466,52.42798383
2022-11-19,104.6827192,19233516.87,14463,40433,0.56106886,2013416846,14101,543029.5332,0.70275261,38.51000164
2022-11-20,104.3885101,19234473.12,15125,36815,0.57701309,2007857991,15197,646990.0231,0.65808222,42.57353577
2022-11-21,103.2228095,19235410.62,13463,30726,0.51613057,1985533126,14273,731050.3329,0.47075953,51.2191083
2022-11-22,108.8478504,19236329.37,15622,78288,0.79483991,2093833102,15538,883155.9943,0.46659309,56.83846018
2022-11-23,114.6913077,19237348.12,18157,44943,0.48846456,2206356613,18348,1096345.729,0.25205351,59.75287381
2022-11-24,115.7588264,19238323.12,18278,44907,0.48239043,2227005707,18045,743109.9143,0.2270405,41.1809318
2022-11-25,113.8397195,19239154.37,19857,51138,0.53263349,2190179938,19975,773218.7997,0.19262085,38.70932664
2022-11-26,112.3601265,19239998.12,14486,39703,0.26969698,2161808622,14824,564038.6884,0.21902498,38.04902107
2022-11-27,111.1857067,19240960.62,14339,53201,0.36004365,2139319804,13500,591722.6469,0.46988132,43.83130718
2022-11-28,109.9905828,19241785.62,13426,50635,0.30985698,2116415215,14759,892514.8113,0.22269256,60.47258021
2022-11-29,111.1308553,19242666.87,12665,65963,0.34073228,2138454028,12803,744785.7874,0.58203999,58.1727554
2022-11-30,113.4590296,19243516.87,13836,47790,0.30055374,2183350751,13968,918398.3384,0.5210974,65.7501674
2022-12-01,110.2110118,19244379.37,13986,46620,0.33720849,2120942522,13995,870603.5463,0.45789057,62.2081848
2022-12-02,111.9436565,19245304.37,25899,57026,0.44784842,2154389743,25966,799035.1849,0.03391756,30.77236327
2022-12-03,109.6929287,19246198.12,30254,55256,0.4924872,2111171839,30324,651444.0482,0.01554778,21.4827875
2022-12-04,111.1366291,19247104.37,22105,41825,0.39289706,2139058301,22062,514824.8648,0.04393031,23.33536691
2022-12-05,110.3872976,19248054.37,23452,88941,0.45108012,2124740707,23314,927208.5315,0.03365656,39.77046116
2022-12-06,111.9767823,19248748.12,29009,66932,0.3589401,2155412878,29244,680671.5314,0.00258551,23.27559606
2022-12-07,109.2217827,19249648.12,16317,44112,0.25404139,2102480885,16797,680640.3349,0.08031419,40.52154163
2022-12-08,111.8547516,19250560.62,22760,39679,0.32308906,2153266676,22851,556204.1994,0.00626146,24.34047522
2022-12-09,109.656243,19251373.12,30553,48919,0.42777151,2111033249,31141,649262.2638,0.00327437,20.84911415
2022-12-10,109.0794325,19252304.37,16001,43138,0.29072526,2100030435,15956,417947.1239,0.22561853,26.19372799
2022-12-11,106.2866913,19253135.62,15946,45925,0.29530961,2046352082,16160,463165.4266,0.17251041,28.66122689
2022-12-12,106.1778856,19254035.62,14735,80637,0.45799848,2044352792,14614,738523.5971,0.23553054,50.53534946
2022-12-13,109.9911994,19254904.37,16323,57305,0.44313485,2117870026,16744,885738.5664,0.22599774,52.89886325
2022-12-14,109.1322544,19255741.87,13462,42384,0.28190775,2101422520,13505,856756.6412,0.4947764,63.43995862
2022-12-15,107.1375723,19256698.12,15054,37757,0.53981853,2063115888,15132,632431.2397,0.23417307,41.79429286
2022-12-16,100.0010777,19257498.12,13557,39386,0.39760364,1925770567,13553,669989.3068,0.26062423,49.43476033
2022-12-17,103.0359025,19258479.37,14471,38258,0.50237974,1984314803,14825,676957.7318,0.30323766,45.66325341
2022-12-18,102.1991473,19259398.12,12900,33613,0.32980895,1968294066,12830,371332.7107,0.22064796,28.94253396
2022-12-19,98.64347866,19260316.87,15689,37242,0.55287724,1899904656,15670,823053.5267,0.789996,52.52415614
2022-12-20,101.9479855,19261204.37,14095,72030,0.48196464,1963640984,14938,869773.6276,0.46078174,58.22557421
2022-12-21,100.2429656,19262110.62,11375,41665,0.48697743,1930891093,11535,1557838.816,0.56959975,135.0532133
2022-12-22,101.3748989,19262929.37,11413,36503,0.49379409,1952777519,10935,4826333.28,0.71424656,441.3656406
2022-12-23,101.8804426,19263898.12,9275,35986,0.34599026,1962614468,9992,606490.8788,1.33581498,60.69764599
2022-12-24,101.772395,19264716.87,10930,34710,0.28589056,1960616376,10633,369291.2176,0.46062502,34.73067032
2022-12-25,101.2799106,19265579.37,11555,40859,0.49325247,1951216157,12116,502633.8755,0.31040624,41.48513333
2022-12-26,103.3124217,19266554.37,11662,43592,0.30860007,1990474391,11629,546062.5805,1.0350119,46.95696796
2022-12-27,101.5893385,19267466.87,12097,74282,0.41129972,1957369214,12293,588879.5227,0.43427435,47.90364619
2022-12-28,98.99453002,19268385.62,13361,45714,0.76001289,1907464779,13639,893099.9054,0.82332452,65.48133333
2022-12-29,98.32719634,19269229.37,10795,53779,0.36289002,1894689300,10757,659386.3933,1.00953425,61.29835393
2022-12-30,96.53083831,19270166.87,14706,61582,0.36537823,1860165363,14605,1909058.349,0.83914809,130.7126565
2022-12-31,96.89151172,19271060.62,13641,53553,0.47273644,1867202196,14100,829851.0457,0.99999774,58.85468409
2023-01-01,96.86168693,19271979.37,12598,43702,0.31114736,1866716433,12371,479912.6066,0.68106357,38.79335596
2023-01-02,99.31227564,19272916.87,12298,77111,0.40852034,1914037233,12691,573871.7531,0.8158282,45.21879702
2023-01-03,99.58312309,19273710.62,15954,59917,0.53089902,1919336298,15905,873393.3311,0.24999435,54.9131299
2023-01-04,101.4481752,19274610.62,14366,47245,0.45004528,1955374076,15019,1624936.153,0.50784292,108.1920336
2023-01-05,100.9969534,19275535.62,11319,51437,0.3802248,1946770374,11110,779816.5662,1.16517058,70.19051
2023-01-06,101.5170318,19276429.37,12524,37865,0.4251536,1956885894,13000,819426.0656,0.88072669,63.03277427
2023-01-07,101.4803265,19277341.87,10419,29251,0.34234188,1956270948,10242,344784.9988,0.91610345,33.66383506
2023-01-08,103.2864506,19278254.37,11397,31614,0.35009278,1991182468,11317,361927.8206,0.77566001,31.98089781
2023-01-09,107.0628356,19279248.12,14578,66445,0.47048189,2064090972,14915,824728.9419,0.33718008,55.29526931
2023-01-10,107.4382217,19280116.87,14591,53865,0.85285983,2071421470,14863,1816716.719,0.0583399,122.2308228
2023-01-11,109.3756297,19280991.87,14161,35899,0.3393944,2108870627,13849,588871.1316,0.124337,42.52084133
2023-01-12,119.5620971,19281979.37,13308,38538,0.44261986,2305393891,13491,691991.3364,0.36517,51.29281271
2023-01-13,124.1602263,19282854.37,11374,41096,0.49898531,2394163563,11707,876612.9695,0.62188097,74.87938579
2023-01-14,125.9559525,19283641.87,11068,32007,0.45170859,2428889479,11268,1615651.104,0.41473497,143.384017
2023-01-15,124.8881469,19284641.87,9481,29516,0.51493696,2408423188,10031,506770.1631,0.5118116,50.52040305
2023-01-16,124.0334257,19285598.12,9879,43039,0.35179173,2392058802,9742,814057.9798,0.54005262,83.56168957
2023-01-17,122.9438284,19286516.87,11733,71228,0.41114865,2371158221,11997,1713761.448,0.60409555,142.8491663
2023-01-18,119.4478024,19287385.62,11566,33280,0.32340621,2303835827,11214,669422.8262,0.59388955,59.69527609
2023-01-19,121.5299317,19288279.37,9894,34171,0.25488323,2344103275,10798,530023.999,0.36436194,49.08538609
2023-01-20,127.7013655,19289116.87,11236,32863,0.4126523,2463246564,10866,454912.3789,0.41959628,41.86567079
2023-01-21,128.7262222,19290060.62,12150,34315,0.41014405,2483136629,12001,525927.9841,0.42870196,43.82368003
2023-01-22,128.6635137,19290966.87,10139,33671,0.32993876,2482043580,10737,523777.5535,0.42575826,48.78248611
2023-01-23,133.4232817,19291916.87,10924,35061,0.4234116,2573990860,11082,1635248.552,0.37264578,147.5589742
2023-01-24,128.1856334,19292735.62,11366,62801,0.46462952,2473051537,11230,1543818.87,0.29145913,137.47274
2023-01-25,131.9122308,19293641.87,8952,35215,0.39567132,2545067339,9513,584828.9152,0.42440415,61.47681228
2023-01-26,134.0633893,19294598.12,16812,36638,0.49436774,2586699220,16271,648641.8736,0.04708688,39.86490526
2023-01-27,134.8228054,19295479.37,11257,39446,0.42238469,2601470660,12057,756354.798,0.36544492,62.73159144
2023-01-28,132.4819958,19296391.87,9794,28296,0.29269334,2556424508,9925,470150.7167,0.87005797,47.37034928
2023-01-29,136.6597838,19297410.62,9440,32158,0.35907292,2637179964,9500,631538.2865,0.80298309,66.47771436
2023-01-30,130.7253397,19298260.62,10610,67539,0.39642422,2522771676,10745,783094.6548,0.65751033,72.87991203
2023-01-31,133.1443363,19299185.62,12097,52552,0.42076228,2569577261,12110,769432.2466,0.59092806,63.536932
2023-02-01,136.3613091,19300098.12,12337,45237,0.41335691,2631786646,11780,585961.5351,0.55528092,49.74206579
2023-02-02,136.6759303,19301016.87,19669,46927,0.44500582,2637984437,20685,605067.1159,0.00940195,29.25149218
2023-02-03,137.9157209,19301885.62,11779,39568,0.31598892,2662033470,11986,494565.5333,0.38126298,41.26193336
2023-02-04,138.5005053,19302885.62,11759,38055,0.3831278,2673459412,11532,538507.0131,0.28971444,46.69675798
2023-02-05,134.5453989,19303741.87,10618,28636,0.36407017,2597229652,11016,448144.2867,0.21252865,40.68121702
2023-02-06,131.3621158,19304623.12,12153,58459,0.3975883,2535896139,11551,477878.6212,0.19068395,41.37119047
2023-02-07,136.1365243,19305491.87,10942,36908,0.42576302,2628182564,12061,828631.1896,0.33058017,68.70335707
2023-02-08,131.5832931,19306360.62,10447,30456,0.30000026,2540394508,10567,598581.7725,0.71041719,56.64633031
2023-02-09,126.4656038,19307310.62,13840,30987,0.33172398,2441710695,13482,875780.3208,0.25392954,64.95922866
2023-02-10,124.8519491,19308185.62,12801,28181,0.29535764,2410664608,13388,1125569.532,0.30590891,84.07301556
2023-02-11,124.8920217,19309054.37,13074,38293,0.32071357,2411546838,13057,694217.6999,0.50421143,53.16823924
2023-02-12,122.8059178,19309948.12,11126,27818,0.33215727,2371375902,11165,492752.234,0.40066528,44.13365284
2023-02-13,123.8484392,19310835.62,11857,31703,0.30429953,2391616852,12144,774680.5626,0.46580975,63.79121892
2023-02-14,126.7760371,19311679.37,13663,57900,0.36583587,2448258181,13367,526135.4986,0.28808432,39.36077643
2023-02-15,134.5284214,19312548.12,15689,32807,0.41378552,2598086612,16007,641715.1935,0.20187632,40.08966036
2023-02-16,128.2447732,19313391.87,12227,31699,0.37368538,2476841561,12685,661512.3646,0.24515411,52.14918128
2023-02-17,133.5314052,19314310.62,10815,30545,0.34564957,2579067037,11127,540598.1496,0.28939754,48.58435783
2023-02-18,136.0399187,19315285.62,10052,25009,0.31045492,2627649885,10026,406887.2658,0.30735013,40.58321023
2023-02-19,136.2544111,19316191.87,9574,22308,0.33096158,2631916348,9632,501966.3529,0.69639112,52.11444694
2023-02-20,144.3095345,19317223.12,9968,28814,0.32170574,2787659478,10453,725610.1331,0.84269834,69.4164482
2023-02-21,145.13751,19318129.37,13168,59876,0.40476582,2803785195,12949,880939.8074,0.55069353,68.03149335
2023-02-22,141.7216626,19319004.37,11112,28150,0.38888202,2737921419,11421,833504.1618,0.3998901,72.97996338
2023-02-23,138.7669846,19319916.87,13265,30278,0.41686345,2680966608,13279,406881.3083,0.4320202,30.64096003
2023-02-24,132.8480206,19320754.37,10977,35207,0.52453908,2566723975,11236,492114.5681,0.58650305,43.79802136
2023-02-25,133.1457067,19321873.12,10944,26177,0.34713456,2572624451,10834,450772.5848,0.42808822,41.60721661
2023-02-26,136.1876028,19322879.37,12116,24520,0.31036091,2631536622,12287,397248.806,0.22853464,32.33082168
2023-02-27,134.9837639,19323698.12,25093,52948,0.41561904,2608385505,23876,430905.4793,0.00015685,18.04764111
2023-02-28,131.9138616,19324573.12,14754,48521,0.81348607,2549179064,16064,866136.9302,0.12398018,53.91788659
2023-03-01,134.0960111,19325479.37,11597,36019,0.35596188,2591469697,11968,673180.9792,0.22614986,56.24841069
2023-03-02,131.6754429,19326323.12,16453,32557,0.38891263,2544802157,16398,591294.6803,0.0154667,36.05895111
2023-03-03,125.9693022,19327266.87,13982,34294,0.43690042,2434642321,14430,548907.6261,0.1499412,38.03933652
2023-03-04,124.3109122,19328129.37,11400,26178,0.30958161,2402697394,11533,449065.5462,0.32720444,38.93744439
2023-03-05,123.875649,19329016.87,9977,26212,1.31130148,2394394510,9710,298439.7823,0.63493325,30.73530198
2023-03-06,124.2581655,19329860.62,9817,27939,0.2968611,2401893021,10326,496356.5744,0.60603973,48.06862041
2023-03-07,121.9981758,19330791.87,11777,52691,0.38428532,2358321345,11667,512693.4402,0.44660961,43.94389647
2023-03-08,116.4498006,19331566.87,11995,29414,0.26585282,2251157108,11969,534652.5989,0.13221775,44.66978017
2023-03-09,110.0247803,19332491.87,11600,34937,0.29905334,2127053171,12303,920044.13,0.38571362,74.78209623
2023-03-10,112.0653209,19333466.87,12243,35272,0.31742756,2166611169,12325,1224132.682,0.57081749,99.32111006
2023-03-11,114.1464338,19334329.37,11632,24188,0.29732493,2206944748,11884,660050.5351,0.30577053,55.54110864
2023-03-12,120.9882187,19335323.12,12013,25151,0.27112985,2339346303,10989,652912.329,0.44269294,59.41508135
2023-03-13,126.9692349,19336060.62,95937,131375,0.50762545,2455084823,42895,801559.1184,0.03272896,18.68653965
2023-03-14,131.4413321,19336979.37,104123,145988,0.66992189,2541678328,158507,927255.2534,0.00013548,5.84993251
2023-03-15,123.4702999,19337779.37,11991,31506,0.34570737,2387641418,12132,758444.1842,0.53454942,62.51600594
2023-03-16,126.1233152,19338666.87,11226,29134,0.33214787,2439056778,11469,543645.4009,0.56592037,47.40129051
2023-03-17,135.5300332,19339485.62,11776,33233,0.34996401,2621081129,11613,700780.9567,0.63163688,60.34452395
2023-03-18,131.3180593,19340391.87,102148,38626,0.38571904,2539742728,92359,503195.5888,0.03078479,5.44825722
2023-03-19,136.3512052,19341266.87,153452,36987,0.59127642,2637205047,163890,467028.0555,0.03515284,2.84964339
2023-03-20,130.8742364,19342104.37,9756,40940,0.26803431,2531383140,9866,678321.3405,0.56318007,68.75343001
2023-03-21,134.5522654,19342998.12,13528,102220,0.62036258,2602644216,13684,639463.3109,0.152217,46.73073011
2023-03-22,126.2117281,19343860.62,45638,37982,0.45022491,2441422077,45512,1114400.272,0.01811829,24.48585585
2023-03-23,128.9347315,19344723.12,9669,33678,0.27290308,2494206681,10056,1504452.802,0.66711807,149.6074783
2023-03-24,123.9132709,19345741.87,10421,36222,0.31564808,2397194153,10337,1092404.083,0.82363219,105.6790251
2023-03-25,125.0105812,19346691.87,11628,26491,0.37124399,2418541195,11986,811800.1486,0.69420663,67.72902958
2023-03-26,125.0428825,19347591.87,10040,24900,0.27169631,2419278657,9781,409673.1622,0.63410201,41.88458871
2023-03-27,120.1470456,19348416.87,10835,52056,0.27551709,2324655124,10974,1544586.096,0.51586808,140.7495987
2023-03-28,121.089666,19349323.12,11458,44651,0.31344846,2343003075,11782,995012.7067,0.43058622,84.45193572
2023-03-29,123.3123122,19350179.37,11020,38388,0.31682727,2386115359,11256,1572716.648,0.44162009,139.7225167
2023-03-30,121.0726188,19351079.37,108541,30472,0.48305129,2342885857,108408,612558.7123,0.02680895,5.65049361
2023-03-31,124.1500648,19351935.62,13402,32037,0.34397019,2402544062,13583,500522.8703,0.18099774,36.84921374
2023-04-01,126.3720353,19352904.37,11458,45475,0.34460286,2445665914,11950,471482.3311,0.77473729,39.45458837
2023-04-02,122.9678365,19353848.12,11815,32877,0.4034014,2379900831,11935,393177.0692,0.58751798,32.94319809
2023-04-03,128.1282394,19354766.87,10863,31934,0.28367949,2479892203,10955,704450.0909,0.79772319,64.30397908
2023-04-04,126.9697594,19355635.62,11456,53214,0.31034103,2457580398,11836,568069.7578,0.62434852,47.99507923
2023-04-05,127.2555018,19356554.37,11506,32553,0.28133493,2463228040,11602,508588.9797,0.55419349,43.83631957
2023-04-06,126.099772,19357473.12,9877,33159,0.30399604,2440972947,10007,526434.9965,0.77749237,52.60667497
2023-04-07,124.701156,19358385.62,10091,37396,0.37249721,2414013066,10114,795260.2136,0.98771505,78.62964342
2023-04-08,123.8199202,19359310.62,10201,27645,0.28705873,2397068297,10465,1117410.05,0.41900135,106.7759245
2023-04-09,125.7492165,19360173.12,9259,25258,0.22246317,2434526602,9462,558567.4523,0.32312661,59.03270474
2023-04-10,128.2623277,19360954.37,9584,24131,0.23127978,2483281075,9460,531726.1186,0.53789303,56.20783495
2023-04-11,129.133217,19361873.12,10873,57090,0.3084623,2500260963,11068,809786.84,0.61237485,73.16469461
2023-04-12,128.9151825,19362829.37,11544,31577,0.24740687,2496162683,11292,946869.7402,0.58116008,83.85314737
2023-04-13,131.1783934,19363716.87,10813,27845,0.24237172,2540101269,11290,828046.3773,0.63384745,73.34334608
2023-04-14,132.585079,19364604.37,10874,31627,0.27815778,2567457601,10938,946664.4155,0.64814305,86.54821863
2023-04-15,132.9180503,19365523.12,9898,25748,0.24690262,2574027577,10328,536199.1166,0.52968631,51.91703297
2023-04-16,134.46558,19366485.62,8675,27094,0.24290712,2604125722,8872,446631.8746,0.52534148,50.34173518
2023-04-17,131.6724801,19367410.62,11650,30835,0.23238918,2550154990,11820,780646.8923,0.20045663,66.04457634
2023-04-18,133.5336902,19368266.87,9955,50819,0.28572963,2586316148,9914,875963.5802,0.40926817,88.35622152
2023-04-19,124.628273,19369085.62,9799,28856,0.22466671,2413935691,9910,976333.5602,0.71236861,98.52003635
2023-04-20,122.883029,19370035.62,10240,29475,0.28188586,2380248650,10594,878645.2911,0.53758073,82.93801124
2023-04-21,119.6154456,19370973.12,9675,30474,0.23200353,2317067582,9877,823525.4322,0.81707374,83.37809377
2023-04-22,122.2058609,19371916.87,10868,29259,0.26193354,2367361779,10920,605108.1196,0.42139061,55.41283146
2023-04-23,119.9155533,19372810.62,9010,30065,0.24772566,2323101305,9001,601387.864,0.77829049,66.81345006
2023-04-24,119.291642,19373691.87,10357,30029,0.25629523,2311119515,10246,609399.6497,0.65799464,59.47683483
2023-04-25,120.2071296,19374529.37,12658,60860,0.36688092,2328956564,13191,660942.9645,1.5638627,50.10559961
2023-04-26,117.5690247,19375316.87,11712,29326,0.26441438,2277937108,11710,914477.2278,0.83389248,78.09370006
2023-04-27,117.0764821,19376160.62,11284,34986,0.40635265,2268492723,11364,1292780.958,0.84821365,113.7610839
2023-04-28,118.0290342,19377048.12,10951,35310,0.2761376,2287054275,11122,1010986.639,0.65834693,90.89971575
2023-04-29,119.573646,19377991.87,9366,37126,0.28980065,2317097140,9420,645434.7664,0.71682577,68.51749113
2023-04-30,118.3269416,19378841.87,11267,42674,0.36171237,2293039091,11559,720991.3974,0.72571748,62.3748938
2023-05-01,116.9581878,19379816.87,11919,37646,0.26541657,2266628261,12080,681784.8746,0.80815999,56.43914524
2023-05-02,119.2196305,19380610.62,11294,57329,0.31727688,2310549238,11302,816588.5547,0.7941094,72.25168596
2023-05-03,120.19342,19381510.62,11797,36482,0.24554401,2329530046,12137,597258.5374,0.48333172,49.20973365
2023-05-04,117.3888024,19382310.62,13118,38904,0.30517104,2275266232,12855,550426.5069,0.49530934,42.81808688
2023-05-05,120.2054472,19383154.37,110339,93672,0.61180071,2329960740,110659,555932.496,0.00632459,5.02383444
2023-05-06,116.9895224,19383891.87,10948,24662,0.53090113,2267712252,11141,516570.5296,0.40907454,46.36662145
2023-05-07,116.8762333,19384610.62,9069,24464,0.26555145,2265600273,9022,418231.0561,0.63978097,46.35680072
2023-05-08,111.4555416,19385198.12,34834,52033,0.43524029,2160587757,34757,1879943.012,6.5e-05,54.088184
2023-05-09,121.7451517,19386466.87,14210,57779,0.44235287,2360208351,14632,1248484.226,0.77217013,85.32560323
2023-05-10,115.9114475,19387635.62,27652,47731,0.45910836,2247248908,26229,1973750.757,0.01188834,75.2507056
2023-05-11,113.4757987,19388660.62,45603,57104,0.46058735,2200143750,47328,881954.0691,0.00449405,18.63493215
2023-05-12,114.9134323,19389629.37,123418,102647,0.67776255,2228128863,123991,887997.9586,0.006094,7.16179366
2023-05-13,113.1172972,19390448.12,11291,27720,0.30923002,2193395082,10895,714394.2575,1.03338676,65.57083593
2023-05-14,115.2974341,19391504.37,14837,30397,0.23802609,2235790697,15503,434756.5714,0.11006496,28.0433833
2023-05-15,116.3444247,19392373.12,78192,103186,0.54550024,2256194494,34730,805014.6022,0.01026605,23.17922839
2023-05-16,116.8525076,19393341.87,85332,122001,0.73473984,2266160629,128938,546277.8366,0.00014069,4.23674817
2023-05-17,118.02717,19394254.37,14617,38233,0.29541793,2289048957,14382,717558.3984,0.3210597,49.89281034
2023-05-18,115.4797888,19395098.12,19096,37251,0.3583928,2239741835,18800,869128.1368,0.05828817,46.23022004
2023-05-19,115.5785973,19396091.87,15424,34848,0.39613427,2241773091,16401,445993.6227,0.20879847,27.19307497
2023-05-20,116.5011932,19397016.87,21680,27775,0.52660921,2259775610,21715,555123.6215,0.01851432,25.5640627
2023-05-21,114.7616525,19397891.87,27124,27088,0.37938917,2226134126,27301,533617.5182,0.21472587,19.54571327
2023-05-22,114.7805902,19398741.87,104849,26915,1.17965022,2226599041,102694,807835.1473,0.09352331,7.86642985
2023-05-23,115.6317606,19399673.12,89270,56012,1.10180067,2243218359,90513,864677.3213,0.07704894,9.55307327
2023-05-24,112.2233217,19400554.37,174798,100300,0.99395297,2177194655,174335,820833.3842,0.00525056,4.70836828
2023-05-25,111.9473267,19401398.12,29292,28773,0.45320094,2171934654,30437,723695.7971,0.12396006,23.77684387
2023-05-26,113.2625873,19402291.87,44506,33769,0.69886793,2197553777,44714,1214571.229,0.17451369,27.16310839
2023-05-27,114.0242508,19403266.87,25758,34682,0.40993343,2212442968,26820,1068608.789,0.35409048,39.84372814
2023-05-28,116.5726138,19404185.62,21348,28143,0.39354207,2261996637,20616,722431.2273,0.23797932,35.04225976
2023-05-29,115.0591063,19405035.62,16512,21623,0.4113947,2232726056,17375,558802.0748,0.14276926,32.16127049
2023-05-30,114.1847225,19405916.87,98660,94551,0.69084543,2215859233,98637,607534.0274,0.00624496,6.15929141
2023-05-31,113.1993341,19406841.87,55438,70338,0.37601277,2196841578,37033,797178.6731,0.01146036,21.52617052
2023-06-01,113.3582794,19407816.87,80545,84530,0.5905688,2200036728,99379,507177.8032,0.00013882,5.10347058
2023-06-02,114.7848498,19408779.37,249834,170899,1.08962235,2227833826,249755,478879.2315,0.00236701,1.91739597
2023-06-03,114.9823884,19409716.87,20989,43906,0.36788865,2231775604,21443,628400.8317,0.00101096,29.30563968
2023-06-04,115.8304256,19410648.12,24079,36723,0.331114,2248343632,23208,443207.2049,0.00014749,19.09717359
2023-06-05,108.8405383,19411516.87,27107,51298,0.34987353,2112759947,27227,719085.5301,0.00013758,26.41075146
2023-06-06,114.6068429,19412454.37,17536,51020,0.50034573,2224800108,17950,494629.9439,0.09152885,27.55598572
2023-06-07,111.0433891,19413204.37,60002,83217,0.4609256,2155708007,13878,687705.2579,0.38034276,49.55362861
2023-06-08,111.8058041,19414135.62,88640,90778,0.50568168,2170613044,135734,860693.3848,0.00889247,6.34103013
2023-06-09,110.6571447,19415054.37,50479,62341,0.45269121,2148414480,50490,412781.9982,0.00752061,8.17551986
2023-06-10,103.6502137,19415885.62,13671,37140,0.56302136,2012460693,13639,1536963.497,0.73457,112.6888699
2023-06-11,102.7717154,19416754.37,40401,57180,0.62802384,1995493155,40687,639760.3126,6.5e-05,15.72394899
2023-06-12,102.7570136,19417710.62,19281,33720,0.68008182,1995305955,19324,585974.9943,0.00432044,30.32369045
2023-06-13,105.2035836,19418629.37,28663,63332,0.5214057,2042909398,25251,704702.7704,0.00027624,27.90791534
2023-06-14,101.7959903,19419541.87,105223,118577,0.83866542,1976831496,68763,634994.6081,0.00371073,9.23453904
2023-06-15,104.6330862,19420491.87,68569,74128,0.47747062,2032026001,108791,463993.2411,0.00520161,4.26499656
2023-06-16,107.9976169,19421385.62,67961,85611,0.59157397,2097463364,60916,537939.7193,6.5e-05,8.83084442
2023-06-17,106.6038085,19422279.37,43298,59590,0.37491982,2070488950,50949,484908.3303,6.5e-05,9.51752399
2023-06-18,107.1143035,19423191.87,21094,41905,0.46663317,2080501670,21036,333382.1917,6.5e-05,15.84817416
2023-06-19,106.6477486,19424060.62,11709,38992,0.34010289,2071532333,11926,522428.9955,0.62202642,43.80588592
2023-06-20,109.8151452,19424891.87,37650,69246,0.42449333,2133147322,37680,616289.1439,0.01138903,16.355869
2023-06-21,136.1611403,19426110.62,17060,48996,0.56663929,2645081374,17316,2305542.55,0.65838015,133.1452154
2023-06-22,134.2521221,19426985.62,14038,44177,0.43946919,2608114046,14414,1656129.095,0.73008138,114.8972593
2023-06-23,179.6026958,19428541.87,152508,138491,0.96769588,3489418495,152955,1979849.347,0.00660992,12.94399887
2023-06-24,213.3847379,19429773.12,18118,50157,0.61120429,4146017045,18152,1509204.961,0.98221666,83.14262674
2023-06-25,195.7657976,19430648.12,15589,40511,0.46778523,3803856327,15500,2172119.005,0.89417171,140.13671
2023-06-26,223.0921786,19431898.12,32514,59786,0.52458766,4335104486,32959,2580762.058,6.5e-05,78.3021954
2023-06-27,229.788824,19432835.62,19907,58631,0.53592817,4465448445,19414,3328385.791,0.65224598,171.4425564
2023-06-28,225.7208978,19433623.12,16390,53039,0.44138001,4386574858,16997,1214590.079,0.72013594,71.45908563
2023-06-29,251.5162212,19434741.87,24043,50809,0.47249466,4888152836,24203,1833551.019,0.06726889,75.75717963
2023-06-30,305.6512837,19436191.87,28201,76539,0.70702712,5940696996,28513,2614392.528,0.51673839,91.69124708
2023-07-01,290.2186213,19437004.37,17163,44018,0.46449567,5640980611,17114,1467021.736,0.57540139,85.7205642
2023-07-02,299.0918433,19437973.12,14791,31883,0.38778721,5813739211,14583,1710292.65,0.55438624,117.2798909
2023-07-03,287.0750018,19438660.62,19768,44525,0.36246098,5580353533,18894,1563777.619,0.15821066,82.76583145
2023-07-04,272.7278462,19439516.87,32301,74999,0.5563708,5301697567,31966,1380351.052,6.5e-05,43.18185107
2023-07-05,271.8864057,19440435.62,30900,53884,0.52774475,5285590167,32853,1719501.669,6.5e-05,52.33925877
2023-07-06,279.4409303,19441485.62,33778,85959,3.92549023,5432746828,33420,2796418.226,6.5e-05,83.6749918
2023-07-07,278.2507486,19442316.87,12917,53103,2.30227107,5409839224,13869,1616926.412,0.34370434,116.5856523
2023-07-08,270.0459173,19443129.37,11625,24235,0.33277788,5250537707,11880,838015.1474,0.3485007,70.53999557
2023-07-09,265.1752583,19444016.87,11037,25879,0.28409954,5156072197,11011,623378.6046,0.30032222,56.61416806
2023-07-10,274.5968894,19444979.37,12945,50167,2.36554059,5339530850,12685,1304938.288,0.2194602,102.8725493
2023-07-11,274.1314878,19445835.62,11576,40593,0.34144832,5330715851,12152,1032584.847,0.37487936,84.97241993
2023-07-12,282.160341,19446966.87,12487,59849,4.25153262,5487162804,12727,1110372.884,0.36251706,87.2454533
2023-07-13,273.6243058,19447766.87,13323,45891,2.20954109,5321381710,12859,1940415.365,0.83093268,150.8993985
2023-07-14,263.3878026,19448641.87,13824,35405,0.38996337,5122535046,14156,1915856.373,0.79035889,135.3388226
2023-07-15,252.5633134,19449448.12,13258,27879,0.39410982,4912217061,13597,1320329.257,0.70449385,97.10445372
2023-07-16,250.6216001,19450335.62,13000,28486,0.3522916,4874674236,12778,1097900.066,0.44512588,85.92111958
2023-07-17,242.2621728,19451148.12,12501,46834,3.07710701,4712277408,13040,1984502.792,0.56046574,152.1857969
2023-07-18,244.5565813,19452091.87,14001,38768,0.43486835,4757137087,14126,1441390.044,0.37397749,102.0380889
2023-07-19,244.3325569,19452979.37,12699,30520,0.40720844,4752996190,13021,1580619.906,0.49924965,121.390055
2023-07-20,244.3282795,19453866.87,68548,84500,0.53984745,4753129824,68497,1349136.689,0.00049895,19.69628872
2023-07-21,246.1972871,19454779.37,112410,113083,0.66018701,4789713902,112412,1004484.469,0.05291834,8.93574057
2023-07-22,239.105475,19455573.12,14928,35858,0.33891632,4651934053,14553,920644.1377,0.09980376,63.26146758
2023-07-23,249.8538394,19456616.87,15157,31668,0.32094528,4861310427,16162,938533.643,0.08630149,58.07038998
2023-07-24,238.7839818,19457479.37,119221,119167,0.67904114,4646134400,119223,1322122.974,0.05218477,11.08949593
2023-07-25,237.3928111,19458335.62,59267,73454,0.60112532,4619268992,59297,1153105.047,0.00138776,19.44626282
2023-07-26,241.7611653,19459204.37,40742,61814,0.53468185,4704479924,31747,1001317.659,0.00217242,31.54054425
2023-07-27,244.2361228,19460185.62,119857,102586,0.83461196,4752880285,128857,1207908.338,0.00017004,9.37402188
2023-07-28,241.4773113,19461004.37,40790,60468,0.46309343,4699391011,40719,845318.404,0.00181577,20.75980264
2023-07-29,242.0223451,19461898.12,45706,60447,0.46140186,4710214224,46529,605412.2594,6.5e-05,13.01150377
2023-07-30,252.9430228,19462960.62,21146,35887,0.44877092,4923020092,21180,1033556.443,0.00134807,48.79869893
2023-07-31,248.1470677,19463810.62,71855,90185,0.57405337,4829887532,71729,1106025.991,0.00139485,15.41950941
2023-08-01,244.1290546,19464629.37,56363,80134,0.53384292,4751881567,33178,1080343.733,0.00013563,32.56205114
2023-08-02,229.0145355,19465404.37,67140,75441,0.56514009,4457860542,89898,1055723.2,0.00012613,11.74356715
2023-08-03,225.4280675,19466260.62,51022,72948,0.51699518,4388241514,50102,607463.0406,6.5e-05,12.12452677
2023-08-04,226.0719318,19467141.87,35448,53435,0.40380997,4400974369,37834,566298.5287,6.5e-05,14.96797929
2023-08-05,226.61991,19468079.37,14729,32176,0.35759347,4411854396,14701,501463.8982,0.12163384,34.11086988
2023-08-06,222.448799,19468935.62,21317,33045,0.43795268,4330841347,21270,476339.5674,0.00047177,22.39490208
2023-08-07,237.7951147,19470016.87,22676,35584,0.42802765,4629874896,22658,1190704.401,0.0031345,52.55116959
2023-08-08,239.5940577,19470810.62,43476,64836,0.49426562,4665090524,44143,847183.9289,0.00174444,19.19180683
2023-08-09,238.1125423,19471754.37,153043,160726,1.97213075,4636468937,147531,569049.8299,0.00372166,3.85715429
2023-08-10,231.7929947,19472591.87,161027,174890,1.07164261,4513610386,113478,985398.3464,6.5e-05,8.68360692
2023-08-11,228.8847342,19473473.12,186408,159855,0.87881264,4457180721,239197,750004.8541,0.00048408,3.13551112
2023-08-12,228.488325,19474410.62,15503,31982,0.30536256,4449675463,16199,379177.3689,0.08216509,23.40745532
2023-08-13,228.207761,19475310.62,39367,30593,0.41131586,4444417032,38969,406689.5061,9.692e-05,10.43623152
2023-08-14,230.2330677,19476216.87,136194,138939,1.89896802,4484069158,46629,582268.7052,6.5e-05,12.48726554
2023-08-15,228.6552677,19477104.37,155733,151077,0.92211657,4453542514,230665,885024.2732,0.00041275,3.83683815
2023-08-16,207.5573128,19477816.87,194729,182619,0.90692257,4042763330,137005,1180359.294,0.00048408,8.61544683
2023-08-17,184.7060256,19478654.37,115824,130416,0.76376935,3597824834,109536,1186052.712,6.5e-05,10.82797173
2023-08-18,187.1210583,19479591.87,21619,40125,0.44645073,3645041846,100393,1148601.149,6.5e-05,11.44104817
2023-08-19,186.9898761,19480466.87,27254,42198,0.35431544,3642650086,28356,714272.259,9.394e-05,25.18945757
2023-08-20,188.9098899,19481385.62,21685,30865,0.43368337,3680226413,21815,429927.8857,0.00125564,19.70790216
2023-08-21,186.0604869,19482248.12,15548,38778,1.76070381,3624876571,15688,595878.0045,0.05524341,37.98304465
2023-08-22,184.5868154,19483291.87,19279,34967,0.39084798,3596358801,19625,694292.4326,0.00996709,35.37795834
2023-08-23,193.6005453,19484254.37,19549,22868,0.37901943,3772162270,19323,843632.9304,0.01093209,43.65952131
2023-08-24,194.1324961,19485185.62,17445,28514,0.35250501,3782707723,17417,551334.8288,0.02514192,31.65498241
2023-08-25,191.9767348,19486104.37,18191,32508,0.36158297,3740878691,17980,817356.9393,0.02997632,45.4592291
2023-08-26,190.1137383,19486966.87,15170,24904,0.33637416,3704740121,15495,383067.2473,0.02574772,24.72199078
2023-08-27,198.1276323,19487960.62,16263,25101,0.46703792,3861103497,16686,436886.013,0.00987599,26.18278874
2023-08-28,190.1931965,19488748.12,15448,27770,0.3544082,3706627301,15847,794449.7164,0.04335738,50.1324993
2023-08-29,223.7811041,19489929.37,30382,59295,0.46974586,4361477914,28142,1042635.531,0.00078404,37.04909142
2023-08-30,215.8604725,19490773.12,35843,52439,0.51837708,4207287496,38576,964620.8781,6.5e-05,25.00572579
2023-08-31,207.5291756,19491691.87,25987,47420,0.44282847,4045094745,26192,941695.3316,0.00021465,35.95354809
2023-09-01,199.3839837,19492510.62,44276,59136,1.35151281,3886494421,44251,862356.0934,0.00024081,19.48783289
2023-09-02,195.3052056,19493348.12,12853,28396,0.41747768,3807152363,13181,636019.0465,0.22402713,48.25271576
2023-09-03,196.3940722,19494254.37,11931,25342,0.34689637,3828556001,11688,401769.2281,0.28938655,34.37450616
2023-09-04,193.2741329,19495129.37,12069,26116,0.36433343,3767904225,12488,463929.6609,0.40086729,37.1500369
2023-09-05,192.0426946,19495966.87,13411,41188,0.82064614,3744058012,13409,513806.6654,0.26559049,38.31804499
2023-09-06,193.0507235,19496804.37,42210,60582,0.44750378,3763872191,42407,536919.4998,0.00040256,12.66110547
2023-09-07,193.1850611,19497704.37,85274,99035,0.67997236,3766665211,83355,586468.1562,0.00031214,7.03578856
2023-09-08,193.1880281,19498591.87,93637,108833,1.57527941,3766894514,95538,573797.6375,0.00015371,6.00596241
2023-09-09,193.081744,19499548.12,61071,79129,0.50027814,3765006759,61493,309328.0248,6.5e-05,5.03029653
2023-09-10,190.5168905,19500398.12,13512,32080,0.48561044,3715155215,13524,556480.7144,0.13751434,41.14764229
2023-09-11,183.7692982,19501285.62,109767,95566,0.79693289,3583737573,87853,752612.3018,0.00031532,8.56672284
2023-09-12,198.9077855,19502310.62,179676,139322,1.16861163,3879161418,202066,972163.1204,0.00013547,4.81111676
2023-09-13,199.763237,19503191.87,111216,83577,0.78436428,3896020741,111346,697360.8659,0.0001616,6.26300779
2023-09-14,208.0402401,19504148.12,113262,79479,0.76034536,4057647658,113622,611650.9143,0.00017266,5.38320848
2023-09-15,217.398409,19505173.12,106585,86490,0.8391079,4240393604,106208,826288.2879,0.00105051,7.77990629
2023-09-16,214.9070697,19506066.87,14787,33118,0.32128171,4191991673,14817,813303.4764,0.14159752,54.88988839
2023-09-17,209.4681892,19506941.87,64048,82557,0.48914041,4086083792,10983,512618.8373,0.47523208,46.67384479
2023-09-18,217.4397501,19507841.87,66306,90750,2.38370999,4241780261,120184,688995.1825,0.00098706,5.73283617
2023-09-19,219.0785085,19508835.62,54183,85560,0.53230225,4273966610,54189,582457.8111,0.00091132,10.74863553
2023-09-20,215.4566969,19509691.87,56321,73064,0.58753628,4203493769,56427,458564.6315,6.5e-05,8.12668813
2023-09-21,208.558243,19510566.87,14517,34198,0.31435625,4069089547,14256,610801.5187,0.21242655,42.84522437
2023-09-22,207.9232727,19511416.87,22889,42875,0.36299583,4056877652,23683,644132.859,6.5e-05,27.19811083
2023-09-23,207.9805242,19512360.62,11663,32978,0.36003531,4058190990,11735,371545.508,0.43537949,31.66131299
2023-09-24,204.872108,19513273.12,9920,23127,0.40819669,3997725399,10143,501395.8619,0.42408383,49.43269859
2023-09-25,210.3058849,19514254.37,11607,35683,1.63022738,4103962533,11654,573008.7369,0.33714311,49.16841744
2023-09-26,214.0322902,19515198.12,83977,108553,0.7318156,4176882547,84120,885143.173,8.636e-05,10.52238674
2023-09-27,228.9078135,19516285.62,149203,114006,1.79581262,4467430269,98736,1108421.066,0.0001188,11.22610867
2023-09-28,239.3565964,19517223.12,87239,91299,0.66850148,4671576099,137383,946909.1041,0.00013547,6.89247653
2023-09-29,235.2434636,19518098.12,143917,146144,0.84690326,4591505006,144758,1049630.475,0.00025552,7.25093241
2023-09-30,234.6183663,19518998.12,127497,151112,0.79413964,4579515451,127574,625181.2326,6.5e-05,4.90053798
2023-10-01,242.1506682,19519923.12,11927,35569,0.37511105,4726762428,11750,513890.4993,0.5489939,43.73536164
2023-10-02,246.5065365,19520879.37,14180,39275,0.97736619,4812024363,14024,1060324.236,0.35306079,75.60783198
2023-10-03,229.6435076,19521616.87,184645,202117,2.55023677,4483012572,143930,919235.475,0.00025328,6.38668432
2023-10-04,233.4797454,19522523.12,355396,215491,1.67386248,4558113729,396342,932484.331,0.00013547,2.35272651
2023-10-05,231.6492282,19523454.37,15845,30425,0.67468786,4522593138,16677,564881.3365,0.16799534,33.87187962
2023-10-06,230.9739523,19524298.12,136843,151559,0.76715235,4509604303,136647,1171498.378,0.00023902,8.57317305
2023-10-07,230.2143722,19525173.12,10628,23670,0.32691393,4494975472,11136,678483.1122,0.66798682,60.9270036
2023-10-08,228.0287489,19526073.12,20920,40869,0.40448041,4452506025,21000,1071379.964,0.00095025,51.01809352
2023-10-09,218.296233,19526898.12,240752,261736,1.61392935,4262648303,217995,794752.2991,0.00013547,3.64573636
2023-10-10,212.9095611,19527779.37,43321,64267,0.52449323,4157650935,66069,1283653,0.00018116,19.42897576
2023-10-11,213.7996349,19528698.12,304628,271746,2.82950196,4175228528,253593,680103.2522,0.00013547,2.68186918
2023-10-12,213.962424,19529598.12,227117,239355,1.40940726,4178600154,207129,798410.5957,0.00013547,3.85465384
2023-10-13,216.975829,19530541.87,193226,173764,1.11721846,4237655515,264914,935534.2471,0.00021215,3.53146397
2023-10-14,214.5329868,19531429.37,12478,29319,0.27715888,4190135880,12633,599219.9305,0.26704425,47.43290829
2023-10-15,215.1101912,19532304.37,11958,25689,0.38780094,4201597727,12205,603176.2159,0.22211535,49.42041916
2023-10-16,231.529518,19533398.12,13904,43670,1.91322074,4522558252,13879,1329119.263,0.18345064,95.76477146
2023-10-17,226.9286772,19534291.87,13986,36224,0.369786,4432891014,14169,792927.4218,0.13045153,55.96213012
2023-10-18,227.1620126,19535204.37,11745,27728,0.4019007,4437656342,12181,858547.2469,0.24779237,70.48249297
2023-10-19,227.2822238,19536135.62,136589,149360,0.7992158,4440216349,136656,779117.2992,0.00030687,5.70130326
2023-10-20,240.8531376,19537010.62,13627,34023,0.37202055,4705550307,13660,1455648.611,0.7224505,106.5628558
2023-10-21,243.43231,19537904.37,12775,37419,0.35417912,4756157195,13075,593112.617,0.52052474,45.36234164
2023-10-22,243.3062732,19538779.37,11046,33121,0.45496766,4753907593,11213,823539.9264,0.83721732,73.44510178
2023-10-23,260.3201991,19539623.12,169311,191787,1.00690134,5086558581,111011,1049429.247,6.5e-05,9.45338071
2023-10-24,251.6366457,19540385.62,38504,78286,1.72387584,4917077094,96700,1477115.384,0.00039411,15.27523665
2023-10-25,254.0201581,19541285.62,310320,302315,1.52949593,4963880463,289430,2026147.878,0.00013721,7.00047637
2023-10-26,247.4946724,19542123.12,280165,240383,1.42947995,4836571360,263492,1184058.362,0.00013547,4.49371655
2023-10-27,239.3042704,19542979.37,54105,80753,0.62200777,4676718420,92496,1573657.548,0.00013548,17.01324974
2023-10-28,244.9076822,19543916.87,12417,28320,0.36303217,4786455382,12133,1209818.039,0.54026937,99.71301731
2023-10-29,246.5974879,19544779.37,10815,29854,0.57998042,4819693495,11173,994196.9116,0.50359877,88.98209179
2023-10-30,246.006693,19545723.12,11437,30895,0.57150755,4808378707,11747,1341974.578,0.46163661,114.23977
2023-10-31,244.6292076,19546629.37,13002,40563,0.3882954,4781676454,13095,1507209.608,0.39435497,115.0980991
2023-11-01,244.8820913,19547466.87,145713,159088,0.91180807,4786824566,141273,1046118.067,0.00032624,7.40493984
2023-11-02,235.2691781,19548285.62,110465,116416,0.70464127,4599109092,114818,2435638.384,0.00026327,21.21303614
2023-11-03,237.5395963,19549204.37,16463,40381,0.42392246,4643710114,16819,1629454.102,0.19537692,96.88174695
2023-11-04,240.113185,19550004.37,12442,34162,0.50057825,4694213817,12799,885954.8222,0.38122146,69.22062834
2023-11-05,238.612365,19550910.62,12503,31423,0.32982962,4665089021,12525,1765892.596,0.2303005,140.9894288
2023-11-06,243.0487297,19551823.12,12339,53756,3.81365391,4752045774,12292,1139303.502,0.35952287,92.68658492
2023-11-07,243.7693504,19552729.37,109847,136967,0.75558931,4766356137,110043,1693196.517,0.00035371,15.38668081
2023-11-08,246.2427778,19553479.37,36163,58908,0.70900515,4814903075,36264,941948.4567,0.00013547,25.97475338
2023-11-09,239.5417372,19554223.12,185566,203420,1.06525486,4684052576,131292,1418427.16,0.00029784,10.80360692
2023-11-10,239.9899767,19555229.37,112619,75811,1.05272021,4693059041,166910,1378465.406,0.00042893,8.25873468
2023-11-11,235.8748078,19556129.37,50490,36233,0.75357742,4612798258,49074,899536.7825,0.17807427,18.33021115
2023-11-12,236.4025512,19557035.62,63987,59556,0.73609592,4623333115,66172,756904.4997,0.02011868,11.43844072
2023-11-13,234.5368522,19558023.12,38414,66733,1.47066017,4587077178,38097,1051228.782,0.00038586,27.59347933
2023-11-14,231.7299138,19558879.37,302966,301575,1.96254443,4532377432,303373,1313662.202,0.00013,4.33018825
2023-11-15,237.8346926,19559779.37,17662,35027,0.41432542,4651994115,17778,970150.2697,0.12387927,54.57027053
2023-11-16,233.8709694,19560454.37,84718,105264,0.70327266,4574622426,17565,1201074.916,0.16434927,68.37887364
2023-11-17,229.1158739,19561335.62,84161,106927,0.66265935,4481812506,151616,1300286.345,0.00013934,8.57618157
2023-11-18,227.4327019,19562223.12,13126,34041,0.39618087,4449089259,13288,838581.9202,0.42831609,63.10821193
2023-11-19,230.4523522,19563223.12,13073,43681,0.5042776,4508390784,12584,660664.8464,0.56710239,52.50038512
2023-11-20,226.5862559,19564110.62,12837,42527,2.27143549,4432958576,13192,738519.882,0.44250216,55.98240464
2023-11-21,217.0279141,19565041.87,13631,39864,0.49233425,4246160226,14060,1146451.495,0.52037679,81.53993561
2023-11-22,223.947615,19566029.37,14285,35125,0.52872339,4381765613,14468,1133044.491,0.50712384,78.31382991
2023-11-23,225.3658734,19566754.37,13878,40170,2.59100789,4409678688,14173,702741.3317,0.4462185,49.5831039
2023-11-24,226.5629025,19567779.37,21362,41029,0.5461895,4433332891,20568,791228.062,0.02516565,38.46888671
2023-11-25,227.4312463,19568685.62,17683,40755,0.36964321,4450530560,18884,563155.3279,0.03885341,29.82182418
2023-11-26,226.7492919,19569654.37,12246,34742,0.32956889,4437405271,12403,771899.6756,0.52613924,62.234917
2023-11-27,223.2780832,19570523.12,14676,39929,0.79549628,4369668889,13969,929857.4628,0.64526916,66.56578587
2023-11-28,223.4387638,19571435.62,13654,53816,0.44602552,4373017381,14814,1585052.625,0.81000173,106.996937
2023-11-29,223.2683091,19572316.87,123595,92425,2.76902641,4369878094,123788,839180.5549,0.00014826,6.77917532
2023-11-30,221.4773244,19573248.12,151097,157313,1.58935092,4335030623,95217,801371.0352,0.00016449,8.41626007
2023-12-01,225.2144528,19574116.87,122778,120785,1.12366644,4408374020,178692,1061913.774,0.00017569,5.94270462
2023-12-02,227.9681677,19574979.37,14200,33022,0.39062407,4462472179,14159,751028.0747,0.58972352,53.04245177
2023-12-03,229.9759057,19575785.62,65368,82322,0.88624668,4501959029,44713,820633.5596,0.00017382,18.35335494
2023-12-04,250.8627524,19576666.87,123111,105446,3.52295787,4911056535,144282,1716831.602,0.00020227,11.8991392
2023-12-05,251.3607669,19577273.12,89082,93186,1.02905271,4920958386,88067,1443825.882,0.00019363,16.39463002
2023-12-06,244.6955606,19578166.87,82862,77719,1.05314695,4790690518,70388,1262371.405,0.02740081,17.93446901
2023-12-07,246.7622528,19579279.37,96739,122547,1.47907513,4831427087,110601,822773.1431,0.00013547,7.43911124
2023-12-08,253.446444,19580241.87,185850,214683,1.19966043,4962542675,185711,928312.7287,0.00013547,4.99869543
2023-12-09,252.6388051,19581198.12,17404,35687,0.3897074,4946970495,17161,1049380.345,0.29531935,61.1491373
2023-12-10,250.7440009,19582079.37,59652,70870,0.5700552,4910088928,60127,1048107.466,0.00019993,17.43156095
2023-12-11,230.2044381,19582923.12,141840,156876,2.15855906,4508075814,141455,1212501.53,0.00013,8.57164137
2023-12-12,232.0991699,19583766.87,199936,172026,1.70008466,4545376035,157984,849676.6637,0.00018616,5.37824503
2023-12-13,235.6228982,19584448.12,131282,82654,1.03939575,4614544426,173582,880189.9035,0.00022834,5.0707441
2023-12-14,237.3274648,19585166.87,118096,104206,1.00531175,4648098001,117258,938207.7548,0.00016295,8.00122597
2023-12-15,226.7460014,19586148.12,109770,107539,2.59206854,4441080769,111492,1194781.622,0.00015293,10.71629912
2023-12-16,229.4675773,19586735.62,26439,37010,0.59431174,4494520770,25060,810507.1196,0.52483213,32.34266239
2023-12-17,225.781263,19587579.37,153702,161962,1.08032161,4422508409,30927,885767.8867,0.43673154,28.64060163
2023-12-18,227.8525815,19588841.87,98803,107036,1.61962145,4463368190,222585,1269631.311,0.00013,5.70402907
2023-12-19,224.9606353,19589598.12,26237,41915,1.63069901,4406888440,26782,1273565.992,0.59341744,47.55305772
2023-12-20,229.3341702,19590391.87,28560,39378,0.59056407,4492746264,27862,1037779.813,0.57102771,37.24713992
2023-12-21,233.098358,19591279.37,35242,43066,0.61906163,4566695054,33031,1017557.878,0.3076484,30.8061481
2023-12-22,238.6248122,19592473.12,76589,79196,0.88296769,4675250219,80512,1410500.19,0.00013547,17.51912994
2023-12-23,233.1965803,19593573.12,33313,34720,0.58789226,4569154248,32776,1157918.734,0.79166753,35.32825036
2023-12-24,229.0478674,19594573.12,36068,33680,0.6587434,4488095186,36398,1047673.854,0.50051753,28.78383027
2023-12-25,234.98439,19595510.62,36440,29280,0.69404668,4604639110,36989,1083073.8,0.77846008,29.28097002
2023-12-26,229.0301508,19596341.87,31991,41393,0.6057912,4488153134,32394,1365654.572,0.77453162,42.15763943
2023-12-27,262.6079182,19597229.37,35808,59210,3.05993481,5146387609,35991,3466099.206,0.96318693,96.30460965
2023-12-28,261.8647083,19598429.37,36233,47481,0.74491524,5132136992,35502,4094895.92,1.67743449,115.3426827
2023-12-29,253.8860196,19599266.87,26506,51755,0.63207719,4975979853,26818,2031609.239,1.1350211,75.75543437
2023-12-30,271.3462535,19600248.12,25774,48818,0.71023482,5318453896,26029,5561809.38,0.99377356,213.6774129
2023-12-31,258.8123172,19600848.12,20452,37354,0.49800507,5072940921,21219,1396446.796,0.92653526,65.81115021
2024-01-01,266.3698912,19602085.62,15069,32701,0.4052404,5221405414,14473,1642441.351,0.82013205,113.4831307
2024-01-02,256.9281757,19602879.37,118952,140386,2.70176546,5036532035,45379,2590887.228,0.35561753,57.09440992
2024-01-03,233.5230013,19603679.37,92400,86236,0.72809147,4577910044,166866,1751249.869,0.00018691,10.49494725
2024-01-04,239.4166211,19604554.37,109878,118243,1.09066898,4693656166,109534,1120226.619,0.00016911,10.2272045
2024-01-05,239.6653778,19605485.62,99966,98845,1.08531008,4698756118,100303,780592.0136,0.00017851,7.78233964
2024-01-06,235.618675,19606460.62,15029,30284,0.37275538,4619648273,15185,770219.2794,0.60259918,50.72237598
2024-01-07,231.5137851,19607366.87,16644,38983,0.39800219,4539375720,14885,559664.4163,0.52535543,37.59922178
2024-01-08,254.4610458,19608079.37,64804,89157,2.03505006,4989492384,66743,1658531.179,0.00017851,24.84951498
2024-01-09,244.8734386,19609110.62,21687,46975,0.52969282,4801750346,21998,849394.7091,1.30266017,38.61236062
2024-01-10,255.6245163,19610066.87,308551,327707,1.52778815,5012813860,308648,744727.4728,0.00013,2.41286991
2024-01-11,276.0839033,19611210.62,70334,58686,0.69422277,5414339576,70497,1985673.206,0.0002098,28.16677598
2024-01-12,258.8589468,19612160.62,27870,39016,0.64605567,5076783244,26770,1974704.537,2.13501516,73.76557851
2024-01-13,254.507258,19612910.62,20084,35295,0.60913994,4991628103,21374,750828.055,0.55188012,35.12810213
2024-01-14,246.5867349,19613566.87,13818,27520,0.44739864,4836445415,14144,628405.0011,0.87866372,44.42908661
2024-01-15,250.4378592,19614735.62,20915,46712,2.61707179,4912272398,20594,812932.9139,3.35873753,39.47426016
2024-01-16,251.9725528,19615529.37,22856,38099,1.65803687,4942575011,22966,686881.602,3.09334253,29.90863023
2024-01-17,243.7447991,19616423.12,12580,27544,0.9672512,4781401113,13469,1373376.168,0.60115156,101.9657115
2024-01-18,237.3617773,19617410.62,16603,36007,1.17025316,4656423452,16393,1004543.674,0.94110744,61.27881865
2024-01-19,236.1918011,19618291.87,30681,32298,1.54003711,4633679693,29991,1197208.391,7.60780753,39.91892202
2024-01-20,239.0271348,19619141.87,37694,31452,1.04063543,4689507270,38746,1216084.549,8.00573753,31.38606691
2024-01-21,237.360595,19619998.12,54045,34248,0.92004402,4657014428,52917,939270.2737,9.60291753,17.74987761
2024-01-22,234.526379,19621041.87,45130,41988,3.97565223,4601651902,46801,1515031.326,8.27981753,32.37177251
2024-01-23,229.1509187,19621860.62,126290,75669,2.60718704,4496367388,116929,2032249.682,0.00029828,17.38020236
2024-01-24,236.4435474,19622879.37,311355,141323,2.49045496,4639703210,284319,1533540.018,0.00014459,5.39373034
2024-01-25,236.7863957,19623779.37,57594,31829,3.31472656,4646643988,91682,1245273.078,0.09419118,13.58252523
2024-01-26,241.7589957,19624610.62,37164,27753,1.1073111,4744426155,39893,779891.9601,0.91679636,19.54959416
2024-01-27,243.8527338,19625535.62,18226,28746,0.47475391,4785740514,18334,550403.9775,0.16368404,30.02094346
2024-01-28,236.7298451,19626354.37,21054,31862,0.55558527,4646143831,16625,441951.6979,0.11358498,26.58356077
2024-01-29,241.2586038,19627204.37,165327,177171,3.33457371,4735231924,116757,746966.2258,0.00015803,6.39761406
2024-01-30,237.7035531,19628110.62,204562,203160,1.32760462,4665671636,187787,623097.4906,0.00013656,3.31810769
2024-01-31,234.3596755,19628979.37,181728,116120,1.06977094,4600241235,252129,1223521.301,0.00013547,4.8527591
2024-02-01,236.5610742,19629891.87,22995,34648,1.73249698,4643668307,20472,975398.5103,0.11630962,47.6454919
2024-02-02,236.1321106,19630973.12,88328,96270,1.01719558,4635503117,90791,831911.5636,0.0001702,9.16292984
2024-02-03,238.0531595,19631741.87,20875,29380,0.41828922,4673398178,21026,693358.6698,0.00949999,32.97625177
2024-02-04,235.1753901,19632760.62,77357,90904,0.61957104,4617142138,77651,615380.7626,0.00013,7.92495605
2024-02-05,235.3314473,19633654.37,18923,42188,2.88447886,4620416299,17613,546465.538,0.08451164,31.02626117
2024-02-06,235.2112142,19634535.62,17665,39866,0.80822913,4618262963,19069,556658.168,0.061031,29.19178604
2024-02-07,240.4705123,19635435.62,18147,40030,0.52078658,4721743263,18204,722126.744,0.11609109,39.66857525
2024-02-08,244.4933149,19636310.62,142637,90081,2.45674456,4800946676,139046,1169289.329,0.00013934,8.40937049
2024-02-09,250.4688206,19637198.12,250575,231255,1.89733729,4918505854,254929,1027584.027,0.00015869,4.03086359
2024-02-10,247.748096,19638048.12,15279,29559,0.40099765,4865289032,15185,667046.7761,0.29705281,43.92800632
2024-02-11,276.5169658,19639254.37,78379,93761,1.08019783,5430587030,76587,2469058.089,0.00016451,32.23860562
2024-02-12,280.7542685,19640041.87,39533,66028,3.3242321,5514025588,41216,1724125.233,0.00029352,41.8314546
2024-02-13,270.4120491,19640904.37,154248,102857,1.30030477,5311137198,147701,912346.7137,0.00021261,6.17698399
2024-02-14,280.898488,19641704.37,43369,66796,0.6194467,5517325061,51052,942300.6758,0.00017167,18.45766425
2024-02-15,270.6061399,19642766.87,51950,74272,0.8760334,5315453321,51553,5107873.683,0.00016451,99.08004739
2024-02-16,274.6386088,19643698.12,207001,231662,1.17420313,5394917924,206919,5081336.475,0.00013,24.55712851
2024-02-17,267.4254492,19644579.37,14808,33430,0.41031871,5253460462,15021,922281.0522,0.28175411,61.39944425
2024-02-18,270.5679037,19645473.12,169534,191426,0.99866724,5315434480,71387,752545.0143,0.00013,10.5417655
2024-02-19,272.9376858,19646410.62,13813,43928,2.17228261,5362245849,113015,702203.869,0.00013,6.21336874
2024-02-20,265.6525204,19647229.37,119763,152636,1.3849396,5219336002,119608,661916.1863,0.00020546,5.5340461
2024-02-21,262.8688721,19648110.62,116512,140961,0.80090333,5164876678,116441,859061.4016,0.00013,7.37765393
2024-02-22,260.1692008,19649016.87,14073,34699,0.40134872,5112069017,14481,603678.3207,0.48728533,41.68761278
2024-02-23,264.4722686,19650004.37,13684,38974,0.44175991,5196881234,13875,906114.4958,0.92830174,65.30554924
2024-02-24,267.5753167,19650885.62,14204,39088,0.42578974,5258091943,13882,801448.1084,0.7289021,57.73289932
2024-02-25,267.8252589,19651791.87,13509,35268,0.42638492,5263246247,14306,668279.5272,0.30659558,46.7132341
2024-02-26,275.2377266,19652573.12,16363,51441,2.4003009,5409129549,15440,1207572.839,0.34976589,78.21067611
2024-02-27,293.3499352,19653541.87,17792,51338,0.6221244,5765365235,18431,2065257.478,0.67100141,112.0534685
2024-02-28,296.9912465,19654316.87,357084,389878,1.94052474,5837160066,355554,1234313.888,0.00013094,3.47152299
2024-02-29,298.5170211,19655141.87,18484,46315,0.83106271,5867394401,20311,1509825.09,0.50003,74.33533997
2024-03-01,316.0890826,19656085.62,19590,45551,0.53670988,6213074072,20034,1582996.348,0.50234213,79.01549104
2024-03-02,496.6698559,19658016.87,29188,70901,1.13386751,9763544407,29511,3504661.161,0.41323243,118.7577907
2024-03-03,471.0590241,19658929.37,22233,73645,0.79198358,9260516084,22049,2690622.852,0.498739,122.0292463
2024-03-04,467.1655796,19659485.62,19487,60101,2.90707029,9184234996,19208,1997554.912,0.39567551,103.9959867
2024-03-05,401.2287235,19660198.12,19999,58846,0.66320374,7888236197,20630,3663218.018,0.40236203,177.5675239
2024-03-06,415.9599237,19661135.62,17730,43351,0.52440918,8178244474,18070,2095253.433,0.30466343,115.9520439
2024-03-07,432.2994563,19662123.12,33033,43396,0.5570067,8499925136,32744,1113484.399,0.01961124,34.0057537
2024-03-08,436.5691603,19663004.37,158926,49467,0.69197026,8584261308,159779,1631019.005,0.01660956,10.20796853
2024-03-09,433.8662035,19663904.37,19685,40102,0.53259281,8531503537,16935,1319307.813,0.36027768,77.904211
2024-03-10,421.8652576,19664710.62,14538,32045,0.42189026,8295858212,17268,1270034.481,0.2254123,73.54844109
2024-03-11,448.7669084,19665641.87,16988,45592,2.23045915,8825289305,16209,1394903.112,0.37298124,86.05732073
2024-03-12,432.2466664,19666460.62,21502,39507,1.4362737,8500762045,21832,1515310.631,0.12890042,69.407779
2024-03-13,442.1324498,19667398.12,111900,128650,1.48533505,8695594913,112553,2029990.143,0.00016113,18.03585992
2024-03-14,440.7551113,19668485.62,52300,78306,1.60438787,8668985570,52335,2141322.841,0.00019357,40.91569391
2024-03-15,416.766744,19669304.37,25389,46955,0.56674704,8197511940,24931,1575297.889,0.08010556,63.18630978
2024-03-16,388.1193442,19670173.12,27775,51011,0.62668663,7634374693,28696,1510209.633,0.01995619,52.62787961
2024-03-17,401.6616594,19671085.62,43307,58427,0.74164201,7901120894,42511,1404973.583,0.00078985,33.04964792
2024-03-18,400.8291375,19671941.87,16821,46528,2.75005336,7885087494,18151,1243695.286,0.11403999,68.51938108
2024-03-19,357.0904852,19672810.62,95517,122360,0.89338609,7024973490,74884,1433941.151,0.00013641,19.1488322
2024-03-20,408.9261216,19673823.12,105177,126104,0.95482287,8045140187,125903,1181513.887,0.00013,9.38431877
2024-03-21,413.5298528,19674829.37,72650,89980,0.79997033,8136129294,72808,2058776.452,0.00014392,28.27678898
2024-03-22,427.1657346,19675866.87,54401,75149,0.5948485,8404856126,54535,1742532.791,0.00017088,31.95255874
2024-03-23,457.867864,19677004.37,45802,72886,0.66936485,9009467961,44348,1912063.083,0.00020969,43.11497887
2024-03-24,483.8842871,19677904.37,51520,67185,0.5202011,9521828728,50741,1636170.998,0.00014479,32.24554104
2024-03-25,489.3515969,19678729.37,142437,167241,3.50588559,9629817644,144417,1778920.978,0.00016469,12.31794718
2024-03-26,481.3672736,19679573.12,176451,181792,1.33123765,9473102459,173935,1488954.022,0.00013,8.56040487
2024-03-27,541.1330363,19680810.62,344251,354999,3.58198157,1.064993681e+10,279038,3604048.604,0.00013547,12.91597776
2024-03-28,567.9815732,19681766.87,154442,154531,1.56896232,1.117888091e+10,223328,3543672.911,0.00016025,15.86757106
2024-03-29,621.2522107,19682898.12,58433,85339,0.87069632,1.222804397e+10,57812,2522538.871,0.00017851,43.63348216
2024-03-30,597.0207837,19683710.62,29246,52493,0.55129755,1.175158434e+10,30397,1340240.886,0.0200145,44.09122235
2024-03-31,679.7718199,19684879.37,20569,48835,0.52581044,1.338122628e+10,20728,1800863.504,0.24627454,86.88071708
2024-04-01,649.0547881,19685760.62,71282,113274,2.50207083,1.277713719e+10,21273,2311348.55,0.20309376,108.651744
2024-04-02,641.2767129,19686773.12,391949,290691,2.25480506,1.262466916e+10,440877,1884234.949,0.00013547,4.27383362
2024-04-03,595.4594143,19687248.12,311927,44747,0.93196324,1.172295724e+10,255818,1706659.45,0.01703801,6.67138141
2024-04-04,649.1310504,19687382.5,41721,40939,0.65836518,1.277969128e+10,98461,2060819.973,0.02344836,20.93031731
2024-04-05,659.2207148,19687570,430236,76099,1.20693354,1.297845397e+10,424345,2491171.569,0.04059988,5.87062783
2024-04-06,697.3039189,19687954.37,78369,45248,0.51996707,1.372848774e+10,85034,1882120.826,0.08109838,22.13374445
2024-04-07,684.5186627,19688373.12,74346,34582,0.50375431,1.347705884e+10,74748,2057847.126,0.02912179,27.53046403
2024-04-08,681.1894308,19688735.62,18501,45969,2.6657655,1.341175861e+10,18621,1580595.185,0.17750068,84.88240079
2024-04-09,672.634188,19689223.12,128279,153343,0.88971973,1.324364461e+10,104408,1693668.514,0.00013,16.22163544
2024-04-10,627.8094001,19689560.62,19279,36401,0.53454128,1.236129124e+10,42915,1990474.21,0.00013547,46.38178281
2024-04-11,613.6050561,19689945,18767,34251,0.40930528,1.20818498e+10,19222,1670803.336,0.29174589,86.92140965
2024-04-12,533.3534341,19690304.37,48378,68229,0.59762202,1.050189146e+10,47627,1879207.672,0.00013547,39.45677182
2024-04-13,482.6006991,19690807.5,64344,87140,0.68684909,9502797465,65112,1530677.188,0.00020195,23.50837307
2024-04-14,524.551624,19691254.37,16958,36181,0.48348508,1.032907946e+10,17624,762823.2524,0.15159613,43.28320769
2024-04-15,507.4856759,19691716.87,33577,68951,3.20509062,9993264246,31691,1262514.036,0.00013547,39.83825174
2024-04-16,488.2231887,19692101.25,70443,92161,0.64575544,9614140464,67007,920803.9958,0.00013,13.74190749
2024-04-17,464.534806,19692504.37,100589,108731,1.93424574,9147853699,106075,894799.8172,0.00013,8.43553916
2024-04-18,483.6235558,19692976.25,102142,71447,1.19286519,9523987198,100173,1026127.897,0.00013939,10.24355761
2024-04-19,476.6323974,19693420,42681,47630,0.65603856,9386521987,44385,827340.5333,0.00017535,18.64009312
2024-04-20,515.638338,19694116.87,15429,29405,0.39784725,1.015504169e+10,16300,648280.3861,0.19997789,39.77180283
2024-04-21,502.953764,19694841.87,19425,32210,0.41598764,9905594852,16238,587581.3976,0.17744563,36.18557689
2024-04-22,523.4991658,19695282.5,147647,170360,2.97778503,1.031046396e+10,151505,656218.2726,6.594e-05,4.33133079
2024-04-23,505.4375196,19695551.25,26864,45239,0.50280283,9954870571,26428,782990.9535,0.00134018,29.62732531
2024-04-24,478.1303741,19696282.5,14415,32642,0.39469252,9417390919,15142,664625.769,0.21999287,43.89286547
2024-04-25,478.8164867,19696841.87,15999,32890,0.49718695,9431172625,14947,565907.6354,0.23933822,37.86095105
2024-04-26,481.7938164,19697348.12,15348,32412,0.43972353,9490060525,16486,623987.7164,0.41856426,37.84955212
2024-04-27,477.3749117,19697845,14856,30194,0.459,9403257016,14209,430868.3358,0.52616265,30.32362135
2024-04-28,470.0990808,19698332.5,61056,73970,0.48639485,9260168001,34377,375808.8091,0.00013641,10.93198385
2024-04-29,466.9864973,19698788.75,79412,114759,2.81727767,9199068358,106786,600662.1144,0.00013094,5.62491444
2024-04-30,433.4467362,19699173.12,14064,38630,0.39230658,8538542296,14631,854711.619,0.63084298,58.4178538
2024-05-01,423.2240148,19699657.5,80995,72104,0.77985585,8337368136,81077,1006200.268,0.00013934,12.41042796
2024-05-02,429.6573355,19700123.12,16155,36074,0.40679565,8464302409,16308,557457.0948,0.33276498,34.18304481
2024-05-03,454.1241275,19700554.37,120831,94536,0.91363263,8946497066,121109,682158.3388,0.00013551,5.63259822
2024-05-04,463.7855993,19700976.25,15037,37377,0.42463055,9137029075,15096,461273.2714,0.55444104,30.55599307
2024-05-05,469.0363074,19701398.12,13370,32066,0.33749883,9240671026,13303,375505.6423,0.35169035,28.22713991
2024-05-06,473.4838839,19701926.25,14164,42347,2.52346264,9328544559,14629,743951.0391,0.40905812,50.85453818
2024-05-07,471.6239805,19702404.37,15400,38642,0.47896452,9292126375,14073,694375.6702,0.59764589,49.34098416
2024-05-08,447.271326,19702841.87,121392,135401,0.96325437,8812516211,110186,652523.1672,0.00016185,5.9220152
2024-05-09,455.2001795,19703201.25,38771,56226,0.58843804,8968900745,51566,630953.8537,0.00018601,12.23585024
2024-05-10,426.9519825,19703604.37,142406,163268,0.87811874,8412492950,142547,586674.6459,0.00013,4.11565761
2024-05-11,429.5975405,19704095,12760,29506,0.31086123,8464830748,12753,436737.8138,0.57374258,34.24588832
2024-05-12,433.18891,19704541.87,12451,26082,0.34479077,8535789016,13006,476490.0334,0.46305171,36.63617048
2024-05-13,437.500064,19704973.12,44284,73637,3.23372201,8620927002,11961,683842.8692,0.51060678,57.1727171
2024-05-14,428.6032412,19705426.25,82538,97751,0.7454195,8445809558,114911,525556.112,0.00019398,4.57359271
2024-05-15,464.3708383,19705885.62,241718,178274,1.3028939,9150838625,193855,431653.195,0.00013387,2.22668074
2024-05-16,444.9863391,19706310.62,24341,32863,1.42838846,8769039021,72537,533524.8642,0.00014568,7.35520995
2024-05-17,466.6044736,19706782.5,13574,31125,0.42272184,9195272874,13808,675707.3849,0.46877309,48.93593459
2024-05-18,475.8932448,19707266.87,13462,26710,0.37149502,9378555179,13693,540903.8471,0.36616351,39.50221624
2024-05-19,484.830268,19707763.75,12981,24649,0.48178238,9554920380,12929,628420.1064,0.33619918,48.60546882
2024-05-20,514.3645388,19708198.12,13112,25760,0.37907166,1.013719824e+10,13390,654123.8775,0.31216623,48.85167121
2024-05-21,515.3294365,19708654.37,72152,77181,4.03007202,1.015644975e+10,21899,1081785.079,3.12548379,49.39883461
2024-05-22,498.2541698,19709073.12,59011,72749,1.8738156,9820127866,98577,811843.1448,0.00014703,8.23562438
2024-05-23,490.1041439,19709551.25,150509,128292,1.17027532,9659732741,160016,635603.4078,0.00013934,3.97212408
2024-05-24,494.9497753,19709995,126476,141171,1.12823959,9755457596,127993,577283.4025,0.00016325,4.51027323
2024-05-25,493.1438391,19710438.75,14733,28609,0.76348529,9720081434,14986,386076.3236,0.18518606,25.76246654
2024-05-26,484.3892032,19710895,131874,122669,1.02443647,9547744722,62900,401831.5064,0.00016295,6.38841822
2024-05-27,488.754133,19711316.87,109481,138370,2.73468815,9633987589,178729,682425.065,0.00013,3.81821117
2024-05-28,470.2588758,19711726.25,51183,71364,0.93090336,9269614225,28415,1060210.459,0.00025613,37.31164731
2024-05-29,466.3915982,19712123.12,25878,44084,0.49357682,9193568606,48898,681517.2084,0.0001962,13.93752726
2024-05-30,465.1918267,19712554.37,155816,161104,0.99975541,9170119178,152116,682220.7339,0.00014777,4.48487163
2024-05-31,454.6236153,19713001.25,174616,188962,1.13893196,8961995895,178133,840359.8154,0.00013547,4.71759761
2024-06-01,462.5801152,19713476.25,14062,41174,0.94555227,9119062113,14953,461470.7849,0.45471482,30.8614181
2024-06-02,458.33059,19713932.5,61821,77584,0.51943035,9035498313,61864,428882.3476,0.00013,6.93266435
2024-06-03,464.9593505,19714360.62,216291,131491,2.52535808,9166376311,216160,453222.8756,7.619e-05,2.09670094
2024-06-04,477.0052229,19714810.62,121916,126956,0.92556696,9404067635,110653,680594.5734,0.00011839,6.15071054
2024-06-05,494.1168149,19715232.5,509526,199797,2.61329371,9741627887,503538,548717.4915,0.00015422,1.08972409
2024-06-06,495.6916803,19715688.75,107266,120055,1.49597947,9772902884,125051,694597.5125,6.5e-05,5.55451385
2024-06-07,478.4412593,19716054.37,26269,55106,2.4156803,9432973883,14899,788186.9565,0.81054682,52.90200392
2024-06-08,469.8507537,19716545,15974,32648,0.39953986,9263833527,27388,630375.1297,0.00013683,23.0164718
2024-06-09,474.3461745,19716998.12,12937,26627,0.32338261,9352682632,13146,305956.3379,0.49675429,23.27372112
2024-06-10,468.5792211,19717463.75,12777,32980,1.81956681,9239193805,12932,436860.2025,0.54033942,33.78133332
2024-06-11,446.5099063,19717913.75,13641,30291,0.43192085,8804243821,13041,719154.673,0.65962332,55.14566927
2024-06-12,454.1343358,19718357.5,12571,26522,0.86694448,8954783186,13533,577702.7618,0.36683407,42.68844763
2024-06-13,431.7689683,19718763.75,14881,29353,1.07846569,8513950279,15187,730391.966,0.55948682,48.0932354
2024-06-14,421.4235108,19719176.25,15031,31722,0.34464336,8310124485,15223,546522.8885,0.60760713,35.90112911
2024-06-15,429.7149781,19719695,13915,33400,0.35347396,8473848303,13837,383715.5259,0.58266922,27.73112133
2024-06-16,428.0963779,19720166.87,12229,30235,0.31559534,8442132009,12244,321008.4524,0.54814366,26.2176129
2024-06-17,420.136264,19720585.62,14315,38424,1.84144974,8285333168,12567,440989.5407,0.45225286,35.09107508
2024-06-18,388.7036233,19720970,13230,35784,0.37777219,7665612494,15336,975203.4647,0.49537829,63.58916697
2024-06-19,388.022201,19721413.75,13696,34094,0.34035071,7652346370,13890,367916.9844,0.45400176,26.48790384
2024-06-20,390.1391924,19721879.37,14376,37889,1.50398591,7694278091,14945,508398.4905,0.33102919,34.01796523
2024-06-21,382.859856,19722316.87,15215,31636,0.34233024,7550883399,14672,471705.7021,0.38908125,32.15006148
2024-06-22,392.2953377,19722820,16438,32321,0.33427911,7737170332,16961,353438.7827,0.10625653,20.83832218
2024-06-23,382.2497408,19723263.75,16076,34276,0.30599849,7539212454,16174,291079.3546,0.09211101,17.99674505
2024-06-24,361.9673697,19723679.37,141679,142380,1.37223747,7139328344,135309,721663.9498,0.00015116,5.33345121
2024-06-25,387.7966669,19724204.37,285390,210165,2.84319283,7648980713,264847,619264.5705,0.00013547,2.33819741
2024-06-26,373.6716675,19724626.25,356856,241511,1.91612052,7370533981,380871,552512.5256,0.00014689,1.45065527
2024-06-27,388.7488087,19725138.75,73605,90913,1.36751729,7668124189,76485,527385.2572,0.00016488,6.89527694
2024-06-28,385.3528319,19725591.87,44999,62346,0.54098137,7601312690,45269,786374.3064,0.00027283,17.37114375
2024-06-29,380.5937698,19726013.75,19814,39452,0.35173452,7507597935,15108,396467.9855,0.23570276,26.24225479
2024-06-30,393.5473437,19726466.87,100306,117529,1.02861294,7763298638,105912,428498.5757,0.00016137,4.04579816
2024-07-01,384.0681673,19726882.5,103430,136191,3.21477724,7576467608,16158,464841.9574,0.09004537,28.76853307
2024-07-02,382.2917886,19727507.5,241052,203777,1.59481026,7541664125,325492,826384.5474,0.00013387,2.53887821
2024-07-03,373.0249883,19728282.5,69814,96898,0.61786077,7359142347,73048,519096.5378,0.00013548,7.10623888
2024-07-04,333.6451638,19728663.75,162060,187210,1.64110906,6582373247,123285,836088.2413,0.00013934,6.78175156
2024-07-05,326.2025912,19728791.87,83098,107695,0.58639967,6435583030,121087,2075557.582,0.00019683,17.14104389
2024-07-06,342.7037223,19729020,13604,32689,0.34723417,6761208591,15055,697770.0658,0.43792451,46.34806149
2024-07-07,313.5491873,19729407.5,18527,43767,0.35869453,6186139686,18047,526419.6585,0.02659228,29.1693721
2024-07-08,333.5081874,19729916.87,97467,96023,2.90849225,6580088815,97583,739892.6636,0.00013554,7.58218812
2024-07-09,331.1053319,19730348.12,105750,127175,0.67054757,6532823463,105734,730271.887,0.00013,6.9066893
2024-07-10,340.4682559,19730826.25,124393,146548,1.33658603,6717720000,115447,682729.7095,0.00024065,5.91379342
2024-07-11,346.6034202,19731320,197377,185077,1.55784968,6838942996,206975,757527.1344,0.00013547,3.6599934
2024-07-12,368.220141,19731820,13681,33865,0.33374004,7265653542,13648,752860.9417,0.50964009,55.16273019
2024-07-13,376.2625195,19732270,13170,35099,0.29804707,7424513625,12952,866234.9514,0.57704325,66.88040081
2024-07-14,378.2505991,19732698.12,11444,32311,0.27594358,7463904886,12124,692262.3726,0.52267433,57.09851308
2024-07-15,399.6609896,19733148.12,59096,89521,1.97309782,7886569506,43169,948551.096,0.00025613,21.97296893
2024-07-16,387.1076032,19733548.12,223552,179661,1.48920111,7639006517,239504,943886.9415,0.00013547,3.941007
2024-07-17,376.1752083,19733973.12,27162,47623,1.17264212,7423431451,23558,830044.4588,0.02317865,35.23408009
2024-07-18,383.3518304,19734507.5,88079,87128,1.21522864,7565259570,67337,711449.0011,0.00021572,10.56549892
2024-07-19,391.0474062,19734935.62,48188,68744,0.43891547,7717295387,72748,684507.9472,0.00013,9.40930262
2024-07-20,395.1756535,19735379.37,12263,32300,0.29796854,7798941441,12744,517476.0996,0.4903698,40.6054692
2024-07-21,400.3197993,19735841.87,10984,32322,0.37083266,7900648258,11556,645117.1875,0.43832881,55.82530178
2024-07-22,385.7950224,19736282.5,11676,36458,1.65526399,7614159549,11541,717923.3499,0.42179558,62.20633825
2024-07-23,366.4360373,19736663.75,147408,170347,1.00825301,7232224854,126337,754695.6842,0.00020867,5.97367108
2024-07-24,361.504427,19737091.87,147370,158629,1.51105303,7135046088,161072,699436.0786,0.00020165,4.34238153
2024-07-25,361.599187,19737545,101218,113136,1.30388646,7137080225,103603,526685.358,0.00020104,5.08368829
2024-07-26,377.2084139,19738010.62,60716,81724,0.50057151,7445343680,66363,647991.0912,0.00022325,9.76434294
2024-07-27,392.9885127,19738520,14039,32934,0.27084265,7757011617,13978,625309.6562,0.3376263,44.73527373
2024-07-28,416.3420519,19739045,13217,33114,0.36347405,8218194498,12885,725146.3277,0.67730932,56.27833354
2024-07-29,441.1095439,19739582.5,62350,92675,2.28469708,8707318233,62964,957544.3469,0.00022334,15.20780679
2024-07-30,433.1933413,19740026.25,107052,134107,0.67879702,8551247927,93612,849216.9782,0.00013,9.07166792
2024-07-31,415.8925827,19740570,262952,265019,1.31342864,8209956639,274396,631991.0798,0.00013547,2.30320806
2024-08-01,412.3169095,19740995,291579,292043,2.66254964,8139546048,262440,708186.8784,0.00013,2.69847156
2024-08-02,383.6763889,19741454.37,153835,134281,0.87779165,7574329925,185640,593297.2747,0.00013547,3.19595601
2024-08-03,364.2655433,19741873.12,14631,35591,0.31862433,7191284140,14488,617576.1379,0.5964146,42.62673508
2024-08-04,332.3178369,19742276.25,14246,36769,0.30098109,6560710539,13848,927751.5667,0.75908238,66.9953471
2024-08-05,311.3360044,19742682.5,13834,31661,0.34661874,6146607885,14776,1907315.33,0.80123224,129.0819795
2024-08-06,315.146108,19743138.75,13564,44878,1.67958057,6221973336,13603,1064971.831,0.65549585,78.28948253
2024-08-07,312.9214564,19743604.37,13787,31195,0.90304676,6178197434,14062,919146.4532,0.499994,65.36384961
2024-08-08,356.9636266,19744048.12,14662,33967,0.87139143,7047907022,14355,873866.0736,0.54828916,60.87537955
2024-08-09,346.7314813,19744495,178699,130863,0.95785396,6846037997,179592,627145.7849,7.619e-05,3.49205858
2024-08-10,354.4278787,19744973.12,46630,65942,0.40746349,6998168938,46263,413058.9215,6.5e-05,8.92849407
2024-08-11,330.231874,19745401.25,12859,28206,0.28415565,6520560857,13467,291858.9073,0.37671191,21.67215469
2024-08-12,352.808399,19745879.37,20081,39020,1.71513538,6966512089,20156,474397.8891,0.00441528,23.53631122
2024-08-13,351.5298581,19746323.12,105009,123481,0.64033063,6941422166,76774,637472.8161,0.00011839,8.30323828
2024-08-14,338.3392232,19746776.25,303274,312229,2.16259276,6681108936,227031,472225.4542,0.00010882,2.08000429
2024-08-15,334.779554,19747157.5,381623,273546,2.0906433,6610944580,452980,464435.5727,0.00011839,1.02528935
2024-08-16,338.3112518,19747604.37,14454,29074,0.26880563,6680836756,48116,648864.2061,0.00019943,13.48541454
2024-08-17,340.93537,19748082.5,106617,120342,0.66767078,6732819814,106137,323026.9894,6.5e-05,3.04349085
2024-08-18,334.6963131,19748516.87,133443,151335,0.80510171,6609755787,73691,381150.3042,0.00010291,5.17227754
2024-08-19,337.8818488,19748954.37,145996,158309,2.42559153,6672813215,74219,607923.3228,9.065e-05,8.19093928
2024-08-20,335.4096326,19749363.75,253044,176191,1.23356098,6624126839,385475,468182.4342,9.517e-05,1.21455978
2024-08-21,349.2792737,19749848.12,124209,134776,1.53021641,6898212608,124319,530481.178,8.743e-05,4.26709656
2024-08-22,346.4159567,19750229.37,67925,86743,0.55223432,6841794603,68609,433436.9339,6.5e-05,6.31749382
2024-08-23,365.4379085,19750738.75,15321,32449,0.32738064,7217668660,14720,786815.0824,0.5955426,53.45211157
2024-08-24,362.87782,19751191.87,13275,29774,0.33072677,7167269448,13709,421197.6901,0.89621039,30.72417317
2024-08-25,357.402398,19751604.37,11514,29718,0.26748804,7059270768,11373,429399.3424,0.82718928,37.75603116
2024-08-26,342.7857436,19752013.75,11890,33720,0.25725212,6770708721,12142,434706.1013,0.59553941,35.80185317
2024-08-27,324.5459532,19752466.87,11978,48310,1.93758429,6410583189,12508,608893.1975,0.78603097,48.6803004
2024-08-28,322.5998326,19752963.75,12363,31287,0.28644158,6372302798,12309,646084.5164,0.73402669,52.48879002
2024-08-29,321.9949285,19753391.87,12875,31049,0.29656888,6360492003,11994,502455.9906,0.77981967,41.89227869
2024-08-30,325.1980731,19753860.62,13436,40452,1.55660855,6423917411,14398,554533.1903,0.66123215,38.51459857
2024-08-31,322.1601485,19754310.62,12086,26662,0.27023792,6364051643,12451,328115.1706,0.62945073,26.3525155
2024-09-01,312.5976064,19754770,11644,35014,0.32611382,6175293817,11953,449636.6281,0.71430528,37.61705246
2024-09-02,323.7234647,19755216.87,11110,32852,1.34650125,6395227252,11072,581588.8708,0.59245718,52.52789656
2024-09-03,310.3702447,19755626.25,11951,34172,0.41627312,6131558552,12228,462083.2471,0.48527215,37.78894726
2024-09-04,315.3660318,19756095,50348,75526,1.40075778,6230401283,14128,689995.8267,1.24242178,48.8388892
2024-09-05,307.2532129,19756548.12,216454,163856,1.617246,6070262887,251904,622255.798,0.00014264,2.47021007
2024-09-06,294.3418912,19757016.87,93791,107576,0.60443377,5815317711,94953,558953.1481,0.00024065,5.88662968
2024-09-07,299.0721201,19757466.87,39954,57904,0.42187177,5908907506,23455,369478.3739,0.00121759,15.75264864
2024-09-08,305.5825542,19757935.62,138671,155355,0.79080037,6037680432,151949,477739.2391,0.00013,3.14407623
2024-09-09,322.8076993,19758385.62,190022,196052,1.21872737,6378159006,181371,609920.1153,0.00023291,3.36283151
2024-09-10,329.724353,19758854.37,33590,69724,1.85508826,6514975475,46109,480332.827,0.00023291,10.41733342
2024-09-11,337.4259183,19759363.75,12311,27626,0.28847934,6667321458,12515,613082.7427,0.4302014,48.98783401
2024-09-12,333.0372639,19759791.87,13583,35046,1.23270623,6580747020,13474,490435.6468,0.36880684,36.39866756
2024-09-13,335.5461087,19760235.62,31005,46151,0.34943639,6630470171,31557,428934.7724,0.00024832,13.59238116
2024-09-14,327.2116107,19760679.37,12403,27535,0.29142448,6465923727,12417,379037.1539,0.68921707,30.52566271
2024-09-15,316.5037865,19761095,11345,31623,0.35308124,6254461393,11299,510816.9438,0.93961199,45.20904007
2024-09-16,311.9041031,19761548.12,260575,245903,2.33473839,6163707942,260757,613147.5451,0.00013547,2.35141355
2024-09-17,313.7614804,19761951.25,51011,75746,0.50603315,6200539079,50494,537265.0558,0.00013547,10.64017617
2024-09-18,319.8503302,19762363.75,91558,104481,0.7499201,6320998570,73388,861098.5183,0.00023447,11.73350572
2024-09-19,340.3981032,19762866.87,76338,98155,1.40311567,6727242397,94301,957885.789,0.00021289,10.15774794
2024-09-20,335.3775302,19763320,327654,303891,1.55703983,6628173449,328568,566144.0557,0.00013,1.7230651
2024-09-21,345.5127433,19763810.62,12127,28151,0.31513429,6828648426,12833,529952.1044,0.68565698,41.29604179
2024-09-22,342.637174,19764223.12,11625,23516,0.2683597,6771957557,11778,389847.5381,0.61979926,33.09963814
2024-09-23,342.4772416,19764673.12,11738,35552,1.25150406,6768950733,11448,465130.9492,0.59174354,40.62988724
2024-09-24,348.2792858,19765141.87,12614,40997,0.30882361,6883789495,12724,590087.6002,0.54247634,46.37595097
2024-09-25,342.8162153,19765535.62,12050,34548,0.34951595,6775946115,12240,525005.8543,0.52358878,42.89263515
2024-09-26,351.5957154,19765988.75,12789,39098,1.28498234,6949636954,13082,538341.5392,0.59410519,41.15131778
2024-09-27,358.8552959,19766448.12,15018,38732,0.45148532,7093294590,15164,709822.7328,0.44784067,46.80972914
2024-09-28,352.5038682,19766860.62,14051,36660,0.42161889,6967894832,13766,430691.3965,0.58311073,31.28660442
2024-09-29,352.5251947,19767316.87,16803,31853,0.39362226,6968477230,17140,524287.2527,0.14793418,30.58852115
2024-09-30,337.2042822,19767788.75,16952,37914,0.40716448,6665783015,17277,598242.3565,0.12130636,34.62651828
2024-10-01,318.0319542,19768220,153676,176455,0.99094031,6286925636,153938,607459.3328,0.00024839,3.94612982
2024-10-02,316.2304757,19768654.37,250787,248058,1.62935485,6251450976,250571,686247.5534,0.00013547,2.73873494
2024-10-03,320.0674041,19769113.75,222954,216882,1.18177008,6327448919,221887,551817.4615,0.00014478,2.48693011
2024-10-04,323.9399976,19769563.75,122042,142916,0.72157272,6404152432,123305,697026.0267,0.00013547,5.652861
2024-10-05,321.2910342,19769970,15643,42757,0.30532313,6351914106,16062,407352.3912,0.21175475,25.3612496
2024-10-06,324.4382178,19770416.87,15495,42152,0.32316443,6414278815,15895,312265.155,0.99214471,19.64549575
2024-10-07,325.0844833,19770876.25,17196,44456,0.39799671,6427205090,16778,526293.5504,0.49830898,31.36807428
2024-10-08,328.2268034,19771332.5,16467,45543,0.30686064,6489481264,17039,700589.3228,0.14167238,41.11680983
2024-10-09,320.5442188,19771835.62,14620,40337,0.33362771,6337747604,14723,494185.1391,0.50472017,33.56551919
2024-10-10,322.3483518,19772285.62,13398,31923,0.33769703,6373563681,13722,472669.4333,0.54051476,34.44610358
2024-10-11,326.9277391,19772645,74541,93257,0.59257144,6464226124,74559,448710.2683,0.00022321,6.01819053
2024-10-12,329.5322447,19773113.75,14746,31335,0.41521858,6515878559,14759,369704.5498,0.74654227,25.04943083
2024-10-13,320.8429895,19773557.5,13772,29875,0.3466587,6344207301,13932,288823.1244,0.5370881,20.73091619
2024-10-14,365.1463975,19774070,47812,66508,0.50012214,7220430424,48128,651629.1012,0.00021841,13.53950093
2024-10-15,354.0387293,19774520,15142,55444,2.40812132,7000945932,15043,1091917.486,0.56387847,72.58641802
2024-10-16,365.4869747,19774948.12,13641,58987,4.65600547,7227485965,13648,866409.1983,0.59530801,63.4825028
2024-10-17,369.9553943,19775438.75,13199,30943,1.29257598,7316030240,13660,664667.6736,0.6180238,48.6579556
2024-10-18,367.0359447,19775863.75,74392,95106,0.64611533,7258452833,74023,702991.7118,0.00013,9.49693624
2024-10-19,364.0033733,19776341.87,14468,38103,0.39261497,7198655154,15167,397831.3827,0.50399022,26.23006413
2024-10-20,369.3584321,19776804.37,70552,93982,0.59375447,7304729454,13005,361290.9789,0.46999639,27.78092878
2024-10-21,363.9659819,19777276.25,332049,228860,3.34688163,7198255768,389968,609377.283,0.00013547,1.56263407
2024-10-22,357.4373141,19777707.5,85590,109849,0.70615802,7069290647,85212,549329.8246,0.0002151,6.44662517
2024-10-23,347.7732086,19778154.37,12352,26276,0.34722182,6878312206,12801,705657.2681,0.56727344,55.12516741
2024-10-24,367.1781848,19778510.62,12741,36169,1.35440181,7262237628,12785,614817.6862,0.56312115,48.08898601
2024-10-25,346.9621415,19779076.25,14994,40067,0.40432972,6862590652,15402,849889.809,0.3756079,55.18048363
2024-10-26,348.0502531,19779516.87,12862,29609,0.36907981,6884265854,13047,346472.6541,0.56314515,26.55573343
2024-10-27,352.3070941,19779966.87,12790,33192,0.38936197,6968622651,12317,455332.5833,0.50775131,36.96781548
2024-10-28,365.5027275,19780448.12,15410,44041,1.80139395,7229807740,15663,641768.3504,0.56026583,40.9735268
2024-10-29,385.3972361,19780888.75,86600,118652,0.76029876,7623499851,87179,1284605.694,0.00013,14.7352653
2024-10-30,370.4635171,19781304.37,14386,36528,0.36804939,7328251590,14308,950474.3129,0.71653065,66.42957176
2024-10-31,358.8150307,19781732.5,16573,36329,1.44966702,7097982954,17193,815557.7905,0.71521191,47.43545573
2024-11-01,349.5436152,19782176.25,17114,39600,0.52213349,6914733402,16577,812021.502,0.59007289,48.98482849
2024-11-02,352.8718708,19782638.75,16403,35660,0.4175285,6980736744,16887,664781.5114,0.32993696,39.366466
2024-11-03,340.4498826,19783066.87,22782,44558,0.48077746,6735142794,22451,709194.1853,0.02268074,31.58853437
2024-11-04,328.9338689,19783557.5,14307,40786,2.14275025,6507482109,14931,797023.672,0.62307189,53.38046159
2024-11-05,343.5917399,19784045,14825,40461,0.70820304,6797634442,14934,717974.5666,0.70883955,48.07650773
2024-11-06,378.7898161,19784501.25,15528,35002,0.52183591,7494167589,15775,966440.9569,0.74135135,61.26408601
2024-11-07,377.5629112,19784954.37,16753,37925,0.5892086,7470064971,16749,630607.3357,0.42942583,37.65044693
2024-11-08,377.610235,19785385.62,15024,38833,1.25582893,7471164115,15324,639992.8074,0.63264462,41.76408296
2024-11-09,403.8517368,19785866.87,15140,35670,0.45633792,7990556700,15415,684891.9998,0.53521619,44.43023028
2024-11-10,440.4488283,19786407.5,16958,42799,0.54028647,8714899999,16731,1361082.847,0.44390757,81.35095615
2024-11-11,473.0413734,19786782.5,17830,53107,2.10986576,9359966768,15905,984403.9852,0.44207534,61.89273719
2024-11-12,435.9392485,19787182.5,15496,44570,0.49808367,8626009468,17578,1459399.936,0.5467747,83.02423122
2024-11-13,439.3521324,19787582.5,16065,57645,0.54402872,8693716566,16293,1194682.734,0.52674841,73.32490846
2024-11-14,413.8540613,19788016.87,30537,69076,1.26860435,8189351148,31060,659906.6984,2.331e-05,21.24619119
2024-11-15,431.4101162,19788460.62,16729,38988,0.46284476,8536942097,16586,768332.9052,0.43683961,46.32418336
2024-11-16,462.6114457,19789048.12,17938,36760,0.53922182,9154640160,18205,897586.207,0.34007146,49.3043783
2024-11-17,430.8199306,19789404.37,15061,33110,0.44044541,8525669819,15276,1068061.921,0.3878496,69.9176434
2024-11-18,450.4180061,19789888.75,15534,42856,2.09898449,8913722231,15821,885522.6011,0.34899517,55.97134195
2024-11-19,446.9787014,19790291.87,15285,39603,0.45027171,8845838962,14872,702598.3954,0.32044382,47.24303357
2024-11-20,441.2248178,19790716.87,15080,37300,0.41849873,8732155446,14795,633995.4764,0.41111612,42.85200921
2024-11-21,486.3994255,19791216.87,19696,52012,1.61367776,9626436517,20527,1802182.004,0.49998528,87.79568392
2024-11-22,489.2893359,19791657.5,16632,44097,0.49834157,9683846953,16987,852776.5455,0.69017799,50.20171575
2024-11-23,508.8074446,19792201.25,18853,44089,0.58022223,1.007041934e+10,18855,1342696.775,0.68445977,71.2117091
2024-11-24,515.5770272,19792660.62,14399,37889,0.43916418,1.020464112e+10,14522,1310083.82,0.71192577,90.21373223
2024-11-25,493.2882869,19793129.37,15607,52951,2.45971287,9763718880,15714,1075470.503,0.68559649,68.44027636
2024-11-26,491.6992226,19793585.62,17737,44780,0.42949118,9732490662,17588,901720.9213,0.20479504,51.26909945
2024-11-27,520.2782634,19794057.5,18928,43102,1.12756915,1.029841786e+10,19031,1070174.885,0.20242291,56.23324494
2024-11-28,511.8534266,19794466.87,17702,35903,0.45083658,1.01318657e+10,18405,908710.5954,0.19104817,49.37302881
2024-11-29,518.5260858,19794916.87,17629,38023,0.43296241,1.026418076e+10,17435,1058721.702,0.37672247,60.723929
2024-11-30,525.0425642,19795410.62,15085,31112,0.46806465,1.039343315e+10,15335,874331.753,0.50223051,57.01543873
2024-12-01,532.1333464,19795813.75,15485,36166,0.47804587,1.053401261e+10,15532,626825.3902,0.61482157,40.35703001
2024-12-02,536.587949,19796345,18851,57257,2.83725398,1.062248016e+10,19181,1189900.694,0.51396107,62.03538367
2024-12-03,580.7783198,19796845,19028,50354,0.72360327,1.149757838e+10,19225,1416099.05,0.75482766,73.65924839
2024-12-04,581.791129,19797313.75,25652,54602,0.62062203,1.151790152e+10,25925,1815114.335,0.08472876,70.01405342
2024-12-05,589.6637303,19797801.25,45314,65856,1.57252359,1.167404533e+10,40137,1856073.556,0.00019502,46.24345505
2024-12-06,619.8105193,19798254.37,19576,40450,0.5902199,1.227116632e+10,23556,1283181.439,0.12029039,54.47365594
2024-12-07,610.5520989,19798723.12,17301,39451,0.5140577,1.208815196e+10,18708,794669.4149,0.33208068,42.47751843
2024-12-08,620.9492796,19799176.25,23439,42966,0.47575058,1.229428423e+10,18387,941274.8538,0.20892541,51.1924106
2024-12-09,552.8027831,19799595,25709,54377,1.97927127,1.094527122e+10,22550,1548102.007,0.08761423,68.65197371
2024-12-10,516.6659022,19799948.12,63471,66127,1.0645559,1.022995806e+10,56040,1597701.99,0.00024613,28.51002836
2024-12-11,548.3912551,19800335.62,67565,51091,0.60612866,1.08583309e+10,83676,1057622.286,0.00042802,12.63949382
2024-12-12,539.8711934,19800804.37,16551,37049,0.44323802,1.068988389e+10,17110,630409.8578,0.51331286,36.84452704
2024-12-13,539.9476917,19801254.37,16176,49429,1.59856417,1.069164159e+10,16228,793808.9587,0.59970923,48.91600681
2024-12-14,533.6115806,19801679.37,15374,42953,0.45644931,1.056640543e+10,15480,714214.2131,0.65219864,46.13786906
2024-12-15,546.0402821,19802132.5,14494,42443,0.48390877,1.081276202e+10,14732,518241.9591,0.63171525,35.17797713
2024-12-16,538.5957551,19802620,58885,76749,1.65264113,1.066560707e+10,40158,751859.6642,0.00027321,18.72253758
2024-12-17,529.3075484,19803032.5,61712,71448,0.71104529,1.048189458e+10,80115,697687.1828,0.00021721,8.70857121
2024-12-18,481.6912598,19803482.5,161720,122113,2.82765607,9539164432,156572,961226.0831,0.00021334,6.13919527
2024-12-19,440.9179652,19803835.62,152435,66606,1.19347233,8731866905,113724,1233669.02,0.00023705,10.84792145
2024-12-20,448.9619927,19804291.87,15620,37613,0.61776482,8891374344,60248,1380956.165,0.00021334,22.92119514
2024-12-21,454.5958681,19804760.62,14456,34225,0.43046639,9003162348,14801,727625.6382,0.81825782,49.16057281
2024-12-22,445.2977417,19805213.75,14200,35130,0.45073869,8819216955,14380,621818.3546,0.4616561,43.24188835
2024-12-23,460.7323895,19805710.62,14198,42884,2.28068599,9125132382,13964,795439.5045,0.57823921,56.96358525
2024-12-24,470.3272782,19806145,16122,58149,1.45978041,9315370269,16071,894181.8337,0.45267271,55.63946448
2024-12-25,464.2381005,19806557.5,12846,24743,0.38812627,9194958629,13290,505616.0962,0.39816099,38.04485298
2024-12-26,436.7208432,19806973.12,13997,28610,0.39498525,8650118003,13837,655473.2137,0.35560615,47.37104963
2024-12-27,439.4479627,19807448.12,14249,42121,1.66446273,8704342724,14803,598129.2775,0.58796968,40.40594997
2024-12-28,450.8171486,19807910.62,14378,35415,0.45146637,8929745786,14622,444994.1912,0.55780865,30.43319595
2024-12-29,437.4612249,19808382.5,13108,31151,0.47957969,8665399272,13114,428606.058,0.55577888,32.6830912
2024-12-30,443.1926346,19808841.87,12848,35292,1.01236379,8779132819,12847,573189.1582,0.50105775,44.61657649
2024-12-31,433.8924884,19809263.75,13055,34099,0.50880887,8595090742,13783,769477.4452,0.57220896,55.82800879
2025-01-01,449.3994858,19809745,12331,26340,0.36915957,8902489215,12324,704432.2368,0.5712306,57.15938305
2025-01-02,461.2874469,19810195,13982,36593,1.45824602,9138194274,13869,639587.7409,0.46106074,46.11635596
2025-01-03,473.0880889,19810660.62,14083,38131,1.07152487,9372187573,14246,484385.1349,0.56839791,34.00148356
2025-01-04,477.9038929,19811132.5,13957,36567,0.39157949,9467817343,13996,498955.1671,0.5772,35.64984046
2025-01-05,471.0612152,19811560.62,13797,25469,0.30325573,9332457822,14149,437948.9147,0.43915729,30.95264079
2025-01-06,481.8462298,19811998.12,48389,64360,1.6990195,9546336599,42460,572043.5862,0.00023147,13.47252911
2025-01-07,438.1056611,19812388.75,25137,50581,0.45857918,8679919670,31168,671180.6714,0.00041928,21.53428745
2025-01-08,434.4037758,19812854.37,69786,71781,0.58111217,8606778749,35063,618826.0833,0.00027648,17.64897707
2025-01-09,421.4741156,19813307.5,16116,32980,1.3120173,8350796255,51178,560215.5046,0.00021334,10.94641261
2025-01-10,449.5330417,19813795,14849,30994,0.6079991,8906955533,14521,632661.3954,0.57674065,43.56872084
2025-01-11,441.2691494,19814238.75,13828,32675,0.37373517,8743412279,14314,454322.6843,0.77615786,31.7397432
2025-01-12,447.2253853,19814713.75,12669,30608,0.35682856,8861642990,13132,431644.1446,0.61203817,32.86964244
2025-01-13,427.7798266,19815113.75,13745,41218,1.58306101,8476505923,13383,744899.3206,0.58556145,55.66011511
2025-01-14,438.2714728,19815554.37,13284,37606,0.4395819,8684592200,13958,466986.4049,0.52116032,33.4565414
2025-01-15,460.7597445,19816013.75,14587,34605,0.35130249,9130421431,14322,707795.4251,0.58414868,49.42015257
2025-01-16,461.5491049,19816470,15584,37855,1.30176842,9146273990,16192,678011.9894,0.44359776,41.87327009
2025-01-17,490.1893317,19816951.25,15545,35075,0.50844727,9714058089,15489,1301736.978,0.59119088,84.04267403
2025-01-18,465.5987796,19817357.5,15132,38751,0.47400965,9226937465,14480,583519.2183,0.60210893,40.29828855
2025-01-19,426.614238,19817720,14270,34886,0.5235931,8454521516,14666,570462.3507,0.58530659,38.89692831
2025-01-20,432.5441741,19818145,14780,40192,1.83704078,8572223159,15298,594626.5127,0.35080275,38.86955894
2025-01-21,446.3424867,19818607.5,15920,37343,0.55494027,8845886554,15832,697321.7676,0.28862756,44.04508385
2025-01-22,435.1396745,19819045,15737,38553,0.84953388,8624052789,16387,638735.4896,0.22083363,38.97818329
2025-01-23,437.4951885,19819488.75,27664,52429,1.20788247,8670930965,27612,582772.084,0.01891538,21.10575416
2025-01-24,430.5599597,19819923.12,35111,53976,1.31322406,8533665301,35015,513178.9152,0.00053976,14.65597358
2025-01-25,445.8548689,19820426.25,14932,29183,0.32721687,8837033545,14920,428761.2523,0.37114237,28.73734935
2025-01-26,426.1008453,19820845,12264,26595,0.32128642,8445678808,12494,403872.3997,0.44414387,32.32530812
2025-01-27,426.3253586,19821285.62,13479,39317,1.84747241,8450316702,13813,738833.5821,0.48000408,53.48827786
2025-01-28,409.3565628,19821766.87,16015,39505,0.60818094,8114170355,16597,443590.7252,0.25850087,26.72716305
2025-01-29,416.566595,19822132.5,94760,65305,0.70690301,8257238239,89469,311624.3916,0.00025837,3.48304319
2025-01-30,435.790247,19822598.12,49298,59810,0.49746666,8638494932,50570,480551.832,0.00023903,9.50270579
2025-01-31,423.5291272,19823054.37,53120,58080,0.52336514,8395640917,56662,497846.775,0.00056984,8.78625489
2025-02-01,404.1379799,19823473.12,16761,33086,0.43374252,8011418382,17313,477799.0562,0.25333411,27.59770439
2025-02-02,355.9650523,19823873.12,18448,35918,0.40710601,7056606033,18255,776867.2644,0.30776553,42.55640998
2025-02-03,353.0709387,19824248.12,19946,49747,2.22184708,6999365894,20277,2360781.012,0.25445176,116.426543
2025-02-04,329.977451,19824626.25,16268,44470,0.78947702,6541679636,16327,851726.471,0.2778821,52.16674655
2025-02-05,327.5738868,19825066.87,16236,31727,0.80410039,6494174211,16765,625461.3962,0.293613,37.30756911
2025-02-06,315.9970715,19825488.75,15519,35283,0.39289064,6264796385,15527,643908.0355,0.43185895,41.47021546
2025-02-07,317.4662417,19825932.5,16038,34569,0.41889829,6294064278,16190,1128815.784,0.37422625,69.72302555
2025-02-08,323.6890759,19826398.12,15586,32546,0.35147499,6417588487,15752,391184.3443,0.37369468,24.8339477
2025-02-09,323.8411374,19826891.87,14645,30660,0.29963103,6420763216,15070,490992.0366,0.37039041,32.58075889
2025-02-10,328.6279385,19827379.37,16790,43783,0.37394384,6515830808,16889,686380.512,0.15862093,40.64068399
2025-02-11,331.4842801,19827851.25,15840,37888,0.33486602,6572620998,15942,582763.389,0.24724907,36.55522449
2025-02-12,343.1403992,19828323.12,15286,33431,0.25482861,6803898712,15066,534247.3448,0.3312687,35.46046361
2025-02-13,335.2691429,19828788.75,15515,37515,0.3822746,6647981009,15895,728761.4714,0.36927115,45.84847256
2025-02-14,341.4312187,19829263.75,19165,35312,0.29749182,6770329688,19145,767227.8736,0.27013252,40.07458206
2025-02-15,333.0111383,19829666.87,14401,27792,0.24306539,6603499938,14525,379791.0075,0.37550929,26.14740154
2025-02-16,326.6799507,19830110.62,13196,29449,0.23884816,6478099561,13690,476759.1111,0.34298307,34.82535508
2025-02-17,323.8184078,19830538.75,13010,33558,0.24760633,6421493482,12805,571867.7638,0.40681237,44.65972384
2025-02-18,315.8554262,19830957.5,14782,38588,0.34625048,6263715532,15213,739663.13,0.38728271,48.62046473
2025-02-19,322.6394284,19831404.37,14257,31338,0.25715076,6398392971,14411,580375.6744,0.40016462,40.2731021
2025-02-20,326.2486601,19831848.12,19615,40461,1.05622413,6470113877,18820,455220.9279,0.29996903,24.18814706
2025-02-21,313.4203521,19832241.87,15750,38665,0.73775521,6215828230,16656,4077986.901,0.61570739,244.835909
2025-02-22,321.3652096,19832760.62,15713,33859,0.23379778,6373559274,15774,521455.0155,0.32000393,33.05788104
2025-02-23,327.6703868,19833176.25,15209,34012,0.21623632,6498744533,15375,520505.958,0.21391966,33.85404604
2025-02-24,292.4576288,19833548.12,28247,52587,0.3754931,5800472455,27966,599074.7578,0.02983707,21.42153893
2025-02-25,292.2509834,19834038.75,25176,56075,0.43855035,5796517330,25720,1374431.165,0.04819711,53.4382257
2025-02-26,294.0577609,19834582.5,32336,53015,0.34455207,5832512918,32287,651182.0136,0.02222816,20.16855123
2025-02-27,296.3571666,19835007.5,19445,44050,0.29834559,5878246622,19263,549306.682,0.11913759,28.51615438
2025-02-28,316.0504459,19835535.62,26599,80889,0.47975003,6269029878,27374,932906.9495,0.0377654,34.0800376
2025-03-01,310.7566441,19835988.75,18815,47391,0.28661233,6164165296,18483,668598.4786,0.13260939,36.173699
2025-03-02,334.0432446,19836441.87,19304,46781,0.31881354,6626229405,19330,589871.8583,0.09729634,30.51587471
2025-03-03,322.4559475,19836920,23798,52605,0.38648563,6396532833,23976,1011540.022,0.03815856,42.1896906
2025-03-04,320.0760978,19837332.5,38745,56190,0.54974863,6349455976,39758,712595.7811,0.00041507,17.92333067
2025-03-05,393.3877317,19837982.5,46053,53868,0.55963361,7804018935,45670,1402754.38,0.00038714,30.71500722
2025-03-06,395.3183957,19838463.75,50448,56865,0.44379821,7842509663,43279,1084452.928,0.00040733,25.05725474
2025-03-07,389.4937662,19838957.5,22238,46769,0.37778004,7727150273,29543,998515.7822,0.06847724,33.79872667
2025-03-08,385.667094,19839373.12,17489,36886,0.23488655,7651393380,18283,605869.3077,0.13053524,33.13839674
2025-03-09,358.6158255,19839860.62,24589,43127,0.28356856,7114887996,24293,448984.4472,0.05590382,18.48205027
2025-03-10,333.1738409,19840248.12,19811,47303,0.33914744,6610251672,19376,811835.9195,0.10579519,41.89904621
2025-03-11,340.5671625,19840629.37,17556,39203,0.32976269,6757066848,18056,832621.5434,0.12153014,46.11328884
2025-03-12,354.9482967,19841141.87,18762,37642,0.32261983,7042579512,18693,549977.1217,0.12705344,29.42155468
2025-03-13,326.5894342,19841510.62,16815,55662,0.41026413,6480027727,17677,584895.5519,0.15721823,33.08794206
2025-03-14,330.3924208,19841926.25,17468,38574,0.28187063,6555622046,17726,674816.2037,0.23960303,38.06928825
2025-03-15,342.9120786,19842423.12,17767,37323,0.29117692,6804206557,18010,604472.6547,0.24297128,33.56316794
2025-03-16,333.4089738,19842885.62,15449,30505,0.22534346,6615796132,14749,387138.9483,0.20721384,26.24848791
2025-03-17,337.2726837,19843307.5,13986,34846,0.26112665,6692605573,14665,466663.8366,0.21911522,31.82160495
2025-03-18,335.4208628,19843770,15120,38543,0.33758476,6656014454,14707,458863.7891,0.3023497,31.20036643
2025-03-19,345.8203487,19844210.62,23627,34858,0.31195944,6862531837,20939,537257.8739,0.08441753,25.65823935
2025-03-20,333.1439904,19844641.87,22213,43849,0.27681381,6611123181,25525,522698.1367,0.02110337,20.47788978
2025-03-21,324.3159152,19845048.12,19359,45664,0.26233821,6436064944,19606,653662.256,0.1065506,33.339909
2025-03-22,321.6601827,19845504.37,18037,32595,0.22935268,6383508563,17496,351260.136,0.10143894,20.0765967
2025-03-23,325.0354566,19845954.37,15590,31311,0.19352292,6450638842,16318,367736.7921,0.12219148,22.53565339
2025-03-24,331.8839797,19846404.37,18505,39203,0.26682934,6586703666,18888,411434.9978,0.08993744,21.7828779
2025-03-25,335.5715504,19846838.75,20801,40445,0.31244818,6660034450,21307,605026.1293,0.02594958,28.39565069
2025-03-26,333.539799,19847316.87,14615,27812,0.20564545,6619870080,14635,428813.3267,0.21414047,29.30053479
2025-03-27,324.5027111,19847726.25,15075,35952,0.26631718,6440640976,14937,559124.6523,0.30621016,37.43219202
2025-03-28,307.2420807,19848157.5,16229,38763,0.30216873,6098189208,16539,770283.3994,0.39599331,46.57375895
2025-03-29,302.3316441,19848616.87,18347,34258,0.24968109,6000864973,17923,510599.9086,0.2782749,28.48852918
2025-03-30,298.5298803,19849079.37,13951,30399,0.24187008,5925543289,14574,557702.7976,0.26986886,38.26696841
2025-03-31,303.0598576,19849507.5,15279,35457,0.29651332,6015588917,15294,789194.8666,0.33083572,51.60159975
2025-04-01,308.7546159,19849926.25,16013,42392,0.33020069,6128756354,16592,677155.2241,0.3478119,40.81215188
2025-04-02,294.162232,19850376.25,23748,33154,0.30305547,5839230983,20438,584920.4366,0.05599733,28.61926003
2025-04-03,300.1409001,19850845,32797,50017,0.33898251,5958050485,36222,828568.2539,0.00013653,22.87472403
2025-04-04,300.9394093,19851335.62,23965,47011,0.33951692,5974049216,24146,719703.3438,0.04889665,29.80631756
2025-04-05,302.8578415,19851841.87,15912,28732,0.23347456,6012285979,15974,517458.965,0.31835774,32.39382527
2025-04-06,270.3840588,19852232.5,16279,30696,0.22779171,5367727200,15285,566813.9742,0.31119222,37.08302088
2025-04-07,275.5349041,19852698.12,16660,40237,0.3143645,5470111274,15923,1152266.273,0.31713571,72.36489816
2025-04-08,268.8968854,19853151.25,19412,39648,0.3531292,5338450536,21388,527084.9004,0.06270486,24.64395457
2025-04-09,303.4534155,19853645,17753,36827,0.26344256,6024656384,17197,958213.6583,0.1918526,55.71981498
2025-04-10,290.4731647,19854098.12,19139,31220,0.28766012,5767082713,20031,601678.7076,0.12289965,30.03737744
2025-04-11,312.6197924,19854573.12,15342,27379,0.24674491,6206932528,15805,745067.8426,0.32008022,47.14127444
2025-04-12,344.8827726,19855120,16363,28888,0.3001986,6847688835,16149,1182719.091,0.36017084,73.23791511
2025-04-13,343.0278006,19855607.5,12914,27358,0.24742183,6811025369,13317,685619.5602,0.3600458,51.48453556
2025-04-14,324.0523561,19855960.62,14775,35616,0.33305091,6434370823,14465,1041287.069,0.36870433,71.98666221
2025-04-15,319.4632961,19856398.12,14666,40003,0.40136254,6343390393,15123,1173803.396,0.27532707,77.61709951
2025-04-16,322.771873,19856854.37,14108,37749,0.26866709,6409234077,14532,601644.9677,0.2380099,41.40138781
2025-04-17,333.6981688,19857345,15103,32839,0.34469392,6626359663,14949,459303.269,0.31843376,30.72468185
2025-04-18,335.5168719,19857820,13485,26523,0.23677547,6662633649,13630,523710.2269,0.40144008,38.42334753
2025-04-19,335.4646038,19858254.37,12767,24303,0.23822625,6661741436,13253,394153.35,0.22298364,29.7406889
2025-04-20,336.0478515,19858701.25,11913,22565,0.2100868,6673473888,11680,481596.1365,0.33087495,41.23254593
2025-04-21,344.7114049,19859166.87,12197,26403,0.24707836,6845681312,12383,835977.3022,0.21022429,67.51007851
2025-04-22,363.0745753,19859610.62,12480,34569,0.35611832,7210519693,12709,909381.7874,0.21021086,71.55415747
2025-04-23,358.1768394,19860032.5,12843,34397,0.31606444,7113403670,12333,1180302.358,0.4025023,95.70277778
2025-04-24,355.8045909,19860448.12,11993,27449,0.29777532,7066438620,12840,1291183.789,0.51158004,100.5594851
2025-04-25,373.998748,19860957.5,14242,27710,0.33784122,7427973238,13846,1957291.319,0.47761818,141.3614993
2025-04-26,356.0241796,19861363.75,14094,24271,0.22086344,7071125734,14626,683620.9445,0.21348137,46.74011654
2025-04-27,345.8281765,19861776.25,13282,23888,0.24350219,6868761862,13431,1074622.8,0.25052856,80.01063208
2025-04-28,361.1311701,19862232.5,24682,40737,0.40896678,7172871262,25020,1372182.669,0.008256,54.84343203
2025-04-29,363.1667034,19862729.37,22553,41605,0.38245284,7213481947,22598,1232579.183,0.02472047,54.54372879
2025-04-30,366.4843639,19863176.25,36149,44029,0.3886377,7279543511,32337,1306071.536,0.00032237,40.3893848
2025-05-01,361.0358046,19863585.62,29000,42010,0.34197221,7171465617,33172,1687166.315,0.00145909,50.86115744
2025-05-02,381.1812547,19864095,16403,37141,0.32358797,7571820655,16475,1330238.183,0.19246843,80.74283356
2025-05-03,363.279359,19864513.75,15259,25031,0.45878203,7216367822,15643,2407912.278,0.22971067,153.9290595
2025-05-04,356.0569841,19864901.25,13348,25443,0.24555906,7073036827,13246,783250.9786,0.37826716,59.13113231
2025-05-05,353.7853203,19865335.62,12474,27579,0.27634892,7028064126,12697,1096790.832,0.50225063,86.38188798
2025-05-06,371.5953937,19865823.12,46759,69692,0.55301071,7382048365,46954,1354056.642,0.00022497,28.83794015
2025-05-07,382.3930954,19866295,14483,35667,0.29153649,7596734037,14894,1122015.347,0.26937907,75.33337902
2025-05-08,421.9713974,19866810.62,80048,77271,0.73325484,8383225840,79584,3080234.288,0.00022413,38.70419039
2025-05-09,410.3499015,19867213.75,27865,46514,0.332382,8152509204,28379,1199035.032,0.00028087,42.25078514
2025-05-10,430.3126958,19867710.62,14572,27425,0.29191977,8549328117,14243,715159.5678,0.26220999,50.21130154
2025-05-11,408.2600723,19868110.62,12706,30500,0.26164022,8111356279,12645,381408.4659,0.31976172,30.16278891
2025-05-12,410.6946642,19868560.62,12721,35150,0.30309,8159911833,13515,774980.617,0.28884378,57.342258
2025-05-13,411.0093776,19869007.5,13212,31048,0.32823449,8166348406,13368,571358.1968,0.27828547,42.74073884
2025-05-14,402.1967636,19869423.12,35865,45318,0.38287649,7991417675,35960,432798.1329,0.00041507,12.03554318
2025-05-15,394.7785066,19869854.37,16373,33756,0.33881013,7844191435,13488,539467.568,0.21494774,39.99611269
2025-05-16,396.821578,19870295,36092,47301,0.31405469,7884961817,39250,448082.3838,0.00021334,11.41611168
2025-05-17,391.7932345,19870770,12926,24480,0.22503714,7785233250,13246,378790.6698,0.22023968,28.59660801
2025-05-18,404.9055294,19871223.12,11030,20899,0.19187934,8045968118,11069,338282.6971,0.35364199,30.56126994
2025-05-19,392.8691312,19871610.62,11202,28741,0.23752734,7806942400,11445,561916.2669,0.26804018,49.09709627
2025-05-20,394.3841068,19872060.62,11774,28942,0.23322713,7837224879,11741,586580.9911,0.26150886,49.96005375
2025-05-21,407.569856,19872560.62,66089,62191,0.69220984,8099456671,66156,601390.283,0.00023903,9.09048737
2025-05-22,444.3081079,19873066.87,26048,45875,0.45863351,8829764740,26304,914936.1737,0.0016095,34.78315745
2025-05-23,426.8622422,19873485.62,50567,66637,0.52323667,8483240633,50754,1115263.091,0.00022389,21.97389546
2025-05-24,421.5489732,19873970,13073,29207,0.20488408,8377851646,13318,552054.161,0.15298758,41.45173156
2025-05-25,422.2920082,19874410.62,28770,39988,0.29472114,8392804774,28760,439934.2842,0.00021334,15.29674145
2025-05-26,415.1132383,19874807.5,18372,34471,0.27068511,8250295702,18287,718647.0127,0.03380651,39.29824534
2025-05-27,414.5940965,19875285.62,12733,28018,0.32194741,8240176086,12709,529216.5545,0.33584181,41.64108541
2025-05-28,419.2572557,19875754.37,11749,21223,0.2822841,8333054234,12423,402421.1972,0.47941885,32.39323811
2025-05-29,409.7839098,19876223.12,18709,34161,0.32233483,8144956423,18676,538513.889,0.04098993,28.83454107
2025-05-30,399.8887139,19876666.87,12852,22509,0.30211204,7948454752,13181,971013.3049,0.66311529,73.66765077
2025-05-31,414.7782821,19877198.12,14829,24578,0.33886162,8244630091,14313,680584.5676,0.2338819,47.55009904
2025-06-01,404.4759367,19877588.75,11182,24009,0.21489924,8040006328,11225,674420.6889,0.61881835,60.08202128
2025-06-02,403.8644299,19878035.62,11232,28408,0.25338378,8028031524,11834,539495.4155,0.42166589,45.5885935
2025-06-03,401.6247814,19878495,11654,33050,0.25818772,7983696208,11896,369007.8961,0.46190587,31.01949362
2025-06-04,401.0763418,19878957.5,10557,24046,0.21951416,7972979552,10766,294719.7067,0.45238596,27.37504241
2025-06-05,385.5915028,19879395,10938,22978,0.25953486,7665325792,11218,616974.7191,0.59486424,54.99863782
2025-06-06,396.4579701,19879782.5,10638,21748,0.20465564,7881498216,10555,613966.307,0.70294334,58.16829056
2025-06-07,409.6061584,19880229.37,11003,21010,0.19884158,8143064381,11402,499692.057,0.53892977,43.82494799
2025-06-08,411.7121832,19880779.37,9317,22723,0.21172125,8185159080,9295,441567.0164,0.70176017,47.50586512
2025-06-09,425.7973615,19881198.12,10946,25005,0.26914219,8465361705,10730,551001.9626,0.5411484,51.35153426
2025-06-10,438.1323253,19881654.37,11087,30967,0.30435635,8710795461,11688,719801.837,0.71557837,61.58468831
2025-06-11,428.7770564,19882113.75,11825,26942,0.32330809,8524994208,11187,986827.5893,0.70889756,88.2119951
2025-06-12,425.447615,19882535.62,11359,25459,0.49157472,8458977362,12017,1054970.408,0.58637813,87.78983169
2025-06-13,449.2621554,19882979.37,12095,27155,0.36857467,8932670169,12552,1125080.444,0.69761077,89.63355991
2025-06-14,430.795501,19883488.75,10948,22689,0.19059046,8565717497,10849,666328.1905,0.40741562,61.41839713
2025-06-15,461.3527446,19884010.62,10866,22121,0.29224336,9173542874,11246,841050.7178,0.68972499,74.78665461
2025-06-16,467.7692706,19884470,12250,22833,0.44312268,9301344027,12208,947328.6912,0.37852055,77.59900812
2025-06-17,464.7119363,19884954.37,12495,30715,0.36244396,9240775650,12606,1072974.693,0.67481616,85.11619011
2025-06-18,459.079803,19885391.87,11138,24225,0.25255214,9128981783,11433,636370.4112,0.57158256,55.6608424
2025-06-19,498.7885296,19885851.25,33561,39911,0.43371136,9918834503,33084,1012748.829,0.00023937,30.61143842
2025-06-20,473.8509223,19886366.87,53263,49092,0.54820095,9423173285,52993,1145391.23,0.00023903,21.61400997
2025-06-21,463.2010466,19886791.87,10824,18405,0.24664874,9211582809,11415,980796.8769,0.64939771,85.92175881
2025-06-22,454.5488697,19887232.5,11555,21753,0.2505744,9039719053,12235,839148.5218,0.52452982,68.58590288
2025-06-23,463.4305562,19887645,12709,36679,0.62710608,9216542383,12928,1197930.868,0.55428693,92.66173177
2025-06-24,453.7303407,19888038.75,14207,28474,0.61654185,9023806598,14299,1764251.811,0.33090394,123.3828807
2025-06-25,482.094338,19888566.87,14411,23637,0.48453209,9588165480,14490,2215006.187,0.34489269,152.8644711
2025-06-26,488.9121322,19889048.12,14723,23919,0.35188797,9723996926,14897,1294328.842,0.33360688,86.88520117
2025-06-27,505.1780895,19889529.37,35002,39185,0.49603936,1.004775445e+10,34796,1472855.014,0.00023937,42.32828527
2025-06-28,492.2756459,19889960.62,10624,21009,0.23951845,9791343213,11231,1012579.026,0.51575875,90.15929356
2025-06-29,504.031459,19890313.75,11395,20393,0.20630191,1.002534386e+10,11339,553056.6015,0.59093993,48.77472453
2025-06-30,506.4608555,19890835.62,68231,52588,0.7197409,1.007392963e+10,68172,849815.5954,0.00023903,12.46575713
2025-07-01,500.9300256,19891254.37,14027,32075,0.38245784,9964126562,14134,1060516.301,0.5354394,75.03299145
2025-07-02,510.6582228,19891679.37,12611,25226,0.34426552,1.015784964e+10,13318,523070.586,0.34960149,39.27546073
2025-07-03,496.8004888,19892116.87,15143,30626,0.34774833,9882413386,13813,1083705.142,0.44854906,78.4554508
2025-07-04,484.7802089,19892513.75,11772,21923,0.26012139,9643496969,13429,1110243.448,0.39503796,82.675065
2025-07-05,489.067769,19892979.37,13820,23452,0.25378239,9729015040,13623,446120.6974,0.24831103,32.74761046
2025-07-06,492.7244963,19893451.25,12501,23702,0.2612294,9801990746,12250,521415.2406,0.29378554,42.56450943
2025-07-07,495.9422968,19893882.5,13197,24124,0.26101134,9866217779,13844,809911.4038,0.30003962,58.5027018
2025-07-08,501.2329534,19894341.87,14434,30573,0.34131532,9971699733,13743,719350.9258,0.22877863,52.34307835
2025-07-09,515.5880692,19894791.87,30415,43232,0.41926357,1.025751733e+10,30815,984331.7286,0.00034312,31.94326557
2025-07-10,518.277704,19895216.87,70683,73433,0.55898802,1.031124732e+10,67765,700432.2538,0.00023903,10.33619499
2025-07-11,532.427862,19895691.87,117031,110540,0.81415702,1.059302069e+10,119566,1225282.906,0.00023903,10.24775359
2025-07-12,506.4512991,19896207.5,29430,36650,0.31821301,1.007646013e+10,30866,774720.2964,0.00180824,25.09947179
2025-07-13,507.8109641,19896623.12,14196,26359,0.24588728,1.010372337e+10,14282,547386.9201,0.30048597,38.32704944
2025-07-14,505.031001,19897048.12,63709,81678,0.57648893,1.004862613e+10,61994,805784.7494,0.00024376,12.99778606
2025-07-15,497.3160241,19897495,97334,103072,0.7100077,9895343102,99243,934169.058,0.00021721,9.41294658
2025-07-16,499.3733363,19897935.62,48290,57103,0.56140351,9936498496,44833,443626.3191,0.00029771,9.8950844
2025-07-17,502.1200802,19898376.25,21996,39451,0.38204243,9991374277,24367,449518.4841,0.00208262,18.44783863
2025-07-18,513.9005366,19898966.87,16800,32754,0.42759929,1.022608975e+10,18689,1497781.728,0.15552556,80.14242219
2025-07-19,513.2880049,19899385.62,12926,24387,0.28402164,1.021411594e+10,12915,521045.1856,0.33183128,40.34418781
2025-07-20,548.1165615,19899876.25,63392,81671,0.5534752,1.090745174e+10,59918,1220705.714,0.00021334,20.37293824
2025-07-21,523.2020596,19900260.62,65007,70819,0.56091776,1.041185734e+10,67480,920164.2044,0.00027038,13.63610261
2025-07-22,526.1692507,19900688.75,20386,35291,0.5437428,1.047113049e+10,21623,774123.5429,0.02334023,35.80093154
2025-07-23,512.2936735,19901129.37,13873,28276,0.28814084,1.019522267e+10,13699,663307.4868,0.38280941,48.42013919
2025-07-24,511.8898301,19901579.37,12748,52538,0.40079529,1.018741608e+10,13306,1226811.285,0.49243946,92.19985608
2025-07-25,556.5176912,19902138.75,55244,75821,0.92346527,1.107589231e+10,55522,1808303.876,0.00021334,32.56914153
2025-07-26,560.0296515,19902623.12,12402,23255,0.25048561,1.114605909e+10,12480,529592.8023,0.50181581,42.43532069
2025-07-27,590.5615036,19903145,15531,27724,0.37888693,1.175403124e+10,14394,1587150.788,0.43148561,110.2647484
2025-07-28,570.7174784,19903576.25,31808,38339,0.42527639,1.135931885e+10,32652,1628645.853,0.00024053,49.87890032
2025-07-29,563.6956984,19903954.37,29523,37306,0.36746366,1.121977346e+10,30225,825899.1528,0.00025925,27.325034
2025-07-30,590.2525304,19904448.12,11716,24442,0.28249965,1.174865087e+10,12076,610964.4574,0.3636641,50.59328067
2025-07-31,562.3389168,19904895,13676,28411,0.2965235,1.119329709e+10,13166,724079.7153,0.43075197,54.99618071
2025-08-01,535.0138208,19905304.37,13802,28969,0.28488255,1.064961295e+10,14498,1111753.119,0.29062003,76.68320589
2025-08-02,520.2549148,19905773.12,12353,31099,0.27657564,1.03560763e+10,12053,468098.5358,0.46531139,38.83668263
2025-08-03,544.6193037,19906207.5,11191,24990,0.30248258,1.084130487e+10,11829,451354.0577,0.44648124,38.15656925
2025-08-04,574.371868,19906720,12653,26880,0.37158906,1.143385995e+10,12609,1659515.837,0.31310718,131.6135964
2025-08-05,551.3432496,19907145,13620,35573,0.32754039,1.097567001e+10,13560,1008136.457,0.37800619,74.34634635
2025-08-06,571.3851663,19907616.87,11470,28229,0.30649319,1.137491698e+10,12046,894603.3456,0.4561836,74.26559402
2025-08-07,582.0285402,19908060.62,12835,33536,0.37753036,1.158705946e+10,12387,752209.0825,0.46510884,60.72568681
2025-08-08,586.9410061,19908541.87,14201,29888,0.30612851,1.16851396e+10,14611,878079.4982,0.35494794,60.0971527
2025-08-09,569.3318858,19908966.87,11583,25970,0.25938658,1.133480965e+10,11762,418138.5616,0.50036168,35.54995422
2025-08-10,570.5435907,19909382.5,11409,25200,0.32043586,1.135917058e+10,11716,448144.4004,0.33433112,38.25063165
2025-08-11,579.9066556,19909873.12,22319,42037,0.3917895,1.154586794e+10,22475,981263.3155,0.00119472,43.66021425
2025-08-12,618.8670456,19910388.75,15011,34896,0.46213263,1.232188346e+10,15070,1283566.674,0.34488757,85.17363464
2025-08-13,617.3078618,19910782.5,31782,49853,0.50785165,1.229108257e+10,31535,1101490.597,0.00032273,34.92914528
2025-08-14,593.9901529,19911254.37,27284,44482,0.38588062,1.182708903e+10,27689,1193923.747,0.00268715,43.11906342
2025-08-15,591.7052307,19911701.25,18050,34040,0.34201139,1.178185778e+10,17565,703873.0264,0.08006319,40.07247517
2025-08-16,587.8163301,19912138.75,11495,26446,0.26216138,1.170468032e+10,12619,448480.7269,0.19693352,35.54011624
2025-08-17,583.1153003,19912588.75,15982,28265,0.2433395,1.161133517e+10,15649,586189.7808,0.05413361,37.45860954
2025-08-18,569.8301024,19913010.62,61827,73392,0.51040297,1.134703288e+10,30841,912100.5251,0.00038222,29.57428504
2025-08-19,549.2311423,19913466.87,48117,61787,0.45658138,1.093709616e+10,79312,809636.8662,0.00025837,10.20825179
2025-08-20,560.9318382,19913916.87,18576,32591,0.27238579,1.117035e+10,18892,528828.0394,0.0326306,27.99216808
2025-08-21,553.6220975,19914391.87,10683,26032,0.24547657,1.10250474e+10,10911,634661.7675,0.59945352,58.16714943
2025-08-22,600.4496396,19914873.12,13898,33066,0.47606122,1.195787839e+10,13784,888627.3489,0.31466958,64.46803169
2025-08-23,590.9905419,19915326.25,11161,29835,0.24256306,1.176976945e+10,11668,388477.0914,0.38599273,33.29423135
2025-08-24,585.3480772,19915798.12,10908,27836,0.25224912,1.165767414e+10,10828,791423.3256,0.38741757,73.09044381
2025-08-25,543.786297,19916220,15183,30178,0.32447763,1.083016752e+10,15338,845990.7946,0.09084331,55.15652592
2025-08-26,550.1759209,19916620,10919,32100,0.26177593,1.095764475e+10,11391,593089.4401,0.36360325,52.06649461
2025-08-27,550.8176204,19917082.5,11645,26690,0.3232163,1.097067999e+10,11933,559037.6846,0.34991665,46.84804194
2025-08-28,557.50236,19917538.75,12678,29161,0.23158057,1.110407486e+10,12256,434661.8041,0.23387494,35.46522552
2025-08-29,531.4755699,19917979.37,12291,24899,0.29681763,1.058591944e+10,12834,852612.9971,0.35623255,66.43392528
2025-08-30,552.8428924,19918460.62,11075,24572,0.1898451,1.101177938e+10,11271,575167.0895,0.43224444,51.03070619
2025-08-31,544.6001434,19918898.12,11330,26254,0.21998798,1.084783477e+10,10480,416513.1798,0.40820448,39.74362403
2025-09-01,542.7827194,19919351.25,15487,25369,0.30276515,1.081187964e+10,16594,995163.2599,0.04480352,59.97127033
2025-09-02,584.5224785,19919860.62,25112,44514,0.36506669,1.16436063e+10,21431,1054953.502,0.00589304,49.22558452
2025-09-03,602.8300984,19920326.25,19464,35866,0.37477896,1.200857223e+10,23380,1439079.576,0.0043879,61.55173548
2025-09-04,587.3417947,19920766.87,12665,30168,0.33838804,1.170029897e+10,12395,1076399.959,0.30661056,86.84146499
2025-09-05,607.0503568,19921304.37,15379,29421,0.36376138,1.209323493e+10,15824,1253444.825,0.18204128,79.2116295
2025-09-06,595.006623,19921751.25,13812,26486,0.28431165,1.185357393e+10,13980,799503.7605,0.26133709,57.18911019
2025-09-07,603.6251989,19922201.25,10354,21584,0.20708995,1.202554269e+10,10559,887339.8515,0.24021804,84.03635301
2025-09-08,588.2125054,19922613.75,12645,33790,0.33665071,1.171873055e+10,12721,1165549.851,0.13797708,91.62407441
2025-09-09,579.2121561,19923035.62,12427,34579,0.40215459,1.153966442e+10,12790,1258340.011,0.20854562,98.38467641
2025-09-10,580.778387,19923470,13376,27839,0.25791914,1.157112077e+10,13310,1236434.958,0.13044209,92.89518845
2025-09-11,596.3594854,19923941.87,36277,50006,0.45810341,1.188183172e+10,36483,552313.3587,0.00031444,15.13892384
2025-09-12,598.5886727,19924382.5,18979,36599,0.54017792,1.192650967e+10,18828,707187.9912,0.03997116,37.56044142
2025-09-13,598.521731,19924851.25,12519,30036,0.24190018,1.192545646e+10,12926,335637.3944,0.26001387,25.96606795
2025-09-14,600.7639693,19925301.25,27567,46398,0.27816172,1.197040307e+10,27893,436914.4577,0.00021334,15.66394642
2025-09-15,593.8345499,19925760.62,42767,63529,0.67876245,1.183260509e+10,42114,530131.6331,0.00029896,12.58801427
2025-09-16,599.0481496,19926201.2,17297,37404,0.31661778,1.193675396e+10,17808,562288.2551,0.02999205,31.57503678
2025-09-17,618.4031439,19926651.2,21115,25819,0.39427589,1.232270375e+10,20735,504440.8263,0.01208026,24.32798776
2025-09-18,624.2428378,19927216.82,70924,71202,0.79884685,1.243942238e+10,70264,1549538.158,0.00023848,22.05308774
2025-09-19,599.9678335,19927623.07,47049,54518,0.40241428,1.195593284e+10,29420,796840.0394,0.00146709,27.08497754
2025-09-20,594.989436,19928091.82,22907,32146,0.28697857,1.185700411e+10,42039,358670.9767,0.00021334,8.53186271
2025-09-21,594.3840758,19928535.57,19393,34590,0.25768155,1.18452042e+10,19580,358164.5571,0.00822014,18.29236757
2025-09-22,567.4821035,19928932.45,37884,54206,0.43209682,1.130931251e+10,30821,1242329.524,0.00032149,40.30789149
2025-09-23,557.194378,19929394.95,23363,35778,0.3742099,1.110454682e+10,26729,855584.4458,0.00054227,32.00959429
2025-09-24,556.3260529,19929844.95,22013,32982,0.29614117,1.108749197e+10,25820,921302.9407,0.00097329,35.68175603
2025-09-25,536.4656997,19930266.82,17790,33152,0.35442274,1.069190454e+10,14396,1014107.127,0.18026844,70.44367371
2025-09-26,548.27472,19930748.07,33863,37169,0.5421281,1.092752532e+10,37616,638672.6417,0.0016735,16.97874951
2025-09-27,544.0303042,19931191.82,23188,26939,0.47510776,1.084317235e+10,23157,464229.4634,0.0094125,20.04704682
2025-09-28,556.2138179,19931644.95,35031,28489,0.53854713,1.108625633e+10,27142,317419.5537,0.00577452,11.69477391
2025-09-29,561.6386028,19932066.82,40435,31893,0.7945322,1.119461816e+10,46325,617254.0838,0.0028395,13.32442706
2025-09-30,559.2209548,19932504.32,25686,46787,0.76502106,1.11466741e+10,27290,739344.1324,0.01027338,27.0921265
2025-10-01,592.3058458,19932963.7,19938,35472,0.35670053,1.180641092e+10,16410,768211.3652,0.11322036,46.81361152
2025-10-02,595.3132099,19933466.82,28447,38915,0.47662367,1.186665612e+10,33130,485006.282,0.0031825,14.63948934
2025-10-03,609.2679707,19933957.45,22521,30848,0.46185267,1.21451218e+10,21944,593241.9804,0.01748885,27.03435929
2025-10-04,590.6631975,19934369.95,25325,28684,0.55620798,1.177449869e+10,26186,601168.627,0.01641047,22.95763488
2025-10-05,594.4551156,19934832.45,21838,29488,0.43933711,1.185036313e+10,22289,606549.1782,0.01674592,27.21293814
2025-10-06,599.8189907,19935251.2,40250,51844,0.47239859,1.195754225e+10,34310,665373.3561,0.00041201,19.39298618
2025-10-07,577.0764322,19935701.2,19123,38355,0.36680128,1.150442332e+10,25867,522229.6283,0.00101866,20.18902958
2025-10-08,583.3303616,19936116.82,18569,35172,0.29566636,1.162934223e+10,18611,593401.0025,0.01256165,31.88442332
2025-10-09,580.0758252,19936560.57,21523,32107,0.37679457,1.156471683e+10,15316,336948.2792,0.07896186,21.99975706
2025-10-10,521.0470935,19937041.82,33489,44912,0.54474976,1.038813769e+10,39986,1192268.438,0.00035618,29.81714695
2025-10-11,502.1009783,19937435.57,20710,28361,0.59360074,1.001060591e+10,18770,1142209.502,0.10701235,60.85293032
2025-10-12,541.1385274,19937919.95,33580,20169,0.9897718,1.078917664e+10,35335,517174.3121,0.00622702,14.63631844
2025-10-13,547.4949971,19938369.95,16843,23234,0.44483614,1.09161578e+10,17509,850253.3381,0.04179855,48.56093083
2025-10-14,539.7520113,19938838.7,22881,30012,0.73511724,1.076202829e+10,22494,826285.6709,0.009915,36.73360322
2025-10-15,522.5225089,19939316.82,22336,28422,0.66855349,1.041874185e+10,22922,663963.9357,0.0082435,28.9662305
2025-10-16,504.5191852,19939707.45,28780,29513,0.81095193,1.005996495e+10,28708,684130.7604,0.0057945,23.83066603
2025-10-17,470.2209063,19940169.95,35363,30125,1.0036275,9376284784,33650,1219801.15,0.00542693,36.24966269
2025-10-18,468.0593056,19940623.07,30520,24656,0.8288851,9333394188,31409,508355.2149,0.004817,16.1850175
2025-10-19,473.5280167,19941016.82,25238,24091,0.65228981,9442630146,25438,512566.5371,0.0057265,20.14963979
2025-10-20,479.9424638,19941416.82,41429,43286,0.84484736,9570732721,41767,476178.1291,0.000993,11.40082191
2025-10-21,482.2348904,19941882.45,35117,35302,1.10171958,9616671496,35649,916583.7365,0.003802,25.71134495
2025-10-22,472.6112715,19942332.45,31844,27227,0.90140041,9424971094,31493,414612.7499,0.003599,13.16523512
2025-10-23,480.9438668,19942782.45,26094,24879,0.75442902,9591358906,27453,550134.3064,0.0046935,20.03913256
2025-10-24,502.6150046,19943266.82,22232,30348,0.55952639,1.002378515e+10,22279,553227.0786,0.01026712,24.83177335
2025-10-25,508.8104616,19943713.7,17191,24291,0.41565514,1.014757017e+10,17176,597279.203,0.07242124,34.77405699
2025-10-26,557.8835609,19944235.57,27224,31505,0.80038845,1.112656116e+10,27252,783880.7228,0.005804,28.76415392
2025-10-27,555.8072762,19944704.32,25265,39617,0.77621123,1.108541178e+10,24638,916276.3678,0.0066301,37.18955953
2025-10-28,558.0288989,19945144.95,20591,35152,0.79242071,1.112996727e+10,21187,587840.526,0.008347,27.74534035
2025-10-29,557.9017743,19945710.57,20203,30567,0.60304374,1.112774732e+10,20168,611692.5049,0.02527723,30.32985446
2025-10-30,540.4599074,19946138.7,27604,30072,0.73768864,1.078008827e+10,27828,1223077.614,0.00515805,43.95133009
2025-10-31,538.2055518,19946601.2,30526,35709,0.88274997,1.07353715e+10,31147,794007.2984,0.0040105,25.49225602
2025-11-01,554.2563222,19947063.7,25087,27449,0.63864287,1.105578616e+10,25026,291161.8185,0.00573486,11.63437299
2025-11-02,535.2936089,19947444.95,19913,26209,0.49118298,1.067773979e+10,20565,474076.6533,0.00670709,23.0525968
2025-11-03,504.2885421,19947885.57,20892,35138,0.56246162,1.005949013e+10,20095,661134.2209,0.01572126,32.90043398
2025-11-04,481.3205885,19948316.82,18131,35934,0.51347999,9601535592,18188,1084665.878,0.08632544,59.63634692
2025-11-05,490.0120112,19948757.45,17353,30215,0.46776321,9775130758,17528,677971.7728,0.05885729,38.67935718
2025-11-06,471.0512065,19949201.2,23627,28506,0.62667736,9397095293,23955,470308.9429,0.00770158,19.63301786
2025-11-07,511.4580298,19949713.7,30638,39795,0.67711133,1.020344126e+10,31318,1032333.659,0.00238108,32.96294971
2025-11-08,494.8623074,19950163.7,18527,27223,0.42870087,9872584040,18384,592670.0902,0.04112836,32.23836435
2025-11-09,502.335814,19950629.32,21050,25695,0.50506273,1.002191562e+10,21225,527982.0635,0.01684382,24.87548002
2025-11-10,515.8273988,19951054.32,20154,39124,0.58318715,1.029130046e+10,20203,762743.2979,0.02719769,37.75396217
2025-11-11,506.0685325,19951507.45,19657,30854,0.53682937,1.009683009e+10,20192,1000762.253,0.01315646,49.56231443
2025-11-12,507.3194414,19951985.57,26367,28684,0.71994551,1.012203018e+10,25576,939581.3059,0.00680597,36.73683554
2025-11-13,509.1765977,19952410.57,25281,27628,0.67656427,1.015930053e+10,25851,976540.7998,0.00752396,37.77574561
2025-11-14,480.5730066,19952876.2,29388,29086,0.65325265,9588813705,30307,1096600.893,0.0034981,36.18308949
2025-11-15,501.6664711,19953379.32,23520,30174,0.57709207,1.000994139e+10,23359,596667.6956,0.02209671,25.54337495
2025-11-16,484.4324015,19953785.57,21285,25992,0.52993945,9666260263,20520,552017.6457,0.02304855,26.90144472
2025-11-17,489.5934205,19954288.7,44296,28777,0.67393838,9769488457,45381,990161.9878,4.146e-05,21.81886665
2025-11-18,523.9458599,19954804.32,45465,45411,0.8500736,1.045523711e+10,45265,892454.4562,0.00022729,19.71621465
2025-11-19,485.7669542,19955185.57,41329,34021,0.67306626,9693569717,40800,1380848.098,5.378e-05,33.84431611
2025-11-20,481.4088277,19955669.95,23425,28641,0.52849796,9606835675,24409,1156902.049,0.01299246,47.39653609
2025-11-21,533.8499443,19956288.7,24985,30325,0.72221713,1.065366361e+10,25207,1536711.277,0.01431182,60.96367186
2025-11-22,557.5621517,19956801.2,21197,31315,0.59347217,1.112715702e+10,21176,1590504.04,0.09407893,75.10880432
2025-11-23,539.3085425,19957191.82,18452,26742,0.44877777,1.076308403e+10,19017,932028.6866,0.03774949,49.01029008
2025-11-24,551.5350874,19957635.57,35176,29245,0.57842933,1.100733628e+10,32623,784630.0378,0.00039062,24.05143726
2025-11-25,527.2497602,19958085.57,31939,29951,0.58994377,1.052289583e+10,33924,1035164.077,0.00016263,30.51421051
2025-11-26,544.9003794,19958501.2,48823,28898,0.69337238,1.087539487e+10,44640,931890.1426,0.00029182,20.87567523
2025-11-27,533.2110522,19958882.45,30484,25817,0.54883737,1.064229671e+10,32757,1376412.813,0.000908,42.018891
2025-11-28,549.237019,19959369.95,23744,35817,0.63536001,1.096242485e+10,26980,4850309.548,0.00585712,179.7742605
2025-11-29,521.5505085,19959794.95,17030,30440,0.39591898,1.04100412e+10,16824,42802513.93,0.15225944,2544.134209
2025-11-30,543.1990924,19960285.57,18943,28380,0.47801345,1.084240901e+10,19322,52869701.09,0.11744574,2736.243717
2025-12-01,523.7721721,19960723.07,18667,35320,0.52367469,1.045487128e+10,18942,37449093.35,0.12055772,1977.040088
2025-12-02,547.6870202,19961182.45,24190,38874,0.53250899,1.093248053e+10,24271,40020452.83,0.00709182,1648.900038
2025-12-03,591.8908887,19961688.7,20091,35255,0.71699632,1.181514166e+10,19525,43291839.85,0.17855526,2217.251721
2025-12-04,574.7603492,19962126.2,18263,36611,0.44601775,1.147343862e+10,18919,46855602.65,0.20848096,2476.642669
2025-12-05,560.6176815,19962601.2,16505,31637,0.45975776,1.11913872e+10,17198,55044485.91,0.20394494,3200.632975
2025-12-06,584.0903948,19963082.45,18796,27223,0.45752641,1.166024471e+10,18070,35995286.44,0.18474799,1991.991502
2025-12-07,596.8889367,19963513.7,16851,24822,0.40139303,1.191600046e+10,17801,22980337.68,0.19109846,1290.957681
2025-12-08,580.5339784,19963985.57,17785,35515,0.61163206,1.158977197e+10,17490,23120839.37,0.16086061,1321.946219
2025-12-09,584.5988777,19964363.7,17477,30466,0.48418282,1.167114461e+10,18145,21099470.66,0.14997557,1162.825608
2025-12-10,573.7691486,19964810.57,15311,29055,0.38947767,1.145519236e+10,15192,18347419.57,0.19023366,1207.70271
2025-12-11,574.9318377,19965251.2,16125,28910,0.36007863,1.147865856e+10,16199,19163188.88,0.15780057,1182.985918
2025-12-12,581.2686798,19965744.95,23275,29788,0.48970526,1.160546221e+10,23440,19187222.25,0.02102911,818.567502
2025-12-13,579.4751311,19966188.7,20795,25385,0.46835766,1.156990981e+10,20320,15249628.16,0.01722736,750.4738268
2025-12-14,558.088817,19966641.82,19823,30582,0.39616534,1.114315951e+10,20292,14329156.93,0.04292857,706.1480846
2025-12-15,535.4091716,19967085.57,18276,34061,0.54973057,1.069056074e+10,18275,18578769.18,0.07089791,1016.622117
2025-12-16,546.0640515,19967513.7,16906,32746,0.41760135,1.090354143e+10,17566,16234738.14,0.05267941,924.2137162
2025-12-17,546.0439359,19967973.07,17874,55208,0.5149294,1.090339061e+10,17603,11105984.73,0.07976704,630.9143172
2025-12-18,565.189497,19968488.7,20203,29593,0.51548984,1.128598008e+10,20263,12765784.26,0.04028312,630.0046517
2025-12-19,624.7280042,19969001.2,22726,32724,0.61734643,1.247519426e+10,22513,26538120.84,0.2570314,1178.790958
2025-12-20,592.7312499,19969438.7,16568,30344,0.38426869,1.183651036e+10,17519,42984185.55,0.08392674,2453.575292
2025-12-21,589.4540936,19969879.32,19758,29809,0.40684124,1.177132712e+10,18880,9462806.249,0.00726456,501.2079581
2025-12-22,589.5542289,19970304.32,13599,40359,0.36894389,1.177357736e+10,15010,10571924.96,0.15223669,704.3254469
2025-12-23,572.8265229,19970723.07,14577,30479,0.32917825,1.143975986e+10,14477,8490078.857,0.14441716,586.4529154
2025-12-24,567.4669053,19971198.07,14712,28849,0.33420906,1.133299397e+10,14466,14119458.62,0.17682408,976.0444225
2025-12-25,591.0055682,19971657.45,13925,24645,0.27589949,1.180336076e+10,14234,11699790.22,0.16082229,821.9608134
2025-12-26,593.2085201,19972107.45,15836,27084,0.35955801,1.18476243e+10,16213,11469867.17,0.08004499,707.448786
2025-12-27,622.5711644,19972610.57,16380,30410,0.36908445,1.243437142e+10,15921,11034791.43,0.13521958,693.0966289
2025-12-28,621.2553033,19973066.82,14842,25793,0.34618283,1.240837369e+10,15371,15957545.21,0.13511508,1038.15921
2025-12-29,598.198218,19973485.57,15047,30762,0.37304316,1.194810348e+10,15103,21111541.88,0.25057678,1397.83764
2025-12-30,595.6664351,19973963.7,14735,28040,0.36588393,1.189781975e+10,14947,30852414.21,0.21002884,2064.120841
2025-12-31,598.689097,19974404.32,13557,27189,0.32663427,1.195845809e+10,13870,23408963.6,0.43881941,1687.740707
2026-01-01,592.3880671,19974813.7,13124,22746,0.23281689,1.183284128e+10,13446,12315656.5,0.1544127,915.9345903
2026-01-02,608.0960423,19975269.95,11953,29593,0.25819979,1.21468826e+10,11636,12680844.74,0.51520346,1089.794151
2026-01-03,654.3644232,19975798.07,13059,30430,0.33207198,1.307145158e+10,13391,14860793.52,0.70088554,1109.759803
2026-01-04,639.374981,19976238.7,10828,23943,0.23773076,1.277230724e+10,10972,14569985.96,0.53460934,1327.924349
2026-01-05,645.4974304,19976669.95,11590,30236,0.29419254,1.289488912e+10,12170,17114800.75,0.62888914,1406.310661
2026-01-06,638.8059472,19977076.2,10562,28096,0.248543,1.276147508e+10,10724,17240406.98,0.71279194,1607.647051
2026-01-07,629.706749,19977554.32,10457,28631,0.23280116,1.258000079e+10,10604,18647988.15,0.64110294,1758.580549
2026-01-08,632.2262249,19977969.95,12288,26116,0.24597118,1.263059652e+10,11805,15631952.48,0.53899033,1324.180642
2026-01-09,633.9792945,19978454.32,10396,30888,0.20520163,1.266592638e+10,11161,27889755.87,0.71344777,2498.858155
2026-01-10,642.7458977,19978910.57,10635,25732,0.22151653,1.284136281e+10,10880,29404724.75,0.93869515,2702.640142
2026-01-11,647.6528685,19979376.2,10640,21210,0.24941851,1.29397003e+10,10534,25700120.02,0.93643147,2439.730399
2026-01-12,621.3219291,19979776.2,10519,27255,0.27364098,1.241387309e+10,10285,19942047.25,0.90694009,1938.944798
2026-01-13,617.2427442,19980176.2,9737,22559,0.22257298,1.233261879e+10,10299,11595984.21,0.93139318,1125.933023
2026-01-14,597.30901,19980641.82,9832,22175,0.20306969,1.193461739e+10,10053,6060892.08,0.7663516,602.8938705
2026-01-15,590.4355924,19981110.57,18034,26446,0.36861501,1.179755886e+10,18090,30561620.08,0.04022494,1689.420679
2026-01-16,599.7864983,19981526.2,11427,28609,0.24227681,1.198464963e+10,11141,22340853.01,0.92738334,2005.282561
2026-01-17,593.5828613,19981929.32,8593,20000,0.15891113,1.186093078e+10,9203,24386951.99,0.90780354,2649.891556
2026-01-18,594.3782188,19982357.45,10357,21043,0.18465843,1.187707803e+10,9849,17551328.94,0.39334631,1782.041724
2026-01-19,584.2398746,19982823.07,9150,29934,0.2311902,1.167476205e+10,9974,15080600.2,0.57028771,1511.991197
2026-01-20,572.9189556,19983282.45,10604,31046,0.40363917,1.144880131e+10,10717,17444331.93,0.50756977,1627.72529
2026-01-21,585.676736,19983760.57,15336,26339,0.21252044,1.170402366e+10,14866,11484915.23,0.03319835,772.5625743
2026-01-22,598.0776541,19984213.7,12909,24665,0.21208331,1.195211165e+10,13069,29757295.62,0.11310546,2276.937456
2026-01-23,594.314509,19984635.57,10943,25612,0.1975748,1.187715888e+10,11344,30226050.66,0.39639918,2664.496709
2026-01-24,593.5741667,19985116.82,9626,20497,0.19258486,1.186264906e+10,10187,35153827.42,0.7428935,3450.851813
2026-01-25,569.9120971,19985582.45,10882,24095,0.32373028,1.13900252e+10,10434,28845778.9,0.94132136,2764.594489
2026-01-26,579.1350482,19985985.57,9209,30705,0.23677806,1.157458472e+10,9658,32882088.58,0.72136604,3404.647814
2026-01-27,601.0308452,19986448.07,10603,27292,0.24274783,1.201247178e+10,11045,36841543.62,0.49999623,3335.58566
2026-01-28,590.288157,19986904.32,23402,25307,0.26009825,1.179803292e+10,9529,37733712.01,0.46921019,3959.881626
2026-01-29,553.9321529,19987360.57,12775,25517,0.25627614,1.107164167e+10,26699,40951622.65,0.00075649,1533.826085
2026-01-30,551.9065409,19987841.82,10500,25897,0.2263323,1.103142064e+10,10518,42205658.19,0.87861003,4012.707567
2026-01-31,505.0000387,19988304.32,10554,24497,0.20471818,1.009409446e+10,10706,51062240.1,1.0904089,4769.497488
2026-02-01,517.1520987,19988691.82,9279,20783,0.19787385,1.033719393e+10,9893,48457589.44,0.89142354,4898.169356
2026-02-02,539.6217911,19989154.32,10258,26701,0.26701548,1.078658326e+10,10004,43892527.07,0.85591992,4387.497708
2026-02-03,525.2477601,19989635.57,11855,23099,0.29126472,1.049951131e+10,11756,42121761.61,0.23584043,3583.001158
2026-02-04,531.3305931,19990144.95,13203,25126,0.31739575,1.062137557e+10,13361,47922302.35,0.21168864,3586.730211
2026-02-05,460.0683622,19990591.82,15203,28008,0.36128216,9197038839,15566,58868330.28,0.34202068,3781.853416
2026-02-06,527.1898293,19991063.7,15005,31293,0.35382337,1.053908546e+10,14847,44570286.51,0.44256835,3001.972554
2026-02-07,525.4451725,19991526.2,12390,26246,0.27360994,1.050445093e+10,12933,33993246.41,0.26708754,2628.411537
2026-02-08,527.092524,19991948.07,12951,25042,0.23974123,1.053760637e+10,11932,35153060.37,0.19058213,2946.116357
2026-02-09,533.3325729,19992313.7,12366,27684,0.28783181,1.06625521e+10,13748,50863001.28,0.09220199,3699.665499
2026-02-10,524.0667449,19992744.95,12411,29451,0.32005979,1.047753277e+10,12498,43167839.98,0.19097599,3453.979835
2026-02-11,514.5432899,19993223.07,12767,22972,0.26969807,1.028737878e+10,12672,62913648.48,0.20185059,4964.776553
2026-02-12,502.5507097,19993698.07,14350,26072,0.33813197,1.004784716e+10,14342,53846073.48,0.11393661,3754.432679
2026-02-13,564.2775684,19994188.7,14896,29723,0.3337729,1.128227218e+10,15029,53003405.39,0.3842539,3526.741992
2026-02-14,562.9515715,19994651.2,12958,22613,0.26527505,1.125602031e+10,13327,43234211.17,0.25144689,3244.106788
2026-02-15,553.4359022,19995110.57,12020,22016,0.2496821,1.106601206e+10,12459,37689653.49,0.21168417,3025.09459
2026-02-16,568.9426689,19995579.32,14601,28446,0.36704645,1.137633827e+10,14120,28511662.64,0.1224239,2019.239564
2026-02-17,563.0724816,19996038.7,12870,28929,0.3299827,1.125921913e+10,13339,26477162.27,0.24903904,1984.943569
2026-02-18,556.5591971,19996494.95,13278,24116,0.29718216,1.112923317e+10,12875,46299159.53,0.27645727,3596.051226
2026-02-19,560.477609,19997060.57,12707,23392,0.27477339,1.12079047e+10,13933,51007043.86,0.31108245,3660.880203
2026-02-20,562.0935257,19997588.7,15451,25999,0.55365737,1.124051514e+10,15413,51840097.22,0.38486694,3363.400844
2026-02-21,564.5383731,19998041.82,11910,20769,0.23062889,1.1289662e+10,11800,49280605.69,0.40561189,4176.322516
2026-02-22,570.2416375,19998560.57,13214,22016,0.30083103,1.140401193e+10,13637,47200505.26,0.15924427,3461.208863
2026-02-23,497.5769228,19998944.95,19367,25460,0.38270674,9951013487,15754,62577530.01,0.08920585,3972.167704
2026-02-24,485.0581033,19999329.32,17915,25502,0.52208926,9700836749,20692,69542819.65,0.03423642,3360.855386
2026-02-25,494.63113,19999716.82,18291,27740,0.5938556,9892482532,18773,55439238.01,0.10078384,2953.136846
2026-02-26,479.1436604,20000101.2,25034,24442,0.39671173,9582921696,25844,41194014.82,0.00086883,1593.948879
2026-02-27,460.8080049,20000510.57,19471,27612,0.32783465,9216395374,19393,41644597.33,0.01199385,2147.403565
2026-02-28,457.2636586,20000932.45,13390,27724,0.30690455,9145699547,13534,46134117.74,0.23074639,3408.757037
2026-03-01,440.9353722,20001341.82,12811,26066,0.3019917,8819299101,12630,57617810.64,0.24019152,4561.980257
2026-03-02,444.733573,20001741.82,13654,32654,0.38295532,8895446107,13792,47892016.47,0.22376221,3472.44899
2026-03-03,445.7514926,20002154.32,37746,26205,0.38512489,8915990144,38416,49129679.57,0.00051396,1278.88587
2026-03-04,466.8994183,20002585.57,20975,26123,0.61241375,9339195566,20137,47224275.8,0.00524274,2345.149516
2026-03-05,462.3931786,20003023.07,18064,22918,0.2919337,9249261419,19011,36645774.18,0.00964367,1927.608973
2026-03-06,450.2556265,20003513.69,31661,31141,0.42750252,9006694591,32160,33557742.43,0.00060238,1043.46214
2026-03-07,449.6819532,20003944.94,11210,22983,0.25021598,8995413034,11310,26501980.47,0.30044988,2343.234347
2026-03-08,443.4930598,20004410.57,11513,21162,0.28447411,8871817252,11355,32841294.91,0.23359253,2892.232048
2026-03-09,445.5376281,20004898.07,12249,22375,0.27475138,8912934836,12768,33899778.02,0.2041261,2655.057802
2026-03-10,446.7234515,20005326.19,12888,25864,0.36046299,8936848366,12949,34940575.19,0.21468765,2698.322279
2026-03-11,455.8059091,20005807.44,11537,22600,0.31182499,9118765249,11696,31010013.65,0.23108572,2651.334956
2026-03-12,455.7413733,20006257.44,15694,28389,0.34789891,9117679242,15630,28765067.59,0.0791433,1840.375406
2026-03-13,460.7394027,20006694.94,16723,30958,0.35601245,9217872679,16904,31070507.16,0.08621116,1838.056505
2026-03-14,467.1363861,20007182.44,184693,21647,0.58597411,9346082902,184647,28934234.9,4.25e-05,156.7002708
2026-03-15,469.1461396,20007629.32,14672,22481,0.2813503,9386502057,13782,27272220.29,0.07868805,1978.828928
2026-03-16,479.0046671,20008016.82,12703,28248,0.27330139,9583933436,13897,29851404.15,0.07774475,2148.046639
2026-03-17,471.6888316,20008435.57,12438,24056,0.29582648,9437755597,12627,27258466.33,0.19966705,2158.744463
2026-03-18,456.3028621,20008904.32,11887,20567,0.21748257,9130120308,12283,20878779.16,0.21144137,1699.811052
2026-03-19,455.393277,20009426.19,14661,24008,0.32767776,9112158165,14530,18087941.52,0.18124408,1244.868652
2026-03-20,473.670431,20009876.19,14566,27188,0.31473949,9478086681,14439,18738850.47,0.22193508,1297.794201
2026-03-21,464.9500158,20010238.69,13061,23045,0.24220938,9303760797,13469,18406649.76,0.11613584,1366.593642
2026-03-22,469.0293241,20010716.82,11907,24631,0.19431884,9385612985,12037,17599877.28,0.21870765,1462.14815
2026-03-23,476.6973209,20011160.57,12833,22993,0.28332788,9539266632,12651,19011582.42,0.26744888,1502.773095
2026-03-24,477.8354213,20011601.19,11283,29186,0.33051758,9562251887,11914,18927672.92,0.21935213,1588.691701
2026-03-25,473.2279039,20012032.44,12227,23529,0.29121153,9470252166,12200,18236451,0.21824417,1494.791065
2026-03-26,461.8203511,20012485.57,14861,21104,0.33169693,9242173113,14583,19063712.08,0.06966515,1307.255851
2026-03-27,472.2154499,20013019.94,15452,26016,0.29340933,9450457217,15887,13319419.28,0.14379548,838.3847976
2026-03-28,480.9529437,20013507.44,14312,19986,0.24407253,9625555319,14591,13364264.28,0.10382823,915.9251788
2026-03-29,450.7578754,20013888.69,13176,17718,0.24890354,9021417947,13149,8949115.657,0.10265719,680.5928707
2026-03-30,459.2152643,20014326.19,13523,24590,0.27800265,9190884092,13919,13905621.85,0.10652249,999.0388572
2026-03-31,466.4249008,20014773.07,14224,27257,0.30012195,9335388543,14180,20172371,0.1862893,1422.59316
2026-04-01,454.1838934,20015191.82,16539,34431,0.37987486,9090577748,16682,23924082.88,0.06452894,1434.125577
2026-04-02,444.5562178,20015663.69,14873,29537,0.2928065,8898087749,15163,8836787.561,0.14335075,582.7862271
2026-04-03,443.0406144,20016116.82,15270,24938,0.32819849,8867952693,15538,6949159.723,0.22126293,447.2364348
2026-04-04,441.2303418,20016569.94,13674,24741,0.28675461,8831917999,13554,5920837.732,0.09074101,436.8332398
2026-04-05,427.1373053,20016982.44,14363,22973,0.24349807,8549999941,14636,6013696.863,0.0903478,410.883907
2026-04-06,434.9764778,20017429.32,13050,19674,0.29586097,8707110900,13325,7941147.055,0.10667004,595.9585032
2026-04-07,446.3760879,20017876.19,14223,30728,0.31604234,8935501263,13833,7141610.843,0.20879663,516.2734651
2026-04-08,441.2010074,20018319.94,15776,23241,0.2640887,8832102926,15976,7525170.549,0.09306812,471.0297038
2026-04-09,443.5174197,20018744.94,16314,23665,0.26507971,8878662103,16785,7816019.642,0.75502897,465.6550278
2026-04-10,444.0837554,20019201.19,12437,25829,0.22527163,8890202047,12871,6792195.202,0.49303414,527.7130916
2026-04-11,437.8360683,20019676.19,12743,27012,0.21785778,8765336313,12918,6988312.956,0.28522781,540.9748379
2026-04-12,420.8556951,20020116.82,12902,19626,0.19629977,8425580180,12986,7205315.2,0.19237494,554.8525489
2026-04-13,438.8878922,20020516.82,14273,24337,0.27453585,8786762428,14150,5972235.401,0.20404909,422.066106
2026-04-14,436.3662266,20020954.32,13062,23438,0.27416326,8736468288,13452,8817537.215,0.48087615,655.4815057
2026-04-15,440.3021133,20021404.32,37114,25648,0.30134252,8815466633,37242,8430936.279,0.00099747,226.3824789
2026-04-16,454.3976817,20021835.57,38611,23843,0.3229252,9097875667,38756,7072566.314,0.00134984,182.4895839
2026-04-17,453.5527922,20022326.19,17228,22913,0.25503621,9081181952,16679,5815912.399,0.09922919,348.6967083
2026-04-18,444.4816566,20022769.94,11223,18453,0.17215177,8899753955,11946,5022159.445,0.4841872,420.4051101
2026-04-19,435.3882585,20023182.44,10901,17478,0.16001914,8717858534,11298,4333691.114,0.77116196,383.5803783
2026-04-20,443.9368707,20023676.19,10928,23776,0.20178725,8889248149,11118,4918722.369,0.5842527,442.4107186
2026-04-21,447.8189294,20024076.19,14551,26660,0.27645716,8967160363,13983,6709859.216,0.31252218,479.8583434
2026-04-22,461.1338942,20024501.19,15248,26733,0.28024552,9233976215,15898,8042855.756,0.34168261,505.9036203
2026-04-23,460.3705152,20024998.07,15824,27653,0.32751997,9218918678,15545,6547822.064,0.19589977,421.2172444
2026-04-24,456.2405029,20025435.57,15734,24340,0.22427246,9136414795,16311,7590002.071,0.08633932,465.3302723
2026-04-25,453.4789986,20025851.19,9920,22065,0.20136313,9081302945,9935,6598288.977,0.43729669,664.1458457
2026-04-26,454.7189321,20026344.94,31643,21364,0.25344169,9106358188,17825,5904481.263,0.00544285,331.2471957
2026-04-27,449.130709,20026766.82,37222,31350,0.3193977,8994635981,36670,8144867.072,0.00099747,222.1125463
2026-04-28,452.5418621,20027235.57,44808,29123,0.37239302,9063162478,37842,7412117.559,0.00119466,195.8701326
2026-04-29,447.5464553,20027688.69,22344,28898,0.34427651,8963321084,34424,7752259.14,0.00143617,225.1992546
2026-04-30,441.1161887,20028138.69,64069,29423,0.49273583,8834736208,57492,9024080.291,0.0008541,156.962365
2026-05-01,450.3993937,20028601.19,37245,28020,0.33651809,9020869835,53722,9339194.485,0.00099747,173.8430156
2026-05-02,445.6685968,20029016.82,9563,21169,0.19933212,8926303822,10267,8682983.863,1.31126365,845.7177231
2026-05-03,443.5440374,20029382.44,9694,22174,0.21156111,8883913156,8900,6459883.648,1.30463865,725.8296233
2026-05-04,443.7220664,20029819.94,15343,31401,0.27894549,8887673096,10401,9215220.525,1.13519375,885.993705
2026-05-05,461.8832873,20030288.69,25115,29563,0.30112085,9251655588,30157,9971865.762,0.0012069,330.665045
2026-05-06,465.24195,20030773.07,39253,28618,0.37577374,9319155923,38576,8502287.308,0.00142834,220.4035491
2026-05-07,450.2173673,20031210.57,47891,31738,0.44929702,9018398886,46821,6363042.34,0.00264986,135.9014617
2026-05-08,450.3737855,20031623.07,13789,25321,0.22957494,9021717911,16775,5211159.361,0.03392651,310.6503345
2026-05-09,449.7829338,20032051.19,9697,26598,0.19564984,9010074756,9645,5121729.996,1.23977141,531.0243645
2026-05-10,463.5862989,20032544.94,9006,20149,0.16652886,9286813369,9225,3863360.64,1.26746565,418.7924813
2026-05-11,450.2199995,20032948.07,31981,29626,0.30205174,9019233869,31716,4670954.585,0.00137813,147.274391
2026-05-12,439.6926512,20033404.32,41749,25302,0.3502914,8808540659,35800,4242380.581,0.00120066,118.5022509
2026-05-13,433.9311509,20033873.07,31031,21209,0.26635976,8693321597,37730,3086970.807,0.00113689,81.81740808
2026-05-14,435.6005556,20034282.44,16012,23761,0.21764874,8726944563,12602,2852343.459,0.368545,226.3405379
2026-05-15,426.3011237,20034769.95,24723,23079,0.26459799,8540844941,28629,3166616.377,0.00120998,110.6086967
2026-05-16,415.779536,20035207.45,9366,21152,0.14598336,8330229257,9562,2726644.775,1.23754365,285.1542329
2026-05-17,404.0876176,20035657.45,9411,18846,0.14360712,8096161086,9315,2807592.016,1.23168865,301.4054767
2026-05-18,379.4999012,20036063.7,11537,24069,0.4505056,7603684194,11364,5758654.062,1.22916865,506.7453416
2026-05-19,369.7470152,20036435.57,10696,26158,0.23351708,7408412248,11212,3356119.195,1.22088515,299.3327859
2026-05-20,372.3526951,20036879.32,10690,22659,0.18823523,7460786017,10978,2566816.141,0.94288389,233.814551
2026-05-21,380.5032966,20037316.82,11594,26291,0.212466,7624265106,11296,2928509.942,1.01688994,259.2519424
2026-05-22,363.6208669,20037788.7,12294,30335,0.20815209,7286158098,12524,3592288.341,0.90214875,286.8323492
2026-05-23,355.1733504,20038279.32,9739,22954,0.17047504,7117062803,9969,4433735.705,1.20307165,444.7523026
2026-05-24,,,,,,,9122,4136841.189,1.19598165,453.5015555
2026-05-25,,,,,,,9979,4251226.422,0.9999859,426.0172785
2026-05-26,,,,,,,10694,3016390.432,0.93415861,282.0638145
2026-05-27,,,,,,,9921,2786628.57,1.18124765,280.8818234
2026-05-28,,,,,,,11421,2588030.106,1.35677298,226.6027586
2026-05-29,,,,,,,12698,1763797.468,1.13238471,138.903565
2026-05-30,,,,,,,10001,550274.0828,1.16686765,55.02190609
2026-05-31,,,,,,,9744,430262.56,1.16052265,44.15666667
2026-06-01,,,,,,,11396,899904.4793,1.15362465,78.96669702
2026-06-02,,,,,,,19528,866059.8252,0.89371405,44.34964283
2026-06-03,,,,,,,21442,2465609.336,0.82804978,114.9897088
2026-06-04,,,,,,,12380,2271623.337,1.19541811,183.4913843
2026-06-05,,,,,,,13741,1297023.489,1.12896515,94.39076408
2026-06-06,,,,,,,10864,986649.5158,1.12099615,90.8182544
2026-06-07,,,,,,,10179,742886.4035,1.11373765,72.98225793
2026-06-08,,,,,,,10806,5684636.229,1.10817315,526.0629492
2026-06-09,,,,,,,10396,826012.9844,1.09725165,79.45488499
2026-06-10,,,,,,,11069,906141.8934,1.09276115,81.86303129
2026-06-11,,,,,,,10431,792506.0091,1.08695165,75.97603385
2026-06-12,,,,,,,10359,605607.8187,1.08167765,58.4619962
2026-06-13,,,,,,,10780,454135.4472,1.00534316,42.1275925
2026-06-14,,,,,,,10599,585815.1909,0.91400228,55.27079827
2026-06-15,,,,,,,40268,783956.6627,0.00141693,19.46847776
2026-06-16,,,,,,,13115,604381.6924,0.689131,46.08323998
2026-06-17,,,,,,,15430,722844.2225,0.10244076,46.84667676
2026-06-18,,,,,,,10653,871091.1971,1.04899065,81.76956698
2026-06-19,,,,,,,11952,536235.2905,0.94973732,44.86573715
2026-06-20,,,,,,,10754,405113.6915,0.74422675,37.67097744
2026-06-21,,,,,,,9316,360316.0733,1.02819565,38.6771225
2026-06-22,,,,,,,10649,844558.1688,0.76217664,79.30868333
2026-06-23,,,,,,,16552,1039647.856,0.08984834,62.81101111
2026-06-24,,,,,,,13566,674118.575,0.37085706,49.6917717
2026-06-25,,,,,,,17961,765845.1584,0.07059111,42.63933847
2026-06-26,,,,,,,16893,800193.4697,0.2099531,47.36834604
2026-06-27,,,,,,,12822,650841.8411,0.51929827,50.75977547
2026-06-28,,,,,,,14855,518380.4791,0.136156,34.89602686
2026-06-29,,,,,,,10951,736936.8603,0.98313665,67.29402432
2026-06-30,,,,,,,17510,986352.2667,0.09999781,56.33079764
2026-07-01,,,,,,,16287,1344390.471,0.22973379,82.54377546
2026-07-02,,,,,,,16215,781547.6608,0.12879287,48.19905401
2026-07-03,,,,,,,24145,762261.9933,0.00546874,31.57017988
2026-07-04,,,,,,,14676,618588.1966,0.16157847,42.14964544
2026-07-05,,,,,,,14232,625878.9576,0.22505123,43.9768801
2026-07-06,,,,,,,15157,806015.0708,0.19083605,53.17774433
2026-07-07,,,,,,,12775,631510.9868,0.41937734,49.43334534
2026-07-08,,,,,,,11973,942451.9713,0.71876787,78.71477251
2026-07-09,,,,,,,13478,1226131.208,0.92318365,90.97278586
2026-07-10,,,,,,,13846,1027357.14,0.91794115,74.1988401
2026-07-11,,,,,,,13531,839570.1462,0.36616332,62.04790083
2026-07-12,,,,,,,15903,790284.1767,0.33998568,49.6940311
2026-07-13,,,,,,,10561,507204.737,0.71385354,48.02620367
2026-07-14,,,,,,,11648,572533.5082,0.57227191,49.15294541
2026-07-15,,,,,,,11419,937821.9242,0.799524,82.12820073
2026-07-16,,,,,,,11146,691664.2041,0.88661865,62.0549259
2026-07-17,,,,,,,12292,840919.5009,0.88172265,68.41193466
2026-07-18,,,,,,,11203,799941.3793,0.70433538,71.40421131
2026-07-19,,,,,,,10075,617804.8237,0.87267265,61.32057803
2026-07-20,,,,,,,13868,735813.0667,0.12721823,53.05834054
2026-07-21,,,,,,,11811,643251.8383,0.37675986,54.4620979
2026-07-22,,,,,,,11206,855462.4425,0.59425959,76.33967896
2026-07-23,,,,,,,10481,668399.1529,0.85021865,63.77245996
2026-07-24,,,,,,,12677,640266.9892,0.53092492,50.50619146
2026-07-25,,,,,,,10023,716754.3706,0.83686715,71.51096184
2026-07-26,,,,,,,9785,529406.1419,0.83345865,54.10384689
2026-07-27,,,,,,,9735,833775.7093,0.82786265,85.64722232
2026-07-28,,,,,,,11471,748665.2872,0.74098691,65.26591292
2026-07-29,,,,,,,10830,1191157.85,0.81602665,109.9868744
2026-07-30,,,,,,,14465,592397.0114,0.21432925,40.95382035
2026-07-31,,,,,,,11622,679109.4848,0.80665115,58.43309971
2026-08-01,,,,,,,14445,490486.992,0.16683034,33.95548577
2026-08-02,,,,,,,10618,460039.0779,0.68323056,43.32633997
2026-08-03,,,,,,,18644,697015.38,0.02693532,37.38550633
2026-08-04,,,,,,,13758,536879.2199,0.17151873,39.02305712
2026-08-05,,,,,,,10653,602830.9708,0.77909465,56.58790677
2026-08-06,,,,,,,10428,682410.2542,0.77624965,65.44018548
2026-08-07,,,,,,,11896,641288.3571,0.67599281,53.90789821
2026-08-08,,,,,,,11205,408458.1754,0.63997509,36.45320619
2026-08-09,,,,,,,10423,394365.1363,0.75726065,37.83604876
2026-08-10,,,,,,,11373,492174.6145,0.33054544,43.27570689
2026-08-11,,,,,,,11151,480823.6328,0.53834905,43.11932855
2026-08-12,,,,,,,11400,455928.2018,0.46688135,39.9937019
2026-08-13,,,,,,,12328,465658.3478,0.51630862,37.77241627
2026-08-14,,,,,,,12862,443448.7734,0.73111115,34.47743534
2026-08-15,,,,,,,11296,622183.4609,0.6654444,55.0799806
2026-08-16,,,,,,,10388,379702.783,0.60524679,36.55205843
2026-08-17,,,,,,,11559,794461.3976,0.52273996,68.73097998
2026-08-18,,,,,,,10676,457582.0229,0.71035415,42.86081143
2026-08-19,,,,,,,15310,777804.982,0.07045527,50.80372188
2026-08-20,,,,,,,11508,2331617.214,0.70265865,202.608378
2026-08-21,,,,,,,17440,1215263.918,0.69241465,69.6825641
2026-08-22,,,,,,,14084,677017.8746,0.65463326,48.06999961
2026-08-23,,,,,,,10025,423997.1965,0.67728165,42.29398468
2026-08-24,,,,,,,14680,734050.1069,0.16689395,50.00341327
2026-08-25,,,,,,,13672,539010.7582,0.25051488,39.42442643
2026-08-26,,,,,,,11336,536533.7224,0.65136056,47.3300743
2026-08-27,,,,,,,12393,577352.6381,0.33596946,46.58699573
2026-08-28,,,,,,,12785,647479.8811,0.64820965,50.64371381
2026-08-29,,,,,,,11392,311085.0035,0.40638801,27.30732123
2026-08-30,,,,,,,10518,403026.5544,0.4009464,38.31779372
2026-08-31,,,,,,,10664,609751.3282,0.63084065,57.17848164
2026-09-01,,,,,,,11935,498183.852,0.62518165,41.74142035
2026-09-02,,,,,,,12592,408671.1104,0.31999138,32.45482134
2026-09-03,,,,,,,10947,706849.8953,0.61685615,64.57019231
2026-09-04,,,,,,,11864,607257.965,0.60991265,51.18492624
2026-09-05,,,,,,,11854,715837.427,0.60356765,60.3878376
2026-09-06,,,,,,,14397,400914.1636,0.11997988,27.84706283
2026-09-07,,,,,,,16206,619347.7714,0.07998652,38.21718939
2026-09-08,,,,,,,12149,643408.7881,0.58451965,52.95981464
2026-09-09,,,,,,,9965,614295.6507,0.62997904,61.64532369
2026-09-10,,,,,,,12620,784811.9795,0.57503565,62.18795399
2026-09-11,,,,,,,11025,4367196.075,0.74684185,396.1175578
2026-09-12,,,,,,,10624,304543.2166,0.56338515,28.66558891
2026-09-13,,,,,,,10045,447665.5188,0.55986815,44.56600485
2026-09-14,,,,,,,10205,648271.6913,0.55438065,63.52490851
2026-09-15,,,,,,,11040,767515.6117,0.63611938,69.52134164
2026-09-16,,,,,,,10559,604502.8871,0.68282141,57.25001298
2026-09-17,,,,,,,12363,874558.158,0.74005012,70.73996263
2026-09-18,,,,,,,15365,1237969.213,0.61034932,80.57072651
2026-09-19,,,,,,,13269,867458.7704,0.52468006,65.37484138
2026-09-20,,,,,,,10826,730679.2667,0.51955798,67.49300449
2026-09-21,,,,,,,16229,1106385.341,0.24001505,68.17335273
2026-09-22,,,,,,,19378,2084632.781,0.49889815,107.5772929
2026-09-23,,,,,,,15469,1898361.21,0.49731309,122.7203575
2026-09-24,,,,,,,20734,771663.6285,0.09659448,37.21730628
2026-09-25,,,,,,,12373,901513.6401,0.47983636,72.86136264
2026-09-26,,,,,,,10871,740289.0535,0.70222377,68.09760404
2026-09-27,,,,,,,6816,495972.6748,0.46754404,72.76594407
