date,price_usd,supply,tx_count,active_addresses,fees_native,market_cap_usd,bc_tx_count,bc_sum_value,bc_median_value,bc_mean_value
2009-01-03,,0,0,0,0,,,,,
2009-01-04,,0,0,0,0,,,,,
2009-01-05,,0,0,0,0,,,,,
2009-01-06,,0,0,0,0,,,,,
2009-01-07,,0,0,0,0,,,,,
2009-01-08,,0,0,0,0,,,,,
2009-01-09,,950,0,19,0,,,,,
2009-01-10,,4000,0,61,0,,,,,
2009-01-11,,8650,1,95,0,,,,,
2009-01-12,,13350,6,101,0,,,,,
2009-01-13,,19500,0,123,0,,,,,
2009-01-14,,25950,1,133,0,,,,,
2009-01-15,,32250,8,140,0,,,,,
2009-01-16,,37650,2,114,0,,,,,
2009-01-17,,43100,0,109,0,,,,,
2009-01-18,,48450,1,111,0,,,,,
2009-01-19,,54200,2,133,0,,,,,
2009-01-20,,59900,1,123,0,,,,,
2009-01-21,,65000,2,116,0,,,,,
2009-01-22,,69550,1,95,0,,,,,
2009-01-23,,73750,1,91,0,,,,,
2009-01-24,,83800,1,212,0,,,,,
2009-01-25,,93350,1,193,0,,,,,
2009-01-26,,98150,1,117,0,,,,,
2009-01-27,,103000,1,101,0,,,,,
2009-01-28,,108600,0,112,0,,,,,
2009-01-29,,114650,1,134,0,,,,,
2009-01-30,,120500,0,117,0,,,,,
2009-01-31,,127400,1,159,0,,,,,
2009-02-01,,133050,1,116,0,,,,,
2009-02-02,,139450,1,130,0,,,,,
2009-02-03,,146400,16,154,2.01,,,,,
2009-02-04,,152350,0,119,0,,,,,
2009-02-05,,158650,0,126,0,,,,,
2009-02-06,,164750,0,122,0,,,,,
2009-02-07,,171200,4,156,0,,,,,
2009-02-08,,177800,1,134,0,,,,,
2009-02-09,,184500,1,179,0,,,,,
2009-02-10,,190500,0,120,0,,,,,
2009-02-11,,197150,2,148,0,,,,,
2009-02-12,,203100,0,119,0,,,,,
2009-02-13,,209300,0,124,0,,,,,
2009-02-14,,216100,0,136,0,,,,,
2009-02-15,,222500,3,142,0,,,,,
2009-02-16,,228600,1,153,0,,,,,
2009-02-17,,234450,0,117,0,,,,,
2009-02-18,,240350,0,118,0,,,,,
2009-02-19,,246550,1,141,0,,,,,
2009-02-20,,252650,0,122,0,,,,,
2009-02-21,,258350,0,114,0,,,,,
2009-02-22,,264400,4,133,0,,,,,
2009-02-23,,269800,0,108,0,,,,,
2009-02-24,,275100,0,106,0,,,,,
2009-02-25,,280350,0,105,0,,,,,
2009-02-26,,285700,0,107,0,,,,,
2009-02-27,,291450,1,152,0,,,,,
2009-02-28,,296400,1,107,0,,,,,
2009-03-01,,301650,0,105,0,,,,,
2009-03-02,,307050,0,108,0,,,,,
2009-03-03,,312300,2,114,0,,,,,
2009-03-04,,317500,2,130,0,,,,,
2009-03-05,,323100,1,121,0,,,,,
2009-03-06,,328950,0,117,0,,,,,
2009-03-07,,334400,0,109,0,,,,,
2009-03-08,,340150,3,142,0,,,,,
2009-03-09,,345550,0,108,0,,,,,
2009-03-10,,350900,0,107,0,,,,,
2009-03-11,,356600,0,114,0,,,,,
2009-03-12,,362500,1,122,0,,,,,
2009-03-13,,368150,1,127,0,,,,,
2009-03-14,,373650,0,110,0,,,,,
2009-03-15,,379800,0,123,0,,,,,
2009-03-16,,385850,1,170,0,,,,,
2009-03-17,,391550,0,114,0,,,,,
2009-03-18,,397250,2,129,0,,,,,
2009-03-19,,403350,0,122,0,,,,,
2009-03-20,,409250,1,131,0,,,,,
2009-03-21,,411750,0,50,0,,,,,
2009-03-22,,417700,2,131,0,,,,,
2009-03-23,,424200,0,130,0,,,,,
2009-03-24,,429450,0,105,0,,,,,
2009-03-25,,435300,0,117,0,,,,,
2009-03-26,,441150,1,146,0,,,,,
2009-03-27,,446450,0,106,0,,,,,
2009-03-28,,452400,3,140,0,,,,,
2009-03-29,,458200,0,116,0,,,,,
2009-03-30,,464200,0,120,0,,,,,
2009-03-31,,469700,1,143,0,,,,,
2009-04-01,,475400,0,114,0,,,,,
2009-04-02,,481150,0,115,0,,,,,
2009-04-03,,486950,0,116,0,,,,,
2009-04-04,,492600,0,113,0,,,,,
2009-04-05,,499100,2,148,0,,,,,
2009-04-06,,504550,0,109,0,,,,,
2009-04-07,,509550,0,100,0,,,,,
2009-04-08,,514800,0,105,0,,,,,
2009-04-09,,519750,0,99,0,,,,,
2009-04-10,,525150,0,108,0,,,,,
2009-04-11,,531150,1,128,0,,,,,
2009-04-12,,537050,2,127,0,,,,,
2009-04-13,,542800,1,117,0,,,,,
2009-04-14,,549000,0,124,0,,,,,
2009-04-15,,554650,0,113,0,,,,,
2009-04-16,,560800,0,123,0,,,,,
2009-04-17,,566400,0,112,0,,,,,
2009-04-18,,572700,4,131,0,,,,,
2009-04-19,,578650,1,128,0,,,,,
2009-04-20,,584600,2,236,0,,,,,
2009-04-21,,590750,1,125,0,,,,,
2009-04-22,,596800,0,121,0,,,,,
2009-04-23,,600550,0,75,0,,,,,
2009-04-24,,606300,0,115,0,,,,,
2009-04-25,,612200,0,118,0,,,,,
2009-04-26,,617800,2,128,0,,,,,
2009-04-27,,623000,0,104,0,,,,,
2009-04-28,,628850,0,117,0,,,,,
2009-04-29,,635250,1,149,0,,,,,
2009-04-30,,641800,0,131,0,,,,,
2009-05-01,,647850,0,121,0,,,,,
2009-05-02,,654150,2,142,0.03,,,,,
2009-05-03,,659450,3,110,0,,,,,
2009-05-04,,665850,1,159,0,,,,,
2009-05-05,,672600,1,146,0,,,,,
2009-05-06,,679350,0,135,0,,,,,
2009-05-07,,685450,0,122,0,,,,,
2009-05-08,,690800,0,107,0,,,,,
2009-05-09,,694700,0,78,0,,,,,
2009-05-10,,698950,0,85,0,,,,,
2009-05-11,,704950,1,123,0.1,,,,,
2009-05-12,,711450,0,130,0,,,,,
2009-05-13,,717000,5,117,0,,,,,
2009-05-14,,723950,3,145,0,,,,,
2009-05-15,,730750,1,147,0,,,,,
2009-05-16,,736700,0,119,0,,,,,
2009-05-17,,743050,0,127,0,,,,,
2009-05-18,,748950,0,118,0,,,,,
2009-05-19,,753250,0,86,0,,,,,
2009-05-20,,759250,0,120,0,,,,,
2009-05-21,,763350,0,82,0,,,,,
2009-05-22,,766400,0,61,0,,,,,
2009-05-23,,768000,0,32,0,,,,,
2009-05-24,,773000,0,100,0,,,,,
2009-05-25,,778450,0,109,0,,,,,
2009-05-26,,784700,0,125,0,,,,,
2009-05-27,,790650,0,119,0,,,,,
2009-05-28,,795400,0,95,0,,,,,
2009-05-29,,800700,1,167,0,,,,,
2009-05-30,,806150,0,109,0,,,,,
2009-05-31,,810950,0,96,0,,,,,
2009-06-01,,814500,1,73,0,,,,,
2009-06-02,,820050,0,111,0,,,,,
2009-06-03,,823600,0,71,0,,,,,
2009-06-04,,826900,0,66,0,,,,,
2009-06-05,,828400,0,30,0,,,,,
2009-06-06,,829800,0,28,0,,,,,
2009-06-07,,830600,0,16,0,,,,,
2009-06-08,,834700,0,82,0,,,,,
2009-06-09,,839250,0,91,0,,,,,
2009-06-10,,843350,0,82,0,,,,,
2009-06-11,,847800,0,89,0,,,,,
2009-06-12,,852100,0,86,0,,,,,
2009-06-13,,856000,0,78,0,,,,,
2009-06-14,,859600,0,72,0,,,,,
2009-06-15,,863800,0,84,0,,,,,
2009-06-16,,867350,0,71,0,,,,,
2009-06-17,,871300,0,79,0,,,,,
2009-06-18,,875300,0,80,0,,,,,
2009-06-19,,879650,0,87,0,,,,,
2009-06-20,,883550,0,78,0,,,,,
2009-06-21,,887600,0,81,0,,,,,
2009-06-22,,891400,1,137,0,,,,,
2009-06-23,,895200,0,76,0,,,,,
2009-06-24,,899950,2,100,0,,,,,
2009-06-25,,903350,1,89,0,,,,,
2009-06-26,,907850,0,90,0,,,,,
2009-06-27,,912050,0,84,0,,,,,
2009-06-28,,914350,1,48,0,,,,,
2009-06-29,,918500,2,87,0,,,,,
2009-06-30,,922750,0,85,0,,,,,
2009-07-01,,926450,1,77,0,,,,,
2009-07-02,,930600,1,85,0,,,,,
2009-07-03,,934700,0,82,0,,,,,
2009-07-04,,939150,0,89,0,,,,,
2009-07-05,,943100,0,79,0,,,,,
2009-07-06,,947300,0,84,0,,,,,
2009-07-07,,950750,0,69,0,,,,,
2009-07-08,,954450,0,74,0,,,,,
2009-07-09,,958750,0,86,0,,,,,
2009-07-10,,962800,0,81,0,,,,,
2009-07-11,,966950,0,83,0,,,,,
2009-07-12,,970800,0,77,0,,,,,
2009-07-13,,974700,0,78,0,,,,,
2009-07-14,,978150,0,69,0,,,,,
2009-07-15,,980400,0,45,0,,,,,
2009-07-16,,983950,0,71,0,,,,,
2009-07-17,,986300,0,47,0,,,,,
2009-07-18,,986500,0,4,0,,,,,
2009-07-19,,990000,0,70,0,,,,,
2009-07-20,,993500,1,192,0.14,,,,,
2009-07-21,,997600,0,82,0,,,,,
2009-07-22,,1000600,0,60,0,,,,,
2009-07-23,,1004400,0,76,0,,,,,
2009-07-24,,1008050,0,73,0,,,,,
2009-07-25,,1009650,0,32,0,,,,,
2009-07-26,,1010700,0,21,0,,,,,
2009-07-27,,1014400,0,74,0,,,,,
2009-07-28,,1016450,0,41,0,,,,,
2009-07-29,,1017400,1,22,0,,,,,
2009-07-30,,1018150,1,17,0,,,,,
2009-07-31,,1019000,0,17,0,,,,,
2009-08-01,,1020400,0,28,0,,,,,
2009-08-02,,1021550,0,23,0,,,,,
2009-08-03,,1022150,0,12,0,,,,,
2009-08-04,,1026200,0,81,0,,,,,
2009-08-05,,1030550,0,87,0,,,,,
2009-08-06,,1035050,0,90,0,,,,,
2009-08-07,,1039050,1,192,0.13,,,,,
2009-08-08,,1043050,0,80,0,,,,,
2009-08-09,,1048100,0,101,0,,,,,
2009-08-10,,1051850,0,75,0,,,,,
2009-08-11,,1055350,0,70,0,,,,,
2009-08-12,,1058500,0,63,0,,,,,
2009-08-13,,1062750,0,85,0,,,,,
2009-08-14,,1065900,0,63,0,,,,,
2009-08-15,,1067200,0,26,0,,,,,
2009-08-16,,1068150,0,19,0,,,,,
2009-08-17,,1069000,0,17,0,,,,,
2009-08-18,,1069500,0,10,0,,,,,
2009-08-19,,1070400,0,18,0,,,,,
2009-08-20,,1071500,0,22,0,,,,,
2009-08-21,,1072200,0,14,0,,,,,
2009-08-22,,1072550,0,7,0,,,,,
2009-08-23,,1073300,0,15,0,,,,,
2009-08-24,,1074050,0,15,0,,,,,
2009-08-25,,1076550,0,50,0,,,,,
2009-08-26,,1078950,3,96,0,,,,,
2009-08-27,,1080400,0,29,0,,,,,
2009-08-28,,1084150,0,75,0,,,,,
2009-08-29,,1088050,0,78,0,,,,,
2009-08-30,,1092900,1,99,0,,,,,
2009-08-31,,1097200,1,93,0,,,,,
2009-09-01,,1101100,0,78,0,,,,,
2009-09-02,,1104400,0,66,0,,,,,
2009-09-03,,1107450,1,76,0,,,,,
2009-09-04,,1110650,0,64,0,,,,,
2009-09-05,,1114450,0,76,0,,,,,
2009-09-06,,1117850,0,68,0,,,,,
2009-09-07,,1121750,1,92,0,,,,,
2009-09-08,,1125200,0,69,0,,,,,
2009-09-09,,1127900,0,54,0,,,,,
2009-09-10,,1131250,0,67,0,,,,,
2009-09-11,,1134600,0,67,0,,,,,
2009-09-12,,1138050,0,69,0,,,,,
2009-09-13,,1141800,0,75,0,,,,,
2009-09-14,,1145500,0,74,0,,,,,
2009-09-15,,1147700,0,44,0,,,,,
2009-09-16,,1151300,1,74,0,,,,,
2009-09-17,,1155500,1,186,0.12,,,,,
2009-09-18,,1159400,0,78,0,,,,,
2009-09-19,,1163100,0,74,0,,,,,
2009-09-20,,1167000,0,78,0,,,,,
2009-09-21,,1170450,1,78,0,,,,,
2009-09-22,,1171700,1,66,0,,,,,
2009-09-23,,1173500,0,36,0,,,,,
2009-09-24,,1178350,0,97,0,,,,,
2009-09-25,,1182900,2,119,0,,,,,
2009-09-26,,1187900,1,117,0,,,,,
2009-09-27,,1192250,0,87,0,,,,,
2009-09-28,,1196500,0,85,0,,,,,
2009-09-29,,1200900,2,133,0,,,,,
2009-09-30,,1205150,0,85,0,,,,,
2009-10-01,,1209250,0,82,0,,,,,
2009-10-02,,1212850,1,83,0,,,,,
2009-10-03,,1215750,0,58,0,,,,,
2009-10-04,,1218400,0,53,0,,,,,
2009-10-05,,1221150,0,55,0,,,,,
2009-10-06,,1223300,2,58,0,,,,,
2009-10-07,,1226300,0,60,0,,,,,
2009-10-08,,1229800,0,70,0,,,,,
2009-10-09,,1233750,0,79,0,,,,,
2009-10-10,,1237600,0,77,0,,,,,
2009-10-11,,1241300,0,74,0,,,,,
2009-10-12,,1244200,1,132,0,,,,,
2009-10-13,,1247050,0,57,0,,,,,
2009-10-14,,1250500,0,69,0,,,,,
2009-10-15,,1254050,0,71,0,,,,,
2009-10-16,,1257050,1,141,0,,,,,
2009-10-17,,1259900,0,57,0,,,,,
2009-10-18,,1263600,1,82,0,,,,,
2009-10-19,,1269200,0,112,0,,,,,
2009-10-20,,1273950,1,197,0.12,,,,,
2009-10-21,,1277950,1,99,0,,,,,
2009-10-22,,1282450,1,130,0,,,,,
2009-10-23,,1286900,0,89,0,,,,,
2009-10-24,,1290000,1,70,0,,,,,
2009-10-25,,1293800,0,76,0,,,,,
2009-10-26,,1297350,0,71,0,,,,,
2009-10-27,,1300550,1,81,0,,,,,
2009-10-28,,1303850,0,66,0,,,,,
2009-10-29,,1306150,2,89,0,,,,,
2009-10-30,,1309150,0,60,0,,,,,
2009-10-31,,1311450,0,46,0,,,,,
2009-11-01,,1312700,0,25,0,,,,,
2009-11-02,,1314350,0,33,0,,,,,
2009-11-03,,1317450,0,62,0,,,,,
2009-11-04,,1320600,1,105,0,,,,,
2009-11-05,,1323450,0,57,0,,,,,
2009-11-06,,1326550,0,62,0,,,,,
2009-11-07,,1330000,0,69,0,,,,,
2009-11-08,,1333650,0,73,0,,,,,
2009-11-09,,1336850,0,64,0,,,,,
2009-11-10,,1340750,3,120,0,,,,,
2009-11-11,,1343950,6,76,0,,,,,
2009-11-12,,1347250,2,68,0,,,,,
2009-11-13,,1351250,1,91,0,,,,,
2009-11-14,,1355200,0,79,0,,,,,
2009-11-15,,1360000,0,96,0,,,,,
2009-11-16,,1364850,0,97,0,,,,,
2009-11-17,,1369450,0,92,0,,,,,
2009-11-18,,1373400,0,79,0,,,,,
2009-11-19,,1376900,2,153,0,,,,,
2009-11-20,,1381200,0,86,0,,,,,
2009-11-21,,1384850,0,73,0,,,,,
2009-11-22,,1390150,0,106,0,,,,,
2009-11-23,,1394950,0,96,0,,,,,
2009-11-24,,1399600,0,93,0,,,,,
2009-11-25,,1404100,0,90,0,,,,,
2009-11-26,,1408300,0,84,0,,,,,
2009-11-27,,1412000,0,74,0,,,,,
2009-11-28,,1415550,0,71,0,,,,,
2009-11-29,,1418550,0,60,0,,,,,
2009-11-30,,1422300,0,75,0,,,,,
2009-12-01,,1425950,1,240,0.22,,,,,
2009-12-02,,1430650,0,94,0,,,,,
2009-12-03,,1435050,0,88,0,,,,,
2009-12-04,,1436850,0,36,0,,,,,
2009-12-05,,1440050,1,84,0,,,,,
2009-12-06,,1445200,2,107,0,,,,,
2009-12-07,,1450800,1,133,0,,,,,
2009-12-08,,1456050,1,116,0,,,,,
2009-12-09,,1460850,13,119,0,,,,,
2009-12-10,,1466050,0,104,0,,,,,
2009-12-11,,1471650,2,180,0,,,,,
2009-12-12,,1477150,0,110,0,,,,,
2009-12-13,,1482850,0,114,0,,,,,
2009-12-14,,1487950,5,437,0,,,,,
2009-12-15,,1493450,3,137,0,,,,,
2009-12-16,,1500250,0,136,0,,,,,
2009-12-17,,1508700,3,179,0,,,,,
2009-12-18,,1519950,0,225,0,,,,,
2009-12-19,,1529850,1,200,0,,,,,
2009-12-20,,1538600,1,177,0,,,,,
2009-12-21,,1547350,0,175,0,,,,,
2009-12-22,,1555450,0,162,0,,,,,
2009-12-23,,1563150,0,154,0,,,,,
2009-12-24,,1570850,0,154,0,,,,,
2009-12-25,,1578300,1,151,0,,,,,
2009-12-26,,1587000,0,174,0,,,,,
2009-12-27,,1595350,1,173,0,,,,,
2009-12-28,,1602200,0,137,0,,,,,
2009-12-29,,1610750,0,171,0,,,,,
2009-12-30,,1617800,0,141,0,,,,,
2009-12-31,,1624700,0,138,0,,,,,
2010-01-01,,1631300,2,136,0,,,,,
2010-01-02,,1637600,0,126,0,,,,,
2010-01-03,,1646900,0,186,0,,,,,
2010-01-04,,1655950,2,266,0,,,,,
2010-01-05,,1665850,0,198,0,,,,,
2010-01-06,,1674000,0,163,0,,,,,
2010-01-07,,1681700,0,154,0,,,,,
2010-01-08,,1689350,0,153,0,,,,,
2010-01-09,,1696900,0,151,0,,,,,
2010-01-10,,1706400,0,190,0,,,,,
2010-01-11,,1714350,0,159,0,,,,,
2010-01-12,,1722300,2,375,0.26,,,,,
2010-01-13,,1730500,2,168,0,,,,,
2010-01-14,,1737650,2,155,0,,,,,
2010-01-15,,1744700,1,147,0,,,,,
2010-01-16,,1750950,1,132,0,,,,,
2010-01-17,,1757500,0,131,0,,,,,
2010-01-18,,1763750,1,128,0,,,,,
2010-01-19,,1769950,0,124,0,,,,,
2010-01-20,,1777850,0,158,0,,,,,
2010-01-21,,1786600,9,187,0,,,,,
2010-01-22,,1793250,3,141,0,,,,,
2010-01-23,,1801250,2,164,0,,,,,
2010-01-24,,1808950,1,156,0,,,,,
2010-01-25,,1819500,4,272,0,,,,,
2010-01-26,,1829250,6,215,0,,,,,
2010-01-27,,1837450,2,182,0,,,,,
2010-01-28,,1846300,2,199,0,,,,,
2010-01-29,,1856150,4,214,0,,,,,
2010-01-30,,1866650,4,248,0,,,,,
2010-01-31,,1874900,2,184,0,,,,,
2010-02-01,,1884100,9,203,0,,,,,
2010-02-02,,1891350,1,167,0,,,,,
2010-02-03,,1904850,2,277,0,,,,,
2010-02-04,,1916300,5,269,0,,,,,
2010-02-05,,1927450,4,472,0,,,,,
2010-02-06,,1937050,14,224,0,,,,,
2010-02-07,,1947900,5,230,0,,,,,
2010-02-08,,1957900,8,329,0,,,,,
2010-02-09,,1968250,3,623,0.44,,,,,
2010-02-10,,1976650,5,777,0,,,,,
2010-02-11,,1985100,5,245,0,,,,,
2010-02-12,,1994250,5,226,0,,,,,
2010-02-13,,2005850,3,318,0,,,,,
2010-02-14,,2016250,11,263,0,,,,,
2010-02-15,,2025050,9,273,0,,,,,
2010-02-16,,2034800,6,217,0,,,,,
2010-02-17,,2046750,11,267,0,,,,,
2010-02-18,,2057150,7,268,0,,,,,
2010-02-19,,2066750,3,198,0,,,,,
2010-02-20,,2077150,2,221,0,,,,,
2010-02-21,,2088300,4,344,0,,,,,
2010-02-22,,2101300,5,531,0,,,,,
2010-02-23,,2113800,1,252,0,,,,,
2010-02-24,,2122350,6,283,0,,,,,
2010-02-25,,2130050,4,300,0,,,,,
2010-02-26,,2138650,4,196,0,,,,,
2010-02-27,,2147250,3,184,0,,,,,
2010-02-28,,2155050,3,264,0,,,,,
2010-03-01,,2164800,4,227,0,,,,,
2010-03-02,,2174200,5,233,0,,,,,
2010-03-03,,2181800,6,260,0,,,,,
2010-03-04,,2191050,3,575,0,,,,,
2010-03-05,,2199600,2,175,0,,,,,
2010-03-06,,2208450,6,274,0,,,,,
2010-03-07,,2217400,4,297,0,,,,,
2010-03-08,,2223650,5,313,0,,,,,
2010-03-09,,2230950,2,229,0,,,,,
2010-03-10,,2239050,7,211,0,,,,,
2010-03-11,,2245700,3,200,0,,,,,
2010-03-12,,2251750,2,130,0,,,,,
2010-03-13,,2259400,1,190,0,,,,,
2010-03-14,,2265650,2,134,0,,,,,
2010-03-15,,2272400,5,145,0,,,,,
2010-03-16,,2278700,3,154,0,,,,,
2010-03-17,,2285500,3,164,0,,,,,
2010-03-18,,2292500,10,285,0,,,,,
2010-03-19,,2300150,8,229,0,,,,,
2010-03-20,,2309750,12,273,0,,,,,
2010-03-21,,2318900,8,193,0,,,,,
2010-03-22,,2327850,6,223,0,,,,,
2010-03-23,,2338200,13,289,0,,,,,
2010-03-24,,2346750,11,208,0,,,,,
2010-03-25,,2356100,15,541,0,,,,,
2010-03-26,,2365950,16,280,0,,,,,
2010-03-27,,2374850,7,217,0,,,,,
2010-03-28,,2384150,5,196,0,,,,,
2010-03-29,,2393900,12,268,0,,,,,
2010-03-30,,2404650,6,227,0,,,,,
2010-03-31,,2415100,7,239,0,,,,,
2010-04-01,,2423500,9,197,0,,,,,
2010-04-02,,2431300,5,179,0,,,,,
2010-04-03,,2439350,5,192,0,,,,,
2010-04-04,,2447900,12,241,0.26,,,,,
2010-04-05,,2455550,28,307,0,,,,,
2010-04-06,,2463500,15,267,0,,,,,
2010-04-07,,2473150,11,303,0,,,,,
2010-04-08,,2482300,15,227,0,,,,,
2010-04-09,,2491750,32,308,0,,,,,
2010-04-10,,2504750,41,559,0,,,,,
2010-04-11,,2515900,39,398,0,,,,,
2010-04-12,,2526050,45,357,0,,,,,
2010-04-13,,2535500,21,246,0,,,,,
2010-04-14,,2544500,75,338,0,,,,,
2010-04-15,,2555300,41,891,0,,,,,
2010-04-16,,2565400,31,433,0,,,,,
2010-04-17,,2576450,30,306,0,,,,,
2010-04-18,,2588700,3109,3479,0,,,,,
2010-04-19,,2600300,41,537,0,,,,,
2010-04-20,,2610550,38,426,0,,,,,
2010-04-21,,2621500,34,375,0,,,,,
2010-04-22,,2629450,39,232,0,,,,,
2010-04-23,,2636950,50,241,0,,,,,
2010-04-24,,2645350,34,285,0,,,,,
2010-04-25,,2653250,45,343,0,,,,,
2010-04-26,,2661450,49,281,0,,,,,
2010-04-27,,2670450,52,271,0,,,,,
2010-04-28,,2679450,48,329,0,,,,,
2010-04-29,,2686800,32,212,0,,,,,
2010-04-30,,2694000,25,206,0,,,,,
2010-05-01,,2703150,28,269,0,,,,,
2010-05-02,,2710900,27,231,0,,,,,
2010-05-03,,2718850,27,302,0,,,,,
2010-05-04,,2725650,40,275,0,,,,,
2010-05-05,,2732500,26,296,0,,,,,
2010-05-06,,2739950,30,446,0,,,,,
2010-05-07,,2746550,26,250,0,,,,,
2010-05-08,,2754250,25,420,0,,,,,
2010-05-09,,2761400,42,267,0,,,,,
2010-05-10,,2767800,27,286,0,,,,,
2010-05-11,,2773350,19,160,0,,,,,
2010-05-12,,2779700,33,263,0,,,,,
2010-05-13,,2786100,38,255,0,,,,,
2010-05-14,,2792250,31,249,6.71,,,,,
2010-05-15,,2796800,21,159,2.64,,,,,
2010-05-16,,2802450,20,169,0,,,,,
2010-05-17,,2809600,35,291,0,,,,,
2010-05-18,,2818000,56,309,0,,,,,
2010-05-19,,2826200,42,309,0,,,,,
2010-05-20,,2836350,35,291,0,,,,,
2010-05-21,,2845150,58,318,0,,,,,
2010-05-22,,2854900,32,349,0.99,,,,,
2010-05-23,,2865450,98,446,0,,,,,
2010-05-24,,2874850,61,329,0,,,,,
2010-05-25,,2885350,45,348,0,,,,,
2010-05-26,,2896500,64,403,0,,,,,
2010-05-27,,2906100,75,385,0,,,,,
2010-05-28,,2917250,53,359,0,,,,,
2010-05-29,,2926450,60,372,0,,,,,
2010-05-30,,2933900,52,270,0,,,,,
2010-05-31,,2941000,47,297,0,,,,,
2010-06-01,,2947750,48,250,0,,,,,
2010-06-02,,2955100,47,259,0,,,,,
2010-06-03,,2962700,86,409,0,,,,,
2010-06-04,,2968950,44,226,0,,,,,
2010-06-05,,2976200,50,270,0,,,,,
2010-06-06,,2983600,50,263,0,,,,,
2010-06-07,,2991450,51,478,0,,,,,
2010-06-08,,2999450,62,350,0,,,,,
2010-06-09,,3007850,51,342,0,,,,,
2010-06-10,,3015850,59,291,0,,,,,
2010-06-11,,3024250,80,356,0,,,,,
2010-06-12,,3031000,78,290,0,,,,,
2010-06-13,,3039600,72,351,0,,,,,
2010-06-14,,3047650,88,415,0,,,,,
2010-06-15,,3056850,89,371,0,,,,,
2010-06-16,,3063950,48,291,0,,,,,
2010-06-17,,3071250,57,279,0,,,,,
2010-06-18,,3078750,42,274,0,,,,,
2010-06-19,,3086250,67,385,0,,,,,
2010-06-20,,3095500,40,305,0,,,,,
2010-06-21,,3103200,91,352,0,,,,,
2010-06-22,,3111000,73,366,0,,,,,
2010-06-23,,3120350,67,347,0,,,,,
2010-06-24,,3128800,73,366,0,,,,,
2010-06-25,,3136300,57,244,0,,,,,
2010-06-26,,3144250,44,252,0,,,,,
2010-06-27,,3153150,58,312,0,,,,,
2010-06-28,,3160750,75,288,0,,,,,
2010-06-29,,3169200,98,413,0,,,,,
2010-06-30,,3178300,87,438,1.37,,,,,
2010-07-01,,3188850,76,403,0,,,,,
2010-07-02,,3197200,80,398,0,,,,,
2010-07-03,,3207800,66,326,0,,,,,
2010-07-04,,3216100,58,431,0,,,,,
2010-07-05,,3225050,71,380,0,,,,,
2010-07-06,,3233500,40,273,0,,,,,
2010-07-07,,3241300,66,383,0,,,,,
2010-07-08,,3248850,68,309,0,,,,,
2010-07-09,,3258800,68,349,0,,,,,
2010-07-10,,3268700,42,405,0,,,,,
2010-07-11,,3277650,238,717,0,,,,,
2010-07-12,,3310600,1581,3430,0,,,,,
2010-07-13,,3345200,796,2012,0,,,,,
2010-07-14,,3374100,5548,6752,0.01,,,,,
2010-07-15,,3405300,711,2009,0.66,,,,,
2010-07-16,,3430550,675,1721,0.27,,,,,
2010-07-17,,3439200,248,895,0.13,,,,,
2010-07-18,0.08584,3447800,248,860,0.79,295959.152,248,18019.29171,4.228797763,72.6584343
2010-07-19,0.0808,3456500,334,929,0.05,279285.2,334,31688.66337,5.309405941,94.87623762
2010-07-20,0.07473572881,3465550,423,936,0,259000.405,423,22300.17726,68.30735555,52.71909517
2010-07-21,0.07919286265,3475900,247,784,0,275266.4713,247,14294.23009,48.45133604,57.87137687
2010-07-22,0.05846976037,3484700,221,594,0,203749.574,221,24469.98228,18.02641217,110.7239017
2010-07-23,0.06059286967,3494400,220,655,0.01,211735.7238,220,10300.55192,13.4339239,46.82069055
2010-07-24,0.05454,3503850,700,959,0,191099.979,700,36475.98093,8.159149248,52.10854419
2010-07-25,0.05054061835,3515400,1591,2130,2.91,177670.4898,1591,43064.13477,9.062018134,27.06733801
2010-07-26,0.056,3527550,227,1250,1.5,197542.8,227,40000.64286,47.32142857,176.2142857
2010-07-27,0.05862201636,3535850,259,775,0.67,207278.6566,259,19187.96162,3.326395305,74.08479389
2010-07-28,0.05891109877,3543800,2860,664,1.05,208769.1518,2860,99959.77197,0.05041494832,34.95096922
2010-07-29,0.0699,3552800,619,534,0.89,248340.72,619,5862.346209,0.04635193133,9.470672389
2010-07-30,0.06465738165,3561900,141,582,0.3,230303.1277,141,8962.781746,13.67206617,63.56582799
2010-07-31,0.06754579895,3572050,94,479,0.31,241276.9711,94,4835.978034,19.85319621,51.44657483
2010-08-01,0.0611,3584000,124,622,0.29,218982.4,124,91936.56301,49.96726678,741.4238953
2010-08-02,0.06,3596100,155,632,0.21,215766,155,25270.16667,51.05,163.0333333
2010-08-03,0.06001215079,3607450,424,988,0,216490.8334,424,26480.50402,14.64703378,62.45401891
2010-08-04,0.05701578025,3619600,193,715,0,206374.3182,193,15469.57695,52.33638805,80.15324846
2010-08-05,0.061,3630500,301,825,0,221460.5,301,23280.62295,48.81967213,77.3442623
2010-08-06,0.06167131502,3637850,213,640,2.31,224350.9933,213,11110.85437,4.151038451,52.16363554
2010-08-07,0.05900394506,3645600,113,500,0,215104.7821,113,10619.37468,24.37125176,93.97676705
2010-08-08,0.0609,3655550,191,581,0,222622.995,191,4971.018062,2.479474548,26.02627258
2010-08-09,0.0704,3665050,235,782,4.32,258019.52,235,40170.3125,50.71022727,170.9375
2010-08-10,0.06933872881,3674600,151,590,0,254792.0929,151,14969.61392,49.75574342,99.13651602
2010-08-11,0.067,3686250,184,724,0,246978.75,184,23233.43284,47.3880597,126.2686567
2010-08-12,0.07,3697100,220,611,0,258797,220,8686.857143,49.28571429,39.48571429
2010-08-13,0.0645,3707850,247,787,0,239156.325,247,17044.91473,50.7751938,69.00775194
2010-08-14,0.06699643366,3721900,156,564,0,249354.0265,156,5758.336361,49.45039338,36.91241257
2010-08-15,0.0651179322,3732250,130,472,0,243036.4025,130,7091.13426,50.78478213,54.54718662
2010-08-16,0.0655,3739600,298,760,0.67,244943.8,298,44704.54962,70.25954198,150.0152672
2010-08-17,0.07,3746050,188,486,0,262223.5,188,28608.22857,48.4,152.1714286
2010-08-18,0.068,3752700,231,709,1.56,255183.6,231,23242.67647,50.73529412,100.6176471
2010-08-19,0.0667,3759450,190,471,0,250755.315,190,12035.23238,50.44977511,63.34332834
2010-08-20,0.0655,3769100,230,656,0,246876.05,230,16229.92366,50.45801527,70.5648855
2010-08-21,0.0664,3777750,168,526,0,250842.6,168,18872.16867,49.6686747,112.3343373
2010-08-22,0.0659289889,3788350,153,586,0,249762.0851,153,8479.759956,49.67465837,55.42326769
2010-08-23,0.06491,3799000,157,655,0,246593.09,157,7626.267139,50.42366353,48.57494993
2010-08-24,0.065,3809750,166,638,0.8,247633.75,166,9232.153846,49.96923077,55.61538462
2010-08-25,0.0648,3820550,149,498,0,247571.64,149,6576.234568,50.61728395,44.13580247
2010-08-26,0.06407511397,3831050,158,650,0,245474.9654,158,6147.378843,4.947318551,38.90746103
2010-08-27,0.065,3839600,121,490,0,249574,121,11720.24615,49.61538462,96.86153846
2010-08-28,0.0646,3848100,170,531,1.1e-06,248587.26,170,8331.578947,10,49.00928793
2010-08-29,0.064,3856200,111,418,0.24,246796.8,111,3694.21875,5.453125,33.28125
2010-08-30,0.06497,3863650,175,517,0.35,251021.3405,175,7339.92612,3.817146375,41.94243497
2010-08-31,0.06,3872850,254,733,0.2200003,232371,254,23918.33333,51.71666667,94.16666667
2010-09-01,0.06202482759,3880700,235,622,0.0600002,240699.7484,235,17905.89419,11.06008717,76.19529443
2010-09-02,0.0634,3888500,146,513,0,246530.9,146,15500.41009,49.1955836,106.1671924
2010-09-03,0.06085,3896700,155,503,0,237114.195,155,14524.40427,101.2818406,93.70583402
2010-09-04,0.06217827586,3905750,96,468,0,242852.8009,96,10458.70107,99.16646794,108.9448028
2010-09-05,0.06165,3914000,143,534,0.01,241298.1,143,63474.37145,50.3325223,443.8767234
2010-09-06,0.0616,3921900,125,518,1e-07,241589.04,125,34297.88961,50.45454545,274.3831169
2010-09-07,0.06123911806,3929900,120,408,0,240663.6101,120,7769.543636,50.04970837,64.74619697
2010-09-08,0.061,3938150,174,535,2e-07,240227.15,174,9133.57377,1.786885246,52.49180328
2010-09-09,0.06111497078,3944900,204,530,0.1100001,241092.4482,204,21509.88511,49.98775196,105.4406133
2010-09-10,0.06101152425,3953750,171,529,1e-07,241224.314,171,6774.244785,5.03183626,39.61546658
2010-09-11,0.06362086499,3961750,141,426,0,252049.9619,141,4660.782277,3.850937896,33.05519345
2010-09-12,0.0615,3970600,199,708,0.15,244191.9,199,9797.918699,1.281300813,49.23577236
2010-09-13,0.06218,3979150,267,722,1e-07,247423.547,267,71649.43712,11.98134448,268.3499518
2010-09-14,0.06199,3989300,227,680,0.00960352,247296.707,227,16218.47072,50.00806582,71.44700758
2010-09-15,0.0604,3997750,261,666,0,241464.1,261,24648.07947,35.49668874,94.43708609
2010-09-16,0.0619,4008700,211,666,0,248138.53,211,16658.43296,50,78.94991922
2010-09-17,0.06000052601,4019100,155,1008,0,241148.1141,155,32299.13351,49.9495621,208.3815065
2010-09-18,0.061,4030950,165,573,0.18,245887.95,165,17744.2623,49.18032787,107.5409836
2010-09-19,0.0627,4041400,149,667,0,253395.78,149,21154.67305,79.96810207,141.9776715
2010-09-20,0.06210173583,4051550,275,711,0,251608.2878,275,24572.1795,11.99644406,89.35338
2010-09-21,0.06265,4060150,631,1227,1e-07,254368.3975,631,21664.5012,2.490023943,34.33359936
2010-09-22,0.06188187025,4068850,520,1056,0,251788.0478,520,34730.04276,0.5833695694,66.78854377
2010-09-23,0.06215351257,4080550,399,1027,0,253620.5157,399,77182.71747,17.00627939,193.4403947
2010-09-24,0.0622,4091950,268,808,0,254519.29,268,10336.52733,19.27652733,38.56913183
2010-09-25,0.06202,4102300,332,837,0,254424.646,332,18719.83231,0.851338278,56.38503708
2010-09-26,0.062,4112550,206,634,0,254978.1,206,11582.51613,3.838709677,56.22580645
2010-09-27,0.06220044185,4124000,350,1251,0.02,256514.6222,350,19351.14871,2.234710814,55.28899631
2010-09-28,0.06190389772,4134600,284,1705,1.44,255947.8555,284,47263.06594,39.43208893,166.4192463
2010-09-29,0.06191,4142800,812,1203,0,256480.748,812,78353.86852,104.1027298,96.49491197
2010-09-30,0.0619,4150100,215,640,0,256891.19,215,24480.12924,19.43457189,113.8610662
2010-10-01,0.06197331385,4157800,445,852,0.56,257672.6443,445,44382.73233,12.40856672,99.73647714
2010-10-02,0.0614,4162800,404,798,0.00776813,255595.92,404,294577.8502,2.003257329,729.1530945
2010-10-03,0.0610648685,4168900,235,648,0.00776625,254573.3303,235,47369.54441,85.26997811,201.5725294
2010-10-04,0.06129447691,4176550,258,852,9.9e-07,255999.4476,258,352174.3734,284.0875863,1365.016951
2010-10-05,0.0614,4182850,244,688,0,256826.99,244,127408.5342,241.5635179,522.1661238
2010-10-06,0.06281,4191400,231,682,1.09e-06,263261.834,231,68240.8056,49.46664544,295.4147429
2010-10-07,0.067,4199400,184,654,0,281359.8,184,66973.25373,189.7761194,363.9850746
2010-10-08,0.08445310812,4207100,207,813,0,355302.6712,207,79546.84143,148.9820834,384.2842581
2010-10-09,0.0938,4215000,245,753,0,395367,245,106904.1045,129.6481876,436.3432836
2010-10-10,0.09714620105,4223900,186,631,0,410335.8386,186,59194.92412,99.06717809,318.2522802
2010-10-11,0.095,4231850,184,632,1.09e-06,402025.75,184,28893.81053,66.14736842,157.0315789
2010-10-12,0.0949,4239600,195,643,0,402338.04,195,43045.89041,43.36143309,220.748156
2010-10-13,0.1048655891,4248400,187,929,0.35,445510.9689,187,55132.27979,46.96488182,294.8250256
2010-10-14,0.102,4258650,159,626,0,434382.3,159,78022.23529,911.0294118,490.7058824
2010-10-15,0.105,4267500,152,582,0,448087.5,152,66258.97143,593.1714286,435.9142857
2010-10-16,0.101,4280400,185,933,0,432320.4,185,82729.80198,1173.663366,447.1881188
2010-10-17,0.102,4293900,186,751,0,437977.8,186,44156.76471,250,237.4019608
2010-10-18,0.1024,4306350,328,947,0.02,440970.24,328,123598.9844,150.4394531,376.8261719
2010-10-19,0.09754489188,4319150,671,1411,0,421311.0197,671,194789.3594,40.3916589,290.2971079
2010-10-20,0.099,4332350,475,1218,0,428902.65,475,133686.1111,50.25252525,281.4444444
2010-10-21,0.107,4341650,350,983,0.00776615,464556.55,350,112716.3551,47.71028037,322.046729
2010-10-22,0.1025,4349350,439,958,0,445808.375,439,96918.35122,10.91707317,220.7707317
2010-10-23,0.1045564243,4358100,341,838,0.05,455667.3528,341,29055.78514,20.72565138,85.20758106
2010-10-24,0.11501,4368350,344,848,0,502403.9335,344,63317.41588,12.12068516,184.0622555
2010-10-25,0.1391185529,4378500,209,763,0,609130.5838,209,61031.57935,605.0379209,292.0171261
2010-10-26,0.151,4390550,280,900,0,662973.05,280,91953.11258,641.6490066,328.4039735
2010-10-27,0.1877,4401200,353,1075,0,826105.24,353,113187.5599,541.3425679,320.6446457
2010-10-28,0.1731,4412150,276,1012,0,763743.165,276,110060.3813,547.9664934,398.7694974
2010-10-29,0.19,4423300,234,829,0,840427,234,41983.29474,48.67368421,179.4157895
2010-10-30,0.1976105435,4435900,174,657,0,876580.6101,174,23363.71287,95.12144273,134.2742119
2010-10-31,0.1925,4444850,129,609,0,855633.625,129,27379.4961,61.76623377,212.2441558
2010-11-01,0.1945250614,4453700,180,565,0,866356.2658,180,21612.02248,4.986504017,120.0667916
2010-11-02,0.1938,4462500,101,446,0,864832.5,101,21978.18369,272.8482972,217.6057792
2010-11-03,0.1931,4472000,157,578,0,863543.2,157,25827.3537,50.09321595,164.5054376
2010-11-04,0.2292751607,4482050,157,632,0,1027622.734,157,67326.264,140.3030311,428.829707
2010-11-05,0.2591124138,4493000,221,828,0,1164192.075,221,19054.04657,20.50075457,86.21740531
2010-11-06,0.4009823027,4503900,165,588,0,1805984.193,165,43081.71428,40.65017306,261.1012987
2010-11-07,0.34,4515950,210,688,0,1535423,210,49781.11765,59.55882353,237.0529412
2010-11-08,0.2431846289,4529700,241,1570,0.83,1101553.413,241,282989.7404,131.8463266,1174.231288
2010-11-09,0.2172726943,4540550,193,651,0,986537.5322,193,26645.87475,54.53975722,138.0615272
2010-11-10,0.2295497312,4550700,196,655,0,1044611.962,196,28331.44682,98.01797583,144.548198
2010-11-11,0.2231,4561650,172,594,0,1017704.115,172,18398.8346,84.7781264,106.9699686
2010-11-12,0.2682,4570100,117,457,0,1225700.82,117,12772.28188,103.5607755,109.1648024
2010-11-13,0.276,4581250,118,587,0,1264425,118,13370.76812,50.99637681,113.3115942
2010-11-14,0.27904,4593950,164,945,0,1281895.808,164,13885.69381,25.86009174,84.66886468
2010-11-15,0.2684645558,4603950,5457,4487,0.48,1235997.392,5457,299148.1269,26.81545792,54.81915464
2010-11-16,0.225,4613800,8121,3228,0,1038105,8121,368115.9067,54.59111111,45.32888889
2010-11-17,0.2419393337,4626150,186,674,0,1119247.649,186,24846.45183,77.21770459,133.5830743
2010-11-18,0.2690577908,4639000,1846,651,0,1248159.091,1846,66928.8555,0.05463510259,36.25615141
2010-11-19,0.27829,4646500,9313,635,0.1,1293074.485,9313,51803.9599,0.009845844263,5.562542671
2010-11-20,0.2830159649,4652300,9227,783,1.04,1316675.174,9227,150068.8522,0.009964102204,16.26410016
2010-11-21,0.27675,4659300,9857,768,0.98,1289461.275,9857,123590.9304,0.01000903342,12.53839205
2010-11-22,0.285,4667450,199,651,0.58,1330223.25,199,17909.30175,52.3122807,89.99649123
2010-11-23,0.28295,4674450,184,627,0.53,1322635.627,184,22985.85616,51.64870118,124.9231313
2010-11-24,0.2829057364,4683300,3844,960,0.12,1324932.435,3844,37719.07963,0.01000333198,9.812455679
2010-11-25,0.28,4692350,4745,927,0,1313858,4745,48399,0.3014285714,10.2
2010-11-26,0.2844,4702050,1089,1177,0.37,1337263.02,1089,73147.56329,4.950773558,67.16947961
2010-11-27,0.283,4711050,265,828,0.02,1333227.15,265,14494.46996,8.5795053,54.69611307
2010-11-28,0.2713586791,4719650,281,707,0,1280717.99,281,15314.45028,15.3486891,54.49982306
2010-11-29,0.2305594565,4730100,247,905,0.03,1090569.285,247,20828.3541,14.49083916,84.32532024
2010-11-30,0.2082,4740200,261,817,0.01,986909.64,261,36140.10086,10.52353506,138.4678194
2010-12-01,0.2275,4749600,324,1127,0.04,1080534,324,33455.31429,17.35824176,103.2571429
2010-12-02,0.255,4759000,259,770,0.06,1213545,259,32663.4549,14.65490196,126.1137255
2010-12-03,0.2510600836,4768450,198,887,0.01,1197167.456,198,14191.86176,11.27618521,71.6760695
2010-12-04,0.205000526,4779900,190,731,0.01090727,979882.0143,190,33253.62199,9.819486999,175.0190631
2010-12-05,0.2028500175,4791850,192,685,0.04,972026.8565,192,9579.64916,6.669952591,49.89400604
2010-12-06,0.204,4803900,228,742,0.04518713,979995.6,228,49509.52941,3.441176471,217.1470588
2010-12-07,0.2334203857,4815850,330,1138,0.07214637,1124117.565,330,45729.4249,8.662482472,138.5740149
2010-12-08,0.2388,4827750,282,903,0.04,1152866.7,282,16026.05528,4.761306533,56.82998325
2010-12-09,0.1999916943,4838900,273,857,0.03727261,967739.8097,273,25421.45071,31.95132689,93.11886707
2010-12-10,0.204,4846250,229,644,0.07,988635,229,16196.13725,25.56372549,70.7254902
2010-12-11,0.228,4855000,367,1052,0.11724798,1106940,367,50346.60526,20.70614035,137.1842105
2010-12-12,0.2198536119,4863550,482,1220,0.14857412,1069269.034,482,34871.80371,11.45307543,72.34814048
2010-12-13,0.2276052367,4870600,510,1685,0.31147648,1108574.066,510,136363.6024,48.32929224,267.3796125
2010-12-14,0.24669,4879150,470,1103,0.04892339,1203637.513,470,80699.62301,149.4101909,171.7013256
2010-12-15,0.24,4888950,443,1081,0.06743052,1173348,443,78593.7375,252.0416667,177.4125
2010-12-16,0.24996,4897600,358,954,0.10356946,1224204.096,358,55766.70667,170.7793247,155.7729237
2010-12-17,0.2426558153,4905900,294,795,0.23443294,1190445.164,294,40452.65508,50.3800001,137.5940649
2010-12-18,0.241,4913950,348,879,0.06653564,1184261.95,348,58936.18257,101.5975104,169.3568465
2010-12-19,0.2401,4923150,371,1089,0.11564519,1182048.315,371,67085.94752,14.02748855,180.8246564
2010-12-20,0.267,4931100,769,1460,0.06699317,1316603.7,769,65134.58801,19.77902622,84.70037453
2010-12-21,0.2414360023,4940900,433,1083,0.15,1192911.144,433,72424.32293,51.7735544,167.2617158
2010-12-22,0.25,4948750,516,1237,0.13743052,1237187.5,516,63899.376,42.72,123.836
2010-12-23,0.249970128,4956000,362,1002,0.06,1238851.954,362,43708.75867,49.80595121,120.7424273
2010-12-24,0.248,4963400,379,845,0.07829328,1230923.2,379,43288.52419,47.18951613,114.2177419
2010-12-25,0.2499,4971800,465,1076,0.06743052,1242452.82,465,82187.21489,255.3781513,176.7466987
2010-12-26,0.2649621274,4979050,439,1032,0.09564519,1319259.68,439,51156.60918,150.4705612,116.5298615
2010-12-27,0.2647853887,4987350,378,1151,0.08664517,1320577.408,378,64083.67201,48.71870032,169.5335238
2010-12-28,0.281,4995800,473,1015,0.09339267,1403819.8,473,39218.60142,30.25266904,82.91459075
2010-12-29,0.3,5004050,383,1042,0.14752729,1501215,383,78758.84333,47.58333333,205.6366667
2010-12-30,0.3,5012500,396,1049,0.0806039,1503750,396,42492.12,49.25,107.3033333
2010-12-31,0.3,5020600,382,876,0.02335061,1506180,382,40895.64667,42.66,107.0566667
2011-01-01,0.3,5029650,473,1071,0.08915258,1508895,473,39124.98333,46.72,82.71666667
2011-01-02,0.29997,5038400,418,1097,0.08767732,1511368.848,418,33900.40337,49.36827016,81.10144348
2011-01-03,0.295,5046200,997,1405,0.72825402,1488629,997,59245.45763,0.1684745763,59.42372881
2011-01-04,0.29895,5053250,842,1111,0.03767732,1510669.087,842,34395.39722,0.6623181134,40.84964041
2011-01-05,0.2989163022,5060950,1161,1497,0.08648973,1512800.459,1161,43155.4616,0.3880684966,37.17094023
2011-01-06,0.298,5068000,519,1166,0.09308601,1510264,519,23959.33893,4.808724832,46.16442953
2011-01-07,0.32,5076200,887,1269,0.04352512,1624384,887,47446.18438,13.540625,53.490625
2011-01-08,0.3229,5084700,1219,1439,0.01765433,1641849.63,1219,49001.61041,2.935893465,40.19820378
2011-01-09,0.323,5092850,1065,1390,0.15,1644990.55,1065,33331.53251,4.758513932,31.29721362
2011-01-10,0.32659,5100950,1167,1458,0.05884469,1665919.261,1167,72659.23023,1.14210478,62.26155118
2011-01-11,0.32659,5109550,1188,1564,0.05212907,1668727.934,1188,90986.99899,5.704400012,76.58838299
2011-01-12,0.3187996213,5117900,988,1248,0.28,1631584.582,988,50924.82838,1.072774173,51.54334856
2011-01-13,0.3176,5127300,1102,1700,0.02493887,1628430.48,1102,104606.7254,7.613350126,94.92443325
2011-01-14,0.3999900058,5136350,1080,1622,0.06493887,2054488.667,1080,65455.03542,1.480036979,60.60651428
2011-01-15,0.386,5144200,799,1425,0.10493887,1985661.2,799,48244.28238,42.78238342,60.38082902
2011-01-16,0.38679,5152900,731,1501,0.0862786,1993090.191,731,51732.62752,29.05711109,70.7696683
2011-01-17,0.3495,5161950,655,1356,0.1580748,1804101.525,655,48509.35622,45.8111588,74.06008584
2011-01-18,0.31299,5169000,708,1462,0.05768351,1617845.31,708,96073.91929,14.09629701,135.6976261
2011-01-19,0.31299,5177450,730,1523,0.05,1620490.076,730,47610.11534,27.03600754,65.21933608
2011-01-20,0.39,5186750,749,1474,0.09736667,2022832.5,749,38101.05385,15.3,50.86923077
2011-01-21,0.41991,5195450,976,1931,0.05048576,2181621.41,976,49217.21321,7.718320593,50.42747255
2011-01-22,0.4400355289,5203700,1256,2184,0.46923415,2289812.882,1256,59740.81244,2.281633945,47.56434111
2011-01-23,0.4424,5212200,914,1918,0.35905919,2305877.28,914,67886.81284,31.99819168,74.2744123
2011-01-24,0.4199,5221600,1156,2090,0.24,2192549.84,1156,61896.51822,10.30959752,53.54370088
2011-01-25,0.41,5229400,714,1410,0.11905919,2144054,714,44393.38537,36.13170732,62.17560976
2011-01-26,0.4150851297,5238400,827,1771,0.51,2174381.944,827,53921.29565,37.19237066,65.20108301
2011-01-27,0.4212,5246400,683,1472,0.19,2209783.68,683,829045.5722,35.54843305,1213.829535
2011-01-28,0.4444840444,5254300,961,1790,0.11,2335452.515,961,39978.60266,19.83873237,41.60104335
2011-01-29,0.439,5262350,1156,2012,0.39195608,2310171.65,1156,58426.71526,16.45558087,50.54214123
2011-01-30,0.4771420339,5270150,2612,3365,2.82108788,2514610.09,2612,381293.2231,227.060272,145.9774974
2011-01-31,0.5251368703,5278650,1055,2089,0.78108788,2772013.74,1055,136449.2746,47.28481546,129.3358053
2011-02-01,0.7075101169,5286850,854,1901,0.77,3740499.861,854,90469.59538,41.19658405,105.9362944
2011-02-02,0.7254348217,5294750,727,1491,0.05817975,3840996.022,727,90769.41998,41.49097768,124.854773
2011-02-03,0.6938983676,5302750,641,1273,0.16000999,3679569.569,641,54327.626,40.9152137,84.75448674
2011-02-04,0.8109589714,5312450,714,1505,0.12359852,4308178.987,714,37548.96743,41.17964186,52.58959023
2011-02-05,0.9116714775,5321400,697,1514,0.17826263,4851368.6,697,56265.56963,43.6045231,80.72535098
2011-02-06,0.898,5330250,684,1345,0.10112588,4786564.5,684,59331.28731,45.70489978,86.74164811
2011-02-07,0.88942137,5340400,685,1389,0.31547204,4749865.884,685,119576.3769,45.80730953,174.5640539
2011-02-08,0.918,5348800,711,1472,0.17736992,4910198.4,711,55183.82353,43.73311547,77.61437908
2011-02-09,1.016050245,5358400,1054,2127,0.06551728,5444403.635,1054,108103.3093,43.38368127,102.5648096
2011-02-10,0.9796529632,5367700,1852,3556,0.88294408,5258483.21,1852,208051.3852,51.17934808,112.3387609
2011-02-11,1.054069454,5377000,2163,4302,0.48910687,5667731.452,2163,224992.583,77.58027683,104.0187624
2011-02-12,1.078703284,5386800,1735,3312,0.74186934,5810758.85,1735,115778.3673,47.89268816,66.73104742
2011-02-13,1.05,5396700,1605,3244,0.25,5666535,1605,91857.97143,40.94190476,57.23238095
2011-02-14,1.070012624,5406500,1824,4141,2.73,5785023.253,1824,116705.6436,25.29502866,63.98335725
2011-02-15,1.05,5417750,1956,3347,0.24346193,5688637.5,1956,80931.82857,20.92952381,41.37619048
2011-02-16,1.031687629,5429350,1872,2995,0.59,5601393.228,1872,55875.7965,16.61064795,29.84818189
2011-02-17,1.039923198,5440900,2042,3527,0.13346193,5658118.126,2042,85189.10647,21.60351846,41.71846546
2011-02-18,0.8989559147,5451500,1815,3589,0.52,4900658.169,1815,112226.6102,17.85070851,61.83284307
2011-02-19,0.9440281169,5459550,1436,2904,0.54,5153968.706,1436,152316.4251,42.69999937,106.0699339
2011-02-20,0.865,5469450,1753,3176,0.5,4731074.25,1753,202881.8844,48.03121387,115.734104
2011-02-21,0.8357474284,5479150,1804,3317,0.11,4579185.522,1804,209253.8512,47.36359174,115.9943743
2011-02-22,0.8770417797,5489700,1944,3759,0.25546822,4814696.258,1944,301598.2296,46.26917547,155.1431222
2011-02-23,0.9,5501850,2042,3811,0.40785377,4951665,2042,326236.7267,43.34888889,159.7633333
2011-02-24,0.9890952659,5512200,1886,3644,0.13769472,5452090.925,1886,191848.1713,40.50165983,101.7222541
2011-02-25,0.9146520018,5523450,1847,3465,0.46097152,5052034.599,1847,161945.591,46.27442997,87.68034164
2011-02-26,0.958,5537250,1639,3482,0.50049575,5304685.5,1639,135140.5115,48.77661795,82.45302714
2011-02-27,0.8950331146,5549450,2058,3685,1.09,4966941.518,2058,177659.7619,23.0941176,86.3264149
2011-02-28,0.8602209234,5556950,1549,3029,0.60445377,4780204.66,1549,114405.6873,20.40522327,73.85777103
2011-03-01,0.9210968919,5563450,2697,5342,0.33085377,5124476.503,2697,986883.9717,13.43289735,365.919159
2011-03-02,0.9399,5571850,1758,3528,0.4578,5236981.815,1758,2109824.449,9.360570273,1200.127673
2011-03-03,0.9390733834,5581150,3011,4893,7.0163,5241109.414,3011,211911.0226,14.45254465,70.37895139
2011-03-04,0.9011,5592200,1767,3311,0.7108,5039131.42,1767,271001.4427,13.20386195,153.3681056
2011-03-05,0.9078406067,5606050,1738,3547,2.47320002,5089399.833,1738,109076.7336,39.27010946,62.75991576
2011-03-06,0.8847709731,5619750,1775,3340,5.2014,4972191.676,1775,163562.9495,42.29908206,92.14814057
2011-03-07,0.8775838644,5630300,1719,3410,5.92707488,4941060.432,1719,184913.4249,26.39747714,107.5703461
2011-03-08,0.8660715915,5639650,2270,3893,4.05000002,4884340.651,2270,175496.3348,22.37112981,77.31116072
2011-03-09,0.86,5647650,1653,3353,3.17779297,4856979,1653,219881.6756,42.70581395,133.0197674
2011-03-10,0.9206703098,5653150,1596,2916,3.18833744,5204687.362,1596,317591.1864,16.25228906,198.9919715
2011-03-11,0.88,5659650,1718,3072,5.61222915,4980492,1718,227115.6955,16.68977273,132.1977273
2011-03-12,0.9178155132,5666650,2872,3286,1.53693618,5200939.278,2872,148939.0646,0.5970698819,51.85900578
2011-03-13,0.89249,5672500,2549,2864,1.89539295,5062649.525,2549,193717.6024,0.798888503,75.99749017
2011-03-14,0.8939249229,5678100,2543,2899,1.80522325,5075795.104,2543,199741.8323,0.01000083986,78.54574607
2011-03-15,0.87224,5683700,2725,3265,1.66139999,4957550.488,2725,117386.4418,1.891681189,43.07759332
2011-03-16,0.8512116657,5690500,3202,3221,1.8,4843819.984,3202,156810.0831,0.01013848887,48.97254312
2011-03-17,0.82542,5697550,3073,3133,1.36939294,4702871.721,3073,148244.272,0.06578469143,48.24089554
2011-03-18,0.8019592081,5703550,2631,3336,1.40139999,4574014.441,2631,196810.1225,7.770968819,74.80430351
2011-03-19,0.765,5709300,2901,2955,1.18779295,4367614.5,2901,109183.7804,0.6196078431,37.63660131
2011-03-20,0.7415,5716150,3728,4447,2.5170787,4238525.225,3728,129044.6069,9.677680378,34.61496966
2011-03-21,0.75897,5723550,5783,4824,9.24789295,4344002.743,5783,149845.8147,0.01001357102,25.9114326
2011-03-22,0.8091302928,5729500,2220,3967,11.0502,4635912.013,2220,196744.2838,38.66991544,88.62355128
2011-03-23,0.84971,5737350,4225,6561,16.9935627,4875083.668,4225,229838.8862,22.32526391,54.39973638
2011-03-24,0.8723743659,5744950,2036,4450,8.41023194,5011747.113,2036,230671.7619,20.52559165,113.2965432
2011-03-25,0.88377,5753600,1829,4172,5.1827,5084859.072,1829,258448.6665,35.21051857,141.3059959
2011-03-26,0.8552,5760500,3192,4838,4.4501,4926379.6,3192,310648.9336,17.02993452,97.32109448
2011-03-27,0.822,5767650,2343,4933,6.4002327,4741008.3,2343,138513.4854,9.97080292,59.11800487
2011-03-28,0.7947405003,5776050,2977,5444,4.3,4590460.867,2977,140185.6933,17.94673858,47.08958457
2011-03-29,0.7925099416,5784200,2373,4473,3.48010001,4584036.004,2373,96511.76848,8.233335202,40.67078318
2011-03-30,0.7897063121,5792000,1537,3574,4.0509,4573978.96,1537,107131.7611,17.42546538,69.70186151
2011-03-31,0.78461,5802050,1885,4121,3.91,4552346.451,1885,123854.4054,21.37877417,65.70525484
2011-04-01,0.77411,5810850,1387,3259,3.41,4498237.094,1387,69060.63479,21.08615055,49.79137332
2011-04-02,0.78199,5819850,1622,3350,2.84040002,4551064.502,1622,86583.13533,17.11786596,53.38047801
2011-04-03,0.779,5828600,1617,3571,4.1491133,4540479.4,1617,73068.05777,20.14890886,45.18741977
2011-04-04,0.68,5837500,2190,4753,6.00815472,3969500,2190,146304.8824,38.86764706,66.80588235
2011-04-05,0.7156918346,5847200,1881,4246,5.0305,4184793.295,1881,104117.1792,25.35169346,55.35203573
2011-04-06,0.74,5854600,1701,3806,4.73030001,4332404,1701,78905.71216,16.7472973,46.38783784
2011-04-07,0.7538,5861950,1537,3454,3.0302,4418737.91,1537,100997.9053,17.03900239,65.71106394
2011-04-08,0.74999,5870250,1617,3674,4.2501,4402628.798,1617,117389.2972,20.04960066,72.59696796
2011-04-09,0.7340605172,5878050,1556,3584,4.2,4314844.423,1556,128162.2833,20.16182542,82.366506
2011-04-10,0.7331568206,5886700,1572,3547,5.32368921,4315874.256,1572,77699.79683,12.16792881,49.42735167
2011-04-11,0.7701139334,5894850,1802,4109,4.34709964,4539706.12,1802,78906.56352,15.63405034,43.78832604
2011-04-12,0.8613816078,5903000,1889,4258,4.49552894,5084735.631,1889,119671.385,20.16992218,63.35171253
2011-04-13,0.9303200584,5912700,2220,4764,4.51059999,5500703.41,2220,159653.765,14.76266138,71.91611037
2011-04-14,0.9986297662,5920700,2913,6169,13.70414348,5912587.257,2913,143151.6262,10.14490089,49.14233649
2011-04-15,0.9836731368,5927500,1874,4150,2.529,5830722.518,1874,94948.49713,22.52577525,50.66622045
2011-04-16,1.046632858,5936150,1743,5128,3.69088576,6212969.64,1743,270264.7656,26.82793664,155.0572378
2011-04-17,1.098122098,5945150,2109,4418,2.1526,6528500.59,2109,1195136.128,12.45307787,566.683797
2011-04-18,1.149433312,5952550,2947,5632,3.52510399,6842059.258,2947,124765.7081,3.603514844,42.33651445
2011-04-19,1.185162221,5960250,3399,6311,5.52128213,7063863.127,3399,2491183.336,26.22678942,732.9165448
2011-04-20,1.142125985,5967450,2809,5358,7.10490659,6815579.708,2809,4606546.975,23.51316786,1639.924163
2011-04-21,1.207338872,5974800,1759,4042,3.3737338,7213608.292,1759,386278.416,17.90880796,219.6011461
2011-04-22,1.404505082,5983600,1907,4237,5.31,8403996.608,1907,133751.5673,14.37730647,70.13716168
2011-04-23,1.828852301,5992200,2145,4979,7.16109964,10958848.76,2145,130327.7771,15.13189446,60.75887043
2011-04-24,1.63198422,6000300,2291,4821,4.72222262,9792394.914,2291,107679.445,10.56444039,47.00106721
2011-04-25,1.564483635,6009900,2342,5053,8.9316433,9402390.2,2342,90210.98132,17.32648357,38.51877939
2011-04-26,1.77084089,6019650,3203,6053,4.99050001,10659842.36,3203,157366.2606,23.80959251,49.13089622
2011-04-27,1.903175959,6028800,4394,7488,9.17167893,11473867.22,4394,229683.5981,18.96408991,52.27209789
2011-04-28,2.285744466,6037000,2819,6130,6.6105,13799039.34,2819,123674.9445,10.89404366,43.87192072
2011-04-29,2.85060509,6047000,3432,6915,7.74782689,17237608.98,3432,673485.154,18.18982229,196.236933
2011-04-30,3.5,6056450,4208,8113,10.20307272,21197575,4208,349282.0343,11.03028571,83.00428571
2011-05-01,3.094227553,6065400,3735,7423,11.05184732,18767727.8,3735,162106.8752,10.82628844,43.4021085
2011-05-02,3.2,6075250,2894,5974,4.88371355,19440800,2894,110005.4619,15.4025,38.0115625
2011-05-03,3.360585704,6085050,2776,6123,4.86618089,20449332.04,2776,174826.9557,20.64283018,62.97800998
2011-05-04,3.408673047,6094900,2574,6335,6.34378725,20775521.36,2574,259656.8611,27.97921616,100.8767914
2011-05-05,3.343736684,6105850,3273,7151,9.64085224,20416354.63,3273,151183.5921,20.04942564,46.19113722
2011-05-06,3.455075584,6116750,3112,6956,7.63751661,21133833.58,3112,260834.8379,18.50379201,83.81582195
2011-05-07,3.641262978,6127450,3598,7114,6.4483187,22311656.83,3598,200103.9157,14.6226736,55.61531843
2011-05-08,3.848668377,6138400,2772,6630,7.83657543,23624665.97,2772,494348.7434,9.791698403,178.3364875
2011-05-09,3.804089582,6150350,3240,7510,10.45841447,23396482.36,3240,141815.6509,14.07274956,43.77026261
2011-05-10,5.651667002,6159500,2920,7096,8.10779259,34811442.9,2920,447693.0645,15.17870744,153.3195426
2011-05-11,5.439751044,6169050,2920,7122,8.12130806,33558096.18,2920,172981.4163,19.0696227,59.24021107
2011-05-12,6.334878694,6177500,3196,7283,7.28833412,39133713.13,3196,183961.9529,10.19893247,57.56006036
2011-05-13,8.139034867,6187850,3861,9457,11.61572268,50363126.9,3861,383653.8629,9.587746124,99.36644985
2011-05-14,7.007243829,6199950,4203,9075,14.48995627,43444561.38,4203,1860004.207,12.3563561,442.542043
2011-05-15,6.924924845,6210950,3600,8414,15.04888381,43010361.96,3600,300599.8833,15.36305482,83.49996758
2011-05-16,7.885140745,6223300,4040,11803,14.49397959,49071596.4,4040,246156.8795,14.28991614,60.92992066
2011-05-17,7.257199541,6236149.99,4182,10384,13.66505175,45256984.84,4182,210347.6061,16.31690011,50.29832761
2011-05-18,6.763163362,6250549.99,5368,13150,20.24189126,42273490.69,5368,181103.516,12.06713421,33.73761475
2011-05-19,6.890143632,6259099.99,4422,11783,15.62408138,43126097.94,4422,168829.5957,10.77089303,38.17946534
2011-05-20,5.618096219,6270099.99,4619,11699,17.56237894,35226025.04,4619,367041.4224,26.52037171,79.46339518
2011-05-21,6.084800667,6281099.99,4689,10592,21.06099033,38219241.41,4689,605035.6719,30.66969819,129.0329861
2011-05-22,6.71195604,6293699.99,5058,10846,18.70272222,42243037.66,5058,804070.5225,19.1295949,158.9700519
2011-05-23,7.065256784,6307999.99,5480,12217,18.08992548,44567639.72,5480,428117.8749,14.56422649,78.1236998
2011-05-24,7.402660582,6322949.99,5532,13132,20.94934931,46806652.65,5532,328938.5503,19.37479078,59.46105392
2011-05-25,8.569289637,6338299.99,6094,14760,21.5207418,54314728.42,6094,344650.3121,16.33589316,56.5556797
2011-05-26,8.782155434,6353099.99,6543,14268,20.54668649,55793911.6,6543,376381.9838,16.89847112,57.52437471
2011-05-27,8.528658468,6361449.99,4699,10903,13.83692316,54254634.33,4699,523625.8714,17.22826639,111.4334691
2011-05-28,8.34926912,6369199.99,4831,11552,13.90909051,53178164.79,4831,218758.7282,18.16338626,45.28228694
2011-05-29,8.400953472,6378199.99,4675,11521,14.56634876,53582961.35,4675,260031.8294,18.6164583,55.62178169
2011-05-30,8.779342465,6385899.99,5149,12585,18.24268795,56064002.96,5149,255121.5609,18.55605937,49.54778809
2011-05-31,8.721576422,6393399.99,5927,13982,20.23046184,55760526.61,5927,275342.2966,16.67347656,46.45559248
2011-06-01,9.623777232,6402799.99,6353,14043,23.87662548,61619120.76,6353,250978.3547,17.13370915,39.50548634
2011-06-02,10.70276023,6412299.99,6915,15459,23.45805289,68629309.3,6915,323556.629,14.63454255,46.79054649
2011-06-03,14.26464677,6422399.99,8168,17741,26.17833617,91613267.3,8168,516769.2035,15.57311608,63.26753226
2011-06-04,18.31273873,6433599.99,8717,19728,32.57768915,117816835.7,8717,424504.8688,16.47820157,48.69850509
2011-06-05,16.5433424,6443999.99,8292,17662,23.36344953,106605298.2,8292,575911.915,23.04455719,69.45392125
2011-06-06,18.40209864,6455649.99,9533,21083,29.54350482,118797507.9,9533,778612.2266,17.23982716,81.67546697
2011-06-07,23.23787846,6464149.99,8989,19206,29.78888092,150213131.8,8989,476568.8063,18.13943561,53.01688801
2011-06-08,29.02992133,6473399.99,11468,27266,45.00819876,187922292.4,11468,705937.7037,15.39408237,61.55717681
2011-06-09,28.79054402,6484499.99,12118,26219,42.48121433,186692282.4,12118,784561.4861,18.68075156,64.74347962
2011-06-10,24.04939923,6495649.99,11116,24275,38.20728678,156216479.9,11116,999309.4535,21.98341817,89.89829556
2011-06-11,14.74974663,6508249.99,10625,23839,35.31692116,95995038.34,10625,1882278.096,39.97560195,177.1555855
2011-06-12,18.85014473,6519899.99,12330,27257,45.7289672,122901058.4,12330,1600598.321,19.77502058,129.8133269
2011-06-13,19.54232911,6531249.99,10722,25165,35.08245643,127635836.8,10722,1186741.143,23.12462334,110.6828151
2011-06-14,19.25773551,6543599.99,13971,29777,36.26730066,126014917.9,13971,1538731.851,27.547943,110.13756
2011-06-15,19.46414262,6557549.99,12362,27660,40.07457391,127637088.3,12362,4130163.221,22.44660905,334.1015387
2011-06-16,17.92936254,6566549.99,12478,28666,32.0818861,117734055.4,12478,8730734.828,28.49108544,699.6902411
2011-06-17,15.43636891,6575849.99,11270,26437,31.49572779,101507246.4,11270,1655123.05,20.95687152,146.8609628
2011-06-18,16.87540454,6585699.99,11213,25899,27.53719378,111136351.5,11213,1188051.164,12.14222744,105.9530156
2011-06-19,17.51071679,6596849.99,11419,27866,25.34181596,115515571.9,11419,4455901.373,19.62129844,390.2181779
2011-06-20,17.51071679,6608549.99,10713,25564,20.16885088,115720447.3,10713,1233994.088,20.33508989,115.186604
2011-06-21,17.51071679,6621199.99,9627,25256,18.13743532,115941957.8,9627,3188710.129,15.30765435,331.2257327
2011-06-22,17.51071679,6634199.99,11221,26804,17.60613128,116169597.2,11221,1250215.583,18.68906932,111.4174835
2011-06-23,17.51071679,6646199.99,10114,24185,14.53406958,116379725.8,10114,1529456.065,15.54156824,151.2216794
2011-06-24,17.51071679,6656999.99,10834,25503,16.61449469,116568841.5,10834,4598229.128,20.25325429,424.425801
2011-06-25,17.51071679,6664149.99,9580,22622,23.62483685,116694043.1,9580,10284264.32,13.12995937,1073.514021
2011-06-26,16.36134202,6671599.99,10154,24127,25.76275026,109156329.2,10154,4267929.729,14.38586149,420.3200442
2011-06-27,16.75228581,6680049.99,11360,30134,26.28861007,111906106.7,11360,1790905.452,10.27573204,157.6501278
2011-06-28,16.96183531,6688049.99,10515,25862,19.58238743,113441602.5,10515,6688329.001,12.65611864,636.0750358
2011-06-29,16.85456832,6696649.99,9765,24405,20.00802719,112869144.8,9765,2718395.342,15.87498386,278.3814994
2011-06-30,16.18526278,6706199.99,9348,23228,17.57090546,108541609.1,9348,1477982.306,16.27029499,158.1067935
2011-07-01,15.4203574,6714849.99,10569,30344,18.84183545,103545386.7,10569,1128156.342,9.3835698,106.7420137
2011-07-02,15.38284407,6723299.99,7720,32077,14.42533557,103423475.4,7720,834589.4909,18.47941764,108.107447
2011-07-03,15.45755056,6731549.99,8215,22031,13.27006927,104053274.3,8215,558559.7127,12.92915066,67.99266131
2011-07-04,13.85279681,6740049.99,9601,23834,16.46074622,93368543.02,9601,1432581.974,15.91433145,149.211746
2011-07-05,12.96481771,6746999.99,8938,23645,18.68916213,87473624.99,8938,419797.5308,16.29479138,46.96772553
2011-07-06,14.71478358,6754849.99,10249,26601,17.00323248,99396155.74,10249,521801.224,11.23122192,50.91240355
2011-07-07,14.79728916,6761399.99,8901,22643,13.69918696,100050390.8,8901,449697.1383,12.52803794,50.52209171
2011-07-08,14.2990377,6769649.99,8372,24961,13.39478229,96799480.4,8372,304337.411,12.02948084,36.35181689
2011-07-09,14.38150067,6777099.99,7587,22376,12.77588151,97464868.05,7587,2001007.521,13.96641454,263.7416002
2011-07-10,14.62293755,6783949.99,8541,29298,13.19902988,99201277.05,8541,2470668.419,13.50993939,289.2715629
2011-07-11,14.31015543,6791799.99,10166,25407,14.15022016,97191713.53,10166,988883.1792,10.37347223,97.27357655
2011-07-12,14.02127262,6798849.99,8155,23335,12.55909822,95328529.22,8155,1075408.446,12.21900498,131.8710541
2011-07-13,13.97145452,6808399.99,8874,27138,15.24371017,95123250.83,8874,1378915.414,13.29732704,155.3882594
2011-07-14,13.99797455,6815599.99,8647,28840,13.38272081,95404595.19,8647,1906939.387,13.16697636,220.5319055
2011-07-15,13.80639041,6823699.99,8082,24887,16.79000757,94210666.07,8082,607625.5816,16.0530735,75.18257629
2011-07-16,13.7130793,6831549.99,8548,23706,10.75447917,93681586.75,8548,1206175.48,10.77526038,141.1061628
2011-07-17,13.25813531,6840049.99,8179,24647,12.0536394,90686308.3,8179,556656.1457,12.09272618,68.05919376
2011-07-18,13.63052125,6848549.99,8712,27778,12.94699348,93349306.17,8712,3131214.663,16.89928036,359.4139879
2011-07-19,13.82479484,6855649.99,9031,25356,14.83125787,94777954.6,9031,2656753.856,14.70003731,294.1815808
2011-07-20,13.67833059,6863099.99,8682,25461,10.43802578,93875750.55,8682,536349.6728,14.11064009,61.77720258
2011-07-21,13.61180844,6870699.99,7961,25378,8.86043985,93522652.13,7961,1304822.285,13.90505904,163.901807
2011-07-22,13.69854733,6878249.99,8920,24428,13.87055574,94222033.04,8920,1534142.234,15.02276081,171.9890396
2011-07-23,13.68171834,6885549.99,7194,21547,7.39407406,94206155.6,7194,586279.4277,15.17864897,81.4956113
2011-07-24,13.99251518,6893849.99,8338,23903,11.75044893,96462300.61,8338,543238.3599,14.69985899,65.15211801
2011-07-25,14.03342538,6902099.99,9155,26768,10.69080373,96860105.17,9155,1381721.816,14.60242204,150.9253759
2011-07-26,13.87803232,6910899.99,8044,23317,7.63834995,95909693.44,8044,1140114.653,15.24401983,141.7347902
2011-07-27,13.87822476,6919599.99,7851,23742,9.03092954,96031763.88,7851,1247948.229,20.8006431,158.9540477
2011-07-28,13.49159108,6927349.99,8022,25905,7.55650755,93460973.3,8022,3401664.173,25.03863318,424.0419064
2011-07-29,13.51231639,6935549.99,7111,22490,7.28497624,93715345.8,7111,669403.5085,15.68346935,94.13633927
2011-07-30,13.54028067,6943149.99,5948,19350,5.45750834,94012199.63,5948,310408.4396,19.96398793,52.18702751
2011-07-31,13.3729061,6951899.99,8112,24519,6.93847374,92967105.8,8112,598363.2281,15.66473274,73.76272535
2011-08-01,13.01911385,6960149.99,8296,24432,7.9354235,90614985.11,8296,556034.235,17.00807003,67.02437741
2011-08-02,12.21415644,6967849.99,8336,20824,7.24631224,85106409.82,8336,386892.1869,14.11509676,46.41221052
2011-08-03,9.286356914,6975699.99,7656,18614,8.09375445,64778839.83,7656,463221.3127,22.96562602,60.50435119
2011-08-04,10.76850375,6982149.99,8195,19254,7.8835978,75187308.34,8195,292594.5404,10.03398453,35.70403178
2011-08-05,9.73015396,6989149.99,7557,21833,6.62537998,68005505.45,7557,534491.2403,14.83933354,70.72796616
2011-08-06,6.964169736,6995249.99,6266,19507,23.70311849,48716108.27,6266,406823.0011,16.92936911,64.92547097
2011-08-07,8.501793292,7001549.99,6618,20134,6.64379373,59525730.74,6618,305167.8987,14.37978975,46.11180095
2011-08-08,7.775337638,7008349.99,7254,24672,7.95948352,54492287.46,7254,1045836.77,18.00809258,144.1738034
2011-08-09,9.802499481,7015649.99,9020,23592,11.65018984,68770905.39,9020,2202895.296,12.93894483,244.2234253
2011-08-10,10.05125313,7023249.99,8050,19400,10.68175176,70592463.43,8050,1093221.896,13.82175916,135.8039622
2011-08-11,9.438412995,7030099.99,7476,18286,7.09581985,66352987.1,7476,493677.1831,13.54698084,66.03493621
2011-08-12,9.452993285,7036649.99,7116,17412,6.28972454,66517405.11,7116,336596.9005,13.51857514,47.3014194
2011-08-13,10.00402474,7043149.99,7464,19665,7.37734769,70459846.78,7464,300551.3478,9.806653073,40.26679364
2011-08-14,10.80682077,7049749.99,7262,21211,9.84656947,76185384.59,7262,422063.7959,11.39548834,58.11949819
2011-08-15,11.13069655,7056199.99,8028,18940,9.58395511,78540420.88,8028,314968.5697,6.920591147,39.23375308
2011-08-16,10.99196557,7063549.99,9539,20993,9.75041709,77642298.27,9539,359378.9588,6.696709479,37.67469953
2011-08-17,10.96396406,7070349.99,7579,20652,6.90419579,77519063.15,7579,316221.7468,10.54180764,41.72341296
2011-08-18,10.85847146,7077549.99,7497,20917,6.0709869,76851374.54,7497,406404.9564,12.80355164,54.20901113
2011-08-19,11.67047304,7084099.99,7369,21995,7.73290399,82674797.97,7369,518366.9845,10.46907007,70.34427799
2011-08-20,11.45973174,7091699.99,6944,21238,5.39711589,81268979.46,6944,218703.5516,12.50666274,31.49532713
2011-08-21,11.35448134,7099699.99,7412,22424,5.42676264,80613411.06,7412,235391.1979,10.28739196,31.75812168
2011-08-22,10.92089582,7108149.99,7743,25255,7.58704791,77627365.55,7743,275241.0705,14.93549637,35.54708389
2011-08-23,10.91724505,7115899.99,7054,22523,6.96246633,77686023.97,7054,426529.6584,14.04053855,60.46635362
2011-08-24,10.87044429,7122599.99,7367,22638,8.8183626,77425826.39,7367,560972.427,13.06791114,76.14665766
2011-08-25,9.546093674,7129349.99,7035,23091,5.96864237,68057442.84,7035,389906.5903,15.03787883,55.42382236
2011-08-26,8.126920163,7136699.99,7313,21283,4.69004676,57999391.05,7313,300257.0748,18.15817026,41.05798917
2011-08-27,8.596497607,7142799.99,6289,21244,5.14345046,61403063.02,6289,2608803.611,17.22364232,414.8201004
2011-08-28,9.0308664,7148599.99,5376,18378,4.31843854,64558051.46,5376,172531.0183,15.13930048,32.09282334
2011-08-29,8.961157271,7155499.99,8146,18823,5.5127049,64121560.76,8146,240265.0576,10.07526118,29.49485117
2011-08-30,8.809948738,7162799.99,7537,17324,9.8799633,63103900.73,7537,230606.1656,13.1463875,30.59654579
2011-08-31,8.199151764,7170549.99,7143,17149,5.82417001,58792427.6,7143,268093.1982,18.74401211,37.5322971
2011-09-01,8.234281665,7176999.99,6926,16589,5.50330151,59097439.43,6926,315041.4731,17.5804042,45.48678503
2011-09-02,8.621424438,7184799.99,7037,16363,6.85966214,61943210.21,7037,248511.162,16.37989186,35.31492994
2011-09-03,8.449653441,7192049.99,5738,14319,3.78630354,60770329.94,5738,219589.0245,18.91497694,38.26926184
2011-09-04,8.203470602,7198749.99,7113,17822,10.09660248,59054733.92,7113,1728074.578,11.15576619,242.945955
2011-09-05,7.597332525,7206549.99,6841,18193,6.94492577,54750556.63,6841,2278132.482,19.25346818,333.0116184
2011-09-06,6.846530029,7214099.99,7852,18872,6.63597124,49391552.21,7852,3337357.742,26.38270763,425.0328251
2011-09-07,7.162970274,7220899.99,6814,16855,8.10697566,51723091.98,6814,593186.7035,14.72727039,87.0541097
2011-09-08,6.67818,7227349.99,6407,15832,4.56678507,48265544.16,6407,393693.6858,15.98159978,61.44743029
2011-09-09,4.986777042,7235049.99,7096,18354,7.76884921,36079581.19,7096,446545.76,23.06840652,62.92922209
2011-09-10,4.742846655,7241699.99,5933,16167,5.33416102,34346272.58,5933,271037.9098,17.79395501,45.68311307
2011-09-11,5.852903973,7247949.99,6463,15739,5.22516294,42421555.29,6463,924025.4004,13.63152383,142.9715922
2011-09-12,6.090629472,7254599.99,6154,15899,5.12234141,44185080.51,6154,573287.4002,15.7510813,93.15687362
2011-09-13,5.802523277,7261699.99,6434,14959,4.20222359,42136183.22,6434,354182.9332,18.37890085,55.04863742
2011-09-14,5.59743261,7268999.99,6165,15192,3.89359069,40687737.59,6165,300061.5143,21.80053044,48.67177847
2011-09-15,4.867755185,7276799.99,6240,15482,7.25705885,35421680.88,6240,301775.8339,21.49758894,48.36151184
2011-09-16,4.831168101,7282749.99,6142,14476,4.95936812,35184189.44,6142,661281.3368,20.01544926,107.6654733
2011-09-17,4.775285635,7289449.99,5264,12903,5.21074605,34809205.83,5264,336777.74,21.46175283,63.97753419
2011-09-18,5.236732278,7297349.99,5862,14196,5.4143908,38214268.24,5862,270997.8721,19.00192615,46.22959264
2011-09-19,5.520376692,7303699.99,6676,16499,5.88476262,40319175.19,6676,318236.023,12.45712092,47.66866732
2011-09-20,6.146665552,7310699.99,7890,21500,6.5208347,44936427.79,7890,316033.066,6.590402497,40.05488796
2011-09-21,5.597067498,7317999.99,7670,18297,5.26628176,40959339.89,7670,407190.2779,10.49603208,53.08869334
2011-09-22,5.475048777,7325399.99,5935,17486,3.79354479,40106922.25,5935,296832.993,15.16589228,50.01398365
2011-09-23,5.56342142,7332049.99,6139,19216,4.10038145,40791283.96,6139,323872.5484,21.63902227,52.75656433
2011-09-24,5.457889687,7338499.99,5621,19656,6.81584932,40052723.42,5621,223405.7947,21.05923838,39.74484873
2011-09-25,5.341154881,7345349.99,5654,19723,3.3184642,39232651.95,5654,287703.0848,14.84435516,50.88487528
2011-09-26,4.873826081,7352049.99,5459,17623,2.92490596,35832612.99,5459,282097.2269,16.64913738,51.67562318
2011-09-27,4.911157793,7358699.99,5979,18461,4.70787361,36139736.8,5979,413444.7317,19.92462962,69.14947846
2011-09-28,4.763415321,7366049.99,5885,13766,4.39503342,35087555.38,5885,348504.1956,15.25334137,59.21906468
2011-09-29,4.777660978,7372299.99,5263,12324,3.30341206,35222349.98,5263,308555.0795,20.53347871,58.62722392
2011-09-30,5.14368591,7378399.99,5835,13620,3.81667071,37952172.07,5835,274054.151,18.8277437,46.96729237
2011-10-01,5.034070545,7385549.99,5316,13286,3.57949369,37179379.66,5316,412853.3181,18.98423933,77.66239995
2011-10-02,5.007062597,7391599.99,4957,11856,3.18605542,37010203.84,4957,312706.8565,20.49704752,63.08389278
2011-10-03,5.02284486,7398849.99,6407,14031,9.07285772,37163275.64,6407,394607.1109,14.50711739,61.58999702
2011-10-04,4.956805621,7404449.99,5442,13371,3.56885208,36702419.33,5442,390380.2767,22.07994591,71.73470723
2011-10-05,4.885067131,7411699.99,5644,13475,3.88064901,36206652.01,5644,393892.6398,22.61975057,69.78962435
2011-10-06,4.730166296,7418099.99,5792,14660,8.35296635,35088846.55,5792,526106.946,20.623165,90.83338156
2011-10-07,4.276035757,7424999.99,5604,13622,4.06618831,31749565.45,5604,391744.6325,26.08958539,69.90446689
2011-10-08,3.981252994,7430949.99,5240,12331,3.35053522,29584491.9,5240,280949.3397,22.2429974,53.61628621
2011-10-09,4.111634643,7437299.99,5430,12398,2.90128569,30579460.29,5430,292185.5793,20.72144229,53.80949894
2011-10-10,4.074962484,7443449.99,5729,13498,3.41794749,30331779.46,5729,304816.5358,17.00334672,53.20588861
2011-10-11,4.008924496,7448099.99,5979,13852,5.40075173,29858870.5,5979,330042.84,14.45998797,55.2003412
2011-10-12,4.166235342,7454099.99,5692,13370,4.79396967,31055534.82,5692,293005.3124,17.72583494,51.47668875
2011-10-13,4.03698109,7458949.99,4818,11340,3.76815092,30111640.06,4818,294683.4839,16.06968142,61.16303111
2011-10-14,3.986280885,7465899.99,5973,14662,3.37394904,29761174.42,5973,266674.3093,20.74791074,44.64662805
2011-10-15,3.83733856,7472599.99,5443,13000,3.35847983,28674896.09,5443,374572.1683,20.21974313,68.81722731
2011-10-16,3.609741717,7478549.99,4839,11949,3.21302504,26995633.88,4839,254274.8017,20.99817825,52.54697286
2011-10-17,2.581246722,7484449.99,5701,14480,4.47937142,19319212,5701,561063.0401,23.62966681,98.41484654
2011-10-18,2.422274738,7490449.99,4919,12586,2.92512318,18143927.79,4919,349859.2231,20.48817965,71.1240543
2011-10-19,2.217254713,7497099.99,4832,12283,3.10009553,16622980.29,4832,300630.5032,18.64242288,62.21657764
2011-10-20,2.356123508,7502849.99,4532,11014,5.945581,17677641.24,4532,278441.7938,19.15264622,61.43905423
2011-10-21,2.570092305,7508899.99,5090,11937,2.67537394,19298566.08,5090,525627.6,19.85648527,103.266719
2011-10-22,3.155486139,7513799.99,5333,12833,2.94977161,23709691.72,5333,533523.7422,19.84955638,100.0419543
2011-10-23,3.14775093,7519199.99,5480,13144,3.0957275,23668568.76,5480,548375.878,19.26899598,100.0685909
2011-10-24,2.522935998,7525549.99,5530,13637,3.48695513,18986480.97,5530,380867.3153,24.72753968,68.87293223
2011-10-25,2.801923831,7531999.99,5078,12817,2.67374565,21104090.27,5078,344276.7363,18.70536216,67.7977031
2011-10-26,2.777505239,7537849.99,5276,12848,3.13778863,20936417.84,5276,422166.583,17.33678098,80.01641073
2011-10-27,3.045407828,7542849.99,4644,11685,2.84283905,22971054.4,4644,477017.5104,17.91746889,102.7169488
2011-10-28,3.179639437,7548099.99,4754,11948,2.80157683,24000236.4,4754,407704.7174,19.59781958,85.76035284
2011-10-29,3.569188969,7553749.99,5685,13153,3.6562157,26960761.14,5685,416907.1288,18.91494135,73.3345873
2011-10-30,3.257403723,7559299.99,4627,10844,3.08731724,24623691.93,4627,202344.0157,16.22826168,43.73114668
2011-10-31,3.265098213,7565849.99,5106,12167,3.17315967,24703243.28,5106,376861.5073,14.42314961,73.80758075
2011-11-01,3.171007743,7573349.99,5704,12935,5.06672556,24015151.46,5704,530927.5992,19.11253611,93.07987364
2011-11-02,3.255800567,7581049.99,5890,13426,3.22121713,24682386.85,5890,388047.417,19.67073802,65.88241374
2011-11-03,3.168316385,7587299.99,6266,13257,2.89339695,24038966.88,6266,353807.7426,17.95022753,56.46468921
2011-11-04,3.120118172,7594649.99,6180,15306,3.09651899,23696205.44,6180,373780.7659,19.61944921,60.48232458
2011-11-05,2.977817598,7601949.99,5646,13380,3.7509394,22637220.46,5646,276756.2669,19.88738331,49.01811317
2011-11-06,2.962720577,7609149.99,4891,11361,2.20723719,22543785.25,4891,216298.9983,20.02551319,44.22388025
2011-11-07,3.017757687,7615749.99,5502,13062,3.52656792,22982488.08,5502,259934.7666,19.76997698,47.24368713
2011-11-08,3.056567111,7623199.99,5819,13485,4.09145684,23300822.37,5819,1068229.955,20.11472275,183.5762081
2011-11-09,2.919567224,7631249.99,6543,14843,3.36284143,22279947.35,6543,1016442.123,17.45703938,155.3480243
2011-11-10,2.856702085,7638299.99,6214,13935,3.28109673,21820347.51,6214,343089.0309,15.91275486,55.2122676
2011-11-11,3.067861733,7644249.99,5070,12393,2.16627619,23451502.03,5070,287631.3526,19.29617602,56.73202221
2011-11-12,3.025522996,7651399.99,4677,11482,2.34344029,23149486.62,4677,238960.3434,21.65840421,51.09265413
2011-11-13,2.986373303,7658599.99,5577,13104,2.89395222,22871438.55,5577,254326.8446,14.58424503,45.6028052
2011-11-14,2.224224464,7665749.99,5407,13220,2.71019744,17050348.67,5407,375437.4135,23.47694706,69.43543805
2011-11-15,2.322384116,7673999.99,6239,14691,3.09375572,17821975.68,6239,352418.3323,20.54698862,56.48634914
2011-11-16,2.546780931,7680749.99,5878,13106,3.5893076,19561187.61,5878,1890099.962,19.80186022,321.5549442
2011-11-17,2.279095836,7687699.99,4882,12268,3.04744897,17521005.03,4882,3405903.288,29.58015145,697.6450815
2011-11-18,2.105066003,7694349.99,4941,12265,3.21931668,16197114.58,4941,4964317.026,20.51384609,1004.71909
2011-11-19,2.203456722,7700499.99,4587,10174,3.14377243,16967718.46,4587,3826218.104,20.3126295,834.1439075
2011-11-20,2.20198951,7707649.99,4893,11013,4.09467568,16972164.42,4893,1462553.999,20.04505462,298.9074185
2011-11-21,2.279879165,7713549.99,4856,10444,2.58214243,17585961.91,4856,1694637.868,21.42876725,348.9781441
2011-11-22,2.322458596,7720549.99,5267,11489,2.94898789,17930657.69,5267,3419925.769,20.19713078,649.3118984
2011-11-23,2.330323568,7727249.99,5386,11364,3.5297893,18006992.76,5386,1504043.144,16.58181745,279.2504908
2011-11-24,2.438879,7732899.99,4934,10972,3.93691281,18859607.4,4934,1449880.998,17.15378253,293.8550867
2011-11-25,2.496161003,7739649.99,5280,11514,4.39227399,19319412.48,5280,1031122.142,19.15381257,195.2882845
2011-11-26,2.471799969,7745649.99,4570,10255,2.73075646,19145697.41,4570,1533776.919,21.8860752,335.6185818
2011-11-27,2.477564951,7751349.99,4979,10815,2.5539407,19204473.06,4979,1764002.903,18.03262513,354.2885927
2011-11-28,2.541240252,7757699.99,5801,12645,3.07555433,19714179.48,5801,3880664.172,15.95480788,668.964691
2011-11-29,2.757698483,7764599.99,6412,14735,5.03436591,21412425.61,6412,3785307.228,12.14889888,590.3473531
2011-11-30,2.966041546,7772699.99,6603,15161,2.9756703,23054151.09,6603,6106465.038,15.3804319,924.801611
2011-12-01,3.08258945,7781799.99,6330,14223,4.53891441,23988094.55,6330,2069896.139,15.57651474,326.9978102
2011-12-02,3.100402333,7789099.99,5890,12915,4.53895389,24149343.78,5890,5089439.468,16.87168128,864.0814037
2011-12-03,2.803856185,7796699.99,5707,13099,4.64832001,21860825.49,5707,3734979.367,17.96561474,654.4558204
2011-12-04,2.819693976,7803499.99,5085,11618,2.850854,22003481.91,5085,2770002.726,14.46930069,544.7399658
2011-12-05,2.874796227,7811399.99,6176,13358,3.1576801,22456183.22,6176,2910981.975,11.78066107,471.337755
2011-12-06,3.025360451,7819949.99,7805,15120,4.11239046,23658167.43,7805,6588957.025,7.396804566,844.1969283
2011-12-07,2.985502421,7826849.99,6097,13108,3.88469248,23367079.59,6097,5611972.002,16.58012388,920.4480896
2011-12-08,2.991880483,7835049.99,5588,14099,2.79302224,23441533.15,5588,4392881.358,17.91448566,786.127659
2011-12-09,2.955791952,7842399.99,5426,11646,2.98004826,23180502.78,5426,1962382.365,20.28525721,361.6628022
2011-12-10,3.068975267,7849599.99,5555,11990,2.88171492,24090228.23,5555,1076567.314,24.48406828,193.8014967
2011-12-11,3.249268847,7857199.99,5047,11902,220.2689188,25530155.15,5047,802998.3996,19.42313886,159.1041014
2011-12-12,3.187335357,7863549.99,4898,11460,177.2509044,25063770.91,4898,741926.6658,20.0355447,151.475432
2011-12-13,3.241088409,7870149.99,5080,11933,4.29630975,25507851.91,5080,323883.8772,17.51109283,63.75666873
2011-12-14,3.155086504,7877799.99,5553,12005,3.60771474,24855140.43,5553,421592.2654,21.39719463,75.92153168
2011-12-15,3.203138541,7883399.99,5030,10405,7.89071743,25251622.34,5030,459825.4435,19.80057971,91.41658916
2011-12-16,3.209137777,7889299.99,4943,10534,2.68758378,25317850.63,4943,456182.8075,20.3590511,92.28865214
2011-12-17,3.192541704,7896799.99,4591,9958,3.49735366,25210863.3,4591,328973.0291,17.79334626,71.65607256
2011-12-18,3.194010809,7903999.99,4600,9955,3.21175952,25245461.4,4600,322740.611,15.72411711,70.16100239
2011-12-19,3.525773919,7911949.99,5606,12637,4.14417376,27895746.93,5606,435998.5941,17.95350509,77.77356299
2011-12-20,3.952550827,7918649.99,6292,13868,5.88158532,31298866.57,6292,496412.9155,18.91031976,78.89588613
2011-12-21,3.888993251,7926099.99,5393,11719,4.28248176,30824549.37,5393,555694.9078,17.12679753,103.0400348
2011-12-22,3.903060421,7933499.99,5723,12176,3.48331211,30964929.81,5723,418876.6455,16.94849499,73.19179547
2011-12-23,3.937965076,7940599.99,5356,11732,2.54099651,31269805.44,5356,248199.35,12.45770317,46.34043128
2011-12-24,3.939419119,7947849.99,4523,10318,2.26243962,31309912.2,4523,298346.1674,13.32861481,65.96200916
2011-12-25,4.233866878,7956549.99,5138,11829,2.95722873,33686973.46,5138,279234.9306,13.5632512,54.34700869
2011-12-26,3.999121964,7965399.99,5538,12271,3.20939154,31854606.05,5538,704075.886,15.18383299,127.1354074
2011-12-27,4.095518546,7972649.99,4989,11605,3.10599914,32652135.89,4989,630971.949,13.8646668,126.4726296
2011-12-28,4.207295876,7980399.99,4967,11047,3.59361524,33575903.97,4967,268651.2953,17.63555552,54.08723482
2011-12-29,4.173352227,7987299.99,4968,11125,3.66615096,33333816.2,4968,479728.0659,15.03419711,96.56362035
2011-12-30,4.31063509,7994399.99,4892,10437,3.25513587,34460941.12,4892,263020.3143,15.62507579,53.76539539
2011-12-31,4.714306331,8001949.99,5027,10983,4.10688148,37723643.5,5027,244839.7259,14.54466366,48.70493851
2012-01-01,5.294842777,8009599.99,4831,11474,3.44370788,42409572.66,4831,309023.4749,14.5847579,63.96677187
2012-01-02,5.204877892,8017149.99,5390,12094,5.54740864,41728286.74,5390,255805.7706,12.44121406,47.45932664
2012-01-03,4.870508829,8025099.99,5517,12934,5.46500094,39086320.35,5517,260309.4967,14.11105131,47.18316054
2012-01-04,5.585706267,8032549.99,5778,12763,14.19312876,44867464.82,5778,370935.8672,14.21915085,64.1979694
2012-01-05,6.874000877,8039899.99,6717,15378,5.9533829,55266279.58,6717,597573.5195,13.04815079,88.9643471
2012-01-06,6.68331664,8048449.99,6362,14524,6.13445621,53790339.74,6362,590742.2091,17.55759996,92.85479552
2012-01-07,6.796227981,8057649.99,5955,13829,4.66858558,54761626.32,5955,310755.4037,15.30643179,52.18394689
2012-01-08,7.096650566,8065799.99,6116,14549,3.59259715,57240164.07,6116,327442.3051,13.94587476,53.5386372
2012-01-09,6.288538342,8073999.99,6016,15286,6.52666106,50773658.51,6016,462622.1741,15.02686234,76.89863267
2012-01-10,6.528474555,8081049.99,6309,15541,4.76118333,52756929.24,6309,354560.7072,10.73818997,56.19919277
2012-01-11,6.889127721,8088699.99,7085,16961,5.68863139,55724087.33,7085,369950.6756,10.5911812,52.21604455
2012-01-12,6.773564196,8096449.99,6662,14087,41.32223565,54841823.77,6662,358098.1622,10.52119651,53.75235097
2012-01-13,6.45436889,8103449.99,6554,14317,12.63861056,52302655.52,6554,394476.6659,11.24029339,60.18868872
2012-01-14,6.761727143,8110949.99,6794,14683,10.17800219,54844030.7,6794,328470.2995,10.57392564,48.34711504
2012-01-15,7.046922558,8117899.99,6017,13421,23.02838049,57206212.56,6017,250017.764,9.246305669,41.55189696
2012-01-16,6.715607667,8126649.99,6812,14860,29.07327978,54575392.98,6812,425860.0785,10.23019858,62.5161595
2012-01-17,5.59962195,8134499.99,6829,14887,7.80493651,45550124.7,6829,481226.9969,13.8018246,70.46815008
2012-01-18,5.900231288,8140899.973,6399,14263,10.68730143,48033192.73,6399,347398.9372,15.78497443,54.28956669
2012-01-19,6.315706342,8148399.877,6720,15211,27.54301178,51462900.78,6720,374596.7707,14.39221444,55.74356706
2012-01-20,6.501491988,8155649.472,6576,14105,24.66002642,53023889.7,6576,342207.3093,13.4633712,52.03882441
2012-01-21,6.180568326,8163849.047,6164,13487,4.87582481,50457226.84,6164,297061.523,15.38434574,48.19297908
2012-01-22,6.302967227,8170648.842,5238,11492,3.04349878,51499331.87,5238,263167.8624,15.83333633,50.24205086
2012-01-23,6.374876077,8179148.674,6092,13508,5.10163199,52141059.21,6092,278358.686,14.53565511,45.69249605
2012-01-24,6.274476476,8186097.563,7218,15215,10.80555719,51363476.59,7218,378013.1791,12.46860998,52.37090318
2012-01-25,5.810465072,8193497.344,7866,16707,10.12035195,47608030.14,7866,425225.4794,12.27939573,54.05866761
2012-01-26,5.367226954,8200396.519,6181,13823,5.37378791,44013389.23,6181,402951.453,13.98338483,65.19195163
2012-01-27,5.303137197,8207445.151,6122,14379,22.86543825,43525207.67,6122,342629.1896,13.31985151,55.96687187
2012-01-28,5.659796775,8214692.901,5899,13257,9.12996959,46493492.39,5899,238256.2411,12.43913921,40.38925938
2012-01-29,5.391429457,8223041.751,6203,14267,220.8132767,44333949.53,6203,337813.9439,11.34411578,54.45976848
2012-01-30,5.503481939,8231641.411,5881,13370,28.71874725,45302689.83,5881,306777.946,17.91593051,52.1642486
2012-01-31,5.538220296,8239141.344,6933,15858,8.27920867,45630179.81,6933,335024.0859,15.95945905,48.32310484
2012-02-01,6.075232652,8246191.106,6378,15161,3.82532168,50097529.47,6378,401493.1101,13.76111909,62.949688
2012-02-02,6.099572913,8254140.943,6870,15694,11.40708454,50346734.52,6870,352673.0544,11.75065878,51.33523354
2012-02-03,5.951610928,8262040.785,7006,17088,7.29918464,49172452.22,7006,380521.7699,16.76151234,54.31369825
2012-02-04,5.895413239,8269890.758,7073,16038,8.44644152,48754423.46,7073,351368.4882,13.0565911,49.67743365
2012-02-05,5.678115717,8276990.758,6565,14720,4.23219624,46997711.32,6565,334506.4102,12.66899154,50.95299469
2012-02-06,5.482664058,8284290.758,6074,14174,4.45452233,45419983.19,6074,318548.3636,13.18045374,52.44457748
2012-02-07,5.6620277,8291140.756,6793,14474,6.39865213,46944668.63,6793,300471.8041,11.65889739,44.23256354
2012-02-08,5.61852819,8298390.756,6984,14819,5.13418159,46624742.39,6984,302093.62,12.75974732,43.25510023
2012-02-09,5.835699854,8305640.756,7258,14871,7.36132278,48469226.55,7258,255659.9067,9.783402407,35.22456691
2012-02-10,5.937834155,8312540.723,8496,16819,4.25715444,49358488.23,8496,314322.1476,6.902853621,36.9964863
2012-02-11,5.612132853,8320040.618,7447,14944,3.96508926,46693173.3,7447,448001.0206,8.632725074,60.15859012
2012-02-12,5.519097169,8327940.59,6790,14056,3.79608105,45962713.34,6790,310434.9584,10.43902621,45.71943422
2012-02-13,5.348354559,8334790.576,8028,16556,5.49599454,44577415.18,8028,427049.8791,10.36393519,53.19505221
2012-02-14,4.483654092,8341690.576,9476,18756,15.76436781,37401255.08,9476,1457391.894,9.482890323,153.7982159
2012-02-15,4.325520322,8348390.568,9392,18243,6.73177141,36111133.06,9392,1367293.334,5.597014509,145.5806361
2012-02-16,4.255239045,8355290.436,9040,17722,8.85362396,35553758.09,9040,1528215.908,5.230258457,169.0504323
2012-02-17,4.391538373,8362890.417,6532,14218,3.70399153,36725954.18,6532,923149.5353,17.10106883,141.3272405
2012-02-18,4.270081278,8371440.417,6283,14337,3.21621826,35746730.99,6283,677107.6401,15.6971251,107.7682063
2012-02-19,4.389551458,8379340.417,5764,13197,2.64479077,36781545.95,5764,368252.1869,12.16798584,63.88830446
2012-02-20,4.365135939,8386340.417,6430,14828,4.35283223,36607515.95,6430,435245.1508,11.46974589,67.68975907
2012-02-21,4.315115602,8392790.417,6091,14362,3.19851658,36215860.87,6091,368743.3547,14.93494171,60.53905019
2012-02-22,4.419310288,8400740.417,6992,16120,3.433529,37125478.55,6992,745458.7783,15.74272804,106.615958
2012-02-23,5.039515118,8409040.417,8044,18129,5.20704941,42377486.31,8044,644822.1529,9.996199797,80.16187878
2012-02-24,5.025608759,8416490.417,6744,16256,4.30575197,42297987.96,6744,559288.328,14.39944959,82.93124674
2012-02-25,4.772567381,8424740.417,6029,14844,3.04870838,40207641.31,6029,406363.3904,16.83203056,67.40145802
2012-02-26,4.926420852,8432240.411,5600,13193,3.38428201,41540764.98,5600,321498.4768,15.19094739,57.41044229
2012-02-27,4.952515756,8439940.411,6752,15336,6.04736552,41798937.87,6752,369307.6622,13.78047105,54.69604002
2012-02-28,4.857257776,8447940.411,6473,16054,3.49948471,41033824.25,6473,360742.9875,15.72265742,55.73041673
2012-02-29,4.872748756,8456890.411,6632,15562,3.65116503,41208302.23,6632,324621.3584,14.54579408,48.94773196
2012-03-01,4.922072124,8464440.411,6661,16097,6.45537862,41662586.19,6661,639291.0014,15.45121609,95.97522916
2012-03-02,4.714823587,8471140.411,7501,17925,4.6708826,39939932.62,7501,561113.2939,15.17596548,74.80513183
2012-03-03,4.628193252,8476790.389,5223,12413,3.34281104,39232224.08,5223,387257.7678,14.90235957,74.14469995
2012-03-04,4.834144482,8483640.38,6202,14600,3.78266746,41011143.33,6202,623206.6765,14.07612045,100.4847914
2012-03-05,4.982392904,8490890.38,6857,16264,5.42830118,42304951.98,6857,361411.9227,12.55661711,52.70700346
2012-03-06,4.987841352,8497740.328,6299,15360,4.65375738,42385380.61,6299,351468.3542,13.24380535,55.79748439
2012-03-07,4.949112885,8505440.328,6466,15193,4.0211343,42094384.32,6466,365606.1367,14.79537883,56.54286061
2012-03-08,4.934979495,8513240.328,6386,15555,4.08147223,42012666.46,6386,500765.4144,14.81039588,78.41613129
2012-03-09,4.872297847,8521640.328,6419,15970,4.1819111,41519969.83,6419,584940.4109,15.47627061,91.12640768
2012-03-10,4.841423805,8529890.328,5208,13042,4.39026369,41296814.09,5208,373443.6267,14.01653785,71.70576549
2012-03-11,4.892028752,8536590.328,4897,12053,2.76833951,41761245.33,4897,396500.5123,12.96169815,80.96804416
2012-03-12,4.910839379,8544890.328,6280,15290,3.929744,41962583.92,6280,610053.347,16.69673831,97.14225271
2012-03-13,5.290880279,8552890.328,7170,16216,11.4625264,45252318.76,7170,490167.5229,13.28228882,68.36367125
2012-03-14,5.390543292,8559740.328,6742,16391,5.1367538,46141650.81,6742,584806.4266,16.29798617,86.74079302
2012-03-15,5.340820899,8565790.328,6188,14920,3.48120577,45748352,6188,481077.8097,13.79900232,77.74366672
2012-03-16,5.339574791,8573440.328,6631,16092,8.73077121,45778525.85,6631,479396.1431,15.46696193,72.29620617
2012-03-17,5.236003554,8581940.328,6872,16492,3.64763934,44935070.06,6872,463262.5198,10.31550102,67.41305585
2012-03-18,5.270148985,8589940.328,5888,13966,3.26727292,45270265.3,5888,360620.3083,11.90516628,61.24665562
2012-03-19,4.678672553,8597090.328,6620,15579,4.26657468,40222970.55,6620,478106.684,14.70609435,72.22155348
2012-03-20,4.830830216,8605090.328,6384,15537,4.67126807,41569730.37,6384,455107.5814,14.9129646,71.28878155
2012-03-21,4.817229525,8612990.328,6818,16079,3.35420326,41490751.31,6818,495139.8495,16.21346867,72.62244786
2012-03-22,4.729608505,8620890.328,6463,15782,3.37842732,40773436.22,6463,742874.709,16.2768229,114.942706
2012-03-23,4.691643177,8627190.328,6013,14184,4.28174433,40475698.64,6013,875728.3059,13.65981972,145.6391661
2012-03-24,4.651986266,8636390.328,6176,13792,14.88836508,40176369.19,6176,791776.9549,16.10236912,128.2022272
2012-03-25,4.552270262,8644240.328,6055,14501,6.98000255,39350918.19,6055,410994.6383,13.31489488,67.87690146
2012-03-26,4.63272236,8651790.328,6660,16361,3.5272506,40081342.5,6660,525436.9183,13.31981397,78.89443218
2012-03-27,4.811340735,8659590.328,6410,15179,4.29409007,41664239.7,6410,534867.3585,13.31333687,83.44264563
2012-03-28,4.790589392,8667090.328,6895,15846,4.70500298,41520470.98,6895,653210.079,14.3322657,94.73677723
2012-03-29,4.794066572,8674140.328,7638,17441,4.674722,41584406.19,7638,1215594.559,15.70524707,159.150898
2012-03-30,4.861409357,8681840.328,6632,15053,4.2526487,42205979.8,6632,947302.9943,19.20369036,142.8382078
2012-03-31,4.889776873,8690340.328,6047,14120,4.67044821,42493825.16,6047,852711.663,17.19485412,141.0140008
2012-04-01,4.793325677,8697440.328,5424,12842,3.79019858,41689664.05,5424,607962.7224,15.56059509,112.0875226
2012-04-02,4.983045479,8703240.328,6396,14925,4.23804944,43368642.37,6396,674523.4741,12.49296244,105.4602055
2012-04-03,4.956233193,8709890.328,7548,18598,4.97549642,43168247.55,7548,798324.875,14.05805524,105.7664116
2012-04-04,4.917842178,8716740.328,7076,16652,4.92289303,42867553.24,7076,755511.7008,14.19952033,106.7710148
2012-04-05,4.920849245,8722590.328,6897,16870,5.08743188,42922552.03,6897,920243.0025,13.98295225,133.4265626
2012-04-06,4.949107432,8729390.328,6593,15543,4.55230007,43202690.55,6593,574191.3422,15.62786847,87.09105751
2012-04-07,4.70971191,8735840.328,5828,14271,3.83199687,41143291.24,5828,334433.818,13.23138255,57.38397701
2012-04-08,4.778818849,8743340.328,5697,13664,3.7446752,41782839.57,5697,1199288.398,12.19066925,210.5122692
2012-04-09,4.852547381,8750640.328,6533,15395,4.12337,42462896.81,6533,1607486.004,14.3998594,246.0563301
2012-04-10,4.841417594,8757990.328,8345,17407,6.76317783,42401088.46,8345,812914.9115,8.076353515,97.41341061
2012-04-11,4.915250717,8765040.328,7994,18806,5.99264429,43082370.76,7994,1527413.654,12.85285403,191.0700093
2012-04-12,4.901158147,8771390.328,7840,18394,5.52846468,42989971.17,7840,1215515.905,15.44879755,155.040294
2012-04-13,4.934406733,8777540.328,7186,16330,4.58348946,43311954.1,7186,845249.4752,18.26480971,117.6244747
2012-04-14,4.956364661,8784490.328,7885,17049,5.9034423,43539137.43,7885,971695.8859,12.043908,123.2334668
2012-04-15,4.961600338,8789840.328,7082,16157,3.43233416,43611674.75,7082,1223496.205,9.815784561,172.7613958
2012-04-16,4.950764569,8797340.328,8371,18862,5.89421381,43553560.8,8371,1573466.069,14.6686434,187.9663206
2012-04-17,4.968744508,8804090.328,7776,18828,6.81279204,43745275.46,7776,1128265.004,18.81400822,145.0958082
2012-04-18,5.124377443,8810590.328,8396,19340,6.1545368,45148790.34,8396,995878.3826,14.1857232,118.6134329
2012-04-19,5.130906511,8818440.328,7639,17558,5.93884531,45246592.9,7639,663134.1545,15.29281421,86.80902663
2012-04-20,5.366515968,8826140.328,8095,19264,7.17345209,47365623.01,8095,2727236.831,19.95074656,336.9038704
2012-04-21,5.282550339,8833840.328,7180,16495,4.89529447,46665206.22,7180,1227399.28,14.18330072,170.9469749
2012-04-22,5.195608995,8840840.328,6080,14447,4.84142314,45933549.53,6080,913083.2141,11.25623581,150.1781602
2012-04-23,5.110888192,8847590.328,7218,17264,4.41499301,45219044.93,7218,785828.7478,11.71342392,108.8707049
2012-04-24,5.087867262,8854490.328,7455,17187,6.47879029,45050471.47,7455,714564.5675,14.97778854,95.85037794
2012-04-25,5.148816245,8860840.328,7366,17264,5.58132728,45622838.63,7366,980256.5991,9.213962538,133.07855
2012-04-26,5.097419286,8868590.328,10049,19928,13.42492001,45206923.38,10049,1847166.544,7.375889228,183.8159562
2012-04-27,5.09588734,8875340.328,6873,16191,5.76731988,45227734.42,6873,1397289.132,12.94691103,203.3011978
2012-04-28,4.970736653,8882940.328,7303,15943,7.08320845,44154757.07,7303,878955.4889,10.14879756,120.3554004
2012-04-29,4.902606178,8891890.328,7661,16232,3.94050767,43593436.45,7661,979200.7024,6.324595302,127.8163037
2012-04-30,4.94211681,8900840.328,9138,18877,5.03599379,43988992.61,9138,1061430.717,6.695916198,116.1556924
2012-05-01,4.987137227,8909340.328,10211,20427,7.12012572,44432102.82,10211,1079936.586,4.893990056,105.7620787
2012-05-02,5.053437354,8916840.328,9777,19907,6.99131507,45060693.99,9777,1051291.56,6.525657229,107.5270082
2012-05-03,5.118872979,8924690.328,13786,22009,10.84808946,45684356.17,13786,1186934.301,2.909624845,86.0970768
2012-05-04,5.085507088,8932740.328,14435,22962,10.74153325,45427514.26,14435,1145953.754,2.038144834,79.3871669
2012-05-05,5.056639565,8941090.328,12393,19627,7.6991075,45211871.1,12393,1144048.322,2.128093146,92.31407421
2012-05-06,5.047800773,8949290.328,11029,22444,7.40766949,45174234.64,11029,645680.7962,2.988628252,58.54391116
2012-05-07,5.067555867,8957790.328,18309,25802,14.14263953,45394102.93,18309,2186628.706,2.00510863,119.4291718
2012-05-08,5.023466423,8966590.328,17280,23419,12.54121044,45043365.44,17280,3828559.481,1.986476899,221.5601551
2012-05-09,5.041306236,8974890.328,17387,25272,13.45139824,45245170.57,17387,2370079.039,2.442224183,136.3132823
2012-05-10,4.92748872,8981340.328,13336,22041,9.85749399,44255453.16,13336,1359243.957,3.016140847,101.9229122
2012-05-11,4.963709977,8988490.328,16983,24667,11.03041115,44616259.12,16983,1349276.229,1.20131918,79.44863858
2012-05-12,4.946532235,8994890.328,18144,22910,11.06074525,44493514.96,18144,3165424.198,1.246327671,174.4612102
2012-05-13,4.944795054,9001890.328,15185,20661,12.39102246,44512502.77,15185,1546753.853,1.577416236,101.8606423
2012-05-14,5.011435922,9008840.328,28372,32619,27.53764834,45147226.04,28372,2286671.469,1.337540798,80.59606194
2012-05-15,5.0336404,9015340.328,22976,27730,21.38313663,45379981.3,22976,3856779.306,1.459381167,167.8612163
2012-05-16,5.087784509,9021390.328,16700,25132,11.94194966,45898889.96,16700,3154959.899,1.450336583,188.9197544
2012-05-17,5.089661686,9027190.325,17558,22883,11.99430891,45945344.73,17558,3580828.181,1.12443623,203.9428284
2012-05-18,5.118301483,9034440.313,24246,26196,17.08644124,46240989.25,24246,1847613.542,0.6203229745,76.20281871
2012-05-19,5.112545811,9041890.312,36838,32917,32.76391802,46227078.44,36838,1274659.036,0.5259610572,34.60174374
2012-05-20,5.094200968,9048790.311,29021,28225,18.77460842,46096356.36,29021,1859731.775,0.8407599203,64.08227748
2012-05-21,5.09422131,9055090.309,31704,30487,19.64923127,46128634.02,31704,3828679.81,0.6024473248,120.7633046
2012-05-22,5.089139189,9060840.309,23837,27919,13.11892586,46111877.5,23837,4126447.028,1.086627776,173.1110051
2012-05-23,5.1288589,9067340.308,26490,28839,18.77854751,46505109.04,26490,1734902.567,0.9889139279,65.49273563
2012-05-24,5.119157759,9073590.308,27026,28799,19.52089438,46449140.23,27026,1143108.08,0.9189011594,42.29660624
2012-05-25,5.137276807,9079640.307,28930,30265,19.88656227,46644625.56,28930,2423856.479,0.9989728397,83.7834939
2012-05-26,5.103978805,9086740.305,22572,24989,14.63599884,46378529.92,22572,4683355.655,0.818577067,207.4851876
2012-05-27,5.134616135,9094690.299,26589,26493,17.71345233,46697743.55,26589,2019729.223,0.9967638993,75.96108253
2012-05-28,5.136325419,9101790.297,29730,29737,20.51997152,46749756.86,29730,2117300.584,0.8017404787,71.21764494
2012-05-29,5.148470698,9108090.296,30163,34480,16.22077198,46892736,30163,3197325.49,1.414594824,106.0015745
2012-05-30,5.138264569,9114640.295,25386,28755,19.02871557,46833433.29,25386,2368281.176,1.205659988,93.29083653
2012-05-31,5.181639721,9121540.295,20325,28044,12.1167877,47264535.51,20325,4605019.122,2.000718027,226.5692065
2012-06-01,5.266943758,9129140.294,26690,28549,16.24847818,48082668.49,26690,2904148.273,1.020515929,108.8103512
2012-06-02,5.24363906,9137140.291,12938,21002,7.31389457,47911865.73,12938,2011553.357,2.853743331,155.4763764
2012-06-03,5.212704985,9144790.288,34668,31043,19.88955408,47669093.92,34668,1783304.998,0.8059155491,51.43951188
2012-06-04,5.258765857,9152540.286,45794,42162,28.81683827,48131066.36,45794,4609159.277,0.4107427595,100.649851
2012-06-05,5.426014295,9159890.284,42459,39781,29.13634502,49701695.62,42459,4274645.986,0.594543218,100.6770293
2012-06-06,5.446169422,9167540.283,17186,25187,12.24589512,49927977.56,17186,2699885.206,3.466473137,157.0979405
2012-06-07,5.58716981,9174490.282,32767,34826,21.46460519,51259435.12,32767,4721465.659,1.118992301,144.0920945
2012-06-08,5.622529102,9181540.281,23931,28664,16.44579223,51623477.43,23931,5452281.428,0.9822981616,227.8334139
2012-06-09,5.557002335,9190090.28,33081,31108,23.09451736,51069353.15,33081,1396872.468,0.7072158266,42.22582353
2012-06-10,5.457893569,9198390.277,39755,33266,24.40582552,50203835.14,39755,3239360.003,0.4838863137,81.48308397
2012-06-11,5.586996982,9205390.276,32626,32475,18.50693074,51430487.69,32626,3010177.879,0.5326654032,92.26316064
2012-06-12,5.727491299,9213190.275,19904,24995,12.16013868,52768467.13,19904,2777573.971,0.999914221,139.5485315
2012-06-13,5.909301324,9220690.271,54952,46530,36.92268537,54487837.22,54952,2313985.211,0.4927824527,42.10920824
2012-06-14,5.962023182,9228490.26,61850,49894,38.84375792,55020472.87,61850,4806738.816,0.1987580329,77.71606816
2012-06-15,6.523380719,9236440.257,55702,49687,34.02898644,60252816.29,55702,3346587.144,0.3735792996,60.0801972
2012-06-16,6.444158282,9244240.255,42429,39061,27.69091436,59571347.4,42429,3819293.131,0.6081476941,90.01610057
2012-06-17,6.199966488,9252440.251,43477,39723,26.11405866,57364819.49,43477,1417224.624,0.4880671542,32.59711168
2012-06-18,6.310844669,9261190.246,38035,36797,27.1884845,58445933.09,38035,2420968.352,0.5707635331,63.6510675
2012-06-19,6.494826716,9268540.242,36798,36392,25.76292857,60197562.78,36798,2131049.148,0.7606053581,57.91209165
2012-06-20,6.693551056,9275790.241,32390,32748,22.09337475,62087975.56,32390,1688104.469,0.6595900985,52.11807561
2012-06-21,6.672262504,9282590.24,26539,29558,31.88133747,61935878.8,26539,1030585.13,0.7369314378,38.83285465
2012-06-22,6.563761698,9289490.237,22303,28511,19.36279214,60974000.21,22303,2163727.784,0.87663146,97.01510038
2012-06-23,6.447541689,9297690.234,22288,30627,17.86318059,59947245.4,22288,3032631.377,0.9436154574,136.0656576
2012-06-24,6.350494039,9304240.231,22145,28191,14.50633007,59086522.12,22145,1883074.756,0.8331635252,85.03385669
2012-06-25,6.31747363,9311940.228,28753,34552,16.30458294,58827936.84,28753,1816600.959,0.7417522058,63.17952767
2012-06-26,6.432860829,9319390.226,30324,36059,18.33350654,59950340.33,30324,1707292.748,0.7862753656,56.30169992
2012-06-27,6.615713402,9327540.22,30153,38748,17.84777969,61708332.84,30153,1915514.019,1.129281084,63.52648225
2012-06-28,6.590064633,9334390.217,26980,33425,16.20129355,61514234.84,26980,3547397.141,1.126544338,131.4824737
2012-06-29,6.658776757,9341690.213,23076,33393,11.98135192,62204229.66,23076,2527975.822,1.112516648,109.5500009
2012-06-30,6.680427623,9348290.209,22016,31588,13.57960179,62450576.14,22016,1349886.588,1.004726101,61.31388934
2012-07-01,6.626860092,9355390.209,19380,32067,10.17673021,61996862.02,19380,1353402.959,1.004397242,69.83503402
2012-07-02,6.743478051,9362990.204,25297,36621,18.77832788,63139118.93,25297,1179593.927,1.263591271,46.62979513
2012-07-03,6.449992403,9370990.202,21483,33766,11.21317663,60442815.61,21483,1390131.595,2.987910496,64.70844831
2012-07-04,6.514835333,9378490.192,22996,31437,13.37563737,61099319.27,22996,2243495.637,2.467598823,97.56025556
2012-07-05,6.642398604,9385690.19,22021,28191,13.26942361,62343495.42,22021,2028634.991,1.293960286,92.12274608
2012-07-06,6.672181189,9393440.185,24275,29504,16.73281956,62674734.91,24275,1391586.981,1.397294188,57.32593123
2012-07-07,6.808273712,9401740.182,25224,31952,42.46233951,64009620.53,25224,4008706.047,1.362019271,158.9242803
2012-07-08,6.796317688,9409390.181,20324,26508,11.53990787,63949204.92,20324,798520.0259,1.187996261,39.28951121
2012-07-09,7.032395886,9417540.173,25585,32749,15.84949395,66227870.77,25585,2124381.378,2.177351823,83.0322993
2012-07-10,7.178580036,9425040.169,34925,37181,24.03299521,67658405.19,34925,2133454.141,1.237709959,61.08673273
2012-07-11,7.185147789,9431740.167,30678,34994,19.11698785,67768447.01,30678,1125703.6,1.071794238,36.69416521
2012-07-12,7.55593565,9439240.166,24401,34534,13.33673457,71322291.28,24401,1374970.599,1.992737987,56.34894469
2012-07-13,7.630921256,9447390.165,24416,31537,14.54797377,72092290.43,24416,2471663.168,1.984033053,101.2312897
2012-07-14,7.580129178,9455440.153,22094,29266,16.01329276,71673457.8,22094,2388096.264,3.15034209,108.0879997
2012-07-15,7.62723486,9462440.151,26420,30708,17.04447676,72172253.37,26420,1351916.223,1.720938222,51.17018253
2012-07-16,8.493405677,9469940.147,31205,36788,21.0424152,80432043.41,31205,1992380.64,1.901946123,63.84812178
2012-07-17,8.751984855,9478540.144,35090,40504,20.14636431,82956039.79,35090,2486915.838,1.275025058,70.87249467
2012-07-18,9.095192686,9486290.138,32359,34020,26.80097112,86279636.69,32359,1556337.086,1.046157056,48.0959574
2012-07-19,8.879533414,9493040.133,31374,36644,27.39211001,84293767.06,31374,1250068.732,1.172358897,39.84409805
2012-07-20,8.532450679,9500440.131,36266,35675,29.95418638,81062036.85,36266,1647180.851,1.018933519,45.41942457
2012-07-21,8.875645841,9507490.125,34801,36149,20.17594583,84385115.19,34801,2341358.535,0.9902377987,67.27848437
2012-07-22,8.506562544,9515240.122,36295,40800,21.87991919,80941985.22,36295,1805358.438,0.9651372052,49.74124363
2012-07-23,8.531211269,9522290.119,30831,40413,17.83855375,81236668.77,30831,2017409.104,1.742659926,65.43443626
2012-07-24,8.574585171,9530340.117,28962,38712,16.58156177,81718713.04,28962,1767861.831,1.34735381,61.0407372
2012-07-25,8.769347273,9538340.115,25971,30961,14.3731866,83645016.88,25971,955934.2468,1.998324328,36.8077566
2012-07-26,8.875765046,9546790.11,30352,30559,18.05062605,84735065.97,30352,2276730.412,1.416328613,75.010886
2012-07-27,8.891459894,9555690.107,27153,32339,17.60861154,84964035.35,27153,2173773.659,3.210046532,80.05648212
2012-07-28,8.842560894,9563340.103,35261,38741,20.56924291,84564417.21,35261,1746166.13,1.680961,49.52117438
2012-07-29,8.747680659,9571640.1,34002,35848,18.04812615,83729650.98,34002,1092542.644,1.935598779,32.13171707
2012-07-30,9.088317249,9580440.097,34268,36116,20.19402521,87070078.99,34268,947419.8125,2.166847774,27.64736234
2012-07-31,9.320998402,9586940.096,42334,59564,22.28433697,89359853.32,42334,2992375.284,2.727926656,70.68491717
2012-08-01,9.568020904,9593640.096,30125,40578,19.5152902,91792148.98,30125,2207907.684,2.362975607,73.29154138
2012-08-02,10.5510397,9601890.094,32700,42075,19.05125238,101309923.5,32700,1672026.436,1.915166712,51.13230691
2012-08-03,10.91586475,9609990.091,27161,35901,24.47241133,104901352,27161,1376320.36,5.945291693,50.67266889
2012-08-04,10.91971488,9617790.089,29498,36278,16.8916588,105023525.6,29498,1437370.8,3.812187448,48.72773747
2012-08-05,10.80511738,9624740.088,33661,37911,25.77550845,103996446.4,33661,2013600.641,2.964243597,59.81998875
2012-08-06,10.8694465,9631740.084,35256,42822,25.09757551,104691683.6,35256,1978971.073,2.114551095,56.13146906
2012-08-07,10.94127944,9639940.082,28891,39049,18.55819163,105473278.2,28891,1918811.413,4.274728587,66.41554162
2012-08-08,11.0703916,9648240.079,39210,51432,52.14546011,106809795.9,39210,1617162.254,1.608344189,41.24361781
2012-08-09,11.10372474,9656740.076,30722,40939,47.63372396,107225783.7,30722,1479155.436,1.925389947,48.14645647
2012-08-10,11.4475688,9664540.071,27804,38295,14.95789153,110635487.4,27804,1617382.78,2.527872992,58.17086679
2012-08-11,11.54253553,9672940.066,32867,38485,18.68958718,111650254.4,32867,1549261.753,1.50868065,47.13730347
2012-08-12,11.59255239,9680890.062,35435,39111,17.73745486,112226225.2,35435,1642498.439,1.145045505,46.35243231
2012-08-13,11.98496299,9688890.061,48327,48601,25.45449296,116120988.8,48327,1829000.137,0.7364227997,37.84634132
2012-08-14,12.18709748,9696740.061,34764,43606,21.78047035,118175116.4,34764,1513238.829,1.586595991,43.5289043
2012-08-15,13.17007735,9705090.056,53290,51932,33.10474996,127816786.8,53290,1730887.069,0.9653701841,32.48052297
2012-08-16,13.45079082,9712790.055,45271,60615,29.37747926,130644707.4,45271,2002991.027,3.282632269,44.24446174
2012-08-17,12.07700554,9719690.054,40937,57279,29.93936575,117384750.7,40937,2901014.071,4.150946178,70.86533139
2012-08-18,11.57750716,9727240.054,36612,51215,17.65665241,112617191.4,36612,2139537.231,3.489352192,58.43814133
2012-08-19,7.830621842,9736340.051,36477,57927,21.7707384,76241597.06,36477,7308795.413,3.318893509,200.367229
2012-08-20,9.979876649,9745040.049,36124,48984,27.38231026,97254297.63,36124,8763255.006,3.626397527,242.5881687
2012-08-21,9.902982018,9753690.048,43951,55539,25.94684541,96590617.15,43951,5720785.809,4.316073676,130.1628133
2012-08-22,9.772554579,9761490.047,35809,47300,21.67586603,95394694.25,35809,7390775.096,4.888486385,206.3943449
2012-08-23,10.08865743,9769740.045,31347,43521,20.75763789,98563560.45,31347,7385702.166,6.684239255,235.6111323
2012-08-24,10.59404259,9777140.045,31774,44584,19.71177945,103579438.1,31774,10635279.5,4.143932744,334.716419
2012-08-25,10.58367667,9784040.044,33245,36374,23.30570655,103551116.4,33245,4359927.219,2.475699212,131.1453518
2012-08-26,10.54553074,9792990.042,29534,35110,20.60004106,103272277.5,29534,3343937.528,3.044228004,113.2233198
2012-08-27,10.90038008,9800240.04,33439,38660,29.09822864,106826341.3,33439,6297970.024,2.421383457,188.3420564
2012-08-28,10.93295853,9807790.038,29880,41047,24.96070596,107228161.8,29880,6807954.112,1.607616085,227.8431764
2012-08-29,10.8677839,9816190.035,33639,37982,24.10915423,106680232,33639,14523125.36,1.992126472,431.7347531
2012-08-30,10.72774884,9823890.029,33891,34760,29.40512691,105388224.8,33891,11628979.47,1.205565137,343.1288386
2012-08-31,10.10240982,9830890.028,41055,49678,30.95810991,99315679.96,41055,9399758.739,1.563290371,228.9552732
2012-09-01,10.00653294,9838940.025,39830,43598,35.54890183,98453677.43,39830,8581741.602,1.160441891,215.4592418
2012-09-02,10.2261162,9847140.018,33159,34468,29.37970497,100697998.1,33159,5813945.962,1.975236698,175.3353829
2012-09-03,10.49713431,9854990.014,39211,33612,34.88692896,103449153.8,39211,3754077.431,0.9878886651,95.74041547
2012-09-04,10.36400189,9862640.013,38664,45525,28.56061977,102216419.8,38664,6327106.524,1.243342112,163.643351
2012-09-05,11.02552288,9871640.01,41167,41507,26.30069468,108839992.8,41167,8994702.935,1.212187408,218.493039
2012-09-06,11.16076902,9880190.007,42634,47563,25.56562948,110270518.5,42634,21651690.1,1.185670986,507.8503096
2012-09-07,11.07612234,9888590.005,33412,43748,20.09105069,109527232.6,33412,18401132.98,2.203930153,550.7342565
2012-09-08,11.04327003,9895840,31125,34331,22.67802948,109282433.3,31125,7581653.781,3.93497577,243.5872701
2012-09-09,11.06209549,9903789.996,31477,39703,22.34630504,109556670.7,31477,3884083.719,3.957206844,123.3943425
2012-09-10,11.1252888,9911289.994,33327,37639,23.4733114,110265963.6,33327,18656644.3,1.082398867,559.8056922
2012-09-11,11.26809296,9918539.992,38563,45390,31.3282153,111763030.6,38563,20352526.55,0.7986267096,527.7734239
2012-09-12,11.31528591,9926289.991,27125,33567,20.01741829,112318809.3,27125,10494940.29,1.002537637,386.9102412
2012-09-13,11.38029929,9932789.99,28981,35024,19.47184289,113038122.9,28981,22382013.21,0.8725605319,772.2995483
2012-09-14,11.73010762,9940889.99,36349,38529,20.32484086,116607709.4,36349,17889245.67,0.9730516008,492.1523473
2012-09-15,11.71839342,9948089.99,27311,30133,14.98696057,116575632.2,27311,6952208.388,0.9142891538,254.5570791
2012-09-16,11.88691122,9956139.987,27407,31184,14.23637851,118347752.2,27407,13416549.51,0.7953285611,489.5300293
2012-09-17,11.90831716,9964539.986,25027,33989,14.90427874,118660902.5,25027,13330704.83,1.24282884,532.6529279
2012-09-18,12.25965084,9972889.985,31836,37898,22.02886234,122264149.1,31836,12412758.08,1.349059628,389.8969117
2012-09-19,12.5048541,9979939.984,32089,42928,21.44363874,124797693.4,32089,30924354.33,1.983549732,963.7057662
2012-09-20,12.36717665,9987539.984,31563,47916,19.10584106,123517671.3,31563,16132196.43,2.01638585,511.110998
2012-09-21,12.33365784,9995989.984,29815,38617,28.13668865,123287120.2,29815,25544336.42,1.090998322,856.7612415
2012-09-22,12.21372763,10003839.98,21921,27311,15.45418456,122184176.8,21921,14853630.4,1.558001012,677.598212
2012-09-23,12.16546303,10011739.98,27780,28683,18.03152252,121797452.6,27780,7779930.759,0.9980713413,280.0551029
2012-09-24,12.11358872,10019389.98,28779,33444,28.12581884,121370769.4,28779,8003941.133,1.000446712,278.1174166
2012-09-25,12.18240539,10026339.98,26055,45705,15.53276865,122144938.3,26055,1902683.156,2.441636035,73.02564405
2012-09-26,12.31981686,10033339.98,30884,46624,18.74204538,123608911.1,30884,1637482.992,1.033538091,53.02043102
2012-09-27,12.3187514,10041389.98,27590,41321,15.85641623,123697386.9,27590,1336680.616,1.288523445,48.44801072
2012-09-28,12.38145739,10049289.98,34556,51687,60.22372978,124424855.7,34556,2720431.614,0.9933402517,78.72530425
2012-09-29,12.40475151,10057689.98,22315,36991,13.88599091,124763145,22315,1203924.213,1.4110722,53.95134273
2012-09-30,12.39162247,10065639.98,20957,35060,11.43792249,124729610.6,20957,1450917.336,1.428303682,69.23306467
2012-10-01,12.38939516,10072189.98,24494,38102,16.80322261,124788341.8,24494,1601412.47,1.176086468,65.37978566
2012-10-02,12.8072381,10079489.98,32678,53731,30.15118834,129090428.1,32678,1960538.937,1.97794402,59.99568324
2012-10-03,12.95543049,10086139.98,26832,51360,18.90474388,130670285.5,26832,1251843.626,2.572511968,46.65487575
2012-10-04,12.86238578,10092689.98,33436,50714,131.8159239,129816072.1,33436,1219561.148,1.600014209,36.474493
2012-10-05,12.75221942,10099489.98,34792,43691,26.62560753,128790912.3,34792,2514164.387,0.9692430466,72.2627152
2012-10-06,12.50512971,10107239.98,33917,39632,23.25548033,126392347,33917,2068389.363,0.6404571711,60.98385362
2012-10-07,11.87399709,10113489.98,33485,43095,25.86566422,120087550.6,33485,1757480.707,0.9050027487,52.48561167
2012-10-08,11.73332975,10122389.98,38551,47823,27.54851495,118769339.5,38551,1799357.523,0.7609945507,46.67473017
2012-10-09,11.82866344,10129489.98,35043,52626,25.67234878,119818327.7,35043,1340159.593,1.007214388,38.24328949
2012-10-10,12.10918848,10136939.98,31581,47176,23.60324049,122750116.8,31581,874205.5372,1.001553492,27.68137606
2012-10-11,12.06755181,10143839.98,26482,40995,21.95743288,122411314.5,26482,1186812.041,1.041553432,44.81580097
2012-10-12,12.02806816,10151289.98,28480,44701,20.27462233,122100407.8,28480,2592735.556,1.310185458,91.03706306
2012-10-13,11.92680383,10158689.98,33302,39129,21.28131471,121160702.5,33302,2722236.867,0.9998487584,81.74394531
2012-10-14,11.65057796,10165039.98,27306,38974,17.3427473,118428590.7,27306,1392487.697,1.15977079,50.99566751
2012-10-15,11.90830953,10173489.98,31199,47015,21.85941219,121149067.6,31199,847229.4241,1.544971598,27.15565961
2012-10-16,11.84801807,10181239.98,33553,41834,24.26318878,120627515.2,33553,2662540.334,0.9597385768,79.35327196
2012-10-17,11.91938816,10188339.98,32300,46053,67.20464316,121438778.9,32300,3349400.109,1.895147611,103.6965978
2012-10-18,11.92593284,10196189.98,27712,51219,17.29912619,121599076.9,27712,3311237.831,1.994309402,119.4875083
2012-10-19,11.7574858,10202939.98,25751,44078,15.57217335,119960921.9,25751,2746484.627,1.870893181,106.6554552
2012-10-20,11.69437755,10210839.98,29772,42836,17.81879693,119409417.8,29772,2640034.826,1.204424942,88.67509155
2012-10-21,11.65741141,10218889.97,41108,39296,24.66239432,119125804.5,41108,2368170.271,0.6570927055,57.60850129
2012-10-22,11.74107791,10226739.97,42997,42021,25.50607758,120072950.7,42997,2238066.706,0.7707128823,52.05169445
2012-10-23,11.70778173,10233239.97,31441,41375,20.58454581,119808539.9,31441,2550794.012,1.060235003,81.1295446
2012-10-24,11.63435239,10241339.97,32943,42251,21.73211868,119151358.1,32943,1943227.021,1.716468552,58.98755489
2012-10-25,10.75362982,10248489.97,25872,38643,16.10405952,110208467.3,25872,1460141.417,2.533284152,56.43712962
2012-10-26,10.13061949,10256739.96,21618,37471,18.37924264,103907129.8,21618,1053498.301,4.987157995,48.73245909
2012-10-27,10.4581863,10265489.96,16174,29910,12.42454022,107358406.4,16174,1625413.195,5.556221543,100.4954368
2012-10-28,10.70996208,10273789.96,17839,27816,13.00848283,110031901,17839,907140.5133,3.086939033,50.8515339
2012-10-29,10.63073898,10281689.96,21919,35981,17.73972066,109301962.2,21919,1029088.401,2.115657251,46.9496054
2012-10-30,10.85932306,10288839.96,30953,34928,23.8126728,111729837,30953,4144426.108,1.318774653,133.8941656
2012-10-31,11.14607184,10296039.96,26449,31390,22.21613987,114760401,26449,3568907.197,1.982940745,134.9354303
2012-11-01,10.61353575,10302889.96,23910,32135,20.83563069,109350090.9,23910,2703340.402,2.674226635,113.0631703
2012-11-02,10.53050364,10310039.96,28868,33393,26.57946732,108569913.3,28868,866705.8535,1.453491735,30.02306545
2012-11-03,10.65074702,10317339.96,24300,32511,19.27824378,109887377.8,24300,1920090.109,1.98164504,79.01605385
2012-11-04,10.79688289,10325189.96,23645,30976,19.23489991,111479866.8,23645,2164457.475,1.486077061,91.53975363
2012-11-05,10.74082074,10333189.95,32304,37460,25.87976925,110986940.9,32304,2310425.693,1.104012467,71.52135008
2012-11-06,10.8681975,10339939.95,32441,42954,26.32854853,112376509.5,32441,1906500.954,1.105427096,58.76825481
2012-11-07,10.95409894,10347789.95,35733,41756,28.76957784,113350715,35733,1801296.851,1.243552762,50.40989704
2012-11-08,10.89269937,10355489.95,32099,37595,24.75202425,112799238.9,32099,1312921.58,1.955897182,40.902258
2012-11-09,10.81586722,10363089.95,24823,36800,19.56819636,112085804.9,24823,857299.0847,2.653323993,34.53648168
2012-11-10,10.86326044,10370289.95,26680,34669,21.32644518,112655160.6,26680,424173.0946,0.9980429041,15.89854178
2012-11-11,10.84184064,10377639.95,23595,30394,17.46623933,112512718.6,23595,418291.8317,1.919046838,17.72798609
2012-11-12,11.03134246,10384239.95,24030,31528,17.98549855,114552107,24030,476833.9811,1.325949227,19.84327845
2012-11-13,10.99800278,10391239.95,26168,32074,20.00020139,114282885.8,26168,815918.8904,1.091652752,31.18002485
2012-11-14,10.95895242,10398389.95,31028,39530,24.17587517,113955460.7,31028,1343380.349,1.00046059,43.29574414
2012-11-15,11.17510986,10405189.95,37125,45873,31.40351596,116279140.8,37125,2601129.664,1.02952008,70.06409869
2012-11-16,11.70504483,10412439.95,40017,48826,32.30814903,121878076.4,40017,3678609.747,1.030923006,91.92617505
2012-11-17,11.7500424,10419439.95,31626,52322,24.7760751,122428861.2,31626,2571744.368,1.147995858,81.3174087
2012-11-18,11.66563103,10426739.95,34839,44044,28.18955073,121634501.1,34839,2108868.442,1.087125074,60.53183047
2012-11-19,11.75052935,10434039.95,36140,41117,27.1618824,122605492.6,36140,1352805.352,0.9759560321,37.43235618
2012-11-20,11.69917032,10441389.94,37735,44744,29.11685701,122155599.3,37735,1604554.381,1.077512307,42.52164782
2012-11-21,11.72913518,10448989.94,38101,43803,30.01928241,122557615.5,38101,896842.8302,0.8421763286,23.53856408
2012-11-22,12.29199795,10456189.94,31476,41584,22.45732558,128527465.3,31476,1437471.672,1.069720322,45.66881661
2012-11-23,12.28028762,10464339.94,31844,36519,26.15080117,128505104.3,31844,1121289.663,0.9108907174,35.21196029
2012-11-24,12.4132044,10471889.94,29035,36089,21.60282396,129989710.3,29035,1143187.811,1.710758908,39.37275052
2012-11-25,12.52968949,10479189.94,35780,35940,28.86487089,131300996.1,35780,777079.1884,0.9926822217,21.71825569
2012-11-26,12.18462624,10487039.94,37296,42639,27.74850354,127780662.1,37296,1188014.283,1.057972542,31.8536648
2012-11-27,12.15927538,10494439.94,26952,37535,81.55566754,127604785.3,26952,1395901.994,2.291912891,51.7921488
2012-11-28,12.33165983,10501439.94,37791,44590,44.06351997,129500185.1,37791,1902240.332,1.432572764,50.33580302
2012-11-29,12.49766165,10505589.94,36379,41205,28.94267716,131295308.6,36379,1163743.263,0.8677623303,31.98942419
2012-11-30,12.58613893,10508714.94,30667,37930,23.38472327,132264146.2,30667,808353.8019,1.197984552,26.35907659
2012-12-01,12.59238687,10512889.94,32424,33858,25.66833725,132382377.3,32424,603057.0571,1.077079361,18.59909503
2012-12-02,12.49794476,10516464.94,20126,28210,15.06998715,131434197.9,20126,988009.3211,1.698119204,49.09119155
2012-12-03,12.65695784,10520139.94,22198,30532,18.72263763,133152967.7,22198,1762587.052,2.376953482,79.40296657
2012-12-04,13.36958958,10522939.94,33167,43912,29.0600131,140687388.2,33167,2483259.998,1.455242876,74.87140827
2012-12-05,13.31275022,10525989.94,33896,44654,27.18068085,140129874.9,33896,2846573.951,1.521248402,83.97964217
2012-12-06,13.47792454,10529414.94,35536,38984,30.19250743,141914660,35536,3071648.003,3.209692996,86.43764079
2012-12-07,13.47728245,10532639.94,32724,42135,24.80315993,141951363.4,32724,2105201.498,1.419648217,64.33203454
2012-12-08,13.49998441,10536089.94,32212,37725,25.08785742,142237049.9,32212,972786.8209,1.295112607,30.19951636
2012-12-09,13.34651089,10539239.94,31759,37568,24.46799612,140662080.6,31759,1396412.096,1.002134574,43.96901968
2012-12-10,13.49225658,10542814.93,36380,36630,31.20353005,142246364.2,36380,1032134.792,1.450091012,28.37093986
2012-12-11,13.61541567,10546414.93,36881,37496,31.67509447,143593823.1,36881,1604571.132,1.385341473,43.50671434
2012-12-12,13.66821364,10549664.93,36866,43207,28.90337725,144195074.2,36866,3576496.335,1.565969084,97.01340897
2012-12-13,13.75525152,10552939.93,41627,45680,44.15824963,145158343.1,41627,3740460.283,1.228694363,89.85659027
2012-12-14,13.60092225,10555589.93,38621,41691,31.79309322,143565758,38621,2907736.936,1.077206363,75.2890121
2012-12-15,13.53094829,10558489.93,33047,35878,25.2735217,142866381.3,33047,1691094.063,1.09962729,51.17239274
2012-12-16,13.33286108,10561264.93,36128,35213,28.24263694,140811878.1,36128,1820907.566,0.7494265441,50.40156019
2012-12-17,13.32007195,10564614.93,40656,41616,33.08436544,140721431,40656,1774646.18,0.9267217208,43.65028974
2012-12-18,13.27203387,10567739.93,49679,47617,39.59643479,140255402.3,49679,2363964.99,0.9991686377,47.58479418
2012-12-19,13.53854318,10571289.93,45891,45631,36.14685195,143119865.2,45891,1154554.016,0.9942724133,25.15861533
2012-12-20,13.57002703,10573939.93,34903,38978,30.25563723,143488650.6,34903,907139.2521,1.001471845,25.99029459
2012-12-21,13.428968,10577089.93,44152,45877,37.01191576,142039402.2,44152,1659410.96,0.9189090329,37.58404964
2012-12-22,13.42721391,10580914.93,50132,54007,40.04046676,142072208.1,50132,1369208.67,0.8540118653,27.31206953
2012-12-23,13.31810576,10583964.93,38035,41727,32.4843116,140958364.2,38035,901951.8233,0.8094244179,23.7137327
2012-12-24,13.42666267,10587264.93,34867,39081,27.25227271,142151634.8,34867,1022202.41,1.891385866,29.31718847
2012-12-25,13.365567,10590364.93,29856,30567,24.61814169,141546232,29856,625908.4513,1.328413527,20.96424341
2012-12-26,13.45469902,10594214.92,36121,38979,28.58738185,142541973.1,36121,618452.0662,0.9838198523,17.1216762
2012-12-27,13.39930318,10598114.92,43520,36158,37.0100833,142007355,43520,808299.37,0.7773538563,18.57305538
2012-12-28,13.45550722,10602339.92,46980,42277,37.35921705,142659861.4,46980,1067559.742,0.8554861449,22.72370673
2012-12-29,13.37400386,10605939.92,38629,41463,30.38605095,141843881.4,38629,1009682.743,0.9120679288,26.1379467
2012-12-30,13.4450138,10610089.92,42863,43096,33.27200695,142652805.3,42863,716472.8799,0.6736326296,16.71541609
2012-12-31,13.54555244,10614039.91,30885,36527,24.89475647,143773034.3,30885,1393498.535,1.017824859,45.11894236
2013-01-01,13.33137142,10618089.91,32892,38733,26.42776903,141553700.4,32892,1543105.258,1.089010241,46.91430313
2013-01-02,13.28060681,10621914.91,37619,40911,30.93619818,141065475.5,37619,1842955.015,1.092871749,48.99000544
2013-01-03,13.38408115,10625964.91,43533,52539,38.70929886,142218776.6,43533,1765281.07,1.47428873,40.55041164
2013-01-04,13.45172115,10629789.9,47370,46781,37.67725777,142988969.7,47370,2227094.67,0.8462857558,47.01487586
2013-01-05,13.45940677,10633314.9,39811,53959,31.54684353,143118110.5,39811,2063270.87,1.036078353,51.8266527
2013-01-06,13.50449651,10636939.9,32928,42382,34.95096678,143646517.7,32928,1063354.375,1.304602507,32.29331799
2013-01-07,13.55606166,10641139.9,40421,54059,36.20101156,144251948.6,40421,1449886.565,1.183013209,35.8696362
2013-01-08,13.78035063,10644464.9,38840,56753,32.63592001,146684458.6,38840,2098030.99,1.343362045,54.01727575
2013-01-09,13.82095526,10647714.9,42664,54910,32.39203401,147161591.2,42664,1669179.997,1.481229019,39.12385142
2013-01-10,14.12317286,10651389.89,52584,60507,154.1244391,150431420.6,52584,1297460.717,0.9165787414,24.67405898
2013-01-11,14.22762112,10654314.89,52534,61989,43.05986681,151585555.6,52534,1301654.235,0.955324849,24.7773677
2013-01-12,14.21428566,10657364.89,46201,49915,36.01405762,151486828.9,46201,972551.4846,0.9772562854,21.0504423
2013-01-13,14.16078827,10660689.89,49785,55725,39.6841723,150963772.3,49785,873906.6337,0.6867555546,17.55361321
2013-01-14,14.31797032,10664614.89,43449,44616,34.57227957,152695639.5,43449,1062387.606,0.7201439708,24.4513707
2013-01-15,14.31363775,10667639.89,46107,59643,33.75277412,152692733,46107,2088245.127,1.081416218,45.29128173
2013-01-16,14.70781405,10670914.89,51800,55537,40.21289606,156945831.9,51800,2081003.615,0.9988567949,40.17381496
2013-01-17,15.59859974,10673689.89,48901,59029,38.74864515,166494616.3,48901,1768117.938,1.047337599,36.15709162
2013-01-18,15.71579112,10676714.88,49385,57683,37.41616447,167793021,49385,1616629.217,1.264778836,32.73522764
2013-01-19,15.5881264,10680564.88,55187,49445,63.88150233,166489995.4,55187,1483841.353,0.8558437145,26.88751613
2013-01-20,15.71959214,10683814.88,41242,45027,32.03361812,167945212.4,41242,1163432.375,1.253340407,28.20989222
2013-01-21,16.78101952,10687114.88,40642,47104,29.99349559,179340683.4,40642,1089216.927,1.281864905,26.8002787
2013-01-22,17.30017884,10690714.88,42397,51489,34.43780577,184951279.3,42397,1361049.714,1.922928099,32.10250051
2013-01-23,17.53639542,10693864.87,47359,48584,43.07539575,187531843,47359,2373716.425,1.677995922,50.12175985
2013-01-24,16.90108607,10697764.87,45616,59644,43.80712003,180803844.9,45616,1595367.009,1.518423129,34.97384709
2013-01-25,17.40720203,10701189.87,49506,51061,42.08822228,186277774,49506,1539568.392,1.270508607,31.09862223
2013-01-26,17.55362918,10705089.87,52709,55140,48.2417802,187913177.8,52709,1319260.213,1.068838803,25.0291262
2013-01-27,17.86462801,10708864.86,53733,48552,46.43575331,191309887.3,53733,1377265.772,0.9665468537,25.63165601
2013-01-28,18.79426487,10712539.86,52736,54409,44.14984447,201334311.7,52736,1606576.202,1.259692792,30.46450626
2013-01-29,19.51471419,10716489.86,50452,54460,48.68635259,209129236.7,50452,2245926.359,1.28805371,44.51610163
2013-01-30,19.73744669,10720314.86,40937,45601,34.46389742,211591642.9,40937,2565634.239,1.729251029,62.67274687
2013-01-31,20.51164303,10725139.85,52467,48166,48.81308255,219990240.1,52467,1547867.384,0.9603326253,29.50173222
2013-02-01,20.44309196,10728814.85,57518,61865,51.22812069,219330148.6,57518,1733882.904,0.7901935791,30.14504857
2013-02-02,19.63590171,10732639.85,54523,57947,74.03965518,210745061.1,54523,1378417.535,1.018797115,25.28139565
2013-02-03,20.57893968,10737289.85,60479,56035,51.56325775,220962040.2,60479,1331787.984,0.773606427,22.02066807
2013-02-04,20.44048796,10741389.85,55759,59362,45.68302261,219559249.9,55759,2003598.911,0.9871584298,35.93319305
2013-02-05,20.65934473,10745564.85,53843,60191,42.80604652,221996328.5,53843,1964669.852,1.493077366,36.48886303
2013-02-06,21.20856553,10749214.85,41890,53114,31.70040605,227975427.5,41890,1764667.953,1.572053515,42.12623426
2013-02-07,22.11776518,10753064.84,63170,60065,50.22913577,237833763.2,63170,1706930.471,0.7691554668,27.02122005
2013-02-08,22.78736505,10756839.84,59812,61292,48.26806858,245120036.3,59812,2071338.245,0.9434175453,34.63081397
2013-02-09,23.73386015,10760414.84,57464,55866,45.16745065,255386181.1,57464,1732418.823,0.9604842976,30.14789821
2013-02-10,23.90028936,10764439.84,56098,56414,45.19842248,257273227,56098,1321861.777,0.7781077343,23.56343857
2013-02-11,24.49727269,10768414.84,57751,53214,49.45754692,263796794.9,57751,1284930.712,0.8663821587,22.24949719
2013-02-12,24.97973641,10771889.84,58519,52230,48.28401187,269078968.8,58519,1225297.245,0.92082637,20.93845153
2013-02-13,24.64165093,10776164.84,58195,51607,55.86202866,265542492.3,58195,1179375.86,0.7256007338,20.2659311
2013-02-14,27.28238982,10779939.84,51465,52507,43.67348617,294102520.8,51465,1396803.374,0.9255787402,27.14084085
2013-02-15,27.17126923,10784414.83,54430,49480,56.34869755,293026238.9,54430,1215697.459,0.775230624,22.33506263
2013-02-16,27.34616356,10789139.83,52351,47477,52.7290266,295041582.6,52351,1248284.191,0.6480982226,23.84451474
2013-02-17,26.92725138,10793839.83,49459,46362,45.83012287,290648438.4,49459,1120607.745,0.6816885891,22.65730696
2013-02-18,26.92886764,10797864.83,50096,46855,45.3479967,290774272.7,50096,1207606.208,0.7875191889,24.10584094
2013-02-19,29.41362438,10801839.83,53424,49090,45.23639219,317721259.2,53424,1340027.035,0.6435793072,25.08286604
2013-02-20,29.81980723,10806664.82,60243,50898,50.68889741,322252661.8,60243,1170356.125,0.6201582679,19.42725503
2013-02-21,29.81806892,10811064.82,56355,51627,51.69520374,322365075.9,56355,1034888.067,0.6284444527,18.36373112
2013-02-22,30.47265653,10815314.82,61599,54361,53.37768603,329571373.9,61599,1497651.033,0.5986022249,24.31291145
2013-02-23,29.80645455,10819414.82,57701,51159,47.84334306,322488396.1,57701,1241390.807,0.6226168219,21.51419918
2013-02-24,29.88284849,10823314.82,56644,52275,44.55664149,323431477,56644,1625279.522,0.4993499868,28.69288047
2013-02-25,30.35203309,10828414.82,67290,56529,67.26654299,328664405,67290,1773173.369,0.4734773435,26.35121665
2013-02-26,31.15553735,10832564.82,63191,58302,56.6333802,337494377.8,63191,1517748.422,0.5985131885,24.01842702
2013-02-27,31.24026108,10837389.82,60970,55511,57.56502151,338562887.4,60970,1464587.085,0.5741949452,24.02143817
2013-02-28,33.37529394,10841589.82,62763,59466,58.06235975,361841246.9,62763,1386735.097,0.5815679118,22.09478668
2013-03-01,34.60625703,10845389.82,64459,62746,68.3395526,375318347.6,64459,1577101.047,0.5794905811,24.46673153
2013-03-02,34.14351592,10849014.81,55804,49881,50.80588993,370423510.1,55804,1447206.321,0.4822877655,25.93373811
2013-03-03,34.45174048,10853039.81,53108,44647,44.14153536,373906111.2,53108,854525.4407,0.4225040534,16.09033367
2013-03-04,36.37626525,10857514.81,63982,54208,55.42824866,394955838.8,63982,892705.617,0.5128893764,13.95244939
2013-03-05,40.67295399,10860989.81,56147,56444,50.98232384,441748538.9,56147,1720041.333,0.7040059103,30.63460796
2013-03-06,43.28499619,10864864.81,63234,70524,157.5267629,470285631.9,63234,2105121.914,0.6198221639,33.29098133
2013-03-07,41.94744072,10868864.81,67209,67349,62.42435274,455921062.3,67209,1588640.513,0.6111219079,23.63731811
2013-03-08,43.90292891,10872864.81,55188,56370,47.27524359,477350610.9,55188,1119831.863,0.628500209,20.29122024
2013-03-09,46.88858661,10877089.81,55639,53106,52.02364054,510011367.7,55639,940409.3208,0.5455485407,16.901981
2013-03-10,46.06603846,10881664.81,72926,56596,60.72407507,501275189.7,72926,1178069.107,0.4716055629,16.15430857
2013-03-11,48.27507458,10885764.81,58554,53342,63.03792027,525511108.1,58554,926190.0338,0.5375651975,15.81770731
2013-03-12,44.41354526,10889139.81,49817,61248,54.18617107,483625303.8,49817,1518730.775,0.7586649479,30.48619497
2013-03-13,47.01619085,10893064.81,56209,62068,52.57809933,512150414,56209,1355724.589,0.6547744392,24.11935079
2013-03-14,46.92556255,10897539.81,58402,61917,52.89538066,511373186,58402,1099335.863,0.6081333595,18.82359959
2013-03-15,46.90251725,10901839.81,62880,63245,65.37604319,511323729.7,62880,4973822.594,0.5582003171,79.10023209
2013-03-16,47.1570157,10906214.81,32987,50966,30.91389396,514304542.9,32987,2081054.612,0.920690153,63.08711346
2013-03-17,47.33349978,10911439.81,35248,52184,31.45316378,516476633.8,35248,829566.2095,0.838116771,23.5351285
2013-03-18,51.36543639,10916189.81,43324,59594,37.80456558,560714853.2,43324,3378846.87,1.080259488,77.9901872
2013-03-19,59.49860111,10920439.81,45817,67946,51.6648759,649750892.1,45817,1664851.814,1.027536763,36.33698876
2013-03-20,63.6874855,10925714.81,46102,62822,37.05124874,695831303.4,46102,1701114.421,0.9058922573,36.89892891
2013-03-21,70.91752501,10931164.81,55782,70563,50.75948984,775211153.6,55782,1844519.955,0.6984028277,33.0665798
2013-03-22,69.84608454,10936889.81,60259,74587,67.76760558,763898930.1,60259,1417481.562,0.7585249817,23.52315109
2013-03-23,64.38311637,10942314.81,52173,67002,52.15188495,704500327.6,52173,1396236.841,0.6468621332,26.76167444
2013-03-24,71.69042421,10947039.81,51811,69595,41.50243556,784797927.6,51811,903380.7613,0.5574803112,17.43608039
2013-03-25,74.31408925,10950639.81,47614,64715,43.03076237,813786824,47614,1393550.685,0.6469836405,29.26766676
2013-03-26,78.61419743,10954414.81,50068,74037,46.08546357,861172528.4,50068,1717671.876,0.8654161999,34.3067803
2013-03-27,88.85207991,10957689.81,52012,72482,59.36738426,973613530.4,52012,2384242.172,0.7064437891,45.84023248
2013-03-28,87.67317396,10962264.81,61796,94934,61.85571857,961096549.5,61796,1805812.94,0.6834017441,29.22216551
2013-03-29,90.29569936,10966614.81,61081,81683,60.15161797,990238153.5,61081,1369821.884,0.7161027652,22.42631725
2013-03-30,92.18995999,10970939.81,60659,79925,65.68068892,1011410502,60659,1767987.892,0.5046102635,29.14634089
2013-03-31,93.89923842,10975164.81,43434,63898,45.1298765,1030559617,43434,1439023.109,0.5438808755,33.13125913
2013-04-01,103.5803469,10980114.81,52545,76869,43.20657574,1137324101,52545,1314888.819,0.6274066649,25.02405212
2013-04-02,116.6799442,10984639.81,62511,90297,60.78169591,1281687160,62511,2357289.436,0.8138073824,37.70999402
2013-04-03,131.3848094,10989014.81,65382,109240,77.24374103,1443789615,65382,2228420.45,0.7804022435,34.08308785
2013-04-04,133.0071205,10992864.81,65513,107866,70.15920601,1462129293,65513,2092855.901,0.9271232965,31.94565813
2013-04-05,142.6260655,10996814.81,60816,99406,56.76966771,1568432429,60816,1853994.69,0.8777007174,30.48531126
2013-04-06,143.081823,11000889.81,51734,78563,39.04945823,1574027368,51734,1250306.771,0.6301639029,24.16798953
2013-04-07,162.8522146,11004989.81,63215,78312,53.93397087,1792186961,63215,949085.4969,0.394805807,15.01361223
2013-04-08,186.3511618,11008864.81,62215,112858,46.54753396,2051514747,62215,1350125.524,0.7009239905,21.70096478
2013-04-09,230.6829967,11013264.81,67877,113921,49.8737411,2540572929,67877,1786941.504,0.8372702053,26.32617092
2013-04-10,161.1928897,11018039.81,62747,132897,64.84173132,1776029675,62747,3162790.717,2.10399479,50.40544913
2013-04-11,82.90158504,11022039.81,67827,124532,62.45818796,913744570.2,67827,3295560.101,1.388574174,48.58773205
2013-04-12,111.4763732,11026364.46,58476,102302,56.61074926,1229179119,58476,1462996.681,0.8844833858,25.01875438
2013-04-13,97.60907187,11030539.81,53126,80991,40.10851757,1076680753,53126,1303534.267,0.7253321709,24.53665376
2013-04-14,88.8614914,11034364.81,56672,73989,54.02738886,980530113.2,56672,888394.9026,0.5461758433,15.67608171
2013-04-15,80.87469317,11038464.81,53610,100211,73.59302348,892732454.1,53610,1108330.882,0.8563123678,20.67395788
2013-04-16,68.28313873,11042889.81,67263,98394,53.358051,754043176.5,67263,1954359.37,0.802848273,29.0554892
2013-04-17,92.86403691,11047164.81,56489,105380,80.11170761,1025884320,56489,1444707.547,0.75749453,25.57502429
2013-04-18,108.6283451,11050839.81,48902,85564,43.95374873,1200434440,48902,5340901.838,0.8465285918,109.2164296
2013-04-19,119.0122832,11054264.81,57525,102489,54.54225521,1315593294,57525,1620684.183,0.7712985374,28.1735625
2013-04-20,128.2082889,11058114.81,47182,73497,45.30722922,1417741978,47182,957563.392,0.4915594814,20.29509966
2013-04-21,118.4832438,11062514.81,44244,72721,33.0473022,1310722638,44244,944752.3249,0.621353684,21.35323038
2013-04-22,126.3142718,11066339.81,46971,90723,46.35520241,1397836654,46971,1472558.543,0.6762893758,31.35037668
2013-04-23,142.1272181,11070539.81,61812,91871,61.81060149,1573425025,61812,1381261.905,0.5079955901,22.3461772
2013-04-24,154.1332778,11074589.81,65508,103533,62.84288006,1706962827,65508,1940590.197,0.5046736247,29.62371309
2013-04-25,141.0086593,11078889.81,61207,89506,59.53844976,1562219398,61207,1593888.667,0.6471233786,26.04095393
2013-04-26,137.2096004,11083164.81,55401,86571,40.69633585,1520716614,55401,1168104.072,0.6653033004,21.08453046
2013-04-27,128.2266696,11086839.81,42987,76128,38.35559427,1421628545,42987,768040.0443,0.6693771293,17.86679797
2013-04-28,134.6235696,11091264.81,42688,119432,33.69740318,1493145659,42688,540006.956,0.5391477899,12.65008799
2013-04-29,143.8103782,11095614.8,51922,88358,45.74771878,1595664561,51922,1720017.784,0.6345925875,33.12695551
2013-04-30,139.1296475,11099339.8,46575,76703,45.02852711,1544247235,46575,945361.4116,0.54388839,20.29761485
2013-05-01,116.113801,11103114.8,56714,83664,49.64354681,1289224863,56714,1491679.322,0.7587384033,26.30178301
2013-05-02,106.3409847,11106464.8,54340,82318,44.41725738,1181072404,54340,925416.8586,0.669102324,17.03012254
2013-05-03,96.31684027,11109889.8,50991,82210,44.9663268,1070069482,50991,852348.455,0.7391334661,16.71566463
2013-05-04,112.4976364,11113864.8,50588,70341,47.61758938,1250283521,50588,470815.5452,0.4129686765,9.306862204
2013-05-05,116.4887158,11117989.8,49862,72046,44.07806165,1295120355,49862,614239.4951,0.509731776,12.31878976
2013-05-06,112.1185962,11122139.8,52785,84314,43.56500799,1246998701,52785,852140.9761,0.5735623008,16.14361989
2013-05-07,111.6092129,11126339.8,57354,111196,47.11792737,1241802028,57354,981515.2099,0.627260046,17.11328259
2013-05-08,113.1360619,11130464.8,50453,101126,52.659314,1259256955,50453,802263.6241,0.6722701741,15.90120754
2013-05-09,111.9745327,11134564.8,67022,82877,65.72487202,1246787691,67022,679350.6359,0.5356217932,10.13623341
2013-05-10,117.6910369,11138864.8,67509,84004,68.8768857,1310944548,67509,852961.1571,0.5095800121,12.63477695
2013-05-11,115.4997777,11143414.8,73410,81104,57.55085644,1287061932,73410,669907.2636,0.4004596453,9.125558692
2013-05-12,114.8856756,11147614.8,64714,69104,56.10096802,1280701258,64714,540002.3005,0.4605273873,8.34444325
2013-05-13,117.4044566,11151964.8,60566,82986,57.91616267,1309290368,60566,1069924.325,0.5671079438,17.66542821
2013-05-14,107.8655666,11155814.8,67020,84579,58.05830927,1203328284,67020,809591.6313,0.5273045125,12.07985126
2013-05-15,108.9868524,11159339.8,62834,83911,59.65506741,1216221320,62834,707976.6989,0.5672427327,11.26741412
2013-05-16,112.9178741,11163039.8,61152,84369,77.39508146,1260506723,61152,681826.2268,0.5961943631,11.14969628
2013-05-17,117.284616,11167064.8,59200,78514,55.82094297,1309724907,59200,817703.1503,0.5820626977,13.81255322
2013-05-18,118.1698767,11170789.8,52066,68752,39.60476074,1320050853,52066,712895.6242,0.6772876663,13.69215273
2013-05-19,117.0338802,11174689.8,47001,63144,46.77357992,1307817308,47001,402806.4602,0.4874058684,8.570167873
2013-05-20,117.8186365,11177914.8,48652,72183,43.45882979,1316966681,48652,521542.9226,0.6432089377,10.71986604
2013-05-21,117.2520409,11181689.8,53953,82257,46.51709746,1311075950,53953,662149.3869,0.7576413963,12.27270748
2013-05-22,118.9781736,11185589.8,51896,75632,49.84306615,1330841045,51896,727985.8262,0.7737133394,14.02778299
2013-05-23,123.726156,11189939.8,59647,82761,56.29797076,1384488238,59647,677816.9199,0.7277685081,11.36380572
2013-05-24,128.9710807,11194164.8,54659,83234,48.21816961,1443723532,54659,723440.577,0.7734369557,13.23552529
2013-05-25,128.8449153,11198289.8,50763,69552,47.07008585,1442842701,50763,717841.18,0.5852617455,14.14103146
2013-05-26,130.1586011,11202364.8,40723,69609,31.65298367,1458084132,40723,380452.5216,0.6478403984,9.342448287
2013-05-27,126.3929059,11206764.8,53158,74785,49.35962857,1416455569,53158,677550.1947,0.5799297,12.74596852
2013-05-28,125.9045953,11210714.8,58222,77841,55.69948086,1411480510,58222,720927.6024,0.717988091,12.38239158
2013-05-29,129.5648124,11214914.8,54168,79692,51.4040403,1453058332,54168,776368.0134,0.7709423427,14.33259514
2013-05-30,126.5130684,11219389.8,56337,77410,47.14595232,1419399429,56337,616748.4988,0.7236564663,10.94748564
2013-05-31,127.8164889,11223764.8,54306,75957,44.96405961,1434582209,54306,666203.6231,0.8212242482,12.2675878
2013-06-01,128.7911511,11229089.8,53613,66565,40.88604223,1446207401,53613,472476.2104,0.563470389,8.812717259
2013-06-02,122.6267089,11234064.8,49967,66768,48.95495464,1377596395,49967,433958.1112,0.637870825,8.684894255
2013-06-03,122.9491879,11239389.8,56421,79951,59.49013203,1381873849,56421,769111.1882,0.7105536969,13.63164758
2013-06-04,120.1899687,11244714.8,56427,78923,53.29072787,1351501921,56427,640373.1427,0.8097015169,11.34870085
2013-06-05,120.8699238,11249314.8,57092,78551,60.83127158,1359703824,57092,679700.8336,0.6788785613,11.90536036
2013-06-06,119.0539757,11253839.8,54281,73112,40.94894235,1339814370,54281,751838.5547,0.6616494708,13.85086042
2013-06-07,110.1977314,11257864.8,52059,74130,43.79028868,1240591162,52059,702007.8634,0.8959621828,13.4848511
2013-06-08,109.1785453,11262389.8,47330,57561,42.01691456,1229611336,47330,394407.0379,0.7142886888,8.333129894
2013-06-09,99.90360345,11266364.8,44753,56850,35.36396119,1125550442,44753,716290.9498,0.717581724,16.00542868
2013-06-10,104.3575666,11270714.8,45143,61027,35.7347611,1176184371,45143,486219.9612,0.7680516381,10.77066126
2013-06-11,107.5075205,11275214.8,48715,66039,46.25426575,1212170386,48715,577289.0095,0.7620955227,11.85033377
2013-06-12,106.3781163,11280289.8,45916,64507,42.72382403,1199975981,45916,576226.2214,0.8258653476,12.5495736
2013-06-13,101.3238977,11284939.8,43686,67482,41.05659069,1143434086,43686,646296.831,1.05442055,14.79414071
2013-06-14,99.2132443,11289439.8,48983,74179,35.74903648,1120061949,48983,735140.6308,0.9754443641,15.0080769
2013-06-15,99.87503741,11293764.8,35845,53859,33.08841937,1127965182,35845,414527.7546,0.9126504717,11.56445124
2013-06-16,99.03835126,11298389.8,43150,49113,31.54727075,1118973898,43150,525006.2157,0.5723237441,12.16700384
2013-06-17,100.1263051,11302014.8,46511,57059,37.47144519,1131628982,46511,586692.907,0.655771727,12.61406779
2013-06-18,104.2891764,11305514.8,44976,63396,37.99589755,1179042827,44976,621449.1115,0.7916928953,13.81734951
2013-06-19,104.4171508,11308914.8,46996,69066,36.58315831,1180844662,46996,582402.6373,0.7214044765,12.39260016
2013-06-20,104.3234997,11312764.8,53645,69393,72.3927853,1180187216,53645,774411.9995,0.620416303,14.4358654
2013-06-21,101.4168574,11316964.8,45795,67982,40.54066326,1147731006,45795,730159.8265,0.961388496,15.94409491
2013-06-22,100.0395085,11321364.8,44378,58423,56.09125162,1132583770,44378,448484.3907,0.7301515283,10.10600727
2013-06-23,100.3147446,11325489.8,38075,51312,32.37426524,1136113617,38075,337555.6705,0.6533137304,8.865546173
2013-06-24,99.04568323,11329239.8,44521,65308,39.37157997,1122112297,44521,606375.0286,0.8080715625,13.61997773
2013-06-25,97.83278872,11333164.8,43987,61404,33.74721753,1108755118,43987,698700.2915,0.7902360856,15.88424515
2013-06-26,98.65170076,11337514.8,46920,66298,41.20273964,1118465118,46920,641125.8956,0.8503046512,13.66423477
2013-06-27,96.8039496,11341689.8,44877,59748,29.81463528,1097920368,44877,546104.8461,0.8370113031,12.16892498
2013-06-28,89.42450672,11345914.8,49996,69884,48.3056901,1014602835,49996,686557.7486,0.8851712232,13.73225355
2013-06-29,88.79729106,11350139.8,36048,60173,24.44644698,1007861668,36048,525716.0375,0.8529089018,14.58377823
2013-06-30,89.48090766,11353964.8,30124,49735,29.37038541,1015963076,30124,400953.51,0.7192260526,13.31010191
2013-07-01,82.86757013,11357889.8,38911,68318,23.20248246,941200729.9,38911,888870.313,1.268493813,22.84367693
2013-07-02,87.81646669,11361714.8,39542,64222,35.65839413,997745649.5,39542,693881.5042,1.128364688,17.54796177
2013-07-03,77.6913308,11366314.8,35054,65913,27.94577967,883064123.4,35054,840577.7238,1.66035256,23.97950944
2013-07-04,79.13487084,11370439.8,35320,60723,23.49154981,899798285.2,35320,851591.2048,1.071322909,24.11073626
2013-07-05,67.44762385,11375089.8,36700,60477,32.2621501,767222778.3,36700,1147561.553,1.09501263,31.26870718
2013-07-06,66.34168089,11379764.8,32727,55911,29.60211278,754952725.2,32727,678794.2572,0.7978543699,20.74110848
2013-07-07,72.10952237,11384414.8,30743,49774,18.65165049,820924714,30743,626289.92,0.7821574481,20.37178935
2013-07-08,73.98855377,11389214.8,39175,63707,32.81689597,842671531.9,39175,818566.4797,1.002506418,20.89512392
2013-07-09,74.89191087,11393839.8,40664,67007,34.73831209,853306435,40664,1114715.742,1.24084162,27.4128404
2013-07-10,85.01367914,11398714.8,39510,65740,26.64620192,969046682.8,39510,980155.0862,1.279982246,24.80777237
2013-07-11,87.49754939,11403064.8,43449,73389,35.41780882,997740225.8,43449,994637.5368,1.684070023,22.89206971
2013-07-12,90.04669871,11406914.8,49231,79838,31.42367124,1027155021,49231,979735.5512,1.126715376,19.9007851
2013-07-13,91.5925979,11410839.8,37197,61884,33.10948476,1045148462,37197,822786.161,0.9810508935,22.1196914
2013-07-14,89.89226928,11415139.8,33438,46805,22.3370959,1026132821,33438,542716.7697,0.6580321142,16.2305392
2013-07-15,93.79615254,11419239.8,37389,63555,22.79240231,1071080759,37389,676856.3558,0.847753323,18.10308796
2013-07-16,91.78103565,11423339.8,39999,67361,36.49937072,1048445958,39999,942219.0258,1.114489494,23.55606455
2013-07-17,91.03135126,11427939.8,39582,62286,32.88299626,1040300802,39582,1022255.308,0.9856274653,25.82626719
2013-07-18,84.96172912,11431964.8,40944,62207,37.37152233,971279496.9,40944,1014422.857,1.161793681,24.77586111
2013-07-19,86.2387946,11436239.8,36483,58937,21.10564739,986247535.4,36483,786443.0076,0.9720683179,21.55642375
2013-07-20,84.91085915,11440889.8,34103,53871,23.32369245,971455782.5,34103,490795.4815,0.5987926693,14.39156325
2013-07-21,85.66435026,11445864.8,34746,49487,24.26855621,980502571.5,34746,472125.7311,0.7381366905,13.58791605
2013-07-22,85.64902864,11449989.8,39744,60370,32.82874431,980680504.5,39744,877950.9727,0.9226491095,22.09015128
2013-07-23,86.97705669,11453514.8,38373,65040,29.73592244,996193006.3,38373,990461.0282,1.004908689,25.81140459
2013-07-24,88.15173057,11457489.8,42718,65575,27.8856613,1009997554,42718,893595.5255,0.9853691974,20.91847759
2013-07-25,90.16609223,11461139.8,41480,66060,32.9440547,1033406188,41480,772867.031,0.9531520983,18.63228137
2013-07-26,89.98398597,11465239.8,37751,63241,20.54078284,1031687978,37751,785360.5421,1.014769451,20.80370168
2013-07-27,88.16527586,11469764.8,35941,51388,31.77692988,1011234978,35941,448827.961,0.6191553247,12.48790966
2013-07-28,92.7458422,11473964.8,38638,50927,26.10463175,1064162529,38638,606570.8895,0.5530274866,15.69881696
2013-07-29,93.29869725,11478414.8,40392,66163,28.33817537,1070921148,40392,703947.5784,0.9779450591,17.42789608
2013-07-30,96.65955289,11483339.8,43611,71863,38.71096249,1109974491,43611,998464.6123,0.9981734563,22.89478829
2013-07-31,98.02441993,11488089.8,48569,80412,48.73931895,1126113339,48569,824971.829,0.8283344095,16.98556341
2013-08-01,96.56801783,11492514.8,50984,113593,38.05729606,1109809374,50984,1136696.75,0.7808589396,22.29516613
2013-08-02,96.07453068,11497314.8,52012,75758,29.43916064,1104599124,52012,908962.525,0.7624705474,17.47601563
2013-08-03,95.50670953,11501564.8,44128,58781,25.88098585,1098476609,44128,647781.2533,0.5103515789,14.67959693
2013-08-04,96.36548217,11506039.8,43835,61806,32.06588238,1108785073,43835,506739.4351,0.4574252005,11.56015593
2013-08-05,97.52713384,11510764.8,49802,71751,27.38146121,1122611899,49802,809376.4975,0.78255145,16.25188742
2013-08-06,97.6712066,11515514.8,54586,71609,41.90638143,1124734225,54586,752804.6858,0.530852457,13.79116781
2013-08-07,97.0542069,11520164.8,57855,76654,31.75098121,1118080458,57855,820247.5971,0.5033475782,14.17764406
2013-08-08,94.25727177,11525289.8,56892,71239,48.60243808,1086342373,56892,718866.2554,0.3982504405,12.63562988
2013-08-09,92.47277674,11530164.8,50425,65764,44.43261998,1066226355,50425,637995.8738,0.5549308868,12.65237231
2013-08-10,93.29355289,11535414.8,50367,57919,28.9789151,1076179831,50367,499124.4939,0.4999702397,9.909752296
2013-08-11,94.27131239,11540814.8,38470,54441,33.1150353,1087967757,38470,419095.5764,0.5132950711,10.89408829
2013-08-12,95.44647078,11546214.8,50040,104031,25.24317743,1102045453,50040,826254.1229,0.5719226657,16.51187296
2013-08-13,97.75907508,11550789.8,53870,76972,30.38184439,1129194527,53870,1278432.717,0.6326062306,23.73181209
2013-08-14,99.12128755,11554989.8,50866,76346,43.99433559,1145345466,50866,1279331.021,0.8117025312,25.15100501
2013-08-15,98.10633314,11559239.8,57170,74632,62.7033247,1134034630,57170,794267.8878,0.5266020893,13.89308882
2013-08-16,98.29096026,11563439.8,71128,82397,46.96995575,1136581601,71128,1057972.531,0.2755085506,14.87420609
2013-08-17,99.63050438,11568189.8,57694,62108,29.96590076,1152544584,57694,992542.5613,0.1946291462,17.20356642
2013-08-18,99.17803974,11573039.8,56575,57869,45.97163672,1147791401,56575,767240.1592,0.2579502485,13.56146989
2013-08-19,102.7840123,11577464.8,70058,77962,48.00267637,1189978284,70058,1040127.795,0.2638542649,14.84666697
2013-08-20,104.500211,11582214.8,62577,79492,33.93227878,1210343890,62577,926377.2588,0.3695112157,14.80379786
2013-08-21,110.8016037,11587114.8,61952,85074,32.9347733,1283870902,61952,1233989.937,0.4959585254,19.91848426
2013-08-22,109.5232168,11592514.8,65300,81577,38.15017002,1269649512,65300,786414.9948,0.4048913215,12.04310865
2013-08-23,107.6975716,11597414.8,54838,81517,33.87077615,1249013410,54838,804003.291,0.4678192763,14.66142622
2013-08-24,108.882675,11601989.8,51936,63858,27.72908804,1263255685,51936,548539.058,0.3264431186,10.56182721
2013-08-25,113.0825634,11605764.8,45140,69624,30.62721647,1312409633,45140,533700.1407,0.3836223613,11.82321978
2013-08-26,112.1181148,11609914.8,55116,75443,40.43258518,1301681760,55116,677409.2492,0.4840163436,12.29060979
2013-08-27,117.7597908,11614139.8,61838,95082,39.73187777,1367678672,61838,855945.3048,0.6234131321,13.84173655
2013-08-28,118.3174144,11618589.8,65524,84528,261.1505753,1374681503,65524,772548.8296,0.4092212482,11.7903185
2013-08-29,118.8356382,11623314.8,58633,74770,27.57765632,1381264032,58633,2551349.473,0.3343525612,43.51388251
2013-08-30,124.8853796,11628439.8,61739,88736,43.04608396,1452222118,61739,777636.6402,0.4922673911,12.59554966
2013-08-31,128.377979,11634014.8,46466,87612,31.03442057,1493551307,46466,812208.6424,0.5547057258,17.47963333
2013-09-01,130.536372,11639539.8,46591,57043,25.02510912,1519383297,46591,782011.0168,0.3234194374,16.78459395
2013-09-02,129.5653717,11644914.8,51932,63738,47.82464434,1508777714,51932,795621.6899,0.4006934825,15.32045155
2013-09-03,129.1828036,11649764.8,52252,72441,31.39171696,1504949278,52252,914936.2042,0.5003374922,17.51007051
2013-09-04,122.5292387,11653839.8,51616,75781,26.38230207,1427936119,51616,884634.5665,0.570949438,17.1387664
2013-09-05,122.370085,11658314.8,61074,70530,32.98819459,1426628973,61074,851451.9212,0.2494155331,13.9413158
2013-09-06,117.8611464,11662939.8,62299,75818,34.26131377,1374607455,62299,696667.9394,0.3339438076,11.18265043
2013-09-07,119.8149895,11666564.8,50469,60406,23.74035028,1397829338,50469,588450.5211,0.2304302669,11.65964297
2013-09-08,118.0573863,11670489.8,45566,55602,25.97522831,1377787522,45566,384270.0665,0.1928130099,8.433263102
2013-09-09,121.2592726,11675564.8,58296,75151,30.72182821,1415770495,58296,1007662.452,0.1942696792,17.28527604
2013-09-10,122.2155302,11680339.8,52594,70346,25.30003626,1427518921,52594,629154.3135,0.2946106763,11.96247316
2013-09-11,127.0882271,11685339.8,48436,74178,22.32762493,1485069117,48436,780917.055,0.544755416,16.12265784
2013-09-12,126.7807236,11690664.8,53334,78649,30.93057613,1482150942,53334,697906.618,0.5213805234,13.08558552
2013-09-13,127.4077452,11695764.8,44619,65832,21.09777554,1490131021,44619,632822.8546,0.7381576361,14.18281124
2013-09-14,124.3484775,11701214.8,42218,53427,19.58750727,1455028245,42218,558499.8819,0.3507159949,13.22895168
2013-09-15,125.0764179,11705739.8,54017,54408,27.85439459,1464112002,54017,399581.774,0.1482453712,7.397333691
2013-09-16,126.204666,11709589.8,53238,70731,41.783928,1477804869,53238,698986.5653,0.4017918007,13.12946702
2013-09-17,126.8972501,11714064.8,68040,73646,304.9783704,1486482611,68040,625724.1974,0.224606916,9.196416775
2013-09-18,126.9038194,11718189.8,58643,77986,107.1638466,1487083042,58643,799905.2627,0.3059403585,13.6402514
2013-09-19,124.1809573,11722939.8,60342,80008,89.68561591,1455765887,60342,826549.7722,0.3971945543,13.69775235
2013-09-20,122.9216359,11727939.8,57538,75867,26.33245668,1441617545,57538,709619.6481,0.4921184099,12.33306073
2013-09-21,123.5082569,11732664.8,52298,66018,26.80048419,1449080977,52298,436987.2701,0.3286177056,8.355716664
2013-09-22,123.1249351,11737739.8,51323,64347,26.64356064,1445208451,51323,488115.8552,0.2645605455,9.51066491
2013-09-23,122.865699,11742989.8,65141,80171,39.46670559,1442810650,65141,984015.0423,0.423527481,15.10592472
2013-09-24,123.7973577,11748289.8,62127,78410,30.52040903,1454407234,62127,929917.5132,0.4974015694,14.96800929
2013-09-25,123.6140786,11753439.8,55484,79801,31.76476312,1452890631,55484,852812.2459,0.5637141075,15.37041752
2013-09-26,124.6856745,11757489.8,56857,77792,26.7165381,1465990545,56857,731884.2794,0.4833514376,12.87236891
2013-09-27,126.6053477,11761939.8,46171,77735,82.49434415,1489124478,46171,655702.6182,0.7945241002,14.2016118
2013-09-28,126.7965517,11766364.8,42643,68961,26.22364482,1491934482,42643,535406.169,0.669813168,12.55554649
2013-09-29,127.1086277,11770614.8,40260,70490,25.45113547,1496146694,40260,525149.8754,0.6378874626,13.04396114
2013-09-30,126.0902618,11774689.8,46872,80461,25.72898641,1484673719,46872,815583.7454,0.9753964994,17.40023352
2013-10-01,127.5754243,11779364.8,58336,91102,39.65933605,1502757462,58336,1069089.668,0.6890590447,18.32641367
2013-10-02,104.1050929,11784139.8,60461,104703,39.35322586,1226788969,60461,1273626.191,0.870783527,21.06525184
2013-10-03,117.575495,11789114.8,59974,90980,36.84804529,1386111008,59974,861540.7996,0.5304931949,14.36523826
2013-10-04,121.9303477,11793614.8,50935,76881,24.44977202,1437999553,50935,759030.846,0.5204282705,14.90195045
2013-10-05,121.3934027,11799089.8,45100,65561,26.02387199,1432331659,45100,434677.6582,0.3891068127,9.638085547
2013-10-06,122.4752613,11803714.8,43229,61903,21.53176635,1445663053,43229,410493.7314,0.3515975354,9.495795217
2013-10-07,123.9068726,11807614.8,45722,78360,32.84825029,1463044622,45722,690035.4937,0.5829458729,15.09197965
2013-10-08,124.7665289,11811664.8,43999,75010,16.76233569,1473700417,43999,688726.7582,0.4642591286,15.65323662
2013-10-09,125.9335203,11816114.8,51194,79805,31.1364615,1488044933,51194,889457.1654,0.5146524916,17.37424631
2013-10-10,126.7046505,11820914.8,56673,81804,30.60105032,1497764878,56673,735335.3775,0.418011492,12.97505651
2013-10-11,127.2552992,11825539.8,51064,78192,22.64546907,1504862605,51064,789302.2027,0.4775518219,15.45711661
2013-10-12,127.851263,11830889.8,49316,76060,32.24905726,1512594203,49316,670397.82,0.3164536591,13.59392124
2013-10-13,132.4156587,11836414.8,50663,77953,30.49547155,1567326662,50663,680655.7313,0.3487653988,13.43496696
2013-10-14,135.3391949,11842664.8,57224,83416,33.0166162,1602776719,57224,875658.4083,0.3845449209,15.30229289
2013-10-15,141.4939085,11849164.8,56110,86235,38.83467124,1676584640,56110,894229.662,0.5413519267,15.93708184
2013-10-16,138.3279219,11854414.8,49914,92582,46.88056297,1639796564,49914,990861.7299,0.7472822447,19.85137897
2013-10-17,143.7471338,11858589.8,48197,82808,37.09597769,1704638295,48197,846607.6627,0.5301740491,17.56556762
2013-10-18,152.7755722,11863389.8,58134,84996,37.89805654,1812436164,58134,874432.5424,0.3753545098,15.0416717
2013-10-19,165.7727171,11868964.8,56808,96934,37.2442253,1967550544,56808,958150.2358,0.5286635915,16.86646662
2013-10-20,166.5001511,11873939.8,47771,69040,27.7878961,1977012770,47771,657316.887,0.3575432191,13.75974727
2013-10-21,179.9106286,11879214.8,60385,97064,37.55192847,2137197001,60385,974023.9995,0.4670541183,16.13023101
2013-10-22,190.4027814,11885339.8,64705,110677,41.72945351,2263001755,64705,1143535.422,0.6026540114,17.67306115
2013-10-23,204.600351,11890864.8,55738,108316,45.871002,2432875110,55738,1030579.141,0.6594172462,18.48970435
2013-10-24,194.4100438,11896239.8,62908,111952,50.54905043,2312748499,62908,989520.1929,0.5112287312,15.72964
2013-10-25,185.6437876,11902114.8,57306,100894,51.07676703,2209553671,57306,2569518.485,0.3873224142,44.83855941
2013-10-26,179.808218,11906664.8,47337,72893,35.29520793,2140916179,47337,653420.8242,0.2741643321,13.80359601
2013-10-27,194.5461333,11911139.8,43681,66108,57.90301465,2317266190,43681,465221.4387,0.2750555825,10.65043013
2013-10-28,196.2746873,11915514.8,50915,86585,31.11585898,2338713941,50915,620760.6119,0.3893166309,12.19209687
2013-10-29,204.4281742,11919514.79,50035,86798,34.51990081,2436684646,50035,1598011.215,0.4345095795,31.93786779
2013-10-30,197.9005994,11924389.79,48900,96056,30.0828205,2359843888,48900,737080.6376,0.6084216033,15.07322367
2013-10-31,203.2836499,11929664.79,56611,95791,29.38133725,2425105802,56611,648029.4754,0.2940816934,11.44705932
2013-11-01,203.0371098,11934864.79,44891,86825,34.80799086,2423220454,44891,621284.0111,0.7492866704,13.83983451
2013-11-02,204.7928814,11939914.79,39677,78835,23.83709114,2445209554,39677,639155.1412,0.5013748492,16.10895837
2013-11-03,210.2753826,11944714.79,34787,81991,40.51134461,2511679474,34787,553712.4106,0.5718738851,15.91722226
2013-11-04,228.7910389,11949589.79,46469,102736,52.23327625,2733959063,46469,974709.2024,0.862223455,20.97547187
2013-11-05,243.6416689,11953939.79,52113,118752,47.42354324,2912477842,52113,1079512.844,0.9496733504,20.71484743
2013-11-06,263.209584,11958014.79,55598,133026,146.2294002,3147464099,55598,880410.4337,0.8256044355,15.83528965
2013-11-07,290.1242262,11961614.79,59323,129067,127.7294156,3470354236,59323,1170207.443,0.9473976152,19.72603279
2013-11-08,333.7506565,11964964.79,59787,131772,107.3409606,3993314855,59787,1000836.89,0.9252865694,16.74004198
2013-11-09,331.0511485,11968664.79,54988,129648,56.08627856,3962240226,54988,915383.8294,1.042624385,16.64697442
2013-11-10,327.5586535,11972939.79,56423,114440,45.29771513,3921840038,56423,702620.4759,0.3879641055,12.45273161
2013-11-11,342.6976929,11977614.79,56797,115536,62.00380009,4104700956,56797,682828.1744,0.2929287302,12.02225777
2013-11-12,354.6454883,11982639.79,58112,116498,22.58556337,4249589141,58112,1066069.313,0.4821321732,18.34508041
2013-11-13,394.5044952,11986839.79,65821,125199,23.4414339,4728862183,65821,1210625.435,0.4267885462,18.39269283
2013-11-14,416.7063033,11991414.79,69027,132404,23.0863762,4996898130,69027,1106701.251,0.4810510386,16.03287483
2013-11-15,408.3987973,11995564.79,60207,119399,17.00628728,4898974235,60207,2576348.263,0.5156577379,42.79150701
2013-11-16,435.7984428,12000414.79,46401,103125,14.14191182,5229762080,46401,1452831.362,0.6682286383,31.31034593
2013-11-17,485.3365769,12005064.79,52361,109082,17.81856788,5826497052,52361,1136362.762,0.5073427632,21.70246485
2013-11-18,657.7785039,12008964.79,82186,171380,29.20302883,7899238896,82186,1848933.069,0.8311810082,22.49693463
2013-11-19,546.8783973,12012989.79,90607,205240,29.42445949,6569644606,90607,2439145.998,1.100586534,26.92006134
2013-11-20,595.3390996,12017089.79,75413,161122,24.87451313,7154243419,75413,1408976.497,0.6877609756,18.68346965
2013-11-21,720.7644253,12020839.79,73091,192640,27.05651416,8664193686,73091,1874316.914,0.4986747228,25.64360747
2013-11-22,802.9169337,12025139.79,77157,168639,23.24979026,9655188371,77157,2023106.317,0.4697895687,26.22064515
2013-11-23,834.29534,12029389.79,70791,146167,20.59439756,1.003606385e+10,70791,1338952.678,0.4495782033,18.91416534
2013-11-24,807.1666955,12033589.79,60636,123964,17.45151767,9713112910,60636,1317114.536,0.2784356704,21.72165935
2013-11-25,816.2433866,12037914.79,71456,143350,19.54142156,9825868340,71456,1289763.893,0.2688585336,18.04976339
2013-11-26,916.0971601,12041889.79,87387,187706,26.35412352,1.103154104e+10,87387,3734253.35,0.4782211091,42.73236694
2013-11-27,962.9105609,12046214.79,92612,192515,29.76760628,1.159942744e+10,92612,2998387.615,0.7118511602,32.37580027
2013-11-28,1007.387164,12050739.79,98832,201832,30.78076553,1.213976058e+10,98832,3199474.145,0.7179990237,32.37285641
2013-11-29,1128.725488,12055064.79,89638,188994,25.94793907,1.360685889e+10,89638,2287238.186,0.59973484,25.51639022
2013-11-30,1119.296715,12059464.79,73916,163385,20.19106657,1.349811933e+10,73916,1767438.247,0.4833847834,23.91144336
2013-12-01,964.4857937,12064339.79,72087,164939,18.73813606,1.163588434e+10,72087,1436155.632,0.5319103748,19.92253295
2013-12-02,1040.808218,12068314.79,76173,179818,21.38438515,1.256080121e+10,76173,1287787.784,0.4654719205,16.9060925
2013-12-03,1053.621027,12073314.79,76685,173471,20.10181662,1.272069834e+10,76685,1098940.496,0.4042829337,14.3305796
2013-12-04,1134.932231,12077589.79,80693,186429,21.10152588,1.370724593e+10,80693,1251918.225,0.4136432002,15.51458274
2013-12-05,1027.411773,12081839.79,84082,185882,22.81446769,1.241302444e+10,84082,1518188.932,0.6106363744,18.05605161
2013-12-06,824.5817103,12087039.79,70222,165974,18.78429566,9966751947,70222,1284564.81,0.5554828518,18.29291119
2013-12-07,703.748376,12091914.79,65963,148012,37.03590351,8509665399,65963,2366518.888,0.7375221282,35.87645934
2013-12-08,783.5733483,12096789.79,47735,115670,11.51679325,9478722083,47735,1152355.758,0.387781183,24.14068835
2013-12-09,896.0792899,12101189.79,63552,156514,17.0779677,1.084362556e+10,63552,1189579.659,0.3550667933,18.71820964
2013-12-10,977.1653673,12105989.79,69013,157623,17.89348547,1.182955396e+10,69013,807746.2704,0.3255139924,11.70426254
2013-12-11,875.4640343,12110114.79,66722,151130,17.46704365,1.060196995e+10,66722,1122088.364,0.3314802078,16.81736705
2013-12-12,873.324806,12114189.79,56680,129116,13.85625154,1.057962245e+10,56680,878051.0009,0.3024853963,15.49137263
2013-12-13,879.1561353,12118539.79,61005,146944,15.39668774,1.065408861e+10,61005,941974.7434,0.3192584215,15.44094326
2013-12-14,852.8561205,12123489.79,53014,147850,12.21548147,1.033959247e+10,53014,628505.2556,0.3184886565,11.8554581
2013-12-15,864.0616579,12127914.79,52714,141277,11.65009322,1.047926616e+10,52714,451392.4237,0.2621213405,8.56304632
2013-12-16,677.8941068,12132939.79,69955,180233,15.81227774,8224848384,69955,2448704.272,0.4577278322,35.00399216
2013-12-17,682.6267727,12138014.79,66328,156115,14.93766678,8285733866,66328,1535706.014,0.4373444054,23.15320851
2013-12-18,526.1209763,12142989.79,81215,181410,18.68442803,6388681646,81215,2125151.734,0.659787417,26.16698558
2013-12-19,685.525129,12148639.79,70022,157818,16.46884536,8328197861,70022,1229604.577,0.3989613049,17.56026073
2013-12-20,600.2169543,12153089.79,67421,158569,16.76918446,7294490541,67421,1135520.888,0.4159396002,16.84224334
2013-12-21,597.0335025,12157114.79,54866,124307,12.17276687,7258204826,54866,970531.5087,0.2692260976,17.68912457
2013-12-22,615.0130353,12161339.79,52236,124146,11.3884412,7479382500,52236,926383.7014,0.2323527987,17.73458346
2013-12-23,657.9266342,12165614.79,53612,151062,12.02926547,8004081994,53612,686521.9867,0.2285680381,12.80537915
2013-12-24,650.6647452,12169839.79,55951,132367,12.12616316,7918485708,55951,882348.7291,0.272236972,15.77002608
2013-12-25,678.2901581,12173889.79,54394,127600,12.11688495,8257429633,54394,835528.983,0.3748911833,15.36068285
2013-12-26,749.996595,12178389.79,52162,124049,13.56359012,9133750878,52162,597153.2871,0.2996773606,11.44805197
2013-12-27,722.5705675,12182989.79,53496,128876,12.55079776,8803069849,53496,613089.4281,0.2699860869,11.46047234
2013-12-28,715.8523631,12186739.79,46692,112555,11.43588033,8723906480,46692,608947.5072,0.2107333967,13.04179532
2013-12-29,727.2712157,12190939.79,51159,129208,14.39304689,8866119604,51159,817113.2463,0.1792632476,15.9720332
2013-12-30,735.7419971,12195264.79,54952,152090,11.69236497,8972568474,54952,806344.8795,0.2729326324,14.67362206
2013-12-31,729.5575829,12199864.79,48534,118420,11.01736155,8900503871,48534,504793.5908,0.248905644,10.40082398
2014-01-01,752.4045499,12204989.79,42383,96516,9.23071257,9183089853,42383,519306.9035,0.2078695564,12.25271697
2014-01-02,784.9549213,12208339.79,55196,138928,13.99736238,9582996402,55196,690798.273,0.2959048905,12.51536838
2014-01-03,807.222939,12212364.79,61335,143832,13.93784436,9858101001,61335,890745.5057,0.3375573052,14.52262991
2014-01-04,828.6020626,12215889.79,51901,116229,12.22066995,1.012211148e+10,51901,615469.4141,0.2797543121,11.85852708
2014-01-05,902.4873803,12220714.79,57487,134802,13.71199145,1.102904088e+10,57487,878018.7129,0.2979509807,15.27334376
2014-01-06,914.4599608,12225364.79,68483,179999,29.78934843,1.117960661e+10,68483,1035640.102,0.3289187202,15.12258665
2014-01-07,803.3517962,12229789.79,62183,141665,15.51390022,9824823598,62183,994414.9061,0.300700143,15.99174865
2014-01-08,820.6900095,12234614.79,60865,146348,13.94318173,1.004082613e+10,60865,779381.1032,0.2589174933,12.80507851
2014-01-09,831.3347505,12239789.79,59047,134908,12.87498495,1.017536259e+10,59047,588882.7295,0.2585757421,9.973118524
2014-01-10,853.2988548,12244464.79,54712,128371,12.58071048,1.044818779e+10,54712,549236.6354,0.2447970003,10.03868686
2014-01-11,889.5558371,12249714.79,55926,130495,12.41041555,1.08968053e+10,55926,410412.6045,0.2335536358,7.338493805
2014-01-12,845.1913322,12254889.79,49258,115119,11.56905543,1.035772663e+10,49258,411575.4418,0.2073388514,8.355504524
2014-01-13,822.8770122,12259114.79,54504,153853,12.26104653,1.008774375e+10,54504,536047.1437,0.2509621692,9.835005572
2014-01-14,815.2936027,12263164.79,55869,129226,15.76113788,9998079806,55869,740905.6394,0.2653375413,13.26148024
2014-01-15,841.0898574,12267764.79,62751,135647,17.25795822,1.031829254e+10,62751,611775.538,0.2441356274,9.749255598
2014-01-16,815.8548003,12272389.79,55602,130689,12.98211447,1.001248812e+10,55602,603075.5691,0.2452029453,10.84629274
2014-01-17,792.8295065,12276189.79,59146,128915,14.82703195,9732925496,59146,442907.0804,0.2456593737,7.488369128
2014-01-18,809.7835284,12280539.79,51185,106009,13.19663225,9944578844,51185,352006.7463,0.2121566987,6.877146552
2014-01-19,838.4284747,12284764.79,47424,108623,10.67819172,1.029989661e+10,47424,554599.8663,0.2080535254,11.69449786
2014-01-20,828.8852166,12289639.79,63512,180527,15.54030631,1.018670074e+10,63512,796653.4458,0.2640015718,12.54335316
2014-01-21,823.8179638,12293789.79,73070,160288,15.58238952,1.012784487e+10,73070,634891.5452,0.2284594513,8.688812717
2014-01-22,818.9763863,12298589.79,64796,150333,14.73238024,1.007225463e+10,64796,491008.0226,0.242925197,7.577752062
2014-01-23,810.9224252,12303014.79,62655,149895,16.59643957,9976790594,62655,507005.4758,0.2593934925,8.092019404
2014-01-24,781.042514,12307739.79,66566,144338,15.5422983,9612868030,66566,780424.6902,0.3004701995,11.7240737
2014-01-25,804.4032408,12311864.79,52913,125411,11.69380082,9903703941,52913,460585.944,0.2389522944,8.704589495
2014-01-26,814.4993814,12315664.79,53290,125376,11.63306914,1.003110136e+10,53290,406561.4629,0.2612954716,7.629226175
2014-01-27,742.701375,12320014.79,64355,171032,13.48469151,9150091927,64355,965019.9382,0.2984443108,14.9952597
2014-01-28,790.1764019,12323864.79,66013,158602,14.27281971,9738027140,66013,632497.2776,0.2893822183,9.581404838
2014-01-29,793.3844249,12327664.79,59521,142119,13.2910006,9780577243,59521,479088.1873,0.2609630256,8.049061463
2014-01-30,799.4744798,12332064.79,60940,151474,13.3333935,9859171086,60940,523894.9217,0.2549086996,8.596897304
2014-01-31,803.2375988,12336664.79,58927,146489,14.1843979,9909273006,58927,399675.3843,0.2898768688,6.782551026
2014-02-01,813.2195492,12341389.79,55715,138630,11.66972076,1.003625944e+10,55715,466495.7149,0.2249023651,8.372892667
2014-02-02,814.4908704,12346039.79,51119,132242,10.49520155,1.00557367e+10,51119,472534.3954,0.2126076624,9.243811408
2014-02-03,806.9974284,12350564.79,59417,175731,12.45498529,9966874028,59417,505303.8048,0.2043265495,8.504364151
2014-02-04,800.0782319,12354864.79,68066,166548,14.02531209,9884858380,68066,788722.7284,0.2285938958,11.58761685
2014-02-05,784.4736928,12359064.79,67380,156535,13.82920147,9695361198,67380,817262.2051,0.2399863778,12.12915116
2014-02-06,763.5693822,12363614.79,69722,162066,14.9625267,9440477710,69722,666111.033,0.2563918939,9.553814191
2014-02-07,711.5712734,12367489.79,72424,169400,15.64997603,8800350462,72424,923758.7977,0.3563072449,12.75487128
2014-02-08,677.6823009,12372039.79,63163,144461,12.04614909,8384312395,63163,579265.6005,0.2464857054,9.170964022
2014-02-09,687.4060546,12375489.79,57564,130842,10.75347261,8506986613,57564,512829.2567,0.2270739383,8.90885374
2014-02-10,685.4574988,12379389.79,65855,170337,13.00925185,8485545565,65855,768404.0088,0.3216187734,11.66811949
2014-02-11,671.8996917,12383489.79,67222,155297,13.14004625,8320462975,67222,707437.089,0.2764579331,10.52389231
2014-02-12,653.7657809,12387939.79,60833,212833,15.81237454,8098811133,60833,601010.8795,0.2417501873,9.879685032
2014-02-13,612.918415,12392389.79,69166,167617,14.38337588,7595523910,69166,667602.8098,0.2926898517,9.652181849
2014-02-14,668.7886027,12397164.79,73697,175329,17.06818514,8291082519,73697,652573.3726,0.2784302831,8.854815971
2014-02-15,654.3770602,12401839.79,61457,151828,12.40802876,8115479465,61457,981900.1522,0.229357062,15.97702706
2014-02-16,623.2503219,12406714.79,57435,135691,12.23026731,7732488990,57435,608308.4463,0.2226440888,10.59125004
2014-02-17,631.3345963,12410589.79,61436,173737,22.86025684,7835234697,61436,511176.3396,0.2260164433,8.320469099
2014-02-18,627.2717614,12414664.79,64161,154278,13.05530826,7787368653,64161,496699.8918,0.2205662817,7.741461195
2014-02-19,623.5401369,12419664.79,72495,181354,14.98459531,7744159486,72495,461798.885,0.2550100476,6.370079109
2014-02-20,563.7685611,12424089.79,68604,179241,14.38397198,7004311226,68604,553559.7717,0.327767479,8.068913937
2014-02-21,580.324316,12427889.79,70573,180043,14.1107441,7212206644,70573,506625.5366,0.42397672,7.178744515
2014-02-22,607.1246333,12432389.79,57544,152477,12.10609628,7548010095,57544,367182.3605,0.2797531029,6.380897409
2014-02-23,610.0823237,12436589.79,59341,162703,11.961726,7587343601,59341,405993.2969,0.2885069656,6.841699616
2014-02-24,542.2666508,12441364.79,74409,217723,15.40597851,6746537218,74409,846500.7397,0.3771465564,11.37632195
2014-02-25,533.7076444,12445389.79,79446,209042,17.59133457,6642199671,79446,1051673.132,0.4873679489,13.23758442
2014-02-26,587.5785883,12449989.79,72156,198825,14.77961088,7315347427,72156,659939.5412,0.3719213129,9.146010605
2014-02-27,585.3939257,12454689.79,72340,186867,14.68596157,7290899751,72340,566590.9492,0.2733902642,7.832332723
2014-02-28,551.2947703,12459214.79,71210,202531,16.79261205,6868699958,71210,596242.4781,0.3490582722,8.373016122
2014-03-01,567.5342354,12462814.79,61950,174849,12.13571844,7073074066,61950,781014.1174,0.2919083813,12.60716897
2014-03-02,558.5277072,12466314.79,57645,161296,11.05133454,6962782219,57645,558875.9,0.2522847089,9.695132275
2014-03-03,676.5057328,12470014.79,81290,239106,17.30770071,8436036496,81290,967060.4228,0.3310807125,11.89642543
2014-03-04,674.5113994,12473739.79,83167,230183,17.10230187,8413679685,83167,997493.935,0.3366570234,11.99386698
2014-03-05,670.3388511,12477639.79,72579,204980,14.43840966,8364246724,72579,664141.1061,0.2618854624,9.150595986
2014-03-06,667.712834,12481964.79,69266,191203,14.3772855,8334368087,69266,596068.2733,0.2378792078,8.605495817
2014-03-07,631.7702952,12486114.79,72245,181365,13.95370614,7888356429,72245,2444872.941,0.2304239391,33.84141382
2014-03-08,621.5241145,12490314.79,64794,171767,11.58315791,7763031842,64794,1565524.933,0.2992611158,24.16157258
2014-03-09,640.5788893,12494789.79,61341,172480,12.18432022,8003898569,61341,908750.038,0.2586176391,14.81472487
2014-03-10,628.1512412,12498514.79,71589,209703,16.40539825,7850957581,71589,1560332.822,0.2543559409,21.79570636
2014-03-11,633.7338382,12502714.79,76932,192707,15.50713128,7923393435,76932,988153.7677,0.2309408006,12.84450902
2014-03-12,634.6468237,12507264.79,75743,201998,16.44957496,7937695875,75743,1095721.994,0.2409198223,14.46631364
2014-03-13,643.4321009,12511314.79,73111,198172,14.75387595,8050181562,73111,752321.6985,0.2129424376,10.29013006
2014-03-14,628.30859,12514639.79,69334,185902,13.38452791,7863055683,69334,619506.2143,0.1631300314,8.935099869
2014-03-15,636.2186501,12518764.79,60354,146037,10.95668217,7964671638,60354,574494.0422,0.1552312243,9.518740137
2014-03-16,634.168901,12523039.79,59542,141737,12.48258536,7941722383,59542,381943.7623,0.1291201758,6.414694877
2014-03-17,622.7602086,12527064.79,64647,187013,12.88207515,7801357485,64647,533050.0253,0.1781584604,8.245549296
2014-03-18,614.3095137,12530714.79,55702,145860,9.96117055,7697737312,55702,2704175.516,0.1966272657,48.54718889
2014-03-19,610.5112035,12534714.79,72825,162108,13.31135881,7652583814,72825,1096947.437,0.164137856,15.06278664
2014-03-20,586.6075957,12539139.79,72682,170768,14.23946212,7355554647,72682,707110.1313,0.2016680331,9.728820496
2014-03-21,569.694518,12543789.79,70606,185393,14.06589383,7146128280,70606,592664.8078,0.1771563475,8.393972294
2014-03-22,564.7000267,12548039.79,67390,171832,17.84621932,7085878407,67390,422455.4431,0.1699610332,6.268815004
2014-03-23,558.9588617,12553389.79,58394,149492,11.30486757,7016828469,58394,342763.5326,0.1384592057,5.869841637
2014-03-24,585.0232505,12558089.79,69060,189786,12.56148514,7346774511,69060,647603.5947,0.1752648291,9.377405078
2014-03-25,583.7711891,12562014.79,73053,171509,14.78010341,7333342313,73053,563879.8628,0.2195569127,7.718777638
2014-03-26,579.2438504,12565989.79,67123,166155,15.07958081,7278772312,67123,511496.0164,0.2042265963,7.620279433
2014-03-27,483.1640126,12570314.79,73681,186843,14.03211189,6073523735,73681,914523.7341,0.2598682781,12.41193434
2014-03-28,498.6613289,12574664.79,64037,178365,11.83330298,6270499057,64037,798116.7416,0.2128679202,12.4633687
2014-03-29,489.5170235,12579039.79,54656,146650,10.04636588,6157654119,54656,421489.7339,0.182338909,7.711682778
2014-03-30,458.9663283,12582539.79,54831,164718,10.59980667,5774962089,54831,620746.7922,0.2042393836,11.32109194
2014-03-31,455.3553541,12587039.79,65788,172497,12.78271108,5731575962,65788,766590.5866,0.2415432234,11.65243793
2014-04-01,479.0084659,12591314.79,65002,180851,12.44114174,6031346383,65002,700896.4432,0.279732008,10.78269043
2014-04-02,439.0114925,12596239.79,65082,176078,12.98500184,5529894032,65082,767176.6132,0.2712844698,11.7878463
2014-04-03,449.4411515,12601339.79,67888,173295,13.69518395,5663560667,67888,765671.4808,0.2399602253,11.27845099
2014-04-04,449.7198697,12606214.79,64956,177264,13.44329302,5669265274,64956,648375.8082,0.2507916763,9.981769324
2014-04-05,461.6753315,12610489.79,54863,151868,10.99179199,5821952055,54863,709680.1879,0.1800810967,12.93549729
2014-04-06,458.6334805,12614264.79,50897,185666,10.54407411,5785324166,50897,450892.7494,0.1783820926,8.858925858
2014-04-07,448.6552751,12618039.79,66490,159482,14.34759099,5661150114,66490,471715.5504,0.212305539,7.09453377
2014-04-08,452.8030988,12621389.79,66995,166019,14.64647701,5715004409,66995,448307.113,0.2440531001,6.691650318
2014-04-09,442.8379849,12625414.79,64373,176284,20.16840701,5591013246,64373,598175.6399,0.2267646485,9.292337469
2014-04-10,366.9118661,12629289.79,69256,185474,14.62863668,4633836285,69256,920363.4094,0.3296322937,13.28929493
2014-04-11,421.9435281,12633514.79,64123,166924,13.62430653,5330629804,64123,732346.1943,0.2570983859,11.42095963
2014-04-12,424.2742126,12637539.79,47751,131975,9.12566201,5361782245,47751,402244.7486,0.1989468072,8.423797378
2014-04-13,416.3623217,12642214.79,50628,172422,10.21770663,5263741902,50628,405157.9291,0.167356642,8.002645356
2014-04-14,461.1082466,12647039.79,69890,183076,15.35093555,5831654343,69890,604762.769,0.249939143,8.653065803
2014-04-15,521.6152996,12651589.79,73776,201397,16.78976013,6599262800,73776,633498.8722,0.2359765906,8.586788009
2014-04-16,531.4818467,12655564.79,68176,182765,14.09259016,6726202947,68176,775552.5396,0.2442209471,11.37574131
2014-04-17,499.8375515,12659789.79,66046,159399,15.22639041,6327838333,66046,843549.3946,0.2048985709,12.77214963
2014-04-18,483.0200135,12663789.79,55995,147495,12.03683424,6116863917,55995,749003.5296,0.2229990414,13.37625734
2014-04-19,504.3655952,12667764.79,53001,140534,12.55920125,6389184729,53001,437992.1432,0.168058648,8.263846781
2014-04-20,501.5571844,12672214.79,48228,162905,10.72734539,6355840372,48228,401934.3083,0.1752362497,8.33404471
2014-04-21,498.0845303,12676489.79,60964,146354,12.9543641,6313963464,60964,758615.9558,0.1685316345,12.44367095
2014-04-22,489.50351,12680339.79,75836,179152,15.9478442,6207070837,75836,847436.048,0.1799639802,11.1745879
2014-04-23,490.6329675,12684464.79,75715,159425,13.8605805,6223416603,75715,688117.61,0.1300361048,9.088260054
2014-04-24,503.291801,12688239.79,70139,162087,14.57649961,6385887057,70139,410277.3293,0.1667640916,5.84948929
2014-04-25,466.4261713,12692789.79,73487,180567,13.80850993,5920249347,73487,546079.8678,0.1566593054,7.430972387
2014-04-26,459.2267098,12696864.79,50499,132791,8.90624969,5830739444,50499,319119.2822,0.1687118766,6.319318842
2014-04-27,438.7093637,12701289.79,52823,170979,11.79903084,5572174763,52823,304144.1762,0.1500423867,5.757798235
2014-04-28,441.5478055,12705089.79,64986,168952,12.91264939,5609904516,64986,563249.1407,0.2001346149,8.667238185
2014-04-29,447.7099308,12709364.79,64537,168752,12.51455899,5690108831,64537,549352.3599,0.1808805086,8.512207878
2014-04-30,448.8757155,12712789.79,63995,166313,13.10079675,5706462614,63995,476602.4929,0.2140013297,7.447495787
2014-05-01,460.1946983,12717189.79,59587,154174,10.82073553,5852383319,59587,431952.46,0.1771402415,7.249105678
2014-05-02,452.2397798,12721214.79,60396,143085,12.10729467,5753039376,60396,637561.1278,0.1590351031,10.55634691
2014-05-03,438.978588,12724764.79,53815,116433,10.10561378,5585899281,53815,546022.0989,0.1347104429,10.14628076
2014-05-04,436.6753986,12728539.79,54062,159490,10.34145858,5558240188,54062,436903.0144,0.1398086546,8.081517784
2014-05-05,432.338179,12731664.79,64714,144154,13.10147244,5504384772,64714,611308.4359,0.1680605681,9.446308927
2014-05-06,430.1282054,12736514.79,76114,166298,14.75608815,5478334251,76114,661463.5554,0.1730274813,8.690432185
2014-05-07,442.1828761,12740489.79,70058,162643,13.69391982,5633626419,70058,814998.435,0.1856222944,11.63319585
2014-05-08,440.4027627,12744664.79,68496,165833,13.45103596,5612785584,68496,1314231.538,0.1668608969,19.18698227
2014-05-09,452.6979997,12748914.79,66448,161587,15.67764821,5771408225,66448,1213007.949,0.1725278222,18.25499562
2014-05-10,456.7558463,12753389.79,56457,134895,10.0208234,5825185348,56457,657822.2401,0.1352254175,11.6517392
2014-05-11,439.114476,12757189.79,53956,166228,9.93399018,5601866711,53956,455496.0105,0.1253408917,8.441989965
2014-05-12,441.2809556,12761289.79,73765,155388,13.91050028,5631314154,73765,536587.0587,0.1610175991,7.274277214
2014-05-13,439.005775,12765339.79,67817,147074,12.13564818,5604057889,67817,652981.0662,0.1731845099,9.628574932
2014-05-14,444.8482057,12769089.79,69339,159121,12.01383616,5680306683,69339,707810.8778,0.1666433607,10.20797643
2014-05-15,446.9615587,12773364.79,74735,176226,12.79735578,5709203038,74735,810284.0231,0.1413208782,10.84209571
2014-05-16,448.7421537,12777889.79,65511,156212,11.69330213,5733977785,65511,636070.0118,0.1760521033,9.709361966
2014-05-17,449.2222893,12782214.79,53789,150165,9.3796086,5742055791,53789,477635.0731,0.1540350994,8.879790907
2014-05-18,446.9626414,12786514.79,51089,177463,8.98159656,5715094426,51089,272726.0462,0.1518605666,5.338253757
2014-05-19,447.4048568,12790714.79,61672,181571,11.01320317,5722627920,61672,498994.6725,0.2065847042,8.091105729
2014-05-20,490.3356482,12795139.79,71852,192586,13.41766529,6273913163,71852,1397663.781,0.2233204957,19.45198159
2014-05-21,493.9334918,12799514.79,69798,157311,13.00665803,6322109034,69798,714042.0721,0.2298143412,10.23012224
2014-05-22,526.8142884,12803814.79,72411,162838,12.65531062,6745232578,72411,726014.6704,0.2068508816,10.02630361
2014-05-23,523.6993203,12807939.79,74305,177498,13.03623779,6707509363,74305,1268308.683,0.2352609508,17.06895475
2014-05-24,527.6912431,12811789.79,51548,123811,10.98420875,6760669282,51548,863836.5141,0.183944686,16.75790553
2014-05-25,573.3124588,12815814.79,57626,187419,10.22026124,7347466289,57626,811350.0149,0.1890574648,14.07958239
2014-05-26,584.8479749,12819764.79,65293,167687,12.28729007,7497613476,65293,739398.1985,0.2058363971,11.32431039
2014-05-27,573.9282692,12823164.79,69953,182860,12.42826454,7359576775,69953,953259.2178,0.2180551241,13.62713848
2014-05-28,579.1893188,12827389.79,72168,183061,13.99930021,7429487155,72168,836576.1181,0.1933150291,11.5920646
2014-05-29,570.3493109,12830914.79,63818,169110,11.66892077,7318103410,63818,623019.2922,0.1989131885,9.762438375
2014-05-30,620.8463606,12835089.79,65812,153948,11.79853674,7968618785,65812,903999.3976,0.2337744234,13.73608761
2014-05-31,627.8924207,12838764.79,51139,144272,9.40515595,8061363103,51139,553014.8136,0.1931206621,10.81395439
2014-06-01,630.0749535,12843139.79,55721,192380,10.90312281,8092140707,55721,776375.3443,0.2420854839,13.93326294
2014-06-02,663.5057238,12847964.79,64830,175430,11.82661054,8524698179,64830,904876.3385,0.2232640875,13.95767914
2014-06-03,672.3878971,12852414.79,68434,185339,13.20647766,8641808154,68434,874472.8013,0.2418916234,12.77833827
2014-06-04,643.8873688,12856939.79,66528,172746,12.30727825,8278421133,66528,1033844.117,0.2424709779,15.53998492
2014-06-05,661.5035582,12860739.79,65823,182268,12.1615177,8507425132,65823,914750.6941,0.2054682826,13.89712857
2014-06-06,650.1333159,12864214.79,61731,173007,10.764087,8363454619,61731,1026233.592,0.2026599726,16.62428264
2014-06-07,656.8002718,12868089.79,52993,143378,9.09339088,8451764872,52993,614808.9113,0.1945599073,11.60170044
2014-06-08,657.8199749,12871489.79,47064,172332,8.61778129,8467123091,47064,764748.8906,0.1963667948,16.24912652
2014-06-09,648.3363223,12875389.79,58213,162353,10.8608585,8347582866,58213,378098.426,0.2187845955,6.495085737
2014-06-10,650.9366096,12879564.79,65062,182372,11.9751302,8383780238,65062,613401.502,0.206361108,9.427953367
2014-06-11,631.4890222,12883214.79,62177,173422,11.18863738,8135608711,62177,529719.834,0.2373817988,8.519546359
2014-06-12,591.9750771,12887514.79,63429,172729,12.73716064,7629087563,63429,1133412.517,0.2503922981,17.86899552
2014-06-13,597.0449997,12891589.79,64953,173708,11.61794928,7696859223,64953,745434.5254,0.1945096267,11.47652188
2014-06-14,575.5594617,12896039.79,53486,149660,9.09514956,7422437720,53486,457395.1251,0.1637293907,8.551679413
2014-06-15,589.7246464,12900789.79,54739,177382,9.70837958,7607913697,54739,433661.0477,0.1265217597,7.922341433
2014-06-16,590.5674822,12905489.79,67803,177312,11.93240244,7621562612,67803,745001.5117,0.1669174192,10.9877367
2014-06-17,609.0800029,12910089.79,69331,184074,11.95860024,7863277527,69331,470910.7927,0.1902377347,6.792211171
2014-06-18,607.629796,12914039.79,63028,165353,12.78271095,7846955363,63028,534923.3993,0.1893834054,8.487075574
2014-06-19,595.7514769,12918214.79,62474,158405,11.74113797,7696045540,62474,721791.8187,0.172541746,11.55347534
2014-06-20,591.5315228,12922864.79,57135,155204,10.7624985,7644281888,57135,552484.8422,0.1923194211,9.669814337
2014-06-21,592.7643495,12927514.79,51083,152595,9.14470063,7662969895,51083,452949.3857,0.1679537578,8.866930011
2014-06-22,599.6346335,12932014.79,50597,185446,9.14202487,7754483949,50597,524588.6935,0.1496661383,10.36798019
2014-06-23,589.5522998,12936414.79,60115,162950,11.33256096,7626693091,60115,618838.9649,0.2219141542,10.2942521
2014-06-24,579.9737186,12941114.79,64075,174440,10.9860565,7505506467,64075,870575.6551,0.2065490145,13.58682255
2014-06-25,562.23678,12945789.79,64056,174070,12.30790257,7278599165,64056,498788.3717,0.1816636756,7.786754898
2014-06-26,580.7492303,12950064.79,61079,158966,10.10366578,7520740158,61079,494732.6678,0.1798590417,8.099881592
2014-06-27,600.6383054,12954989.79,62724,166577,10.67664091,7781263113,62724,468781.3506,0.1860254316,7.473715812
2014-06-28,594.3903042,12959539.79,54720,144471,9.34513432,7703024798,54720,337770.7856,0.1484159472,6.172711725
2014-06-29,600.8405184,12963464.79,50174,175850,8.93020091,7788974905,50174,352062.7813,0.1321781697,7.016837032
2014-06-30,638.946114,12966764.79,69802,181598,11.87985972,8285063973,69802,660826.146,0.194925671,9.46715203
2014-07-01,642.9565967,12970089.79,69748,185615,13.1681984,8339204790,69748,897781.3603,0.2194082784,12.87178643
2014-07-02,651.2983477,12973514.79,65850,179686,12.61848038,8449628747,65850,929161.7307,0.2023281657,14.11027685
2014-07-03,646.4133891,12976989.79,61838,158572,10.77515105,8388499951,61838,583737.0982,0.1956952039,9.439779718
2014-07-04,630.6355029,12981139.79,59708,144187,10.31852456,8186367620,59708,394243.7602,0.1496331868,6.602863272
2014-07-05,630.4683419,12984939.79,48881,126478,8.04536289,8186593459,48881,407039.0739,0.1068380369,8.327142937
2014-07-06,634.6726745,12988489.79,52464,184532,9.29735673,8243439552,52464,380828.8236,0.1057096086,7.258859859
2014-07-07,622.854979,12992239.79,65833,189077,11.51659533,8092281241,65833,490744.4418,0.1504427245,7.454383696
2014-07-08,624.8943311,12995989.79,69343,211510,12.08565701,8121120346,69343,360422.6391,0.1395083867,5.197678773
2014-07-09,621.9390918,13000139.79,69653,187251,11.92583516,8085295133,69653,467347.9652,0.1445286222,6.709660247
2014-07-10,616.5228498,13003864.79,62823,167058,10.91249194,8017179778,62823,496145.7424,0.1781880429,7.897517507
2014-07-11,634.4943781,13007764.79,58631,169606,10.83844878,8253353631,58631,406123.7639,0.2040349047,6.926775321
2014-07-12,636.9239579,13011689.79,53816,156338,8.76110833,8287456960,53816,460152.1616,0.141156568,8.550471265
2014-07-13,629.8757504,13015689.79,51752,185975,9.34367576,8198267373,51752,468817.7181,0.1243943745,9.058929473
2014-07-14,619.1974591,13019064.79,63947,164790,11.9874094,8061371837,63947,513684.8889,0.1797245747,8.0329787
2014-07-15,621.9346014,13023039.79,71208,176650,12.37117878,8099479060,71208,554839.6362,0.1550050436,7.791816035
2014-07-16,616.3518822,13026639.79,65933,168305,12.70639483,8028993953,65933,656493.2024,0.1724810178,9.956974542
2014-07-17,624.259275,13030939.79,65617,173954,11.70440174,8134685025,65617,453136.8589,0.1594369583,6.90578446
2014-07-18,630.7501403,13035239.79,63793,168626,11.93230446,8221979325,63793,505185.833,0.168518393,7.919142115
2014-07-19,629.1733644,13039664.79,58470,148917,10.17517104,8204209766,58470,294128.0742,0.09826067583,5.030410025
2014-07-20,625.2486762,13043539.79,53542,190961,9.2454258,8155455986,53542,284987.0504,0.1151365892,5.322682201
2014-07-21,621.3053314,13047414.79,63367,161778,10.48282137,8106428369,63367,445390.8168,0.1644135256,7.028750245
2014-07-22,619.8232645,13050964.79,67264,169127,11.81677055,8089291599,67264,381126.6558,0.1847849324,5.666131301
2014-07-23,619.7728168,13054614.79,65840,174755,10.83940785,8090895379,65840,401027.5915,0.2036165456,6.090941548
2014-07-24,602.8796455,13058189.79,65859,176149,10.64280072,7872516831,65859,524573.8853,0.2180949398,7.965105532
2014-07-25,601.5785143,13062264.79,62203,177347,10.57399142,7857977845,62203,508312.6154,0.2041844864,8.171834404
2014-07-26,594.7026072,13065614.79,56869,140817,8.6751365,7770155179,56869,306385.5342,0.1309847965,5.387566762
2014-07-27,591.5754442,13069439.79,51250,182563,8.87012098,7731559647,51250,253228.4791,0.1250204023,4.941043495
2014-07-28,587.493005,13073189.79,64903,174637,10.40923927,7680407552,64903,476476.548,0.1948516817,7.341364005
2014-07-29,584.1123933,13076914.79,62541,170530,10.79903281,7638387994,62541,493486.309,0.1972805257,7.890604707
2014-07-30,562.9146251,13081214.79,65495,180476,10.74474618,7363607117,65495,416299.5587,0.2179335809,6.35620366
2014-07-31,581.975562,13085064.79,69650,177455,11.15814831,7615187932,69650,417199.4769,0.1781277545,5.989942238
2014-08-01,596.5067592,13088989.79,66047,172169,10.47439382,7807670879,66047,443334.7719,0.1938720697,6.712413461
2014-08-02,589.7572615,13093064.79,55208,141630,8.54394338,7721730034,55208,383900.3311,0.1619276374,6.95370836
2014-08-03,586.7537367,13096914.79,54294,176087,8.72959644,7684663690,54294,427686.8681,0.1278202341,7.877239992
2014-08-04,587.6083355,13100114.79,67849,172824,11.06974336,7697736644,67849,422375.9723,0.1885456576,6.22523504
2014-08-05,581.8819886,13103489.79,74637,203179,12.43515778,7624684695,74637,639289.0918,0.2070196403,8.56531066
2014-08-06,582.2483714,13107589.79,77201,196452,12.63340515,7631872806,77201,449351.5171,0.1637428367,5.82054011
2014-08-07,586.0466335,13111589.79,69305,178997,10.9295697,7684003055,69305,430815.7415,0.1735800433,6.216228866
2014-08-08,589.0244126,13115539.79,67797,173005,11.0942202,7725373119,67797,336438.7396,0.1682052524,4.962442876
2014-08-09,588.9785213,13120089.79,61115,152677,9.42100546,7727451082,61115,358817.2783,0.1279639193,5.871181842
2014-08-10,589.373502,13124514.79,58924,202330,10.07841244,7735241242,58924,365417.2087,0.1348397913,6.201500385
2014-08-11,573.4414839,13129064.79,73128,190879,11.82082046,7528750394,73128,545295.9661,0.1632825713,7.456732936
2014-08-12,568.3075202,13133414.79,78838,204689,12.8358524,7463818389,78838,751191.485,0.179415187,9.528292004
2014-08-13,548.3701753,13137039.79,75082,195738,12.32946741,7203960811,75082,697188.7991,0.1921220459,9.285698291
2014-08-14,505.1074997,13141539.79,80916,202135,12.53324892,6637890304,80916,774065.149,0.2387630357,9.566280451
2014-08-15,500.3230601,13145664.79,73530,200423,12.41232189,6577079234,73530,772889.1607,0.1823201992,10.5112085
2014-08-16,521.7479629,13149614.79,65307,173929,12.30871244,6860784728,65307,624596.4588,0.1279966665,9.564004759
2014-08-17,497.764659,13153864.79,60043,201320,37.37651806,6547529020,60043,494804.8873,0.1884304125,8.240842185
2014-08-18,468.9579182,13158814.79,72355,193767,11.7154226,6170930388,72355,975105.8299,0.2494872044,13.47668896
2014-08-19,486.7943507,13163464.79,74860,187448,12.83558331,6407900293,74860,609897.7106,0.2434128495,8.147177539
2014-08-20,515.1203539,13167689.79,72909,186763,11.87020549,6782945023,72909,527652.9066,0.2409378683,7.237143654
2014-08-21,519.3078521,13171814.79,73090,193528,11.41675549,6840226846,73090,764527.011,0.2405779144,10.46007677
2014-08-22,516.1593688,13175739.79,66760,182975,10.7530745,6800781532,66760,3301271.551,0.2140288575,49.44984349
2014-08-23,497.1257595,13179789.79,57747,151274,8.68056044,6552013008,57747,705450.3298,0.1897668713,12.21622474
2014-08-24,508.430742,13183439.79,57066,208310,13.3624694,6702866072,57066,410796.4817,0.1965970815,7.198620575
2014-08-25,501.6102867,13186864.79,69534,181249,12.19192608,6614667026,69534,975202.6683,0.2291539928,14.024832
2014-08-26,511.8523217,13191189.79,72342,188274,11.55224928,6751941119,72342,1773738.364,0.2403486216,24.51879081
2014-08-27,510.1623238,13195414.79,75503,189509,11.66349514,6731803471,75503,1459112.213,0.2422111439,19.32522168
2014-08-28,506.2851517,13199739.79,67833,191762,10.36404959,6682832260,67833,725913.4359,0.2150566724,10.70147916
2014-08-29,508.8665719,13203989.79,67775,165055,10.28089987,6719069018,67775,576038.7716,0.2264070905,8.499281028
2014-08-30,501.2757233,13208539.79,61204,167970,9.15537219,6621120334,61204,605842.7207,0.1592915761,9.898743884
2014-08-31,478.5114255,13213239.79,58486,191406,9.04186582,6322686205,58486,530822.6397,0.1943882529,9.076063326
2014-09-01,474.5414898,13216639.79,69351,190403,10.78462369,6271843934,69351,706309.9649,0.2048946237,10.18456785
2014-09-02,474.4306707,13220314.79,73278,191326,11.81823902,6272122810,73278,605616.491,0.2154498145,8.264642744
2014-09-03,473.9592034,13224539.79,69430,169050,10.80130356,6267892342,69430,481071.1942,0.2240678085,6.928866401
2014-09-04,489.5552013,13228489.79,71310,180670,11.3135362,6476075981,71310,443252.0161,0.2449366275,6.215846531
2014-09-05,478.7497829,13232114.79,70511,188565,11.40646907,6334872081,70511,512981.5653,0.2249797365,7.275199122
2014-09-06,480.6424918,13236589.79,60225,152934,18.84805354,6362067498,60225,302226.0879,0.178850188,5.018282905
2014-09-07,478.3655009,13240464.79,60251,232778,10.12912975,6333781569,60251,371054.0281,0.1523333097,6.158470865
2014-09-08,468.9754959,13244064.79,76646,196424,12.41075614,6211141851,76646,518572.4204,0.2105653725,6.765811919
2014-09-09,473.5120272,13247714.79,81139,243692,14.43880809,6272952284,81139,508755.1681,0.2111836538,6.270168084
2014-09-10,477.7784176,13251639.79,75019,221162,12.68042071,6331347487,75019,482825.1267,0.2367122411,6.436037893
2014-09-11,477.2706821,13255889.79,64288,171772,9.92569749,6326647559,64288,429151.791,0.2284594552,6.675457177
2014-09-12,473.9972823,13259739.79,67281,166122,10.57516311,6285080622,67281,445987.5824,0.253132253,6.628729989
2014-09-13,477.960974,13264264.79,60474,152145,9.42337938,6339800916,60474,317198.1108,0.2056004681,5.245198115
2014-09-14,475.648064,13268214.79,68210,240833,11.37381374,6311000676,68210,367545.3413,0.1629734374,5.388437784
2014-09-15,472.6556297,13272164.79,77918,190655,12.11120752,6273163405,77918,456144.1617,0.2180318894,5.854156443
2014-09-16,464.1777545,13276439.79,89544,225014,14.71636617,6162628008,89544,439060.5582,0.1952980278,4.903294003
2014-09-17,456.3398913,13281089.79,78526,191063,12.04040423,6060691069,78526,453597.2856,0.2426984844,5.776396169
2014-09-18,426.880107,13285564.79,76357,190890,12.21500494,5671343317,76357,706724.2115,0.3074282401,9.255526167
2014-09-19,393.8938907,13289839.79,70093,172255,10.81949325,5234786700,70093,712863.4503,0.3317314716,10.17025167
2014-09-20,411.0413428,13294239.79,64168,169941,10.30374396,5464482173,64168,758698.5725,0.2295219244,11.82362817
2014-09-21,400.4045307,13298339.79,57668,200712,9.0868786,5324715501,57668,742733.5437,0.2015611558,12.87947464
2014-09-22,400.8816222,13302539.79,73709,206729,11.8186064,5332743728,73709,522366.847,0.2798955946,7.086880124
2014-09-23,438.491801,13306289.79,76923,195635,12.69524397,5834698973,76923,724861.526,0.2705865873,9.423209261
2014-09-24,423.7000918,13310189.79,75302,189719,12.4793842,5639528633,75302,913683.0261,0.2561576032,12.13358246
2014-09-25,409.5377499,13314489.79,78696,201394,13.20874596,5452786187,78696,670823.9621,0.2425270931,8.524244716
2014-09-26,405.2982519,13317839.79,72617,180341,47.85534992,5397697184,72617,550049.7201,0.2550467452,7.574668742
2014-09-27,400.5993346,13321189.79,61019,167251,10.19035228,5336459764,61019,490011.106,0.1926538397,8.030467657
2014-09-28,375.5499898,13324439.79,63418,234946,10.98095539,5003993225,63418,488701.0971,0.1836985804,7.706031364
2014-09-29,373.0645579,13327864.79,79158,198246,12.35313873,4972153983,79158,729485.5495,0.3000204593,9.215563171
2014-09-30,389.2640404,13331689.79,77225,217696,12.01025697,5189547431,77225,636227.7254,0.2999943172,8.238623831
2014-10-01,382.9093659,13335564.79,79127,212669,13.01467336,5106312656,79127,704458.9844,0.2682775851,8.902890093
2014-10-02,372.525699,13339014.79,73147,183913,11.41275393,4969125807,73147,615177.8296,0.2779593469,8.410158033
2014-10-03,357.6657136,13342664.79,74077,177578,12.10668392,4772213722,74077,709774.1532,0.2603184942,9.581572596
2014-10-04,328.8261131,13346514.79,66820,172315,12.43856898,4388682580,66820,664285.9898,0.2529087463,9.94142457
2014-10-05,322.8262615,13350739.79,66118,247567,11.79831005,4309969414,66118,867574.5482,0.2568595244,13.12160907
2014-10-06,326.8035327,13354764.79,78947,193513,12.96602005,4364384311,78947,1140950.582,0.3017378643,14.45210815
2014-10-07,333.5701949,13358114.79,77172,200932,12.95992317,4455868953,77172,820604.1432,0.3102435457,10.63344404
2014-10-08,354.4073343,13361714.79,79002,189881,12.52996702,4735489719,79002,867354.4598,0.293845499,10.97889243
2014-10-09,361.7164249,13365414.79,82611,188877,13.93455865,4834490054,82611,967671.8637,0.3073761443,11.71359581
2014-10-10,358.8903908,13369289.79,79459,196627,12.78632175,4798109636,79459,981474.4446,0.2940814318,12.35196069
2014-10-11,361.908377,13372889.79,65585,164418,10.40855719,4839760838,65585,575735.6233,0.2456450463,8.778464943
2014-10-12,377.8712437,13376589.79,64996,250261,11.36361449,5054628619,64996,461835.2492,0.196267912,7.105594947
2014-10-13,391.9942089,13380464.79,77486,207310,12.97867447,5245064709,77486,745418.4254,0.2484909159,9.620040077
2014-10-14,400.8805921,13383764.79,82942,222532,13.67518516,5365291551,82942,897530.0953,0.2935836814,10.82117739
2014-10-15,394.6258799,13387539.79,74701,205441,12.21323632,5283069668,74701,1163979.537,0.2964732065,15.58184679
2014-10-16,382.3214763,13391239.79,75699,184416,12.1618511,5119758565,75699,1043253.01,0.2600612473,13.78159566
2014-10-17,382.2007896,13394789.79,68154,180122,11.30672073,5119499233,68154,866099.6707,0.2767105743,12.70798003
2014-10-18,391.2931771,13398889.79,66863,176676,10.41520998,5242894154,66863,589183.8588,0.2054776436,8.81180711
2014-10-19,388.684498,13402214.79,65258,236855,10.89741535,5209233125,65258,459527.3208,0.1877744041,7.041700954
2014-10-20,381.1908586,13405639.79,82251,201790,12.9705687,5110107339,82251,842165.1406,0.2577501474,10.23896537
2014-10-21,385.2046335,13409464.79,80753,206733,12.82887487,5165387969,80753,570001.9882,0.2861362258,7.058585913
2014-10-22,380.7787633,13413439.79,79124,201731,12.59181827,5107553013,79124,854453.8702,0.2506862493,10.79892157
2014-10-23,357.3447931,13417214.79,80410,198755,12.77735705,4794571842,80410,1106427.119,0.279321266,13.75981991
2014-10-24,357.488434,13421189.79,81413,196085,12.91773007,4797920118,81413,736042.8786,0.2279598226,9.040851935
2014-10-25,345.8112466,13425064.79,68922,202433,10.51471173,4642538390,68922,872757.7282,0.2923820465,12.6629774
2014-10-26,353.0819562,13428189.79,70568,214842,11.27229481,4741251517,70568,869803.5417,0.1616905056,12.32575022
2014-10-27,350.0157119,13432164.79,85089,225066,13.69116336,4701468719,85089,1086416.204,0.2495345124,12.76799826
2014-10-28,354.6538051,13435614.79,87975,205248,13.38882665,4764991907,87975,850345.5925,0.2483576906,9.665764052
2014-10-29,333.5993501,13439489.79,94358,200016,14.40269903,4483405058,94358,826482.6533,0.2459297357,8.75900987
2014-10-30,344.6093822,13443739.79,91615,205736,13.7175347,4632838862,91615,701051.0086,0.1986248881,7.652142211
2014-10-31,337.1829126,13448439.79,84518,203137,12.75601745,4534584097,84518,1281620.503,0.2166272289,15.16387637
2014-11-01,324.371315,13452414.79,69360,173118,12.56801876,4363577474,69360,698151.7462,0.2219678395,10.06562495
2014-11-02,324.2485666,13456289.79,76525,267793,12.60153769,4363182675,76525,548952.7736,0.1588225988,7.173508966
2014-11-03,325.3618656,13460514.79,90284,211234,16.55354183,4379538202,90284,1076375.793,0.2094129866,11.92211015
2014-11-04,329.657704,13464564.79,90476,209429,13.9867993,4438697512,90476,1152433.932,0.2493920179,12.73745448
2014-11-05,338.8057653,13468014.79,89108,203229,13.40476919,4563041057,89108,938142.9377,0.2781121505,10.52815614
2014-11-06,349.6899117,13471864.79,90820,219885,13.88055525,4710975208,90820,705128.4344,0.2145701019,7.76402152
2014-11-07,342.1332881,13475614.79,83898,221566,13.43627119,4610456396,83898,859006.4288,0.2281128516,10.23869972
2014-11-08,345.7163326,13479439.79,74699,170855,11.0808472,4660062488,74699,571073.5606,0.167073391,7.644996059
2014-11-09,363.6100517,13483189.79,72914,253202,15.22246314,4902623335,72914,521974.4094,0.1391353175,7.158767992
2014-11-10,365.5022539,13486864.79,89325,214221,13.61210826,4929479478,89325,989045.2688,0.2433199769,11.07243514
2014-11-11,367.825467,13490089.79,84570,200922,13.19425748,4961998575,84570,682169.1604,0.2292609065,8.066325653
2014-11-12,422.5914196,13493764.79,97750,229329,15.4036244,5702349217,97750,1055240.308,0.2614014267,10.79529727
2014-11-13,421.9144717,13497389.79,90507,213181,14.06879253,5694744080,90507,1624951.432,0.3072115528,17.95387575
2014-11-14,398.3888828,13501239.79,85478,223425,13.02026084,5378743835,85478,935692.6714,0.2468668285,10.9465906
2014-11-15,377.9938407,13504739.79,72643,174268,11.06059561,5104708460,72643,807541.9573,0.2101330536,11.11658325
2014-11-16,390.2058235,13508489.79,75533,249080,12.99233136,5271091381,75533,704022.0941,0.1700999729,9.320721991
2014-11-17,387.5010316,13512089.79,88054,213572,13.69669185,5235948730,88054,845543.3852,0.2619089802,9.602555082
2014-11-18,373.8645646,13515939.79,87534,208693,13.08974611,5053130943,87534,986870.2331,0.2637265185,11.27413614
2014-11-19,377.613398,13519464.79,89108,212316,14.00438019,5105131037,89108,977179.9145,0.2819338523,10.96624225
2014-11-20,356.1812653,13522914.79,86184,204567,12.63821984,4816608899,86184,1032229.878,0.2814690433,11.97704769
2014-11-21,350.7488589,13526089.79,80671,196858,12.46442757,4744260557,80671,1317649.787,0.2798355505,16.33362406
2014-11-22,352.4555146,13529939.79,75577,180131,11.07895741,4768701890,75577,803254.3974,0.280293529,10.62829164
2014-11-23,367.7732423,13533489.79,78174,249395,12.13866936,4977255417,78174,590067.463,0.1576297385,7.548129339
2014-11-24,376.9942238,13537164.79,86052,211890,13.11267274,5103432931,86052,792968.7754,0.2463777801,9.214995298
2014-11-25,376.75563,13540464.79,83050,203972,11.75013422,5101446341,83050,941035.5725,0.296815737,11.33095211
2014-11-26,367.5302081,13543889.79,87328,205408,12.48660385,4977788631,87328,1090144.035,0.3134490648,12.48332763
2014-11-27,369.5302274,13547414.79,83862,208264,11.88325113,5006179266,83862,977893.9076,0.2842555012,11.66075109
2014-11-28,377.8969319,13551114.79,84822,208778,11.54448536,5120924701,84822,1287940.163,0.3257184423,15.18403436
2014-11-29,376.0763355,13555039.79,80030,187909,11.20697919,5097729690,80030,991659.8435,0.2943179072,12.39110138
2014-11-30,378.6903971,13559039.79,84409,277774,13.00332879,5134678161,84409,979409.9581,0.2309776024,11.60314609
2014-12-01,379.111979,13562289.79,100563,227571,14.13945948,5141626520,100563,1341681.831,0.3077243835,13.34170451
2014-12-02,382.9467963,13566039.79,99828,252787,14.17948175,5195071475,99828,1364940.02,0.3943837668,13.67291762
2014-12-03,375.9160193,13568939.79,95844,226744,13.44282229,5100781830,95844,1166702.459,0.3059991969,12.17293163
2014-12-04,368.8455681,13572589.79,99396,227387,14.79137255,5006189590,99396,1082495.674,0.2985883782,10.89073679
2014-12-05,378.4283296,13576489.79,90109,227490,12.36044409,5137728352,90109,1110800.783,0.2926815762,12.32730119
2014-12-06,375.1379512,13579914.79,79713,186079,10.97776023,5094341410,79713,598796.3449,0.2509796721,7.511903264
2014-12-07,376.6397931,13583064.79,74469,259501,10.95975649,5115922710,74469,820337.8577,0.2420960336,11.01583018
2014-12-08,363.2156768,13587139.79,91051,242048,15.72968592,4935062173,91051,1650228.146,0.3399330147,18.1242177
2014-12-09,351.1068378,13590689.79,90913,225674,12.78669992,4771784114,90913,1143187.349,0.3626389073,12.57452013
2014-12-10,347.8813939,13594264.79,89230,223236,12.53369367,4729191783,89230,1314795.755,0.3939417353,14.73490704
2014-12-11,348.5930061,13597964.79,83996,217332,11.95133097,4740155422,83996,832266.2213,0.33996666,9.908403035
2014-12-12,353.1906125,13601489.79,79502,217065,11.34793667,4803918508,79502,935501.3987,0.2861259513,11.76701717
2014-12-13,349.2429451,13605139.79,75125,180986,10.2099923,4751499087,75125,679526.6114,0.2941591275,9.045279353
2014-12-14,356.0797215,13608664.79,81604,284878,12.45952676,4845769567,81604,606163.6397,0.2235482539,7.428111853
2014-12-15,347.0951815,13612189.79,96978,248144,14.49216224,4724725484,96978,906649.3193,0.3205748911,9.349020595
2014-12-16,328.6133203,13615764.79,99237,252332,14.7606841,4474321674,99237,994141.6974,0.3806814644,10.01785319
2014-12-17,320.2976134,13618964.79,97273,242691,15.06836257,4362121917,97273,1111222.476,0.342743734,11.42375043
2014-12-18,313.5116512,13622189.79,94900,238736,13.68950064,4270715212,94900,1155103.482,0.4765787793,12.17179644
2014-12-19,318.2428887,13625614.79,94533,223509,14.73435045,4336255009,94533,886684.4007,0.4766045225,9.379628285
2014-12-20,330.0657583,13628964.79,86304,251036,12.05550894,4498454597,86304,695000.9997,0.4211645604,8.052940764
2014-12-21,320.9926701,13632264.79,79552,237992,11.42406874,4375857073,79552,953902.3054,0.2601554733,11.99092801
2014-12-22,331.8425845,13636364.79,96522,260678,14.10383881,4525126533,96522,991274.1505,0.4113305718,10.26992966
2014-12-23,336.0841286,13640114.79,100084,244340,14.2600858,4584226091,100084,1222446.361,0.3835497991,12.21420368
2014-12-24,323.0322978,13643939.79,80385,186732,10.78322904,4407433220,80385,822433.01,0.3263388854,10.2311751
2014-12-25,318.9961444,13647889.79,67726,166473,9.30466678,4353624220,67726,868559.2942,0.3126087941,12.82460642
2014-12-26,329.2103419,13651689.79,77254,192091,19.68189244,4494277462,77254,706809.6544,0.3762791876,9.149165796
2014-12-27,315.9684439,13655489.79,78014,210729,17.12967516,4314703858,78014,668123.3145,0.3756894155,8.564146364
2014-12-28,317.0104804,13659714.79,72602,263683,11.91773665,4330272746,72602,665076.4597,0.2760224201,9.16058042
2014-12-29,313.0655316,13663814.79,85863,204682,15.84402414,4277669439,85863,841994.354,0.3367026688,9.806253613
2014-12-30,310.4420041,13667689.79,83018,204192,12.52982725,4243025008,83018,1080906.422,0.4505897983,13.0201453
2014-12-31,320.6622873,13671489.79,75829,177886,11.19807656,4383931185,75829,903102.6176,0.3814605111,11.90972606
2015-01-01,314.7764719,13675614.79,60177,145765,8.19708968,4304761774,60177,477934.3865,0.2493007165,7.942143784
2015-01-02,315.9427317,13679739.79,83050,212932,12.33977385,4322014357,83050,756522.8631,0.3953089831,9.109245793
2015-01-03,285.6473098,13683789.78,81404,241755,11.68691488,3908737739,81404,869761.4139,0.3425517996,10.68450462
2015-01-04,263.3345748,13688089.78,82769,235011,21.57327749,3604547303,82769,1145978.549,0.3940804206,13.84550435
2015-01-05,275.0038515,13691989.78,95721,242515,15.99976518,3765349926,95721,1121486.337,0.3294426587,11.71619954
2015-01-06,287.549521,13695939.78,88848,215554,13.0111396,3938260925,88848,1144165.161,0.3503431327,12.87778184
2015-01-07,297.5355652,13699439.78,92569,204697,13.31170565,4076070559,92569,1255054.487,0.3854833285,13.55804305
2015-01-08,284.3423919,13703114.78,105611,230454,16.02188773,3896376434,105611,1471573.687,0.3768731046,13.93390544
2015-01-09,292.5011146,13706614.78,100397,237524,15.13320827,4009200101,100397,1211967.372,0.3565217184,12.07174887
2015-01-10,276.2305321,13710289.78,106342,274443,15.4105739,3787200643,106342,977452.9119,0.4115475546,9.191597975
2015-01-11,268.7555155,13714164.78,89751,249636,13.18200571,3685757426,89751,1225931.756,0.2524599351,13.65925456
2015-01-12,268.617232,13717714.78,100751,222808,33.11612285,3684814575,100751,1055454.677,0.2391358124,10.47587297
2015-01-13,224.1081178,13720889.78,98240,250066,15.11597283,3074962784,98240,1806480.926,0.4869613876,18.3884459
2015-01-14,175.6376406,13724514.78,106993,257446,15.62269978,2410541395,106993,2710192.732,0.573624194,25.33056118
2015-01-15,212.3410114,13728289.78,119661,262427,17.11757064,2915078938,119661,2441785.078,0.5580222079,20.40585552
2015-01-16,207.5952049,13731764.78,104742,246341,14.57208331,2850648523,104742,1955128.252,0.5349449188,18.66613443
2015-01-17,199.8248366,13735214.78,88416,272389,13.14946231,2744637051,88416,1099531.788,0.3865285282,12.43589156
2015-01-18,211.1325184,13739039.78,83765,247184,13.91845739,2900758070,83765,962494.5107,0.3201780593,11.49041378
2015-01-19,216.8946949,13742639.78,99008,255010,14.46383358,2980705663,99008,980974.625,0.3537799762,9.908033946
2015-01-20,211.9198539,13745589.78,100182,234321,14.63209011,2912963379,100182,1439479.05,0.3630240329,14.36863958
2015-01-21,227.9042104,13749314.78,93268,215260,12.81696748,3133526730,93268,1305482.332,0.321393799,13.99710867
2015-01-22,233.6473828,13752689.78,95488,230504,13.72463626,3213279975,95488,1264060.314,0.3769868891,13.23789705
2015-01-23,233.1328524,13755789.78,94078,216750,13.94772383,3206926510,94078,1022162.134,0.3388111078,10.86504958
2015-01-24,249.0821239,13758939.78,80633,201529,11.14573254,3427105944,80633,1099354.959,0.2634713362,13.6340575
2015-01-25,254.5179413,13762064.78,85829,318167,13.24394967,3502692397,85829,911173.3218,0.1995419252,10.61614748
2015-01-26,273.9522449,13765239.78,107895,263343,16.0199841,3771018340,107895,2143703.861,0.357547718,19.86842635
2015-01-27,264.7538045,13768964.78,99265,249279,13.98880719,3645385811,99265,1119550.635,0.2916067633,11.27840261
2015-01-28,235.7358404,13773064.78,85087,198841,11.59524688,3246805002,85087,982123.5777,0.3198071191,11.54258086
2015-01-29,233.9573735,13777164.78,92284,217393,12.50188755,3223269287,92284,956141.765,0.3381812628,10.36086174
2015-01-30,228.8961899,13780614.78,79736,193117,10.99797737,3154330219,79736,870875.1336,0.4175255168,10.92198171
2015-01-31,217.332156,13784764.78,86631,276120,12.57748445,2995872651,86631,821935.9953,0.271634907,9.487781456
2015-02-01,227.1113013,13788639.78,78157,250290,11.12675333,3131555924,78157,712015.7917,0.265649484,9.110070649
2015-02-02,240.0924199,13792614.78,87190,228409,12.66267626,3311502261,87190,936205.3998,0.3695743499,10.73753183
2015-02-03,227.7756958,13795789.78,91378,241904,13.03209706,3142345617,91378,1319064.63,0.4424659955,14.4352539
2015-02-04,226.7811341,13799764.78,88890,228028,12.32242544,3129526309,88890,1169228.08,0.3455534355,13.15365148
2015-02-05,217.0111511,13803739.78,87548,217016,12.24651138,2995565460,87548,1301049.732,0.3418211444,14.86098748
2015-02-06,222.7249693,13808164.78,84709,231139,11.59509943,3075423078,84709,911651.1437,0.3635425352,10.76215212
2015-02-07,228.6471274,13812139.78,85768,195430,11.80071189,3158106085,85768,614056.3303,0.207197005,7.159503898
2015-02-08,224.0359889,13815439.78,83307,293810,11.85052659,3095155714,83307,640319.6857,0.1782704654,7.686265088
2015-02-09,220.7684939,13819464.77,104895,232450,14.96304105,3050902424,104895,897531.3983,0.1978724375,8.556474554
2015-02-10,220.8881543,13823064.77,102102,227906,14.18685974,3053351265,102102,816305.1232,0.2456537345,7.994996407
2015-02-11,219.4958597,13827014.77,98560,236742,14.68754513,3034972495,98560,901650.1735,0.2487518446,9.148236338
2015-02-12,222.5832279,13829989.77,88258,232114,12.66188486,3078323766,88258,732366.6186,0.3232004526,8.298019654
2015-02-13,236.5553638,13833639.77,113789,312759,17.57319217,3272421690,113789,1032760.277,0.2142035555,9.076099418
2015-02-14,257.6276958,13837639.77,100479,260312,15.32120238,3564959250,100479,690328.8463,0.1445574393,6.870379346
2015-02-15,234.445803,13841139.77,82100,342433,13.35316022,3244997129,82100,751852.6573,0.1904533987,9.157766836
2015-02-16,235.0861268,13845064.77,103452,261678,15.15115571,3254782654,103452,715537.5533,0.197434024,6.916614017
2015-02-17,243.9057943,13848789.77,104074,272213,16.14348698,3377800070,104074,783843.3628,0.230072435,7.531596391
2015-02-18,235.9952323,13852964.77,103957,246403,14.69517531,3269233640,103957,862508.1278,0.221970586,8.296777781
2015-02-19,241.8722539,13857114.77,93715,213440,13.50763762,3351651584,93715,692772.3923,0.2123062863,7.392331989
2015-02-20,245.5307753,13861064.77,99228,249692,15.21578848,3403317980,99228,770688.7081,0.2069597994,7.766847141
2015-02-21,245.5960026,13864614.77,88178,271126,12.98177024,3405093966,88178,608208.3194,0.1933704111,6.8975064
2015-02-22,236.6906683,13868389.77,84628,273269,12.41192904,3282518444,84628,465168.436,0.1674759731,5.496625656
2015-02-23,239.0660178,13871939.77,104512,253650,14.84573761,3316309401,104512,821001.4028,0.2059263815,7.855570679
2015-02-24,239.8692621,13875164.77,103153,232088,14.21248871,3328225536,103153,701822.7117,0.2817159623,6.803706259
2015-02-25,238.236111,13879139.77,103255,226574,14.95277841,3306512284,103255,787080.8467,0.2425073166,7.622689911
2015-02-26,237.0444024,13882889.77,101222,230216,14.19128681,3290861310,101222,1126470.962,0.2223380914,11.1287167
2015-02-27,255.1167744,13886689.77,103585,247223,14.6518585,3542727502,103585,1481602.556,0.2608374152,14.30325391
2015-02-28,254.9484486,13890239.77,87971,281000,13.3464288,3541295080,87971,596253.4342,0.1856100724,6.777840813
2015-03-01,260.6513308,13893739.77,87940,272256,13.86995052,3621421761,87940,1218974.095,0.1679446633,13.86142932
2015-03-02,276.3226137,13897689.77,107024,286476,15.72691221,3840245962,107024,1865698.218,0.2562692899,17.43252185
2015-03-03,282.7059009,13901639.77,110488,266412,15.59423702,3930075596,110488,1056785.695,0.2845041428,9.56471015
2015-03-04,273.4475365,13905139.77,98822,240738,14.59550501,3802326216,98822,905650.6237,0.2638019743,9.164463618
2015-03-05,276.2688092,13908439.77,97524,249736,14.79052555,3842468093,97524,1064660.122,0.250393811,10.91690375
2015-03-06,273.3181148,13912139.77,93661,235826,16.34905981,3802439816,93661,811126.5773,0.2463210316,8.660238277
2015-03-07,276.4033574,13915639.77,91134,254894,13.03189139,3846329553,91134,1115421.77,0.1394845575,12.23935929
2015-03-08,275.3380339,13919539.77,90034,276241,13.59122266,3832578714,90034,2315447.47,0.1459914543,25.71747862
2015-03-09,290.130059,13923139.77,106792,260611,16.05939481,4039521364,106792,1125230.337,0.2191086308,10.53665384
2015-03-10,292.3203831,13926939.77,101987,242733,14.72518342,4071128370,101987,1081900.905,0.2506120142,10.60822364
2015-03-11,296.6933293,13930789.77,103305,259958,15.79896189,4133172398,103305,902850.9862,0.2112383185,8.739663968
2015-03-12,295.8003448,13934064.77,93481,237787,13.41733652,4121701164,93481,1012867.666,0.2518759741,10.83501103
2015-03-13,285.9110263,13937714.77,97080,243732,13.87455625,3984946335,97080,971102.1068,0.2215164655,10.00311194
2015-03-14,283.6083063,13940989.77,91210,261423,12.55303518,3953780497,91210,826204.6098,0.1717721199,9.058267841
2015-03-15,287.270142,13944564.77,83260,254579,11.81590892,4005857102,83260,549520.9453,0.1411319663,6.600059396
2015-03-16,291.3921181,13948039.77,105590,260952,15.24183049,4064348852,105590,932000.0891,0.2301812432,8.826594271
2015-03-17,285.2483966,13951239.77,99700,226597,14.39169527,3979568775,99700,790614.0849,0.2393738258,7.929930641
2015-03-18,257.2861601,13955064.77,98308,251725,14.75199154,3590445030,98308,1559333.575,0.258665293,15.86171599
2015-03-19,262.092948,13958489.77,104914,261205,16.2708168,3658421734,104914,1081992.263,0.1925538264,10.31313517
2015-03-20,262.9664921,13961889.77,104055,236693,16.24573801,3671509176,104055,812365.5348,0.1973369291,7.807078322
2015-03-21,261.1842975,13965664.77,96199,251472,13.72970945,3647612342,96199,658185.1002,0.1721849301,6.84191208
2015-03-22,268.8994158,13969214.77,90009,271887,13.02401881,3756313692,90009,476991.8321,0.1535406831,5.299379307
2015-03-23,266.777993,13972839.77,102332,255115,17.11852338,3727646151,102332,870737.6399,0.2188036552,8.508947738
2015-03-24,246.835083,13977164.77,92642,220798,13.64461309,3450054626,92642,991593.9057,0.27667866,10.70350279
2015-03-25,246.7191368,13981214.77,98232,226737,15.99877818,3449433239,98232,1071828.264,0.2422268527,10.91119252
2015-03-26,249.5329936,13984914.77,101438,232228,14.56791258,3489697648,101438,987009.6153,0.2028589457,9.730176219
2015-03-27,247.3788983,13989189.77,98363,229847,13.81915901,3460630354,98363,989280.5962,0.2399234551,10.05744636
2015-03-28,253.231614,13992889.77,88943,237409,12.75612589,3543442061,88943,637134.5168,0.1742041576,7.163402592
2015-03-29,242.9676143,13996714.77,91895,283051,13.15643078,3400748395,91895,577540.6135,0.1553252277,6.28478822
2015-03-30,248.3369345,14000264.77,104131,256087,15.03876519,3476782836,104131,824370.1098,0.2227618703,7.91666372
2015-03-31,244.7124857,14004014.77,114677,266605,16.24634701,3426957264,114677,841640.3087,0.2568279253,7.33922503
2015-04-01,247.1858194,14007314.77,120748,274206,17.08490971,3462409579,120748,1078099.207,0.2588983468,8.92850571
2015-04-02,253.6300704,14011464.77,109756,249771,15.38686564,3553728797,109756,764219.6987,0.2153332998,6.962896777
2015-04-03,254.8331636,14015114.77,105958,240801,15.32740854,3571516036,105958,734707.3015,0.1813657192,6.933948371
2015-04-04,253.9458486,14018939.77,87605,243687,13.30258188,3560051557,87605,443982.9814,0.1447001406,5.068009605
2015-04-05,261.1121362,14022639.77,96521,271639,15.10136188,3661481425,96521,445062.7447,0.1160612465,4.611045728
2015-04-06,256.3673869,14025789.77,105277,242694,15.77134239,3595755073,105277,724384.7599,0.1822150647,6.8807504
2015-04-07,254.831898,14029589.77,113215,269775,16.31382022,3575186990,113215,809021.6202,0.2338325793,7.145887207
2015-04-08,245.8252104,14032714.77,109348,253258,16.03771619,3449595061,109348,909657.1488,0.2310544143,8.318918945
2015-04-09,243.8606362,14036039.77,116464,250608,18.90110829,3422837588,116464,874934.3533,0.1978876163,7.512487578
2015-04-10,235.8719006,14039839.77,109637,250196,27.3699549,3311603691,109637,996565.2007,0.2059889282,9.089679585
2015-04-11,237.4090678,14043339.77,100196,270860,16.77592743,3334016204,100196,617443.7622,0.1718089388,6.162359398
2015-04-12,237.1410424,14046539.77,86603,254516,14.04098606,3331011083,86603,468546.6838,0.1880020411,5.410282367
2015-04-13,225.5056359,14050439.77,116290,276787,17.41934865,3168453355,116290,955565.3417,0.2068329681,8.217089532
2015-04-14,219.7572367,14054164.77,108751,255342,15.8165952,3088504414,108751,973406.9294,0.2518779396,8.950786011
2015-04-15,223.3139079,14057214.77,107977,227570,15.62505405,3139171565,107977,805546.2539,0.2163949413,7.460350389
2015-04-16,228.4938153,14060664.77,99527,225691,14.05114033,3212774939,99527,1167786.037,0.2690576107,11.73335916
2015-04-17,222.7850602,14063814.77,100988,228675,14.45299191,3133207820,100988,1144123.9,0.2926677397,11.32930546
2015-04-18,223.3980441,14067464.77,97580,250243,13.26933489,3142644116,97580,779685.8772,0.1976248278,7.990222148
2015-04-19,223.2841353,14071089.77,93417,276814,13.33739209,3141851112,93417,1040085.816,0.2481546659,11.13379594
2015-04-20,224.8949036,14074939.77,116476,245521,16.98677509,3165382222,116476,1306694.564,0.2850442539,11.21857348
2015-04-21,234.9393565,14078764.77,110257,243752,15.16383331,3307655936,110257,1200468.964,0.4052747969,10.88791609
2015-04-22,233.8224188,14082564.77,113336,265898,16.09570263,3292819357,113336,1325681.094,0.399863283,11.69691091
2015-04-23,235.9332937,14085814.77,109934,264221,16.01780275,3323312673,109934,1133199.49,0.4267943639,10.30799834
2015-04-24,231.4585923,14088914.77,105601,252037,15.05387768,3261000381,105601,1263788.771,0.3954487024,11.96758337
2015-04-25,226.445993,14092989.77,100598,268305,99.66973292,3191301063,100598,960462.4623,0.3113280967,9.547530391
2015-04-26,220.5034068,14096589.77,93522,275889,13.5487858,3108346068,93522,1092133.466,0.3019137027,11.67782411
2015-04-27,227.3259904,14100014.77,113365,253708,15.64242508,3205299822,113365,1314544.543,0.3155424502,11.59568246
2015-04-28,225.5493688,14103839.77,113542,255162,16.2919516,3181112158,113542,1329484.643,0.3079503187,11.70918817
2015-04-29,225.6692884,14107014.77,117554,261510,16.90727715,3183519985,117554,1293947.165,0.292844456,11.00725764
2015-04-30,236.327976,14110364.77,110679,240159,16.45477351,3334673947,110679,1181591.455,0.3097051869,10.67584144
2015-05-01,232.7465827,14114064.77,101452,225580,14.0104506,3285000343,101452,1263210.366,0.2754154293,12.45131063
2015-05-02,235.5400771,14117739.77,92909,264029,13.68364567,3325293515,92909,816513.4033,0.1816421244,8.788313331
2015-05-03,240.464249,14121264.77,83855,247646,12.31324554,3395659328,83855,816356.5097,0.2709591978,9.73533492
2015-05-04,238.9766613,14124464.77,104511,255868,15.14047929,3375417434,104511,1258627.752,0.2701351657,12.04301702
2015-05-05,236.0233834,14128314.77,115789,263807,16.41240338,3334612654,115789,1217135.798,0.2798790486,10.51167034
2015-05-06,229.4812193,14132339.77,111252,270868,15.790563,3243106562,111252,1234780.105,0.320161276,11.09894748
2015-05-07,237.1306873,14135864.77,110385,259340,15.86882482,3352047329,110385,1278736.204,0.3114485132,11.58432943
2015-05-08,244.3834728,14139614.77,110150,298182,16.75898401,3455488162,110150,1093912.149,0.2642813741,9.931113475
2015-05-09,242.70595,14142839.77,96017,235324,13.55162161,3432551363,96017,898035.627,0.2092696944,9.352881541
2015-05-10,240.7314839,14146064.77,87291,267176,15.35133374,3405403164,87291,942779.0512,0.3118993776,10.80041529
2015-05-11,242.2498372,14150014.77,110147,262404,17.10272336,3427838775,110147,1178539.591,0.4321282573,10.69969759
2015-05-12,242.2090921,14153764.77,109607,273959,15.9899937,3428170514,109607,1042630.257,0.4173377603,9.512442248
2015-05-13,236.5502659,14157814.77,110562,252379,15.77876236,3349034849,110562,1155863.533,0.3269241727,10.45443762
2015-05-14,236.9489167,14161664.77,102057,241337,14.14628719,3355591126,102057,1047063.521,0.2901511471,10.25959533
2015-05-15,237.4845023,14165339.77,104527,242013,15.03789239,3364048666,104527,941024.4618,0.2593137632,9.002692719
2015-05-16,235.8121344,14168639.77,89300,259761,12.94808374,3341137186,89300,756625.1857,0.1985987706,8.472846424
2015-05-17,236.9636829,14172914.77,89084,263667,13.37057143,3358466082,89084,647743.6968,0.203423577,7.271156401
2015-05-18,232.8838496,14176514.77,96958,239338,14.62875523,3301481334,96958,935923.9997,0.2869584993,9.652880626
2015-05-19,231.9744468,14179764.77,108963,258201,15.94676517,3289343089,108963,1220332.144,0.5027062317,11.19950941
2015-05-20,234.1903063,14183389.77,104816,251166,14.75428306,3321612394,104816,1072372.038,0.4506975617,10.23099563
2015-05-21,235.5538217,14187264.77,97997,236381,14.42830737,3341864437,97997,960608.7956,0.4425740123,9.802430642
2015-05-22,240.3232037,14190714.77,103038,248185,15.45300709,3410358036,103038,1309395.211,0.4054872709,12.70788652
2015-05-23,238.9632817,14193514.77,87197,222628,12.864588,3391728869,87197,979018.8239,0.3380393817,11.22766636
2015-05-24,240.7117583,14197164.77,91128,282015,13.1338085,3417424495,91128,703017.9879,0.2033718682,7.714621059
2015-05-25,237.0035432,14200689.77,107497,262222,15.73534058,3365613792,107497,964737.1337,0.3030587603,8.974549371
2015-05-26,236.7962613,14204289.77,110959,274566,18.45803195,3363522711,110959,1048691.566,0.3346209927,9.451162734
2015-05-27,237.2035964,14207739.77,106238,258192,15.82065777,3370126971,106238,1142085.972,0.332946048,10.75025859
2015-05-28,236.9568819,14211039.77,110526,255987,16.14230756,3367403673,110526,1014505.458,0.3316890371,9.17888513
2015-05-29,236.6465266,14214889.77,130305,301378,18.900967,3363904290,130305,1148617.028,0.2215920967,8.81483464
2015-05-30,232.78877,14218289.77,122222,302015,16.07205974,3309858187,122222,878381.7449,0.1225016138,7.186772798
2015-05-31,229.4505479,14221989.77,97356,294212,39.52465888,3263243345,97356,949160.3919,0.3448760559,9.749377459
2015-06-01,223.2827019,14225289.77,132668,316894,22.07609897,3176261135,132668,1637533.964,0.4954033566,12.34309678
2015-06-02,225.320801,14229039.77,125717,299987,18.17588862,3206098638,125717,1405467.767,0.4715277042,11.17961586
2015-06-03,225.2130634,14232589.77,129398,295631,18.32997293,3205365142,129398,1438119.038,0.3810613767,11.11392013
2015-06-04,223.5400769,14236114.77,114685,270650,16.42116633,3182342190,114685,1220009.109,0.3481836505,10.63791349
2015-06-05,224.7310719,14239564.77,108893,261364,15.65542164,3200072654,108893,1458005.047,0.4626240561,13.38933675
2015-06-06,225.1605132,14244014.77,93591,271268,14.51350348,3207189675,93591,1085297.318,0.4485155882,11.59617183
2015-06-07,223.4116859,14247739.77,82502,255838,12.75830974,3183111561,82502,984506.8361,0.288248127,11.93312691
2015-06-08,228.7742914,14251664.77,111670,252632,17.79781777,3260414508,111670,1157339.701,0.3390241077,10.36392676
2015-06-09,229.3705295,14255439.77,121137,287564,17.69428829,3269777768,121137,1278069.77,0.5019868954,10.55061435
2015-06-10,228.5884874,14259664.77,129616,354081,19.88701589,3259595201,129616,1306431.778,0.4646646959,10.07924776
2015-06-11,229.5844117,14263039.77,120640,281625,17.44361645,3274571595,120640,1275844.112,0.438365999,10.5756309
2015-06-12,229.8112185,14266589.77,125402,296611,18.17704851,3278622379,125402,1360910.882,0.4031961564,10.85238578
2015-06-13,233.0153445,14270564.77,105230,282673,16.83762539,3325260566,105230,1045456.686,0.3408015904,9.934968037
2015-06-14,232.5071087,14274264.77,105380,292633,16.37535803,3318868030,105380,1360606.829,0.2780861211,12.91143319
2015-06-15,236.7909629,14277864.77,128569,318865,19.79611018,3380869346,128569,1528444.036,0.3843558846,11.88812261
2015-06-16,251.4326768,14280814.77,120372,276646,22.16171112,3590663484,120372,1799121.665,0.402302522,14.94634686
2015-06-17,247.9693177,14284764.77,132006,322275,21.08865135,3542183372,132006,1898353.395,0.5089782929,14.38081144
2015-06-18,249.0124795,14288664.77,125830,287336,27.52765807,3558055843,125830,1474512.204,0.4413112154,11.7182882
2015-06-19,244.8034842,14292339.77,126014,291461,27.58818203,3498814573,126014,1882976.517,0.3392598772,14.94259778
2015-06-20,245.5825132,14295689.77,100545,259541,14.96865619,3510771420,100545,1092317.432,0.3064835482,10.8639657
2015-06-21,244.3002601,14298789.77,96769,279335,14.0692922,3493198059,96769,981948.8154,0.2565122116,10.147349
2015-06-22,247.0178925,14302614.77,118897,264629,28.21959957,3533001757,118897,1115240.464,0.346829127,9.379887331
2015-06-23,244.1847633,14306114.77,126676,303390,18.70392378,3493335248,126676,1171903.931,0.2928069673,9.251191473
2015-06-24,240.4515453,14310014.77,113349,267900,16.38737487,3440865164,113349,1166245.056,0.2925953331,10.28897526
2015-06-25,242.3478577,14313814.77,109193,227584,16.48184394,3468922344,109193,938072.3567,0.2824163607,8.590956899
2015-06-26,242.9679974,14317664.77,117718,294363,18.31451546,3478734336,117718,1536349.569,0.3305990948,13.05110152
2015-06-27,251.5293267,14320889.77,103789,290296,16.40202958,3602123761,103789,1212312.242,0.2462337128,11.68054651
2015-06-28,249.0582858,14324414.77,100641,275010,15.63746896,3567614187,100641,832821.5234,0.2755379119,8.275171386
2015-06-29,256.6502224,14327914.77,124779,290419,18.81245688,3677262511,124779,1314639.095,0.4536095816,10.53573995
2015-06-30,263.8543569,14331539.77,155748,312364,30.05228117,3781439208,155748,1656916.494,0.8082489239,10.63844476
2015-07-01,258.0426476,14334914.77,142709,308546,21.10332998,3699019359,142709,1320669.646,0.3324876752,9.254284214
2015-07-02,254.7471134,14338764.77,142954,317013,24.3983581,3652758934,142954,1358569.404,0.5347381495,9.503542426
2015-07-03,256.0870428,14342789.77,129344,300150,22.81368471,3673002617,129344,1239462.069,0.3926360307,9.582679283
2015-07-04,260.5092396,14346589.77,103718,271740,17.68514497,3737419191,103718,902573.3841,0.2487512539,8.702186545
2015-07-05,271.3024582,14350139.77,114726,307522,20.93118866,3893228194,114726,1145135.249,0.5806655828,9.981479777
2015-07-06,269.1379401,14354664.77,180882,352954,37.54753069,3863384906,180882,1593499.682,0.512826248,8.809608928
2015-07-07,266.4699191,14358014.77,190910,321011,43.04662334,3825979033,190910,1309654.318,0.503959323,6.860061378
2015-07-08,270.5761429,14362039.77,195582,317005,49.69961454,3886025324,195582,1217977.559,0.557096418,6.227452213
2015-07-09,269.6803048,14365364.77,194989,333362,41.10713393,3874055949,194989,1348465.122,0.355880642,6.915595862
2015-07-10,285.5587808,14369214.77,190131,319210,36.54654994,4103255450,190131,1773081.015,0.2204554867,9.325575604
2015-07-11,293.9174538,14372914.77,186958,321077,39.37431864,4224450512,186958,1265819.417,0.1585343075,6.770608462
2015-07-12,311.4818799,14376289.77,208628,313443,43.34664663,4477953762,208628,1231747.067,0.04132824678,5.904035254
2015-07-13,292.6492238,14379989.77,158460,299508,32.49378125,4208292844,158460,1336341.422,0.1386711349,8.433304444
2015-07-14,287.7409515,14383589.77,124862,288951,29.74710667,4138747805,124862,1336965.837,0.3456720341,10.70754783
2015-07-15,285.9228854,14387414.77,112163,268772,25.51787682,4113691144,112163,1252563.111,0.3209606669,11.16734673
2015-07-16,278.5327493,14390764.77,116060,278082,27.56391049,4008299275,116060,1426307.61,0.3624887927,12.28939868
2015-07-17,280.0647247,14394439.77,114852,248227,23.55741988,4031374811,114852,1209358.117,0.2399302521,10.52970881
2015-07-18,277.3546353,14398164.77,134042,251678,43.18225529,3993397738,134042,912446.6073,0.07788584451,6.807169449
2015-07-19,275.2819895,14401964.77,117660,296139,20.51661503,3964601513,117660,708656.1688,0.06657900153,6.022914914
2015-07-20,279.114393,14405864.77,125270,283750,39.79127339,4020884201,125270,988733.7123,0.242663946,7.892821205
2015-07-21,276.6524126,14409039.77,134200,313410,26.76682519,3986295615,134200,1064277.001,0.1978583866,7.930529068
2015-07-22,277.7643691,14412889.77,128982,287455,25.90090313,4003387233,128982,1036446.197,0.2304543243,8.035587888
2015-07-23,276.8116286,14416389.77,110507,264413,26.8106086,3990624330,110507,1146941.018,0.3796805811,10.37889923
2015-07-24,289.3059763,14420614.77,108126,264644,22.94428294,4171970034,108126,1174673.342,0.3464636344,10.86393043
2015-07-25,289.50764,14424464.77,100567,243324,20.301274,4175992753,100567,759008.9678,0.2196695051,7.547296507
2015-07-26,293.3148428,14428064.77,93547,299700,21.52919486,4231965549,93547,593210.4163,0.2609107649,6.341308821
2015-07-27,294.4267618,14431789.77,114211,283647,31.29739503,4249105128,114211,982963.2069,0.3378463268,8.606554595
2015-07-28,295.4101253,14435189.77,121880,303847,28.43173808,4264301217,121880,1227009.804,0.3353744219,10.06735973
2015-07-29,289.8558364,14438989.77,140018,312401,38.56990172,4185225455,140018,1104760.111,0.3800820483,7.890129206
2015-07-30,288.2362607,14442339.77,125022,278623,34.35715659,4162806010,125022,1041863.516,0.3764307785,8.333441443
2015-07-31,284.5973244,14446114.77,145443,299579,37.26994601,4111325610,145443,1002165.862,0.3368513749,6.890437232
2015-08-01,281.6688463,14449989.77,148454,300587,32.96989629,4070111946,148454,791631.4173,0.1901133217,5.332503114
2015-08-02,282.4230064,14453764.77,103972,292502,20.18166137,4082075700,103972,672596.9191,0.1703614752,6.469019727
2015-08-03,282.1850523,14457689.77,119397,300542,28.23981083,4079743943,119397,1030710.485,0.2579123146,8.632633019
2015-08-04,285.2866175,14461089.77,132986,293826,34.93785564,4125555384,132986,1170033.361,0.452860359,8.798169442
2015-08-05,282.3388869,14464414.77,131314,313235,33.15228016,4083866765,131314,1221800.8,0.4364117226,9.304421466
2015-08-06,278.9957487,14467989.77,134811,295447,37.15519371,4036507637,134811,1157266.182,0.2924811592,8.584360196
2015-08-07,279.4887151,14471414.77,115384,283150,25.88703749,4044597118,115384,1152648.07,0.3512878864,9.989669884
2015-08-08,261.4502756,14475439.77,100950,266587,22.21012123,3784607716,100950,1276111.678,0.2704147083,12.64102703
2015-08-09,266.3420205,14478989.77,88144,262571,18.59471561,3856363388,88144,1183782.745,0.2654894631,13.43010012
2015-08-10,264.9288252,14483164.77,115928,292834,28.55046237,3837007827,115928,1232667.588,0.3684763253,10.63304454
2015-08-11,271.4217361,14487214.77,115981,271613,26.26481678,3932144983,115981,1162280.975,0.3840886198,10.021305
2015-08-12,268.1438685,14490364.77,116970,278802,25.36168112,3885502464,116970,1328293.099,0.3649197744,11.35584422
2015-08-13,264.691628,14494039.77,115808,272849,24.38122569,3836450982,115808,1443379.962,0.2946825353,12.46356005
2015-08-14,266.3559416,14497589.77,110518,268926,24.18376904,3861519172,110518,1364691.547,0.3020995121,12.34813829
2015-08-15,261.9368366,14501014.77,96407,272413,20.81668582,3798349936,96407,1062204.941,0.2380192141,11.01792339
2015-08-16,258.9308174,14504464.77,88617,275996,18.75762756,3755652917,88617,1083195.92,0.3090130437,12.22334225
2015-08-17,258.0093983,14508139.77,120631,293079,24.83575503,3743236411,120631,1593393.305,0.4202947672,13.20882116
2015-08-18,217.8858831,14511664.77,117676,293760,25.04079254,3161886893,117676,2092273.338,0.5107994993,17.77994951
2015-08-19,227.2182519,14515564.77,116441,280796,23.45816539,3298201251,116441,1618871.354,0.4513545859,13.90293242
2015-08-20,235.5238831,14519314.76,119447,278919,26.01326133,3419645393,119447,1586886.468,0.4285849854,13.28527688
2015-08-21,232.8006178,14523439.76,112811,281703,23.14761144,3381065750,112811,1441147.009,0.3526150436,12.77488019
2015-08-22,230.6391733,14527389.76,104345,295137,22.14517164,3350585165,104345,1264504.511,0.2541589062,12.11849644
2015-08-23,228.6730739,14530739.76,94037,284990,20.53202096,3322788928,94037,1024782.673,0.26534825,10.89765383
2015-08-24,211.9559176,14534614.76,126407,309470,26.48478287,3080697609,126407,2138034.645,0.436699296,16.91389436
2015-08-25,222.6550395,14537989.76,122964,288148,25.46047194,3236956684,122964,2003607.882,0.4279310284,16.29426403
2015-08-26,226.1167002,14542014.76,123779,288944,25.40047779,3288192392,123779,1600632.752,0.3801488344,12.93137569
2015-08-27,224.9398773,14545439.76,117058,270033,23.27977962,3271849435,117058,1469080.263,0.3861520734,12.55002018
2015-08-28,232.1708083,14549314.76,120019,296413,24.38384743,3377926169,120019,1638708.298,0.4008729637,13.65374064
2015-08-29,229.8262002,14553314.76,109044,290341,21.69840334,3344733032,109044,999693.2805,0.2589217415,9.167797224
2015-08-30,229.0195725,14557064.76,96776,280853,19.54268421,3333852748,96776,771606.4356,0.3091220512,7.97311767
2015-08-31,230.6894661,14560989.75,129082,308087,27.63742887,3359066952,129082,1305986.758,0.3331404823,10.11749708
2015-09-01,227.9555704,14564839.75,131180,308331,25.4864591,3320136354,131180,1437506.613,0.3551832484,10.95827575
2015-09-02,229.5021807,14568839.74,151003,292511,54.70748318,3343580491,151003,1409347.942,0.6868213605,9.333244649
2015-09-03,227.1071216,14572489.74,125273,297285,26.79288901,3309516199,125273,1192565.976,0.3866633481,9.5197367
2015-09-04,231.1775634,14576389.73,102134,260465,24.76151131,3369734261,102134,1076663.991,0.3633613866,10.54168045
2015-09-05,235.9030061,14580064.73,127522,323127,28.54016701,3439481099,127522,918427.796,0.1709940058,7.202112545
2015-09-06,240.8054722,14583664.73,105924,290712,21.93340881,3511826272,105924,950127.2453,0.2483581434,8.969895825
2015-09-07,240.6336157,14587464.73,124388,318515,29.30107153,3510234382,124388,1016778.954,0.3181392582,8.174252771
2015-09-08,244.1749527,14590864.73,127806,338676,26.20899727,3562723704,127806,1423178.382,0.4046647657,11.13545829
2015-09-09,238.7224632,14594589.4,124005,298432,26.89007499,3484056330,124005,1288761.857,0.4477793944,10.39282172
2015-09-10,238.7504772,14598863.99,123230,283028,27.24264459,3485485743,123230,1349204.507,0.3579050438,10.94866922
2015-09-11,240.8450081,14602812.29,182060,317585,38.6276591,3517014444,182060,1223081.526,0.1132263451,6.718013434
2015-09-12,236.3518322,14606186.29,136766,276575,28.83145844,3452198890,136766,795649.6392,0.1449957027,5.817598228
2015-09-13,230.5488373,14609961.21,144629,317231,25.13972793,3368309570,144629,843124.5122,0.0795970182,5.82956746
2015-09-14,230.948794,14613761.16,169000,311373,31.75645608,3375030516,169000,1275464.552,0.1302409919,7.547127525
2015-09-15,230.39859,14617761.16,161744,324464,28.52778572,3367911561,161744,1301541.715,0.1730913371,8.046924245
2015-09-16,229.0432858,14621311.16,169119,301627,26.2890071,3348913151,169119,1447946.216,0.1331364065,8.561700437
2015-09-17,233.2026978,14624911.16,256980,315192,26.81662266,3410568739,256980,1284885.135,0.0003932201508,4.999942157
2015-09-18,233.1751309,14628586.16,162145,320444,25.70771363,3411022494,162145,1287841.198,0.1516370972,7.942527973
2015-09-19,232.2415681,14631711.16,114319,268056,21.51861882,3398091544,114319,1081947.405,0.2562848696,9.464283324
2015-09-20,231.3623238,14634911.16,107742,336567,21.19348411,3385967055,107742,902032.1485,0.2679606558,8.372149658
2015-09-21,226.773448,14638211.16,133015,357635,28.90349476,3319557618,133015,1647631.759,0.3616560966,12.38681171
2015-09-22,230.6263048,14642136.16,135214,348545,27.59967531,3376861757,135214,1509111.618,0.4378685254,11.16091247
2015-09-23,230.1324378,14646086.16,132602,297453,25.816131,3370539512,132602,1272822.818,0.4324466423,9.598820668
2015-09-24,234.3198685,14649586.16,125773,295784,24.58285308,3432689103,125773,1207168.128,0.4701265868,9.597991047
2015-09-25,235.5382218,14653686.16,126477,292649,26.6257234,3451503181,126477,1342962.406,0.4528776654,10.61823419
2015-09-26,234.5918144,14657361.16,116096,314624,25.19879318,3438496950,116096,1022432.673,0.3186343061,8.806786396
2015-09-27,233.2433098,14661086.16,108836,324221,22.10049368,3419600261,108836,756857.6873,0.3263158977,6.954111574
2015-09-28,240.0172653,14664661.16,136065,295867,25.64816429,3519771869,136065,1452389.392,0.4919729413,10.67423211
2015-09-29,237.3362338,14669011.16,141219,355812,27.49823592,3481487862,141219,1741018.585,0.5288446606,12.32850102
2015-09-30,236.739848,14672711.16,140556,334445,27.02240842,3473615411,140556,1427290.871,0.463251121,10.1546065
2015-10-01,238.2298139,14676436.16,136279,297034,29.16873202,3496364655,136279,1589722.692,0.5365743184,11.66520661
2015-10-02,237.9370073,14679886.16,140746,309307,26.11892037,3492888181,140746,1730214.457,0.4726755257,12.29316966
2015-10-03,239.7358977,14683511.16,115341,252618,20.97401628,3520164730,115341,959828.2827,0.3281360895,8.321657369
2015-10-04,239.5169249,14687336.16,102050,303522,19.08742157,3517865592,102050,861931.3649,0.3370409003,8.446167221
2015-10-05,240.9612138,14691161.16,129445,297239,24.10219221,3540000026,129445,1404247.699,0.4272181334,10.84821892
2015-10-06,246.9404982,14694711.16,144666,325721,25.79284207,3628719296,144666,1719421.128,0.4985290014,11.88545427
2015-10-07,243.7344868,14698036.16,135767,310175,25.14738859,3582418301,135767,1500077.136,0.4541991633,11.04890832
2015-10-08,243.029633,14701536.16,134073,301525,25.86305109,3572908937,134073,1931408.805,0.4183522756,14.40565069
2015-10-09,244.4488875,14704686.16,119845,274941,24.06125802,3594544173,119845,1427164.585,0.404914913,11.90841991
2015-10-10,245.9559243,14708686.16,123713,317477,24.24235946,3617688500,123713,1153352.617,0.2489348454,9.322808574
2015-10-11,248.5281654,14712336.16,104828,296821,19.3521063,3656429915,104828,962958.5589,0.3331654578,9.186081571
2015-10-12,246.0936373,14715886.16,135172,307438,25.7544194,3621485952,135172,1413273.255,0.4501863648,10.45536987
2015-10-13,250.4713007,14719311.16,134743,307430,24.82907929,3686765012,134743,1645075.076,0.3702579886,12.20898359
2015-10-14,253.1423255,14723111.16,143317,317192,27.54494556,3727042599,143317,1696757.143,0.4322509077,11.83918965
2015-10-15,254.693015,14727261.16,151601,360598,27.99625675,3750930548,151601,1979735.981,0.4965939093,13.05885833
2015-10-16,262.7373632,14730861.16,143758,342212,28.49210792,3870347619,143758,1826402.603,0.4528971385,12.70470236
2015-10-17,271.9309389,14734261.14,140784,375203,28.09074794,4006701466,140784,1593023.47,0.3184154048,11.31537298
2015-10-18,263.4816774,14737886.14,113308,327671,21.6236941,3883162961,113308,1020918.019,0.3074065749,9.010114189
2015-10-19,264.3627282,14742011.14,146674,349142,28.75394725,3897238283,146674,1505784.263,0.4545156604,10.26619758
2015-10-20,270.8322119,14745211.14,147549,403962,32.15697697,3993478146,147549,1589722.209,0.4060041427,10.77419846
2015-10-21,268.0402177,14748811.14,145239,343508,27.18427371,3953274548,145239,1349219.58,0.4027306086,9.289650715
2015-10-22,275.4149565,14752511.14,152044,352887,30.26301245,4063062212,152044,1579979.292,0.4469219885,10.39159251
2015-10-23,278.612778,14756236.14,138354,361424,27.9065202,4111275943,138354,1365103.025,0.3364095526,9.866740569
2015-10-24,283.6111429,14759861.14,143796,378880,27.6704817,4186061086,143796,1348668.307,0.2341621677,9.379039105
2015-10-25,286.0496935,14763736.14,130520,371558,24.56308191,4223162196,130520,1389385.862,0.3188082424,10.64500354
2015-10-26,286.7033828,14767836.14,115817,371860,26.650884,4233988577,115817,1519701.476,0.4090743501,13.12157521
2015-10-27,295.5629138,14771511.14,153539,353786,28.89169204,4365910872,153539,1781816.139,0.402909142,11.60497424
2015-10-28,304.442097,14774986.14,161025,355701,30.42368241,4498127763,161025,1972865.303,0.3780916014,12.25191929
2015-10-29,314.8794623,14778761.14,160480,385081,34.18744438,4653528360,160480,2246051.092,0.3508644203,13.99583183
2015-10-30,328.4923212,14783036.14,163703,372016,31.18795744,4856113854,163703,2409007.003,0.4028495994,14.71571689
2015-10-31,314.1195082,14786711.14,155851,367631,28.67008753,4644794429,155851,1837250.594,0.2853054257,11.78850693
2015-11-01,329.8542276,14790536.14,153010,393101,27.49082698,4878720873,153010,1601748.547,0.3528285838,10.46826055
2015-11-02,364.616628,14794361.14,174085,404897,33.74488892,5394270071,174085,2294608.764,0.3292499321,13.18096771
2015-11-03,400.9231052,14798236.14,185118,449049,38.35492067,5932954783,185118,3267659.232,0.3975999336,17.65176391
2015-11-04,405.4816815,14802111.14,205457,498795,41.75471735,6001984913,205457,11580089.79,0.5044296927,56.36259551
2015-11-05,384.341223,14805761.14,181730,441656,33.14480308,5690464342,181730,3833746.556,0.4267900246,21.09583754
2015-11-06,372.9754179,14809386.14,166618,426032,32.15734453,5523536982,166618,2714310.165,0.3568170813,16.29061785
2015-11-07,386.5045508,14813186.14,150863,365479,25.7245726,5725363854,150863,2217835.635,0.224196584,14.7009912
2015-11-08,372.4001297,14816661.14,135361,386676,23.85039117,5517726529,135361,1981707.612,0.2583914245,14.64016676
2015-11-09,380.4956444,14820386.14,156149,408589,28.99244973,5639092372,156149,2937522.567,0.2909258007,18.8123047
2015-11-10,337.8305023,14824036.14,160462,399491,29.05969129,5008011574,160462,3120129.386,0.3617257742,19.4446622
2015-11-11,308.9221859,14828236.14,161943,374115,28.41490881,4580771119,161943,3717239.698,0.3987023452,22.95400047
2015-11-12,337.5229886,14832261.14,159916,374348,26.49292426,5006229106,159916,2956467.778,0.3964826235,18.48762962
2015-11-13,337.2789582,14836261.14,153174,358205,24.98945743,5003958699,153174,2787550.154,0.3761604361,18.19858562
2015-11-14,333.0471175,14839811.14,149141,383137,24.25147772,4942356322,149141,3063898.975,0.2910489084,20.54363975
2015-11-15,319.9280216,14843811.14,140003,409132,22.53948037,4748951130,140003,2148654.333,0.3352129002,15.34720208
2015-11-16,331.132725,14848136.14,160506,404593,28.09312782,4916703780,160506,2621355.071,0.3931988298,16.33181982
2015-11-17,335.8497861,14851861.14,158577,388743,26.78833982,4987994385,158577,1929272.1,0.3403783618,12.16615335
2015-11-18,335.744505,14855686.14,166493,403730,27.51769523,4987714987,166493,1800087.808,0.3367530915,10.81179274
2015-11-19,326.2321455,14859086.14,148816,345821,24.77992715,4847511551,148816,1999831.571,0.3225984975,13.43828332
2015-11-20,321.9404755,14863261.14,157775,361600,26.03491331,4785085357,157775,2235722.455,0.3062615841,14.17032137
2015-11-21,325.9052312,14867611.14,148752,370942,23.59031018,4845432244,148752,1476998.299,0.2448012256,9.929266826
2015-11-22,323.7169661,14871911.14,129856,379184,23.29556879,4814289953,129856,1130815.195,0.2551611706,8.708224453
2015-11-23,323.0125563,14875986.14,146876,340771,26.02096964,4805130310,146876,1353662.09,0.356633195,9.216359988
2015-11-24,319.9613565,14879886.14,152287,385973,25.26280978,4760988553,152287,1457372.225,0.3394816211,9.56990567
2015-11-25,328.9604573,14883586.14,152916,364221,26.68582955,4896111302,152916,1884021.42,0.391904246,12.32062976
2015-11-26,356.2552925,14887986.14,163281,386928,27.59627043,5303923856,163281,2005175.474,0.4139138508,12.28051931
2015-11-27,359.2688244,14891311.14,161840,360234,26.8659445,5349983845,161840,2139734.783,0.4117919228,13.22129747
2015-11-28,356.5673226,14895161.13,163866,410729,26.22803627,5311127726,163866,1932932.022,0.2115224678,11.79580891
2015-11-29,371.7076125,14898886.13,130482,328208,22.4307977,5538029394,130482,1359905.611,0.2626284658,10.42217019
2015-11-30,377.3898399,14902936.13,184974,490103,34.68845393,5624216681,184974,2478639.908,0.3994278173,13.39993679
2015-12-01,362.5323758,14907111.13,176727,414541,30.99119123,5404310416,176727,2511005.465,0.4027667865,14.20838619
2015-12-02,359.2224041,14911136.13,182865,424374,32.41641443,5356414171,182865,2720405.378,0.4090613456,14.87657768
2015-12-03,361.2100681,14914686.13,163822,359444,29.52432902,5387334794,163822,2087175.609,0.3210403315,12.74050866
2015-12-04,363.2416318,14918511.13,171379,416094,28.34279815,5419024329,171379,2643991.855,0.3246406515,15.42774701
2015-12-05,389.3629588,14922886.13,188759,460264,31.72659995,5810419099,188759,4793111.905,0.3333676126,25.39275957
2015-12-06,393.3191297,14926861.13,176858,425554,29.75171787,5871020031,176858,5407104.026,0.4845454634,30.57313792
2015-12-07,395.3465883,14930536.13,193821,449269,33.26818925,5902736522,193821,3201861.325,0.5015245,16.51968221
2015-12-08,413.7986604,14934911.13,198694,452823,33.36264266,6180046221,198694,2924239.674,0.4294262331,14.71730236
2015-12-09,417.6326712,14939111.13,217675,493312,36.88873691,6239060889,217675,3913256.822,0.6012245145,17.97752072
2015-12-10,415.7299243,14944511.13,212096,473257,35.94353204,6212880483,212096,3243197.55,0.6476368052,15.29117734
2015-12-11,453.8614801,14948511.13,210641,466766,43.93303101,6784553389,210641,3633041.842,0.5919272989,17.24755315
2015-12-12,435.8557224,14952561.13,204106,527840,36.59712714,6517159335,204106,3394619.637,0.4368785133,16.6316504
2015-12-13,434.4034664,14956111.13,188060,484886,32.8754555,6496986520,188060,5256893.088,0.5867816896,27.95327602
2015-12-14,442.9916897,14960986.13,231777,520571,40.69807724,6627592526,231777,4963155.457,0.4956255504,21.41349425
2015-12-15,464.6178717,14965561.13,224712,495314,39.97921498,6953267163,224712,4411846.786,0.4513300344,19.63333861
2015-12-16,454.1424924,14969636.13,222651,487898,38.00774964,6798347864,222651,4568306.32,0.4696455486,20.51778936
2015-12-17,456.2401346,14973511.13,213352,453218,36.95949769,6831516735,213352,4126842.987,0.5104789832,19.342884
2015-12-18,463.1757697,14977736.13,217534,459189,38.26940527,6937324463,217534,4150833.48,0.5298442104,19.08130904
2015-12-19,461.3999079,14981661.13,208041,497028,34.46463287,6912537068,208041,3831219.614,0.3284222588,18.41569505
2015-12-20,442.1539901,14985786.13,196417,481622,34.14139891,6626025133,196417,4113547.454,0.5035983051,20.94292986
2015-12-21,437.6401295,14989511.13,233218,505331,41.59701822,6560011593,233218,5433971.398,0.57109251,23.29996569
2015-12-22,435.268379,14993261.13,218030,479097,38.66170596,6526092470,218030,4735096.068,0.5614765781,21.7176355
2015-12-23,442.6657271,14997186.13,219943,478167,39.33991872,6638740304,219943,4446899.16,0.5832798525,20.21841641
2015-12-24,455.878713,15000636.13,213360,456965,36.75732053,6838470695,213360,4735886.494,0.6390954253,22.19669335
2015-12-25,455.7188258,15004686.13,173868,367825,28.64759141,6837917947,173868,3876672.737,0.6778565696,22.29664307
2015-12-26,418.2215316,15008961.13,179227,416167,31.37274307,6277070712,179227,2848114.102,0.2623561718,15.89109957
2015-12-27,422.7058945,15014086.13,160526,408582,27.1105578,6346542709,160526,1427890.568,0.2033044751,8.895073499
2015-12-28,421.0528796,15017861.13,174759,413657,31.4663847,6323313676,174759,2216379.712,0.2963855754,12.68249253
2015-12-29,431.3400213,15021836.13,184447,427804,31.39411593,6479519118,184447,2130800.194,0.2865906104,11.55237111
2015-12-30,426.043647,15025961.13,177403,397910,31.01651793,6401715281,177403,2342229.211,0.2523286071,13.20287262
2015-12-31,429.6771534,15029511.13,153350,353317,25.09319563,6457837561,153350,1138140.918,0.2428102103,7.42185144
2016-01-01,434.6780064,15032886.13,124427,316781,19.87269548,6534464975,124427,952356.9697,0.2285001738,7.653941425
2016-01-02,434.4398773,15036511.13,147864,417966,31.23552519,6532460051,147864,1024470.044,0.1708107471,6.928461584
2016-01-03,430.13618,15040136.13,145029,398443,24.47306235,6469306703,145029,909347.3908,0.2127721504,6.270107295
2016-01-04,433.4489711,15044661.13,178576,413159,30.38263286,6521092889,178576,1044802.886,0.2149018828,5.850746384
2016-01-05,432.6695026,15048586.13,183659,435291,32.51125761,6511064278,183659,1398232.929,0.2555969379,7.613201254
2016-01-06,430.6778697,15052111.13,171808,381359,30.82358132,6482611157,171808,1330413.565,0.2653909292,7.743606614
2016-01-07,459.2089401,15055786.13,191087,432867,36.78648695,6913751593,191087,1571693.266,0.2584509787,8.225014085
2016-01-08,454.1344237,15060111.13,179603,405522,32.18645653,6839314891,179603,1182497.829,0.2519738518,6.583953657
2016-01-09,449.8452162,15063886.13,185614,461784,31.13701962,6776417115,185614,873098.5899,0.1655591686,4.703840173
2016-01-10,448.5802162,15068261.13,155959,427477,27.22692411,6759323838,155959,1108727.565,0.1898657072,7.109096399
2016-01-11,449.033059,15072511.13,192900,452499,36.22881672,6768055782,192900,1834348.237,0.2425122111,9.509322118
2016-01-12,441.7681572,15076761.13,194437,453665,34.68087562,6660432983,194437,1285190.05,0.2454771767,6.609801889
2016-01-13,432.3106452,15080461.13,192477,430325,35.01876885,6519443883,192477,1426957.193,0.2807564452,7.413650428
2016-01-14,429.8232247,15083786.13,181837,427750,31.74043995,6483361597,181837,1218385.908,0.2806665463,6.700429
2016-01-15,367.8231999,15086836.13,179113,410879,35.51030784,5549288343,179113,1855781.917,0.3156462127,10.36095603
2016-01-16,388.0712046,15090386.13,197424,511206,34.99543345,5856144324,197424,1452936.825,0.1956393546,7.359474154
2016-01-17,382.4820865,15094161.13,196195,521728,35.20224107,5773246244,196195,10010260.77,0.2039049743,51.02199734
2016-01-18,384.8651666,15098486.13,216659,476975,40.80837867,5810881381,216659,9540839.367,0.2374467942,44.03620143
2016-01-19,378.161725,15101811.13,188008,425484,39.307912,5710926949,188008,8986220.379,0.3192946087,47.79701066
2016-01-20,420.6229242,15105611.13,209638,623972,47.06286758,6353766326,209638,3715065.352,0.2510895007,17.7213356
2016-01-21,409.2984597,15109036.13,217274,511702,49.04456984,6184105217,217274,5243155.08,0.2984130458,24.13153474
2016-01-22,381.0464594,15113436.13,216124,500516,45.66005697,5758921328,216124,8064242.447,0.3201893024,37.31303533
2016-01-23,386.3706026,15117911.13,188043,466284,37.93174941,5841116434,188043,29606858.66,0.3115325007,157.4472788
2016-01-24,403.4469267,15122186.13,204384,492811,40.97288117,6100999520,204384,67188617.29,0.4053965694,328.7371677
2016-01-25,391.9860973,15126236.13,224278,528904,46.37826504,5929274269,224278,17733466.52,0.2837090416,79.0691308
2016-01-26,391.1429351,15130236.13,228799,528008,46.66563329,5918084970,228799,10372330.68,0.4036350547,45.33381127
2016-01-27,394.6275304,15134111.13,230341,531444,49.97546215,5972336901,230341,13928646.28,0.3896687082,60.46967878
2016-01-28,378.9009956,15137761.13,221571,513308,46.02133321,5735712765,221571,6073450.407,0.2911895225,27.41085434
2016-01-29,378.9999948,15141986.13,223009,529268,46.84508176,5738812666,223009,7075681.429,0.3174564687,31.72823262
2016-01-30,377.2627791,15146661.13,195106,490429,39.03216691,5714271473,195106,3652198.543,0.3760376265,18.71904781
2016-01-31,366.3416876,15151186.13,177814,484082,34.98055402,5550511097,177814,1772113.128,0.3607724823,9.966105752
2016-02-01,371.2234351,15155211.13,226436,616260,58.04456691,5625969536,226436,5479990.84,0.4186292817,24.20105831
2016-02-02,372.9276312,15159711.13,238194,675786,56.64509717,5653475163,238194,3774798.17,0.3071346567,15.84757874
2016-02-03,368.0982066,15164186.13,187411,542654,44.07647373,5581909720,187411,1559983.976,0.2662930659,8.323865602
2016-02-04,389.7230812,15168386.13,202021,459997,38.38904722,5911470181,202021,2427011.3,0.3773191968,12.01365848
2016-02-05,384.398414,15173086.13,222655,503467,42.52702496,5832510245,222655,3473061.624,0.3601419646,15.59839943
2016-02-06,374.6315555,15178086.13,228552,497975,40.92346481,5686190018,228552,3268152.525,0.3966857511,14.29938274
2016-02-07,375.1539176,15182486.13,210537,516141,38.74329552,5695769152,210537,3051814.608,0.3701414099,14.49538375
2016-02-08,370.8143503,15186186.13,228610,479473,42.89627501,5631255745,228610,2716334.088,0.4901266627,11.88195655
2016-02-09,373.5116129,15190586.13,232957,515267,42.22613213,5673860327,232957,2251535.805,0.5496616248,9.665027474
2016-02-10,379.0826116,15194686.13,229228,487454,43.85828562,5760041302,229228,2586265.173,0.5443114342,11.28250115
2016-02-11,377.6391651,15199486.13,221125,496667,44.20853371,5739921253,221125,2681213.89,0.3953138705,12.12533133
2016-02-12,382.2944565,15203761.13,201608,470121,39.02699643,5812313599,201608,2655800.708,0.3665891504,13.17309188
2016-02-13,389.5984325,15207661.13,184733,448353,34.98352231,5924880939,184733,2609790.87,0.3675733475,14.1273669
2016-02-14,406.1506695,15211811.13,189676,496649,35.72122093,6178287276,189676,2788043.465,0.3793715278,14.6989786
2016-02-15,399.2676186,15215611.13,220619,498129,42.3398497,6075100823,220619,4003291.478,0.4918480509,18.14572397
2016-02-16,407.0353095,15219061.13,216248,481206,42.42133863,6194695258,216248,3965442.394,0.4931537764,18.33747546
2016-02-17,415.3241134,15222936.13,224099,537228,43.13280908,6322452453,224099,3923798.006,0.4255351286,17.50921694
2016-02-18,421.289663,15227161.13,213696,496326,43.57181868,6415045582,213696,3859100.545,0.4195688039,18.05883379
2016-02-19,419.6265285,15230786.13,218073,523596,46.21778652,6391241912,218073,4888143.381,0.4434705323,22.41517006
2016-02-20,440.1957601,15234536.13,216020,489626,41.17643945,6706178213,216020,4106971.361,0.4593978823,19.01199593
2016-02-21,438.7186127,15237736.13,208504,531113,40.77998358,6685078457,208504,4235013.264,0.5001862097,20.31142455
2016-02-22,437.5352951,15240911.13,236206,537212,45.52537023,6668436550,236206,4427897.895,0.4675965626,18.74591625
2016-02-23,420.0325926,15244311.13,249004,550408,49.13987521,6403107528,249004,4132552.841,0.4324688207,16.59633115
2016-02-24,423.9951125,15247261.13,219789,466104,45.35858378,6464764200,219789,3602714.996,0.3972545792,16.39169838
2016-02-25,424.0908703,15251136.13,217622,529925,45.97224146,6467867595,217622,3107633.115,0.3895816005,14.27995844
2016-02-26,431.762242,15254636.13,203801,476826,42.3985438,6586375897,203801,3266387.801,0.4019851278,16.02733942
2016-02-27,432.947846,15258311.13,176879,467543,36.25363538,6606052938,176879,2451274.466,0.248191557,13.85848216
2016-02-28,433.1022627,15261661.13,239755,497556,45.83646458,6609859969,239755,8637445.673,0.5924212873,36.02613365
2016-02-29,437.7758726,15264986.13,264062,563571,55.20455552,6682642624,264062,9856726.723,0.7535956654,37.32731981
2016-03-01,432.8078672,15268511.13,275555,561876,59.91528125,6608331738,275555,10992076.24,0.6570675387,39.8906797
2016-03-02,423.0797894,15272436.13,265637,553815,91.22556131,6461459062,265637,5731779.758,0.6733907106,21.57749018
2016-03-03,419.2688213,15275811.13,228219,575225,57.90901761,6404671328,228219,3649707.102,0.4942103716,15.99212643
2016-03-04,407.9901543,15279686.11,200730,513898,49.72913921,6233961495,200730,7424729.244,0.4550330395,36.98863769
2016-03-05,397.3144539,15283436.11,235769,530671,62.42309569,6072330074,235769,19917690.9,1.056762461,84.47968521
2016-03-06,403.7051875,15287136.11,161087,409059,38.85968613,6171496151,161087,2005481.443,0.3124012371,12.44967901
2016-03-07,413.2293662,15290461.11,187221,421465,45.18214143,6318467554,187221,2936786.737,0.3330402224,15.68620367
2016-03-08,411.4259532,15294311.11,197505,460732,43.82471447,6292476529,197505,2304239.663,0.3261656173,11.66674091
2016-03-09,412.5407035,15298511.11,186674,504399,53.78147081,6311258538,186674,2019952.768,0.3042996701,10.82075044
2016-03-10,416.3409287,15302386.11,190661,445273,41.58304543,6371009646,190661,2497170.855,0.2696299889,13.0974392
2016-03-11,419.5119342,15306386.11,195406,434658,40.76625565,6421211645,195406,2431908.708,0.2748431942,12.44541472
2016-03-12,410.2641633,15309986.11,166468,374730,34.08642792,6281138643,166468,1824694.095,0.259523033,10.96123035
2016-03-13,411.8058825,15313311.11,147901,421585,35.47006372,6306111597,147901,1602537.239,0.2416454068,10.83520219
2016-03-14,415.0269573,15317111.11,189108,451902,40.70332387,6357014020,189108,2389896.47,0.2963494246,12.6377333
2016-03-15,415.2664003,15321136.11,204228,451559,43.40119313,6362353042,204228,3231617.552,0.3002554503,15.82357734
2016-03-16,417.0241185,15324936.11,211838,449250,47.97701115,6390867973,211838,13336894.54,0.4768908828,62.95798933
2016-03-17,418.6053638,15328461.11,206792,482125,46.07076972,6416576041,206792,7920832.399,0.3651792672,38.30337923
2016-03-18,408.9015874,15331861.11,204309,425769,42.56526025,6269222347,204309,5248857.209,0.310942789,25.69077823
2016-03-19,409.1244299,15335261.11,180638,428645,34.70237857,6274029960,180638,2218654.971,0.2523828754,12.28232692
2016-03-20,412.0569538,15338911.11,174786,430803,33.24559552,6320504988,174786,1730227.065,0.2488175458,9.899117008
2016-03-21,411.6017741,15342386.11,199753,435918,41.37308373,6314953343,199753,2037801.827,0.2905065224,10.20160812
2016-03-22,416.5816538,15346086.11,203183,462080,42.19128667,6392897933,203183,2204091.247,0.2540630367,10.84781329
2016-03-23,417.3782995,15349811.11,189934,438399,39.0653857,6406678061,189934,2097391.759,0.2672299929,11.0427399
2016-03-24,413.5602399,15353486.11,189092,430544,38.24056126,6349591401,189092,2285233.745,0.3023670748,12.08530105
2016-03-25,416.3732438,15357136.11,170642,392195,32.38413521,6394300580,170642,2087671.004,0.2742323185,12.23421552
2016-03-26,416.8230967,15360961.11,159417,471861,36.93905043,6402803379,159417,1504204.22,0.2361913262,9.435657552
2016-03-27,425.4549598,15364486.11,158725,410531,30.5288016,6536896823,158725,1711277.676,0.2334700717,10.78139976
2016-03-28,422.9174468,15368736.11,199341,520539,46.97835173,6499706637,199341,2121534.233,0.2884321773,10.64273899
2016-03-29,415.8638288,15372661.11,200627,674110,58.62264486,6392933708,200627,2177226.266,0.3014015438,10.85210996
2016-03-30,412.7776978,15376336.11,198494,475833,45.01741409,6347008620,198494,2004763.073,0.2993257646,10.09986737
2016-03-31,415.9568112,15379436.11,209977,425668,46.62518613,6397181203,209977,2219121.955,0.2991969278,10.5684049
2016-04-01,417.2006603,15383261.11,203564,498916,51.92917707,6417906692,203564,2082965.821,0.2958624273,10.2324862
2016-04-02,419.7630567,15386736.11,189597,486983,51.12153884,6458783382,189597,1808059.997,0.2625814689,9.53633231
2016-04-03,420.0735789,15390286.11,171837,456249,41.64092422,6465052567,171837,1494310.979,0.2486540579,8.696095597
2016-04-04,419.5407279,15394436.11,209091,486496,45.12617647,6458592931,209091,2126590.43,0.2954969369,10.17064546
2016-04-05,422.5013644,15398311.11,219126,464749,48.61906587,6505807454,219126,2277865.761,0.2885481806,10.3952327
2016-04-06,421.9071912,15402236.11,219170,480231,58.35617955,6498314176,219170,2390621.352,0.3080511608,10.90761214
2016-04-07,421.46722,15405711.11,221115,450348,45.14406752,6493002235,221115,2784744.256,0.2991098572,12.59409925
2016-04-08,418.6434605,15409311.11,210165,433298,42.76267009,6451007328,210165,2685776.456,0.3174897318,12.77937076
2016-04-09,418.7586354,15413361.11,197534,428083,36.92259575,6454478065,197534,2249600.525,0.2375282361,11.38842187
2016-04-10,421.9544885,15417686.11,186313,444157,33.17793552,6505561857,186313,1989613.574,0.2410022947,10.6788768
2016-04-11,423.273044,15421511.11,234053,476122,51.10609378,6527509951,234053,2593934.668,0.3038818602,11.08268071
2016-04-12,427.4276646,15425211.11,233733,504477,49.4156405,6593161961,233733,3396947.639,0.304135672,14.53345329
2016-04-13,424.8725181,15429311.11,224860,497314,45.95592596,6555490264,224860,3226783.003,0.3208633041,14.3501868
2016-04-14,425.856595,15433411.11,228546,466772,45.0584012,6572419904,228546,2952778.252,0.3091674558,12.91984218
2016-04-15,430.7244188,15436886.11,213187,439873,44.76346627,6649043797,213187,3806164.588,0.3399575079,17.85364299
2016-04-16,432.216313,15440336.11,180596,407712,33.76843605,6673565145,180596,3009680.451,0.2484681785,16.6652664
2016-04-17,429.3399687,15444286.11,193251,485493,34.75683343,6630849315,193251,2638105.449,0.2648786702,13.65118653
2016-04-18,429.6569337,15447636.11,222012,473379,47.36407224,6637183963,222012,3968920.407,0.2985381823,17.87705352
2016-04-19,437.5687262,15451386.11,225653,480187,43.65529151,6761043337,225653,3616069.297,0.303993389,16.02491124
2016-04-20,442.6616533,15455511.11,211920,458038,42.26624642,6841562100,211920,3929979.629,0.3028475564,18.54463774
2016-04-21,452.1647028,15459286.11,215427,481473,43.2084951,6990143509,215427,4994466.014,0.294611674,23.18402992
2016-04-22,448.1344213,15462861.11,209575,438706,42.38546138,6929440315,209575,5224708.901,0.3061402862,24.93001981
2016-04-23,453.914723,15466461.11,184000,433938,32.99990934,7020454409,184000,3342213.687,0.2283843082,18.16420482
2016-04-24,463.3828714,15469761.11,182596,456476,33.25945698,7168422323,182596,2163728.307,0.2112702174,11.84981219
2016-04-25,465.3160067,15472936.11,221427,496102,43.89524614,7199804841,221427,2719085.224,0.2729542895,12.27982687
2016-04-26,469.6087645,15476711.11,250305,526580,337.7031751,7267999182,250305,2724734.41,0.2700929147,10.88565714
2016-04-27,445.7411131,15479936.11,244862,477617,47.31262725,6900043951,244862,2613195.193,0.2676149821,10.67211406
2016-04-28,451.0600618,15483311.11,245630,459333,49.2298862,6983903265,245630,2635678.263,0.2473306982,10.73027832
2016-04-29,457.0099652,15487261.11,258516,513848,49.3812131,7077832660,258516,2445383.587,0.2208879624,9.459312332
2016-04-30,449.9004845,15490911.11,217887,442245,41.03306028,6969368413,217887,1924609.926,0.2108999729,8.833064504
2016-05-01,455.0107312,15494786.11,184944,424418,33.49432309,7050293956,184944,1793304.8,0.1839319257,9.696474606
2016-05-02,444.9330612,15498711.11,224725,480773,45.19369687,6895888978,224725,2465780.913,0.2838606771,10.97243704
2016-05-03,451.6288504,15502486.11,232184,461956,44.38743368,7001369979,232184,2212187.621,0.2963960338,9.527734989
2016-05-04,448.3679676,15506661.11,239128,510639,48.1356524,6952690124,239128,2346651.135,0.3144158597,9.813368301
2016-05-05,449.3360725,15510536.11,228717,455031,44.16538733,6969443376,228717,2147517.375,0.2871391992,9.389408637
2016-05-06,461.6938624,15514586.11,238949,465712,45.54113068,7162989182,238949,2322757.999,0.2747729834,9.720727014
2016-05-07,461.3618425,15518336.11,196121,411559,36.48866709,7159568138,196121,1822367.282,0.2614043661,9.292055834
2016-05-08,461.3788723,15522536.11,184689,435990,34.12390809,7161770204,184689,1570769.013,0.2477161545,8.50494081
2016-05-09,463.4622317,15526811.11,228993,489806,41.07275193,7196090526,228993,2086550.689,0.2822905321,9.111853591
2016-05-10,451.0796683,15530761.11,246893,496262,48.11753169,7005610568,246893,2238064.688,0.3046490668,9.064917546
2016-05-11,453.8963053,15534086.11,236434,475358,46.38080637,7050864289,236434,2522712.454,0.3069687909,10.6698379
2016-05-12,455.6072559,15537561.11,227185,449920,46.56543684,7079025579,227185,2258350.48,0.3267243839,9.940579174
2016-05-13,457.2419027,15541361.11,230934,461650,47.59899655,7106161522,230934,2545495.837,0.3361459199,11.02261182
2016-05-14,458.1195248,15544961.11,208146,448880,47.44097737,7121450195,208146,1867373.062,0.2533203535,8.971457834
2016-05-15,460.8577206,15548436.11,205289,437321,47.15136167,7165616823,205289,2070896.327,0.2890154467,10.08771209
2016-05-16,455.2240773,15551961.11,235248,506052,59.2061193,7079627145,235248,2639165.184,0.3680407262,11.21865089
2016-05-17,453.545777,15555486.11,244451,488115,59.8475358,7055125033,244451,2767110.835,0.3433346927,11.3196953
2016-05-18,454.4861841,15559311.11,234837,511129,58.35269695,7071491932,234837,2243032.798,0.2988957745,9.55144546
2016-05-19,437.7241871,15562311.11,212191,452381,53.35289122,6811999979,212191,2534323.166,0.3217002947,11.94359406
2016-05-20,442.3967992,15566036.11,212260,458726,54.71750169,6886364550,212260,2157160.634,0.2992110255,10.16282217
2016-05-21,444.0782072,15569561.11,186149,489718,53.27823866,6914102782,186149,1525398.455,0.2556756854,8.194502547
2016-05-22,440.5586688,15574161.11,185673,450660,43.55546808,6861331685,185673,1522695.151,0.2437110142,8.200950873
2016-05-23,444.2050573,15578661.11,228956,524621,56.18462292,6920120049,228956,2180263.066,0.2930335841,9.522629089
2016-05-24,445.6744549,15582336.11,241161,504685,58.12941525,6944649150,241161,2454496.29,0.2652810784,10.17783261
2016-05-25,450.5495272,15585786.11,249524,494978,60.30536256,7022168560,249524,3343974.016,0.2623418578,13.40141235
2016-05-26,454.4337224,15589161.11,221744,482152,56.50669904,7084240510,221744,3626006.572,0.3066277724,16.35221955
2016-05-27,471.8201173,15592636.11,215751,520769,71.15453316,7356919396,215751,4134670.122,0.3191979199,19.16408324
2016-05-28,530.9105979,15595961.11,187879,467539,50.7265371,8280061035,187879,3338156.394,0.2602227203,17.76758655
2016-05-29,527.5497124,15599636.11,186986,446574,50.21466694,8229583542,186986,2837666.064,0.2650707539,15.17582099
2016-05-30,533.493149,15603236.11,205995,538546,56.15294408,8324219565,205995,2187783.802,0.2372214155,10.6205675
2016-05-31,530.9436928,15606411.11,218981,480865,53.15057983,8286125544,218981,2625988.492,0.2859568765,11.99185542
2016-06-01,537.6136788,15609986.11,229927,499855,55.42689113,8392142057,229927,2289802.523,0.2263539876,9.958823986
2016-06-02,538.7712432,15613436.11,234060,483962,59.08310469,8412070381,234060,2352020.187,0.2168675509,10.04879171
2016-06-03,570.1759883,15616986.11,229138,488080,53.52169438,8904430486,229138,1830528.839,0.2280769494,7.98876153
2016-06-04,574.2662016,15619961.1,195593,441515,46.24292385,8970015733,195593,1475463.598,0.2201661871,7.543539891
2016-06-05,575.137638,15624211.1,189529,464095,44.12831393,8986071871,189529,1822667.879,0.2244071531,9.61682845
2016-06-06,585.857149,15628461.1,222496,518548,52.51535482,9156045667,222496,1955100.164,0.2527015335,8.787124999
2016-06-07,578.4692407,15631961.1,237323,514462,53.77897792,9042608671,237323,2205149.445,0.2553653498,9.291764578
2016-06-08,583.0975853,15635561.1,230863,482283,50.7538861,9117057926,230863,1980417.609,0.2553380493,8.578323982
2016-06-09,577.1016997,15639686.1,230568,523498,51.99357776,9025689434,230568,2031197.816,0.2786337314,8.80953912
2016-06-10,579.8149936,15643286.1,227239,498550,52.55933918,9070211832,227239,2261749.495,0.2960496053,9.95317483
2016-06-11,605.449557,15647186.1,213728,467524,46.44892034,9473581895,213728,1815868.588,0.2605551498,8.496166098
2016-06-12,670.3923743,15650836.1,214242,526242,53.53274179,1.049220118e+10,214242,2740053.405,0.2351548228,12.78952495
2016-06-13,704.3217781,15654861.1,252195,580506,63.54944518,1.102605961e+10,252195,2695893.005,0.2625547097,10.68971631
2016-06-14,684.9483194,15658161.1,243818,534856,68.90045457,1.072503113e+10,243818,2334777.992,0.250383854,9.575904947
2016-06-15,695.0014684,15661961.1,261069,587472,84.2724443,1.088508597e+10,261069,2296275.432,0.2445663897,8.795664869
2016-06-16,767.4200313,15665686.1,268010,586017,82.34877257,1.202216132e+10,268010,2677585.398,0.2734356564,9.990617508
2016-06-17,750.0146339,15669411.1,249935,575677,77.8969392,1.175228763e+10,249935,2711908.459,0.2573696449,10.85045495
2016-06-18,758.2887801,15673361.1,237493,564654,71.41459538,1.188493387e+10,237493,2333310.074,0.2097499055,9.824753043
2016-06-19,766.7671327,15677786.1,213422,507096,61.64084864,1.20212111e+10,213422,1929453.208,0.1967559557,9.040554433
2016-06-20,722.4974524,15681886.1,250874,567592,77.20791854,1.133012276e+10,250874,2754241.64,0.266000938,10.97858542
2016-06-21,669.6042047,15685611.1,251553,592134,77.79107796,1.050315115e+10,251553,2939650.336,0.31132421,11.68600786
2016-06-22,594.8329746,15688836.1,237433,553797,79.57478727,9332237049,237433,2984113.497,0.3930229324,12.56823397
2016-06-23,627.6778556,15692336.1,234209,546971,72.70004065,9849731876,234209,2875756.643,0.2936139906,12.27859153
2016-06-24,664.1269857,15695561.1,237560,534641,74.11318584,1.042384569e+10,237560,2744294.93,0.326214722,11.55200762
2016-06-25,668.8726841,15699611.1,209400,527647,61.33397397,1.050104102e+10,209400,2198961.977,0.2481413936,10.50125109
2016-06-26,630.4342421,15703261.1,179209,498043,53.85005374,9899873514,179209,1826672.723,0.2236506055,10.19297426
2016-06-27,652.2448077,15706936.1,218747,492341,62.46988539,1.024476752e+10,218747,2137013.384,0.2494186202,9.769338023
2016-06-28,647.2187684,15710636.1,212946,542692,58.36070352,1.016821855e+10,212946,1869145.774,0.2500329223,8.77755757
2016-06-29,638.5863456,15714286.1,225124,465149,61.67779929,1.003492854e+10,225124,1980188.766,0.2878060285,8.795991393
2016-06-30,674.2848147,15718036.1,227705,506917,62.29424734,1.059843306e+10,227705,1974185.687,0.2893836488,8.669926821
2016-07-01,677.5123857,15721911.1,209840,498334,58.03769361,1.06517895e+10,209840,2078849.198,0.2732791369,9.906829958
2016-07-02,702.7393168,15725636.1,193271,438905,51.69132201,1.105102277e+10,193271,2032711.031,0.2659947943,10.51741353
2016-07-03,662.5500859,15729486.1,180924,442711,46.63823813,1.042157237e+10,180924,1801184.136,0.2296113203,9.955473768
2016-07-04,679.8424534,15733261.1,213768,507658,55.23999288,1.069613883e+10,213768,2553232.961,0.2948815553,11.94394372
2016-07-05,668.1659813,15736886.1,214613,480529,55.61751297,1.051485195e+10,214613,2054055.689,0.2713741871,9.570975145
2016-07-06,677.6513331,15740386.1,220805,477624,57.1105977,1.066649363e+10,220805,2073963.049,0.2522993635,9.392735893
2016-07-07,640.0532361,15743811.1,209782,463940,55.38359623,1.007687725e+10,209782,2774463.95,0.2781299897,13.22546239
2016-07-08,665.0517084,15747436.1,210222,463219,57.0025473,1.047285928e+10,210222,2213323.303,0.2778310283,10.52850464
2016-07-09,651.941914,15750498.6,182408,434260,46.63413649,1.026841021e+10,182408,1852501.491,0.2148044128,10.15581275
2016-07-10,649.959341,15752448.6,162504,400962,38.60302219,1.023845111e+10,162504,1510631.675,0.1979093028,9.2959661
2016-07-11,650.2725947,15754236.1,220081,494651,57.76221562,1.024454799e+10,220081,2230685.843,0.3096424509,10.13574931
2016-07-12,670.023128,15756023.6,218015,475560,50.89194785,1.055690022e+10,218015,2246778.525,0.2434930873,10.30561441
2016-07-13,658.3336134,15757636.1,217382,451100,53.87501154,1.037378152e+10,217382,2266825.512,0.2979112657,10.42784367
2016-07-14,660.9059602,15759398.6,223467,485920,59.1526241,1.041548047e+10,223467,2135580.033,0.2858772827,9.556578969
2016-07-15,666.7586711,15761086.1,211191,446635,53.60693863,1.050884083e+10,211191,3235527.573,0.3249991479,15.32038568
2016-07-16,665.2756222,15763048.6,182111,468834,51.62298801,1.048677197e+10,182111,1951202.126,0.2486398036,10.71435622
2016-07-17,681.089602,15764911.1,170401,437943,46.82401983,1.073731703e+10,170401,2007014.669,0.2314056763,11.77818598
2016-07-18,675.1185792,15766761.1,222469,488612,58.65183571,1.064443336e+10,222469,2270762.391,0.3377110437,10.20709578
2016-07-19,674.6603603,15768361.1,221724,473547,62.37818781,1.063828818e+10,221724,2512822.457,0.3528056693,11.33310989
2016-07-20,667.3053649,15770236.1,225390,470700,63.7926704,1.052356316e+10,225390,2434921.995,0.3154702646,10.80315007
2016-07-21,666.8517393,15771898.6,222195,451643,61.76933478,1.051751802e+10,222195,2238770.805,0.3517588486,10.07570289
2016-07-22,650.5629116,15773511.1,220460,470889,66.56315514,1.026166131e+10,220460,2443971.969,0.3801062058,11.08578413
2016-07-23,657.377943,15775148.6,196748,449056,58.71982933,1.037023474e+10,196748,1832565.295,0.3161043084,9.314276613
2016-07-24,661.3939798,15776698.6,184404,435414,51.43296402,1.043461348e+10,184404,1844614.407,0.2975926694,10.00311494
2016-07-25,655.1195778,15778336.1,238338,499950,68.98852364,1.033669689e+10,238338,1921999.733,0.3161361788,8.064176646
2016-07-26,654.6263392,15779948.6,237031,510407,70.83259559,1.032996999e+10,237031,2294538.666,0.349906483,9.680331543
2016-07-27,656.2751469,15781548.6,230119,472568,73.38030436,1.035703813e+10,230119,2444339.934,0.3653223821,10.62206916
2016-07-28,656.1964534,15783248.6,239806,495202,72.49530775,1.035691176e+10,239806,2534385.246,0.3520287237,10.56848138
2016-07-29,657.5575675,15785086.1,229385,462610,72.05503648,1.037960282e+10,229385,2112947.997,0.3983529549,9.211360798
2016-07-30,655.3617302,15786573.6,199444,453074,66.49338351,1.034591619e+10,199444,1877390.728,0.3629095033,9.413122122
2016-07-31,624.8044871,15788498.6,192596,490761,73.91628263,9864724773,192596,1895121.166,0.3375295862,9.839878116
2016-08-01,606.5092479,15790411.1,223058,510170,70.49847499,9577030364,223058,1750233.86,0.3452527735,7.846541526
2016-08-02,526.9811483,15792336.1,250439,541551,81.87107459,8322263415,250439,3984831.377,0.5130107611,15.91138512
2016-08-03,570.3470409,15794411.1,241845,512566,75.30233708,9008295637,241845,2430547.44,0.3812573475,10.05002146
2016-08-04,583.542158,15796323.6,232028,488042,69.48406238,9217820765,232028,2951930.462,0.3586287591,12.72230275
2016-08-05,581.2798057,15798436.1,230143,482120,75.65967321,9183311869,230143,2277358.551,0.3210811698,9.895406556
2016-08-06,590.795403,15800511.1,195177,424854,59.3883051,9334869325,195177,1477383.777,0.3019437848,7.569456325
2016-08-07,594.732324,15802361.1,190474,444399,66.75647584,9398174945,190474,1839621.981,0.3492142458,9.658126468
2016-08-08,591.6292839,15804211.1,234045,527222,86.24715535,9350234098,234045,1951465.244,0.3092967251,8.337991601
2016-08-09,587.9321382,15805761.1,231091,494819,73.95891306,9292714923,231091,2231779.168,0.3487239201,9.657577177
2016-08-10,589.9687583,15807648.6,249818,534986,77.06379989,9326018819,249818,2217993.183,0.2970631877,8.878436233
2016-08-11,589.5858847,15809523.6,251317,526186,78.76001457,9321071961,251317,2235734.775,0.3013878124,8.896074577
2016-08-12,587.1916496,15811386.1,233837,496269,71.17349077,9284313889,233837,1930218.081,0.3669398231,8.254545179
2016-08-13,585.3635816,15813423.6,217616,465522,63.47960571,9256602279,217616,2082611.338,0.3588316844,9.570120478
2016-08-14,571.3870625,15815461.1,195131,448752,60.16683827,9036749863,195131,1688396.058,0.3441975027,8.652628532
2016-08-15,566.5644413,15817286.1,205074,503013,70.13477289,8961511865,205074,2108058.482,0.3754330214,10.27950146
2016-08-16,578.4149241,15818973.6,255416,551712,82.40202278,9149930418,255416,2747064.209,0.346545346,10.75525499
2016-08-17,573.6637444,15820511.1,235185,507908,72.99568641,9075653639,235185,1978515.848,0.3100039034,8.412593696
2016-08-18,573.263192,15822436.1,237773,526059,76.34788036,9070420226,237773,2312763.608,0.3304834545,9.726771364
2016-08-19,573.9584579,15824361.1,245627,507037,80.44796572,9082525897,245627,2374708.839,0.3734259806,9.667947085
2016-08-20,581.7970701,15826298.6,215706,511306,63.12224993,9207694159,215706,2171159.672,0.2750013849,10.06536523
2016-08-21,580.7921926,15828336.1,182112,445785,50.78330271,9192974031,182112,1318197.555,0.2474654478,7.238389313
2016-08-22,584.9718977,15830311.1,223281,516221,63.53769993,9260287128,223281,1932141.401,0.2985989595,8.653407146
2016-08-23,582.6277474,15832148.6,238968,512822,67.82307743,9224249078,238968,2095484.668,0.287799544,8.768892355
2016-08-24,578.7018317,15834048.6,239697,519952,65.79823226,9163192930,239697,2179508.591,0.2702341542,9.092765414
2016-08-25,576.0334366,15835673.6,232049,485553,64.19238926,9121877487,232049,2113295.82,0.3245610205,9.107110225
2016-08-26,578.8746534,15837323.6,225084,478025,61.98387497,9167825213,225084,2074798.433,0.3175091514,9.217885027
2016-08-27,570.2009937,15839123.6,192507,460178,55.96076055,9031484019,192507,1484819.906,0.2266727021,7.713069686
2016-08-28,575.1052326,15841023.6,172790,419012,48.43568546,9110255564,172790,1282317.876,0.227214069,7.421250509
2016-08-29,573.4292676,15842886.1,230540,512920,65.75438831,9084774575,230540,1758109.46,0.3187141123,7.626049536
2016-08-30,575.6956984,15844936.1,248618,545062,66.72918872,9121861557,248618,1807751.822,0.3090643208,7.271202497
2016-08-31,572.2727583,15846611.1,226351,497832,62.88816001,9068583847,226351,1797683.5,0.3027577278,7.942017043
2016-09-01,572.221702,15848361.1,233329,481213,62.30939694,9068776166,233329,1759075.726,0.3440974002,7.53903598
2016-09-02,576.8467674,15850273.6,228902,490560,58.20656682,9143179091,228902,1605517.348,0.334898297,7.013994407
2016-09-03,600.3744068,15851848.6,179340,454210,50.92709648,9517044202,179340,1242947.287,0.2294334976,6.93067518
2016-09-04,610.5389133,15854086.1,179857,433383,45.72016803,9679536502,179857,1126207.185,0.1978022979,6.261681142
2016-09-05,607.5269642,15855836.1,234920,554978,65.29053848,9632847973,234920,1761725.13,0.2854046161,7.499255619
2016-09-06,612.9954583,15857536.1,227334,507177,59.1899393,9720597611,227334,1551297.174,0.2493574756,6.82386785
2016-09-07,615.6598191,15859436.1,253235,530571,64.2623775,9764017563,253235,1603336.777,0.2530066039,6.331418551
2016-09-08,630.550172,15861236.1,225530,499129,59.49423745,1.000130515e+10,225530,1591639.404,0.2450399776,7.057328976
2016-09-09,622.977884,15863011.1,217460,486523,62.63857264,9882305092,217460,1735552.975,0.2907599204,7.981021682
2016-09-10,624.7526404,15864948.6,196056,449720,51.76288786,9911668531,196056,1496264.197,0.229607673,7.631820486
2016-09-11,608.2466759,15866998.6,179546,460039,47.28289927,9651049158,179546,1528473.931,0.2266235155,8.512993502
2016-09-12,607.7073727,15869036.1,212412,516128,56.72514613,9643730238,212412,1700463.786,0.2632599293,8.005497742
2016-09-13,608.6942963,15871098.6,238121,525384,68.03861529,9660647197,238121,1979079.065,0.306235825,8.311232799
2016-09-14,609.4130877,15873048.6,227706,484948,61.16989278,9673243561,227706,1866745.561,0.2802253569,8.198051701
2016-09-15,607.0702626,15874973.6,233885,494956,59.8158129,9637224395,233885,1573050.953,0.2827827528,6.725745357
2016-09-16,607.806438,15876711.1,216580,490815,65.3424987,9649967224,216580,1951622.401,0.2970830658,9.011092442
2016-09-17,607.3814497,15878748.6,212263,497085,57.12927884,9644457346,212263,1452406.932,0.2176161292,6.842487538
2016-09-18,611.5334603,15880561.1,191175,468394,53.03739151,9711494484,191175,1612784.727,0.228695581,8.436169621
2016-09-19,608.8713063,15882223.6,225146,499780,66.47115446,9670230233,225146,2092932.196,0.3042974732,9.295888871
2016-09-20,608.3717486,15884111.1,241330,526478,67.56944956,9663444448,241330,2276556.847,0.2999711943,9.4333769
2016-09-21,596.9457566,15886186.1,237941,511634,64.57366981,9483191384,237941,1859855.261,0.2997759813,7.816455596
2016-09-22,595.5647165,15887948.6,229627,494102,62.33329701,9462301607,229627,2319154.185,0.3225073525,10.09965808
2016-09-23,602.3787849,15889648.6,230152,501479,62.2713516,9571587219,230152,2311916.998,0.3196809131,10.04517448
2016-09-24,602.6873597,15891723.6,203096,465376,57.07683674,9577740940,203096,1979444.043,0.3022412816,9.746346767
2016-09-25,600.6100549,15894036.1,196599,474290,50.02992792,9546117897,196599,1875940.737,0.2366593747,9.541964796
2016-09-26,606.7788106,15895948.6,231682,536915,60.79743253,9645324788,231682,2278718.623,0.2471543129,9.83554451
2016-09-27,605.1516137,15898036.1,243713,556798,64.31923453,9620722204,243713,1801413.438,0.2435868907,7.391536102
2016-09-28,604.6864944,15899886.1,234090,547404,64.59017115,9614446389,234090,2536063.901,0.2619390403,10.83371311
2016-09-29,605.202562,15901673.6,241142,554360,67.66640291,9623733604,241142,1824495.28,0.2516694568,7.566061824
2016-09-30,608.8658407,15903448.6,248141,548051,67.85988507,9683066605,248141,2420417.275,0.2548541725,9.754201341
2016-10-01,615.4084788,15905411.1,215905,501986,59.17629803,9788324853,215905,1539801.738,0.1846497146,7.13184844
2016-10-02,611.7485783,15907173.6,189450,463086,54.50092186,9731190837,189450,1393587.219,0.1719775145,7.355963151
2016-10-03,612.5903474,15909061.1,262768,631233,74.56037086,9745737268,262768,2016473.771,0.2090548774,7.673970085
2016-10-04,610.0078814,15911036.1,261797,595024,70.62112399,9705857424,261797,1883197.367,0.2113398924,7.193349683
2016-10-05,612.1477809,15913123.6,269389,599856,73.24128007,9741183302,269389,2318298.45,0.1972758928,8.605765085
2016-10-06,611.7608628,15915136.1,271559,611468,76.82385583,9736257394,271559,2263876.27,0.1812325808,8.336590832
2016-10-07,617.9057051,15916923.6,267487,577168,72.42844361,9835157903,267487,2369655.8,0.1993103462,8.858956884
2016-10-08,619.3010018,15919036.1,246198,547264,66.46114156,9858675006,246198,2326414.283,0.1740688287,9.449363045
2016-10-09,617.1010413,15921036.1,214311,517842,59.34094755,9824887959,214311,2744259.706,0.1912620334,12.8050343
2016-10-10,618.0852,15922586.1,224750,513555,68.20522485,9841514817,224750,2613722.186,0.2533485675,11.62946468
2016-10-11,642.9813873,15924323.6,262242,595746,80.40844058,1.023904368e+10,262242,2799096.337,0.2342431725,10.67371488
2016-10-12,636.5979322,15926123.6,233717,542168,68.63010644,1.013853735e+10,233717,2735885.55,0.2653637272,11.70597582
2016-10-13,635.4440953,15927723.6,230741,553694,67.43965067,1.012117792e+10,230741,2098094.085,0.2434218858,9.092853396
2016-10-14,639.5860903,15929423.6,237833,523032,67.48149071,1.018823776e+10,237833,1995371.534,0.2081674414,8.389800969
2016-10-15,637.2837593,15931198.6,209799,499884,62.88098827,1.015269414e+10,209799,3408291.856,0.188432544,16.24551049
2016-10-16,642.9130425,15932823.6,199250,490575,57.9537941,1.02434201e+10,199250,2466323.43,0.1672076827,12.37803478
2016-10-17,639.1375365,15934386.1,238183,544749,72.23685112,1.018426428e+10,238183,1892756.078,0.1881738955,7.946646395
2016-10-18,635.5765086,15936323.6,249735,585111,76.89644671,1.012875292e+10,249735,2496656.451,0.2100439494,9.997222858
2016-10-19,629.640708,15937886.1,193769,456808,65.49737961,1.003514189e+10,193769,1894788.119,0.2226952581,9.77859265
2016-10-20,628.5989011,15939561.1,277747,624972,87.15780124,1.001959059e+10,277747,2534015.001,0.1839980945,9.123464883
2016-10-21,630.9062034,15941611.1,259442,574916,74.17241366,1.005766134e+10,259442,3103075.103,0.2121709999,11.96057347
2016-10-22,654.508631,15943473.6,218408,530899,66.91921519,1.043514108e+10,218408,1334123.253,0.1958308782,6.108399203
2016-10-23,651.9619568,15945273.6,192661,527890,69.9077585,1.039571178e+10,192661,1893034.33,0.1681002992,9.825726691
2016-10-24,650.0271672,15947061.1,224654,582797,81.6951546,1.036602295e+10,224654,3702143.187,0.2335948521,16.47931124
2016-10-25,655.7925051,15948798.6,238454,620214,99.34206133,1.045910259e+10,238454,3121245.089,0.2314863296,13.08950611
2016-10-26,675.1098693,15950523.6,221774,613266,124.1325213,1.076835591e+10,221774,2159562.972,0.2104146398,9.737674264
2016-10-27,686.5233271,15952548.6,332576,724529,110.3101663,1.095179674e+10,332576,3535891.831,0.1897211571,10.63183101
2016-10-28,690.3906549,15954448.6,244692,560747,80.16651508,1.101480222e+10,244692,1514105.408,0.1983167052,6.187801022
2016-10-29,715.4454693,15956311.1,231604,542123,73.4305528,1.141587049e+10,231604,1493320.313,0.1790017625,6.447731096
2016-10-30,699.333411,15958411.1,205720,475892,61.6619478,1.116025007e+10,205720,1336983.741,0.1538879715,6.499045989
2016-10-31,698.897728,15960248.6,244943,587693,77.72196902,1.115458149e+10,244943,1828754.799,0.2168686403,7.466042299
2016-11-01,730.57848,15962048.6,248580,602551,79.77415264,1.166152921e+10,248580,1833612.208,0.2167351001,7.376346481
2016-11-02,740.3670555,15963711.1,266408,586295,78.34374743,1.181900578e+10,266408,4646874.663,0.193630982,17.44269941
2016-11-03,689.939207,15965648.6,273399,596454,79.91382908,1.101532694e+10,273399,7196178.721,0.2097605101,26.32115963
2016-11-04,705.4320167,15967098.6,246796,552456,83.4801415,1.126370257e+10,246796,5807524.33,0.1952264665,23.53167932
2016-11-05,706.8193256,15968936.1,236443,550980,73.28438487,1.128715265e+10,236443,5728601.679,0.1483787953,24.22825661
2016-11-06,715.8968798,15970848.6,224122,526347,70.24875897,1.143348068e+10,224122,5368432.472,0.1505691714,23.95317047
2016-11-07,706.1812168,15972673.6,277860,624606,92.07064665,1.127960208e+10,277860,4514656.528,0.16587527,16.24795411
2016-11-08,711.8358466,15974786.1,293470,660400,88.88596904,1.137142539e+10,293470,3437524.075,0.1460491214,11.71337471
2016-11-09,721.5015099,15976623.6,272305,615584,84.52365261,1.152715805e+10,272305,2726818.444,0.1767827208,10.01383906
2016-11-10,713.4076156,15978723.6,265908,603667,80.49200594,1.139934311e+10,265908,1725364.441,0.1660228983,6.488576655
2016-11-11,715.7033106,15980761.1,258625,565366,74.11508568,1.143748363e+10,258625,1413993.215,0.1595968585,5.467349308
2016-11-12,703.8475511,15982861.1,231859,583489,66.6605662,1.124949765e+10,231859,967496.2737,0.1507997006,4.172778601
2016-11-13,703.6264353,15984636.1,213970,527525,61.16502917,1.124721252e+10,213970,1089271.951,0.1418082025,5.090769505
2016-11-14,705.6435842,15986786.1,273607,640753,80.34794764,1.128097305e+10,273607,1554841.7,0.1728322949,5.682755558
2016-11-15,712.3471528,15988736.1,279913,651339,81.46164018,1.138953064e+10,279913,1749782.51,0.1816530037,6.251165576
2016-11-16,742.0501176,15990873.6,292039,621011,79.87885408,1.186602964e+10,292039,1916622.471,0.1518172389,6.562899034
2016-11-17,735.3180805,15992861.1,274309,625675,88.53747769,1.175983993e+10,274309,1600376.274,0.165358371,5.834209866
2016-11-18,749.5787273,15994711.1,274958,624376,83.31668067,1.198929519e+10,274958,1584281.355,0.163751979,5.76190311
2016-11-19,751.2138194,15996486.1,250952,577027,72.22944039,1.201678142e+10,250952,1118105.554,0.1489083362,4.455455842
2016-11-20,730.3508136,15998086.1,245259,581103,74.35850494,1.16842152e+10,245259,1200184.418,0.1344778402,4.89353874
2016-11-21,736.5069839,15999823.6,285455,608552,95.33791248,1.178398182e+10,285455,1558844.702,0.1507684278,5.460912235
2016-11-22,747.997678,16001498.6,284460,617504,100.4521793,1.19690838e+10,284460,1690032.305,0.1490846874,5.941194914
2016-11-23,741.2403179,16003336.1,270755,636445,110.8463511,1.186231794e+10,270755,1686830.249,0.1562475721,6.23009824
2016-11-24,737.354976,16005361.1,334765,737874,133.7412236,1.180163265e+10,334765,1939067.832,0.1446047067,5.792325459
2016-11-25,739.6852002,16007261.1,314930,682142,139.322867,1.184033413e+10,314930,1452274.873,0.1488998292,4.611421182
2016-11-26,734.6529259,16009173.6,271985,654741,98.99955154,1.176118623e+10,271985,1188043.815,0.1402267607,4.36804903
2016-11-27,727.7411158,16010973.6,243962,589127,83.58860521,1.16518438e+10,243962,982229.3182,0.1372136297,4.026157017
2016-11-28,730.0824838,16013023.6,296689,701286,108.7453786,1.169082804e+10,296689,1509285.554,0.165899063,5.087096435
2016-11-29,731.6464357,16014886.1,289360,654015,101.0560023,1.171723434e+10,289360,1426142.614,0.1640997538,4.928610083
2016-11-30,742.2044513,16016661.1,292055,632745,99.07920506,1.188763717e+10,292055,1354415.631,0.1564070382,4.637536185
2016-12-01,753.6749101,16018486.1,234502,597486,105.0182268,1.207273107e+10,234502,1467669.839,0.157883722,6.258666617
2016-12-02,772.3023827,16020273.6,320261,732501,119.2861686,1.237249548e+10,320261,1799726.08,0.1547153067,5.619560547
2016-12-03,766.1104681,16022423.6,287254,704699,100.3190824,1.227494645e+10,287254,1227965.012,0.1402669778,4.274840426
2016-12-04,766.3801391,16024273.6,245198,645140,92.94770605,1.228068503e+10,245198,910557.9234,0.1370807966,3.713561788
2016-12-05,752.6707262,16026173.6,278799,673152,107.8316034,1.206243172e+10,278799,1730198.988,0.1691217628,6.205900983
2016-12-06,759.1173258,16028048.6,321714,752811,118.3337296,1.216716939e+10,321714,1652820.397,0.1590808112,5.137545762
2016-12-07,764.9876501,16030223.6,308216,761638,106.7737611,1.226292308e+10,308216,1529017.782,0.1590130246,4.9608644
2016-12-08,767.6592246,16032186.1,285072,657520,97.4285788,1.230725555e+10,285072,1434162.489,0.1685513518,5.030878124
2016-12-09,771.9023211,16033873.6,265642,612161,95.7340397,1.237658425e+10,265642,1500447.775,0.162972693,5.648383067
2016-12-10,775.4745613,16035523.6,246301,587478,85.00944815,1.243514063e+10,246301,1146266.239,0.1413766556,4.653924423
2016-12-11,770.4961505,16037861.1,227763,565550,75.98438847,1.235711024e+10,227763,1048513.17,0.1294218017,4.603527218
2016-12-12,778.5065991,16039811.1,272264,646506,94.10366432,1.248709879e+10,272264,1705263.983,0.1642388133,6.263273819
2016-12-13,778.9306946,16042036.1,294754,664583,98.99948199,1.249563432e+10,294754,1578341.876,0.1539456602,5.354776785
2016-12-14,776.9639615,16043773.6,287634,620511,95.92153351,1.246543389e+10,287634,1661839.017,0.1494277801,5.777616753
2016-12-15,776.176782,16045361.1,281682,610613,99.26258563,1.245403675e+10,281682,2040640.641,0.1650268379,7.244483641
2016-12-16,782.2302159,16047023.6,279272,640704,98.56319887,1.255246674e+10,279272,1874713.15,0.1540722891,6.712857536
2016-12-17,789.6029322,16048823.6,235904,582085,79.96700617,1.267219817e+10,235904,1304996.005,0.1360240643,5.531894351
2016-12-18,790.6329665,16050586.1,237674,578425,81.42808976,1.26901225e+10,237674,1416785.803,0.1557600116,5.961046654
2016-12-19,790.2790317,16052473.6,284694,660086,104.6140337,1.268593329e+10,284694,1865348.153,0.1800111028,6.552116142
2016-12-20,799.7775207,16054198.6,294641,649665,101.3483352,1.283978715e+10,294641,1902805.125,0.1697459562,6.458045977
2016-12-21,828.4836793,16056186.1,322738,701255,114.1851848,1.330228814e+10,322738,2765823.706,0.1654480389,8.569873104
2016-12-22,858.501434,16058173.6,316500,685539,106.5923146,1.378596506e+10,316500,2455313.313,0.1669012937,7.75770399
2016-12-23,915.5624383,16060073.6,302701,656294,100.1264835,1.470400015e+10,302701,2554020.487,0.1686100189,8.437436571
2016-12-24,891.1552721,16061786.1,239590,548416,82.76712678,1.431354536e+10,239590,1529237.342,0.1499570324,6.382726084
2016-12-25,896.0032793,16063848.6,196752,469228,61.79166779,1.439326102e+10,196752,1070933.027,0.1411412245,5.443060436
2016-12-26,903.2012466,16065623.6,249168,598371,90.37256656,1.451049126e+10,249168,1527503.667,0.1799632148,6.130416694
2016-12-27,925.9508105,16067573.6,294098,643553,98.2370193,1.48777828e+10,294098,2186795.138,0.172312609,7.435600166
2016-12-28,979.960974,16069623.6,305997,663681,104.38369,1.5747604e+10,305997,2004360.169,0.1712813106,6.550260847
2016-12-29,973.4625594,16071498.6,305721,655045,107.7390675,1.564500216e+10,305721,1772841.727,0.1696069339,5.798887636
2016-12-30,961.1826582,16073461.1,285492,641012,99.82464088,1.544953207e+10,285492,2173306.963,0.1626340204,7.612496894
2016-12-31,968.970597,16075311.1,246244,569619,80.94974088,1.557650379e+10,246244,1333417.414,0.1480984051,5.415024993
2017-01-01,997.257358,16077261.1,178054,466889,67.92513298,1.603316693e+10,178054,1040552.575,0.1458540254,5.844028077
2017-01-02,1017.077886,16079248.6,289705,695006,109.1177808,1.635384818e+10,289705,1581434.6,0.1463712878,5.458775651
2017-01-03,1032.609053,16081298.6,309610,665048,122.4374859,1.660569452e+10,309610,1970800.589,0.1503821795,6.365429375
2017-01-04,1134.496445,16083211.1,326406,695057,190.2981136,1.824634582e+10,326406,2334479.138,0.1550555762,7.15207177
2017-01-05,1000.498129,16084961.1,290836,652932,117.0133474,1.609297348e+10,290836,3155743.649,0.2085850977,10.850595
2017-01-06,892.4639556,16086973.6,344354,718728,125.8892304,1.435704409e+10,344354,3204454.311,0.1745336593,9.305697947
2017-01-07,903.4532836,16088698.6,281650,641049,106.4854744,1.453538758e+10,281650,2067514.54,0.1509530182,7.340722669
2017-01-08,912.4849971,16090786.1,256747,594176,90.12996866,1.468260091e+10,256747,1650523.468,0.1549373419,6.428598847
2017-01-09,903.5086668,16092486.1,274558,615967,104.6465863,1.453970066e+10,274558,2100416.925,0.1966965083,7.650175647
2017-01-10,906.4989474,16094486.1,321863,698656,118.5987075,1.458963471e+10,321863,2324588.536,0.1553945544,7.222291894
2017-01-11,788.314656,16096398.6,305027,639505,112.4965063,1.268902693e+10,305027,4286085.579,0.2149953686,14.0514957
2017-01-12,807.1098335,16098548.6,287002,607660,102.6474808,1.299329688e+10,287002,3378837.539,0.1893967756,11.77287106
2017-01-13,826.7469274,16100423.6,279226,601486,99.11510006,1.331097574e+10,279226,2379382.499,0.1851666997,8.521350085
2017-01-14,820.0451573,16102573.6,244189,595768,87.8050175,1.32048375e+10,244189,1521332.807,0.1490137451,6.230144712
2017-01-15,824.5470652,16104661.1,228460,540189,79.51264047,1.327905105e+10,228460,1652188.259,0.1261977689,7.231849159
2017-01-16,830.8380351,16106773.6,273717,642798,106.330953,1.338212013e+10,273717,2121637.919,0.1654401871,7.751209897
2017-01-17,906.0268281,16108748.6,287927,652459,107.5721918,1.45949584e+10,287927,2189896.475,0.1514469503,7.605735047
2017-01-18,881.2598154,16110623.6,300621,651983,108.6887984,1.419764518e+10,300621,1965570.393,0.1510337788,6.538366892
2017-01-19,902.26387,16112798.6,301202,687454,113.7098315,1.453799602e+10,301202,2573489.082,0.1624436098,8.544063723
2017-01-20,895.1745162,16115161.1,297795,659337,103.7656322,1.442588154e+10,297795,2574509.733,0.1591901885,8.645241637
2017-01-21,924.4682595,16117423.6,259231,629947,93.33811144,1.490004654e+10,259231,1491505.711,0.1336346583,5.753577741
2017-01-22,922.4670774,16119598.6,238139,572531,88.3849574,1.486979901e+10,238139,1138461.215,0.1293520419,4.780658419
2017-01-23,919.1157441,16121323.6,232043,619539,110.880881,1.481736234e+10,232043,1505186.235,0.1717096035,6.48666943
2017-01-24,887.7431938,16123186.1,281463,724707,143.7927233,1.431324872e+10,281463,2019320.294,0.1591271,7.174372098
2017-01-25,895.6900333,16125048.6,307727,707539,134.3912903,1.444304532e+10,307727,1945260.313,0.147683903,6.32138328
2017-01-26,916.6674686,16126986.1,311685,719958,121.9305569,1.478308352e+10,311685,2081260.599,0.1311762489,6.677448704
2017-01-27,920.4544635,16129111.1,261285,660526,115.6658447,1.48461123e+10,261285,1774157.565,0.1487721614,6.790124062
2017-01-28,922.7749486,16131011.1,247025,669387,121.6400204,1.488529294e+10,247025,1243457.169,0.1276736004,5.033730063
2017-01-29,915.6320231,16133098.6,240802,636175,118.9069539,1.477198171e+10,240802,1369914.536,0.114864921,5.688966603
2017-01-30,920.3132608,16134898.6,252820,649149,138.0700379,1.484916114e+10,252820,1502393.412,0.1864636829,5.942541777
2017-01-31,968.4991057,16136711.1,310555,686217,143.7133127,1.562839027e+10,310555,1749819.515,0.160010473,5.634491522
2017-02-01,987.5325904,16139111.1,344963,780918,154.485473,1.593789819e+10,344963,2006133.801,0.1319389368,5.815504274
2017-02-02,1007.704366,16141073.6,258254,637933,145.2382752,1.626543034e+10,258254,1807539.516,0.1804924203,6.999076553
2017-02-03,1015.302039,16142936.1,323167,713302,160.0041828,1.638995594e+10,323167,2419052.759,0.157194602,7.485457238
2017-02-04,1033.785973,16144736.1,285173,655245,137.890957,1.669020172e+10,285173,2086276.517,0.1536420537,7.315827645
2017-02-05,1014.567876,16146723.6,293960,694185,137.880496,1.638194706e+10,293960,1814056.609,0.1338560024,6.171100179
2017-02-06,1023.317481,16148286.1,227270,612564,156.4270732,1.652482346e+10,227270,1648362.283,0.2434132169,7.252881082
2017-02-07,1053.624459,16150173.6,329143,721269,169.3679738,1.701621792e+10,329143,2031167.526,0.147543082,6.171079215
2017-02-08,1052.367645,16151998.6,308637,668157,156.4189251,1.699784073e+10,308637,1954995.719,0.1791389167,6.33428824
2017-02-09,982.7519395,16154111.1,342842,753077,173.6806701,1.587548401e+10,342842,3280671.387,0.1565613802,9.569047511
2017-02-10,996.6501531,16155948.6,304305,659353,141.4354312,1.610182864e+10,304305,2701540.387,0.1646375104,8.877739066
2017-02-11,1011.375322,16157686.1,259144,623589,115.0414107,1.634148498e+10,259144,1386713.021,0.1320548337,5.351129181
2017-02-12,1006.296465,16159436.1,233606,562366,100.8952589,1.626118342e+10,233606,932755.8436,0.1319581303,3.992859103
2017-02-13,999.953185,16161473.6,292905,674942,138.3069614,1.6160717e+10,292905,1606952.059,0.1697919488,5.486256839
2017-02-14,1012.213464,16163586.1,315969,676693,141.9403662,1.636099947e+10,315969,1911334.177,0.1711427542,6.049119302
2017-02-15,1013.903841,16165323.6,288117,630353,137.3453327,1.639008368e+10,288117,1696755.193,0.1743912913,5.889118634
2017-02-16,1036.806865,16167211.1,291591,677760,166.7669365,1.676227545e+10,291591,3044135.886,0.1950797269,10.43974569
2017-02-17,1058.66992,16169098.6,320136,697160,165.5332391,1.711773833e+10,320136,2467237.024,0.1687938767,7.706840294
2017-02-18,1060.668805,16170986.1,282844,688930,153.1845106,1.71520605e+10,282844,1231995.581,0.1274412893,4.355742319
2017-02-19,1058.7864,16172661.1,251635,592596,128.7127893,1.712339363e+10,251635,1405304.936,0.1398421815,5.584695835
2017-02-20,1088.688429,16174511.1,282397,656025,160.6583491,1.760900308e+10,282397,1506288.976,0.182066783,5.333941139
2017-02-21,1128.855293,16176236.1,279162,644640,168.5982366,1.826062974e+10,279162,1700658.256,0.2026840831,6.092012007
2017-02-22,1129.701791,16177961.1,279252,627239,181.549898,1.827627162e+10,279252,2498605.596,0.1973786373,8.947494006
2017-02-23,1188.861786,16179836.1,328502,702266,212.6191413,1.923558883e+10,328502,3229585.998,0.1596493405,9.831252163
2017-02-24,1185.488892,16181873.6,343931,763642,223.6105752,1.91834314e+10,343931,1907522.155,0.1557846736,5.546235015
2017-02-25,1151.604737,16183961.1,321609,741893,188.5032892,1.863752626e+10,321609,1225717.345,0.1056725421,3.811203497
2017-02-26,1181.710866,16186186.1,271193,663264,165.3853259,1.912739199e+10,271193,1130476.8,0.1222253295,4.168532373
2017-02-27,1194.15245,16187986.1,283200,661526,198.1384422,1.933092326e+10,283200,1851474.156,0.1828032928,6.537691229
2017-02-28,1188.399941,16189898.6,327840,704366,224.4864924,1.924007454e+10,327840,1971067.752,0.1899697166,6.012285726
2017-03-01,1228.459651,16191698.6,313728,680418,231.0280994,1.98908484e+10,313728,2424863.819,0.1969116364,7.72919159
2017-03-02,1262.931467,16193661.1,330853,735015,252.3241923,2.045148417e+10,330853,2696742.357,0.2011352212,8.150877752
2017-03-03,1289.363191,16195548.6,335165,732359,259.2125726,2.088194422e+10,335165,4460935.914,0.1964814893,13.3096711
2017-03-04,1268.940664,16197198.6,267483,626694,220.9275356,2.055328395e+10,267483,2005267.741,0.172239732,7.496804434
2017-03-05,1276.273683,16199036.1,278466,695966,217.6301287,2.067440346e+10,278466,1207445.444,0.1191836845,4.336060575
2017-03-06,1282.254657,16200811.1,287019,675606,238.0748624,2.077356547e+10,287019,1896142.811,0.2092064931,6.606332023
2017-03-07,1234.476462,16202723.6,327507,738688,268.774432,2.00018809e+10,327507,2125586.161,0.1718161557,6.490200701
2017-03-08,1152.139389,16204498.6,298430,686030,235.9273754,1.866984112e+10,298430,2630632.29,0.156360421,8.81490564
2017-03-09,1193.455527,16206348.6,304802,705017,236.830002,1.93415563e+10,304802,5634003.086,0.1476393515,18.48414081
2017-03-10,1098.530149,16208298.6,307987,747049,255.2440754,1.780530468e+10,307987,3005489.329,0.1963560128,9.75849412
2017-03-11,1176.822921,16210161.1,278371,690924,219.5758069,1.907648914e+10,278371,1624114.598,0.123208851,5.834352709
2017-03-12,1231.748357,16212098.6,221735,598360,187.8121291,1.996922581e+10,221735,1167766.888,0.1324759226,5.266497792
2017-03-13,1239.396296,16213911.1,270973,681914,222.5264866,2.009546136e+10,270973,2055150.727,0.1782972893,7.584337655
2017-03-14,1246.536565,16215861.1,313365,747825,255.6707618,2.021366379e+10,313365,2711476.731,0.1588449193,8.652774659
2017-03-15,1258.651381,16217636.1,291717,673841,238.3320575,2.041235008e+10,291717,2248627.679,0.1880028128,7.708250388
2017-03-16,1178.02075,16219548.6,323892,729304,261.9251935,1.910696481e+10,323892,3396132.014,0.2053393371,10.48538406
2017-03-17,1072.082538,16221473.6,294408,711639,245.9322055,1.739075859e+10,294408,3319249.563,0.2584521155,11.27431851
2017-03-18,962.5690562,16223436.1,263681,689478,216.5308861,1.561617757e+10,263681,2833031.962,0.2049826958,10.74416421
2017-03-19,1020.220254,16225498.6,265099,664913,210.5738973,1.655358229e+10,265099,6220686.208,0.1433210128,23.46552121
2017-03-20,1037.756346,16227198.6,281905,658172,242.8484605,1.683987832e+10,281905,3357575.999,0.2131454082,11.91031021
2017-03-21,1111.818264,16228973.6,285044,686680,249.6540222,1.804366925e+10,285044,6010232.707,0.1953655621,21.08528054
2017-03-22,1037.30257,16230961.1,316577,742361,263.4226023,1.683641766e+10,316577,5366810.712,0.1782748885,16.95262357
2017-03-23,1028.172856,16232811.1,288453,680140,236.807895,1.669013575e+10,288453,2418894.596,0.2024523393,8.385749485
2017-03-24,935.0634962,16235011.1,287687,702675,231.1535635,1.518076624e+10,287687,4110106.585,0.2466463518,14.28673032
2017-03-25,968.5433293,16236673.6,245888,622498,182.6104562,1.57259219e+10,245888,3281575.735,0.1991299658,13.3458149
2017-03-26,962.9580546,16238748.6,214093,573816,149.5949302,1.563723376e+10,214093,1727269.956,0.1845002481,8.067848815
2017-03-27,1042.919198,16240398.6,239466,610984,201.4429641,1.693742348e+10,239466,2317466.534,0.244529011,9.677643313
2017-03-28,1045.162932,16242336.1,294201,738882,231.5971125,1.697588761e+10,294201,2332692.457,0.195916822,7.928907302
2017-03-29,1039.688616,16244061.1,281428,677629,211.9452801,1.68887654e+10,281428,1788144.392,0.1759940402,6.353825462
2017-03-30,1037.987661,16246111.1,286076,689337,206.532085,1.686326287e+10,286076,2141737.015,0.2005486267,7.486601516
2017-03-31,1081.743531,16247798.6,264354,634568,214.047151,1.757595103e+10,264354,3558139.364,0.2132566485,13.45975232
2017-04-01,1089.524772,16249448.6,255318,642373,192.3700908,1.770417678e+10,255318,2835968.962,0.1488639857,11.10759508
2017-04-02,1105.562956,16251423.6,239768,648586,176.5241104,1.796697191e+10,239768,3897444.922,0.1464068592,16.25506707
2017-04-03,1144.664771,16253623.6,291271,736529,224.7458039,1.860495033e+10,291271,4162196.538,0.188213183,14.28977323
2017-04-04,1141.921919,16255186.1,255190,634031,201.5544534,1.85621533e+10,255190,2469389.066,0.199690536,9.676668622
2017-04-05,1135.811644,16257211.1,318285,739640,235.6278749,1.846512966e+10,318285,2292256.215,0.1722961735,7.201898347
2017-04-06,1194.596459,16259048.6,288456,700828,219.9547807,1.942300189e+10,288456,1977858.78,0.1712787598,6.856708754
2017-04-07,1191.731451,16261073.6,295790,717479,226.7009849,1.937883284e+10,295790,5887100.658,0.1819252146,19.90297393
2017-04-08,1184.41772,16262786.1,228220,599739,172.0867104,1.926193204e+10,228220,9925032.172,0.1327538395,43.48887991
2017-04-09,1213.63414,16264773.6,235725,654193,165.3501905,1.973948452e+10,235725,1470909.038,0.1053324027,6.239936528
2017-04-10,1211.649876,16266611.1,275186,691112,199.3195,1.970943732e+10,275186,2096287.739,0.1632261959,7.617712164
2017-04-11,1229.784933,16268698.6,308804,754368,226.4652571,2.000700041e+10,308804,2002554.946,0.1713039365,6.484873726
2017-04-12,1216.114368,16270473.6,276453,687363,212.2026405,1.978675671e+10,276453,2059335.695,0.1677630044,7.449134916
2017-04-13,1172.55834,16272061.1,228734,611405,218.7755358,1.907994094e+10,228734,2177010.178,0.1886029825,9.517650101
2017-04-14,1174.333234,16273798.6,286708,696528,230.9661477,1.911086253e+10,286708,2208538.849,0.1438561008,7.703094609
2017-04-15,1175.562189,16275673.6,268816,681237,199.8377246,1.913306648e+10,268816,1615097.377,0.1299140117,6.008189159
2017-04-16,1173.69138,16277498.6,212360,589650,159.5775818,1.910475979e+10,212360,1940149.105,0.1336807978,9.136132533
2017-04-17,1191.901201,16279223.6,249157,613136,182.4158262,1.940322617e+10,249157,2488222.822,0.1659491573,9.986565988
2017-04-18,1202.131458,16281048.6,306095,713650,220.7582078,1.957196069e+10,306095,2512403.569,0.1920671807,8.207920967
2017-04-19,1209.560909,16282836.1,309186,718648,210.5259631,1.969508203e+10,309186,2182214.11,0.1553439753,7.05793312
2017-04-20,1235.803075,16284561.1,266967,687821,228.8609939,2.012451067e+10,266967,2209309.529,0.1832047554,8.275590352
2017-04-21,1247.33607,16286648.6,323583,782123,238.7902539,2.031492426e+10,323583,2307015.477,0.1451541444,7.12959419
2017-04-22,1243.550393,16288461.1,272882,691453,183.897083,2.025552219e+10,272882,1784468.436,0.1443069787,6.539340946
2017-04-23,1250.001483,16290373.6,241154,637701,166.5581593,2.036299116e+10,241154,1554573.301,0.1465974261,6.446392351
2017-04-24,1257.239442,16291923.6,228745,616696,193.8606958,2.048284894e+10,228745,1993541.469,0.2042856686,8.71512588
2017-04-25,1279.864717,16293773.6,323754,740074,270.8016293,2.085382594e+10,323754,3203985.631,0.1986678721,9.896358441
2017-04-26,1296.485457,16295686.1,333528,769382,252.5457238,2.112712004e+10,333528,2415629.039,0.1703335728,7.242657406
2017-04-27,1345.889956,16297523.6,298425,718553,257.8267201,2.193467331e+10,298425,2587374.481,0.1999398234,8.670099625
2017-04-28,1347.985156,16299223.6,305139,726149,249.9028212,2.197111145e+10,305139,2413295.774,0.199521485,7.908840803
2017-04-29,1357.715253,16301386.1,342279,827017,254.1149036,2.213264055e+10,342279,2055617.302,0.1525422945,6.005677538
2017-04-30,1381.956372,16303273.6,277080,726257,198.8823205,2.253041283e+10,277080,1717068.04,0.1491631749,6.197011839
2017-05-01,1436.941488,16305148.6,298563,713866,231.422349,2.342954449e+10,298563,2457583.133,0.1894530865,8.231372049
2017-05-02,1463.819068,16307123.6,331695,782531,271.7644307,2.387067847e+10,331695,2474197.654,0.2001128461,7.459255201
2017-05-03,1519.408944,16308773.6,295724,691453,250.3932981,2.477969647e+10,295724,2530980.82,0.2104785556,8.558591186
2017-05-04,1539.830052,16310873.6,355309,851617,303.5180701,2.511597333e+10,355309,2854322.999,0.2006695477,8.033354062
2017-05-05,1529.850443,16312486.1,267934,660727,262.1140397,2.495566408e+10,267934,2879083.407,0.2645199744,10.74549481
2017-05-06,1573.28551,16314586.1,359458,867643,296.3473578,2.56675019e+10,359458,2611709.301,0.1341975113,7.265686953
2017-05-07,1526.267772,16316673.6,318416,790638,277.5036633,2.490361305e+10,318416,2251052.341,0.1502265882,7.069532752
2017-05-08,1685.086496,16318923.6,364313,887445,316.1508343,2.749879779e+10,364313,3673859.367,0.1863174387,10.08434881
2017-05-09,1719.228014,16320861.1,333631,805373,306.1550498,2.80592816e+10,333631,3134628.741,0.2255209879,9.395496044
2017-05-10,1782.499,16322711.1,310417,730268,300.5670668,2.90952162e+10,310417,3729011.473,0.2432012585,12.01290997
2017-05-11,1835.487548,16324398.6,295913,703146,280.558192,2.996323035e+10,295913,2996875.006,0.2238473371,10.1275544
2017-05-12,1704.661641,16326323.6,314538,742648,320.0736017,2.783085757e+10,314538,3146926.91,0.2365613153,10.00491804
2017-05-13,1779.840257,16328298.6,330132,793427,301.9202412,2.906176316e+10,330132,2889099.745,0.2113262685,8.751347174
2017-05-14,1794.593551,16330348.6,369462,894445,297.1963347,2.930633827e+10,369462,2520939.735,0.1290615359,6.823272042
2017-05-15,1736.882846,16332473.6,329004,824667,328.6769922,2.836759322e+10,329004,3083223.558,0.1980594148,9.371386237
2017-05-16,1757.026949,16334123.6,231042,653146,355.176228,2.869949534e+10,231042,2699612.697,0.2273078397,11.6845106
2017-05-17,1808.746065,16336061.1,320079,765393,478.8681085,2.954778622e+10,320079,4035614.361,0.2835677213,12.60818223
2017-05-18,1894.247265,16337836.1,291987,742869,394.3772418,3.094790133e+10,291987,3179529.918,0.2341816764,10.88928588
2017-05-19,1967.545548,16339886.1,316411,805861,438.0567398,3.214947014e+10,316411,2851090.601,0.2516882014,9.010718975
2017-05-20,2048.117678,16341948.6,354493,854533,386.9571795,3.347023381e+10,354493,2734008.64,0.1450126637,7.712447468
2017-05-21,2045.222493,16343786.1,320625,778746,349.4219958,3.342667895e+10,320625,2273446.417,0.15859497,7.090671088
2017-05-22,2078.9435,16345611.1,331686,781440,412.2780602,3.398160194e+10,331686,3475857.423,0.2209396263,10.47936127
2017-05-23,2257.288364,16347711.1,368715,872972,468.7434468,3.690149803e+10,368715,4033458.747,0.2033510682,10.93923151
2017-05-24,2415.007227,16349636.09,337146,811722,472.6896684,3.948448932e+10,337146,3518732.713,0.1985844989,10.43682177
2017-05-25,2319.601379,16351673.59,350534,847501,499.5814969,3.792936461e+10,350534,3913961.547,0.2365259846,11.16571159
2017-05-26,2279.418584,16353586.09,333093,814316,471.5714724,3.727666805e+10,333093,2921590.794,0.2085325633,8.771096342
2017-05-27,2044.3005,16355686.09,330950,892105,523.5572045,3.343593726e+10,330950,2670199.073,0.1612962478,8.068285461
2017-05-28,2225.700867,16357748.59,303645,848084,423.4185529,3.640745522e+10,303645,2662230.41,0.1363574973,8.767575325
2017-05-29,2284.715797,16359636.09,326916,771791,497.4887032,3.737711903e+10,326916,2479862.573,0.1566006592,7.585626194
2017-05-30,2167.264478,16361873.59,348103,851137,589.4014914,3.546050743e+10,348103,3987517.521,0.1878561681,11.45499327
2017-05-31,2299.43261,16363923.59,320406,818815,572.2156779,3.762773954e+10,320406,3225473.125,0.1600716622,10.06683122
2017-06-01,2399.887632,16366048.59,319348,837922,569.9872356,3.927667761e+10,319348,3330822.528,0.1483748636,10.43007167
2017-06-02,2479.423894,16367873.59,263831,723130,473.7529366,4.058289689e+10,263831,2769698.685,0.1510774341,10.49800321
2017-06-03,2549.551952,16370273.59,306209,879242,541.6610837,4.173686299e+10,306209,3179368.298,0.1168256249,10.38300082
2017-06-04,2524.993834,16372286.09,271578,739511,439.7112655,4.133992143e+10,271578,3539879.986,0.1203242542,13.03448728
2017-06-05,2685.318917,16374336.09,289269,767010,477.5760162,4.397031446e+10,289269,3140969.756,0.1703179452,10.8583006
2017-06-06,2871.341677,16376223.59,299724,802549,512.1365332,4.702173332e+10,299724,2521098.1,0.1472005242,8.411398821
2017-06-07,2706.760009,16378286.09,338421,877184,664.0106049,4.433208981e+10,338421,2707483.017,0.1532348633,8.000339864
2017-06-08,2802.563547,16380348.59,307355,823165,495.6341623,4.590696785e+10,307355,2361507.636,0.1160437559,7.683322658
2017-06-09,2804.872267,16382236.09,280990,762294,451.7210172,4.595007969e+10,280990,2590935.942,0.1571183847,9.220740746
2017-06-10,2916.32786,16383998.59,252722,696034,386.3102604,4.778111155e+10,252722,2367919.172,0.1342873706,9.36965983
2017-06-11,2974.214559,16385823.59,225018,670073,359.1002714,4.87349551e+10,225018,2260382.582,0.1367214745,10.04534118
2017-06-12,2665.43327,16387661.09,270146,726296,412.4158982,4.36802171e+10,270146,3049974.527,0.2020512035,11.29009694
2017-06-13,2707.137824,16389423.59,291856,768501,478.0338011,4.436842852e+10,291856,3338977.46,0.1807721039,11.4404962
2017-06-14,2443.824451,16391173.59,284904,740847,452.8396058,4.005715082e+10,284904,3514107.27,0.2023999718,12.33435568
2017-06-15,2409.886764,16393086.09,293498,797366,430.9076758,3.95054812e+10,293498,3034254.257,0.1702627717,10.33824509
2017-06-16,2476.359095,16394936.09,271022,730161,379.7959733,4.059974911e+10,271022,3433578.443,0.1623948646,12.66900267
2017-06-17,2652.755363,16396748.59,233555,659616,308.366947,4.349656277e+10,233555,2265683.618,0.1439880229,9.700856836
2017-06-18,2508.214207,16398561.09,209445,628753,279.297079,4.113110392e+10,209445,2316557.801,0.1314528875,11.06045884
2017-06-19,2589.642213,16400448.59,268231,725338,384.3784733,4.2471294e+10,268231,3050694.649,0.1691936429,11.37338581
2017-06-20,2733.226556,16402173.59,272588,745087,394.8289021,4.483085645e+10,272588,2994230.209,0.1670962837,10.9844535
2017-06-21,2639.261314,16403923.59,279662,755305,462.5642749,4.329424094e+10,279662,3750109.089,0.1950151723,13.40943385
2017-06-22,2686.647514,16405661.09,267507,728948,441.855919,4.40762286e+10,267507,3228726.3,0.1779083402,12.06968902
2017-06-23,2685.870471,16407661.09,263398,718091,345.5950584,4.406885243e+10,263398,2454642.549,0.1426356945,9.319138905
2017-06-24,2562.189149,16409486.09,220439,638287,295.3034391,4.204420721e+10,220439,2266000.691,0.1559822389,10.27949088
2017-06-25,2497.728941,16411011.09,185434,537762,268.3786384,4.099025737e+10,185434,1969986.058,0.1767249411,10.62365077
2017-06-26,2426.365051,16412786.09,261094,705488,373.7982316,3.982341057e+10,261094,3876221.372,0.2011403848,14.84607602
2017-06-27,2530.345536,16414423.59,261113,696698,365.5283131,4.153416347e+10,261113,2660718.663,0.1522211076,10.18991266
2017-06-28,2562.792264,16416386.09,277158,738521,382.5845614,4.207178729e+10,277158,2754825.599,0.1764302188,9.939549278
2017-06-29,2540.443032,16417886.09,232122,628876,345.3397505,4.170870432e+10,232122,3206653.914,0.2248233843,13.81451958
2017-06-30,2452.712064,16419811.09,266457,715545,354.9950992,4.027306876e+10,266457,3565815.262,0.1531631069,13.38232909
2017-07-01,2412.366213,16421861.09,220267,641147,251.5999867,3.961554286e+10,220267,2332813.962,0.1715270251,10.59084639
2017-07-02,2518.872187,16424211.09,196813,604820,199.4479636,4.137048852e+10,196813,1738590.027,0.1346765436,8.833715387
2017-07-03,2551.927432,16426336.09,250562,660964,279.9561474,4.191881768e+10,250562,2764213.393,0.1612063865,11.03205352
2017-07-04,2599.74475,16428248.59,256743,718284,294.8042279,4.270925303e+10,256743,2286422.133,0.1205891463,8.905489664
2017-07-05,2608.104891,16430111.09,235034,649605,224.4226036,4.285145311e+10,235034,2453969.883,0.1476451355,10.44091443
2017-07-06,2603.195474,16431886.09,229220,637761,250.8046131,4.27754115e+10,229220,2243422.447,0.1680964816,9.787202021
2017-07-07,2495.780922,16433736.09,243553,733315,239.330639,4.101500502e+10,243553,2497808.414,0.1538552509,10.25570785
2017-07-08,2553.494158,16435798.59,217777,630307,184.9018228,4.196871569e+10,217777,2620323.421,0.1405654283,12.03214031
2017-07-09,2506.173214,16437523.59,185614,547682,155.0654975,4.119528133e+10,185614,2367488.844,0.1265770451,12.7549045
2017-07-10,2319.366897,16439986.09,254337,778061,207.4513406,3.813035954e+10,254337,3496114.497,0.1827843626,13.74599251
2017-07-11,2319.167441,16442148.59,269057,773747,211.1941731,3.813209567e+10,269057,2959761.363,0.1742884075,11.00049938
2017-07-12,2374.886266,16444361.09,255592,746872,221.9712465,3.905348732e+10,255592,2577351.725,0.1640870157,10.08385131
2017-07-13,2343.738348,16446323.59,243905,675427,209.6631176,3.854587929e+10,243905,2517892.613,0.1649719135,10.32325132
2017-07-14,2214.825237,16448061.09,231329,647312,215.8608111,3.642958081e+10,231329,2713812.948,0.2083274979,11.73139964
2017-07-15,1989.63319,16449648.59,216276,624607,376.0926452,3.272876681e+10,216276,1994671.49,0.1836534502,9.222805535
2017-07-16,1910.749542,16451686.09,205409,617297,169.2709949,3.143505166e+10,205409,2089619.835,0.1843957004,10.17297117
2017-07-17,2215.746296,16453536.09,232141,690739,199.590783,3.645686166e+10,232141,2483019.698,0.1666436273,10.69617042
2017-07-18,2303.761146,16455598.59,260132,809612,222.5747129,3.790976867e+10,260132,2608364.678,0.1624196157,10.02708117
2017-07-19,2257.065236,16457461.09,253602,713341,200.4784623,3.714556331e+10,253602,2564710.652,0.1597977738,10.11313259
2017-07-20,2823.897926,16459486.09,230755,660126,232.7807661,4.647990865e+10,230755,2142732.41,0.1915409176,9.285746399
2017-07-21,2666.139718,16461411.09,269668,744868,246.5548831,4.388842194e+10,269668,2304296.483,0.1601330182,8.544938528
2017-07-22,2829.754055,16463411.09,214900,633583,167.154944,4.65874043e+10,214900,1685782.618,0.1451574914,7.844497991
2017-07-23,2753.243865,16465561.09,183120,536910,126.0281971,4.533370506e+10,183120,1621861.854,0.1432626456,8.856825329
2017-07-24,2755.159524,16467786.09,243957,681339,169.0853072,4.53713777e+10,243957,2422693.647,0.1514275295,9.930822429
2017-07-25,2558.692999,16469636.09,242360,702031,169.4440701,4.214074257e+10,242360,7476362.802,0.1585352366,30.84817133
2017-07-26,2522.324646,16471473.59,236393,652653,165.292234,4.154640381e+10,236393,3654810.19,0.1524827506,15.4607378
2017-07-27,2665.147546,16473398.59,225488,686889,166.6040416,4.390403784e+10,225488,2394270.786,0.1501931856,10.61817386
2017-07-28,2793.833485,16475273.59,249112,683771,189.1526509,4.602917104e+10,249112,4158742.049,0.2072059781,16.69426623
2017-07-29,2706.450765,16477236.09,207797,634637,154.9583188,4.459482824e+10,207797,4097740.786,0.1380934044,19.71992274
2017-07-30,2749.384528,16479073.59,193936,583526,144.5939849,4.530730997e+10,193936,9150961.229,0.2317034935,47.18546958
2017-07-31,2862.611291,16480886.09,220968,692282,189.3571516,4.717837062e+10,220968,2729244.31,0.2054285197,12.35131019
2017-08-01,2727.389182,16482748.59,131368,473639,74.0234785,4.49548702e+10,131368,2680642.249,0.09211886652,20.40559535
2017-08-02,2690.145672,16484648.59,214635,599118,133.669085,4.434610607e+10,214635,2921670.431,0.1209447516,13.612274
2017-08-03,2789.746312,16486373.59,212356,592805,123.6720467,4.599279994e+10,212356,2100155.851,0.1156657143,9.889788142
2017-08-04,2860.272843,16488611.09,234256,668144,114.9568681,4.716192653e+10,234256,2290248.219,0.131028409,9.776689684
2017-08-05,3237.423363,16490823.59,235105,642015,108.6357587,5.338777758e+10,235105,1869337.781,0.1311224861,7.951076245
2017-08-06,3230.116709,16492573.59,203085,547079,89.33789028,5.327293754e+10,203085,1793936.513,0.1100356526,8.833426954
2017-08-07,3392.562419,16494486.09,250307,692078,125.4979388,5.595857364e+10,250307,2311635.764,0.1369881944,9.235202226
2017-08-08,3425.676617,16496536.09,275494,786340,157.6992408,5.651179795e+10,275494,2696251.973,0.1391085772,9.786971671
2017-08-09,3347.215432,16498261.09,257449,711839,160.4427779,5.522323413e+10,257449,2417034.395,0.1324593559,9.388400789
2017-08-10,3437.032155,16499936.09,262413,730801,193.8429237,5.671081092e+10,262413,2851853.677,0.1531065106,10.86780638
2017-08-11,3660.520537,16501736.09,278906,729508,230.8878121,6.040494387e+10,278906,3044976.601,0.1514202678,10.91757295
2017-08-12,3871.082406,16503423.59,261652,695821,212.133214,6.388611272e+10,261652,2367592.651,0.1190116747,9.048631965
2017-08-13,4063.801053,16505273.59,263937,717839,188.9157557,6.70741482e+10,263937,2235390.844,0.1191394445,8.469410671
2017-08-14,4304.603931,16506898.59,258450,681161,255.7697173,7.105566058e+10,258450,2776626.814,0.1687634941,10.74338098
2017-08-15,4160.030546,16508798.59,309155,817719,349.6310531,6.867710643e+10,309155,2680933.83,0.1445852364,8.671811325
2017-08-16,4364.678575,16510423.59,276520,688962,349.7500873,7.206269212e+10,276520,2844912.95,0.1413421377,10.28827192
2017-08-17,4308.516861,16512661.09,348484,863099,359.8866448,7.114507875e+10,348484,2828706.797,0.1066842755,8.117178399
2017-08-18,4108.507162,16514523.59,306485,727394,335.2627906,6.785003846e+10,306485,2703046.03,0.1033888912,8.819505132
2017-08-19,4160.332457,16516411.09,264904,708914,265.5927671,6.871376114e+10,264904,2295566.306,0.103198243,8.665653616
2017-08-20,4085.810394,16518036.09,215808,627940,218.3545258,6.748956357e+10,215808,1831917.818,0.1200253934,8.488646475
2017-08-21,3992.626035,16519473.59,238146,632318,298.7813171,6.595608036e+10,238146,2544100.361,0.1809332989,10.68294391
2017-08-22,4074.330461,16520586.09,196446,530992,338.8455562,6.731032716e+10,196446,1784119.233,0.2246597346,9.081983004
2017-08-23,4146.915345,16522573.59,313788,839588,538.5003398,6.851771398e+10,313788,2353722.88,0.1368518411,7.500997105
2017-08-24,4325.816428,16523836.09,201411,542527,386.4408317,7.147908162e+10,201411,1582302.795,0.2157151177,7.856089264
2017-08-25,4353.131773,16525098.59,212865,587663,433.0078137,7.193593173e+10,212865,1455340.307,0.1490738241,6.836916858
2017-08-26,4341.978717,16526411.09,224662,617917,414.8282001,7.175732523e+10,224662,1384870.545,0.1279409772,6.164240257
2017-08-27,4344.903445,16528348.59,257198,753881,353.1757481,7.181407874e+10,257198,1262281.25,0.07577337545,4.907819074
2017-08-28,4379.763921,16529961.09,227603,661017,386.820279,7.23973272e+10,227603,1723847.872,0.1520248607,7.573924212
2017-08-29,4600.456831,16531823.59,276967,789243,457.0927177,7.605394078e+10,276967,1875121.211,0.142701263,6.77019721
2017-08-30,4586.632737,16533923.59,275731,805068,391.625666,7.583503522e+10,275731,1663054.973,0.1347945291,6.031439967
2017-08-31,4740.356218,16535961.09,281321,797023,416.1853311,7.838634598e+10,281321,1768331.63,0.1608493044,6.285814532
2017-09-01,4918.166245,16538136.09,275267,767441,369.1454817,8.133730268e+10,275267,1708970.815,0.1584051781,6.208411526
2017-09-02,4595.020018,16540186.09,241028,709832,297.1134318,7.600248619e+10,241028,1642025.602,0.1143818738,6.812592737
2017-09-03,4625.296314,16542111.09,195123,587110,236.0897051,7.651216547e+10,195123,1415426.483,0.117254758,7.254021736
2017-09-04,4374.753496,16544298.59,270702,760792,325.4571218,7.237722812e+10,270702,2448026.508,0.1866308583,9.043252387
2017-09-05,4454.052538,16546761.09,277339,780357,281.9920593,7.370014324e+10,277339,6242606.828,0.1595416745,22.5089397
2017-09-06,4607.51653,16548786.09,277211,777010,275.4277578,7.624880547e+10,277211,2504787.184,0.146098662,9.035670242
2017-09-07,4635.111876,16550986.09,256625,767722,255.392391,7.671567219e+10,256625,2223974.286,0.1476410966,8.666241738
2017-09-08,4345.457656,16553173.59,271237,809056,210.5343057,7.193111493e+10,271237,2182900.195,0.1367082703,8.047944029
2017-09-09,4335.59345,16555286.09,218820,625612,145.2712611,7.177698994e+10,218820,1853431.82,0.1217489615,8.47012074
2017-09-10,4261.843521,16557011.09,199466,581564,146.2292065,7.056339045e+10,199466,1659999.963,0.1438222678,8.322220144
2017-09-11,4212.547573,16559186.09,249732,724503,158.4351959,6.975635919e+10,249732,2668204.373,0.1269671121,10.68427103
2017-09-12,4164.319434,16561536.09,254127,700869,147.7532003,6.896752661e+10,254127,2472422.101,0.1298051239,9.729080739
2017-09-13,3887.118587,16563911.09,261808,715683,132.3137267,6.438588668e+10,261808,2864376.369,0.1458311568,10.94075188
2017-09-14,3247.468739,16566086.09,274235,786448,159.5169285,5.379784671e+10,274235,3677866.645,0.2072213943,13.41136851
2017-09-15,3699.222944,16568336.09,291839,831698,172.8964268,6.128996902e+10,291839,3274174.701,0.1963296106,11.21911294
2017-09-16,3711.234351,16570448.59,224435,637532,118.2254962,6.149681802e+10,224435,2215785.268,0.1388988006,9.872726036
2017-09-17,3711.856204,16572648.59,195890,582453,98.14454813,6.15152885e+10,195890,1702704.688,0.1331290796,8.692147063
2017-09-18,4080.428443,16574236.09,224367,694432,174.4616365,6.762998437e+10,224367,2329872.624,0.1864899754,10.38420367
2017-09-19,3925.73619,16576186.09,283774,784159,171.9481524,6.507373364e+10,283774,1953806.133,0.1269040954,6.885078031
2017-09-20,3895.777079,16577648.59,234110,619406,146.1477833,6.45828234e+10,234110,1956757.193,0.1530708734,8.358281119
2017-09-21,3617.243466,16579848.59,253479,684987,134.2933125,5.997334899e+10,253479,2021038.37,0.1453523947,7.973198451
2017-09-22,3619.213718,16581586.09,224128,642171,115.100443,6.001230386e+10,224128,1859242.219,0.1327824322,8.295448221
2017-09-23,3775.600594,16583661.09,203754,571954,100.0244659,6.261328067e+10,203754,1298853.295,0.09892412894,6.374614952
2017-09-24,3676.896944,16585473.59,190216,549507,88.92115992,6.098307717e+10,190216,1159279.253,0.1003626171,6.094541223
2017-09-25,3918.738071,16587036.09,226331,655510,146.0228388,6.500024983e+10,226331,1948806.086,0.1319830493,8.610424934
2017-09-26,3890.090937,16588761.09,258284,722077,146.5043387,6.453178918e+10,258284,2070273.815,0.121323899,8.015493855
2017-09-27,4207.787485,16590598.59,265442,702387,148.5296879,6.980971313e+10,265442,2144902.392,0.1274232603,8.080493637
2017-09-28,4187.769796,16592811.09,270458,753933,132.1369979,6.948687313e+10,270458,2262659.241,0.1267880103,8.36602815
2017-09-29,4155.01012,16594923.59,255919,741184,115.0534124,6.895207546e+10,255919,1971649.376,0.1200129448,7.704193029
2017-09-30,4334.544613,16596648.59,211916,631821,102.104909,7.193891374e+10,211916,1637375.87,0.1216047006,7.726532541
2017-10-01,4382.086898,16598273.59,205006,628817,119.6575035,7.273507724e+10,205006,1428417.177,0.1011221389,6.967684738
2017-10-02,4386.875715,16600148.59,289356,800519,179.9956294,7.282278873e+10,289356,2004442.354,0.1039347886,6.927253466
2017-10-03,4306.564642,16602436.09,283080,787242,149.0491459,7.149946425e+10,283080,1634102.675,0.09907548951,5.772582573
2017-10-04,4216.684821,16604111.09,239021,655363,139.6046335,7.001430322e+10,239021,1523624.774,0.1249898966,6.374438958
2017-10-05,4319.420916,16605673.59,272044,725883,160.6867288,7.172689384e+10,272044,1638592.044,0.1009431608,6.023261105
2017-10-06,4365.91571,16607661.09,284714,818384,149.5824431,7.250764848e+10,284714,1391708.379,0.0905225905,4.888092537
2017-10-07,4438.855933,16609636.09,223629,651679,103.7399046,7.372778172e+10,223629,1002509.101,0.07769299234,4.482911881
2017-10-08,4600.739797,16611911.09,243087,699283,114.9239975,7.642708046e+10,243087,1271351.924,0.07311389361,5.230028444
2017-10-09,4777.534657,16613923.59,296123,797851,147.9483779,7.937359575e+10,296123,2490948.152,0.09682629917,8.411869905
2017-10-10,4741.077915,16615923.59,304468,833834,168.909528,7.877738838e+10,304468,1995032.155,0.09666219544,6.552518342
2017-10-11,4814.967118,16617661.09,294651,778349,148.3733714,8.001349174e+10,294651,1784991.425,0.08401822693,6.057985296
2017-10-12,5393.668983,16619573.59,293950,784446,176.2464281,8.964047859e+10,293950,1883052.229,0.1082239199,6.406029015
2017-10-13,5614.077515,16621273.59,307306,818187,282.4584029,9.331311834e+10,307306,1982353.603,0.1126480706,6.450748125
2017-10-14,5785.738315,16623036.09,291820,789672,228.8124887,9.617653683e+10,291820,1482014.324,0.07400593955,5.078522118
2017-10-15,5689.86506,16625473.59,285265,825816,158.0499221,9.459670129e+10,285265,1317965.583,0.06110566707,4.620144718
2017-10-16,5756.148812,16627648.59,312096,844162,194.2619706,9.571121968e+10,312096,1882775.09,0.07267741222,6.032679337
2017-10-17,5590.416324,16629698.59,337105,878509,210.237742,9.296693848e+10,337105,2869882.552,0.07844693035,8.513319445
2017-10-18,5583.870426,16631586.09,330289,824566,192.8938778,9.286862171e+10,330289,2086121.554,0.07476212164,6.31604914
2017-10-19,5708.312991,16633811.09,354271,906491,188.3856596,9.495099994e+10,354271,1878253.27,0.06399754193,5.301741521
2017-10-20,6000.88313,16636048.59,313394,850614,165.1582642,9.983098334e+10,313394,1863636.509,0.07542473169,5.946624726
2017-10-21,6030.207893,16637961.09,309587,800937,164.2967332,1.003303643e+11,309587,1560049.062,0.06120435756,5.039129751
2017-10-22,5996.598139,16640236.09,290846,907439,158.5253886,9.978480876e+10,290846,1487260.199,0.06499551762,5.11356594
2017-10-23,5888.250017,16642373.59,316323,880240,185.7845663,9.799445656e+10,316323,2990812.267,0.1193947264,9.454931404
2017-10-24,5517.775353,16644461.09,346088,955565,196.3466162,9.184039716e+10,346088,2842891.853,0.1211509997,8.214361241
2017-10-25,5736.017802,16646773.59,310122,911228,140.539,9.548618964e+10,310122,1860726.225,0.07119346803,5.999981379
2017-10-26,5900.317729,16649023.59,272615,742163,118.2178685,9.823452905e+10,272615,1688458.659,0.08289807811,6.193564767
2017-10-27,5771.945046,16650323.59,246216,668740,167.3712636,9.610475275e+10,246216,2093111.87,0.1152895592,8.501120438
2017-10-28,5762.388577,16651386.09,208616,555227,179.5891138,9.595175699e+10,208616,1388893.532,0.1110251403,6.657655847
2017-10-29,6174.728845,16653311.09,330193,905041,277.2257942,1.028296803e+11,330193,1560878.821,0.06269797585,4.727171141
2017-10-30,6119.256384,16655148.59,316082,894901,258.9602143,1.019171243e+11,316082,1869707.598,0.07781321293,5.915261223
2017-10-31,6428.514637,16656873.59,280319,827896,238.2246869,1.070789557e+11,280319,1857204.534,0.1028114638,6.625325196
2017-11-01,6726.411835,16658823.59,351487,961473,293.7197458,1.120541081e+11,351487,2186182.17,0.09491880897,6.219809466
2017-11-02,7043.777939,16660698.59,341608,916882,278.1830118,1.173542612e+11,341608,2160336.185,0.09619298136,6.324021056
2017-11-03,7198.632111,16662186.09,277903,820113,276.1522952,1.199449478e+11,277903,3082529.903,0.1052609702,11.09210733
2017-11-04,7420.498079,16663811.09,290835,800708,264.9427882,1.236537781e+11,290835,5581893.483,0.07034810797,19.19264697
2017-11-05,7371.13903,16665573.59,251752,805781,196.3933811,1.228442599e+11,251752,6162735.833,0.08001870506,24.47939176
2017-11-06,6985.263844,16667236.09,273071,831790,248.5394462,1.164250416e+11,273071,2911174.832,0.09929632087,10.66087147
2017-11-07,7118.202544,16669186.09,332632,937089,287.5463364,1.186546428e+11,332632,3489452.454,0.07584541135,10.49042923
2017-11-08,7451.212787,16670986.09,303382,871573,269.0533354,1.242190647e+11,303382,4257202.075,0.1051459705,14.03248075
2017-11-09,7117.73805,16672898.59,339565,948030,362.6645004,1.186733247e+11,339565,2266839.609,0.09617423333,6.675716312
2017-11-10,6620.567336,16674398.59,274118,786879,323.4764865,1.103939786e+11,274118,2471198.011,0.1416333303,9.015088431
2017-11-11,6346.721449,16675398.59,192216,579558,325.3029342,1.058341099e+11,192216,1696372.32,0.1804081066,8.82534399
2017-11-12,5829.097828,16676398.59,187788,586355,589.524887,9.720835877e+10,187788,2211537.875,0.2209604364,11.77677953
2017-11-13,6519.445172,16678148.59,308819,920515,777.1641607,1.087322753e+11,308819,4250412.135,0.1241751374,13.76344116
2017-11-14,6592.374397,16679748.59,272441,819127,620.69212,1.099591475e+11,272441,3872558.627,0.1182623973,14.21430191
2017-11-15,7257.373212,16681648.59,319586,944172,589.0467108,1.210649496e+11,319586,3313403.996,0.09711654333,10.36780083
2017-11-16,7833.704433,16683548.59,311127,907472,504.6436662,1.306939885e+11,311127,3645335.462,0.09959579234,11.71655132
2017-11-17,7729.03327,16685636.09,305425,982559,395.5818919,1.289638364e+11,305425,3858201.774,0.07483316216,12.63223958
2017-11-18,7796.154241,16687336.09,268902,843076,284.1829929,1.30097046e+11,268902,2664650.207,0.05978396342,9.909372956
2017-11-19,8018.320688,16689336.09,267096,913898,251.7296662,1.338204488e+11,267096,5361859.336,0.06799017166,20.07465232
2017-11-20,8269.874257,16691523.59,332821,979917,323.784034,1.380368012e+11,332821,4101930.277,0.07820530033,12.32473395
2017-11-21,8091.998084,16693686.09,373326,981593,308.9648173,1.350852758e+11,373326,3697367.694,0.06297814146,9.903858005
2017-11-22,8249.59733,16695536.09,311835,869698,258.491514,1.377314499e+11,311835,3486787.87,0.07841425152,11.18151545
2017-11-23,8071.669821,16697498.59,352980,959240,267.644454,1.347766954e+11,352980,3461505.8,0.07349074146,9.806521048
2017-11-24,8232.422333,16699361.09,307294,905792,230.3862484,1.374761932e+11,307294,2669871.607,0.06911452996,8.688329766
2017-11-25,8760.165442,16701311.09,332515,922777,193.7638289,1.463062482e+11,332515,2766540.876,0.06108959968,8.320048346
2017-11-26,9319.903315,16703223.59,330936,941512,190.8647828,1.556724289e+11,330936,1995685.511,0.06053667951,6.030427366
2017-11-27,9730.728579,16705348.59,381576,1061044,240.5943205,1.625552129e+11,381576,2409160.272,0.07154171389,6.313710171
2017-11-28,9932.19418,16707298.59,365153,1025283,245.5995064,1.659401338e+11,365153,2854733.283,0.1011861007,7.81790998
2017-11-29,9800.027552,16709461.09,398873,1132724,290.6633162,1.63753179e+11,398873,3494361.864,0.1286731076,8.760587615
2017-11-30,9996.714972,16711548.59,383941,1086490,270.2346736,1.67060588e+11,383941,2693616.67,0.0972256389,7.015704679
2017-12-01,10808.95833,16713836.09,412472,1115596,243.4179928,1.806591578e+11,412472,2192685.029,0.05824020971,5.315960912
2017-12-02,10934.85999,16715848.59,325296,943132,189.4109965,1.827854638e+11,325296,2142965.039,0.06036190686,6.587738672
2017-12-03,11213.94266,16718048.59,347132,1008744,186.7055905,1.874752382e+11,347132,1855280.513,0.06368054679,5.344596619
2017-12-04,11562.12857,16720311.09,407287,1155119,229.8989886,1.933223865e+11,407287,2621233.631,0.08083217503,6.435839177
2017-12-05,11736.75407,16722536.09,404804,1146460,220.3252608,1.962682934e+11,404804,3002965.698,0.08690648148,7.418320219
2017-12-06,13992.13234,16724886.09,442897,1228561,258.5949124,2.340168194e+11,442897,3188625.659,0.128715192,7.199474503
2017-12-07,17032.29338,16726786.09,374945,1065803,369.8424755,2.848955279e+11,374945,3094431.712,0.1692079825,8.253028344
2017-12-08,16298.48734,16728736.09,385493,1126652,646.0244033,2.726530933e+11,385493,2498250.131,0.1290303791,6.480662764
2017-12-09,15050.02195,16730911.09,401509,1182172,561.8307784,2.518005792e+11,401509,2935279.952,0.08817262885,7.310620565
2017-12-10,15474.99954,16732961.09,336561,1073634,453.7681782,2.589425652e+11,336561,1842201.214,0.06726979197,5.473602746
2017-12-11,16873.49778,16735098.59,376572,1163072,493.0204714,2.823796489e+11,376572,2694308.461,0.06916171234,7.154829517
2017-12-12,17433.93074,16737048.59,372599,1099485,541.2102197,2.917925458e+11,372599,3199781.961,0.1202253256,8.587736308
2017-12-13,16515.15257,16739373.59,417596,1251052,593.335372,2.764533087e+11,417596,3257901.42,0.1211009097,7.801562803
2017-12-14,16602.8928,16741686.09,498142,1290363,652.489752,2.779604194e+11,498142,2972639.498,0.2870584094,5.967454056
2017-12-15,17702.00217,16743798.59,400877,1179313,594.0830902,2.963987589e+11,400877,2698638.775,0.1632018781,6.731837384
2017-12-16,19640.51388,16745936.09,366938,1132973,532.0095682,3.288987902e+11,366938,2214760.388,0.1060562882,6.03578912
2017-12-17,19250.46765,16748248.59,389211,1175732,532.3692671,3.224116176e+11,389211,2389980.541,0.1106986094,6.140578096
2017-12-18,18982.02502,16750523.59,398048,1204183,591.6319924,3.179588579e+11,398048,3013392.598,0.1649455206,7.570425169
2017-12-19,17653.32609,16752273.59,378510,1046267,673.6087118,2.957333484e+11,378510,2058084.646,0.2999434766,5.437332292
2017-12-20,16453.62726,16753973.59,370374,1027644,920.7847141,2.756636365e+11,370374,2287843.967,0.288994027,6.177118175
2017-12-21,15633.83365,16755623.59,334454,998866,1138.208016,2.619546319e+11,334454,1861936.396,0.3181561293,5.567092624
2017-12-22,14305.71834,16757561.09,380012,1110734,1495.748916,2.39728949e+11,380012,1860783.217,0.2666066749,4.896643308
2017-12-23,14910.8581,16759298.59,307204,979504,1055.077085,2.498955232e+11,307204,1795340.253,0.1959645769,5.844130458
2017-12-24,14026.34687,16761198.59,274389,1020552,863.1764773,2.350983853e+11,274389,1367274.784,0.1086526673,4.982979579
2017-12-25,14080.94226,16762886.09,229330,878323,693.6955774,2.360372311e+11,229330,1780283.012,0.1383430146,7.762974805
2017-12-26,15727.14548,16764661.09,247416,911656,722.0743688,2.636602638e+11,247416,2114540.076,0.1785447972,8.546496895
2017-12-27,15389.00057,16766611.09,311934,1037747,796.8279586,2.580213876e+11,311934,2404642.34,0.2590161707,7.708817699
2017-12-28,14289.45221,16768473.59,303032,999488,774.8924159,2.396123019e+11,303032,2060357.287,0.2485749592,6.799140973
2017-12-29,14571.74608,16770536.09,356789,1096215,793.416486,2.443759935e+11,356789,2333615.053,0.2878858838,6.540602579
2017-12-30,12948.71588,16772361.09,338045,998615,764.87176,2.171805384e+11,338045,2257555.239,0.343431738,6.678268392
2017-12-31,13921.48064,16774398.59,292987,1007208,543.7195848,2.335244652e+11,292987,1589811.568,0.1567362019,5.426218801
2018-01-01,13464.65361,16776348.59,241625,972783,477.2251696,2.258877226e+11,241625,1688708.797,0.1562609823,6.988965533
2018-01-02,14754.3222,16778486.09,343664,1142721,649.8781377,2.475551898e+11,343664,2412187.223,0.2657526348,7.019027954
2018-01-03,15010.28616,16780448.59,396942,1130917,750.0204474,2.518793352e+11,396942,2826062.093,0.3229118984,7.119584455
2018-01-04,15070.3008,16782548.59,424762,1253986,777.0178675,2.529180554e+11,424762,2701229.464,0.3339681183,6.359395295
2018-01-05,16997.22741,16784336.09,339441,1069525,704.3137372,2.852871773e+11,339441,2702890.362,0.2781041806,7.962769265
2018-01-06,17103.58928,16786436.09,356470,1163503,684.2059472,2.871083083e+11,356470,2903891.358,0.1732384911,8.146243325
2018-01-07,16231.695,16788461.09,372566,1130388,695.8796142,2.725051799e+11,372566,2875275.668,0.3337297799,7.71749346
2018-01-08,14937.41509,16790536.09,345855,1157303,696.3686062,2.508072071e+11,345855,2612259.111,0.2503110463,7.553047119
2018-01-09,14378.58622,16792586.09,354874,1145338,742.9721705,2.414536469e+11,354874,2313201.392,0.287302238,6.518373822
2018-01-10,14669.08827,16794661.09,347701,1118949,719.0134138,2.463623659e+11,347701,2113570.381,0.2737729794,6.078700897
2018-01-11,13186.75494,16797073.59,334581,1222969,693.9285414,2.214988931e+11,334581,1932877.398,0.2466110892,5.777008849
2018-01-12,13789.44366,16799298.59,304727,1153290,624.0916385,2.316529814e+11,304727,1833186.958,0.233874555,6.015833707
2018-01-13,14231.22506,16801161.09,264304,939348,526.7918515,2.391011048e+11,264304,1369173.729,0.2648401654,5.180298932
2018-01-14,13681.06546,16803098.59,236042,971840,491.9216004,2.298842917e+11,236042,1286466.74,0.2018117674,5.450160312
2018-01-15,13591.6962,16804973.59,272139,949563,508.8238381,2.284080956e+11,272139,1525870.547,0.2122619545,5.60695287
2018-01-16,11431.04011,16806961.09,306170,1001819,613.9884903,1.921210462e+11,306170,3121953.459,0.2402231096,10.1967974
2018-01-17,11159.60859,16809048.59,314242,1090483,674.3582941,1.87582403e+11,314242,2365964.819,0.2267104603,7.529117112
2018-01-18,11246.03973,16811211.09,307893,1050790,650.505323,1.890595478e+11,307893,2204660.503,0.2369723088,7.160476215
2018-01-19,11440.25556,16813273.59,242661,1027992,489.8554096,1.923481467e+11,242661,1965382.925,0.1870587583,8.099294592
2018-01-20,12768.40459,16815498.59,236313,970060,421.7384871,2.147070893e+11,236313,1407949.994,0.1311831865,5.957987898
2018-01-21,11422.39426,16817836.09,217475,988506,344.2533634,1.920999544e+11,217475,1171548.528,0.103831121,5.387049213
2018-01-22,10737.35058,16819923.59,250083,946599,315.017251,1.806014162e+11,250083,1621864.684,0.1478949568,6.485305616
2018-01-23,10849.39188,16822136.09,266082,893416,289.826689,1.825099466e+11,266082,1498358.615,0.08191399204,5.631191193
2018-01-24,11225.89617,16824336.09,251628,940167,277.6232986,1.888682501e+11,251628,1491155.133,0.140924161,5.926030222
2018-01-25,11130.46495,16826311.09,238459,854029,224.4864054,1.872846657e+11,238459,1398365.429,0.1267691877,5.864175514
2018-01-26,11035.55461,16828248.59,218851,807029,204.2570094,1.857090563e+11,218851,1696639.658,0.1184353706,7.752487575
2018-01-27,11320.97019,16830211.09,192395,860840,167.8487012,1.905343179e+11,192395,1350881.232,0.09539818428,7.021394695
2018-01-28,11615.95871,16832186.09,213698,765711,153.9615505,1.955219786e+11,213698,3158201.279,0.07996231935,14.77880597
2018-01-29,11132.55431,16834036.09,230013,775230,144.442771,1.87405821e+11,230013,1963690.895,0.08991647126,8.537303957
2018-01-30,9959.546715,16836123.59,239554,845185,162.6780623,1.676801594e+11,239554,2585713.471,0.1284194991,10.79386473
2018-01-31,10050.0958,16837586.09,208360,685452,166.4018656,1.692193532e+11,208360,1839811.629,0.174227195,8.829965583
2018-02-01,9039.865075,16839586.09,252498,833934,213.449742,1.522275861e+11,252498,2315865.779,0.1536527358,9.171818308
2018-02-02,8786.07738,16841686.09,237739,853582,273.1046381,1.479723572e+11,237739,1464628.188,0.1999754753,6.160655963
2018-02-03,9132.100322,16843661.09,190833,714800,142.4478151,1.538180028e+11,190833,885884.1979,0.1076752297,4.642196045
2018-02-04,8250.526896,16845886.09,172621,711645,111.5508144,1.389874362e+11,172621,1032395.959,0.117408744,5.980708944
2018-02-05,6849.542559,16848198.59,221421,915758,177.2055886,1.154024533e+11,221421,2127399.879,0.1442404352,9.607940885
2018-02-06,7738.64396,16850323.59,245035,999753,163.0303499,1.303986548e+11,245035,1700758.56,0.1191001944,6.940880118
2018-02-07,7624.59539,16852086.09,207672,804119,120.4243781,1.284903379e+11,207672,1171904.215,0.1221201851,5.643053539
2018-02-08,8218.580852,16853723.59,177469,753618,89.80968325,1.385136899e+11,177469,1204492.722,0.08733150077,6.787059835
2018-02-09,8660.453468,16855411.09,178845,781921,91.77776842,1.459755034e+11,178845,1101821.632,0.09788725303,6.160762851
2018-02-10,8530.292805,16857198.59,176305,737187,82.97161526,1.437968398e+11,176305,1519105.826,0.09834597935,8.616351359
2018-02-11,8096.728481,16859086.09,147871,814528,62.30565643,1.365034425e+11,147871,1428170.924,0.06712118373,9.658221858
2018-02-12,8907.670179,16861161.09,185649,912131,69.39268325,1.501936618e+11,185649,1616944.283,0.08435258433,8.709684849
2018-02-13,8523.966932,16863211.09,188299,868109,70.69221437,1.437414537e+11,188299,1374119.713,0.09697761695,7.297541215
2018-02-14,9467.301033,16865448.59,197735,937769,63.43169877,1.596702788e+11,197735,1498368.844,0.08409894195,7.577661231
2018-02-15,10106.73308,16867086.09,195903,779005,63.50018795,1.70471137e+11,195903,1364495.487,0.09217439427,6.965158713
2018-02-16,10189.31648,16869048.59,185173,773561,57.78390098,1.718840748e+11,185173,1072785.145,0.07990486912,5.793420991
2018-02-17,11085.59841,16870911.09,172015,765638,47.85220473,1.870241452e+11,172015,1409189.983,0.07000145333,8.192250576
2018-02-18,10452.09198,16872936.09,160325,730130,44.85614147,1.763574799e+11,160325,1697570.954,0.07096100968,10.58831096
2018-02-19,11139.35573,16874961.09,191633,857787,52.03899365,1.879761945e+11,191633,1790788.377,0.06866285793,9.344885155
2018-02-20,11245.93232,16876723.59,194005,703065,50.73718511,1.897944912e+11,194005,1272305.075,0.08721935828,6.558104559
2018-02-21,10458.86509,16878836.09,208330,713740,40.8897929,1.765334695e+11,208330,1395404.73,0.1037397453,6.698049875
2018-02-22,9878.158943,16880698.59,182712,719848,36.98605498,1.667502237e+11,182712,1557355.207,0.09529184593,8.523551857
2018-02-23,10159.06561,16882548.59,180733,732287,78.10460372,1.715109188e+11,180733,974019.8683,0.08512347818,5.389275164
2018-02-24,9686.60178,16884361.09,153121,690001,92.15180174,1.635520821e+11,153121,760182.8853,0.08728313801,4.964589346
2018-02-25,9603.227477,16886498.59,143945,526879,41.14154587,1.621648872e+11,143945,602971.8164,0.08673667285,4.188904209
2018-02-26,10312.36571,16888261.09,191999,688379,46.90460191,1.741579246e+11,191999,837638.5449,0.08156411665,4.362723477
2018-02-27,10654.10729,16890261.09,215369,699046,49.92918084,1.799506538e+11,215369,919018.4195,0.08397540735,4.267180604
2018-02-28,10307.02497,16892198.59,190181,817155,52.60461036,1.741083126e+11,190181,1429647.654,0.07913088429,7.517300118
2018-03-01,10923.63086,16894261.09,236700,821011,51.79215931,1.845466718e+11,236700,1306661.089,0.08246113507,5.520325683
2018-03-02,11014.05847,16896211.09,192887,752300,41.38429133,1.860958568e+11,192887,962626.062,0.0749757233,4.990621773
2018-03-03,11425.68057,16898461.09,179832,934083,38.76177813,1.930764184e+11,179832,796517.8067,0.04918175305,4.429232877
2018-03-04,11462.5832,16900311.09,154847,792569,32.2838815,1.937212219e+11,154847,591690.2397,0.0498414703,3.821128209
2018-03-05,11540.66232,16902173.59,205776,857168,45.57757579,1.950622778e+11,205776,920500.5488,0.0677979286,4.473313452
2018-03-06,10677.03523,16904123.59,208778,834323,37.29344728,1.804859231e+11,208778,984149.2992,0.06124565349,4.713855383
2018-03-07,9903.085049,16906086.09,212833,922143,34.55376007,1.674224084e+11,212833,974020.1508,0.06311487753,4.576452669
2018-03-08,9330.475453,16908111.09,189879,903578,34.60606843,1.577607154e+11,189879,1024744.89,0.076911086,5.396831089
2018-03-09,9278.139184,16909936.09,202179,888997,35.46128841,1.568927406e+11,202179,1184313.606,0.07834760673,5.857747865
2018-03-10,8786.560423,16911686.09,149505,803717,44.81317464,1.485955517e+11,149505,629511.0053,0.06868091391,4.210635131
2018-03-11,9513.5354,16913598.59,157234,889324,35.23706153,1.609081189e+11,157234,777448.8714,0.05687097144,4.944534079
2018-03-12,9147.890181,16915611.09,185230,828676,32.73769198,1.547421526e+11,185230,1035056.931,0.06181950033,5.587955145
2018-03-13,9160.542933,16917586.09,199201,773506,61.77022996,1.549742737e+11,199201,1628197.694,0.07069056984,8.173642168
2018-03-14,8222.127239,16919386.09,193089,580666,36.79209101,1.391133452e+11,193089,1121552.148,0.09398346408,5.808472505
2018-03-15,8268.589122,16921186.09,201087,602746,36.09962604,1.399143352e+11,201087,1866926.207,0.09072297449,9.284171563
2018-03-16,8376.904498,16923136.09,188256,601517,29.72433615,1.417634948e+11,188256,1047004.748,0.08113939942,5.561600948
2018-03-17,7881.661921,16924998.59,151432,452543,21.23281633,1.333971169e+11,151432,2448665.56,0.07285417794,16.17006683
2018-03-18,8189.016719,16926886.09,164511,535510,25.24231786,1.386145532e+11,164511,1523526.651,0.09369732977,9.260940916
2018-03-19,8537.015623,16928823.59,193494,587514,31.02005649,1.445216314e+11,193494,1318145.714,0.07558707029,6.81233379
2018-03-20,8895.547179,16930411.09,193222,567891,31.45688638,1.506052706e+11,193222,1071898.003,0.07361795591,5.547494607
2018-03-21,8879.594257,16932311.09,199262,586910,31.35347671,1.503520523e+11,199262,964849.1479,0.07092204686,4.842113137
2018-03-22,8710.664935,16934098.59,180421,577941,27.02331673,1.475072588e+11,180421,1086482.332,0.06894238321,6.021928336
2018-03-23,8771.746323,16935761.09,177341,619608,25.99317196,1.485562e+11,177341,941337.5623,0.07001536266,5.30806504
2018-03-24,8610.988516,16937711.09,159401,543804,22.08796423,1.458504357e+11,159401,820626.5422,0.06685527439,5.148189423
2018-03-25,8440.610923,16939398.59,137632,454187,20.74818629,1.429788727e+11,137632,839706.4109,0.06414049942,6.101098661
2018-03-26,8171.184354,16941273.59,187477,582295,27.01691798,1.384302697e+11,187477,1688012.073,0.07676047593,9.003835528
2018-03-27,7837.265319,16943173.59,185428,598612,26.97107627,1.327881467e+11,185428,1082340.452,0.06855643877,5.836984986
2018-03-28,7933.64273,16944861.09,181035,552755,24.71775869,1.34434474e+11,181035,1189285.11,0.07042212752,6.569365646
2018-03-29,7108.570813,16946761.09,189556,559619,26.66685703,1.204672512e+11,189556,883785.8795,0.08095269993,4.662399921
2018-03-30,6832.149066,16948786.09,183947,571020,25.66543798,1.15796633e+11,183947,1279954.564,0.08253698719,6.958279092
2018-03-31,6922.281297,16950386.09,149294,475498,20.15724264,1.173353406e+11,149294,915483.1247,0.07148495977,6.1320825
2018-04-01,6804.524879,16952411.09,133901,425276,18.07397679,1.15353103e+11,133901,834258.5259,0.06520660999,6.230412961
2018-04-02,7033.25961,16954361.09,167141,485666,21.25429434,1.19244423e+11,167141,1440406.135,0.07174966204,8.617910239
2018-04-03,7420.800515,16956398.59,203600,605514,25.71698913,1.258300514e+11,203600,1331158.92,0.07519000125,6.538108645
2018-04-04,6780.543601,16958236.09,183926,565002,24.63334642,1.149860592e+11,183926,1472700.565,0.08520791753,8.007027635
2018-04-05,6798.422617,16960186.09,181407,534893,24.38706244,1.153025127e+11,181407,1036020.939,0.08070254395,5.71103066
2018-04-06,6610.49235,16961911.09,169899,631476,34.28436507,1.121265835e+11,169899,1244076.94,0.07634650693,7.322450044
2018-04-07,6886.469472,16964161.09,155865,502038,27.335041,1.168231774e+11,155865,751523.1834,0.06397022477,4.821628867
2018-04-08,7009.996104,16966173.59,139770,414992,21.13758237,1.189328107e+11,139770,738328.9552,0.05459132848,5.282456573
2018-04-09,6736.892824,16968011.09,174115,535496,22.16597774,1.143116721e+11,174115,1223683.25,0.07417588688,7.028017402
2018-04-10,6816.718615,16970061.09,188256,569509,23.24923046,1.156801313e+11,188256,948609.6917,0.07318902659,5.038934704
2018-04-11,6944.785857,16972073.59,179955,533732,22.38470178,1.178674166e+11,179955,984587.6137,0.07503442305,5.471299012
2018-04-12,7904.330275,16973998.59,216526,629328,36.66443907,1.341680909e+11,216526,2040913.34,0.07175459277,9.425719499
2018-04-13,7919.064695,16976061.09,213311,638968,35.63127168,1.34434526e+11,213311,1237242.178,0.06867174609,5.800179917
2018-04-14,8006.417943,16977773.59,165043,502546,24.28699186,1.359311511e+11,165043,707301.999,0.0560220567,4.285561938
2018-04-15,8342.271101,16979811.09,170677,590187,23.9083682,1.416501873e+11,170677,726345.9531,0.05637421684,4.255675651
2018-04-16,8046.982134,16981573.59,194303,721332,25.34549551,1.366504192e+11,194303,1358144.042,0.06851400821,6.989825386
2018-04-17,7887.737958,16983598.59,204094,614295,26.49631704,1.339621752e+11,204094,1231125.143,0.06771155468,6.032147652
2018-04-18,8162.834862,16985598.59,200441,588686,25.24455727,1.386506363e+11,200441,1102263.638,0.06458859072,5.499192469
2018-04-19,8272.967316,16987823.59,215282,657714,27.9884897,1.405397093e+11,215282,1322507.558,0.06782935053,6.143140431
2018-04-20,8839.501132,16989536.09,210669,661833,29.479585,1.501790235e+11,210669,1480057.08,0.06413619859,7.025509593
2018-04-21,8863.540829,16991523.59,191121,602722,27.96629462,1.506050631e+11,191121,896141.7241,0.05348934575,4.688871051
2018-04-22,8800.959087,16993523.59,168980,502665,21.40437708,1.495593058e+11,168980,775898.4802,0.050786624,4.591658659
2018-04-23,8930.784634,16995436.09,227377,642298,28.92087292,1.517825794e+11,227377,1100224.681,0.0493624041,4.838768571
2018-04-24,9652.213789,16997423.59,253956,776436,66.81899638,1.640627663e+11,253956,1706982.225,0.05802130084,6.721566826
2018-04-25,8855.508937,16998961.09,217684,701507,93.89101724,1.505344518e+11,217684,2102772.959,0.08231271689,9.659749723
2018-04-26,9264.727427,17000723.59,217258,661663,67.53569129,1.575070701e+11,217258,1025797.47,0.05677976003,4.721563623
2018-04-27,8981.33079,17002498.59,212647,674680,54.70890811,1.527050641e+11,212647,1588578.664,0.05905895378,7.470496474
2018-04-28,9341.824685,17004098.59,194970,541764,39.77294342,1.588493079e+11,194970,1738212.501,0.03840523796,8.915281844
2018-04-29,9396.99763,17006073.59,183812,549120,35.45168917,1.598060332e+11,183812,1636488.605,0.05102310535,8.903056412
2018-04-30,9228.726484,17008011.09,215603,645424,36.66955352,1.569622823e+11,215603,1228896.427,0.05981811261,5.699811355
2018-05-01,9072.168757,17009986.09,198167,634217,31.73459113,1.543174643e+11,198167,1007286.492,0.05625534684,5.08301832
2018-05-02,9204.127641,17011736.09,210896,673769,38.45490479,1.565781903e+11,210896,1060079.11,0.05937922868,5.026549153
2018-05-03,9750.700146,17013623.59,227954,660104,39.36712061,1.65894742e+11,227954,1300015.983,0.05803716569,5.702975085
2018-05-04,9696.64291,17015348.59,224579,710689,40.61858587,1.649917592e+11,224579,1367534.286,0.06029942584,6.08932396
2018-05-05,9795.925772,17017361.09,195965,606625,31.23119856,1.66700806e+11,195965,1029804.278,0.04514785129,5.255041861
2018-05-06,9595.086819,17019073.59,172671,535825,30.84096217,1.632994886e+11,172671,1106722.016,0.04458927866,6.409426111
2018-05-07,9339.510847,17020948.59,204816,662775,35.91663756,1.589673339e+11,204816,1377975.096,0.05241666379,6.727868411
2018-05-08,9212.369635,17022686.09,219628,665870,35.05532715,1.568192764e+11,219628,1071418.358,0.05179861631,4.878332262
2018-05-09,9293.042274,17024686.09,204710,603396,29.73668717,1.582111275e+11,204710,1041938.981,0.05244020049,5.089829424
2018-05-10,9037.530509,17026611.09,215367,633729,27.49013678,1.538785172e+11,215367,1275301.96,0.05441530731,5.921529111
2018-05-11,8419.758587,17028198.59,207053,772234,38.14838368,1.433733213e+11,207053,1313274.994,0.07303511064,6.342699668
2018-05-12,8485.775267,17030261.09,181270,563749,28.0897675,1.445149683e+11,181270,992568.1844,0.0460679181,5.475634051
2018-05-13,8695.833094,17032111.09,159530,488836,23.48131033,1.481083952e+11,159530,822450.1727,0.0541773278,5.155457737
2018-05-14,8671.074175,17033761.09,211328,641192,35.49278732,1.477010058e+11,211328,1272782.731,0.06282912463,6.022783215
2018-05-15,8488.463421,17035586.09,208197,624136,36.97293637,1.446059494e+11,208197,1053142.641,0.064125858,5.058394891
2018-05-16,8327.756201,17037823.59,213978,617403,33.00292855,1.41886841e+11,213978,1176502.341,0.0579238859,5.498239729
2018-05-17,8050.516239,17039473.59,190427,635676,58.60777404,1.371765588e+11,190427,1070083.805,0.06817699433,5.619391186
2018-05-18,8233.086455,17041323.59,216419,701918,66.88060023,1.403026904e+11,216419,1131581.11,0.06080696501,5.228658807
2018-05-19,8229.482936,17043248.59,167502,500408,29.9909499,1.402571234e+11,167502,728221.518,0.05139205018,4.347539241
2018-05-20,8511.44883,17045048.59,159863,483041,24.85185587,1.450780588e+11,159863,725759.6569,0.05891300177,4.539885132
2018-05-21,8398.623127,17047011.09,201185,620329,31.14895886,1.431714215e+11,201185,836875.1704,0.060140334,4.159729455
2018-05-22,8007.526532,17048898.59,207023,595706,27.0929604,1.365195078e+11,207023,971395.4925,0.0592743587,4.692210491
2018-05-23,7520.867679,17050923.59,222546,636565,30.75196457,1.282377401e+11,222546,1116359.614,0.07141915307,5.016309502
2018-05-24,7575.624486,17052711.09,202902,559734,29.32149238,1.291849357e+11,202902,1168512.044,0.0698717315,5.758997173
2018-05-25,7425.375674,17054911.09,198774,624713,30.66905461,1.266391219e+11,198774,975455.8023,0.06283143378,4.907361135
2018-05-26,7326.303186,17056936.09,155834,459370,22.28223089,1.249642852e+11,155834,611356.1934,0.05799268597,3.923124565
2018-05-27,7338.193044,17058986.09,143384,441802,19.22285004,1.25182133e+11,143384,798302.3434,0.05441489445,5.567583157
2018-05-28,7110.823882,17060936.09,192951,598556,31.6009076,1.213173118e+11,192951,1371747.081,0.06996699796,7.109302781
2018-05-29,7453.633725,17062673.59,204915,600021,26.55897795,1.271789193e+11,204915,1255832.731,0.07013693177,6.128554432
2018-05-30,7374.669049,17064848.59,204891,596173,22.62953788,1.258476107e+11,204891,1287801.197,0.06549853245,6.285299
2018-05-31,7478.741867,17066973.59,206264,620191,21.80760182,1.276394899e+11,206264,1361736.896,0.06127862255,6.601912578
2018-06-01,7519.835737,17069048.59,201858,683588,19.70753491,1.283564416e+11,201858,1184706.858,0.058941846,5.869011178
2018-06-02,7637.448253,17070948.59,175813,524370,16.3285705,1.303784865e+11,175813,945563.8256,0.05234981459,5.378236112
2018-06-03,7702.157933,17072986.09,167198,542740,15.73954686,1.314988352e+11,167198,956560.4775,0.05164033294,5.721123922
2018-06-04,7486.6532,17075273.59,205524,694350,20.35728666,1.278366516e+11,205524,1509780.556,0.06378163744,7.34600609
2018-06-05,7611.149853,17077461.09,214242,655014,18.57627282,1.299791154e+11,214242,1221670.473,0.05823180578,5.702292142
2018-06-06,7650.775807,17079298.59,207161,653426,19.55938049,1.306698844e+11,207161,1136941.331,0.05304154902,5.488201597
2018-06-07,7665.947896,17081086.09,207335,635530,20.6210189,1.309427159e+11,207335,1209832.019,0.05260262729,5.835155757
2018-06-08,7622.60233,17082892.34,197681,640966,17.75668801,1.302160949e+11,197681,1425618.111,0.05127697643,7.211710334
2018-06-09,7556.171698,17084679.84,176022,503993,19.08714063,1.290947742e+11,176022,908929.372,0.04979095434,5.163725966
2018-06-10,6744.735801,17086267.34,178072,527886,16.61912053,1.15242359e+11,178072,1473237.198,0.06334095398,8.273266981
2018-06-11,6849.452687,17088017.34,213701,586393,25.1461433,1.170435663e+11,213701,1671150.555,0.06860007966,7.820040877
2018-06-12,6526.69968,17089829.84,216723,662032,21.70811986,1.115401869e+11,216723,1476487.148,0.06563117977,6.812784743
2018-06-13,6306.513168,17091617.34,212718,660241,37.96206259,1.077885098e+11,212718,1931339.813,0.07192976339,9.079343605
2018-06-14,6629.770124,17093529.84,212115,586144,28.31163688,1.133261734e+11,212115,1831738.922,0.07665967152,8.635593532
2018-06-15,6399.674046,17095442.34,201252,613937,22.29352665,1.094052586e+11,201252,1733559.814,0.06103685862,8.613876207
2018-06-16,6495.315309,17097517.34,155858,434955,16.47953769,1.110537661e+11,155858,800896.0641,0.05286102116,5.138626596
2018-06-17,6450.693973,17099479.84,145540,439145,23.19379314,1.103035115e+11,145540,679542.2754,0.04908541644,4.669110041
2018-06-18,6703.81259,17101529.84,194397,569167,17.33148901,1.14645451e+11,194397,1024411.516,0.05698443906,5.269687887
2018-06-19,6732.508809,17103467.34,192770,628857,92.9988897,1.151492445e+11,192770,1480339.952,0.06351525295,7.679306699
2018-06-20,6753.206826,17105404.84,199288,590701,196.1107583,1.155163367e+11,199288,1150304.802,0.06892592097,5.772072588
2018-06-21,6720.373234,17107529.83,200306,556428,73.83299395,1.149689856e+11,200306,938077.4725,0.05903853643,4.683222033
2018-06-22,6059.575859,17109417.33,202454,616964,67.64930914,1.036758122e+11,202454,1949240.597,0.08155752341,9.62806661
2018-06-23,6174.225779,17111417.33,159934,473376,31.0352267,1.05649754e+11,159934,1394462.614,0.05962755707,8.718987922
2018-06-24,6146.487195,17113554.83,160718,465159,27.37988107,1.051882456e+11,160718,899227.7775,0.06440133811,5.595065752
2018-06-25,6243.535441,17115517.33,202227,618481,35.01767538,1.068613391e+11,202227,1302232.783,0.06889878404,6.439460524
2018-06-26,6096.128766,17117342.33,189209,601757,31.51739433,1.04349523e+11,189209,869455.3413,0.06708011193,4.595211334
2018-06-27,6139.189683,17118854.83,189544,591319,32.26533869,1.05095897e+11,189544,995947.4568,0.0697600208,5.254439375
2018-06-28,5858.635778,17120817.33,195746,566389,28.16051973,1.00304633e+11,195746,993558.7434,0.06965939093,5.075755027
2018-06-29,6220.913715,17122704.83,194630,584573,26.96211653,1.065188693e+11,194630,1013397.809,0.07260026753,5.206791395
2018-06-30,6375.541231,17124467.33,177709,560237,23.0949968,1.091777476e+11,177709,724127.0887,0.06496875872,4.074791309
2018-07-01,6361.402539,17126304.83,153443,476547,16.61894132,1.089473191e+11,153443,845945.4374,0.05336496125,5.513092402
2018-07-02,6608.367157,17128067.33,206702,662310,24.13373068,1.131885576e+11,206702,1013778.194,0.06531250303,4.90453984
2018-07-03,6498.307859,17129517.33,217338,655359,27.75112345,1.113128771e+11,217338,1083561.548,0.07940282473,4.985605592
2018-07-04,6579.333376,17131192.33,201935,594400,21.20815182,1.127118255e+11,201935,869605.4794,0.05663020532,4.306363332
2018-07-05,6535.298403,17132904.83,202507,555588,20.13343071,1.119686456e+11,202507,1057233.489,0.05647714569,5.22072565
2018-07-06,6598.459096,17134904.83,200485,640591,21.52862303,1.130639687e+11,200485,960334.7241,0.05470428698,4.79005773
2018-07-07,6737.85608,17136854.83,164668,460458,16.48971307,1.154656615e+11,164668,578525.4018,0.04545897038,3.513283709
2018-07-08,6704.91998,17138829.83,157910,501981,15.69046793,1.149144826e+11,157910,766620.396,0.05036346459,4.854793211
2018-07-09,6664.024094,17140529.83,206977,627774,19.77161579,1.142249038e+11,206977,1061747.173,0.06004089937,5.129783374
2018-07-10,6309.084004,17142392.33,215433,669373,22.81549222,1.081527933e+11,215433,1207863.377,0.06622989957,5.606677606
2018-07-11,6377.976511,17144079.83,201326,636817,20.35991472,1.093445385e+11,201326,840913.2004,0.06345570563,4.176873332
2018-07-12,6159.466676,17145842.33,207840,923421,18.95121563,1.056092445e+11,207840,849855.7611,0.05585175115,4.088990382
2018-07-13,6208.985572,17147629.83,206358,941540,19.5134421,1.064693862e+11,206358,885157.8974,0.05768816755,4.289428553
2018-07-14,6255.112479,17149292.33,175324,793757,14.82622597,1.072707525e+11,175324,734161.3037,0.04788451063,4.187454676
2018-07-15,6347.604274,17150954.83,158295,502106,15.1200841,1.088674742e+11,158295,732571.4899,0.05690068007,4.62788774
2018-07-16,6710.807437,17152454.83,213849,602482,23.99583834,1.151068215e+11,213849,1217326.786,0.06491811962,5.692459567
2018-07-17,7320.594828,17154442.33,232829,681518,25.24649934,1.255807218e+11,232829,993863.6944,0.05737675829,4.268642198
2018-07-18,7376.038339,17156617.33,233249,762246,31.17720006,1.265478672e+11,233249,1115421.531,0.05627858491,4.78210638
2018-07-19,7467.034298,17158754.83,225038,626926,28.78501864,1.281250109e+11,225038,955600.9279,0.04975308605,4.246398066
2018-07-20,7327.256683,17160679.83,226470,653321,23.22018338,1.25740706e+11,226470,929461.8893,0.05682522368,4.104128093
2018-07-21,7410.56562,17162392.33,186978,511119,17.51557302,1.271830346e+11,186978,643296.5218,0.04605060092,3.440493116
2018-07-22,7399.483747,17164667.33,167495,459458,14.75350962,1.27009677e+11,167495,587110.9342,0.04253796762,3.50524454
2018-07-23,7716.158627,17166742.33,229101,716690,26.23258898,1.32461307e+11,229101,964039.3268,0.05188294064,4.207922824
2018-07-24,8397.616522,17168729.83,259522,717759,29.73865751,1.441764093e+11,259522,1137616.17,0.05406641263,4.383505713
2018-07-25,8202.720395,17170942.33,248976,771199,26.57097779,1.408484389e+11,248976,1005924.037,0.04908091226,4.040244992
2018-07-26,7913.930778,17173004.83,230206,641543,23.82141828,1.359059715e+11,230206,905269.597,0.05006715514,3.932432678
2018-07-27,8173.774611,17175092.33,232444,721812,20.94840018,1.403853337e+11,232444,968988.8983,0.04759636991,4.16869826
2018-07-28,8190.360057,17176904.83,181696,545883,16.25319194,1.406850352e+11,181696,633667.4466,0.03962975959,3.487514566
2018-07-29,8229.605839,17179029.83,172401,494042,16.07428338,1.413766442e+11,172401,673213.1094,0.03800619448,3.90492578
2018-07-30,8171.839519,17180704.83,231060,638966,24.51004937,1.403979627e+11,231060,870987.7651,0.05024548011,3.769530707
2018-07-31,7725.133036,17182542.33,243458,696566,25.63977852,1.327374254e+11,243458,895374.2552,0.05181981956,3.677736017
2018-08-01,7596.698012,17184417.33,238104,698015,21.06900152,1.30544829e+11,238104,891334.8328,0.05585479367,3.743468538
2018-08-02,7542.694662,17186329.83,222669,622521,25.16269047,1.296312383e+11,222669,917310.6094,0.05055487688,4.119615256
2018-08-03,7411.34425,17188404.83,232465,694601,23.32861222,1.273891853e+11,232465,991482.5708,0.05077553913,4.26508322
2018-08-04,7002.208653,17190604.83,192558,547308,17.25220709,1.203722019e+11,192558,1005165.708,0.0466264312,5.220067241
2018-08-05,7031.587751,17192604.83,171233,495532,13.57730016,1.208913095e+11,171233,1012311.31,0.04520131317,5.911893796
2018-08-06,6929.990894,17194242.33,219051,651894,17.78668065,1.191559428e+11,219051,1275080.794,0.05138794631,5.820931169
2018-08-07,6722.578433,17196129.83,236513,710766,18.98471793,1.156023315e+11,236513,1201707.741,0.05738839701,5.080937373
2018-08-08,6267.388674,17198092.33,229381,634443,20.23613005,1.077871291e+11,229381,1331549.705,0.06624465493,5.804969485
2018-08-09,6558.096908,17199954.83,224091,636143,20.87046383,1.127989706e+11,224091,1098330.371,0.0546655539,4.901269446
2018-08-10,6135.751859,17202154.83,224863,656819,20.45771617,1.055481535e+11,224863,1010751.687,0.06091380626,4.494966654
2018-08-11,6313.749312,17204279.83,192213,523641,15.22242073,1.086235099e+11,192213,783282.3308,0.05812330865,4.075074687
2018-08-12,6314.691656,17206217.33,168546,486939,12.98326306,1.08651957e+11,168546,617845.3392,0.04540253359,3.665737183
2018-08-13,6265.848044,17208092.33,217348,602328,19.66605039,1.078232917e+11,217348,912217.734,0.05655323869,4.197037626
2018-08-14,6184.829086,17209792.33,252662,672592,26.91572329,1.064396242e+11,252662,1170651.957,0.06504771505,4.633272739
2018-08-15,6270.214799,17211804.83,246292,677460,22.2772166,1.079217134e+11,246292,1071353.138,0.05500561162,4.349930724
2018-08-16,6290.750455,17213779.83,231430,621029,24.3385493,1.082875933e+11,231430,915014.3534,0.0527623854,3.953741319
2018-08-17,6563.078289,17215679.83,235627,650774,24.50056146,1.129878545e+11,235627,855506.4462,0.05242296143,3.630765771
2018-08-18,6399.287447,17217679.83,189867,498238,16.47857689,1.101808824e+11,189867,667872.1976,0.0452830104,3.517579135
2018-08-19,6490.716127,17219492.33,160808,502449,16.51525786,1.117668366e+11,160808,567200.6416,0.03940535913,3.527191692
2018-08-20,6272.952729,17221367.33,219696,639365,29.5145455,1.080288232e+11,219696,903691.7913,0.04890743056,4.113373895
2018-08-21,6473.076039,17223217.33,219552,589991,25.09646576,1.114871954e+11,219552,1038730.267,0.05022990585,4.731135524
2018-08-22,6365.009832,17225217.33,224396,622189,23.6116034,1.096386777e+11,224396,913024.1369,0.05125710857,4.068807541
2018-08-23,6516.409025,17227079.83,217634,574017,19.35149518,1.122586985e+11,217634,866507.0145,0.04598498941,3.981487334
2018-08-24,6697.731879,17228904.83,221813,633016,19.25929543,1.153945851e+11,221813,748392.1818,0.04689423311,3.373977999
2018-08-25,6745.438939,17230592.33,194213,540988,20.98045241,1.162279085e+11,194213,650146.5349,0.04179357378,3.347595346
2018-08-26,6689.869333,17232754.83,170466,495145,27.61924553,1.152848781e+11,170466,507178.1069,0.03641550946,2.975244958
2018-08-27,6839.158952,17235067.33,227920,675295,33.15715349,1.17873365e+11,227920,976077.4573,0.0462834688,4.282544126
2018-08-28,7092.973808,17236979.83,236793,676219,45.32048221,1.222614465e+11,236793,1861901.588,0.05131542987,7.86299252
2018-08-29,7033.428068,17238717.33,235130,643056,23.44494959,1.212472783e+11,235130,895365.2087,0.04579786654,3.807958188
2018-08-30,6966.963744,17240642.33,233686,626114,23.99861017,1.2011493e+11,233686,859279.3315,0.05115671806,3.67706808
2018-08-31,7025.14078,17242579.83,238587,658225,25.4753141,1.211315507e+11,238587,1545775.045,0.04661472421,6.478873723
2018-09-01,7192.352547,17244467.33,211324,556577,18.83677255,1.240282885e+11,211324,862795.4788,0.04104804347,4.082808762
2018-09-02,7286.667791,17246267.33,184405,491997,16.30852658,1.256678207e+11,184405,810184.0017,0.03976934427,4.393503439
2018-09-03,7257.470214,17248067.33,224964,616107,19.99971314,1.251773349e+11,224964,933492.0655,0.04783760591,4.149517547
2018-09-04,7358.811479,17249642.33,239053,646393,24.87269699,1.26936866e+11,239053,959614.965,0.04972025728,4.014235191
2018-09-05,6790.897328,17251292.33,239620,644928,31.30250199,1.17151755e+11,239620,983935.3147,0.05891533632,4.106232012
2018-09-06,6488.075937,17253167.33,251946,659910,31.08773806,1.119398598e+11,251946,1261307.375,0.06316664663,5.006260765
2018-09-07,6408.653622,17255067.33,230315,694327,27.88312159,1.105817498e+11,230315,1091872.138,0.05038094099,4.74077736
2018-09-08,6187.790502,17256942.33,204695,541935,19.01300141,1.067823439e+11,204695,740803.9798,0.04234419376,3.619062409
2018-09-09,6249.24631,17258979.83,189529,506971,18.25755811,1.07855616e+11,189529,727727.4937,0.04227389782,3.839663026
2018-09-10,6295.388603,17260667.33,222834,620579,20.09336022,1.086626084e+11,222834,868556.5002,0.05253718569,3.89777368
2018-09-11,6278.42464,17262429.83,235440,642145,22.97864568,1.083808648e+11,235440,917883.8977,0.05284430714,3.89858944
2018-09-12,6327.536363,17264529.83,234777,602958,23.97565107,1.092419403e+11,234777,875061.0743,0.05022760546,3.727201022
2018-09-13,6490.912316,17266379.83,238597,618775,20.64203412,1.120745575e+11,238597,1133635.939,0.05146379796,4.751258143
2018-09-14,6494.695479,17268029.83,222661,615099,21.00044989,1.121505953e+11,222661,758522.8039,0.05008040809,3.406626234
2018-09-15,6524.165667,17269779.83,207837,547938,15.55612803,1.126709047e+11,207837,708520.1316,0.03809605897,3.409018277
2018-09-16,6497.404701,17271517.33,183118,479019,13.50872276,1.122200379e+11,183118,700861.1335,0.03734614221,3.827374335
2018-09-17,6258.594875,17273204.83,234503,616149,16.93383786,1.081059912e+11,234503,1078581.294,0.04777717778,4.599434949
2018-09-18,6340.34779,17274979.83,243846,640750,18.97957253,1.095293802e+11,243846,1020289.541,0.04739929259,4.18415533
2018-09-19,6383.951876,17276929.83,254819,638350,17.38418461,1.102950886e+11,254819,944561.7594,0.03911182366,3.70679486
2018-09-20,6498.607111,17278854.83,256241,628755,18.46013053,1.122884889e+11,256241,905907.5082,0.04445768071,3.535372982
2018-09-21,6741.142899,17280654.83,271751,713347,25.61820665,1.164913636e+11,271751,1164138.707,0.04731467717,4.283843323
2018-09-22,6705.476051,17282592.33,219158,550844,18.20492135,1.15888009e+11,219158,727467.9272,0.03511771546,3.319376556
2018-09-23,6703.13685,17284467.33,207166,524121,14.78029907,1.158601499e+11,207166,543757.1522,0.03316074324,2.624741281
2018-09-24,6576.545003,17286317.33,232771,601707,15.23465419,1.136842439e+11,232771,778882.9277,0.03945582367,3.346133873
2018-09-25,6416.444022,17288429.83,252662,653042,20.77325104,1.109302422e+11,252662,1370053.091,0.04059117466,5.422473863
2018-09-26,6463.250404,17290167.33,244200,624467,19.81706404,1.11750681e+11,244200,1071030.359,0.04308915524,4.385873706
2018-09-27,6677.900489,17291954.83,251227,642476,24.16169895,1.154739536e+11,251227,894318.2448,0.04453196038,3.559801474
2018-09-28,6623.12616,17293879.83,248966,654875,28.27719803,1.145395479e+11,248966,1064334.75,0.04616807722,4.275020484
2018-09-29,6584.499148,17295779.83,222847,564628,19.39987634,1.138840475e+11,222847,765893.8815,0.0361831621,3.436859736
2018-09-30,6604.485028,17297817.33,202606,514766,15.06859153,1.142431756e+11,202606,623019.8473,0.03719003055,3.075031575
2018-10-01,6561.813832,17299792.33,246557,688212,22.05844917,1.135180166e+11,246557,840955.3148,0.04846982986,3.410794724
2018-10-02,6508.720939,17301504.83,240379,660448,25.50791438,1.126106668e+11,240379,1242903.935,0.04971022772,5.170601155
2018-10-03,6464.456844,17303317.33,243276,695230,21.54960314,1.118565481e+11,243276,795408.131,0.0430531144,3.269570903
2018-10-04,6545.285668,17305192.33,248357,653916,18.89461098,1.132674273e+11,248357,865549.9263,0.04086574881,3.485103807
2018-10-05,6585.14958,17306817.33,241297,686857,21.27413336,1.139679809e+11,241297,727575.4596,0.04996925218,3.015269397
2018-10-06,6550.478316,17308379.83,211031,569596,17.15907123,1.133781668e+11,211031,606887.2816,0.03587646408,2.875820527
2018-10-07,6564.56826,17310154.83,227911,618542,13.38058947,1.13633693e+11,227911,518969.9449,0.01662546502,2.277072826
2018-10-08,6604.685274,17311842.33,248404,643328,17.00189723,1.143392701e+11,248404,833105.1028,0.04377877037,3.35383127
2018-10-09,6590.428622,17313467.33,227800,604271,16.15876645,1.141031706e+11,227800,728705.1989,0.04512301355,3.19888147
2018-10-10,6529.102436,17315267.33,248451,651334,15.89766558,1.130531541e+11,248451,1063158.766,0.04317224347,4.279148669
2018-10-11,6159.251643,17317254.83,262974,689144,18.53988743,1.066613303e+11,262974,1083575.982,0.05091917301,4.120468114
2018-10-12,6191.677223,17318904.83,241875,699176,18.32054777,1.072330686e+11,241875,1126855.616,0.04782274484,4.658834587
2018-10-13,6197.685696,17320667.33,203529,553344,13.17029413,1.073480522e+11,203529,688546.1367,0.03947425087,3.383036996
2018-10-14,6182.879344,17322092.33,189268,522288,12.34559059,1.071004069e+11,189268,670761.984,0.03897973526,3.543979881
2018-10-15,6442.715414,17324117.33,275017,711826,23.47542749,1.116143578e+11,275017,1356662.483,0.04936846959,4.933013172
2018-10-16,6461.937159,17325804.83,253557,674140,19.1257659,1.11958262e+11,253557,835035.4366,0.04765273824,3.293284889
2018-10-17,6442.7307,17327529.83,255908,662174,18.59522114,1.116366084e+11,255908,899905.9433,0.04776390855,3.516521341
2018-10-18,6396.479812,17329254.83,261959,673350,18.57290731,1.108462287e+11,261959,1048699.333,0.04669834171,4.00329568
2018-10-19,6383.07784,17331029.83,251721,684662,17.51923019,1.106253125e+11,251721,971734.5325,0.0409658172,3.860363388
2018-10-20,6408.252746,17332817.33,225898,583046,14.20909825,1.110730743e+11,225898,680064.3465,0.03243895149,3.010492995
2018-10-21,6415.340503,17334542.33,204835,540049,12.07912045,1.112069915e+11,204835,533213.2407,0.03173985853,2.603135405
2018-10-22,6408.033636,17336479.83,258515,687801,16.90795,1.110927459e+11,258515,904596.0391,0.04301350706,3.499201358
2018-10-23,6395.987667,17338404.83,259288,688951,17.03439798,1.108962235e+11,259288,1058720.836,0.04392644493,4.083184859
2018-10-24,6413.803641,17339817.33,249113,630269,16.64281009,1.112141835e+11,249113,1000754.921,0.0424361292,4.01727297
2018-10-25,6402.324859,17341529.83,258172,664579,17.89006509,1.110261075e+11,258172,1039652.103,0.04060056397,4.026974664
2018-10-26,6404.108552,17343317.33,252435,681997,17.73815234,1.110684868e+11,252435,834629.6204,0.04501032386,3.306314974
2018-10-27,6409.405328,17345017.33,234281,578121,12.99458987,1.111712465e+11,234281,584733.3669,0.03496158981,2.495863373
2018-10-28,6406.633253,17346767.33,215502,547630,16.2812264,1.111343764e+11,215502,518351.1665,0.03152467014,2.405319517
2018-10-29,6263.041735,17348592.33,268291,708860,19.61250266,1.086549578e+11,268291,822645.0633,0.03952839698,3.066241742
2018-10-30,6272.167728,17350517.33,287764,697640,19.02159826,1.088253549e+11,287764,870701.3952,0.03491041845,3.025748166
2018-10-31,6306.316931,17352554.83,283381,694833,16.34407169,1.094307103e+11,283381,918268.2694,0.03166919807,3.240401683
2018-11-01,6342.977501,17354479.83,287126,702856,17.72123704,1.100790751e+11,287126,945260.35,0.03497363817,3.292144738
2018-11-02,6348.168583,17356267.33,290925,764821,18.38907623,1.10180511e+11,290925,1271136.174,0.03955093453,4.369291653
2018-11-03,6332.434133,17358279.83,247512,635423,13.29336276,1.099201637e+11,247512,596028.3848,0.03066135327,2.408078739
2018-11-04,6420.422,17359817.33,227689,619152,13.10981552,1.114573531e+11,227689,602024.0514,0.03112879496,2.64406296
2018-11-05,6402.946839,17361617.33,295977,709024,18.7266689,1.111655128e+11,295977,884425.2628,0.03946635922,2.988155373
2018-11-06,6441.145219,17363217.33,287608,698165,19.22689768,1.118390043e+11,287608,895400.2787,0.04380463263,3.113266247
2018-11-07,6500.869805,17364842.33,296293,708634,20.47664006,1.128865792e+11,296293,891175.6738,0.04188577962,3.00775136
2018-11-08,6406.752937,17366354.83,276879,702459,21.13343264,1.112619448e+11,276879,798386.1241,0.03984030639,2.883519964
2018-11-09,6331.378767,17367942.33,283042,696353,22.08237359,1.099630213e+11,283042,866465.3065,0.04014244122,3.061260543
2018-11-10,6353.112734,17369579.83,247175,583550,16.41366222,1.103508988e+11,247175,581257.5118,0.03239813437,2.351603163
2018-11-11,6335.414204,17371404.83,252172,601176,14.57063064,1.100550449e+11,252172,561110.6977,0.02835331586,2.225111026
2018-11-12,6320.656054,17373154.83,298929,680949,18.95329276,1.098097362e+11,298929,873945.512,0.03350854693,2.923588919
2018-11-13,6267.937991,17374654.83,273801,637890,17.7424345,1.089032591e+11,273801,890473.6123,0.04135442954,3.252265742
2018-11-14,5574.258349,17376342.33,298332,734241,27.33091933,9.68602213e+10,298332,1300044.267,0.05523210098,4.357709758
2018-11-15,5538.560608,17377929.83,291290,709708,38.66961652,9.62487176e+10,291290,1913231.32,0.05151374521,6.568132512
2018-11-16,5496.016231,17379504.83,281416,704543,36.15620087,9.551804063e+10,281416,1161247.201,0.0479290797,4.126443418
2018-11-17,5501.09234,17381317.33,261511,587644,21.21198663,9.561623163e+10,261511,687066.904,0.03254190058,2.627296381
2018-11-18,5555.376338,17382854.83,238029,543353,17.81181123,9.656830041e+10,238029,582885.1762,0.02805984519,2.448798996
2018-11-19,4792.200024,17384429.83,269543,680899,41.92983395,8.330966504e+10,269543,1190169.411,0.0555753096,4.415508513
2018-11-20,4317.53067,17386079.83,289046,769611,69.75086729,7.506493289e+10,289046,2273723.118,0.098953553,7.866301966
2018-11-21,4549.32201,17387392.33,256543,620393,48.76677702,7.910084662e+10,256543,1310707.164,0.06229675529,5.109112951
2018-11-22,4303.615549,17388917.33,264718,653846,39.65618397,7.483521499e+10,264718,1066470.885,0.04260580387,4.028705586
2018-11-23,4289.892853,17390479.83,273038,624434,35.94158309,7.460329513e+10,273038,1156080.677,0.03762751321,4.234138386
2018-11-24,3806.316925,17392267.33,251955,578522,31.36532497,6.62004815e+10,251955,1032029.251,0.03411880896,4.096085614
2018-11-25,3946.850874,17393854.83,241502,577253,32.84381732,6.865095114e+10,241502,1050178.727,0.04328666206,4.348530144
2018-11-26,3700.285993,17395242.33,255328,628614,38.12914927,6.436737153e+10,255328,1363139.133,0.06567951788,5.338776527
2018-11-27,3776.555905,17396879.83,262477,627815,36.17547287,6.570028925e+10,262477,1226774.247,0.04652069356,4.67383522
2018-11-28,4208.475269,17398354.83,262267,630438,40.76151167,7.322054602e+10,262267,1370576.696,0.06055328443,5.225883151
2018-11-29,4239.039488,17399667.33,245371,612685,44.47194145,7.375787689e+10,245371,1176369.045,0.06628836574,4.794246446
2018-11-30,3973.334052,17400929.83,248304,597612,40.54970247,6.913970703e+10,248304,1912961.167,0.06790518905,7.704109344
2018-12-01,4148.073726,17402479.83,242745,579421,30.14756877,7.218676933e+10,242745,1247469.43,0.03651453904,5.139011843
2018-12-02,4098.746764,17403904.83,221524,502649,23.33655571,7.133419859e+10,221524,992947.1525,0.03119270532,4.482345716
2018-12-03,3843.976666,17405329.83,241785,586010,31.88668705,6.690568172e+10,241785,1555572.615,0.06279122403,6.433701905
2018-12-04,3892.951647,17407054.83,268150,671416,30.53976983,6.776482276e+10,268150,2256331.531,0.05672867788,8.41443793
2018-12-05,3709.520858,17408679.83,256736,609238,26.79014826,6.457786094e+10,256736,1801744.361,0.05248952828,7.017887483
2018-12-06,3511.968982,17410367.33,280512,655016,28.8469166,6.114467001e+10,280512,1750899.163,0.06164689983,6.241797725
2018-12-07,3372.995693,17411792.33,256146,658859,30.83524789,5.872990052e+10,256146,1472404.725,0.08765976211,5.748302627
2018-12-08,3407.951195,17413379.83,231269,531426,19.5837117,5.934394859e+10,231269,934997.0408,0.03841428252,4.042898273
2018-12-09,3540.439576,17414979.83,237071,518114,16.79261899,6.16566838e+10,237071,748287.9931,0.02760193979,3.15638772
2018-12-10,3413.592584,17416529.83,253368,600210,22.45193471,5.945293706e+10,253368,1092046.954,0.05504904155,4.310121855
2018-12-11,3352.5642,17418092.33,255759,635401,23.5339005,5.839527277e+10,255759,1290862.093,0.06122418177,5.047181497
2018-12-12,3423.012918,17419592.33,258638,616176,22.16279154,5.962748956e+10,258638,1107235.451,0.05515258181,4.281023867
2018-12-13,3260.341582,17421229.83,266702,638713,22.11378158,5.679916002e+10,266702,1209440.474,0.04911908644,4.534800918
2018-12-14,3198.947474,17423054.83,278774,701381,25.21741393,5.573543723e+10,278774,1208272.89,0.05628288726,4.334238094
2018-12-15,3185.074044,17424917.33,263117,594065,18.26744053,5.54996519e+10,263117,830472.1223,0.03110288761,3.156284552
2018-12-16,3195.414555,17426354.83,225399,539434,14.97018143,5.568442786e+10,225399,868890.3534,0.03501361031,3.854898883
2018-12-17,3499.156482,17428354.83,296295,682984,20.76549699,6.098454076e+10,296295,1161248.333,0.04189838344,3.919230269
2018-12-18,3659.527379,17429954.83,269609,656410,27.23136161,6.378539691e+10,269609,1355512.742,0.06081222435,5.027698414
2018-12-19,3697.725303,17431817.33,302963,701481,32.64506125,6.445807202e+10,302963,1578261.171,0.05424442963,5.209418878
2018-12-20,4067.737708,17433504.83,282826,641537,27.33283862,7.091492497e+10,282826,1274954.467,0.05223640639,4.507911109
2018-12-21,3839.085108,17435254.83,280679,656212,30.94962483,6.693542717e+10,280679,1345679.381,0.05454632916,4.79437144
2018-12-22,3964.946116,17437442.33,251236,551516,18.60323577,6.913851923e+10,251236,796172.318,0.0272114669,3.169021629
2018-12-23,3942.666996,17439642.33,249032,520086,15.42552063,6.875870223e+10,249032,792889.3562,0.02136878415,3.183885429
2018-12-24,4040.04579,17441542.33,278193,583425,23.52803471,7.046462964e+10,278193,1162957.506,0.03813644895,4.180398164
2018-12-25,3761.584011,17443529.83,259581,481186,17.8645655,6.561530289e+10,259581,1068940.552,0.03038586927,4.117946045
2018-12-26,3807.657454,17445492.33,281142,536230,15.97681092,6.642645889e+10,281142,1124226.153,0.02941861272,3.998784078
2018-12-27,3585.460536,17447667.33,302098,624625,17.3424626,6.255792265e+10,302098,1329734.518,0.02821980579,4.401666074
2018-12-28,3881.054885,17449754.83,312462,644439,18.08179501,6.772345621e+10,312462,1234855.548,0.03066176685,3.952018318
2018-12-29,3823.138326,17451479.83,265401,572182,15.3735851,6.671942138e+10,265401,1160558.039,0.03277856811,4.372847272
2018-12-30,3825.407463,17453679.83,259817,514111,13.27720853,6.676743707e+10,259817,679731.1296,0.01946407036,2.616191895
2018-12-31,3687.19994,17455617.33,262001,557851,16.13595059,6.436235116e+10,262001,884658.4137,0.02860544633,3.376545943
2019-01-01,3808.117832,17457479.83,235813,433715,11.26348285,6.648014023e+10,235813,541461.4156,0.02614808795,2.296147437
2019-01-02,3898.197488,17459367.33,271103,578607,18.19523851,6.806006186e+10,271103,973848.8932,0.03365606807,3.59217306
2019-01-03,3784.388635,17461304.83,287081,598436,19.07117994,6.608036354e+10,287081,948165.1504,0.03886889382,3.302779182
2019-01-04,3827.524594,17463167.33,283490,580495,19.35680045,6.684070244e+10,283490,975303.0263,0.03931705631,3.440343667
2019-01-05,3798.613955,17465204.83,269637,519070,12.55146445,6.634357078e+10,269637,786349.6321,0.02431808051,2.916326884
2019-01-06,4045.993775,17466967.33,251485,498140,16.27735965,7.067124107e+10,251485,650841.1978,0.02388807432,2.587992118
2019-01-07,4001.018278,17468729.83,288254,613474,24.30263189,6.989270734e+10,288254,1008055.872,0.03855268566,3.497109742
2019-01-08,3992.622789,17470842.33,317666,607366,20.662824,6.975448322e+10,317666,911794.7154,0.02889278704,2.87029369
2019-01-09,4004.259036,17472892.33,320698,619701,24.57361448,6.996598698e+10,320698,956425.5164,0.02757289152,2.982324543
2019-01-10,3627.90345,17474842.33,322365,634499,25.31026548,6.339704077e+10,322365,1208190.065,0.03719834385,3.747894669
2019-01-11,3624.161421,17476692.33,308638,623617,24.37337421,6.33383541e+10,308638,1214484.127,0.03645588169,3.934979253
2019-01-12,3617.022078,17478417.33,288972,521168,17.34751923,6.321982137e+10,288972,828961.8938,0.02585331192,2.868658188
2019-01-13,3508.670108,17480129.83,273864,477843,13.97802989,6.133200901e+10,273864,756182.3569,0.01944012914,2.761160127
2019-01-14,3666.945194,17481992.33,328198,604549,20.10803157,6.410550774e+10,328198,930370.6572,0.0258883062,2.834784664
2019-01-15,3581.293015,17483642.33,303591,621686,21.69496074,6.261404615e+10,303591,1423649.847,0.04089668155,4.689367758
2019-01-16,3606.986576,17485304.83,300170,639811,24.64584824,6.306925978e+10,300170,985480.0026,0.04618564458,3.283072934
2019-01-17,3640.129131,17486892.33,301704,619396,24.00866647,6.365454616e+10,301704,874413.2655,0.04157984362,2.898248832
2019-01-18,3609.426736,17488617.33,301071,606378,20.18583816,6.312388296e+10,301071,881335.5745,0.04064523558,2.927334663
2019-01-19,3687.301961,17490279.83,278030,519467,17.39761572,6.449194311e+10,278030,625308.9154,0.0265096271,2.24906994
2019-01-20,3538.313723,17492242.33,298153,518578,14.55515962,6.189304107e+10,298153,700656.4112,0.02084778394,2.349989473
2019-01-21,3535.623393,17494117.33,317864,604061,20.19668429,6.185261046e+10,317864,1576633.128,0.03715101565,4.960087105
2019-01-22,3577.30835,17495742.33,293737,594573,20.7819068,6.258766511e+10,293737,1157685.488,0.04364147139,3.941231401
2019-01-23,3551.893821,17497567.33,294680,685141,22.83135483,6.214950127e+10,294680,1194933.254,0.04394078423,4.055019864
2019-01-24,3567.588934,17499592.33,304938,619376,22.80567337,6.243135193e+10,304938,1468281.537,0.0365199025,4.815016617
2019-01-25,3561.350498,17501317.33,301170,629078,24.88866124,6.232832518e+10,301170,1838892.761,0.04265095505,6.1058298
2019-01-26,3557.039915,17503192.33,291468,585285,19.84461392,6.225955375e+10,291468,977803.94,0.02619425202,3.354755719
2019-01-27,3537.614131,17504904.83,269916,487233,15.57255856,6.192559867e+10,269916,724228.9796,0.02218868342,2.683164316
2019-01-28,3435.052514,17506717.33,314000,650793,24.94335531,6.013649337e+10,314000,1689723.804,0.05054595215,5.381285999
2019-01-29,3395.823763,17508542.33,322797,607365,22.53753118,5.945592409e+10,322797,1565399.551,0.03338541924,4.849486059
2019-01-30,3437.895866,17510242.33,326328,622377,21.71721508,6.019838971e+10,326328,2291863.939,0.03383668515,7.023191202
2019-01-31,3410.131616,17512179.83,355308,632855,30.63013691,5.971883809e+10,355308,2219182.701,0.03241165223,6.245799986
2019-02-01,3445.049891,17514154.83,336300,654356,31.3733019,6.033713718e+10,336300,2787686.508,0.03560122607,8.289284887
2019-02-02,3461.935117,17515954.83,326634,560738,18.97403435,6.063909913e+10,326634,1548379.849,0.02517435973,4.740412354
2019-02-03,3413.021616,17517679.83,296555,518121,14.58804954,5.978821992e+10,296555,691117.3544,0.02421168375,2.330486265
2019-02-04,3411.387962,17519517.33,333136,610696,16.99461248,5.97658705e+10,333136,2104738.684,0.02471662589,6.317956281
2019-02-05,3426.465011,17521354.83,355590,645414,17.19570167,6.003630927e+10,355590,2792964.072,0.03019000622,7.854450552
2019-02-06,3367.506365,17523404.83,349372,686774,21.84138191,5.901017729e+10,349372,3702661.838,0.02928814063,10.59804975
2019-02-07,3358.873599,17525579.83,348678,645404,16.74721864,5.886620739e+10,348678,2616273.395,0.02694355632,7.503408288
2019-02-08,3612.479619,17527617.33,338602,691966,21.04186133,6.331816037e+10,338602,2856176.707,0.03451867225,8.435203299
2019-02-09,3621.268121,17529492.33,311894,561955,17.52526049,6.347899174e+10,311894,1709648.58,0.02783030602,5.48150519
2019-02-10,3642.022359,17531242.33,300848,501124,14.40198512,6.384917654e+10,300848,621021.7953,0.01570885469,2.064237739
2019-02-11,3590.618484,17533054.83,306149,709903,22.80689865,6.295451074e+10,306149,2154866.554,0.0334134636,7.038620259
2019-02-12,3587.902466,17534654.83,280287,809914,34.99484013,6.291263129e+10,280287,3299789.499,0.08038568572,11.77289528
2019-02-13,3576.085373,17536567.33,351610,758224,34.87820414,6.27122619e+10,351610,3790336.104,0.04678971069,10.77994398
2019-02-14,3561.916383,17538329.83,355246,617275,26.13967392,6.247006435e+10,355246,2783590.29,0.02974494306,7.835669622
2019-02-15,3565.006924,17539917.33,293872,621340,26.42301092,6.252992671e+10,293872,2152639.131,0.04053933221,7.325090963
2019-02-16,3584.736003,17541792.33,328238,587666,21.90521087,6.288269451e+10,328238,717506.9422,0.02428379661,2.18593503
2019-02-17,3622.757429,17543779.83,333183,526787,19.40747687,6.35568587e+10,333183,691794.1858,0.01693820279,2.076318977
2019-02-18,3866.129217,17545717.33,340577,693311,29.94112352,6.783401039e+10,340577,1151897.57,0.02809373249,3.382194248
2019-02-19,3895.435211,17547667.33,350653,713530,36.85830647,6.835580118e+10,350653,1809329.361,0.03476222621,5.159885587
2019-02-20,3931.613829,17549292.33,314347,690103,37.54216157,6.89970404e+10,314347,1375922.906,0.04331808957,4.377082986
2019-02-21,3892.261794,17550779.83,294962,643083,35.06613912,6.831222978e+10,294962,1086936.129,0.04177827921,3.685003928
2019-02-22,3948.300511,17552804.83,348456,728261,38.18278176,6.930374826e+10,348456,1372360.281,0.03198388767,3.938403361
2019-02-23,4110.151121,17554592.33,332241,581866,26.05377263,7.215202734e+10,332241,982863.6952,0.02157560571,2.958285387
2019-02-24,3754.18379,17556304.83,319278,558515,28.93570516,6.590959499e+10,319278,1016128.607,0.02245627937,3.182582598
2019-02-25,3822.018697,17558092.33,336764,679440,39.63579312,6.710735715e+10,336764,1517721.487,0.03454849661,4.506780675
2019-02-26,3796.175068,17560104.83,366379,702086,35.73293876,6.666123214e+10,366379,1732595.491,0.02954078723,4.728970523
2019-02-27,3799.381992,17561867.33,346851,668278,32.42938675,6.672424247e+10,346851,1423324.623,0.03456404233,4.103562114
2019-02-28,3792.947723,17563742.33,363432,688385,30.13119001,6.661835647e+10,363432,1537301.179,0.02954008549,4.229955478
2019-03-01,3810.632693,17565767.33,358837,727984,30.69616759,6.693668725e+10,358837,1397348.596,0.031295328,3.894103997
2019-03-02,3809.643391,17567417.33,333961,616539,24.75996191,6.692559532e+10,333961,1460975.072,0.02329561875,4.374687678
2019-03-03,3782.38187,17569242.33,355233,553981,21.51558757,6.645358365e+10,355233,1466244.76,0.01494534448,4.127557855
2019-03-04,3698.161855,17570954.83,298916,687289,28.47943824,6.49802349e+10,298916,1771351.389,0.05158103065,5.925916944
2019-03-05,3840.128049,17572817.33,286974,701551,29.52705767,6.748186872e+10,286974,2146030.615,0.07303037722,7.47813605
2019-03-06,3851.998425,17574417.33,276931,734311,38.61010643,6.769662787e+10,276931,1427503.682,0.08109634675,5.154726925
2019-03-07,3855.923168,17576192.33,284201,689254,37.80854653,6.77724472e+10,284201,1332955.783,0.07949354451,4.690186814
2019-03-08,3839.233553,17578017.33,281209,698786,34.31245624,6.748611391e+10,281209,1313449.604,0.07828984506,4.670723923
2019-03-09,3910.361167,17579742.33,242010,604793,24.66941988,6.874314171e+10,242010,828080.4923,0.07010835785,3.421678825
2019-03-10,3903.911951,17581442.33,213175,525757,19.09289678,6.863640281e+10,213175,664548.7354,0.0690725107,3.117385882
2019-03-11,3851.568922,17583217.33,295205,749756,30.91768148,6.77229734e+10,295205,1142169.594,0.07925964878,3.869072657
2019-03-12,3858.914824,17585004.83,283351,696573,31.60142277,6.78590358e+10,283351,1478538.915,0.07866693458,5.21804728
2019-03-13,3851.957466,17586692.33,289611,720085,36.75807301,6.774319082e+10,289611,1162817.545,0.08015353303,4.015101448
2019-03-14,3853.783265,17588629.83,296141,735928,36.58198234,6.778276728e+10,296141,1406633.594,0.07916013409,4.74987791
2019-03-15,3901.914207,17590542.33,296890,715166,30.93583876,6.863678701e+10,296890,1367687.106,0.08108379201,4.606713281
2019-03-16,3989.796077,17592579.83,257699,602121,21.98218954,7.019080597e+10,257699,838565.6942,0.0697541916,3.254051022
2019-03-17,3967.143494,17594404.83,229399,548345,16.98183493,6.979952865e+10,229399,700084.0017,0.06412170378,3.051818019
2019-03-18,3969.440146,17596417.33,295707,720573,22.69579382,6.984792536e+10,295707,1815911.959,0.06772693129,6.140916377
2019-03-19,3996.167904,17598592.33,299996,739893,22.12280789,7.03269298e+10,299996,1444364.496,0.06756172576,4.814612515
2019-03-20,4030.655276,17600604.83,309808,745772,28.23352491,7.09419707e+10,309808,1331727.236,0.07341461369,4.29855664
2019-03-21,3976.27385,17602392.33,299110,705159,34.83033827,6.999193231e+10,299110,1479725.248,0.0805485266,4.947093873
2019-03-22,3983.887646,17604404.83,300913,726789,26.98731749,7.01339709e+10,300913,1773276.54,0.07864503918,5.892987475
2019-03-23,3981.776033,17606217.33,243553,566705,17.41882305,7.010401418e+10,243553,740058.6378,0.07195959733,3.038593808
2019-03-24,3970.666988,17608092.33,225704,569884,15.99091114,6.991587092e+10,225704,636071.4126,0.06417939373,2.818166327
2019-03-25,3908.238839,17609942.33,331828,715056,29.56529774,6.882386055e+10,331828,1499162.983,0.05530265905,4.517891748
2019-03-26,3917.763402,17611617.33,364225,688572,37.36289128,6.899814981e+10,364225,1231541.591,0.033458631,3.381265952
2019-03-27,4027.007918,17613479.83,382838,778566,47.81262217,7.092962272e+10,382838,1292158.894,0.04333242039,3.375210647
2019-03-28,4010.937462,17615304.83,391284,765998,48.31912699,7.065388603e+10,391284,1445558.892,0.04040177678,3.694398165
2019-03-29,4089.46104,17617142.33,372063,759323,63.15524207,7.204461718e+10,372063,1325592.262,0.04736492122,3.562816679
2019-03-30,4091.891038,17618879.83,380746,683748,55.24699081,7.209453647e+10,380746,931233.4889,0.03833313217,2.445812928
2019-03-31,4094.317815,17620617.33,380878,623888,44.331277,7.214440743e+10,380878,915468.8443,0.03537561239,2.403575014
2019-04-01,4138.417808,17622317.33,368694,697929,63.21354757,7.292851184e+10,368694,1741987.909,0.05115578219,4.724752528
2019-04-02,4903.719462,17624279.83,399631,879271,115.4412363,8.642452399e+10,399631,3233170.41,0.06306478223,8.090389409
2019-04-03,4960.227603,17626054.83,359553,856707,143.3180239,8.742924368e+10,359553,1320861.721,0.08301494064,3.673621749
2019-04-04,4911.269702,17627804.83,355050,802957,153.9034644,8.657490377e+10,355050,1295850.49,0.06105406914,3.649769018
2019-04-05,5033.225484,17629779.83,389172,873077,112.3889361,8.87346571e+10,389172,1076302.712,0.03844850596,2.765622173
2019-04-06,5044.356846,17631517.33,358555,677458,80.89306044,8.893966513e+10,358555,773283.8822,0.02229362502,2.156667407
2019-04-07,5189.111956,17633279.83,350634,623548,86.1434017,9.150106316e+10,350634,823151.1335,0.01528720149,2.347607857
2019-04-08,5283.423025,17635129.83,371209,778923,131.1579794,9.317385097e+10,371209,1466379.467,0.04102018691,3.950279942
2019-04-09,5195.577909,17636779.83,346875,776284,115.1924708,9.163326365e+10,346875,1981607.639,0.04276482884,5.712742744
2019-04-10,5311.741603,17638629.82,396407,773468,110.5577318,9.369184386e+10,396407,1560629.978,0.02988021855,3.936938496
2019-04-11,5050.666009,17640592.32,402681,813510,115.7060482,8.909674003e+10,402681,1913080.489,0.0321874382,4.750858592
2019-04-12,5082.861432,17642479.82,370652,763723,98.52367857,8.967428027e+10,370652,1466240.987,0.02993982859,3.955842643
2019-04-13,5074.790693,17644167.32,372612,602847,67.13011148,8.954045612e+10,372612,1102756.738,0.0184206612,2.959530926
2019-04-14,5156.804041,17645692.32,337631,596510,58.71620219,9.099537748e+10,337631,992634.886,0.01962804854,2.939999248
2019-04-15,5042.897738,17647504.82,378373,767910,77.68832081,8.899456217e+10,378373,1564918.836,0.03358029625,4.135915714
2019-04-16,5205.962957,17649317.32,360057,777026,77.27892749,9.188169222e+10,360057,1763987.539,0.03966240284,4.899189681
2019-04-17,5226.352215,17651042.32,350486,734917,75.52409926,9.225056415e+10,350486,1586536.354,0.04974291615,4.526675399
2019-04-18,5278.50234,17652904.82,383772,739768,72.40456857,9.318089942e+10,383772,1800895.752,0.03523556267,4.69261893
2019-04-19,5289.951219,17654804.82,361175,798377,78.81638604,9.33930563e+10,361175,2027651.051,0.03141654679,5.614040427
2019-04-20,5313.973262,17656442.32,316867,689643,58.77730482,9.382586242e+10,316867,1068074.946,0.02494856362,3.370735816
2019-04-21,5295.733828,17658467.32,391493,673424,49.49574881,9.351454276e+10,391493,797440.9455,0.01344553981,2.036922615
2019-04-22,5383.799975,17660142.32,343644,646342,71.51840171,9.507867381e+10,343644,1674688.449,0.03693172126,4.873323697
2019-04-23,5544.862712,17661592.32,308585,714325,97.36883575,9.793110471e+10,308585,2233776.628,0.0726261444,7.238772551
2019-04-24,5431.94792,17663629.82,408325,875920,130.6690864,9.594791728e+10,408325,2070735.755,0.04523460159,5.071293099
2019-04-25,5127.673167,17665417.32,381671,751975,94.08393559,9.058248641e+10,381671,1780897.504,0.03938648065,4.666054021
2019-04-26,5150.164661,17667304.82,382165,761966,90.11573282,9.098952896e+10,382165,1526459.198,0.03806732656,3.994241224
2019-04-27,5181.807764,17669017.32,360931,619281,54.3605619,9.155745115e+10,360931,721122.5915,0.0187168271,1.997951385
2019-04-28,5148.669615,17671054.82,370571,574359,46.20375289,9.098242305e+10,370571,850374.3087,0.01682318083,2.294767558
2019-04-29,5148.800493,17673092.32,375559,807672,72.24066977,9.099522648e+10,375559,1203381.718,0.04777792426,3.204241458
2019-04-30,5266.618203,17674842.32,343390,839425,86.33574164,9.308664631e+10,343390,1853605.85,0.06109670146,5.397961065
2019-05-01,5315.175329,17676979.82,441332,760187,64.62554969,9.395624706e+10,441332,1174161.796,0.0208894332,2.660495492
2019-05-02,5393.129376,17679279.82,453346,787748,64.83338936,9.534664338e+10,453346,993336.0222,0.02068057193,2.191121179
2019-05-03,5658.430388,17681179.82,380134,803354,81.52893951,1.000477252e+11,380134,1267151.315,0.04378016216,3.33343325
2019-05-04,5774.712429,17682829.82,355688,658798,59.80065176,1.021132572e+11,355688,880979.8803,0.02377884643,2.476833293
2019-05-05,5728.351702,17684442.32,329799,613917,63.82187695,1.013027053e+11,329799,765779.8835,0.02408511334,2.321959386
2019-05-06,5691.688374,17686329.82,379526,776590,78.36215013,1.006650778e+11,379526,1166179.485,0.03331190809,3.072726202
2019-05-07,5825.744893,17687917.32,331131,754405,91.58449481,1.03045294e+11,331131,1576323.061,0.06687591152,4.760421287
2019-05-08,5931.800595,17689817.32,392431,839633,113.1479533,1.049324689e+11,392431,1272731.181,0.05182321878,3.243197355
2019-05-09,6150.140445,17691692.32,362109,831454,107.3792095,1.088063925e+11,362109,1245214.367,0.05344528356,3.438783259
2019-05-10,6357.463494,17693254.82,322692,775704,124.199207,1.124842216e+11,322692,1350720.585,0.07079081153,4.185788881
2019-05-11,7325.08286,17694879.82,342753,773667,123.9728943,1.296164609e+11,342753,1162024.808,0.05587472631,3.390268817
2019-05-12,6942.623175,17696854.82,335831,819732,102.3240074,1.228625944e+11,335831,972187.4958,0.05162717189,2.894871217
2019-05-13,7798.905736,17698942.32,395478,882729,113.5649592,1.380323828e+11,395478,1611697.551,0.05345070374,4.075315317
2019-05-14,7955.557682,17700842.32,365699,896277,133.5214433,1.408200721e+11,365699,1650425.705,0.06126346128,4.513071419
2019-05-15,8215.206838,17702704.82,367621,879106,195.7029972,1.454313817e+11,367621,2115993.784,0.06143655418,5.755911072
2019-05-16,7862.071602,17704529.82,376258,882945,227.0334163,1.391942812e+11,376258,1465631.685,0.06477325898,3.895283781
2019-05-17,7326.920682,17706417.32,360950,903650,226.4368608,1.297335153e+11,360950,1355289.061,0.06343265066,3.75478338
2019-05-18,7277.987563,17708329.82,356335,845558,131.4477971,1.288810042e+11,356335,829148.6036,0.03010159032,2.326879491
2019-05-19,8219.742787,17710367.32,349207,750954,127.3851586,1.455746641e+11,349207,863698.3533,0.02622004187,2.473313402
2019-05-20,7981.139379,17712379.82,382185,836865,187.3821622,1.413649721e+11,382185,1209169.891,0.04716243911,3.163833984
2019-05-21,7983.808477,17714292.32,381653,888770,205.5115668,1.414275172e+11,381653,1064294.367,0.04826418383,2.788644049
2019-05-22,7667.902115,17716379.82,394258,862194,174.0053869,1.358474663e+11,394258,1202430.267,0.0431992995,3.049856356
2019-05-23,7897.471294,17718354.82,386213,825753,160.8656241,1.399301986e+11,386213,1180087.341,0.03684736407,3.055535006
2019-05-24,7987.100368,17720267.32,375098,862849,192.8510227,1.415335537e+11,375098,1372821.704,0.04750409818,3.659901423
2019-05-25,8061.591761,17722017.32,336585,701431,127.1323125,1.428676688e+11,336585,783804.2898,0.0266128584,2.328696436
2019-05-26,8731.524956,17724079.82,378005,670124,97.24013064,1.547582453e+11,378005,795836.4604,0.01370207388,2.105359613
2019-05-27,8816.786708,17726167.32,397195,884928,188.7860463,1.562878365e+11,397195,1197335.158,0.04681025113,3.014476915
2019-05-28,8719.125848,17728217.32,387999,944118,192.4577796,1.545745579e+11,387999,1314967.882,0.04580367424,3.389101214
2019-05-29,8655.488506,17730392.32,405506,887870,187.323601,1.53465207e+11,405506,1424976.821,0.0447042359,3.514070867
2019-05-30,8271.621963,17732392.32,380276,862822,191.6509505,1.466756458e+11,380276,1288777.117,0.05520186996,3.389057204
2019-05-31,8556.222186,17733854.82,297215,766989,207.1016205,1.517348021e+11,297215,1988954.483,0.08187737354,6.691972083
2019-06-01,8554.80733,17735742.32,332532,850116,155.883798,1.517258584e+11,332532,1198230.543,0.03701275643,3.603354092
2019-06-02,8744.353745,17737379.82,296672,690143,115.3916807,1.551019237e+11,296672,1185011.485,0.03074704064,3.994348927
2019-06-03,8173.401271,17738867.32,298454,727530,204.322729,1.449868807e+11,298454,1795602.162,0.0653386494,6.016344772
2019-06-04,7649.939332,17740792.32,375104,911280,218.6497728,1.35715985e+11,375104,1791295.164,0.05313270895,4.775462708
2019-06-05,7798.544466,17742792.32,372790,874396,156.6654546,1.383679549e+11,372790,1995802.596,0.0453024281,5.353691343
2019-06-06,7776.713326,17744754.82,364084,812486,120.635507,1.379958713e+11,364084,1992540.343,0.03818091108,5.47274899
2019-06-07,8023.950093,17746729.82,350679,864227,107.0128952,1.423988744e+11,350679,1439698.339,0.03712585404,4.105459234
2019-06-08,7939.805155,17748279.82,289229,617675,70.54839674,1.409178836e+11,289229,913352.2266,0.02620353975,3.157886058
2019-06-09,7634.065751,17750117.32,303848,580387,63.32369989,1.355055627e+11,303848,934859.8842,0.01601793906,3.076735355
2019-06-10,7993.302539,17752079.82,353081,809202,104.4213906,1.418977447e+11,353081,1421546.687,0.04063089048,4.026120598
2019-06-11,7922.483627,17753867.32,342338,835542,110.3767445,1.406547232e+11,342338,2171133.904,0.04546377335,6.342076849
2019-06-12,8146.756125,17755504.82,327686,795814,108.9257525,1.446497677e+11,327686,1286488.617,0.04507659176,3.925979802
2019-06-13,8232.777341,17757392.32,364181,892695,107.952312,1.461926572e+11,364181,1214308.637,0.04199214744,3.334354722
2019-06-14,8698.004815,17759504.82,366631,1041358,120.0698225,1.544722585e+11,366631,1220908.374,0.03616392572,3.330074036
2019-06-15,8850.584816,17761329.82,328798,860753,77.32786947,1.571981561e+11,328798,997288.0316,0.02712012878,3.033132901
2019-06-16,9019.517007,17762954.82,290875,689588,73.57815499,1.602132731e+11,290875,1343288.822,0.03292903598,4.618096509
2019-06-17,9340.572189,17764617.32,324974,805931,119.4279771,1.659316905e+11,324974,2709852.716,0.0495737296,8.33867545
2019-06-18,9047.132744,17766654.82,395670,950212,115.3750131,1.607372846e+11,395670,2911392.222,0.0369051731,7.358132337
2019-06-19,9285.055677,17768867.32,393499,892254,104.2475127,1.649849224e+11,393499,1616493.522,0.02781684989,4.107999061
2019-06-20,9546.719778,17770667.32,335359,839162,113.9959425,1.696515812e+11,335359,3373570.993,0.04694879607,10.05958091
2019-06-21,10083.48631,17772329.82,340137,842659,128.087405,1.792070445e+11,340137,1672841.474,0.04951809171,4.91814026
2019-06-22,10685.29523,17774092.32,348735,848072,119.2535235,1.89921424e+11,348735,1930342.575,0.0431889798,5.535270548
2019-06-23,10794.4277,17776354.82,379617,875010,80.52992218,1.918855769e+11,379617,998450.9184,0.01754646057,2.630153335
2019-06-24,11004.20691,17778567.32,389565,978017,102.727937,1.956390334e+11,389565,1653850.046,0.02889249563,4.245376371
2019-06-25,11726.26383,17780392.32,362627,911584,121.8876756,2.084975714e+11,362627,1893992.286,0.04613199974,5.222976464
2019-06-26,12863.46068,17782454.82,400110,1035885,187.1867117,2.287439085e+11,400110,1838766.669,0.05726157354,4.595652869
2019-06-27,11109.79784,17784229.82,361594,891448,200.0731892,1.975791981e+11,361594,1781802.316,0.07032891247,4.927632418
2019-06-28,12358.20796,17786267.32,402045,1008973,178.3128155,2.198063904e+11,402045,1371120.2,0.03590237367,3.410365009
2019-06-29,11944.35155,17788442.32,359234,846946,109.1994955,2.124714086e+11,359234,1379359.011,0.0192722057,3.839722886
2019-06-30,10842.61671,17790342.32,331336,675915,105.4189461,1.92893863e+11,331336,2041380.606,0.02014670497,6.161058883
2019-07-01,10569.55173,17792129.82,334925,836709,127.9694393,1.880548365e+11,334925,2115091.962,0.0477806451,6.315121182
2019-07-02,10766.08332,17794104.82,372380,894242,115.8604863,1.915728151e+11,372380,1404455.962,0.04221953209,3.771566577
2019-07-03,11952.02489,17796254.82,397650,883931,94.13735145,2.127012807e+11,397650,1615549.572,0.02890171357,4.062742542
2019-07-04,11177.01038,17798342.32,367092,814107,83.1571909,1.989322569e+11,367092,1303984.982,0.03003370209,3.552202123
2019-07-05,10998.3991,17800704.82,383936,837154,78.24611304,1.957792559e+11,383936,1605609.704,0.02115316946,4.181972265
2019-07-06,11208.2256,17802929.82,343762,654703,48.46231842,1.995392538e+11,343762,704501.6242,0.01342228515,2.049387728
2019-07-07,11456.1836,17804842.32,317421,614084,46.22370164,2.039755427e+11,317421,716069.9067,0.01230374834,2.255899599
2019-07-08,12319.62288,17807067.32,382393,834590,68.04749391,2.19376354e+11,382393,2564439.479,0.0255089789,6.706292947
2019-07-09,12579.10762,17808992.32,360758,815561,70.10346,2.24021231e+11,360758,2392844.123,0.03387632994,6.632823452
2019-07-10,12106.78293,17810604.82,319829,802293,87.83838394,2.156291265e+11,319829,2435995.748,0.05195913758,7.616556811
2019-07-11,11294.67803,17812217.32,324853,778056,79.75072002,2.011832596e+11,324853,3027676.001,0.04139799283,9.320141728
2019-07-12,11813.32372,17814267.32,358858,899488,65.59104107,2.104457067e+11,358858,2378307.004,0.02374251369,6.627432032
2019-07-13,11346.83715,17816029.82,304776,645726,44.07356593,2.02155589e+11,304776,1583719.082,0.01684037565,5.196337907
2019-07-14,10283.07579,17817842.32,303453,592612,41.01575216,1.83222223e+11,303453,1650550.238,0.01689844591,5.439228607
2019-07-15,10926.38027,17819667.32,349052,757007,63.82421216,1.947044615e+11,349052,1748425.785,0.0290201322,5.009069667
2019-07-16,9471.140865,17821692.32,363942,794106,64.0050136,1.687917584e+11,363942,2694729.283,0.02954818263,7.40428223
2019-07-17,9674.882461,17823354.82,325893,739298,64.42962526,1.72438863e+11,325893,1884678.115,0.04639239823,5.783119353
2019-07-18,10679.89069,17824867.32,316059,740918,72.7331277,1.903676346e+11,316059,4720543.366,0.04259509888,14.93563976
2019-07-19,10532.20273,17826342.32,295703,732618,68.95390302,1.877506513e+11,295703,1286193.447,0.04393591843,4.349612439
2019-07-20,10862.64855,17828554.82,316713,702633,49.16011057,1.936653252e+11,316713,857861.3731,0.01797609479,2.708639598
2019-07-21,10589.70649,17830417.32,290166,558672,38.76320899,1.888188861e+11,290166,1090029.611,0.01282216841,3.756572482
2019-07-22,10318.56093,17832392.32,319856,708667,53.5000016,1.840046266e+11,319856,6124174.771,0.02562537566,19.14666216
2019-07-23,9866.64894,17834179.82,318384,702928,51.5849806,1.759635915e+11,318384,1226275.389,0.03061019013,3.851560974
2019-07-24,9792.787537,17835917.32,297882,733358,50.49958347,1.746633489e+11,297882,1511556.57,0.0313147813,5.07434679
2019-07-25,9897.186786,17837792.32,332671,764542,55.66599589,1.765439625e+11,332671,1983349.961,0.03277486896,5.961896171
2019-07-26,9836.696788,17839867.32,321796,750605,46.28908255,1.754853656e+11,321796,982428.9479,0.02650483243,3.052955748
2019-07-27,9446.672052,17841767.32,285151,587410,33.01944888,1.685453247e+11,285151,628609.6884,0.01822080824,2.204480042
2019-07-28,9529.788792,17843954.82,270123,521206,26.0906632,1.700491207e+11,270123,474270.5358,0.01267698609,1.755757695
2019-07-29,9504.158916,17846054.82,336634,738306,40.28511753,1.696117411e+11,336634,2664832.927,0.02153909692,7.916113426
2019-07-30,9589.109206,17847829.82,325262,737831,60.87568653,1.711447893e+11,325262,2076069.871,0.033044571,6.382761807
2019-07-31,10059.00402,17849967.32,365194,786236,53.74546567,1.79552893e+11,365194,1552191.872,0.02797056244,4.250321396
2019-08-01,10400.30701,17851742.32,333913,752575,45.98827683,1.856636009e+11,333913,968961.2361,0.03234529515,2.901837413
2019-08-02,10529.69445,17853854.82,351743,775949,44.85070974,1.879956361e+11,351743,783043.3921,0.02291320048,2.226180456
2019-08-03,10810.42167,17856017.32,321871,612854,26.51199904,1.930310766e+11,321871,543139.848,0.01413090115,1.687445741
2019-08-04,10986.50893,17858104.82,298741,583300,19.71626979,1.961982281e+11,298741,560772.8244,0.0113713101,1.877120397
2019-08-05,11790.02394,17859892.32,339296,807955,42.54627716,2.10568558e+11,339296,2019598.502,0.03514293119,5.9523204
2019-08-06,11423.497,17861904.82,371039,850550,46.11675595,2.040454162e+11,371039,1748773.672,0.02846746491,4.71318021
2019-08-07,11967.27355,17863817.32,370946,819832,73.42653669,2.137811885e+11,370946,839886.6104,0.01441372584,2.264174868
2019-08-08,11938.23461,17865592.32,337539,815367,69.0523852,2.132836326e+11,337539,1433226.101,0.03018821557,4.246105195
2019-08-09,11858.3411,17867429.82,340632,749568,65.27047063,2.118780774e+11,340632,1342869.566,0.0245637225,3.942288353
2019-08-10,11303.73056,17869317.32,296009,596821,37.98790924,2.019899483e+11,296009,1743493.717,0.01534590718,5.890002388
2019-08-11,11530.19524,17871229.82,273676,550565,30.44368288,2.060587691e+11,273676,575232.0512,0.01506253765,2.101872474
2019-08-12,11384.69625,17872892.32,303296,660039,53.06476795,2.034774501e+11,303296,1133560.749,0.02161550863,3.737473454
2019-08-13,10867.05476,17874854.82,372239,873566,74.46917116,1.942470262e+11,372239,1321241.406,0.02296381177,3.549443787
2019-08-14,10024.37959,17876754.82,360140,750768,57.83331871,1.792033762e+11,360140,1497089.551,0.02425347103,4.156965488
2019-08-15,10310.08587,17878717.32,347508,701215,52.79450937,1.843311108e+11,347508,1427399.973,0.02501172185,4.10753126
2019-08-16,10373.3219,17880554.82,329465,706459,52.42472517,1.85480751e+11,329465,993223.7307,0.02810401554,3.014656278
2019-08-17,10207.15556,17882154.82,288730,565674,34.80798761,1.825259361e+11,288730,1622147.373,0.02048504098,5.61821554
2019-08-18,10331.30998,17883729.82,272544,526730,28.71825577,1.847623563e+11,272544,948375.0679,0.01687598188,3.479713617
2019-08-19,10884.62977,17885767.32,333840,711022,42.34524189,1.946799555e+11,333840,858536.2547,0.0253226803,2.57169978
2019-08-20,10771.39238,17887679.82,329880,743636,46.60562052,1.926752181e+11,329880,9638600.978,0.0271758738,29.21850666
2019-08-21,10096.83022,17889379.82,310110,784357,52.75660419,1.806260309e+11,310110,24940210.66,0.03287784311,80.42375498
2019-08-22,10119.71452,17891142.32,321501,808723,53.33079656,1.810532528e+11,321501,11618141.24,0.02879646449,36.1371854
2019-08-23,10414.14417,17893054.82,341649,791057,41.25596635,1.863408526e+11,341649,672068.8035,0.02411038256,1.96713236
2019-08-24,10147.08715,17895054.82,302706,700721,29.77666527,1.815826809e+11,302706,449804.0668,0.01616335777,1.485943677
2019-08-25,10100.35678,17896992.32,288354,513916,21.4151521,1.807660077e+11,288354,586965.23,0.01256955599,2.035571659
2019-08-26,10362.64347,17898704.82,320470,759470,33.76225794,1.854778967e+11,320470,1042993.639,0.02873851646,3.254574963
2019-08-27,10168.22157,17900392.32,324695,726784,33.91975743,1.820151554e+11,324695,895957.2965,0.02848325029,2.759381255
2019-08-28,9724.799978,17902279.82,339895,705437,33.68642163,1.740960904e+11,339895,917717.9001,0.02307677284,2.700004119
2019-08-29,9482.311735,17904342.32,346467,735396,33.77763975,1.697745553e+11,346467,893944.6265,0.02449044141,2.580172503
2019-08-30,9577.678823,17906342.32,353926,734849,34.72614932,1.715011957e+11,353926,847115.4414,0.02255107986,2.393481805
2019-08-31,9605.024461,17908417.32,334787,596235,23.62302465,1.720107864e+11,334787,763333.3293,0.01395207274,2.280056661
2019-09-01,9762.936557,17910204.82,286147,574358,20.2899689,1.748561934e+11,286147,853170.8646,0.01607723241,2.981582419
2019-09-02,10377.33838,17912067.32,332061,728155,28.99943648,1.858795838e+11,332061,901082.4754,0.02297564088,2.713605258
2019-09-03,10618.78151,17914117.32,370996,799532,38.78318742,1.902260977e+11,370996,1029998.882,0.02636856214,2.776307242
2019-09-04,10577.24108,17915817.32,324650,750620,37.57757625,1.89499919e+11,324650,1205477.747,0.03100099519,3.713161087
2019-09-05,10580.1847,17917879.82,354399,744004,36.83823511,1.895744779e+11,354399,1247509.598,0.02391035763,3.520070874
2019-09-06,10330.84973,17919854.82,361399,775304,36.97465158,1.851273274e+11,361399,1200389.669,0.02707057089,3.321507997
2019-09-07,10494.50696,17921729.82,313050,617013,26.77418786,1.880797184e+11,313050,621088.1628,0.018180654,1.983990298
2019-09-08,10407.26566,17923942.32,288498,567664,21.6787786,1.865392294e+11,288498,704497.0709,0.01653575547,2.44194785
2019-09-09,10332.46444,17925767.32,316630,769573,32.88557616,1.852173535e+11,316630,874156.1542,0.03132573084,2.760812791
2019-09-10,10085.95192,17928042.32,338913,807975,37.43813532,1.80821373e+11,338913,1235832.017,0.03103207336,3.646457992
2019-09-11,10142.14806,17930342.32,335304,783950,34.61414561,1.818521866e+11,335304,1105277.034,0.02977929312,3.296343122
2019-09-12,10403.35997,17932317.32,339021,757805,29.37365806,1.865563522e+11,339021,821371.5885,0.02871601106,2.422774956
2019-09-13,10345.33875,17934192.32,304604,759154,27.2416988,1.855352947e+11,304604,689598.5195,0.02936404572,2.263918135
2019-09-14,10363.4529,17936129.82,305924,652357,21.36946606,1.858802366e+11,305924,624485.1291,0.02032893883,2.041308067
2019-09-15,10306.16967,17937967.32,269747,554317,17.94707387,1.848717347e+11,269747,490331.5646,0.01885734529,1.817746127
2019-09-16,10257.82276,17940004.82,349425,779631,29.55001769,1.840253898e+11,349425,1000364.718,0.02767760826,2.862888225
2019-09-17,10195.61118,17941854.82,344330,777701,34.65289284,1.829281756e+11,344330,1152549.828,0.03429985646,3.347224545
2019-09-18,10161.31887,17944029.82,360321,855706,33.88577734,1.823350088e+11,360321,861005.7726,0.03012325506,2.389552018
2019-09-19,10268.39263,17945879.82,347535,733322,36.65973971,1.842753401e+11,347535,740429.7313,0.02627606966,2.130518455
2019-09-20,10170.12512,17947767.32,346533,742828,32.48868188,1.825310392e+11,346533,888810.4327,0.0283164658,2.564865201
2019-09-21,9986.406108,17949842.32,327703,625288,22.68372754,1.79254415e+11,327703,711985.0639,0.01838919808,2.172653482
2019-09-22,10047.01347,17951917.32,320368,606415,21.19514176,1.803631552e+11,320368,1711911.391,0.01222442871,5.343577983
2019-09-23,9692.741048,17953342.32,291156,735518,32.21229382,1.740170981e+11,291156,1534670.117,0.03943786367,5.270954805
2019-09-24,8613.671249,17955304.82,354704,840208,39.39312435,1.546610929e+11,354704,1440530.405,0.0379149599,4.061218381
2019-09-25,8424.157646,17957254.82,344325,783948,41.51101114,1.512747455e+11,344325,1637597.693,0.03756102548,4.755965128
2019-09-26,8091.695299,17959392.32,351788,739854,32.42606061,1.453219304e+11,351788,1139006.533,0.02537638806,3.237764032
2019-09-27,8186.779639,17961042.32,307940,714047,34.566148,1.470430956e+11,307940,918240.3352,0.03389562346,2.981880675
2019-09-28,8201.979013,17963029.82,314444,619808,23.03030148,1.473323936e+11,314444,669220.7399,0.01497675132,2.128266845
2019-09-29,8064.508062,17964729.82,288605,564381,21.19838469,1.448767085e+11,288605,613783.794,0.01676171677,2.126726127
2019-09-30,8282.365454,17966354.82,310433,750859,42.3444204,1.488039165e+11,310433,1076047.784,0.03870379806,3.466280275
2019-10-01,8314.55139,17968142.32,331458,750562,46.8113573,1.493970427e+11,331458,1144478.791,0.03393424212,3.452862175
2019-10-02,8362.530732,17969992.32,329482,717573,37.24441562,1.502746131e+11,329482,841737.2292,0.02590304382,2.554729027
2019-10-03,8254.33991,17971829.82,327406,708956,38.11919539,1.483455922e+11,327406,808327.1281,0.02510933669,2.468883063
2019-10-04,8165.686151,17973667.32,336945,712900,27.4226199,1.467673263e+11,336945,718934.4075,0.02093859559,2.133684748
2019-10-05,8141.633714,17975642.32,327164,636638,19.12426052,1.463510956e+11,327164,498041.3954,0.01446920902,1.522298894
2019-10-06,7854.609813,17977504.82,271853,555377,16.34275049,1.412062858e+11,271853,533695.9263,0.01815507115,1.963178359
2019-10-07,8226.023429,17979442.32,329430,734959,24.70789654,1.478993138e+11,329430,684488.3933,0.02671229931,2.077796173
2019-10-08,8190.115121,17981467.32,332738,715311,27.54548003,1.472702874e+11,332738,844915.1305,0.02562198417,2.539280547
2019-10-09,8598.331921,17983192.32,313118,701690,30.55367406,1.546254566e+11,313118,867650.7882,0.03189711708,2.771002587
2019-10-10,8578.090379,17985217.32,349406,743456,33.77448814,1.542788197e+11,349406,815788.0202,0.0271172242,2.334785379
2019-10-11,8289.854029,17987167.32,346995,726820,27.79369901,1.491109915e+11,346995,760974.69,0.02448004504,2.193042234
2019-10-12,8323.750144,17988829.82,294174,578474,20.26668629,1.497345248e+11,294174,464670.3331,0.01655647967,1.579576486
2019-10-13,8291.250651,17990604.82,286586,555407,16.47569727,1.491646139e+11,286586,434826.0632,0.01448442522,1.517262055
2019-10-14,8346.368437,17992292.32,304204,694167,24.11943875,1.501703007e+11,304204,816496.1875,0.02658952833,2.684041589
2019-10-15,8160.712628,17994204.82,343443,712296,26.31916762,1.468455345e+11,343443,763673.096,0.02533320427,2.223580321
2019-10-16,8003.855923,17995992.32,333799,733220,28.52811709,1.440373297e+11,333799,1038907.618,0.02728597342,3.112374865
2019-10-17,8072.489382,17997867.32,335681,730671,25.64717902,1.452875929e+11,335681,1022991.532,0.02521477457,3.047510976
2019-10-18,7959.331994,17999867.32,336621,673650,24.68669695,1.432669199e+11,336621,1014346.188,0.0218264548,3.013318206
2019-10-19,7948.477337,18001642.32,309836,643714,18.7267923,1.43085646e+11,309836,863224.2289,0.01744950562,2.786068207
2019-10-20,8213.709039,18003467.32,281555,546144,15.33117915,1.478752423e+11,281555,710665.3318,0.01573028694,2.524072852
2019-10-21,8211.654559,18005454.82,356016,749935,21.05682496,1.478545752e+11,356016,910584.3402,0.02250009406,2.557706227
2019-10-22,8029.205373,18007567.32,343436,732596,22.17224471,1.445864563e+11,343436,1171946.977,0.02293664086,3.412417385
2019-10-23,7458.035857,18009667.32,342228,736263,30.72843106,1.343167447e+11,342228,1356745.324,0.02449693237,3.964448625
2019-10-24,7454.371138,18011329.82,308626,719988,29.90063186,1.342631372e+11,308626,1015508.671,0.03613517425,3.290418406
2019-10-25,8656.655178,18013054.82,329616,786680,36.39262077,1.559328043e+11,329616,1229645.733,0.03749970322,3.730540184
2019-10-26,9249.646761,18014804.82,303527,761194,47.50993569,1.666305811e+11,303527,1003974.401,0.03800793793,3.307693882
2019-10-27,9558.156044,18016242.32,259835,598714,33.85698681,1.722020554e+11,259835,681437.2893,0.02637077684,2.622576979
2019-10-28,9319.178142,18017917.32,305938,753434,38.62711701,1.679121813e+11,305938,1950526.752,0.03137100671,6.375562211
2019-10-29,9431.207124,18019579.82,309538,728736,34.74436063,1.699463896e+11,309538,1501510.228,0.03099974332,4.850810654
2019-10-30,9182.855065,18021254.82,308902,711325,33.05208778,1.654865711e+11,308902,1996911.559,0.02994286614,6.4645472
2019-10-31,9155.277299,18022904.82,300632,721957,36.60882594,1.650046914e+11,300632,1454285.827,0.03349740155,4.837428573
2019-11-01,9251.381293,18024529.82,315875,790414,39.84588331,1.66751798e+11,315875,1240810.751,0.03611352612,3.928170167
2019-11-02,9300.190838,18026204.82,284358,634816,27.27518395,1.676471449e+11,284358,843639.2406,0.02355725854,2.966820841
2019-11-03,9209.638696,18027929.82,288785,610943,25.67509242,1.660307201e+11,288785,813239.175,0.02200629218,2.816071385
2019-11-04,9418.360131,18029579.82,310329,757129,48.70898899,1.698090758e+11,310329,932928.3638,0.03954595013,3.006255825
2019-11-05,9330.787223,18031379.82,335704,782184,43.61722185,1.682469685e+11,335704,1173353.79,0.03848817805,3.495203483
2019-11-06,9354.933382,18033029.82,310101,831199,38.39127647,1.686977927e+11,310101,1388818.185,0.03499629411,4.478599503
2019-11-07,9210.748222,18034717.32,331125,799136,40.58992089,1.661132405e+11,331125,1410600.142,0.03668822465,4.260023079
2019-11-08,8791.333935,18036317.32,312840,728522,41.34964558,1.585632885e+11,312840,1372728.636,0.04628091744,4.387957537
2019-11-09,8810.784562,18038117.32,296119,709807,27.92855803,1.589299656e+11,296119,1014982.688,0.02961745327,3.427617573
2019-11-10,9042.890723,18040192.32,305653,594556,24.29015957,1.631354878e+11,305653,687871.2121,0.01458770254,2.250497172
2019-11-11,8713.20793,18042079.82,327772,704180,29.72540037,1.57204393e+11,327772,808971.4967,0.02145168594,2.468092139
2019-11-12,8788.958143,18043767.32,301363,682025,29.43688924,1.585859157e+11,301363,1017040.677,0.02662101653,3.374802737
2019-11-13,8766.729431,18045454.82,316690,746140,33.14115824,1.581996199e+11,316690,1325139.479,0.03135080216,4.184342666
2019-11-14,8645.435804,18047567.32,346544,746968,29.48174335,1.560290847e+11,346544,1214827.019,0.02189895389,3.505549135
2019-11-15,8465.877889,18049542.32,328438,779428,30.10627686,1.528052212e+11,328438,1312645.88,0.03555201291,3.99663218
2019-11-16,8477.690243,18051392.32,280324,666406,22.55663644,1.530341126e+11,280324,689626.2044,0.02539901717,2.460104038
2019-11-17,8505.161223,18053317.32,267492,598140,21.08702459,1.535463744e+11,267492,643918.5648,0.02027016249,2.407244197
2019-11-18,8183.533414,18055067.32,306782,696269,28.67488306,1.477542467e+11,306782,1384009.093,0.03143128854,4.51137646
2019-11-19,8116.820673,18056904.82,325197,823018,33.74912621,1.465646583e+11,325197,958545.0435,0.03468414683,2.947582676
2019-11-20,8076.55466,18058679.82,320826,702168,27.40442548,1.458519147e+11,320826,808365.6181,0.02523885599,2.519638739
2019-11-21,7612.277488,18060392.32,326131,803455,37.61620988,1.374807179e+11,326131,1692931.778,0.03965843343,5.190956328
2019-11-22,7277.524273,18062042.32,303688,790198,38.88136686,1.314469514e+11,303688,1556596.632,0.0521412208,5.125644189
2019-11-23,7324.836179,18064204.82,312324,681817,21.7052758,1.32317341e+11,312324,1018902.556,0.03080642276,3.262325521
2019-11-24,6943.380656,18065842.32,264419,557217,16.9030352,1.254380201e+11,264419,845233.7551,0.02325999509,3.196569668
2019-11-25,7139.044686,18067404.82,283328,678695,33.29565689,1.289840104e+11,283328,1303562.577,0.04067476991,4.6008957
2019-11-26,7165.43773,18068929.82,319461,784964,39.22009621,1.294717915e+11,319461,1164969.433,0.04805414728,3.646671841
2019-11-27,7526.863817,18070667.32,312560,812540,33.50223775,1.36015452e+11,312560,963027.7811,0.04010142967,3.081097329
2019-11-28,7436.336382,18072704.82,316000,716192,26.52736725,1.343947124e+11,316000,791409.0619,0.03669158924,2.504459057
2019-11-29,7747.738042,18074404.82,305085,730014,32.57996189,1.400357538e+11,305085,951355.5518,0.03939691796,3.118329488
2019-11-30,7556.193721,18075979.82,284912,683831,27.73794039,1.365856052e+11,284912,781715.7423,0.03101574796,2.743709434
2019-12-01,7417.727206,18077717.32,268135,593329,21.14391287,1.340955756e+11,268135,657746.5475,0.02693466536,2.453042488
2019-12-02,7318.312522,18079529.82,318601,749060,26.29735921,1.323116495e+11,318601,874569.8506,0.03702315243,2.745031719
2019-12-03,7306.446233,18081504.82,333969,744688,25.41092659,1.321115428e+11,333969,848035.6468,0.0322552158,2.539264563
2019-12-04,7215.020345,18083592.32,332204,749562,29.28244482,1.304734865e+11,332204,2325145.182,0.03278868093,6.999148663
2019-12-05,7404.086795,18085404.82,319133,746859,23.51212497,1.33905907e+11,319133,912087.2837,0.03664881403,2.858016199
2019-12-06,7534.208356,18087217.32,311069,748047,25.0666879,1.362728639e+11,311069,2227545.867,0.03276641531,7.160938144
2019-12-07,7512.061403,18089154.82,282629,642350,17.67538179,1.358868417e+11,282629,952284.897,0.02260444782,3.369381405
2019-12-08,7528.940269,18091004.82,278763,587017,14.40476798,1.362060947e+11,278763,731402.3096,0.01869160798,2.623742425
2019-12-09,7340.227459,18092854.82,316995,803439,22.5574718,1.328056698e+11,316995,1226611.714,0.03741518932,3.869498617
2019-12-10,7232.091784,18094704.82,321466,803226,23.31467953,1.308625661e+11,321466,1169877.804,0.03629945635,3.63919607
2019-12-11,7200.464446,18096354.82,288155,771631,23.89650554,1.303021595e+11,288155,1204970.473,0.03803074122,4.1816747
2019-12-12,7192.849024,18098017.32,310072,722853,22.58029974,1.301763062e+11,310072,832638.1744,0.03515588874,2.685305911
2019-12-13,7244.90372,18099917.32,329512,746512,23.17111236,1.311321583e+11,329512,734805.6065,0.03502807074,2.229981325
2019-12-14,7071.10709,18101804.82,291279,623464,14.73090744,1.279998004e+11,291279,737104.722,0.02356660674,2.530579692
2019-12-15,7111.28667,18103354.82,258366,657604,20.48160067,1.287381458e+11,258366,638204.7816,0.02827378635,2.470157767
2019-12-16,6882.395795,18105317.32,330126,777556,22.33105231,1.246079598e+11,330126,795911.9006,0.03155558129,2.410933706
2019-12-17,6608.96198,18107079.82,314849,875713,22.63123773,1.196690021e+11,314849,1816835.435,0.0406650849,5.770497715
2019-12-18,7284.625484,18108754.82,318200,751472,27.75214475,1.319154968e+11,318200,1099670.123,0.042423183,3.45590862
2019-12-19,7146.167638,18110717.32,319162,725702,28.67218463,1.29422222e+11,319162,1006100.436,0.0376603256,3.152318997
2019-12-20,7184.219172,18112667.32,332107,708265,25.26868884,1.301253718e+11,332107,1006784.2,0.03223161689,3.031505509
2019-12-21,7140.298011,18114867.32,305042,610208,16.33587037,1.293455511e+11,305042,668629.2833,0.02023010801,2.19192532
2019-12-22,7479.402408,18116979.82,282133,589250,12.84999447,1.355041825e+11,282133,739602.1005,0.01780155589,2.621466119
2019-12-23,7321.748724,18118767.32,313917,727796,19.27416664,1.326610615e+11,313917,1004080.104,0.03975580302,3.198552816
2019-12-24,7235.629084,18120329.82,283750,649535,17.33769944,1.311119855e+11,283750,725215.277,0.03505016593,2.555824765
2019-12-25,7191.174166,18121929.82,241535,537049,12.94986444,1.303179536e+11,241535,595341.9812,0.02304588878,2.464826966
2019-12-26,7194.639758,18124017.32,302825,653003,19.25040961,1.303957756e+11,302825,724290.9687,0.02620506465,2.391780628
2019-12-27,7237.150447,18125829.82,325259,721861,17.66168583,1.311793574e+11,325259,878185.5381,0.0321134681,2.699957689
2019-12-28,7306.643308,18127692.32,291276,611206,13.08987557,1.324525818e+11,291276,673033.0879,0.02651326907,2.310636949
2019-12-29,7391.578521,18129629.82,281440,589993,12.62531842,1.340065824e+11,281440,569651.5065,0.02182727269,2.024060213
2019-12-30,7229.397101,18131704.82,326626,735877,16.05903803,1.310812943e+11,326626,1015426.217,0.03093300823,3.108834622
2019-12-31,7167.395055,18133517.32,289968,657164,14.72448457,1.299700824e+11,289968,727246.7512,0.03058810046,2.508024165
2020-01-01,7170.631869,18135692.32,251867,524360,9.88624584,1.300443733e+11,251867,448087.0553,0.01687382677,1.779062185
2020-01-02,6946.825269,18137454.82,291935,671016,13.72092988,1.259977295e+11,291935,703275.5303,0.03101618245,2.409014097
2020-01-03,7315.30936,18139567.32,323153,721747,16.61093093,1.326965466e+11,323153,1029363.33,0.02885154812,3.185374514
2020-01-04,7343.164194,18141667.32,282301,611397,12.14848956,1.332172419e+11,282301,650780.9442,0.0213422982,2.305273252
2020-01-05,7345.530692,18143704.82,288212,597061,11.89008149,1.332751406e+11,288212,576578.537,0.0205040325,2.000536192
2020-01-06,7765.797735,18145392.32,297843,724219,20.52394116,1.409134466e+11,297843,1066640.152,0.03756072589,3.581216116
2020-01-07,8136.086842,18147592.32,347212,775757,25.8148978,1.476503871e+11,347212,774347.8975,0.03255361025,2.230187602
2020-01-08,8059.699529,18149367.32,318633,754553,31.09413688,1.462784472e+11,318633,925453.8423,0.04319180867,2.904450708
2020-01-09,7817.136093,18151329.82,322838,773570,29.98803411,1.418914155e+11,322838,1230661.645,0.03544034499,3.812009877
2020-01-10,8129.81792,18153192.32,332463,792103,32.45580749,1.475821482e+11,332463,888264.5213,0.03731621089,2.671769554
2020-01-11,8032.005495,18155229.82,303555,640445,17.8069863,1.458229057e+11,303555,590027.0689,0.0222191083,1.94372377
2020-01-12,8164.549993,18157117.32,278853,581504,14.32472421,1.482446921e+11,278853,491409.4429,0.02081498676,1.762252667
2020-01-13,8121.925668,18158904.82,299786,705443,18.08368461,1.474852752e+11,299786,709940.4944,0.03234700867,2.3681576
2020-01-14,8830.167873,18160717.32,346978,850757,26.53385378,1.603621826e+11,346978,1216836.178,0.03956210176,3.506954844
2020-01-15,8811.448203,18162604.82,328833,759192,31.00065728,1.600388516e+11,328833,1576011.809,0.03346476007,4.79274224
2020-01-16,8718.686998,18164592.32,326587,739283,23.75953935,1.583713949e+11,326587,885775.8962,0.02595448145,2.712220315
2020-01-17,8912.541904,18166579.82,323884,756728,24.37864596,1.619104039e+11,323884,1109358.809,0.03204450572,3.425173237
2020-01-18,8928.180757,18168229.82,290970,649187,18.18036187,1.622092399e+11,290970,509578.2718,0.02095589293,1.751308629
2020-01-19,8687.354837,18170104.82,282105,622774,16.02521748,1.57850148e+11,282105,638842.521,0.02217245682,2.264555825
2020-01-20,8636.258786,18172004.82,312967,741539,17.8483709,1.569381363e+11,312967,979605.1917,0.02687981055,3.130059053
2020-01-21,8730.86756,18173917.32,311835,756250,20.60207064,1.586740652e+11,311835,654931.2947,0.02885349002,2.100249474
2020-01-22,8647.900474,18175867.32,326380,771727,21.32645178,1.571830916e+11,326380,894611.5353,0.02442685374,2.741012119
2020-01-23,8366.384614,18177854.82,337280,789764,21.59230675,1.520829249e+11,337280,896012.5103,0.02439476661,2.656583581
2020-01-24,8423.390958,18179754.82,311823,720051,15.67738221,1.531351824e+11,311823,685697.4178,0.02648446464,2.198995641
2020-01-25,8344.774569,18181804.82,283292,665971,11.37557861,1.517230625e+11,283292,483086.1669,0.01800995327,1.705258768
2020-01-26,8573.87481,18183592.32,256739,544915,10.36229717,1.559038442e+11,256739,559090.7233,0.01816891469,2.177661841
2020-01-27,8901.959285,18185204.82,285400,726725,20.76459228,1.618839529e+11,285400,1514082.459,0.03723270231,5.305124242
2020-01-28,9297.388318,18186979.82,339784,812560,22.34831969,1.690914137e+11,339784,1020259.626,0.03235639835,3.002671185
2020-01-29,9311.947544,18188979.82,340075,767507,20.28226774,1.69374826e+11,340075,894381.837,0.02767348063,2.629954678
2020-01-30,9508.920965,18190929.82,332584,765495,19.90003677,1.729761139e+11,332584,1436674.091,0.02571679804,4.319733033
2020-01-31,9357.284782,18192729.82,329369,762130,22.2899417,1.702345539e+11,329369,1185896.469,0.03028292999,3.600510274
2020-02-01,9381.886029,18194617.32,304884,743933,17.75920966,1.70699826e+11,304884,820909.0049,0.02313159628,2.692528978
2020-02-02,9339.387063,18196404.82,292383,706042,16.59845485,1.699432678e+11,292383,698446.7702,0.02270363125,2.388807729
2020-02-03,9279.812521,18198254.82,336226,879860,21.95770671,1.688763929e+11,336226,1636997.178,0.03130332637,4.868740602
2020-02-04,9161.627198,18199904.82,307816,764885,23.85357125,1.66740743e+11,307816,898958.7459,0.03459658346,2.920441907
2020-02-05,9628.136776,18201892.32,363153,823713,24.99615264,1.752503088e+11,363153,816516.8741,0.02703306009,2.248410103
2020-02-06,9739.280436,18203579.82,321928,765225,28.15307607,1.772897688e+11,321928,1595743.775,0.03293015353,4.956834369
2020-02-07,9800.2794,18205317.32,333319,865396,30.87725014,1.784171963e+11,333319,1651718.615,0.03590356822,4.955368926
2020-02-08,9911.293408,18207054.82,315526,709380,20.96670859,1.804554624e+11,315526,769611.0624,0.01982929895,2.439136751
2020-02-09,10151.0832,18208967.32,318974,695691,20.02549756,1.848407423e+11,318974,570006.9879,0.01856875727,1.78700141
2020-02-10,9872.361873,18210492.32,295461,703356,28.26855498,1.797805701e+11,295461,1042245.965,0.03357251327,3.527524664
2020-02-11,10272.22256,18212342.32,361869,885934,33.94424776,1.870812336e+11,361869,978878.1199,0.03104420667,2.705062108
2020-02-12,10360.13522,18214117.32,350973,822547,38.29046921,1.887007184e+11,350973,1116052.471,0.03724073014,3.179881275
2020-02-13,10235.49732,18215879.82,336765,815808,34.63479347,1.864485891e+11,336765,1063184.706,0.03708095347,3.157052264
2020-02-14,10361.61569,18217567.32,329123,741471,32.91772289,1.887634314e+11,329123,1047121.332,0.03157548106,3.181550155
2020-02-15,9911.724327,18219342.32,316931,736640,27.63375097,1.805850985e+11,316931,873279.1849,0.02507888555,2.755423688
2020-02-16,9952.046612,18221117.32,299527,655188,22.16629317,1.813374089e+11,299527,982457.2013,0.01724047391,3.28002885
2020-02-17,9683.079628,18223079.82,337935,773751,24.86386761,1.76455533e+11,337935,1291666.78,0.02941471215,3.822234395
2020-02-18,10195.30379,18224954.82,327054,783570,30.70683728,1.85808951e+11,327054,1004742.825,0.03009464027,3.072100709
2020-02-19,9636.002299,18226717.32,340104,792783,31.31333496,1.7563269e+11,340104,1459842.07,0.03379793714,4.292340196
2020-02-20,9614.030122,18228292.32,311982,766448,27.26710294,1.752473515e+11,311982,1027259.335,0.03683314858,3.292687832
2020-02-21,9701.797503,18230217.32,341390,768521,23.7836571,1.768658769e+11,341390,830901.9094,0.02833526467,2.433878876
2020-02-22,9675.249058,18232067.32,300166,660812,17.90379811,1.763997922e+11,300166,575187.0166,0.02054107329,1.916229741
2020-02-23,9972.842423,18233842.32,289114,622397,16.93047175,1.818432362e+11,289114,667352.7965,0.0187000849,2.308268698
2020-02-24,9648.007883,18235604.82,328045,758122,22.98117293,1.759372591e+11,328045,819703.8141,0.0318189002,2.498754177
2020-02-25,9344.28714,18237404.82,339313,743278,25.13210161,1.704155473e+11,339313,902143.9566,0.03130426063,2.65873679
2020-02-26,8798.888949,18239104.82,328537,778003,29.4826701,1.604838578e+11,328537,901686.5719,0.04295701448,2.744551061
2020-02-27,8779.029482,18240942.32,338194,777389,26.8926774,1.601377704e+11,338194,1003291.372,0.03701707582,2.966614938
2020-02-28,8750.593446,18242917.32,361653,778213,25.33222814,1.596363527e+11,361653,989704.8062,0.03199120171,2.736614396
2020-02-29,8582.0903,18244654.82,309086,679597,18.45936649,1.565772752e+11,309086,649786.8721,0.02732038371,2.102285034
2020-03-01,8541.773894,18246867.32,312717,674209,14.47682229,1.558606149e+11,312717,571853.0601,0.0186018738,1.828659971
2020-03-02,8906.214756,18248729.82,341655,829550,23.27773824,1.625271068e+11,341655,805512.9913,0.037233214,2.357679505
2020-03-03,8768.810614,18250642.32,346828,840712,24.9233851,1.600364261e+11,346828,804338.7545,0.03704766978,2.319128659
2020-03-04,8756.369572,18252729.82,350503,857423,23.66006776,1.59827648e+11,350503,995504.9908,0.03460623692,2.840218174
2020-03-05,9062.615803,18254767.32,350421,793221,24.49823848,1.654359428e+11,350421,853140.9818,0.03638960397,2.434617166
2020-03-06,9147.085059,18256704.82,338758,804945,26.72650429,1.669956319e+11,338758,943825.0081,0.04006926771,2.786133488
2020-03-07,8898.306957,18258667.32,313782,682432,18.43739742,1.624712264e+11,313782,622570.2526,0.02524738707,1.984085297
2020-03-08,8109.614541,18260642.32,304534,654911,16.31170846,1.480867705e+11,304534,656074.7724,0.023755753,2.154356401
2020-03-09,7896.38532,18262517.32,347351,809850,25.76748365,1.442078737e+11,347351,1220859.832,0.04304703814,3.514772757
2020-03-10,7909.927875,18264167.32,329508,807778,27.85651202,1.444682462e+11,329508,1080054.591,0.04590332627,3.277779571
2020-03-11,7939.341335,18265654.82,290284,728889,30.50425847,1.450172683e+11,290284,1692196.307,0.04329439755,5.829450838
2020-03-12,4959.313414,18267542.32,346057,909601,60.27268581,9.059446768e+10,346057,3137552.651,0.08926558235,9.066577617
2020-03-13,5627.692388,18269104.82,279662,786409,84.53514729,1.028129021e+11,279662,2225442.061,0.1101188475,7.957613336
2020-03-14,5145.172506,18270704.82,276029,772769,53.38664899,9.400592812e+10,276029,1180366.654,0.04852121084,4.276241462
2020-03-15,5358.610663,18272192.32,224876,629326,42.20753235,9.791356461e+10,224876,861464.8121,0.04317070497,3.830843719
2020-03-16,5012.927388,18273679.82,269587,725120,61.87674265,9.160463005e+10,269587,1596518.092,0.08209713969,5.922088573
2020-03-17,5416.754711,18275217.32,279277,765477,62.61810511,9.899236951e+10,279277,1436096.33,0.07263703472,5.14219334
2020-03-18,5392.487836,18276467.32,233212,633373,60.56676788,9.855562771e+10,233212,1111722.057,0.07922206095,4.767001945
2020-03-19,6203.551632,18277804.82,265543,709786,68.82659617,1.133873059e+11,265543,1204660.99,0.07672137321,4.536594788
2020-03-20,6174.149476,18279167.32,282852,734614,79.23757339,1.128583113e+11,282852,1363603.167,0.07517407892,4.820906931
2020-03-21,6175.831022,18280717.32,238359,637554,44.31800726,1.128986211e+11,238359,680437.8479,0.04226362397,2.854676551
2020-03-22,5830.56098,18282304.82,215499,579901,35.51525371,1.065960931e+11,215499,872890.2589,0.03568798967,4.05055364
2020-03-23,6486.408657,18283704.82,256978,667486,50.41681163,1.185955812e+11,256978,970440.8776,0.05453402934,3.776357811
2020-03-24,6775.057619,18285354.82,280363,736233,44.46381529,1.238843325e+11,280363,1376063.698,0.04940459828,4.90815014
2020-03-25,6689.969013,18286504.82,219772,587460,46.56217239,1.223361506e+11,219772,895878.9197,0.06403213515,4.076401542
2020-03-26,6754.460336,18288504.82,286521,889704,53.57566262,1.235289804e+11,286521,845124.1993,0.04239687344,2.949606484
2020-03-27,6490.795415,18290442.32,273175,807651,40.79857662,1.187195192e+11,273175,1064957.337,0.04582011618,3.898443624
2020-03-28,6231.81989,18292129.82,241957,627230,28.732255,1.139932585e+11,241957,707410.7753,0.03862467212,2.923704523
2020-03-29,5904.857587,18294017.32,234751,591287,21.32088094,1.08023567e+11,234751,674970.1275,0.03012875372,2.87525986
2020-03-30,6436.9057,18295854.82,278279,770915,26.21496686,1.177686922e+11,278279,990872.7853,0.04636544543,3.560717069
2020-03-31,6432.383242,18297842.32,288338,816889,28.94855293,1.176987343e+11,288338,1045207.801,0.04675047936,3.624939485
2020-04-01,6643.110009,18299754.82,285331,824108,27.42464444,1.215672844e+11,285331,977832,0.04609015952,3.427009333
2020-04-02,6792.742222,18301667.32,300020,798186,24.55164987,1.243185083e+11,300020,1002828.295,0.04831656925,3.342538147
2020-04-03,6751.902552,18303317.32,276158,750332,25.84589966,1.235822149e+11,276158,976260.432,0.04957743354,3.535151732
2020-04-04,6859.989169,18305279.82,255653,657862,16.47818248,1.255740213e+11,255653,853382.9869,0.02984246694,3.338051918
2020-04-05,6790.812473,18307467.32,237774,596364,13.48082669,1.243225774e+11,237774,546394.6008,0.02830677489,2.297957728
2020-04-06,7298.173745,18309067.32,282652,780832,21.49900893,1.336227544e+11,282652,1064470.44,0.04871122728,3.766010643
2020-04-07,7187.593337,18311167.32,310534,938358,25.02642565,1.316132242e+11,310534,1186127.266,0.04331853312,3.819637355
2020-04-08,7372.194764,18312967.32,283150,760207,22.45575263,1.350067618e+11,283150,740887.0323,0.04054613444,2.616588495
2020-04-09,7299.579188,18314892.32,289249,730620,23.38032638,1.336910068e+11,289249,1109789.556,0.03923089162,3.836796516
2020-04-10,6859.822675,18316929.82,286082,735297,20.58873326,1.256508905e+11,286082,1097065.252,0.04011619732,3.834793004
2020-04-11,6883.182229,18318917.32,249141,634944,13.78333895,1.260924462e+11,249141,607181.4077,0.02979464922,2.437099505
2020-04-12,6978.666287,18320829.82,232510,618062,13.10795615,1.278549574e+11,232510,498892.5673,0.02887414181,2.145682196
2020-04-13,6863.575533,18322967.32,281944,764583,16.39071572,1.257610702e+11,281944,946361.8256,0.03566828963,3.35655955
2020-04-14,6875.538503,18325067.32,303129,843493,23.37958223,1.259947059e+11,303129,780799.1457,0.04506134317,2.575798243
2020-04-15,6625.475775,18327179.82,309402,926278,26.05087792,1.214262859e+11,309402,895870.4506,0.04416588483,2.895490173
2020-04-16,7127.792282,18329104.82,321911,880665,28.55316429,1.306460519e+11,321911,1067964.542,0.04520824783,3.317577037
2020-04-17,7081.395198,18330692.32,287202,844316,25.52914511,1.298068766e+11,287202,953663.4574,0.0499486316,3.32053209
2020-04-18,7262.792344,18332667.32,285552,847811,19.1355429,1.331463559e+11,285552,592980.6416,0.03180415866,2.076611761
2020-04-19,7150.244215,18334567.32,254065,718815,15.68324255,1.310966339e+11,254065,551071.2594,0.02903397335,2.169016824
2020-04-20,6853.273415,18336579.82,307154,842251,21.88057006,1.25665595e+11,307154,851821.9792,0.0437906066,2.773273274
2020-04-21,6870.423699,18338442.32,311455,818062,23.40630527,1.259928687e+11,311455,809279.7335,0.04308948225,2.598384144
2020-04-22,7123.65692,18340079.82,283681,762361,26.32081641,1.306484365e+11,283681,863827.1496,0.05266550653,3.04506523
2020-04-23,7488.605165,18341854.82,327396,935989,41.22774666,1.373549088e+11,327396,891915.8707,0.05136243553,2.724272351
2020-04-24,7506.443316,18343654.82,317682,893187,36.24518432,1.376956051e+11,317682,1256898.55,0.05115645104,3.95646763
2020-04-25,7537.738209,18345354.82,278517,813456,27.58160072,1.38282482e+11,278517,606639.8141,0.03949513657,2.178106953
2020-04-26,7684.068522,18347067.32,257046,724250,21.33607092,1.409801225e+11,257046,524156.4105,0.03463386606,2.039154122
2020-04-27,7777.491519,18348829.82,311090,876229,28.07740054,1.427078683e+11,311090,1023848.205,0.04801509576,3.291163988
2020-04-28,7769.899698,18350754.82,326468,926669,27.51674127,1.425835243e+11,326468,882903.5574,0.04414059554,2.704410715
2020-04-29,8761.83717,18352567.32,330308,911617,53.53878,1.608022065e+11,330308,1675094.548,0.05123845505,5.071310861
2020-04-30,8652.410991,18354254.82,320861,947585,108.6825506,1.588085561e+11,320861,2068216.56,0.0660118897,6.445833428
2020-05-01,8855.535258,18356017.32,330551,955523,106.7234812,1.625523586e+11,330551,1034145.897,0.04723373436,3.128551713
2020-05-02,8977.281705,18357867.32,292646,970554,68.955651,1.648037464e+11,292646,553359.6932,0.03925798605,1.890884185
2020-05-03,8896.795638,18359967.32,283545,909805,57.64103813,1.633448772e+11,283545,739139.7878,0.03410744861,2.606781244
2020-05-04,8881.954305,18361942.32,324017,889636,66.64723602,1.630899326e+11,324017,896395.7088,0.04450236811,2.766508266
2020-05-05,8985.879599,18363917.32,327645,970464,71.76537045,1.6501595e+11,327645,1075124.629,0.04571572493,3.281370474
2020-05-06,9266.813073,18365842.32,334650,972369,68.71352199,1.701928277e+11,334650,1004259.153,0.05026399004,3.000923811
2020-05-07,9993.753177,18367679.82,343684,1020443,90.91447074,1.835620586e+11,343684,1251998.071,0.0504701278,3.64287564
2020-05-08,9859.323605,18369392.32,324693,949216,104.010512,1.811097833e+11,324693,1337721.551,0.05642932744,4.119958085
2020-05-09,9577.338922,18371092.32,310119,906900,85.19552167,1.759461775e+11,310119,1179718.669,0.04121290926,3.804083817
2020-05-10,8715.033293,18373217.32,283795,869262,62.21652357,1.601232007e+11,283795,793385.5382,0.04641210038,2.795629022
2020-05-11,8591.652884,18374998.57,311653,999192,92.13805594,1.578716095e+11,311653,1201755.242,0.05202270227,3.856068261
2020-05-12,8817.250681,18375911.07,342304,954129,107.9413384,1.620250144e+11,342304,1189236.737,0.04995003725,3.474212213
2020-05-13,9322.997202,18376654.82,299956,858458,112.1534789,1.713255015e+11,299956,1088889.189,0.0543993513,3.630163054
2020-05-14,9801.269488,18377367.32,268116,880861,146.4415483,1.801215296e+11,268116,1103482.701,0.06185780329,4.115691345
2020-05-15,9326.875859,18378148.57,311224,895670,159.7272408,1.714107102e+11,311224,1026949.428,0.05827857133,3.29971155
2020-05-16,9395.475389,18378936.07,295280,880534,107.9218274,1.726788415e+11,295280,586161.6418,0.03298747399,1.985104449
2020-05-17,9682.532481,18379573.57,236007,763444,99.24350293,1.779608181e+11,236007,581819.5912,0.04168103756,2.465264129
2020-05-18,9726.850022,18380373.57,275691,970423,169.1281852,1.787831371e+11,275691,1070497.988,0.05029099851,3.882963129
2020-05-19,9754.201462,18381092.32,272964,890493,182.0304051,1.792928776e+11,272964,1159443.394,0.05343646038,4.247605523
2020-05-20,9515.70255,18381811.07,276199,865708,191.3228473,1.749158465e+11,276199,1088402.044,0.05714901208,3.940644403
2020-05-21,9068.801229,18382629.82,302259,928630,203.927548,1.667084159e+11,302259,1018717.48,0.05359671998,3.370346226
2020-05-22,9161.815034,18383323.57,278942,797526,157.2480225,1.684246103e+11,278942,984719.8478,0.05678252596,3.530195696
2020-05-23,9183.662125,18384067.32,267042,848702,103.0966398,1.688330628e+11,267042,552975.2342,0.03759807311,2.070742558
2020-05-24,8806.230657,18384792.32,216545,807939,74.66233418,1.619007218e+11,216545,623847.6897,0.04323518368,2.880914774
2020-05-25,8909.192582,18385573.57,267395,828919,92.89316062,1.638006157e+11,267395,1095758.562,0.05220327159,4.097902213
2020-05-26,8835.137253,18386348.57,286759,852839,76.69532051,1.624459132e+11,286759,927124.3445,0.05020589803,3.233113327
2020-05-27,9169.057439,18387211.07,299984,913075,79.93457174,1.685933945e+11,299984,1116107.544,0.05114026203,3.720556909
2020-05-28,9568.261853,18388029.82,299064,866559,89.19391746,1.759414843e+11,299064,814870.8369,0.05001493556,2.724737303
2020-05-29,9432.413333,18388823.57,282773,852420,93.15375088,1.734509846e+11,282773,1057564.249,0.05216427468,3.739976054
2020-05-30,9691.680491,18389798.57,284116,902498,67.87440774,1.78228052e+11,284116,571915.1647,0.03185598207,2.012963595
2020-05-31,9433.943847,18390736.07,258529,801889,62.06383519,1.734971714e+11,258529,762684.2724,0.02879347221,2.950091759
2020-06-01,10199.13505,18391573.57,302044,870833,78.16103408,1.875781427e+11,302044,1153284.022,0.04572711289,3.81826496
2020-06-02,9512.346533,18392379.82,308948,899961,98.97509068,1.749546904e+11,308948,1654786.287,0.06509161518,5.356196794
2020-06-03,9642.2734,18393248.57,311153,950153,80.4854491,1.773527314e+11,311153,1109205.436,0.04947142444,3.564823208
2020-06-04,9813.360679,18394192.32,315771,884109,61.68654873,1.805088436e+11,315771,1131109.164,0.04807038235,3.582055236
2020-06-05,9641.891623,18395311.07,331389,918647,56.36753873,1.773655957e+11,331389,1087973.108,0.04340496828,3.283069468
2020-06-06,9668.670539,18396536.07,281291,771819,31.22535054,1.778700463e+11,281291,491323.2268,0.02819374173,1.746672403
2020-06-07,9747.580111,18397529.82,254724,690992,26.73099427,1.793313958e+11,254724,450855.8147,0.02670375591,1.769977759
2020-06-08,9769.342361,18398542.32,316297,986341,41.62373052,1.797416589e+11,316297,976733.9032,0.04099907498,3.088027718
2020-06-09,9779.422166,18399542.32,328115,910121,35.03621968,1.79936892e+11,328115,875998.0283,0.04626285606,2.669789642
2020-06-10,9888.444175,18400567.32,324907,909669,38.80315253,1.819529827e+11,324907,1183156.415,0.04556247596,3.641523314
2020-06-11,9277.451169,18401723.57,336672,1048342,38.65136462,1.707210919e+11,336672,1055255.9,0.04780494038,3.134373813
2020-06-12,9456.161533,18402742.32,309817,909615,29.24512633,1.74019304e+11,309817,805097.6196,0.04660728335,2.598623121
2020-06-13,9461.333799,18403729.82,283164,800767,21.00629044,1.74123831e+11,283164,586689.3622,0.03165452212,2.071906606
2020-06-14,9342.955635,18404792.32,279097,698545,16.54032953,1.719551581e+11,279097,489131.54,0.02346495141,1.752550332
2020-06-15,9441.383211,18405654.82,292792,867844,35.15348673,1.737748404e+11,292792,985237.1874,0.04904662692,3.364973044
2020-06-16,9520.091948,18406592.32,343031,986219,51.12808062,1.752324513e+11,343031,1360976.761,0.04866948791,3.967503697
2020-06-17,9448.693561,18407454.82,330975,918592,46.74662944,1.739263998e+11,330975,929555.3421,0.04982805263,2.808536421
2020-06-18,9389.990766,18408223.57,283106,854866,45.46982149,1.728530494e+11,283106,786547.0278,0.05355159686,2.778277492
2020-06-19,9285.991583,18409117.32,345029,947402,49.09985578,1.709469085e+11,345029,1458070.245,0.0504524472,4.22593534
2020-06-20,9357.292464,18409973.57,281510,760742,29.45312391,1.72267507e+11,281510,537611.0364,0.0341324161,1.909740458
2020-06-21,9284.769372,18410886.07,256980,710176,24.76545336,1.709408311e+11,256980,475030.4034,0.02823925824,1.848511181
2020-06-22,9684.620185,18411779.82,307776,850006,37.15312529,1.783110945e+11,307776,962803.0339,0.05121553458,3.128258974
2020-06-23,9611.725998,18412767.32,351192,1034537,45.34851055,1.769784744e+11,351192,1342693.666,0.05184438259,3.823246731
2020-06-24,9292.943544,18413636.07,311143,917620,41.88712373,1.711168804e+11,311143,1331297.011,0.05138952989,4.278730395
2020-06-25,9247.121432,18414517.32,315538,901033,40.70263507,1.702812778e+11,315538,1202079.236,0.05369487182,3.809617972
2020-06-26,9159.437772,18415542.32,328405,929963,33.82777488,1.686760139e+11,328405,1224064.946,0.05001202163,3.727303012
2020-06-27,9002.165617,18416404.82,272210,761896,22.83566607,1.657875263e+11,272210,580091.1538,0.04075330488,2.131042775
2020-06-28,9108.065675,18417342.32,265941,686270,19.62706147,1.677463634e+11,265941,684001.8604,0.0327108972,2.572006048
2020-06-29,9184.247366,18418248.57,314488,962232,33.58240058,1.691577509e+11,314488,1006307.101,0.05174174661,3.199826706
2020-06-30,9143.967585,18419167.32,306323,926238,44.57266433,1.684242689e+11,306323,1126169.816,0.05570820273,3.676412858
2020-07-01,9241.339612,18420179.82,378081,1078007,62.00664121,1.702271374e+11,378081,1070010.506,0.05390885098,2.830109172
2020-07-02,9094.387287,18421204.82,339419,951042,55.86321829,1.675295709e+11,339419,1042584.78,0.05318104285,3.071674772
2020-07-03,9066.690697,18422223.57,327948,944676,53.37312751,1.670286031e+11,327948,968396.5294,0.05298956544,2.952896586
2020-07-04,9126.219555,18423204.82,292761,799989,31.92033391,1.681342121e+11,292761,686268.3979,0.0364220911,2.344125064
2020-07-05,9079.614018,18424223.57,273114,771473,25.05190941,1.672848386e+11,273114,599462.5868,0.03151918126,2.194917092
2020-07-06,9338.942591,18425186.07,337284,989688,36.81814867,1.720717549e+11,337284,1142272.613,0.0513789431,3.386678919
2020-07-07,9252.158733,18426192.32,349022,969354,41.41658898,1.704820562e+11,349022,1005627.848,0.0546404374,2.881273524
2020-07-08,9434.567956,18427136.07,347004,1024085,48.54780381,1.738520675e+11,347004,1079789.078,0.05753194025,3.111748215
2020-07-09,9231.502348,18428161.07,360126,1033334,53.8696232,1.701196122e+11,360126,982363.714,0.05337473593,2.727833353
2020-07-10,9285.221015,18429167.32,345294,976205,48.38790157,1.711188917e+11,345294,961928.6265,0.05344030036,2.78582491
2020-07-11,9237.171008,18430142.32,310565,885970,33.38960187,1.702423763e+11,310565,623740.9565,0.03818376857,2.008407118
2020-07-12,9289.097977,18431092.32,280425,745665,23.79991734,1.712082224e+11,280425,673477.806,0.03112788784,2.401632543
2020-07-13,9236.622501,18432011.07,311275,909653,41.91947706,1.702495282e+11,311275,1238276.069,0.05855603603,3.978077484
2020-07-14,9260.356987,18432911.07,357160,993499,62.00847811,1.706953368e+11,357160,902469.1869,0.05965115608,2.526792437
2020-07-15,9196.725559,18433773.57,318436,971186,66.36944265,1.695303565e+11,318436,845125.3479,0.06125886832,2.653988079
2020-07-16,9132.592312,18434623.57,347671,966383,78.42071329,1.683559015e+11,347671,993303.0428,0.06572832548,2.857020122
2020-07-17,9156.46871,18435361.07,290533,847984,77.54075651,1.688028068e+11,290533,839792.8453,0.06792334684,2.890524812
2020-07-18,9175.905309,18436173.57,313304,892684,74.50556433,1.691685829e+11,313304,666460.7546,0.05284437706,2.127201551
2020-07-19,9218.842311,18436992.32,274629,872974,46.59487063,1.699677249e+11,274629,643582.4278,0.0429263227,2.34346128
2020-07-20,9167.190568,18437873.57,312187,940265,79.51494325,1.690235007e+11,312187,921421.1919,0.06053981271,2.95150404
2020-07-21,9388.57435,18438654.82,313100,927506,104.7056034,1.731126817e+11,313100,886317.6016,0.06850944308,2.830781225
2020-07-22,9531.25743,18439554.82,362798,1017627,142.1003602,1.757521439e+11,362798,935651.7441,0.0621284237,2.578988153
2020-07-23,9609.166715,18440404.82,336506,977856,134.7448856,1.771969242e+11,336506,1011566.622,0.0624846064,3.006087922
2020-07-24,9548.100727,18441411.04,369218,1083981,123.600396,1.760804502e+11,369218,1036026.843,0.05279489758,2.806003075
2020-07-25,9702.45279,18442298.46,290603,972156,88.52578136,1.789355302e+11,290603,776552.5011,0.0521489783,2.672210889
2020-07-26,9933.906554,18443285.91,301312,999311,76.19883384,1.832138788e+11,301312,729052.0796,0.04428418947,2.419591917
2020-07-27,11046.50833,18444217.13,325521,1022491,124.3980442,2.037441981e+11,325521,1164613.746,0.06565314381,3.577691595
2020-07-28,10944.61298,18445123.38,354433,1059084,188.9727226,2.018747367e+11,354433,1273575.102,0.06587505665,3.593274616
2020-07-29,11115.77128,18446048.38,348023,1039672,175.1979767,2.050420548e+11,348023,1134635.933,0.0521506772,3.260232608
2020-07-30,11135.39073,18446892.13,329417,968423,179.7369445,2.054133515e+11,329417,1041317.605,0.05430164193,3.16109249
2020-07-31,11338.19734,18447848.38,355688,1062923,171.2763798,2.091653454e+11,355688,997998.3593,0.0473806359,2.805825216
2020-08-01,11797.58213,18448704.63,292274,954055,123.5932789,2.17650108e+11,292274,836867.7254,0.04854689663,2.863298567
2020-08-02,11094.02068,18449585.88,287133,950873,106.960851,2.046800874e+11,287133,809038.5535,0.04076691516,2.817643926
2020-08-03,11236.09568,18450598.38,334722,1080975,130.1364079,2.073126887e+11,334722,1136424.539,0.04698384697,3.395129508
2020-08-04,11202.65191,18451504.63,331448,1003351,113.5255001,2.067057836e+11,331448,1004552.675,0.0493279631,3.030800232
2020-08-05,11721.43847,18452310.88,291603,957619,138.9767533,2.162876266e+11,291603,970431.219,0.05605796606,3.327919188
2020-08-06,11769.30911,18453285.88,355285,1120216,191.7937623,2.171824256e+11,355285,1188508.655,0.04871798291,3.345226099
2020-08-07,11598.96906,18454235.88,327415,1049182,136.3125821,2.14050111e+11,327415,1035824.25,0.04417254649,3.163643235
2020-08-08,11743.00864,18455123.38,277399,951540,77.86909416,2.167186732e+11,277399,783368.7195,0.03945232558,2.823978167
2020-08-09,11680.51737,18456098.38,275199,911571,64.51935152,2.155767776e+11,275199,715250.1024,0.0347754288,2.599028712
2020-08-10,11870.36954,18456954.63,307280,967780,134.0279181,2.190908721e+11,307280,1022586.685,0.0559146872,3.327866066
2020-08-11,11392.64409,18457917.13,348465,1086328,151.4610059,2.102844805e+11,348465,1060323.45,0.05079962083,3.042840602
2020-08-12,11575.51247,18458898.38,342524,1049344,123.8881301,2.136712084e+11,342524,955621.8444,0.04584816449,2.789941272
2020-08-13,11773.44812,18459817.13,330257,952528,111.1085191,2.173356992e+11,330257,903719.0859,0.04626002465,2.7364116
2020-08-14,11774.40825,18460860.88,364429,1086754,104.9709434,2.173657127e+11,364429,1432409.49,0.04176456171,3.930558463
2020-08-15,11866.91036,18461835.88,309355,973628,65.83429852,2.190849515e+11,309355,1413288.839,0.03403935715,4.568501687
2020-08-16,11899.64275,18462785.88,293129,892624,62.0881681,2.197005562e+11,293129,1863642.04,0.02891380919,6.357753889
2020-08-17,12315.76242,18463567.13,289826,878796,84.36692232,2.273929061e+11,289826,2845813.939,0.04949713866,9.819042939
2020-08-18,11992.696,18464442.13,345122,1008612,157.1640082,2.214384412e+11,345122,2102123.388,0.0552523803,6.090957365
2020-08-19,11736.84906,18465304.63,336660,988648,149.2806193,2.167244934e+11,336660,1913740.371,0.04917120403,5.684489903
2020-08-20,11867.52034,18466217.13,331546,994559,128.9816647,2.191482074e+11,331546,1823911.949,0.04429113958,5.50123346
2020-08-21,11524.69895,18467185.88,313078,1095556,138.2711431,2.128287577e+11,313078,1519194.651,0.04998351823,4.852447795
2020-08-22,11682.28915,18468035.88,308966,950674,88.82807921,2.157489352e+11,308966,1332392.814,0.04215329664,4.31242536
2020-08-23,11665.60927,18469017.13,287940,906460,58.90756952,2.154523375e+11,287940,1363009.369,0.02964508684,4.7336576
2020-08-24,11771.40805,18469948.38,334304,944242,79.47876827,2.174172991e+11,334304,1888378.669,0.04301847304,5.64868703
2020-08-25,11358.45432,18470748.38,301021,951716,92.25996052,2.097991517e+11,301021,1621547.297,0.05254781885,5.386824499
2020-08-26,11472.04912,18471635.88,328396,1030264,108.3594295,2.119075141e+11,328396,1962524.108,0.04621929303,5.976090172
2020-08-27,11314.67374,18472442.13,324735,947577,121.6148297,2.090096559e+11,324735,1999524.09,0.05439697282,6.157402466
2020-08-28,11527.88303,18473460.88,352344,1080096,102.8552147,2.129598962e+11,352344,2147645.273,0.04582194307,6.095308202
2020-08-29,11490.76235,18474373.38,291205,972062,64.38627267,2.12284634e+11,291205,1745466.817,0.03979126764,5.993945216
2020-08-30,11698.97583,18475167.13,266126,821271,63.86730363,2.161405337e+11,266126,1721212.53,0.03772988391,6.467660168
2020-08-31,11678.34823,18476104.63,310357,935410,94.76992915,2.157703837e+11,310357,2767218.678,0.05586423588,8.916243802
2020-09-01,11970.36486,18477067.13,371778,1074307,123.8699261,2.21177235e+11,371778,2598608.635,0.0506804101,6.989678344
2020-09-02,11414.52093,18477967.13,320017,1029017,129.6390305,2.109171426e+11,320017,2360319.051,0.05552366181,7.375605204
2020-09-03,10261.49441,18478773.38,309835,983249,136.0138721,1.896198297e+11,309835,2944483.343,0.07015440162,9.503391622
2020-09-04,10471.96641,18479617.13,300021,1004854,155.4199267,1.935179299e+11,300021,2650547.349,0.07077916131,8.834539412
2020-09-05,10128.64359,18480498.38,324594,984198,117.9589539,1.871823814e+11,324594,2457790.861,0.04645271561,7.57189246
2020-09-06,10253.2999,18481435.88,258964,988383,68.47597667,1.894957046e+11,258964,2250670.535,0.03731598644,8.691055649
2020-09-07,10367.87835,18482529.63,328020,1086059,97.73599556,1.916246189e+11,328020,2930795.642,0.04439326777,8.934807762
2020-09-08,10108.63545,18483498.38,329714,974053,81.98502093,1.86842947e+11,329714,2692016.683,0.05013357169,8.164702388
2020-09-09,10223.11141,18484429.63,321941,968245,93.03114274,1.889683834e+11,321941,3250236.575,0.0517673122,10.09575225
2020-09-10,10334.63073,18485417.13,343183,1103924,110.6103534,1.910399599e+11,343183,3468812.492,0.04983845223,10.10776318
2020-09-11,10387.02074,18486279.63,308280,951505,91.52153463,1.920173699e+11,308280,3106923.154,0.0552104414,10.07825079
2020-09-12,10436.97783,18487342.13,297027,890683,57.79315128,1.9295198e+11,297027,2552952.06,0.03409904723,8.595016818
2020-09-13,10322.52361,18488354.63,256977,803998,49.54046694,1.908464773e+11,256977,2660679.874,0.03328381826,10.35376658
2020-09-14,10662.71991,18489454.63,353963,1016193,76.15743176,1.97147876e+11,353963,2723093.65,0.04523198621,7.693159032
2020-09-15,10779.38102,18490429.63,335248,976024,77.9277518,1.993153863e+11,335248,2879659.555,0.0525865074,8.589639775
2020-09-16,10968.32055,18491398.38,340027,1064243,76.27787119,2.028195848e+11,340027,3009064.203,0.04952244035,8.84948608
2020-09-17,10936.29275,18492510.88,347774,1101957,70.92270701,2.022395127e+11,347774,4120865.303,0.0442942605,11.84926217
2020-09-18,10920.11284,18493542.13,326660,974291,70.31945472,2.019515669e+11,326660,3809438.444,0.04652012367,11.66178425
2020-09-19,11073.77955,18494473.38,292875,892685,45.95832196,2.04803721e+11,292875,2813734.754,0.03921669184,9.60728896
2020-09-20,10921.2181,18495360.88,261651,820833,33.79408106,2.0199187e+11,261651,2385094.938,0.0285472735,9.115558273
2020-09-21,10455.37996,18496267.13,299730,946997,62.31195942,1.933855007e+11,299730,3560135.513,0.05069227536,11.87780841
2020-09-22,10519.83916,18497073.38,311008,968239,74.59113089,1.945862369e+11,311008,2752935.904,0.05562185798,8.851656242
2020-09-23,10233.29957,18497960.88,349540,1013565,96.51095568,1.892951751e+11,349540,2704902.013,0.05121085301,7.738462015
2020-09-24,10739.04271,18498817.13,318555,943668,81.64235754,1.986595872e+11,318555,2358644.337,0.05557422725,7.404198135
2020-09-25,10683.63058,18499873.38,345399,1140261,75.64534972,1.97645813e+11,345399,2775766.826,0.04752616596,8.036406665
2020-09-26,10742.03042,18500810.88,281747,952990,42.28706526,1.987362732e+11,281747,2430172.464,0.04200202218,8.625371217
2020-09-27,10758.82429,18501760.88,258919,784428,36.87713689,1.990571943e+11,258919,2062409.31,0.03303186207,7.965461438
2020-09-28,10727.37505,18502567.13,297685,884124,58.79373725,1.98483977e+11,297685,2345460.447,0.05255069364,7.879001114
2020-09-29,10841.14274,18503448.38,345931,998051,83.15732602,2.005985251e+11,345931,2548674.749,0.05228452511,7.367581249
2020-09-30,10772.35177,18504423.38,351403,1118241,93.96886874,1.993361579e+11,351403,2383538.429,0.04949680548,6.782919977
2020-10-01,10606.61733,18505198.38,304377,922880,104.9260555,1.962775578e+11,304377,2004851.281,0.06057501462,6.58673711
2020-10-02,10570.10568,18506048.38,315938,996361,121.3176179,1.95610887e+11,315938,2704097.366,0.06088822757,8.558949433
2020-10-03,10555.70543,18506992.13,303899,1002444,69.1389914,1.953543574e+11,303899,2125740.123,0.03790575651,6.994890153
2020-10-04,10665.61862,18507979.63,274508,923546,57.06685152,1.973990522e+11,274508,1912281.942,0.03165761049,6.96621571
2020-10-05,10772.6356,18508854.63,295868,946902,100.0475459,1.993891463e+11,295868,2036348.189,0.05115201335,6.88262397
2020-10-06,10596.37355,18509667.13,318289,978521,114.4601312,1.961353471e+11,318289,2204154.724,0.05602237381,6.92501068
2020-10-07,10667.19439,18510610.88,369576,1063425,108.333839,1.974562846e+11,369576,2096639.509,0.0464936685,5.673094327
2020-10-08,10902.52936,18511623.38,329472,1033122,103.3937419,2.018235174e+11,329472,1987403.598,0.04727077386,6.032086483
2020-10-09,11074.10368,18512509.89,339374,1006667,110.1614104,2.050094538e+11,339374,2737460.548,0.04905065148,8.06620586
2020-10-10,11302.85429,18513403.12,294652,917402,75.12837831,2.092542978e+11,294652,1847183.984,0.04011464613,6.269035962
2020-10-11,11378.26253,18514275.7,257292,791020,51.72072143,2.106602894e+11,257292,2141389.781,0.03028441286,8.322799704
2020-10-12,11548.40156,18515205.27,315903,945894,75.1001319,2.138210253e+11,315903,2165479.704,0.04425989151,6.854888065
2020-10-13,11434.96878,18516242.24,330320,1049377,73.30905492,2.117326521e+11,330320,2268944.954,0.04518840495,6.868929988
2020-10-14,11417.10811,18517173.48,318750,952949,74.9332009,2.114125716e+11,318750,2429283.622,0.04726468337,7.621281951
2020-10-15,11502.58124,18518117.23,337702,1035214,76.76943659,2.130061478e+11,337702,2586128.753,0.04632829701,7.658020245
2020-10-16,11338.98718,18519085.98,319791,973228,63.13531232,2.099876784e+11,319791,2330198.578,0.04763247295,7.286629636
2020-10-17,11362.80222,18520067.23,278655,851147,35.50804748,2.10439861e+11,278655,2452172.35,0.03567245053,8.800029965
2020-10-18,11489.62257,18520817.23,234650,744786,37.25801212,2.127971995e+11,234650,2145657.802,0.03637108161,9.144077571
2020-10-19,11745.81197,18521598.48,303148,930306,51.19663268,2.175512131e+11,303148,3356102.876,0.05006175832,11.07083958
2020-10-20,11929.45725,18522498.48,331386,1011847,78.26525349,2.209633538e+11,331386,4181403.781,0.04931909203,12.61792526
2020-10-21,12848.49062,18523310.98,308240,1013298,119.3606589,2.379965873e+11,308240,3657739.222,0.0540931243,11.86653005
2020-10-22,12997.49934,18524167.23,341549,1048775,166.8099683,2.407678514e+11,341549,4047792.728,0.05488209549,11.85127969
2020-10-23,12953.4297,18524983.99,321018,977710,140.2521587,2.399620777e+11,321018,2713754.957,0.04725080649,8.453591254
2020-10-24,13113.86692,18525933.99,304224,1098917,93.3237912,2.42946633e+11,304224,1832391.714,0.03062597801,6.0231662
2020-10-25,13041.64104,18526665.24,242596,851199,63.99985103,2.416181177e+11,242596,1643269.476,0.03568178258,6.773687433
2020-10-26,13080.65617,18527352.74,255058,825846,117.7810379,2.423499309e+11,255058,2862258.467,0.05589880129,11.22199056
2020-10-27,13675.52393,18527971.49,255102,827512,195.6582102,2.533797174e+11,255102,2476959.512,0.06931061691,9.709682839
2020-10-28,13290.32885,18528596.49,259212,817505,226.4087787,2.462511405e+11,259212,2673230.704,0.06814007465,10.31291261
2020-10-29,13475.2173,18529271.49,277836,887772,261.2061367,2.496859597e+11,277836,2424732.062,0.05801093834,8.727206202
2020-10-30,13603.29609,18529965.24,267995,901403,264.8941163,2.520686037e+11,267995,2318639.198,0.05358583649,8.651800212
2020-10-31,13807.23361,18530671.48,274513,875335,255.8208354,2.558573101e+11,274513,1676057.715,0.04415837504,6.105567732
2020-11-01,13736.89941,18531452.69,276664,897445,179.2570595,2.545647016e+11,276664,2143985.474,0.03408236357,7.749419779
2020-11-02,13595.56476,18532046.44,225214,777173,215.469892,2.519536376e+11,225214,2574671.357,0.06315449304,11.4321106
2020-11-03,13996.9154,18532921.44,330051,1029970,283.2912264,2.594037335e+11,330051,3106818.057,0.04452859664,9.413145414
2020-11-04,14129.1482,18533915.19,319925,1175181,205.8292503,2.618684344e+11,319925,2006093.703,0.03802288663,6.270512474
2020-11-05,15606.46683,18534833.94,319993,1071518,266.0113447,2.892632712e+11,319993,2958216.652,0.05380647708,9.244629264
2020-11-06,15618.97247,18535790.19,334639,1080743,228.9108717,2.895099968e+11,334639,3030053.396,0.04629491481,9.054692955
2020-11-07,14866.3563,18536702.69,273328,1055012,136.7390278,2.75573227e+11,273328,1680248.481,0.03626672124,6.147370487
2020-11-08,15500.00071,18537565.19,243396,920529,93.51738948,2.873322736e+11,243396,1471619.258,0.02957399865,6.046193273
2020-11-09,15319.81997,18538721.44,320528,1188873,141.1267921,2.840098751e+11,320528,2114066.011,0.03487031838,6.595573589
2020-11-10,15319.27568,18539640.19,308276,1026623,156.3377749,2.840138591e+11,308276,2196650.847,0.04202489815,7.125597992
2020-11-11,15731.24111,18540558.94,318925,1004339,105.9848394,2.91666003e+11,318925,2031288.578,0.03790139608,6.369173247
2020-11-12,16289.8149,18541558.94,329630,1064270,105.3076267,3.020385631e+11,329630,1944737.922,0.03721761136,5.899760102
2020-11-13,16330.06277,18542427.69,301426,999523,100.3890895,3.027990081e+11,301426,1581880.521,0.04064448554,5.247989626
2020-11-14,16102.01002,18543315.19,272079,915336,56.23647606,2.98584647e+11,272079,1886015.579,0.03006593584,6.931867505
2020-11-15,15986.75499,18544252.69,248137,845204,42.34032535,2.964624243e+11,248137,1571279.033,0.02465397138,6.332304465
2020-11-16,16743.05394,18545252.69,312340,1041491,84.52964229,3.105041662e+11,312340,3546949.446,0.03732210397,11.35605253
2020-11-17,17682.16919,18546233.94,350945,1142716,91.44362315,3.279376464e+11,350945,2953252.712,0.03839110421,8.415144003
2020-11-18,17804.69002,18547290.19,362407,1197076,98.6483144,3.302287527e+11,362407,2946020.238,0.03822773657,8.1290379
2020-11-19,17818.66866,18548146.44,309724,1052034,92.83101157,3.305032758e+11,309724,2371147.392,0.03889353426,7.65567858
2020-11-20,18663.78185,18549196.44,346562,1177776,74.90910661,3.46198156e+11,346562,2405091.146,0.03443224985,6.939858225
2020-11-21,18706.58934,18550252.69,308830,1007240,46.76982834,3.470119592e+11,308830,1892593.125,0.02548786374,6.128268384
2020-11-22,18482.69263,18551340.19,273653,875364,32.02519045,3.428787187e+11,273653,1920622.058,0.02191585437,7.018457894
2020-11-23,18373.25776,18552258.94,301519,1014814,58.86318321,3.408654356e+11,301519,2283146.05,0.03441148044,7.572146531
2020-11-24,19150.25105,18553108.94,330918,1052398,86.72336781,3.55296694e+11,330918,2293171.196,0.04056542121,6.929726387
2020-11-25,18748.39371,18554077.69,362628,1127776,97.856615,3.478591536e+11,362628,2254017.984,0.03526190084,6.215785831
2020-11-26,17113.71687,18555015.19,321713,1115848,103.3869822,3.175452766e+11,321713,2307408.774,0.04496112713,7.172258424
2020-11-27,17101.60302,18555977.69,323696,1099990,84.44098525,3.173369641e+11,323696,1853260.347,0.03513378245,5.725311241
2020-11-28,17745.37731,18556940.19,292638,1038684,55.62880464,3.292999055e+11,292638,1260452.221,0.02696606511,4.307206246
2020-11-29,18190.86688,18557877.69,259705,875712,39.65689557,3.375838827e+11,259705,1243469.387,0.02619776194,4.788007112
2020-11-30,19664.40761,18558583.94,262264,903580,75.91554544,3.649435593e+11,262264,2215394.008,0.04387225983,8.447190646
2020-12-01,18820.60779,18559533.94,378285,1179012,147.1786743,3.493017091e+11,378285,2151712.875,0.04491374612,5.688073478
2020-12-02,19214.87223,18560352.69,327335,1015318,128.5595251,3.566348055e+11,327335,1654505.019,0.03600638046,5.054470248
2020-12-03,19470.31121,18561333.94,343706,1165469,145.3310132,3.613949483e+11,343706,1493517.275,0.03196369043,4.345333729
2020-12-04,18732.96709,18562233.94,315591,1070208,106.8043939,3.477257176e+11,315591,1925052.887,0.03354610068,6.099834556
2020-12-05,19114.63313,18563133.94,283933,1077064,71.55543218,3.548274951e+11,283933,1522988.506,0.02589325134,5.363901012
2020-12-06,19356.31368,18563983.94,256611,906549,46.2850412,3.593302963e+11,256611,1307811.961,0.02483132935,5.096476615
2020-12-07,19182.17683,18564921.44,305857,1017188,69.46375134,3.56115606e+11,305857,1581633.801,0.03330372802,5.171154497
2020-12-08,18340.97814,18565821.44,329557,1057637,72.56967384,3.405153252e+11,329557,1665899.055,0.03223241397,5.054964861
2020-12-09,18574.69674,18566690.19,323845,1059284,73.17642539,3.448706397e+11,323845,1951871.398,0.03420653425,6.027177811
2020-12-10,18294.84695,18567502.69,311527,995137,72.52959727,3.3968962e+11,311527,1954658.841,0.03274195196,6.2744444
2020-12-11,18061.76003,18568365.19,304342,1078069,71.18650492,3.353773562e+11,304342,1410755.628,0.03453987868,4.635428656
2020-12-12,18813.28377,18569190.19,296177,962538,48.85952084,3.493474444e+11,296177,1397629.57,0.0267211193,4.718899746
2020-12-13,19156.08251,18570165.19,274709,938739,38.59964076,3.557316166e+11,274709,1646038.454,0.02579452244,5.991934936
2020-12-14,19286.7513,18571071.44,313940,977389,59.86704038,3.581756363e+11,313940,2060502.996,0.03143473935,6.563365599
2020-12-15,19432.58846,18571946.44,322798,1047043,70.23419998,3.609009922e+11,322798,2167325.59,0.03408743005,6.71418531
2020-12-16,21370.72032,18572840.19,313973,1098912,83.08817579,3.969149733e+11,313973,2533266.808,0.03514729447,8.068422469
2020-12-17,22789.26742,18573646.44,308001,1066159,164.4657575,4.232797957e+11,308001,2470506.917,0.04879489892,8.021100313
2020-12-18,23048.76456,18574627.69,377227,1194851,195.7063134,4.281222205e+11,377227,2428342.809,0.03553826054,6.437351538
2020-12-19,23856.77352,18575615.19,339766,1158142,114.9673124,4.431542446e+11,339766,1611002.032,0.02422054263,4.741504542
2020-12-20,23528.55061,18576558.94,282293,1075417,73.67000639,4.370795073e+11,282293,1327638.694,0.02144972754,4.703052127
2020-12-21,22937.41834,18577408.94,274086,1126710,142.0157836,4.261178007e+11,274086,1795752.144,0.04005350499,6.551783542
2020-12-22,23756.88877,18578302.69,322307,1095221,133.4141397,4.413626706e+11,322307,1971661.965,0.03253094324,6.117341434
2020-12-23,23307.2709,18579265.19,337585,1138302,142.7414582,4.33031967e+11,337585,2022647.572,0.03447602267,5.991520869
2020-12-24,23707.63304,18580052.69,271363,969168,106.7266384,4.404890712e+11,271363,2093549.647,0.03207426902,7.714941414
2020-12-25,24669.16432,18580952.69,298020,1021183,88.26712103,4.583765752e+11,298020,1950677.647,0.02528127795,6.545458853
2020-12-26,26478.06811,18581808.94,277615,957062,71.30821168,4.920104027e+11,277615,1946109.905,0.02898481857,7.010103579
2020-12-27,26430.8566,18582733.94,304240,1049825,89.69825858,4.91157576e+11,304240,2535182.101,0.02966059753,8.332836251
2020-12-28,27039.34902,18583733.94,314503,1154354,102.7529357,5.024920682e+11,314503,2011704.528,0.03002945816,6.396455768
2020-12-29,27231.20346,18584683.94,334580,1146131,104.8162327,5.060833096e+11,334580,1799022.15,0.0289846169,5.376956631
2020-12-30,28844.61368,18585758.94,340919,1221579,107.4567378,5.360990366e+11,340919,1713387.644,0.02899130525,5.025791006
2020-12-31,29022.67141,18586796.44,338444,1193822,109.7346427,5.394384858e+11,338444,1899205.087,0.02589093159,5.611578538
2021-01-01,29380.69373,18587727.69,261318,1001890,48.65132609,5.461203345e+11,261318,1616851.382,0.02038607412,6.187294339
2021-01-02,32022.68106,18588671.44,297595,1140633,81.97052081,5.952590969e+11,297595,2078780.744,0.02915502291,6.985267711
2021-01-03,33277.83531,18589658.94,359641,1184688,85.00530179,6.186236087e+11,359641,2226914.837,0.02214777473,6.192049396
2021-01-04,31802.14671,18590740.19,370865,1270082,109.5474781,5.912254471e+11,370865,1910945.341,0.02808561976,5.152671028
2021-01-05,34013.17417,18591721.44,355008,1230529,114.15545,6.323634596e+11,355008,2100499.342,0.02443941268,5.916766221
2021-01-06,36643.27772,18592827.69,398455,1344921,128.4415579,6.813021488e+11,398455,2032678.152,0.02203451902,5.101399537
2021-01-07,39215.65115,18593877.69,402123,1292297,122.7971724,7.291710211e+11,402123,2680074.787,0.02700452419,6.66481347
2021-01-08,40775.40456,18594802.69,358440,1237271,135.8746709,7.582106026e+11,358440,2457489.485,0.02925783356,6.856069314
2021-01-09,40370.68235,18595671.44,318922,1094947,108.1806186,7.507199449e+11,318922,1910331.821,0.01971599076,5.989965637
2021-01-10,38329.34017,18596665.19,332604,1177151,91.96246653,7.127979061e+11,332604,1872394.04,0.01968638116,5.629499466
2021-01-11,35269.51372,18597627.69,333441,1211948,137.4916357,6.55929285e+11,333441,2369165.477,0.03351336254,7.10520145
2021-01-12,33712.46855,18598552.69,336350,1202314,163.4531969,6.270031226e+11,336350,2284159.097,0.02825254397,6.791018572
2021-01-13,37296.54753,18599502.69,320071,1163164,137.091025,6.936972362e+11,320071,1660146.557,0.02293536686,5.186807166
2021-01-14,39045.51834,18600421.44,338553,1167975,142.053226,7.262630966e+11,338553,1906172.454,0.0241492248,5.630351686
2021-01-15,36710.31742,18601390.19,345053,1209589,146.268094,6.828629385e+11,345053,1778149.605,0.02221391852,5.153265165
2021-01-16,36177.2611,18602308.94,308421,1115276,87.66722907,6.729805876e+11,308421,1730911.6,0.0177293134,5.612171675
2021-01-17,36069.93947,18603140.19,268872,1002014,64.49934386,6.710141406e+11,268872,1394745.092,0.0174756046,5.187394345
2021-01-18,36594.2964,18604046.44,313873,1077578,85.27979158,6.808019898e+11,313873,1762319.922,0.02290777751,5.614754762
2021-01-19,36250.14619,18604977.69,326366,1095890,98.06347951,6.744331612e+11,326366,2156239.698,0.02382484185,6.606814735
2021-01-20,35515.48001,18605858.94,315516,1107233,95.2507255,6.607960114e+11,315516,2022411.125,0.02228357887,6.409852828
2021-01-21,31022.95103,18606665.19,288464,1059467,121.0570751,5.77233663e+11,288464,2330366.56,0.03161936462,8.078535139
2021-01-22,32986.43576,18607546.44,326671,1115180,114.462799,6.137966353e+11,326671,1948849.114,0.02379853967,5.965785496
2021-01-23,32036.28227,18608521.44,303320,1128728,73.30004331,5.961478456e+11,303320,1625393.065,0.0171897911,5.358674223
2021-01-24,32216.10429,18609390.19,254109,1004162,58.54660223,5.995220552e+11,254109,1517621.178,0.01709495956,5.972323601
2021-01-25,32419.70595,18610265.19,312958,1121794,100.7075113,6.033393251e+11,312958,2410223.204,0.02572275027,7.70142704
2021-01-26,32640.63914,18611271.44,335923,1182517,82.21951972,6.074837951e+11,335923,1667901.194,0.01981186695,4.965129491
2021-01-27,30358.93472,18612158.94,323598,1106142,83.11742251,5.650453184e+11,323598,2049120.869,0.02409738703,6.332303875
2021-01-28,33511.2876,18613065.19,325159,1097896,86.63632959,6.237477807e+11,325159,2067528.138,0.02158982993,6.358514259
2021-01-29,34166.14943,18614015.19,339577,1208741,169.1020757,6.359692245e+11,339577,2545663.439,0.02976630428,7.496572025
2021-01-30,34349.9171,18614865.19,313065,1087755,138.1880221,6.394190761e+11,313065,1945236.579,0.0200877923,6.213523002
2021-01-31,33157.83257,18615765.19,287082,1063553,98.23914303,6.172584255e+11,287082,1983618.671,0.01664095501,6.909589144
2021-02-01,33570.27185,18616508.94,283467,999221,131.199757,6.24961266e+11,283467,1920610.588,0.02802196551,6.775429196
2021-02-02,35596.14891,18617465.19,363397,1202183,145.9503595,6.627100633e+11,363397,1904151.07,0.02297374927,5.239864584
2021-02-03,37578.37321,18618402.69,345764,1187019,136.1553629,6.996492849e+11,345764,2016402.969,0.02381917905,5.831731959
2021-02-04,37129.20294,18619402.69,367536,1226684,165.7297522,6.913235811e+11,367536,2203214.28,0.02283870735,5.994553677
2021-02-05,38045.41361,18620458.9,360061,1257476,145.1381524,7.084230603e+11,360061,1934598.22,0.01960036518,5.372973523
2021-02-06,39341.72708,18621452.52,328082,1147256,113.5796254,7.326001029e+11,328082,2144239.476,0.01988034227,6.535681554
2021-02-07,39003.01218,18622427.52,286807,1159518,84.7209373,7.263307674e+11,286807,2035988.599,0.01651941642,7.098810695
2021-02-08,46121.93407,18623440.02,340919,1249543,138.9558894,8.589490728e+11,340919,2042530.681,0.0221369728,5.991249187
2021-02-09,46548.16199,18624333.77,359788,1174227,195.6524181,8.669285053e+11,359788,3407400.326,0.02644572734,9.470578024
2021-02-10,45078.12835,18625227.52,340736,1191329,170.1301066,8.395903967e+11,340736,2195608.608,0.02262738133,6.443723611
2021-02-11,47892.84092,18626033.77,301861,1052110,186.1920974,8.920536723e+11,301861,2278010.903,0.02328114137,7.546555875
2021-02-12,47525.20914,18626921.26,347247,1157108,200.9160539,8.852483285e+11,347247,2171108.017,0.02116771326,6.252344921
2021-02-13,47208.62503,18627899.92,333184,1217682,141.3293764,8.793975422e+11,333184,1510543.997,0.01488579681,4.533663073
2021-02-14,48829.82751,18628821.37,297041,1122976,107.3925408,9.096421341e+11,297041,1886475.548,0.0152457225,6.350892801
2021-02-15,48110.24173,18629769.49,312281,1140491,120.8703166,8.962827138e+11,312281,2369578.399,0.0195065742,7.587968525
2021-02-16,49140.38266,18630524.85,293716,989854,120.263193,9.155111204e+11,293716,2477894.161,0.02283254503,8.436360842
2021-02-17,52224.93911,18631385.97,318209,1134666,143.182509,9.730229977e+11,318209,2028363.105,0.02330304296,6.374310926
2021-02-18,51650.06995,18632239.87,317446,1138881,147.3960727,9.623564927e+11,317446,2217152.95,0.02222649458,6.984346785
2021-02-19,55820.5044,18633196.08,340244,1248515,160.8900253,1.040114404e+12,340244,2240165.271,0.02115710011,6.583996399
2021-02-20,55861.82057,18634108.56,321732,1187083,147.5233192,1.040935229e+12,321732,2220362.242,0.02053280735,6.901278836
2021-02-21,57500.71611,18634989.28,272006,1047141,114.8744249,1.071525228e+12,272006,1772118.307,0.01886933022,6.514997122
2021-02-22,53952.15334,18635820.53,284119,1094544,133.0178034,1.005442647e+12,284119,2011055.678,0.0261528023,7.078216093
2021-02-23,48560.48904,18636614.28,288011,1054613,183.70473,9.050031032e+11,288011,2224773.604,0.03348401205,7.724613311
2021-02-24,49567.34569,18637607.4,354258,1230122,186.1418268,9.238167288e+11,354258,2108065.899,0.02029561975,5.9506515
2021-02-25,47568.13117,18638582.4,328850,1217040,156.2876724,8.866025324e+11,328850,2451822.738,0.02119065801,7.455748024
2021-02-26,46231.76758,18639451.13,305149,1114180,145.081742,8.617347724e+11,305149,2079158.134,0.02195460077,6.813583311
2021-02-27,45834.51336,18640432.38,322758,1202477,104.5783883,8.54375147e+11,322758,1735292.465,0.01458638809,5.376450668
2021-02-28,45359.46416,18641251.13,252499,1033508,82.67390202,8.455571626e+11,252499,1699829.32,0.01709014898,6.73202397
2021-03-01,49634.44711,18642063.63,278708,1073523,124.4415777,9.252885213e+11,278708,1699685.713,0.02151731433,6.098446092
2021-03-02,48304.70549,18642957.38,340722,1119669,131.05954,9.005425657e+11,340722,1915715.041,0.01924232827,5.622516425
2021-03-03,50690.46718,18643907.38,332985,1185450,133.6968013,9.450683752e+11,332985,1862616.445,0.01942154126,5.593694747
2021-03-04,48472.79548,18644707.38,290966,1042797,111.7907491,9.037610875e+11,290966,1555224.724,0.02052293436,5.345039366
2021-03-05,48800.81736,18645638.63,315193,1154593,113.5738441,9.099224053e+11,315193,1725652.772,0.0170298787,5.4749083
2021-03-06,48970.52449,18646588.63,288073,1147083,78.13119123,9.131332251e+11,288073,1521493.874,0.01424877531,5.281626095
2021-03-07,51086.46818,18647501.13,259265,1043256,69.79926905,9.526349731e+11,259265,2082383.429,0.01657904784,8.031872522
2021-03-08,52088.47513,18648469.88,294249,1164249,91.72593738,9.713703596e+11,294249,1925938.397,0.01776880582,6.545267435
2021-03-09,54739.13525,18649344.88,299423,1088598,106.2481788,1.020849012e+12,299423,1921681.662,0.02073470826,6.417949395
2021-03-10,56116.04091,18650276.13,342661,1165773,109.3509721,1.046579658e+12,342661,1673997.541,0.01806969956,4.885287621
2021-03-11,57847.25494,18651101.13,293471,1084417,112.2447559,1.078915002e+12,293471,1652596.625,0.01910203001,5.6312093
2021-03-12,57334.64153,18652038.63,320069,1186618,116.4199076,1.069407949e+12,320069,1388667.688,0.01717874175,4.338651003
2021-03-13,61288.79413,18652932.38,276253,1104466,116.3265891,1.143215733e+12,276253,1145875.276,0.01825782373,4.147919756
2021-03-14,59905.61847,18653913.63,305716,1155175,88.24994026,1.117474233e+12,305716,1312817.35,0.012893198,4.29423828
2021-03-15,56121.12192,18654838.63,295380,1167577,113.7125562,1.046930473e+12,295380,1352168.08,0.01992119832,4.57772388
2021-03-16,56500.44603,18655769.88,319854,1161912,109.8543969,1.054059319e+12,319854,1433840.382,0.01736920802,4.48279647
2021-03-17,58683.06598,18656619.88,290856,1110541,106.3034307,1.094827655e+12,290856,1371382.788,0.0172281387,4.714988819
2021-03-18,57731.47984,18657569.88,335857,1219716,138.3102244,1.077129119e+12,335857,1338844.223,0.01729290506,3.986351998
2021-03-19,58168.12192,18658494.88,315088,1158820,114.6393862,1.085329605e+12,315088,1226873.224,0.01633100689,3.893747856
2021-03-20,58247.88471,18659457.38,281882,1124513,81.5996043,1.086873922e+12,281882,1147569.987,0.01349934,4.071100628
2021-03-21,57447.93302,18660432.38,240660,1112554,62.35263528,1.072003269e+12,240660,1135302.557,0.01454276866,4.717454323
2021-03-22,54453.13735,18661376.13,295471,1144113,84.14870376,1.016170478e+12,295471,1350048.322,0.01785463698,4.569139853
2021-03-23,54563.61195,18662382.38,316687,1234149,83.26441284,1.01828699e+12,316687,1838717.625,0.01690353639,5.806103898
2021-03-24,52595.41132,18663332.38,301818,1153475,81.68687628,9.816056432e+11,301818,1703182.467,0.01864472537,5.643077838
2021-03-25,51547.1249,18664294.88,320449,1218346,84.68911096,9.620907393e+11,320449,1744129.303,0.01783148918,5.442767188
2021-03-26,54817.85711,18665144.88,293636,1085835,80.31693783,1.023183245e+12,293636,1413134.299,0.01875301324,4.812537627
2021-03-27,56019.83731,18666138.63,286113,1149403,66.62915965,1.045674049e+12,286113,1206295.136,0.01384118622,4.216149339
2021-03-28,55713.03814,18667132.38,244181,1063472,56.27167365,1.040002658e+12,244181,907053.8015,0.01356454477,3.714678052
2021-03-29,57571.23335,18668076.13,307500,1115525,83.21122777,1.074744167e+12,307500,1611773.964,0.01809931696,5.241541347
2021-03-30,58684.54839,18668988.63,323613,1154381,96.5604676,1.095581167e+12,323613,1501292.433,0.01717658272,4.639159838
2021-03-31,58792.19483,18669969.88,330775,1234495,100.7544632,1.097648507e+12,330775,1353285.654,0.01667986716,4.091257363
2021-04-01,58818.9771,18670876.13,315091,1145125,91.53904026,1.098201835e+12,315091,1381855.022,0.01697467466,4.385574397
2021-04-02,59031.53402,18671751.13,302587,1103476,90.08651483,1.102222112e+12,302587,1375881.618,0.01699091878,4.547061235
2021-04-03,57282.38962,18672569.88,278911,1020968,82.3372467,1.069609423e+12,278911,1367843.627,0.01512691781,4.904229761
2021-04-04,58202.19939,18673482.38,247000,1032167,66.82380236,1.086837745e+12,247000,1152941.396,0.01278955104,4.66777893
2021-04-05,58755.85253,18674457.38,289931,1229289,95.87102016,1.097233664e+12,289931,1737591.892,0.01682133707,5.993122129
2021-04-06,58084.06642,18675357.38,310254,1180036,105.9356143,1.084740698e+12,310254,2131415.408,0.01819776171,6.869904684
2021-04-07,56266.83468,18676338.63,318898,1246138,101.659042,1.050858458e+12,318898,1709813.374,0.01703845623,5.36163091
2021-04-08,57963.3446,18677176.13,280374,1092604,92.97359248,1.082591596e+12,280374,1491405.903,0.01714090184,5.319344529
2021-04-09,58051.76256,18678126.13,322101,1222362,114.1197489,1.084298143e+12,322101,1586824.982,0.01605789314,4.926482632
2021-04-10,59651.55899,18679107.38,300140,1163952,90.60469985,1.114237876e+12,300140,1551781.361,0.01339743694,5.170191781
2021-04-11,59932.93065,18680013.63,254567,1043812,62.87370326,1.119547961e+12,254567,1372678.944,0.01300977595,5.392210868
2021-04-12,59905.93637,18680913.56,291473,1126723,92.07152174,1.119097619e+12,291473,1683471.715,0.01879613387,5.775738114
2021-04-13,63445.63831,18681801,310996,1178027,103.1921942,1.185278789e+12,310996,1876491.133,0.01839369941,6.033811152
2021-04-14,62869.49559,18682644.72,295564,1149773,136.0636579,1.17456845e+12,295564,1830015.149,0.0204391651,6.191603676
2021-04-15,63231.16299,18683719.51,358905,1366494,155.969935,1.181393313e+12,358905,1834570.779,0.01540643812,5.111577658
2021-04-16,61571.11009,18684363.26,218612,933121,144.4906983,1.150416987e+12,218612,1833992.726,0.0237449024,8.389259171
2021-04-17,60280.87618,18684932.01,195677,828375,163.6170892,1.126344073e+12,195677,1167627.42,0.02420336419,5.96711632
2021-04-18,56389.55798,18685707.01,276174,1057891,215.7869565,1.053678759e+12,276174,1655337.928,0.01979089817,5.993822475
2021-04-19,55798.13708,18686313.26,207290,884672,217.6194429,1.042661468e+12,207290,1286314.543,0.02693638316,6.205386383
2021-04-20,56474.37376,18687113.26,280365,1126908,302.5844042,1.055343018e+12,280365,1840421.16,0.02158501138,6.56437558
2021-04-21,54025.79957,18687744.51,226747,918079,255.1224495,1.009620339e+12,226747,1988230.131,0.0237664229,8.768495862
2021-04-22,51882.05981,18688638.26,269958,1114976,295.1084414,9.696050478e+11,269958,2232752.287,0.0241509301,8.270739473
2021-04-23,50954.91006,18689482.01,296653,1114180,268.530076,9.523208747e+11,296653,2146087.825,0.02203909297,7.234337173
2021-04-24,50279.94845,18690387.98,291934,1125210,168.0429834,9.397517441e+11,291934,1601603.357,0.0130242377,5.486183032
2021-04-25,48946.94074,18691269.23,241657,1026103,115.1706598,9.148804475e+11,241657,1665301.001,0.01327913431,6.891176341
2021-04-26,53943.34998,18691981.63,241837,943203,169.6990862,1.008308107e+12,241837,2126325.351,0.02280169846,8.792390539
2021-04-27,55027.03098,18692869.13,297541,1092574,160.9058926,1.028613089e+12,297541,2266062.155,0.01765784893,7.615966053
2021-04-28,54787.37871,18693756.63,276370,1113474,136.9969542,1.024181924e+12,276370,2000280.068,0.01750049049,7.23768885
2021-04-29,53567.08119,18694519.13,256358,986056,142.3540228,1.001410824e+12,256358,2101077.637,0.02165509067,8.195873104
2021-04-30,57741.44442,18695425.38,292939,1122022,145.1113176,1.079500865e+12,292939,2219756.459,0.01882529976,7.577538186
2021-05-01,57863.59039,18696294.13,260173,1040203,98.81034028,1.081834705e+12,260173,1589708.57,0.01448914584,6.110198099
2021-05-02,56572.59684,18697450.38,235137,1248724,84.38782013,1.057763322e+12,235137,1499304.68,0.01485114785,6.376302665
2021-05-03,57243.04161,18698556.55,288071,1268856,113.2496722,1.07036225e+12,288071,2194129.879,0.01823802458,7.616628812
2021-05-04,53724.10893,18699687.8,300350,1293836,97.53002835,1.004624064e+12,300350,2345329.352,0.01898588958,7.808654408
2021-05-05,57342.02566,18700669.05,309762,1208973,100.2967103,1.072334244e+12,309762,1782429.885,0.01735897866,5.754191558
2021-05-06,56527.35298,18701731.55,310841,1228892,109.2137207,1.057159381e+12,310841,1820234.421,0.01802667109,5.855837618
2021-05-07,57341.06845,18702806.55,306397,1187763,104.2027543,1.072438911e+12,306397,1912968.505,0.0172488938,6.243430924
2021-05-08,58736.1259,18703875.3,275777,1169650,87.09333133,1.098593174e+12,275777,1377590.869,0.01619020638,4.995307326
2021-05-09,58288.42563,18705037.8,246707,1234486,68.83308148,1.090287205e+12,246707,1075885.739,0.0151736814,4.36098586
2021-05-10,55902.92774,18706162.8,305887,1315147,102.5038829,1.045729267e+12,305887,1473302.265,0.01953386064,4.816491924
2021-05-11,56612.10265,18707237.8,309496,1258920,81.30313479,1.059056066e+12,309496,1178752.73,0.01745965887,3.80862024
2021-05-12,50972.35508,18708312.8,301570,1245595,77.2088848,9.536067629e+11,301570,1716757.444,0.02030512419,5.692732846
2021-05-13,49368.61447,18709319.05,274151,1187747,71.54922349,9.236531591e+11,274151,2506105.891,0.02517793973,9.141334121
2021-05-14,49997.3959,18710156.55,267317,1066269,73.11896291,9.354591043e+11,267317,2311663.958,0.02146111774,8.647650387
2021-05-15,47047.96333,18710925.3,231360,953308,61.6694623,8.803109273e+11,231360,1990706.629,0.02069228785,8.604368209
2021-05-16,46022.50371,18711750.3,219486,971649,53.24761006,8.611615975e+11,219486,1896790.968,0.02095726921,8.641967906
2021-05-17,43492.39548,18712506.55,252917,962984,76.96149261,8.138517353e+11,252917,2659372.602,0.02761402279,10.51480368
2021-05-18,42789.80939,18713131.55,220564,856695,67.70649625,8.007313321e+11,220564,1926322.496,0.02811417057,8.733621517
2021-05-19,37642.52,18713912.8,264932,1031147,124.8430974,7.044388368e+11,264932,3168153.601,0.04858867047,11.95836517
2021-05-20,40799.40215,18714612.8,226451,943686,131.9715119,7.635450136e+11,226451,2765345.798,0.03727995804,12.21167404
2021-05-21,37174.3311,18715300.3,225921,942736,131.8430115,6.957287699e+11,225921,2307723.504,0.03421715905,10.21473659
2021-05-22,37643.4198,18716025.3,221219,918673,98.81884261,7.045351972e+11,221219,2328512.192,0.02256304035,10.52582369
2021-05-23,34774.20722,18716769.05,195260,957018,81.12379396,6.508608054e+11,195260,2261827.736,0.0287156798,11.5836717
2021-05-24,38630.40912,18717556.29,236897,975836,98.20728103,7.230668573e+11,236897,2524431.834,0.02831965866,10.65624231
2021-05-25,38269.77107,18718325.04,232254,968674,86.01523025,7.163460143e+11,232254,2265591.544,0.02639158719,9.75480097
2021-05-26,39194.8589,18719087.54,228063,933622,76.84605634,7.336919949e+11,228063,2200014.347,0.02615138895,9.646520249
2021-05-27,38510.85704,18719818.79,217523,864432,66.47903988,7.209162654e+11,217523,2031075.105,0.02788823938,9.337288952
2021-05-28,35596.71795,18720562.54,217451,972164,68.98533519,6.663905847e+11,217451,2969774.874,0.0282891249,13.65721415
2021-05-29,34681.81837,18721287.54,192912,863265,45.39305918,6.492882942e+11,192912,2017237.539,0.02170021745,10.45677583
2021-05-30,35652.16877,18722187.54,182281,990443,36.75241843,6.6748659e+11,182281,1092172.558,0.02033881879,5.991697206
2021-05-31,37312.9749,18723068.79,229620,977895,46.93975809,6.986133959e+11,229620,1106598.928,0.02604849929,4.819261946
2021-06-01,36661.37812,18723956.29,231423,914351,46.21381566,6.864460415e+11,231423,1468508.693,0.02592057497,6.345560695
2021-06-02,37639.45567,18724993.79,252343,1090605,50.74028197,7.047985739e+11,252343,1150443.279,0.02298755347,4.559045739
2021-06-03,39160.15041,18725912.54,253523,1015474,50.31519761,7.333095518e+11,253523,1193528.095,0.02302000862,4.707770477
2021-06-04,36884.37356,18726731.29,235300,907519,41.83791933,6.907237525e+11,235300,1029124.053,0.02300467429,4.373667883
2021-06-05,35409.56724,18727550.04,192819,762659,28.98173143,6.631344424e+11,192819,783706.3671,0.02053718971,4.064466505
2021-06-06,35720.60435,18728487.54,188480,737174,23.01663051,6.689928937e+11,188480,1825977.276,0.01740964385,9.687909996
2021-06-07,33724.90775,18729318.79,237064,910652,35.42582479,6.316445485e+11,237064,2311578.901,0.02563846894,9.750864329
2021-06-08,33475.04892,18730250.04,245071,998834,33.90502999,6.269960365e+11,245071,2464264.92,0.02717925826,10.05531017
2021-06-09,37372.9889,18731037.54,213689,817282,35.82918778,7.000348581e+11,213689,1251744.598,0.0250072319,5.857786772
2021-06-10,36826.00222,18731775.04,252966,948298,44.98929156,6.898163893e+11,252966,1418130.36,0.02664956663,5.606011719
2021-06-11,37185.39313,18732431.29,212379,874050,40.92023852,6.965728218e+11,212379,1428444.282,0.02599025904,6.725920556
2021-06-12,35669.17128,18733256.29,223896,1013611,34.50468002,6.681997274e+11,223896,1016512.712,0.01918000827,4.540111087
2021-06-13,38925.41943,18734081.29,182420,799859,22.77602573,7.292319719e+11,182420,1077885.553,0.01849233767,5.908812374
2021-06-14,40455.59598,18734925.04,248537,972587,39.54736393,7.579325583e+11,248537,1494560.5,0.02248611046,6.013432606
2021-06-15,40254.65147,18735743.79,242092,963054,38.10879721,7.542008364e+11,242092,1403291.767,0.02336281562,5.796522675
2021-06-16,38265.54377,18736512.54,254125,954838,38.60919505,7.169628409e+11,254125,1664888.581,0.02196856276,6.551455312
2021-06-17,38018.64323,18737325.04,236736,865333,31.44356138,7.12367676e+11,236736,1586349.702,0.02106198254,6.700922977
2021-06-18,35714.31208,18738100.04,224077,825241,32.53610872,6.692183527e+11,224077,1620857.99,0.02246390742,7.23348666
2021-06-19,35555.9764,18738743.79,182467,688095,23.01134957,6.66274332e+11,182467,1059049.312,0.02154931681,5.804059427
2021-06-20,35599.94188,18739400.04,168027,652470,22.47369117,6.671215524e+11,168027,1265113.219,0.02128177632,7.529225776
2021-06-21,31715.15986,18740056.29,208474,835557,42.25495751,5.943438812e+11,208474,1860092.741,0.03071171655,8.922420736
2021-06-22,32394.55559,18740625.04,196802,776432,47.89336831,6.070942198e+11,196802,1917046.058,0.03577761691,9.7409887
2021-06-23,33610.49681,18741256.29,233460,847730,55.05415936,6.299029349e+11,233460,1836124.298,0.02914083673,7.864834652
2021-06-24,34658.97288,18741912.54,226845,843836,47.28416658,6.495754385e+11,226845,1759239.69,0.02400991521,7.755250017
2021-06-25,31683.5032,18742600.04,223011,880813,45.55393556,5.938312284e+11,223011,2560105.629,0.02649700681,11.47972804
2021-06-26,31890.67645,18743156.29,180868,715801,29.53092059,5.977319329e+11,180868,1745750.362,0.02166118995,9.652068702
2021-06-27,34506.4912,18743518.79,123967,518219,26.7283051,6.467730662e+11,123967,1247577.564,0.02990741638,10.06378765
2021-06-28,34376.18854,18744068.79,215492,776365,51.90601631,6.443496428e+11,215492,1629959.61,0.02813124552,7.563898473
2021-06-29,35933.77822,18744631.29,207236,792995,54.94764079,6.735654237e+11,207236,1372429.371,0.02750334223,6.622543239
2021-06-30,35065.46615,18745181.29,217133,790273,61.92774978,6.573085202e+11,217133,1216962.736,0.02702430921,5.604688075
2021-07-01,33505.08049,18745781.29,232056,817115,72.50566552,6.280789111e+11,232056,1670993.114,0.02636095741,7.200818397
2021-07-02,33782.94595,18746343.79,189904,809016,62.93307195,6.333067191e+11,189904,1719599.97,0.02891402667,9.055101366
2021-07-03,34588.22429,18747137.54,234315,1027108,57.69736962,6.484301982e+11,234315,1268360.25,0.01834213849,5.413056144
2021-07-04,35355.60789,18747856.29,169312,843475,42.68100557,6.628418558e+11,169312,1560143.387,0.02152351622,9.214606097
2021-07-05,33911.75384,18748681.29,223372,902032,47.22304028,6.358006648e+11,223372,1446263.839,0.02327821214,6.474687244
2021-07-06,34123.98157,18749568.79,232857,853332,47.14061869,6.398099399e+11,232857,1360778.447,0.02376270185,5.843837408
2021-07-07,33931.61864,18750337.54,220912,811614,37.55775412,6.362293028e+11,220912,1348156.478,0.0254848143,6.102685587
2021-07-08,32819.65953,18751206.29,228850,802085,29.20520209,6.154082063e+11,228850,3233631.051,0.02391444674,14.12991502
2021-07-09,33914.88107,18752025.04,223467,818441,26.20444929,6.359726992e+11,223467,3291219.548,0.02216967821,14.72798914
2021-07-10,33610.94584,18753031.29,193966,726034,19.75597862,6.303071191e+11,193966,1927423.009,0.01945657832,9.936911672
2021-07-11,34258.44139,18753812.54,160653,690684,18.0914044,6.424763878e+11,160653,1773378.433,0.01812154829,11.03856406
2021-07-12,33135.23591,18754600.04,225239,838472,29.64123093,6.214380969e+11,225239,1744221.811,0.02268413003,7.743871228
2021-07-13,32641.97596,18755450.04,227411,807050,31.50950453,6.122149494e+11,227411,1508568.855,0.02299566671,6.633667038
2021-07-14,32798.28452,18756512.54,235584,817900,24.24152574,6.15181435e+11,235584,1486109.995,0.02184370343,6.30819578
2021-07-15,31707.69004,18757312.54,224713,828844,22.47964079,5.94751052e+11,224713,1860576.345,0.02505262916,8.27978953
2021-07-16,31455.71758,18758250.04,223179,764392,17.43069111,5.900542157e+11,223179,1844279.95,0.0227452449,8.2636805
2021-07-17,31547.9512,18759143.79,181727,640355,12.47773765,5.918125529e+11,181727,1856212.726,0.0199649098,10.21429246
2021-07-18,31707.70385,18760043.79,163158,651828,12.23553791,5.948379129e+11,163158,1189873.812,0.02032789895,7.29277027
2021-07-19,30883.46975,18761106.29,228590,845474,19.32263102,5.794080586e+11,228590,1831275.376,0.02330272492,8.011178861
2021-07-20,29766.65772,18761868.79,228207,822257,17.31679808,5.584781265e+11,228207,1806786.661,0.02611186675,7.91731481
2021-07-21,32119.65723,18762775.04,237007,815589,14.85813128,6.02653903e+11,237007,1830684.626,0.02390925266,7.724179566
2021-07-22,32306.96143,18763731.29,223683,780869,13.57207142,6.061991431e+11,223683,1746996.295,0.02206759684,7.810143351
2021-07-23,33439.5957,18764575.04,234138,803246,19.43425167,6.27479803e+11,234138,1723847.863,0.02043640139,7.362529206
2021-07-24,34166.91465,18765537.54,196325,712132,12.89541262,6.411605197e+11,196325,1475179.174,0.01904880808,7.513964974
2021-07-25,35119.93744,18766493.79,172110,641796,9.56048467,6.590780879e+11,172110,1412446.362,0.01732739419,8.206649016
2021-07-26,37444.78251,18767431.29,269826,958347,18.62782094,7.02742383e+11,269826,2421407.872,0.02357994735,8.973960522
2021-07-27,39126.54029,18768493.79,251334,903400,15.93512278,7.343462285e+11,251334,7016044.032,0.01971613116,27.91522051
2021-07-28,39939.19404,18769475.04,255513,868607,15.71437773,7.496377058e+11,255513,4132248.066,0.02086634495,16.17235939
2021-07-29,40086.1644,18770475.04,261353,880689,15.05617547,7.524363483e+11,261353,2585282.112,0.01776725239,9.891916724
2021-07-30,41789.6671,18771512.54,250833,841162,14.24411318,7.844552601e+11,250833,1685882.49,0.01661113974,6.721135139
2021-07-31,41793.31375,18772500.04,204354,720022,11.1087788,7.845649841e+11,204354,2007708.091,0.0165513078,9.824657659
2021-08-01,39968.96895,18773462.54,190234,695892,9.80192789,7.503559415e+11,190234,3511271.449,0.01709138409,18.457644
2021-08-02,39304.18628,18774356.29,236019,899861,13.33482268,7.379107971e+11,236019,2690035.781,0.01961068458,11.3975391
2021-08-03,38288.8254,18775412.54,246833,820918,12.82913572,7.188884926e+11,246833,2507143.382,0.02023869868,10.15724551
2021-08-04,39773.91135,18776262.54,237723,842870,15.02438352,7.468054018e+11,237723,2292202.547,0.01977741121,9.642325509
2021-08-05,40941.65043,18777262.54,249454,854629,15.08229896,7.687721191e+11,249454,1792328.462,0.01927723948,7.185005902
2021-08-06,42790.35733,18778256.29,258639,894265,14.12583268,8.035282968e+11,258639,1919975.079,0.01713465476,7.423378065
2021-08-07,44484.90059,18779300.04,207621,724467,10.13663808,8.353952955e+11,207621,1807755.91,0.01608491849,8.706999339
2021-08-08,43972.30102,18780287.54,197270,740945,10.08554291,8.25812457e+11,197270,1823294.928,0.01582587183,9.242636628
2021-08-09,46265.64246,18781237.54,254532,934412,13.69567669,8.68926021e+11,254532,1876342.146,0.01713658252,7.371733794
2021-08-10,45488.79126,18782268.79,259626,875882,13.91763695,8.543827045e+11,259626,1832446.651,0.01720724992,7.05802443
2021-08-11,45676.32636,18783187.54,261571,866724,13.11044169,8.579470043e+11,261571,2269007.415,0.01780859068,8.674537371
2021-08-12,44405.74835,18784131.29,252677,842547,13.0493474,8.341234071e+11,252677,1927670.249,0.01690898201,7.628989773
2021-08-13,47717.48536,18785018.79,256053,917929,23.34173343,8.963738592e+11,256053,1579192.975,0.01648896613,6.167445703
2021-08-14,47124.20507,18786043.79,211657,724702,10.94531891,8.852773802e+11,211657,1767896.879,0.01500950518,8.35265018
2021-08-15,47074.37071,18787181.29,181221,750378,9.58486987,8.843947368e+11,181221,1702426.113,0.01476100454,9.394198867
2021-08-16,45984.71991,18788187.54,270372,978773,17.1662457,8.639695417e+11,270372,2452377.465,0.01657078703,9.070382528
2021-08-17,44714.0968,18789262.54,254546,953226,15.65881585,8.401449041e+11,254546,2448467.174,0.01829724983,9.618957573
2021-08-18,44954.36375,18790106.29,247197,876483,14.75854262,8.446972731e+11,247197,2739754.662,0.01774168142,11.08328443
2021-08-19,46646.8615,18791068.79,254656,888796,13.06267696,8.765443835e+11,254656,2513233.495,0.01628446107,9.86913128
2021-08-20,49240.8356,18792068.79,272396,984372,15.88210822,9.253371701e+11,272396,2236087.592,0.01645607736,8.208958988
2021-08-21,49070.24097,18793131.29,216018,787645,11.01828419,9.221834811e+11,216018,2385637.898,0.01461723003,11.04369959
2021-08-22,49363.3161,18794156.29,191939,715639,11.80095335,9.277418778e+11,191939,1803712.679,0.01286957705,9.397322479
2021-08-23,49590.87637,18795387.54,271010,973417,14.28896429,9.320797399e+11,271010,3192866.553,0.01687667291,11.78136066
2021-08-24,47925.86221,18796350.04,263660,945668,15.04173196,9.008312822e+11,263660,8312075.115,0.01586266715,31.52573434
2021-08-25,49002.3166,18797350.04,264966,867743,12.84157954,9.211136981e+11,264966,4184577.833,0.01506994059,15.792886
2021-08-26,47190.34499,18798262.54,254481,818959,11.39117027,8.870964947e+11,254481,4643713.121,0.01556059826,18.24777929
2021-08-27,49048.47559,18799175.04,260937,864176,12.25544326,9.220708782e+11,260937,3875830.218,0.01502124156,14.85350954
2021-08-28,48852.4688,18800056.29,212867,726381,10.2964037,9.184291635e+11,212867,3414497.359,0.01285625917,16.04051994
2021-08-29,48948.34796,18801031.29,196139,685753,8.95200448,9.202794217e+11,196139,3713026.566,0.01256802376,18.93058783
2021-08-30,47125.76852,18801875.04,249956,910173,12.53968831,8.86052811e+11,249956,4082419.024,0.0167166929,16.33255062
2021-08-31,47219.24434,18802775.04,273720,930055,14.41472193,8.878528291e+11,273720,3902508.548,0.01704415247,14.25730143
2021-09-01,48688.53756,18803631.29,277500,954959,17.25535838,9.155213084e+11,277500,3997670.289,0.01742395731,14.40601906
2021-09-02,49369.58627,18804562.54,293611,1026339,20.24858341,9.283734728e+11,293611,4272102.613,0.01648223251,14.55021308
2021-09-03,49860.53416,18805487.54,278164,1008068,17.97292807,9.376516541e+11,278164,2959491.55,0.0164195393,10.63937659
2021-09-04,49919.57756,18806456.29,227677,776022,11.90480788,9.388103536e+11,227677,2792086.152,0.01241476852,12.26336499
2021-09-05,51747.64386,18807481.29,206820,735688,10.5817088,9.732428438e+11,206820,2132185.474,0.01231200017,10.30937759
2021-09-06,52640.58837,18808556.29,269949,968860,17.30054472,9.900934697e+11,269949,3517820.766,0.01507447057,13.03142729
2021-09-07,46854.4006,18809512.54,277913,938525,18.85074144,8.813084358e+11,277913,4093822.666,0.01988223066,14.73059075
2021-09-08,46187.97573,18810400.04,271871,907794,14.70435625,8.688143007e+11,271871,3345431.273,0.01804331077,12.30521561
2021-09-09,46448.77483,18811256.29,275020,937415,13.7584358,8.737598078e+11,275020,3850730.893,0.01546038626,14.00163949
2021-09-10,44765.27558,18812106.29,260963,906178,14.70375485,8.421291224e+11,260963,10238215.31,0.01539034422,39.23244027
2021-09-11,45098.59164,18813031.29,210848,823454,9.95267928,8.484412159e+11,210848,5420585.138,0.01332511677,25.70849682
2021-09-12,46180.61246,18813950.04,193569,705573,8.65229485,8.688397357e+11,193569,4454714.748,0.01246265412,23.01357525
2021-09-13,44991.52213,18814943.79,253041,908372,15.1574732,8.4651296e+11,253041,9889018.403,0.01603922174,39.08069603
2021-09-14,47022.61776,18815993.79,270910,952892,15.10542176,8.847772839e+11,270910,11132951.52,0.01525046954,41.0946496
2021-09-15,48167.18937,18816881.29,268455,976201,17.07280917,9.063562845e+11,268455,3915296.587,0.01606161809,14.58455453
2021-09-16,47797.32832,18817731.29,270023,1021047,16.65778252,8.994372809e+11,270023,4332975.88,0.01505734787,16.04669187
2021-09-17,47213.79413,18818650.04,273808,943981,15.00825444,8.884998689e+11,273808,3551429.466,0.01514366751,12.97051024
2021-09-18,48204.01365,18819618.79,227894,819880,11.56360522,9.071811612e+11,227894,3017240.251,0.01230345681,13.23966516
2021-09-19,47218.474,18820618.79,199632,714326,8.25785104,8.886808991e+11,199632,2526551.019,0.01163212094,12.65604221
2021-09-20,42855.51034,18821643.79,273371,1014971,14.15860665,8.066111503e+11,273371,5907052.444,0.01774408924,21.60818976
2021-09-21,40526.48938,18822412.54,245996,844883,14.70251214,7.628063019e+11,245996,11854841.5,0.01984948641,48.19119618
2021-09-22,43577.57248,18823250.04,270233,888195,13.87565256,8.202715431e+11,270233,4819456.694,0.01470084182,17.83444914
2021-09-23,44861.29803,18824281.29,273598,918846,14.37353002,8.444816933e+11,273598,4369586.143,0.0152922013,15.97082633
2021-09-24,42803.3077,18825206.29,274940,958548,15.59573586,8.057810975e+11,274940,4239253.603,0.017159258,15.41883175
2021-09-25,42735.26582,18826106.29,210070,702530,8.36691295,8.045386568e+11,210070,5132754.599,0.013140997,24.43354405
2021-09-26,43131.29418,18826975.04,192460,699993,8.3876489,8.12031799e+11,192460,2947307.278,0.01267631798,15.31386926
2021-09-27,42496.78523,18827943.79,262162,901586,13.12109037,8.001270836e+11,262162,4474000.328,0.01764088733,17.065785
2021-09-28,41223.78627,18828893.79,262395,935822,13.63232636,7.761982935e+11,262395,3616549.254,0.01515717154,13.78284363
2021-09-29,41453.94701,18829706.29,240916,830989,11.07608957,7.805656469e+11,240916,4006746.102,0.01766225059,16.6312993
2021-09-30,43781.54602,18830775.04,289577,1059608,14.7962053,8.24440444e+11,289577,4281064.194,0.01604682941,14.78385436
2021-10-01,48078.13155,18831650.04,279255,962201,16.30821302,9.053905481e+11,279255,4298144.261,0.01695065872,15.39146751
2021-10-02,47792.43919,18832825.04,260972,963528,10.93187659,9.000666457e+11,260972,3226238.886,0.01206722255,12.36239476
2021-10-03,48202.62292,18833762.54,216090,808347,10.19201515,9.07836754e+11,216090,3527992.833,0.01228408257,16.32649745
2021-10-04,49288.50131,18834737.54,265740,1015651,13.52207286,9.28335986e+11,265740,3585286.12,0.01582734267,13.49170663
2021-10-05,51558.04933,18835762.54,312571,1037679,15.08376811,9.711351744e+11,312571,4753496.019,0.01443029769,15.20773206
2021-10-06,55419.80041,18836581.29,273475,914612,19.01470328,1.043919576e+12,273475,4794258.046,0.01676911489,17.53088233
2021-10-07,53805.15691,18837462.54,324741,1144142,26.48403813,1.013552628e+12,324741,4543530.092,0.01544383564,13.99124254
2021-10-08,53933.52759,18838212.54,280844,978503,20.33225831,1.016011256e+12,280844,4053272.506,0.01468433524,14.43246965
2021-10-09,55010.92248,18839150.04,241705,991926,14.70495483,1.036359022e+12,241705,3123654.107,0.01098743618,12.92341535
2021-10-10,54701.2797,18840143.79,212316,803826,12.89110735,1.030579975e+12,212316,2840698.333,0.0117368735,13.3795773
2021-10-11,57289.18646,18841056.29,277496,1009017,20.46942029,1.079388787e+12,277496,4275896.755,0.01503405884,15.40885906
2021-10-12,56196.18126,18841893.79,274993,937369,19.13086031,1.058842479e+12,274993,3551457.861,0.01510371312,12.91472096
2021-10-13,57348.89288,18842950.04,289461,975651,16.772475,1.080622323e+12,289461,3186716.721,0.01258299792,11.00914017
2021-10-14,57384.03691,18843806.29,284115,1007101,16.2725551,1.081333676e+12,284115,2771684.021,0.01424911951,9.755500486
2021-10-15,61446.08401,18844687.54,297755,1017121,20.70380248,1.157932254e+12,297755,3743045.531,0.01466020194,12.5708906
2021-10-16,60932.06321,18845518.79,269680,937355,15.43466218,1.148296342e+12,269680,2954677.439,0.01102985792,10.95623494
2021-10-17,61462.22237,18846518.79,212511,823877,11.31029356,1.158348929e+12,212511,3159311.624,0.01063954369,14.86657925
2021-10-18,61977.05755,18847443.79,291260,1003479,15.97124705,1.168109109e+12,291260,4102064.115,0.01397960849,14.08385674
2021-10-19,64290.89776,18848412.54,310438,1077371,14.85638411,1.211781364e+12,310438,10797055.74,0.01316957811,34.78007118
2021-10-20,66061.79656,18849343.79,291740,977215,19.0739569,1.245221515e+12,291740,4817394.659,0.01479849249,16.51262994
2021-10-21,62373.88562,18850268.79,321169,1139133,20.07678421,1.17576451e+12,321169,4545841.591,0.01347602433,14.15404846
2021-10-22,60750.96737,18851256.29,281476,957015,15.85450455,1.145232056e+12,281476,3536825.146,0.01316372454,12.56528139
2021-10-23,61250.08263,18852162.54,228432,826969,11.26050827,1.154696513e+12,228432,2733262.58,0.011100834,11.96532263
2021-10-24,60865.44705,18853118.79,208278,737951,8.92363951,1.147503504e+12,208278,2731465.577,0.01079743979,13.11451798
2021-10-25,63031.6729,18854256.29,286798,1079523,14.10333592,1.188415315e+12,286798,3252811.8,0.01262052812,11.34182177
2021-10-26,60393.98027,18855193.79,295695,998333,13.75170625,1.138740202e+12,295695,3649582.726,0.01268444299,12.34238904
2021-10-27,58563.33599,18856175.04,286086,944035,12.25012463,1.104280514e+12,286086,2909352.332,0.01329801294,10.16950264
2021-10-28,60564.57211,18857131.29,297884,1055114,13.051825,1.142074088e+12,297884,2964164.708,0.01233072362,9.950734877
2021-10-29,62230.80557,18858200.04,307314,1014855,15.85021967,1.17356098e+12,307314,3083075.572,0.01185051348,10.03233036
2021-10-30,61742.91653,18859168.79,251998,906672,10.3453043,1.164420085e+12,251998,3180648.995,0.01076095911,12.62172317
2021-10-31,61432.97006,18860037.54,216741,893617,9.47162766,1.158628122e+12,216741,2633965.576,0.01177061762,12.15259492
2021-11-01,61092.09506,18860962.54,289324,1053426,14.71430043,1.152255717e+12,289324,3213043.82,0.01389507103,11.1053484
2021-11-02,63024.74723,18861950.04,300911,1035030,17.69743535,1.188769634e+12,300911,3538302.623,0.01386985333,11.75863502
2021-11-03,62955.98176,18862956.29,290879,1069212,16.44169348,1.187535932e+12,290879,3421927.495,0.013126759,11.76409261
2021-11-04,61393.88998,18863850.04,286047,998917,15.79292177,1.158125134e+12,286047,4197910.553,0.01272717856,14.6755972
2021-11-05,61005.84083,18864818.79,282446,1037437,17.41766126,1.150864133e+12,282446,4315820.03,0.0127893,15.28015985
2021-11-06,61455.05363,18865781.29,237201,825483,10.74787762,1.159397601e+12,237201,4330648.464,0.01074827799,18.2572943
2021-11-07,63043.82906,18866737.54,222930,826432,9.49670334,1.189431377e+12,222930,3359355.296,0.01087189675,15.06910374
2021-11-08,67541.75551,18867581.29,294064,1018796,17.08037981,1.274349563e+12,294064,5864304.013,0.01443524813,19.94227112
2021-11-09,67095.58567,18868531.29,336872,1195638,22.88777828,1.265995158e+12,336872,4995291.931,0.01285968356,14.8284569
2021-11-10,64756.07797,18869462.54,295892,1022756,18.41248483,1.221912388e+12,295892,4678424.497,0.01392814433,15.81125714
2021-11-11,64962.93129,18870450.04,293052,1037951,15.26061088,1.22587975e+12,293052,3860952.793,0.01133509504,13.17497507
2021-11-12,64078.96804,18871337.54,287476,975353,15.32233862,1.209255835e+12,287476,4117554.373,0.01162943198,14.32312392
2021-11-13,64397.79121,18872293.79,234794,828248,10.13320395,1.215334035e+12,234794,3246265.996,0.01009491145,13.82601768
2021-11-14,65032.22565,18873275.04,222847,806451,8.81751712,1.227371081e+12,222847,2991400.134,0.009742400689,13.42356026
2021-11-15,63753.50316,18874218.79,291313,1083387,12.69006693,1.203297567e+12,291313,4503826.196,0.01227745867,15.4604367
2021-11-16,60322.49785,18875156.29,301154,1030573,13.05594208,1.138596575e+12,301154,12233674.95,0.01358445073,40.62265468
2021-11-17,60154.30837,18876087.54,288569,993545,13.27404227,1.135477991e+12,288569,6112912.007,0.0125411466,21.18353672
2021-11-18,56794.15563,18876987.54,295608,990087,11.92314855,1.072102568e+12,295608,5756407.934,0.0136810908,19.47311282
2021-11-19,58014.07299,18877843.79,283868,976682,13.65636609,1.095180608e+12,283868,4525671.483,0.01353640521,15.94287304
2021-11-20,59749.47382,18878750.04,248520,848464,12.39554839,1.127995381e+12,248520,3426391.011,0.01046340595,13.78718418
2021-11-21,59032.6241,18879575.04,218828,842004,9.10203294,1.114510857e+12,218828,3525172.382,0.01064804436,16.10932962
2021-11-22,56383.56588,18880456.29,286930,947435,12.74248227,1.064547451e+12,286930,4533543.154,0.01297940257,15.80017131
2021-11-23,57642.2658,18881281.29,282832,909010,11.97805296,1.088359835e+12,282832,4316565.985,0.01283173015,15.26194343
2021-11-24,57141.83038,18882262.54,295032,1071921,14.05593146,1.078967043e+12,295032,4799341.54,0.01241556309,16.2671898
2021-11-25,59008.65548,18883075.04,287824,973237,14.86599631,1.11426487e+12,287824,5197738.942,0.01204957127,18.05874056
2021-11-26,53800.61784,18883900.04,291679,996141,14.52545258,1.015965489e+12,291679,5205629.666,0.01437433307,17.84711846
2021-11-27,54635.88246,18884793.79,238622,777970,8.31476546,1.031787374e+12,238622,2878171.152,0.0109983764,12.06163368
2021-11-28,57248.5697,18885662.54,215317,816560,7.36850222,1.081177168e+12,215317,3088918.949,0.01120674287,14.345913
2021-11-29,57920.71073,18886556.29,303388,993217,11.27630906,1.093922764e+12,303388,4158423.127,0.01291736566,13.70661703
2021-11-30,57097.01279,18887393.79,296340,977183,13.37980245,1.078413765e+12,296340,4317001.803,0.01396752581,14.56773234
2021-12-01,57180.60984,18888250.04,284941,1057704,20.29842941,1.080041656e+12,284941,3739364.744,0.01478485456,13.1232948
2021-12-02,56582.89377,18889218.79,315565,1184757,18.61142868,1.06880666e+12,315565,3855797.389,0.01210070667,12.21871053
2021-12-03,53671.61607,18890268.79,289452,1010596,13.38733044,1.013871254e+12,289452,3638162.407,0.01364985916,12.56913895
2021-12-04,49159.7358,18891237.54,244342,961294,17.86675665,9.286882465e+11,244342,4206059.985,0.01645352618,17.21382319
2021-12-05,49327.0936,18892275.04,221615,978899,21.21370298,9.319010193e+11,221615,2988609.207,0.01295934857,13.48559081
2021-12-06,50535.42522,18893350.04,286268,1078373,13.32151993,9.547834783e+11,286268,5297847.933,0.01477013395,18.50660197
2021-12-07,50574.47283,18894312.54,284544,983177,10.77686925,9.555698964e+11,284544,5202323.09,0.01499926658,18.28301806
2021-12-08,50500.65435,18895362.54,268196,927369,10.70829969,9.542281726e+11,268196,4348123.09,0.01493103425,16.212483
2021-12-09,47937.82285,18896381.29,285532,1123743,11.92808444,9.058513788e+11,285532,3236420.51,0.01590625011,11.33470332
2021-12-10,47437.22897,18897356.29,270853,930831,11.7206627,8.964382174e+11,270853,3056586.788,0.01501946921,11.28503944
2021-12-11,49321.76933,18898300.04,222133,805461,7.61664482,9.320975953e+11,222133,2485120.619,0.01179937395,11.18753458
2021-12-12,50136.57226,18899175.04,211066,725043,6.38712218,9.475398551e+11,211066,2189856.323,0.01117892538,10.37522065
2021-12-13,46785.32784,18900056.29,281785,996713,13.55535933,8.842453298e+11,281785,3180380.841,0.01654020685,11.28655124
2021-12-14,48292.68225,18900981.29,281921,966596,11.68967951,9.127790837e+11,281921,8775785.091,0.01442038354,31.12852569
2021-12-15,48830.62239,18901862.54,280841,1058257,11.38951889,9.229897122e+11,280841,3883378.21,0.01452002791,13.82767548
2021-12-16,47663.46911,18902581.29,256019,873836,10.31161467,9.009625994e+11,256019,3523953.004,0.01506980112,13.76441984
2021-12-17,46334.48375,18903512.54,260119,979005,13.21441805,8.758844947e+11,260119,3048649.98,0.01522507521,11.72021259
2021-12-18,46904.87368,18904312.54,234236,855978,8.39016116,8.867043917e+11,234236,2728570.851,0.01194803346,11.64881082
2021-12-19,46876.42692,18905243.79,214374,755797,7.27239759,8.862102791e+11,214374,2485322.764,0.01267728876,11.59339642
2021-12-20,46954.76348,18906143.79,266803,1015255,10.98791338,8.8773351e+11,266803,2930631.644,0.01496031388,10.98425297
2021-12-21,49082.06247,18907150.04,303464,1009227,11.92897883,9.280019194e+11,303464,2661362.662,0.0137040696,8.769945238
2021-12-22,48692.09874,18908075.04,286626,992589,10.71895576,9.206738569e+11,286626,3185031.665,0.01427615605,11.11215195
2021-12-23,50712.97077,18909025.04,292194,991240,11.0643089,9.589328342e+11,292194,3114970.869,0.01293860308,10.66062571
2021-12-24,50783.83442,18909968.79,256631,974212,11.97818783,9.60320724e+11,256631,2830838.561,0.01342320854,11.03077399
2021-12-25,50590.4509,18910887.54,204665,866151,8.17559022,9.567103276e+11,204665,2386633.972,0.01139205106,11.661173
2021-12-26,50798.30659,18911725.04,201930,774902,7.84779528,9.606836067e+11,201930,2473204.219,0.01143341263,12.24782954
2021-12-27,50796.37767,18912650.04,248198,992531,13.42241505,9.606941143e+11,248198,3132399.059,0.01456700328,12.62056527
2021-12-28,47673.04405,18913487.54,269681,1051572,17.78105265,9.016635246e+11,269681,3413857.472,0.01424966695,12.65887279
2021-12-29,46470.32158,18914393.79,276509,1142870,16.51355393,8.789579619e+11,276509,3587398.3,0.01424567288,12.97389343
2021-12-30,47102.463,18915137.54,245011,977727,17.98870379,8.909495663e+11,245011,3153480.396,0.01580460877,12.87077068
2021-12-31,46355.11733,18916068.79,262509,1093396,17.56089976,8.768565883e+11,262509,3167649.662,0.01281726882,12.06682309
2022-01-01,47560.00938,18917143.79,188065,695722,9.18982843,8.996995362e+11,188065,2309778.602,0.01235689411,12.28181002
2022-01-02,47352.55776,18918131.29,194826,734444,9.17683366,8.958219046e+11,194826,2217144.125,0.01247303267,11.38012444
2022-01-03,46453.43235,18919006.29,241163,948843,11.99030933,8.788527789e+11,241163,3519385.426,0.01499034549,14.59338881
2022-01-04,45905.96112,18919925.04,274049,971141,13.19630276,8.685373434e+11,274049,3223633.488,0.01377030313,11.76298212
2022-01-05,43530.94404,18920862.54,274757,1023484,16.5224742,8.236430085e+11,274757,4346500.883,0.01496358543,15.81943638
2022-01-06,43144.96529,18921775.04,258406,937879,14.40247818,8.163793274e+11,258406,3704638.847,0.01516828199,14.33650475
2022-01-07,41512.78458,18922650.04,255659,961733,14.27397318,7.855318949e+11,255659,3667730.772,0.01634096597,14.34618289
2022-01-08,41799.81288,18923550.04,226064,823193,9.80082014,7.910008508e+11,226064,2840982.802,0.01310498689,12.56716152
2022-01-09,41886.49856,18924431.29,203966,734904,7.54621252,7.92678164e+11,203966,2575825.306,0.01248941826,12.62869942
2022-01-10,41816.95106,18925318.79,269292,977953,11.51428992,7.913991296e+11,269292,3441727.988,0.01583243119,12.78065441
2022-01-11,42768.17861,18926306.29,285302,973363,12.45257517,8.094436479e+11,285302,7468486.463,0.01416653736,26.17747672
2022-01-12,43961.02654,18927175.04,266587,958871,11.06096283,8.320580444e+11,266587,4477532.174,0.01437898634,16.79576339
2022-01-13,42626.86539,18928293.79,276789,943218,10.52434377,8.068538315e+11,276789,4395054.64,0.01423057957,15.87871859
2022-01-14,43102.64762,18929287.54,262404,959705,9.33427454,8.159024105e+11,262404,3719637.396,0.01377790073,14.17523131
2022-01-15,43206.67448,18930325.04,234931,819060,7.47314692,8.179163919e+11,234931,3951434.67,0.01174151925,16.81955413
2022-01-16,43168.85967,18931418.79,217903,768912,6.44259112,8.172477611e+11,217903,3804206.341,0.01157371318,17.45825592
2022-01-17,42211.2704,18932425.04,258684,963405,9.08316192,7.991617127e+11,258684,3757282.741,0.01361285729,14.52460431
2022-01-18,42431.23197,18933275.04,267423,906852,9.49798342,8.033621852e+11,267423,4341441.916,0.01371360135,16.23436247
2022-01-19,41787.72201,18934356.29,267790,940760,8.62767357,7.912236172e+11,267790,3743932.633,0.01371730672,13.98085303
2022-01-20,40756.12616,18935412.54,272287,944092,10.06682072,7.717340625e+11,272287,3672181.953,0.01485472387,13.48643877
2022-01-21,36492.28722,18936250.04,272514,1017544,12.3040866,6.910270754e+11,272514,5487799.708,0.01990302761,20.13767993
2022-01-22,34996.39097,18937087.54,246984,980566,10.88333485,6.627297193e+11,246984,6394207.128,0.01769302442,25.88915528
2022-01-23,36271.05027,18937968.79,208492,764279,7.83339096,6.869000179e+11,208492,5703324.067,0.01320083087,27.35512186
2022-01-24,36659.72522,18938906.29,271583,967257,11.86241961,6.942951006e+11,271583,6482229.56,0.01779244105,23.86831856
2022-01-25,36952.58677,18939856.29,266941,892344,10.76605985,6.998766831e+11,266941,5645887.318,0.01652336286,21.15031905
2022-01-26,36825.8246,18940668.79,258696,872302,11.93312823,6.975057467e+11,258696,4186994.963,0.01669505046,16.18500078
2022-01-27,37021.93713,18941487.54,252850,894323,11.54107331,7.01250561e+11,252850,3872254.55,0.01555499373,15.31443365
2022-01-28,37768.84748,18942450.04,266473,953545,12.70496368,7.154345066e+11,266473,4194795.409,0.01498300948,15.74191535
2022-01-29,38088.29123,18943381.29,227066,800040,12.01508061,7.215210235e+11,227066,3816477.642,0.01261298379,16.80778999
2022-01-30,37983.50638,18944293.79,208908,780477,10.78983977,7.195707042e+11,208908,3801736.113,0.01252541024,18.19813561
2022-01-31,38462.6724,18945187.54,262993,993797,13.30488518,7.28682542e+11,262993,3833831.008,0.01634155821,14.57769221
2022-02-01,38787.96408,18946150.04,274556,1058396,14.34357795,7.348825873e+11,274556,3896330.384,0.01669744766,14.19138676
2022-02-02,36942.33075,18947106.29,275434,954043,12.17571845,6.999502673e+11,275434,3393216.293,0.01594144138,12.31952589
2022-02-03,37057.65219,18948025.04,267726,931571,10.76295598,7.021693216e+11,267726,3616762.382,0.01564502784,13.50919366
2022-02-04,41079.90609,18948837.54,249753,885216,14.3240853,7.784164667e+11,249753,4244807.558,0.01567445161,16.9960223
2022-02-05,41508.58169,18949581.29,253867,951087,13.64650025,7.86570243e+11,253867,3467326.441,0.0127905358,13.65804315
2022-02-06,42358.22517,18950556.29,221803,891700,10.37575597,8.027119305e+11,221803,3028036.281,0.01199339675,13.65191761
2022-02-07,43888.98012,18951406.29,262908,927917,14.56867495,8.317578939e+11,262908,4650704.394,0.01591107832,17.68947462
2022-02-08,44167.44479,18952368.79,277455,1014770,14.64817444,8.370777023e+11,277455,11904004.38,0.01515944613,42.90427053
2022-02-09,44405.0732,18953243.79,263940,998247,14.52683293,8.41620178e+11,263940,5294364.356,0.01496333531,20.0589693
2022-02-10,43614.3427,18954162.54,261192,1029721,19.85041497,8.266733406e+11,261192,5456255.253,0.01542710398,20.88982531
2022-02-11,42357.32174,18955050.04,258085,987669,16.45993748,8.028851532e+11,258085,3989182.542,0.01539497714,15.45685546
2022-02-12,42173.4594,18956215.1,224735,1060262,12.14472908,7.994491678e+11,224735,3151621.855,0.01266488468,14.02372507
2022-02-13,42195.59475,18957202.6,212378,829229,8.79510075,7.999104384e+11,212378,3354739.927,0.01204298702,15.79608023
2022-02-14,42646.16186,18958158.85,249689,899786,11.2434254,8.084927108e+11,249689,3954159.202,0.01509880308,15.83633721
2022-02-15,44511.90849,18959252.6,272685,1013694,12.53663026,8.439125167e+11,272685,3365435.543,0.01485144139,12.34184331
2022-02-16,44065.70927,18960227.6,267496,925324,10.05474546,8.35495877e+11,267496,3918751.806,0.01433559134,14.64975852
2022-02-17,40610.02426,18961208.85,256201,931220,10.08991856,7.700151514e+11,256201,3860658.451,0.01478430538,15.06886566
2022-02-18,40044.22049,18962042.18,258376,940726,9.18296682,7.59320198e+11,258376,3918552.045,0.01499921818,15.16608371
2022-02-19,40095.88733,18962973.43,218004,839236,6.69284896,7.603372462e+11,218004,3182967.386,0.01245407031,14.60049993
2022-02-20,38551.6225,18963873.43,202691,741534,5.82067653,7.310880896e+11,202691,3469108.941,0.01278470186,17.1152589
2022-02-21,37098.03601,18964642.18,238620,886316,9.87642123,7.035509785e+11,238620,5205240.23,0.0160082868,21.81393106
2022-02-22,38202.59408,18965592.18,256251,886571,8.70721149,7.245348196e+11,256251,4586883.281,0.01497759547,17.89996246
2022-02-23,37308.26873,18966529.68,253563,859810,8.1798461,7.076083863e+11,253563,3719869.102,0.01547528255,14.67039395
2022-02-24,38283.7904,18967354.68,255800,958866,10.42032497,7.261422311e+11,255800,4068514.459,0.0181049471,15.90506043
2022-02-25,39323.77022,18968192.18,260990,936543,11.41903295,7.459008308e+11,260990,4279208.39,0.0150034444,16.39606265
2022-02-26,39056.57815,18968973.43,221994,818914,6.74253227,7.408631933e+11,221994,3163526.822,0.01257565366,14.25050597
2022-02-27,37664.77928,18969823.43,206112,768705,6.86135737,7.144942126e+11,206112,2954918.624,0.01281818211,14.33647058
2022-02-28,43179.25451,18970785.93,274389,981066,9.57794189,8.191443941e+11,274389,3989289.681,0.01485653255,14.53881053
2022-03-01,44334.45758,18971798.43,275460,1065354,20.38178056,8.411043928e+11,275460,4819903.777,0.01632475143,17.49765402
2022-03-02,43984.58493,18972648.43,289957,1091796,28.40659077,8.345040662e+11,289957,3652556.579,0.01464317558,12.5968905
2022-03-03,42492.77446,18973573.43,270823,1011448,20.25082778,8.062397764e+11,270823,4044234.269,0.01395110128,14.93312706
2022-03-04,39106.40522,18974442.18,257979,949176,15.17504806,7.420222247e+11,257979,3661666.085,0.0148123561,14.1936595
2022-03-05,39383.88484,18975210.93,226147,801293,11.20326832,7.473175222e+11,226147,2605050.631,0.01240347421,11.51928008
2022-03-06,38399.34263,18976029.68,205542,771254,9.34883795,7.286670654e+11,205542,2779912.144,0.01210663955,13.52478882
2022-03-07,38146.73427,18976954.68,255761,917289,11.28271007,7.239088475e+11,255761,3603012.175,0.01506902258,14.08741823
2022-03-08,38725.47726,18977879.68,258526,962840,10.60010007,7.349274481e+11,258526,8939902.49,0.01492195941,34.58028396
2022-03-09,41989.40282,18978742.18,272021,960901,11.37686634,7.969060504e+11,272021,7394768.344,0.0149929496,27.18454951
2022-03-10,39482.25847,18979648.43,259229,993366,11.55721584,7.49359385e+11,259229,4858749.038,0.01403513936,18.74307673
2022-03-11,38825.36442,18980510.93,252248,903967,10.94863237,7.369252538e+11,252248,4134794.813,0.01437034805,16.39178433
2022-03-12,38951.13002,18981485.93,222124,787792,7.79177469,7.393503264e+11,222124,3368722.104,0.01156454254,15.16595282
2022-03-13,37808.3174,18982429.68,206930,751546,6.71842289,7.176937264e+11,206930,3542141.389,0.01149450782,17.1175827
2022-03-14,39649.04532,18983385.93,263759,936153,10.45361332,7.526731292e+11,263759,4324414.633,0.01377185744,16.3953254
2022-03-15,39356.8139,18984254.68,266692,949102,9.95232555,7.471597785e+11,266692,3676649.546,0.01400799367,13.78612612
2022-03-16,41101.76858,18985223.43,276789,1014991,10.25185389,7.803262599e+11,276789,4079828.991,0.01433665802,14.73985235
2022-03-17,40966.41693,18986217.18,272685,1009859,10.32467965,7.77797289e+11,272685,3994355.942,0.01316302573,14.64824227
2022-03-18,41826.11607,18987110.93,266839,1004891,11.00062573,7.941571057e+11,266839,3354068.754,0.01294810637,12.5696347
2022-03-19,42193.16154,18988079.68,236675,864890,7.64799944,8.011671133e+11,236675,3487550.648,0.01133970489,14.73561064
2022-03-20,41294.72351,18989042.18,211211,780069,6.42009386,7.841472466e+11,211211,2513348.45,0.01099777311,11.89970433
2022-03-21,41064.42965,18989998.43,260248,941088,9.55709531,7.798134546e+11,260248,4512813.064,0.01348778017,17.34043322
2022-03-22,42383.16952,18990929.68,260695,920483,10.76904702,8.04895792e+11,260695,3567422.397,0.01484723788,13.68427625
2022-03-23,42734.20004,18991835.93,266381,972037,10.85476863,8.116009157e+11,266381,3323775.28,0.01345102984,12.47752385
2022-03-24,43974.59359,18992729.68,269340,966209,11.69969179,8.351975689e+11,269340,3573334.19,0.01394348304,13.26700152
2022-03-25,44347.03428,18993704.68,286600,1068732,12.70868332,8.423144726e+11,286600,4157968.414,0.01335766889,14.50791491
2022-03-26,44519.92686,18994710.93,229765,825356,8.04802349,8.456431415e+11,229765,3290300.072,0.01136819028,14.32028408
2022-03-27,46777.20563,18995529.68,219139,812882,7.5739414,8.885577979e+11,219139,3178098.836,0.01080079482,14.50266195
2022-03-28,47223.65289,18996523.43,289835,1029256,10.68856005,8.970852285e+11,289835,4692263.304,0.01375056694,16.18942952
2022-03-29,47463.70968,18997467.18,293194,972049,10.12714519,9.016902669e+11,293194,4556191.221,0.01283631229,15.5398515
2022-03-30,47123.29715,18998310.93,269490,940234,11.31232477,8.952630513e+11,269490,3644511.443,0.01253133876,13.52373536
2022-03-31,45562.21067,18999173.43,280038,979952,16.96481317,8.656443424e+11,280038,4027508.275,0.01455107183,14.38200628
2022-04-01,46250.33629,19000054.68,286454,1073859,19.60536896,8.787589185e+11,286454,3409106.073,0.01340837818,11.90105941
2022-04-02,45939.89735,19000898.43,250576,932911,12.44713676,8.728993235e+11,250576,4003241.448,0.01103757364,15.97615673
2022-04-03,46440.54385,19001767.18,223619,794992,10.35102243,8.824524021e+11,223619,2914620.921,0.01081610934,13.03386976
2022-04-04,46663.00418,19002754.68,276178,985718,12.56121556,8.867256211e+11,276178,3508998.521,0.01303430867,12.70556859
2022-04-05,45693.03506,19003660.93,276073,952254,11.19517327,8.683349452e+11,276073,7859280.469,0.01261216287,28.46812426
2022-04-06,43304.9372,19004598.43,272206,919776,10.0718394,8.229929415e+11,272206,6466506.325,0.01330407194,23.75592869
2022-04-07,43569.04717,19005460.93,266096,927811,9.91456385,8.280498238e+11,266096,5455490.389,0.01265474083,20.50196316
2022-04-08,42222.06898,19006298.43,270556,929602,11.73099289,8.024852433e+11,270556,5146476.528,0.01285292297,19.02185325
2022-04-09,42680.99474,19007254.68,228357,786423,7.92912544,8.11248537e+11,228357,3257547.971,0.01103273255,14.26515487
2022-04-10,42264.46339,19008129.68,218201,754197,6.72773788,8.03368401e+11,218201,3464666.984,0.01086475405,15.87832771
2022-04-11,39544.02518,19008985.93,279217,986075,10.71721646,7.516918184e+11,279217,6034872.246,0.01357125375,21.61355593
2022-04-12,40096.36697,19009942.18,273114,970523,10.44351756,7.622296178e+11,273114,4902329.635,0.01272753714,17.94975591
2022-04-13,41152.75545,19010817.18,283767,960119,12.18062555,7.823475104e+11,283767,5189382.011,0.0125195748,18.28747533
2022-04-14,39916.49638,19011679.68,259632,910470,11.20233309,7.588796432e+11,259632,5480088.468,0.01332930112,21.10713806
2022-04-15,40527.33196,19012667.18,258904,893942,8.59006414,7.705326742e+11,258904,4167919.706,0.01232439877,16.09832102
2022-04-16,40439.58812,19013504.68,220729,774863,6.23187348,7.68898298e+11,220729,3120012.176,0.01092335557,14.13503516
2022-04-17,39704.78398,19014535.93,211027,760823,5.46124629,7.549680416e+11,211027,3454313.671,0.01070175826,16.36906022
2022-04-18,40818.8786,19015373.43,248528,930250,8.65537877,7.761862196e+11,248528,5303344.773,0.01315668187,21.33902326
2022-04-19,41489.6638,19016148.43,273229,945444,9.30551921,7.889736052e+11,273229,4922356.798,0.01368663778,18.01549908
2022-04-20,41395.64458,19017148.43,283298,961981,8.80298881,7.872271174e+11,283298,4222268.691,0.01307381502,14.90398341
2022-04-21,40457.49594,19018204.68,279919,970130,10.9502007,7.694289387e+11,279919,5591385.613,0.01341738996,19.97501282
2022-04-22,39737.9735,19019048.43,261784,945273,10.87692103,7.557784426e+11,261784,5572449.483,0.01365215566,21.28644028
2022-04-23,39582.45487,19020067.18,238246,857006,8.36060096,7.528609508e+11,238246,4781194.735,0.01147503361,20.06831063
2022-04-24,39511.64569,19021135.93,217733,796298,6.51241112,7.515563835e+11,217733,5201700.799,0.01124271065,23.89027294
2022-04-25,40473.74832,19022148.43,277416,1003326,12.93040811,7.69897648e+11,277416,7839843.829,0.01384361526,28.26024392
2022-04-26,38072.80087,19023023.43,277059,965991,11.49482501,7.242597831e+11,277059,7988943.774,0.01541470516,28.83481054
2022-04-27,39218.53762,19024085.93,285596,967943,11.15360634,7.460968297e+11,285596,6694963.578,0.01371991494,23.44207754
2022-04-28,39747.98943,19024910.93,272681,1003139,11.28281613,7.562019585e+11,272681,6832085.054,0.01486777089,25.05522957
2022-04-29,38609.50591,19025848.43,290674,1059989,13.50347131,7.345786073e+11,290674,5518201.44,0.01571496412,18.98415902
2022-04-30,37714.09498,19026785.93,256188,944577,10.38779505,7.175780117e+11,256188,3765581.865,0.01268899599,14.69850994
2022-05-01,38459.22698,19027829.68,233382,834397,7.81212277,7.317956206e+11,233382,3994844.671,0.01231967039,17.11719272
2022-05-02,38566.06289,19028829.68,269678,966035,10.57042025,7.338670421e+11,269678,6334709.528,0.0155331386,23.48990102
2022-05-03,37704.40532,19029767.18,283138,956710,9.8250651,7.175060548e+11,283138,9114581.63,0.01479084461,32.1913047
2022-05-04,39641.85218,19030679.68,229490,862312,13.02134958,7.544113907e+11,229490,6047734.163,0.01634421614,26.35293112
2022-05-05,36502.02456,19031660.93,317562,1189734,22.09571481,6.946941547e+11,317562,10567181.2,0.01555828771,33.27596249
2022-05-06,36042.99956,19032548.43,288758,1086467,17.06765506,6.859901346e+11,288758,8522523.072,0.01607038834,29.5144137
2022-05-07,35508.71102,19033442.18,234267,837217,13.60502393,6.758529981e+11,234267,4392517.257,0.01411363537,18.75004698
2022-05-08,34058.90669,19034410.93,223007,813799,12.03910615,6.482912257e+11,223007,4900621.552,0.01483180317,21.9751916
2022-05-09,30457.92182,19035379.68,287708,1067791,20.60049855,5.797781061e+11,287708,8741450.691,0.02164261252,30.3830644
2022-05-10,30990.73517,19036335.93,279809,978190,17.03896893,5.899500453e+11,279809,8596397.141,0.01926411222,30.72237541
2022-05-11,28796.55682,19037242.18,253805,981424,21.75626382,5.482070261e+11,253805,7521282.358,0.02645159992,29.63409845
2022-05-12,29030.70704,19038085.93,282227,1058679,30.04329805,5.526890953e+11,282227,10141715.86,0.03092694224,35.93460533
2022-05-13,29285.93467,19039035.93,267948,1028898,31.42497929,5.575759624e+11,267948,6920047.475,0.02519042019,25.8260837
2022-05-14,30051.93576,19039917.18,292088,1101356,25.21522374,5.721863679e+11,292088,4530571.374,0.01521599153,15.51098085
2022-05-15,31182.62125,19040679.68,233949,1016251,16.17117466,5.937383027e+11,233949,2687779.024,0.01504260967,11.4887391
2022-05-16,29889.61248,19041704.68,272399,1094147,21.27839456,5.691491737e+11,272399,4564788.387,0.01928810554,16.75772814
2022-05-17,30438.19445,19042623.43,278212,1029420,18.69903428,5.796230747e+11,278212,4000156.268,0.01905431681,14.37808674
2022-05-18,28771.22048,19043460.93,264173,902599,16.80345073,5.479036131e+11,264173,3046151.838,0.02026274834,11.5308977
2022-05-19,30257.88525,19044223.43,260343,897588,16.81952637,5.762379272e+11,260343,2667170.719,0.01948546619,10.24483362
2022-05-20,29224.246,19045023.43,269360,949339,17.21343134,5.565764497e+11,269360,2505504.354,0.01884342884,9.301694217
2022-05-21,29420.07829,19045867.18,216560,758937,11.49816203,5.603309034e+11,216560,1463712.043,0.01682633184,6.758921512
2022-05-22,30331.87514,19046629.68,210953,749577,11.86705488,5.777199933e+11,210953,1179038.224,0.0163662483,5.589103846
2022-05-23,29088.25154,19047629.68,268759,939531,15.96576395,5.540622434e+11,268759,2216854.52,0.02026161659,8.248484776
2022-05-24,29643.68376,19048379.68,237379,841611,16.44777842,5.646641433e+11,237379,2552668.263,0.02014472982,10.75355555
2022-05-25,29577.25988,19049279.68,284400,1016156,19.14786095,5.634254956e+11,284400,1914175.858,0.01887311408,6.730576152
2022-05-26,29332.48605,19050160.93,260517,894042,17.47974945,5.587885796e+11,260517,2314923.234,0.01962343045,8.885881667
2022-05-27,28612.04131,19051023.43,275683,942679,17.596715,5.450886694e+11,275683,2894098.843,0.02031728508,10.49792277
2022-05-28,29045.52063,19051948.43,227772,783393,11.86693737,5.533737612e+11,227772,1573116.036,0.01747339999,6.906538276
2022-05-29,29430.06898,19052879.68,205693,751185,9.82325972,5.607275632e+11,205693,1478288.293,0.01643213953,7.186867287
2022-05-30,31735.95497,19053842.18,267947,925404,13.20245416,6.046918774e+11,267947,2143207.549,0.01965653785,7.998624911
2022-05-31,31831.40953,19054754.68,277824,998795,13.96528616,6.065396996e+11,277824,4513004.334,0.01965822467,16.24411258
2022-06-01,29825.9222,19055604.68,274630,962754,18.9987401,5.683509826e+11,274630,3708527.525,0.0206167305,13.50372328
2022-06-02,30504.268,19056385.93,262596,945705,19.37788756,5.813011035e+11,262596,2200694.232,0.01765677511,8.380532193
2022-06-03,29662.67097,19057279.68,269049,932672,18.10616262,5.652898167e+11,269049,2053114.35,0.01874204115,7.631005321
2022-06-04,29792.40768,19058148.43,219811,776053,12.51949697,5.677881276e+11,219811,1323909.321,0.01598316609,6.022943897
2022-06-05,29915.4093,19059060.93,195813,721815,9.15242774,5.701596086e+11,195813,1468358.131,0.01517923407,7.498777561
2022-06-06,31333.67702,19059998.43,268569,952859,12.75982461,5.972198348e+11,268569,2216372.79,0.01809975892,8.252526502
2022-06-07,31175.03243,19061010.93,265801,941706,11.91182851,5.942276338e+11,265801,2418483.908,0.01834682935,9.098851802
2022-06-08,30228.4647,19062123.43,261456,888118,10.74681437,5.762187251e+11,261456,1901754.378,0.01835806104,7.273707156
2022-06-09,30064.48553,19063035.93,264597,914304,10.13805792,5.731203678e+11,264597,1664239.319,0.01716916125,6.289713483
2022-06-10,29070.40003,19063954.68,259531,900195,13.66335226,5.541967887e+11,259531,2443860.967,0.01915653033,9.416451088
2022-06-11,28360.78992,19064917.18,228805,831309,11.08947777,5.40696111e+11,228805,2245138.969,0.0179808814,9.812455886
2022-06-12,26830.28395,19065710.93,219703,762985,9.89591581,5.115384378e+11,219703,2484689.347,0.01787066439,11.30931005
2022-06-13,22316.25704,19066542.18,273372,1011323,28.93135694,4.254938561e+11,273372,8670016.353,0.03691421005,31.7150855
2022-06-14,22072.86631,19067454.68,275578,1075994,25.70586325,4.20873378e+11,275578,13387543.72,0.02734719594,48.5798711
2022-06-15,22520.79101,19068485.93,297032,1063571,25.34349663,4.294373865e+11,297032,16795527.68,0.02443515416,56.5445059
2022-06-16,20310.17698,19069229.68,258005,911369,23.85546959,3.872994297e+11,258005,14571362.8,0.02673895951,56.47705586
2022-06-17,20464.92909,19069904.68,248214,876153,22.07274902,3.90264247e+11,248214,11679258.12,0.02628457679,47.05318039
2022-06-18,19013.86725,19070879.68,246705,924686,20.3023224,3.626111746e+11,246705,10696424.46,0.02921888496,43.35714502
2022-06-19,20492.29517,19071710.93,195875,733337,12.53871419,3.908231297e+11,195875,4650511.355,0.02261815947,23.74224049
2022-06-20,20571.62922,19072535.93,239275,833932,15.40168791,3.923531375e+11,239275,4414349.726,0.02517608082,18.44885477
2022-06-21,20688.46513,19073473.43,260657,927938,16.78535146,3.9460089e+11,260657,4344500.641,0.02575522141,16.66750036
2022-06-22,20003.16834,19074279.68,247129,859651,16.45287556,3.815460273e+11,247129,3189077.591,0.02530439136,12.90450571
2022-06-23,21097.10283,19075229.68,258973,866807,14.99802924,4.024320821e+11,258973,2895482.51,0.02310317222,11.1806347
2022-06-24,21299.07699,19076035.93,250666,869532,15.90724606,4.063019578e+11,250666,3567061.145,0.0240782265,14.23033497
2022-06-25,21468.34316,19076979.68,217926,742895,13.366848,4.095511461e+11,217926,1751328.397,0.01979305049,8.036344432
2022-06-26,21066.62094,19077842.18,207474,734812,12.75874405,4.019056696e+11,207474,1396670.727,0.01851379018,6.731786763
2022-06-27,20751.0517,19078692.18,258934,953524,14.60033741,3.959029277e+11,258934,3024145.929,0.02207435106,11.67921528
2022-06-28,20263.21964,19079604.68,253741,922274,14.31358989,3.866142202e+11,253741,4165199.208,0.02662365654,16.41516037
2022-06-29,20080.94809,19080548.43,257517,899514,12.92625421,3.831555025e+11,257517,4508207.027,0.02693657678,17.50644434
2022-06-30,19332.91213,19081617.18,275120,967680,17.00810933,3.689032282e+11,275120,4796356.837,0.02854324254,17.43369016
2022-07-01,19341.86312,19082454.68,272893,946760,18.17324786,3.690902265e+11,272893,5058771.092,0.02873368488,18.53756268
2022-07-02,19231.83171,19083317.18,235532,844916,13.10583932,3.670071444e+11,235532,3325559.197,0.02317205177,14.11935192
2022-07-03,19276.51466,19084285.93,196946,701943,9.53446424,3.678785175e+11,196946,3167010.648,0.022713909,16.08060406
2022-07-04,20226.29847,19085179.68,251379,883632,14.3049814,3.860225406e+11,251379,3682686.533,0.02570519765,14.64993708
2022-07-05,20193.34279,19085917.18,244533,864471,19.58042321,3.854084681e+11,244533,3601874.948,0.02783055811,14.72960683
2022-07-06,20560.84381,19086710.93,264360,969280,24.67085257,3.924388823e+11,264360,3268234.952,0.02495242922,12.36281946
2022-07-07,21651.41914,19087692.18,284162,1007259,24.61107664,4.132756238e+11,284162,2558261.577,0.02328443215,9.002827885
2022-07-08,21813.78712,19088617.18,264779,936111,22.39709481,4.163950316e+11,264779,3684535.152,0.02384592813,13.91551124
2022-07-09,21585.13219,19089454.68,219088,773277,15.61982789,4.120484027e+11,219088,2389683.792,0.02151990527,10.90741525
2022-07-10,20831.27339,19090410.93,198306,705622,12.59707686,3.976775692e+11,198306,1818829.889,0.02099199563,9.171834885
2022-07-11,19971.32947,19091179.68,234215,839927,15.81462702,3.812762393e+11,234215,4846168.623,0.0275860954,20.69111126
2022-07-12,19339.15347,19092123.43,274945,943773,17.14982003,3.692255051e+11,274945,4700528.42,0.02472822819,17.09624987
2022-07-13,20155.52784,19092810.93,225738,815549,23.81414434,3.848256822e+11,225738,5253235.367,0.02704022462,23.27138261
2022-07-14,20552.89903,19093585.93,282646,983744,31.14087707,3.924285437e+11,282646,3074245.89,0.02403023531,10.87666512
2022-07-15,20831.7227,19094473.43,267630,943171,25.8709279,3.977707756e+11,267630,3580973.553,0.02493956009,13.38031444
2022-07-16,21196.50914,19095398.43,223950,771028,17.9556057,4.047557874e+11,223950,2655554.668,0.02145909956,11.8578016
2022-07-17,20827.88861,19096173.43,201095,723539,15.71628374,3.97732973e+11,201095,1732932.976,0.02072168755,8.617484152
2022-07-18,22305.70664,19096992.18,254873,887138,23.1208513,4.259719053e+11,254873,3327058.501,0.02508474665,13.05378954
2022-07-19,23371.20266,19097854.68,279366,994059,26.44173796,4.463398321e+11,279366,3198534.259,0.02329208334,11.44926104
2022-07-20,23280.93567,19098642.18,254748,905497,25.4408358,4.446342599e+11,254748,2551601.361,0.0254673613,10.01617819
2022-07-21,23152.40931,19099510.93,278928,964460,24.49605718,4.421996946e+11,278928,3793182.662,0.02153076137,13.59914624
2022-07-22,22706.08356,19100335.93,262220,848578,21.5286848,4.336938235e+11,262220,3287796.636,0.02289395257,12.53831377
2022-07-23,22484.45923,19101298.43,219584,755495,12.95300963,4.294823658e+11,219584,2608986.296,0.02000884235,11.88149545
2022-07-24,22653.35703,19102279.68,201963,736224,10.72791437,4.327307616e+11,201963,1716957.109,0.01969315186,8.501344846
2022-07-25,21510.12559,19103167.18,251613,892636,12.63441662,4.109115251e+11,251613,3805697.515,0.02422301059,15.12520225
2022-07-26,21181.6592,19104167.18,260791,945582,14.39558912,4.046579584e+11,260791,5095774.625,0.0234839488,19.53968743
2022-07-27,22898.41507,19105198.43,265290,916926,12.70102031,4.374787636e+11,265290,3674509.232,0.02225053561,13.85091497
2022-07-28,23838.55688,19106079.68,283820,1008866,15.94393098,4.554613672e+11,283820,3071061.157,0.02154056567,10.82045366
2022-07-29,23950.74038,19106992.18,280447,945142,15.14116206,4.576266091e+11,280447,3403010.831,0.02129449829,12.13423867
2022-07-30,23623.43496,19107798.43,228995,785742,12.20975627,4.513918334e+11,228995,1807799.018,0.01903076334,7.894491225
2022-07-31,23356.17222,19108748.43,215224,787873,11.49215553,4.463072192e+11,215224,1639453.69,0.01850512986,7.617429702
2022-08-01,23331.4427,19109598.43,248469,907238,14.15151466,4.458545007e+11,248469,3421642.133,0.02389252166,13.77090153
2022-08-02,23031.42688,19110567.18,267917,946865,15.41047824,4.401436306e+11,267917,3853554.755,0.02304238477,14.38339021
2022-08-03,22809.74744,19111473.43,282580,977386,15.6220485,4.359278821e+11,282580,4426173.507,0.02218402467,15.66343516
2022-08-04,22628.33208,19112298.43,278115,948545,17.31179787,4.324794357e+11,278115,3721509.522,0.02065295835,13.38118952
2022-08-05,23248.9715,19113235.93,269270,944004,19.70561752,4.443630774e+11,269270,4408590.808,0.02191253923,16.37238017
2022-08-06,22996.27505,19114242.18,232291,856759,13.26815456,4.395563704e+11,232291,2343498.857,0.0194396266,10.0886339
2022-08-07,23153.65847,19115235.93,199770,716918,11.19968388,4.425876443e+11,199770,1264409.002,0.01792351738,6.32932373
2022-08-08,23803.65052,19116135.93,257482,918162,15.89323274,4.550338188e+11,257482,5553629.929,0.02216462553,21.56900261
2022-08-09,23186.29175,19117029.68,251924,941249,22.63063634,4.432530274e+11,251924,3960478.814,0.02314113037,15.720927
2022-08-10,23923.05848,19117954.68,270675,1035793,19.4663578,4.573599478e+11,270675,4712955.827,0.02144219981,17.4118623
2022-08-11,23934.43906,19118829.68,284126,1002846,18.4381356,4.575984637e+11,284126,3850113.271,0.02109190856,13.55072493
2022-08-12,24396.30885,19119792.18,269215,948381,16.98546166,4.66452355e+11,269215,2471889.007,0.02028183866,9.181839819
2022-08-13,24426.22257,19120660.93,239894,834925,11.68151403,4.670455196e+11,239894,1820952.31,0.01887831811,7.590653832
2022-08-14,24314.20213,19121492.18,202156,811197,7.6854451,4.649238258e+11,202156,1222728.497,0.01857453506,6.048440299
2022-08-15,24083.95397,19122398.43,245572,922140,10.72646248,4.605429636e+11,245572,3527101.377,0.02205161165,14.36279941
2022-08-16,23868.81935,19123323.43,269531,1020819,11.73698683,4.564511523e+11,269531,3252452.674,0.02095432508,12.06708198
2022-08-17,23336.34893,19124129.68,255933,915870,15.55733617,4.462873631e+11,255933,3539754.026,0.02264381637,13.83078394
2022-08-18,23221.1706,19125029.67,292682,1009836,14.79958235,4.441055768e+11,292682,2499847.15,0.01723685713,8.541171476
2022-08-19,20906.76631,19126142.17,276337,982140,13.53336601,3.998657849e+11,276337,4686691.954,0.02266912027,16.96005947
2022-08-20,21146.6548,19127073.42,226096,841648,8.94198715,4.04473619e+11,226096,4322762.642,0.01997942483,19.11914692
2022-08-21,21553.99617,19127985.92,201437,753797,7.8864978,4.122845353e+11,201437,2174219.066,0.01887399426,10.79354372
2022-08-22,21301.08406,19128892.17,250080,880923,10.612358,4.074661401e+11,250080,5124054.525,0.02345871218,20.48966141
2022-08-23,21534.51435,19129967.17,257650,930754,11.45792651,4.119545526e+11,257650,5160127.416,0.02313472186,20.02766317
2022-08-24,21424.97282,19130879.67,260385,930584,9.95411646,4.098785771e+11,260385,3665180.263,0.02295386809,14.07600385
2022-08-25,21587.83958,19131873.42,255143,898274,10.67640461,4.130158144e+11,255143,3188495.7,0.02290127264,12.49689664
2022-08-26,20246.16557,19132973.42,265467,937226,11.46921892,3.873693478e+11,265467,3071451.411,0.0240018288,11.5699933
2022-08-27,20043.99095,19133879.67,221784,830874,8.57697937,3.83519311e+11,221784,2961565.722,0.02092078374,13.35337861
2022-08-28,19673.54122,19134885.92,204472,776186,7.66443866,3.764509669e+11,204472,1853147.362,0.02055639071,9.063086204
2022-08-29,20270.96038,19135867.17,253563,939245,11.05466883,3.879024054e+11,253563,3668833.996,0.02418528726,14.46912206
2022-08-30,19825.46321,19136879.67,263101,951380,12.11978636,3.793975038e+11,263101,3513925.378,0.0252308859,13.35580396
2022-08-31,20024.67161,19137792.17,258575,916812,13.41263163,3.832280035e+11,258575,4250164.642,0.02561450245,16.4368738
2022-09-01,20105.46261,19138654.67,270341,969786,14.60997864,3.847915059e+11,270341,4206183.277,0.02550515798,15.55880639
2022-09-02,19948.85675,19139460.92,270262,996822,18.53467979,3.818103641e+11,270262,3935795.69,0.02421321713,14.56288968
2022-09-03,19803.83327,19140379.67,235843,916603,13.82420616,3.790528877e+11,235843,1920783.775,0.01993704929,8.144332352
2022-09-04,19961.91189,19141429.67,206295,774639,10.50035731,3.820995326e+11,206295,2522314.227,0.01996216606,12.22673466
2022-09-05,19797.79679,19142385.92,253103,942780,14.23661778,3.789770665e+11,253103,4410912.856,0.02329562248,17.42734324
2022-09-06,18846.15054,19143273.42,267063,927513,15.36578653,3.607770127e+11,267063,6668444.375,0.02575655962,24.9695554
2022-09-07,19292.90707,19144185.92,264285,951645,14.69645264,3.69347e+11,264285,5656559.113,0.02567974842,21.40325449
2022-09-08,19319.12485,19144979.67,266823,947648,15.87666942,3.698642525e+11,266823,4994594.85,0.02535021663,18.71875682
2022-09-09,21363.31362,19145898.42,286018,1021884,16.98507349,4.090174551e+11,286018,3942218.874,0.02224037004,13.78311461
2022-09-10,21715.2108,19146879.67,240963,873305,12.26181299,4.157859276e+11,240963,2288821.124,0.01968168783,9.498641386
2022-09-11,21732.77057,19148023.42,225743,871675,10.63620603,4.161413957e+11,225743,1333521.283,0.01849805568,5.90725419
2022-09-12,22365.21456,19148979.67,269113,989815,12.84928121,4.282616372e+11,269113,2400202.619,0.02238529832,8.918939698
2022-09-13,20165.04216,19149835.92,259359,948189,15.77916655,3.861572487e+11,259359,3041638.693,0.02525504266,11.72752321
2022-09-14,20246.36604,19150629.67,269647,977568,17.0316924,3.877306583e+11,269647,4559823.335,0.02358299751,16.91034328
2022-09-15,19696.86987,19151548.42,277597,953771,17.3230453,3.77225557e+11,277597,4140249.128,0.02360593349,14.91460328
2022-09-16,19741.57762,19152348.42,260328,933213,19.57596627,3.780975729e+11,260328,3101427.057,0.02309248069,11.91353622
2022-09-17,20120.70235,19153410.92,245261,918990,16.17707211,3.8538008e+11,245261,1826911.258,0.01927919778,7.448845345
2022-09-18,19427.10026,19154373.42,212149,775872,12.01743164,3.721139329e+11,212149,2001814.834,0.0204408787,9.435890973
2022-09-19,19557.97696,19155185.92,255334,912328,13.28074414,3.746366849e+11,255334,4740551.93,0.02544567882,18.5660818
2022-09-20,18872.94987,19156135.92,268728,952698,14.63122035,3.615327929e+11,268728,4559175.637,0.02469608637,16.96576329
2022-09-21,18506.76075,19157017.17,263619,918372,14.26890175,3.545343334e+11,263619,4831624.544,0.02611099838,18.32805884
2022-09-22,19414.53964,19157817.17,246387,860577,12.8666359,3.71940201e+11,246387,3398926.757,0.02538453185,13.79507343
2022-09-23,19326.86482,19158660.92,276441,968636,15.67245082,3.702768497e+11,276441,2783166.865,0.02377416121,10.06785124
2022-09-24,18924.76779,19159573.42,226763,799441,10.91752828,3.625904779e+11,226763,1577570.905,0.02084199946,6.956914953
2022-09-25,18793.15615,19160492.17,208905,781165,10.46772637,3.600861213e+11,208905,1798026.493,0.0198503113,8.606909807
2022-09-26,19201.13172,19161429.67,264276,938059,14.64353481,3.679211351e+11,264276,3070678.594,0.02321639195,11.61921095
2022-09-27,19106.73891,19162235.92,275487,966074,17.21328433,3.661278387e+11,275487,2942215.988,0.02571752313,10.68005382
2022-09-28,19454.93721,19163173.42,258906,849979,13.75538702,3.728183356e+11,258906,3128201.418,0.02385003842,12.08238287
2022-09-29,19540.86641,19164067.17,266329,874705,14.81669729,3.744824764e+11,266329,2745574.869,0.02425506577,10.30895948
2022-09-30,19435.19469,19165123.42,292553,1005499,17.14726597,3.72477905e+11,292553,2653362.144,0.02321731308,9.069680175
2022-10-01,19311.86163,19166254.67,236007,867330,11.63954428,3.701360581e+11,236007,1415404.442,0.02069805634,5.997298563
2022-10-02,19015.29281,19167235.92,216756,852250,9.13229056,3.644706033e+11,216756,1228736.247,0.01986869221,5.668753098
2022-10-03,19633.43259,19168198.42,268836,964012,11.29011357,3.763375315e+11,268836,2339066.768,0.02453233778,8.700720022
2022-10-04,20339.97128,19169217.17,280235,932869,10.28849637,3.899013267e+11,280235,2434631.11,0.02312333648,8.687819543
2022-10-05,20155.0997,19170310.92,267518,891063,9.24387151,3.863795278e+11,267518,2146159.341,0.02336564974,8.022485744
2022-10-06,19950.5478,19171304.67,276491,930050,10.36318348,3.824780301e+11,276491,1725602.938,0.02241447225,6.241081763
2022-10-07,19539.14392,19172373.42,270954,936123,10.32452635,3.746117636e+11,270954,1805805.872,0.02338408488,6.664621568
2022-10-08,19416.17723,19173467.17,235954,815047,6.6463794,3.722754367e+11,235954,1460991.083,0.01999801482,6.191847066
2022-10-09,19428.36713,19174454.67,214993,787417,6.08936138,3.725283449e+11,214993,1541218.82,0.01941290266,7.168693028
2022-10-10,19154.40423,19175504.67,253025,896218,7.94699149,3.672953678e+11,253025,2290201.761,0.0224776503,9.051286476
2022-10-11,19039.28207,19176485.92,272927,916599,9.14772243,3.651065245e+11,272927,2724929.083,0.0235624956,9.984094953
2022-10-12,19156.91156,19177342.17,260366,871140,9.32404406,3.67378648e+11,260366,2367266.157,0.02287962747,9.092070996
2022-10-13,19387.83368,19178235.92,275214,933599,14.93511743,3.718244483e+11,275214,2632455.565,0.02333989488,9.565122285
2022-10-14,19177.6941,19179210.92,284575,984001,14.68792708,3.678130401e+11,284575,2014255.699,0.02411817591,7.078118947
2022-10-15,19069.87493,19180160.92,241112,838678,9.26675507,3.657632698e+11,241112,898176.5387,0.02006232351,3.725142418
2022-10-16,19261.74979,19181060.92,214703,769067,8.29780449,3.694607961e+11,214703,839026.7963,0.01973590168,3.907848499
2022-10-17,19557.02181,19181998.42,261168,870371,13.1668306,3.751427614e+11,261168,1519211.64,0.02412581039,5.816989985
2022-10-18,19341.40755,19182885.92,258490,887194,17.07848573,3.710240146e+11,258490,2271980.458,0.02494771896,8.789432699
2022-10-19,19132.15443,19183829.67,260354,923688,16.33306213,3.670279917e+11,260354,2327340.762,0.02391502754,8.939139639
2022-10-20,19033.37602,19184735.92,268532,893489,12.89876006,3.651502927e+11,268532,1817002.889,0.02326092856,6.766429657
2022-10-21,19174.87635,19185710.92,266487,913925,11.66121356,3.678836345e+11,266487,1822810.63,0.02339889926,6.840148412
2022-10-22,19207.62851,19186560.92,231911,817446,9.09253204,3.685283345e+11,231911,1252486.093,0.01942920751,5.40071878
2022-10-23,19565.41232,19187529.67,218227,803523,7.84897897,3.754119294e+11,218227,1279866.296,0.01951801443,5.864839345
2022-10-24,19341.46021,19188379.67,266297,922514,12.00625193,3.711312818e+11,266297,1858899.109,0.02376061554,6.980548445
2022-10-25,20094.96112,19189142.17,251891,829386,17.4666418,3.856050658e+11,251891,1869136.37,0.02479352893,7.420417442
2022-10-26,20797.03083,19190110.92,305561,1051950,23.38594935,3.990973283e+11,305561,2535005.054,0.02140848873,8.296232354
2022-10-27,20280.17513,19190954.67,265430,895161,17.10950234,3.891959215e+11,265430,2673385.78,0.02268205265,10.07190513
2022-10-28,20604.61385,19191948.42,279384,925522,18.67684389,3.954426862e+11,279384,1777894.521,0.02132410746,6.363623261
2022-10-29,20803.89992,19192842.17,251735,871729,14.41367012,3.992859676e+11,251735,1838289.039,0.01833627356,7.302476967
2022-10-30,20616.70338,19193685.92,223333,830676,12.85734925,3.957105293e+11,223333,1337157.466,0.019085253,5.987281174
2022-10-31,20490.85818,19194767.17,290008,980614,15.89999085,3.933172518e+11,290008,2147653.533,0.02260852112,7.405497547
2022-11-01,20483.96653,19195667.17,273150,955117,14.58986622,3.932034038e+11,273150,2091739.819,0.02345444176,7.657843014
2022-11-02,20148.28455,19196429.67,258761,869056,17.21170919,3.867751274e+11,258761,2506393.925,0.02392193731,9.686134791
2022-11-03,20198.11119,19197454.67,294320,1009478,18.64138734,3.877523239e+11,294320,3406489.714,0.02114375924,11.57410205
2022-11-04,21157.24493,19198260.92,281439,939102,19.49888769,4.061823084e+11,281439,3597341.264,0.02286356289,12.78195724
2022-11-05,21283.4716,19199204.67,253538,916525,16.45775871,4.086257273e+11,253538,1890146.27,0.01912385384,7.455080777
2022-11-06,20946.80304,19200060.92,223686,811578,13.113067,4.021798943e+11,223686,3961725.934,0.01938095275,17.71110366
2022-11-07,20568.56512,19200960.92,267661,920253,16.10616126,3.94936215e+11,267661,4006632.458,0.02421082837,14.96905585
2022-11-08,18520.97116,19201979.67,296138,1051006,21.91772278,3.556393117e+11,296138,2250898.54,0.02704010473,7.600843323
2022-11-09,15758.29128,19202910.92,293667,1076579,25.72038455,3.026050637e+11,293667,4145663.531,0.0370841603,14.1168859
2022-11-10,17541.56029,19203829.67,294575,1056871,24.09456215,3.368651358e+11,294575,3802131.271,0.02873319088,12.90717566
2022-11-11,16916.85063,19204667.17,278829,964454,21.32007332,3.248824859e+11,278829,3979030.614,0.02725436371,14.27050491
2022-11-12,16771.24267,19205710.92,245106,942728,16.69044886,3.221036385e+11,245106,2585333.255,0.02372459858,10.54781709
2022-11-13,16320.49834,19206517.17,224942,895185,16.32707442,3.134599315e+11,224942,3400572.626,0.02529794075,15.11755309
2022-11-14,16629.47841,19207285.92,244858,954601,23.25720034,3.194071466e+11,244858,3181825.58,0.0319712974,12.99457473
2022-11-15,16855.59379,19208254.67,281221,986709,36.20440793,3.23766538e+11,281221,2683209.306,0.03013877805,9.541283567
2022-11-16,16659.60633,19209192.17,264899,944275,35.40208783,3.200175795e+11,264899,2175053.449,0.03123002966,8.210878292
2022-11-17,16675.17902,19210054.67,254924,902258,35.45544762,3.203311006e+11,254924,1643619.177,0.03103253041,6.447487003
2022-11-18,16661.52296,19210923.42,275776,955851,42.86837889,3.200832415e+11,275776,1765616.104,0.02901841574,6.402355911
2022-11-19,16696.00406,19211842.17,262900,1113245,26.54277965,3.207609948e+11,262900,1194843.678,0.02102023926,4.54485994
2022-11-20,16246.8447,19212773.42,229629,1013890,19.74182964,3.121469459e+11,229629,1666426.812,0.02404239144,7.257039886
2022-11-21,15778.0174,19213579.67,269034,974239,25.24633127,3.031521944e+11,269034,1762803.355,0.03080406033,6.552344147
2022-11-22,16172.88934,19214367.17,257097,931145,27.46384387,3.10751834e+11,257097,1529891.02,0.03057437601,5.950637388
2022-11-23,16574.06173,19215248.42,270971,1057775,28.57745437,3.184747134e+11,270971,1249136.67,0.02742073774,4.609853713
2022-11-24,16583.52434,19216054.67,250821,988182,27.10556514,3.186699104e+11,250821,916194.4458,0.02589666654,3.652782047
2022-11-25,16522.38878,19216823.42,262820,981465,27.75268397,3.175078275e+11,262820,1541490.04,0.02876751095,5.865193061
2022-11-26,16448.64131,19217504.67,230269,892687,23.45026892,3.161018411e+11,230269,801906.2858,0.02361951925,3.482476086
2022-11-27,16436.07077,19218354.67,223392,855437,17.739806,3.158742374e+11,223392,699639.6373,0.02235339609,3.131892088
2022-11-28,16212.58142,19219223.42,259679,931505,22.74525336,3.115932244e+11,259679,976772.5478,0.02906002369,3.76146145
2022-11-29,16443.03682,19220042.17,271896,955669,23.42829953,3.16035861e+11,271896,942779.0383,0.02918390351,3.467425186
2022-11-30,17176.89869,19220904.67,272102,946754,27.77862908,3.301555322e+11,272102,855216.7034,0.02908551823,3.143000432
2022-12-01,16961.2918,19221860.92,286994,1030232,28.90736246,3.26027592e+11,286994,900967.314,0.02896683847,3.139324564
2022-12-02,17075.10914,19222642.17,271522,970221,29.29651241,3.282287129e+11,271522,808470.4709,0.02758494814,2.977550515
2022-12-03,16899.50738,19223460.92,249912,938854,22.33636235,3.248670197e+11,249912,686656.9322,0.02236100683,2.747594882
2022-12-04,17121.71498,19224335.92,216703,842351,16.59440938,3.291536003e+11,216703,550145.1993,0.02202641502,2.538705968
2022-12-05,16961.35179,19225248.42,273083,960563,21.4701627,3.260862016e+11,273083,930436.8407,0.02920262525,3.40715768
2022-12-06,17070.51583,19226092.17,264624,941978,22.77322737,3.281993106e+11,264624,809132.802,0.02813670101,3.057669758
2022-12-07,16848.25182,19227167.17,266558,899850,17.55649594,3.239441543e+11,266558,877074.7256,0.02577240681,3.290371047
2022-12-08,17231.45632,19228210.92,270258,905789,15.35606054,3.313300766e+11,270258,947658.0836,0.02413243502,3.506494104
2022-12-09,17136.149,19229160.92,268606,946767,13.62308068,3.295137666e+11,268606,893433.2205,0.02615861942,3.326184897
2022-12-10,17124.21468,19230123.42,231276,909506,11.79191791,3.293007617e+11,231276,647156.8069,0.02330787177,2.798201313
2022-12-11,17094.36066,19231042.12,220885,781176,8.2953374,3.287423699e+11,220885,640403.0957,0.02131714706,2.899260229
2022-12-12,17195.525,19231935.84,264207,905428,12.76764782,3.307032334e+11,264207,864243.1876,0.02605067307,3.271083611
2022-12-13,17774.91663,19232967.05,286344,974065,13.21191779,3.418643859e+11,286344,1236770.24,0.02662510378,4.319176376
2022-12-14,17809.72408,19233892.02,279228,930586,15.26543356,3.4255031e+11,279228,1390925.044,0.02685386914,4.981323662
2022-12-15,17344.05446,19234760.74,271326,897844,20.30874976,3.336087378e+11,271326,1028873.597,0.02655221137,3.79201992
2022-12-16,16606.11018,19235573.2,258839,893040,17.2199916,3.194280479e+11,258839,1177206.177,0.0301684136,4.548024745
2022-12-17,16774.38537,19236435.66,261183,967830,16.77524318,3.22679385e+11,261183,778237.081,0.02152669037,2.97966208
2022-12-18,16776.11593,19237341.87,207910,783263,11.2231636,3.227278773e+11,207910,689310.5801,0.02387704054,3.315427734
2022-12-19,16424.13139,19238191.83,262020,971140,18.41970834,3.159705902e+11,262020,1076899.328,0.02721775597,4.109989041
2022-12-20,16901.81694,19239066.79,270300,950486,18.15026627,3.251751849e+11,270300,990598.979,0.02659536556,3.664813093
2022-12-21,16800.53297,19239960.5,268746,905699,16.26894928,3.232415907e+11,268746,853977.3102,0.02584781094,3.177637286
2022-12-22,16814.22258,19240804.21,276334,908585,17.40724802,3.235191645e+11,276334,835006.0674,0.02696818113,3.021727574
2022-12-23,16780.51698,19241629.17,275188,891725,17.67253814,3.228844849e+11,275188,890824.0054,0.02666014406,3.237146988
2022-12-24,16837.61217,19242185.39,215536,758680,17.35118092,3.239924549e+11,215536,611343.7098,0.02319669773,2.836387934
2022-12-25,16824.83897,19243066.62,196741,731599,13.55381704,3.237614973e+11,196741,550669.5896,0.02051841331,2.798956951
2022-12-26,16879.93823,19243872.85,227132,787672,18.14874832,3.248353849e+11,227132,668992.3046,0.02413059779,2.945389926
2022-12-27,16698.91127,19244591.57,241695,867369,23.58239586,3.213637271e+11,241695,752719.1423,0.02779259034,3.11433477
2022-12-28,16536.2942,19245641.52,269982,904203,20.58845622,3.182515903e+11,269982,868413.5881,0.02613088487,3.21656106
2022-12-29,16630.59316,19246522.73,266982,945186,20.28002828,3.200810891e+11,266982,870028.4683,0.02747448607,3.25875328
2022-12-30,16593.68883,19247510.18,286348,1050756,21.70292619,3.193871947e+11,286348,869810.8714,0.02563962747,3.037600652
2022-12-31,16524.2178,19248485.15,243946,839910,12.23102299,3.180661609e+11,243946,631706.1095,0.02434190863,2.589532558
2023-01-01,16606.75204,19249453.86,189355,719716,7.11426538,3.196709072e+11,189355,560388.3385,0.02222162401,2.959458892
2023-01-02,16688.71927,19250428.81,228547,842261,8.81160672,3.212650022e+11,228547,684324.1475,0.02438197883,2.994238155
2023-01-03,16670.07738,19251391.26,273459,985169,13.06023335,3.209221821e+11,273459,831560.8446,0.02391056687,3.040897702
2023-01-04,16848.36604,19252284.97,279254,922281,14.69062023,3.243695443e+11,279254,876030.998,0.02690124365,3.137040107
2023-01-05,16824.80018,19253266.18,274976,922508,14.10142118,3.239323564e+11,274976,866450.2688,0.02304229446,3.151003247
2023-01-06,16957.86227,19254391.14,273358,932794,13.0006234,3.265133131e+11,273358,979006.1475,0.02195483098,3.581406608
2023-01-07,16942.62859,19255353.6,250336,809225,8.44708931,3.262363043e+11,250336,758028.0557,0.01878687232,3.028042534
2023-01-08,17059.23994,19256309.83,229074,755503,6.7613671,3.284980098e+11,229074,710187.8953,0.01900518435,3.100255356
2023-01-09,17182.31985,19257259.79,286289,981056,10.95318244,3.308843973e+11,286289,1052411.564,0.02151187984,3.676046107
2023-01-10,17433.91463,19258316,306036,1146540,11.08795813,3.357478372e+11,306036,977901.6272,0.02243454831,3.195381025
2023-01-11,17833.71077,19259234.72,288569,944957,12.81217909,3.434636216e+11,288569,845688.8426,0.0220033287,2.930629564
2023-01-12,18869.70448,19260178.44,310585,1034292,16.41895379,3.634338754e+11,310585,1035760.411,0.02022352816,3.334869396
2023-01-13,19868.72475,19261172.15,320370,1072059,16.70295439,3.826949277e+11,320370,1054225.233,0.01983886762,3.29064904
2023-01-14,21010.92272,19262240.87,303624,965948,13.5821861,4.047174543e+11,303624,895918.8039,0.01927578362,2.950750942
2023-01-15,20876.00856,19263259.59,255156,807742,8.06290171,4.021399719e+11,255156,757486.4255,0.01629703298,2.968718845
2023-01-16,21180.41195,19264178.31,303811,966312,10.40742888,4.080232324e+11,303811,825394.5398,0.01662649437,2.716802683
2023-01-17,21178.2994,19265153.28,309004,988775,13.20294079,4.080031841e+11,309004,1007407.667,0.01685432779,3.260176783
2023-01-18,20709.6686,19266028.25,294539,942079,15.88320858,3.989930604e+11,294539,900797.4488,0.01921662812,3.058329962
2023-01-19,21071.83342,19266934.47,298607,926693,16.083276,4.059896335e+11,298607,804822.5147,0.01764193901,2.695256691
2023-01-20,22660.71694,19267759.44,303214,933005,20.50014614,4.366212428e+11,303214,796239.3928,0.01749476863,2.625998116
2023-01-21,22803.17276,19268621.91,286001,906764,15.85744364,4.393857142e+11,286001,836010.0963,0.0159741806,2.923102004
2023-01-22,22716.2772,19269565.64,249747,863236,13.65075731,4.377327946e+11,249747,649459.6101,0.01411551713,2.600470116
2023-01-23,22929.02489,19270553.11,296833,933346,15.12028084,4.418549919e+11,296833,853628.5899,0.01580555657,2.875787361
2023-01-24,22611.12688,19271359.33,288416,908199,16.97276058,4.357471509e+11,288416,758620.0049,0.01674175737,2.63029792
2023-01-25,23109.08452,19272453.05,306272,912032,12.41888443,4.453687463e+11,306272,830969.661,0.01638779761,2.713175416
2023-01-26,23008.68948,19273421.77,297461,892287,12.02274123,4.434561766e+11,297461,788697.9302,0.01547510997,2.651433062
2023-01-27,23070.49646,19274384.24,305372,929064,14.80757574,4.446696133e+11,305372,791699.9141,0.01620723684,2.592575331
2023-01-28,23008.80946,19275434.2,268374,857014,11.23421149,4.435047929e+11,268374,516130.5507,0.01477364574,1.923176428
2023-01-29,23774.99637,19276440.41,258804,829895,8.48808802,4.582973008e+11,258804,564698.9844,0.01406056997,2.181956169
2023-01-30,22799.42726,19277302.87,311188,957363,11.69856926,4.395114646e+11,311188,947536.6678,0.01468462327,3.04490105
2023-01-31,23130.05191,19278021.59,312359,944348,19.03050643,4.459016402e+11,312359,898114.5124,0.01660562637,2.875263759
2023-02-01,23727.20261,19278877.81,343824,1050528,21.5658709,4.574338398e+11,343824,885309.8963,0.01440106555,2.574892667
2023-02-02,23505.60484,19279784.02,335421,983946,21.48587931,4.531829847e+11,335421,775194.2792,0.01499633821,2.311108366
2023-02-03,23445.81318,19280615.25,317695,988867,25.22371902,4.52049703e+11,317695,814880.7536,0.01516829454,2.564978214
2023-02-04,23355.52439,19281465.21,302062,961115,19.39341043,4.50328731e+11,302062,503464.163,0.01163253693,1.666757695
2023-02-05,22957.22519,19282415.19,256347,802171,14.39425249,4.426707478e+11,256347,550386.3609,0.01258971838,2.147036482
2023-02-06,22745.16504,19283340.16,304492,920525,18.8160648,4.386027544e+11,304492,681577.8725,0.01452088826,2.238409786
2023-02-07,23266.2692,19284227.63,303225,944049,22.11979398,4.486720313e+11,303225,628442.376,0.01721036564,2.072528242
2023-02-08,22937.57995,19285090.09,315120,942153,18.25106286,4.423532957e+11,315120,659857.2629,0.01310805241,2.093987252
2023-02-09,21818.19895,19286102.54,363668,1056974,21.24740952,4.207880221e+11,363668,841455.8731,0.01050169176,2.31380235
2023-02-10,21620.56678,19287021.25,302716,923753,27.41138447,4.16996331e+11,302716,1403700.138,0.01652334111,4.637019973
2023-02-11,21864.86264,19287946.21,281958,896301,22.29779204,4.217282946e+11,281958,831101.0885,0.01186369218,2.947605986
2023-02-12,21772.13733,19288958.67,256348,861493,18.56710951,4.199618571e+11,256348,695839.3761,0.01132130467,2.714432631
2023-02-13,21798.71572,19289933.64,297879,957593,24.3538902,4.204957795e+11,297879,863599.3646,0.01593974638,2.899161621
2023-02-14,22222.41504,19290896.09,305330,913570,26.33541292,4.286902995e+11,305330,759381.1805,0.01400815345,2.48708342
2023-02-15,24304.61298,19291914.79,325059,993456,35.35653619,4.688825228e+11,325059,758674.777,0.01371385754,2.333960226
2023-02-16,23742.44884,19293033.49,341817,1118226,31.1085191,4.580638606e+11,341817,1037654.559,0.01540051755,3.035702025
2023-02-17,24607.33561,19294064.7,322140,1050009,26.35534112,4.747755252e+11,322140,909800.392,0.01318119138,2.824239126
2023-02-18,24636.52661,19295114.53,273988,1046593,19.50432466,4.753646025e+11,273988,598810.4616,0.01206399768,2.185535358
2023-02-19,24366.99076,19296127.01,244509,928713,15.93394346,4.701885486e+11,244509,512127.4907,0.01229991848,2.094513865
2023-02-20,24797.84304,19297045.71,267205,908106,17.401071,4.785251106e+11,267205,686431.7713,0.01594598367,2.568933109
2023-02-21,24400.38939,19298089.39,293613,1012926,17.57164606,4.708808957e+11,293613,854472.3937,0.0156306522,2.910199459
2023-02-22,24163.73898,19298964.32,277803,931144,18.22752541,4.663351363e+11,277803,795019.0602,0.01671446626,2.861808765
2023-02-23,23910.03421,19300032.96,291650,1071298,19.21187824,4.614644482e+11,291650,849967.6379,0.01618818261,2.914341292
2023-02-24,23175.8242,19300876.61,298377,964247,18.83631124,4.473137233e+11,298377,878040.4624,0.01623834375,2.942721666
2023-02-25,23159.81544,19301545.29,259206,811239,15.71188021,4.470202266e+11,259206,568601.3197,0.01258740601,2.193627153
2023-02-26,23542.09643,19302595.2,271471,905055,14.85832071,4.544235575e+11,271471,532400.167,0.008536962739,1.961167738
2023-02-27,23504.18942,19303470.12,296912,982682,23.10896127,4.537124181e+11,296912,771088.2971,0.01428834639,2.597026382
2023-02-28,23145.94913,19304326.29,335341,983627,26.40999973,4.468169542e+11,335341,855624.1668,0.01204940867,2.551504787
2023-03-01,23610.65909,19305388.68,377754,1076257,24.93559574,4.558129508e+11,377754,832923.5183,0.01010276753,2.20493633
2023-03-02,23470.02548,19306288.58,330024,939444,24.61035964,4.531190849e+11,330024,816973.7359,0.01253360378,2.475497951
2023-03-03,22350.09623,19307338.46,355066,1086253,27.55528317,4.315208726e+11,355066,953717.4675,0.0127995422,2.686028703
2023-03-04,22334.28526,19308288.36,306924,905589,20.07201795,4.312368202e+11,306924,574564.7236,0.009431105474,1.87200976
2023-03-05,22419.81714,19309257.06,287178,995537,17.3318967,4.329100124e+11,287178,584198.0843,0.008256267161,2.034271721
2023-03-06,22414.70331,19310081.98,318245,931807,24.49760304,4.328297584e+11,318245,774986.1706,0.01333468465,2.435187263
2023-03-07,22174.64847,19311113.09,360867,1063023,25.42310965,4.282171445e+11,360867,936950.8916,0.0123124838,2.596388397
2023-03-08,21701.38462,19311944.23,290018,885079,26.4980701,4.190959296e+11,290018,874475.4383,0.01468528417,3.015245393
2023-03-09,20349.81417,19312787.89,339133,929904,45.45094152,3.930116447e+11,339133,894802.6755,0.0127718611,2.638500752
2023-03-10,20240.40669,19313637.8,322995,979055,43.24846249,3.909158839e+11,322995,963858.9923,0.01502356176,2.984129761
2023-03-11,20585.23433,19314668.93,323403,982511,27.14724538,3.97596986e+11,323403,933545.5093,0.009985312614,2.886632187
2023-03-12,22065.98004,19315675.07,263955,886609,21.43266206,4.262193005e+11,263955,620879.7569,0.01042627609,2.352218207
2023-03-13,24154.42909,19316656.21,335201,999918,26.19495361,4.665828028e+11,335201,1110082.059,0.01680710392,3.311690775
2023-03-14,24769.01757,19317568.62,327923,1024780,37.56809492,4.784771965e+11,327923,1169011.766,0.01925316572,3.564897144
2023-03-15,24409.80175,19318487.27,343857,1006730,33.32870071,4.715604445e+11,343857,987543.9126,0.01249842187,2.871961055
2023-03-16,25043.23885,19319324.69,295146,879957,33.35299825,4.838184624e+11,295146,850014.2587,0.01578130538,2.879978921
2023-03-17,27450.62829,19320243.34,339244,1085422,43.16289184,5.303528184e+11,339244,1100929.719,0.01518941554,3.245244482
2023-03-18,26985.73599,19321255.72,293458,955447,34.22495221,5.213983059e+11,293458,791874.5707,0.0125284706,2.698425569
2023-03-19,28185.20433,19322180.71,271293,845573,28.41228189,5.445996114e+11,271293,870672.4038,0.01109266395,3.209343418
2023-03-20,27834.33611,19323143.21,337263,1014355,29.31887864,5.378468628e+11,337263,1299066.039,0.0116666695,3.851789372
2023-03-21,28172.79506,19324049.46,331907,990544,29.69900996,5.44412485e+11,331907,1162654.893,0.01268784298,3.502953818
2023-03-22,27341.55713,19325043.21,296448,940276,35.43585315,5.283767729e+11,296448,1072790.067,0.01644284551,3.618813644
2023-03-23,28387.88975,19326186.96,292159,902932,38.85922915,5.486296647e+11,292159,1010519.209,0.01498522799,3.458798835
2023-03-24,27464.12495,19327199.46,294570,893101,44.41177294,5.308046208e+11,294570,1122930.397,0.0151171028,3.812100338
2023-03-25,27488.95488,19328105.71,287422,898042,30.02596854,5.313094257e+11,287422,734538.0357,0.0102841669,2.555608255
2023-03-26,28049.39169,19329005.71,266890,851151,22.08619822,5.421668521e+11,266890,743226.271,0.009696502619,2.784766274
2023-03-27,27154.99637,19329930.71,295339,1057595,24.65912588,5.249041982e+11,295339,1130586.773,0.01373953415,3.828098468
2023-03-28,27283.9634,19330768.21,317587,982699,26.77974016,5.274199723e+11,317587,1139096.375,0.01200100569,3.586722301
2023-03-29,28389.29178,19331686.96,328588,977852,27.22157982,5.488129016e+11,328588,1087064.278,0.01289377005,3.308289644
2023-03-30,28021.5583,19332655.71,331354,1021839,27.69532638,5.41731139e+11,331354,1557785.667,0.01215121573,4.701273162
2023-03-31,28514.68131,19333536.96,308895,1043754,33.43660245,5.512896449e+11,308895,1067273.131,0.01396042255,3.455132426
2023-04-01,28494.56389,19334411.96,316521,1038858,30.71648204,5.509256367e+11,316521,778479.1798,0.008972132405,2.459486668
2023-04-02,28161.99804,19335343.21,342161,1012005,24.14681689,5.445218975e+11,342161,757815.8349,0.004109971169,2.214793138
2023-04-03,27850.97994,19336161.96,336905,985157,28.41745704,5.385310589e+11,336905,1082981.425,0.008873080965,3.214500897
2023-04-04,28113.95852,19337174.46,419443,1108155,33.1947129,5.436445206e+11,419443,1092009.541,0.006798331152,2.603475421
2023-04-05,28190.31161,19338043.21,345029,964688,32.47502967,5.451454639e+11,345029,1117886.499,0.01009077175,3.239978375
2023-04-06,28049.07448,19339043.21,352346,1022873,32.29154074,5.424422632e+11,352346,1025015.244,0.009694794038,2.909115596
2023-04-07,27936.80426,19339930.71,351639,956362,26.9726815,5.402958586e+11,351639,765261.0414,0.00746581456,2.176268962
2023-04-08,27964.05125,19340849.46,325340,885739,22.02735161,5.408485055e+11,325340,596114.303,0.006158370919,1.832281008
2023-04-09,28357.80727,19341761.96,277152,936112,17.05816287,5.484899579e+11,277152,581028.2242,0.005652834807,2.096424432
2023-04-10,29687.56518,19342530.71,292988,947327,22.0618439,5.742326412e+11,292988,923535.6245,0.01094458228,3.152127816
2023-04-11,30247.09592,19343493.21,375758,1146146,30.45382908,5.850844945e+11,375758,935199.2772,0.01107560874,2.488833976
2023-04-12,29913.00355,19344493.21,344791,1056542,25.31904837,5.786518939e+11,344791,1209390.626,0.01073121927,3.507604973
2023-04-13,30370.82207,19345380.71,326572,1009669,25.25492416,5.875351154e+11,326572,761611.5274,0.01122867202,2.332139704
2023-04-14,30458.97004,19346255.71,316304,1016042,28.18661616,5.89267023e+11,316304,1034388.516,0.01408665491,3.270235332
2023-04-15,30342.05911,19347243.21,275326,1045660,20.78379991,5.87035197e+11,275326,766042.1517,0.01104545999,2.782309523
2023-04-16,30312.93085,19348018.21,235578,840992,15.97357635,5.864951381e+11,235578,643568.5765,0.01151703218,2.731870448
2023-04-17,29469.50507,19348986.96,316549,984242,21.00255235,5.702050693e+11,316549,1110163.614,0.01087849963,3.507082991
2023-04-18,30366.87238,19350024.46,313000,1149264,20.06773389,5.875997233e+11,313000,788878.3441,0.01317234765,2.520378096
2023-04-19,28796.7441,19350893.21,298359,985732,21.31312735,5.572427197e+11,298359,798428.5023,0.014082981,2.676066424
2023-04-20,28251.27638,19351724.46,297440,951443,21.23186653,5.467109161e+11,297440,802209.447,0.01470560106,2.697046285
2023-04-21,27292.02111,19352630.71,352999,1015546,23.64163868,5.281724057e+11,352999,860314.7563,0.008712546392,2.437159188
2023-04-22,27827.54759,19353561.96,356615,914896,16.20035622,5.385621664e+11,356615,548323.0585,0.0033629266,1.537577103
2023-04-23,27604.68557,19354480.71,434101,840711,13.71348298,5.342743544e+11,434101,487934.7672,0.0003297990834,1.124012078
2023-04-24,27520.19967,19355361.96,358615,998948,21.47546548,5.326634258e+11,358615,810526.5683,0.005426922834,2.26015802
2023-04-25,28302.69422,19356143.21,373152,895988,26.31098275,5.478310024e+11,373152,782067.9602,0.0057976106,2.095842874
2023-04-26,28384.23403,19356955.71,433927,893248,33.61225273,5.49432361e+11,433927,906096.4358,0.002867436898,2.088131035
2023-04-27,29465.55143,19357768.21,419005,892914,41.97388701,5.703873146e+11,419005,857205.76,0.004023545946,2.045812723
2023-04-28,29350.81189,19358686.96,484327,957827,46.24499578,5.681931792e+11,484327,863711.8432,0.002352336973,1.783323753
2023-04-29,29221.51451,19359543.21,487346,803633,42.30656248,5.657151727e+11,487346,591856.2107,0.0006638944054,1.214447663
2023-04-30,29362.0868,19360468.21,561448,767567,47.3982445,5.684637479e+11,561448,667264.8829,1.914032895e-05,1.188471386
2023-05-01,28114.95319,19361605.71,685711,929691,70.11933593,5.443506381e+11,685711,829610.4749,2.610710376e-05,1.209854406
2023-05-02,28690.581,19362411.96,460621,820724,117.7266027,5.555188485e+11,460621,666690.8435,0.001718577954,1.447373966
2023-05-03,29045.04277,19363293.21,488518,953701,120.524158,5.624076794e+11,488518,932682.0024,0.003309170544,1.909207035
2023-05-04,28855.85745,19364205.71,490738,914598,117.3440671,5.587707594e+11,490738,841432.0757,0.001512795109,1.714625881
2023-05-05,29552.96952,19364949.46,411057,822037,136.4725611,5.722917611e+11,411057,812350.617,0.003639363547,1.976248104
2023-05-06,28899.46296,19365880.71,603617,764917,182.1293917,5.596635522e+11,603617,882090.8949,4.377243971e-05,1.461342035
2023-05-07,28761.73843,19366749.46,614264,549932,421.854807,5.570213822e+11,614264,1034745.896,5.493409251e-06,1.684529609
2023-05-08,27727.28541,19367605.71,573864,696710,628.2502596,5.370111311e+11,573864,810049.1182,8.994749984e-05,1.411569846
2023-05-09,27642.42811,19368549.46,592036,772112,438.7186932,5.353937359e+11,592036,736146.2342,7.857486294e-05,1.243414647
2023-05-10,27646.0049,19369611.96,672910,891517,329.3461173,5.354923871e+11,672910,850715.2297,0.0001457353427,1.2642333
2023-05-11,26986.27107,19370555.71,544837,831417,193.2943319,5.22739067e+11,544837,860977.5618,0.0001731250675,1.580247967
2023-05-12,26773.34436,19371436.96,508450,809188,171.4350923,5.186381524e+11,508450,949962.9766,0.0004221362803,1.868350824
2023-05-13,26841.39829,19372343.21,581550,705679,111.4670368,5.199807798e+11,581550,533810.8225,5.439358949e-06,0.9179104506
2023-05-14,26918.2616,19373430.71,626942,835319,84.1081243,5.214990758e+11,626942,515932.9897,5.460976723e-06,0.8229357576
2023-05-15,27231.62161,19374349.46,526691,817441,91.45107633,5.275949533e+11,526691,720709.4391,0.0001143890748,1.368372422
2023-05-16,27025.71819,19375305.71,564700,814467,113.3868631,5.236315518e+11,564700,882245.8643,0.0003398984603,1.562326659
2023-05-17,27401.04406,19376305.71,579967,841652,92.75284431,5.309310064e+11,579967,819098.0929,0.0003868830683,1.412318447
2023-05-18,26843.23509,19377186.96,478050,814709,107.8446732,5.201463849e+11,478050,846548.7364,0.002045282538,1.770837227
2023-05-19,26889.50363,19378124.46,513521,904374,117.7384338,5.210681479e+11,513521,727154.5754,0.001447107412,1.416017213
2023-05-20,27100.85829,19378943.21,423450,719434,81.55654324,5.251859936e+11,423450,484483.333,0.001154760475,1.144133506
2023-05-21,26777.09778,19379886.96,487763,775828,71.58644729,5.189371281e+11,487763,536907.119,0.0001060234392,1.100754094
2023-05-22,26858.73706,19380786.96,506455,817592,70.67962286,5.20543461e+11,506455,847267.7796,0.0007188349904,1.672937931
2023-05-23,27226.85588,19381749.46,514901,859507,70.22130147,5.277040991e+11,514901,938483.7618,0.0005453071801,1.82264894
2023-05-24,26341.43064,19382630.71,398061,859470,65.28136252,5.105662225e+11,398061,984006.5418,0.002965062948,2.471999372
2023-05-25,26484.83592,19383574.46,466257,923963,91.38298565,5.133707891e+11,466257,853703.635,0.00209214058,1.830972264
2023-05-26,26720.38381,19384530.71,533103,963216,98.62111763,5.179621004e+11,533103,717045.1577,0.001813634129,1.34504056
2023-05-27,26854.54037,19385436.96,469559,877266,60.90225342,5.205869993e+11,469559,536150.9606,0.0008995499333,1.14181809
2023-05-28,28097.52113,19386436.96,499561,863880,62.65696259,5.447108219e+11,499561,616185.5168,0.0005111838847,1.233454006
2023-05-29,27765.07287,19387449.46,548854,912071,71.08123836,5.382939469e+11,548854,880872.2818,0.0005338361642,1.604930058
2023-05-30,27712.49158,19388411.96,511408,959148,81.20036503,5.373012032e+11,511408,1007148.813,0.001484096075,1.969364603
2023-05-31,27217.68326,19389293.21,421021,925966,69.18941323,5.277316411e+11,421021,1388451.162,0.003373431865,3.297819258
2023-06-01,26825.37135,19390118.21,351891,919298,68.57090256,5.201471213e+11,351891,1093136.063,0.007437399372,3.106462122
2023-06-02,27255.22799,19391143.2,485798,982760,75.16251214,5.285100291e+11,485798,1262761.226,0.003736897744,2.599354517
2023-06-03,27079.40846,19391955.7,380045,873884,44.31612452,5.251226894e+11,380045,818560.1489,0.00301354441,2.153850594
2023-06-04,27158.25457,19392880.7,357474,879948,37.20531165,5.26676791e+11,357474,944945.0588,0.001998177013,2.643395208
2023-06-05,25785.85148,19393743.2,363110,884289,59.73421051,5.000841819e+11,363110,1593068.754,0.005461560968,4.387289676
2023-06-06,27213.77052,19394686.95,468063,1032895,84.66791356,5.2780256e+11,468063,1314625.892,0.004164619523,2.808651596
2023-06-07,26339.57903,19395530.7,429649,1004588,95.95116093,5.108701137e+11,429649,1024404.635,0.005520361576,2.384282601
2023-06-08,26521.6936,19396493.19,403263,964762,68.67556866,5.144278494e+11,403263,1047185.24,0.004083525043,2.596779868
2023-06-09,26470.67758,19397549.44,387748,1020140,73.27203881,5.134662771e+11,387748,1122755.873,0.005236548992,2.895581338
2023-06-10,25863.21385,19398511.94,364874,943047,48.84567222,5.017078627e+11,364874,1028630.596,0.003731477478,2.8191392
2023-06-11,25906.82815,19399530.69,401105,872589,34.90257256,5.025803078e+11,401105,1027084.571,0.0008202856743,2.560637667
2023-06-12,25906.75194,19400511.93,371500,985947,43.08791976,5.026042499e+11,371500,1168543.381,0.004352417481,3.145473435
2023-06-13,25880.85997,19401430.68,405497,933842,36.80791731,5.021257107e+11,405497,993794.9991,0.002957822888,2.450807279
2023-06-14,25097.58538,19402186.93,333934,828183,39.78289137,4.869480429e+11,333934,997787.0068,0.007673925483,2.987976686
2023-06-15,25559.14333,19403111.92,421465,919869,41.37895146,4.959269187e+11,421465,911654.7331,0.003155935196,2.163061543
2023-06-16,26331.82009,19404068.17,521861,958674,46.1581138,5.109444322e+11,521861,988970.2143,0.001155939844,1.895083584
2023-06-17,26514.17135,19404943.17,468094,863600,39.28847808,5.145059883e+11,468094,665397.4823,0.0005414085853,1.421503976
2023-06-18,26353.96268,19405886.91,442763,883864,30.15374909,5.114220195e+11,442763,764949.1803,8.355479692e-05,1.72767187
2023-06-19,26778.06344,19406774.41,412858,920552,31.79587272,5.196758363e+11,412858,941640.2499,0.00155455603,2.280784797
2023-06-20,28305.42046,19407624.41,446312,951926,37.17888373,5.493409689e+11,446312,1014574.07,0.001647034358,2.273239505
2023-06-21,30099.51535,19408380.64,363604,920555,44.78397315,5.841828509e+11,363604,1187240.536,0.007044565254,3.265202076
2023-06-22,29952.51129,19409236.88,390860,1000988,43.16091265,5.813553868e+11,390860,1177505.678,0.004351755309,3.012602153
2023-06-23,30638.35376,19410018.13,373178,948738,40.52455082,5.946910021e+11,373178,1045855.871,0.004542509074,2.802565721
2023-06-24,30549.01629,19410930.63,360123,1011110,33.37934742,5.92984836e+11,360123,728049.5146,0.002374249937,2.021669026
2023-06-25,30467.44037,19411886.88,384437,944147,29.23850439,5.91430506e+11,384437,782856.2065,0.0007787986031,2.036370606
2023-06-26,30255.88612,19412799.38,405162,998904,32.30150761,5.873514473e+11,405162,1045636.855,0.002001825356,2.58078708
2023-06-27,30667.07629,19413674.37,433747,978594,32.23411074,5.953606332e+11,433747,981858.0829,0.001339156025,2.263665415
2023-06-28,30104.04327,19414349.37,331234,826245,29.98089028,5.844504136e+11,331234,937662.426,0.004533610278,2.830815756
2023-06-29,30460.79298,19415261.87,435226,970467,36.69134371,5.914042725e+11,435226,1131343.821,0.002421079453,2.599439879
2023-06-30,30484.50326,19416249.37,446825,1067040,34.93018253,5.918947172e+11,446825,1154830.958,0.002763338451,2.584526286
2023-07-01,30581.68897,19417080.62,320180,918349,24.75834121,5.938071201e+11,320180,748832.2292,0.003867052606,2.33878515
2023-07-02,30594.21647,19418149.37,307552,997177,23.64493796,5.940830653e+11,307552,583735.4766,0.002924212819,1.89800579
2023-07-03,31135.3576,19419005.62,333178,977874,26.1342694,6.046176842e+11,333178,933497.6397,0.006650541891,2.801798557
2023-07-04,30799.94746,19419886.87,377184,963366,22.50517052,5.981314951e+11,377184,873304.9122,0.003040199992,2.315328625
2023-07-05,30497.82213,19420861.87,494320,964759,21.04819217,5.922939908e+11,494320,854521.5003,0.0009956120759,1.728680815
2023-07-06,29979.72981,19421730.62,393611,973154,19.70489609,5.822582363e+11,393611,947313.8905,0.003480485003,2.40672616
2023-07-07,30329.88298,19422824.36,558253,1021136,19.08289802,5.890919898e+11,558253,923154.8712,5.440179249e-06,1.653649638
2023-07-08,30263.61963,19423936.86,574664,1009931,14.70995944,5.878386368e+11,574664,707629.4535,5.452090728e-06,1.231379473
2023-07-09,30163.22106,19424993.11,593770,978223,13.15021111,5.859203611e+11,593770,722940.1399,3.311980501e-06,1.217542382
2023-07-10,30394.65558,19425955.61,508406,925790,16.37074541,5.904452299e+11,508406,911444.5422,4.017153597e-05,1.792749382
2023-07-11,30616.24709,19426799.35,430012,937945,17.24335656,5.947756893e+11,430012,808119.9622,0.001167582685,1.879296304
2023-07-12,30385.60879,19427699.35,477324,942309,19.11805263,5.903224722e+11,477324,907942.0704,0.000900162975,1.902150469
2023-07-13,31434.73547,19428449.35,373263,874515,20.1111651,6.10728166e+11,373263,901550.239,0.003552216945,2.415321741
2023-07-14,30310.67202,19429311.85,421261,996373,22.50903409,5.889154991e+11,421261,967322.2303,0.003222198437,2.296253938
2023-07-15,30290.8906,19430174.35,489697,914738,16.40395616,5.885572854e+11,489697,687220.7903,5.480195423e-06,1.4033592
2023-07-16,30249.77297,19431143.1,591972,927843,15.66311247,5.877876672e+11,591972,683287.5862,3.305809935e-06,1.154256597
2023-07-17,30143.74627,19431993.1,440009,931087,16.93365016,5.857530695e+11,440009,889002.5773,0.001252697646,2.020419076
2023-07-18,29835.74741,19433005.6,569852,1028951,19.36949376,5.797982463e+11,569852,1088774.912,5.496761913e-06,1.910627517
2023-07-19,29913.02946,19433930.59,482668,969285,18.29762503,5.813277384e+11,482668,900808.3407,0.0006175904056,1.866310467
2023-07-20,29805.60657,19434730.59,398519,901211,22.80385089,5.792639338e+11,398519,865024.6779,0.002514426265,2.170598335
2023-07-21,29919.69349,19435430.59,322339,855163,22.86784569,5.815021261e+11,322339,738855.5289,0.006842550043,2.292169203
2023-07-22,29726.00963,19436268.09,288229,923147,46.73618948,5.777626923e+11,288229,527976.8696,0.003418218633,1.831796487
2023-07-23,30066.57245,19437186.84,560423,894084,25.38302437,5.844095862e+11,560423,533273.3572,3.286041339e-06,0.9515550883
2023-07-24,29178.3597,19438124.34,530301,938461,25.58701826,5.671725838e+11,530301,759492.6073,5.517787896e-06,1.432191543
2023-07-25,29221.25485,19438986.83,463976,940528,17.98811877,5.680315883e+11,463976,692377.4341,0.0006839884221,1.492269932
2023-07-26,29361.59176,19439886.83,451236,1015337,18.98471384,5.70786021e+11,451236,696150.5526,0.001111792585,1.54276377
2023-07-27,29201.68652,19440749.33,413776,943734,21.10706484,5.677026676e+11,413776,744357.0363,0.002603171565,1.798937194
2023-07-28,29316.31308,19441624.33,448372,948590,20.12541898,5.699567455e+11,448372,783250.8408,0.001380187198,1.746877238
2023-07-29,29360.37618,19442449.33,423912,889450,16.21877802,5.708376261e+11,423912,536481.484,0.0004061937057,1.26554918
2023-07-30,29262.83673,19443499.33,645339,1010937,16.71427319,5.689719464e+11,645339,625450.62,3.30453267e-06,0.9691815
2023-07-31,29219.82019,19444380.58,446746,922082,16.96807157,5.681613041e+11,446746,802481.2319,0.001029369784,1.796280732
2023-08-01,29499.58754,19445249.33,405391,983005,18.12183216,5.736268347e+11,405391,732325.0321,0.003408217144,1.806465936
2023-08-02,29143.15196,19446211.83,393762,1069904,20.81580007,5.667239063e+11,393762,701047.5448,0.004123507305,1.78038395
2023-08-03,29192.34486,19447155.58,476666,1030326,23.72671173,5.677080721e+11,476666,690742.7921,0.001357068101,1.449112779
2023-08-04,29057.25324,19447911.83,318338,912508,22.59171409,5.65102899e+11,318338,662295.4672,0.00579669381,2.080478822
2023-08-05,29053.0957,19448874.33,499440,992041,20.81766167,5.65050007e+11,499440,579357.4308,5.472738659e-06,1.160014077
2023-08-06,29048.04333,19449899.33,611086,973822,16.64993155,5.649815183e+11,611086,508571.3996,3.304869761e-06,0.8322419423
2023-08-07,29164.35859,19450811.82,423178,952272,23.12665591,5.672704509e+11,423178,882591.8441,0.001167040924,2.085627902
2023-08-08,29779.51138,19451593.07,332667,874562,29.38265824,5.792589374e+11,332667,892797.7012,0.006336302754,2.683757936
2023-08-09,29582.94424,19452605.57,508817,1057273,27.17564446,5.75465346e+11,508817,880399.7185,0.0003076772862,1.730287546
2023-08-10,29430.15991,19453399.32,355773,947623,24.31199329,5.725166529e+11,355773,937637.4876,0.003735725539,2.635493665
2023-08-11,29399.78474,19454343.07,502936,954168,23.21368145,5.719534986e+11,502936,812692.3637,3.503427012e-05,1.615896185
2023-08-12,29415.7339,19455386.82,512116,926800,19.17837525,5.722944817e+11,512116,746993.4724,5.473261369e-06,1.458641152
2023-08-13,29286.11761,19456230.57,497535,860881,13.43891192,5.697974568e+11,497535,626053.0169,3.312149507e-06,1.2583095
2023-08-14,29408.97171,19457299.32,563322,1007719,18.25523533,5.722191654e+11,563322,849935.32,5.47451987e-06,1.508791277
2023-08-15,29167.59722,19458368.07,581895,1073564,18.48854049,5.675538424e+11,581895,805323.6367,3.322179722e-06,1.383967274
2023-08-16,28754.29241,19459386.82,574119,947796,17.70460549,5.595408987e+11,574119,935284.9284,3.345587456e-06,1.629078516
2023-08-17,26660.56273,19460361.82,492845,1050502,19.28958526,5.18824197e+11,492845,1266100.584,0.0005067034833,2.56896303
2023-08-18,26037.36585,19461230.57,424283,1016460,22.19901506,5.067191802e+11,424283,1020402.817,0.002720666922,2.40500519
2023-08-19,26093.98181,19462105.57,521811,878361,16.18581762,5.078438287e+11,521811,663732.6962,2.939375085e-06,1.271979119
2023-08-20,26176.47216,19463118.07,611930,929724,14.99649274,5.094757684e+11,611930,601375.8902,2.933932408e-06,0.9827527498
2023-08-21,26128.90502,19464149.32,551541,1002377,16.62197553,5.085769088e+11,551541,1017892.257,3.291374053e-06,1.845542321
2023-08-22,25978.20969,19465043.07,422819,922178,18.99703565,5.056669705e+11,422819,1057462.141,0.0017917324,2.500980659
2023-08-23,26452.19359,19465930.57,409372,937656,19.28594877,5.149165638e+11,409372,1031175.945,0.001173551067,2.518921532
2023-08-24,26126.79433,19466799.32,401881,946410,17.57725267,5.086050621e+11,401881,871233.5524,0.001785982597,2.167889381
2023-08-25,26040.88126,19467643.07,425953,922155,18.09762134,5.069545815e+11,425953,783455.4692,0.001811382631,1.839300273
2023-08-26,26006.17408,19468499.32,499325,917123,15.91879958,5.063011824e+11,499325,583879.5512,2.953144886e-06,1.169337708
2023-08-27,26086.36126,19469224.32,411227,808508,13.37690497,5.07881219e+11,411227,782133.9052,3.300575314e-06,1.901951733
2023-08-28,26103.27657,19469961.82,326485,873786,17.00914621,5.082297982e+11,326485,890891.992,0.004708067957,2.728737896
2023-08-29,27672.22213,19470949.32,509039,1060996,21.45713915,5.388044347e+11,509039,977416.2009,0.0003623850644,1.920120464
2023-08-30,27298.99778,19471736.82,406652,877649,19.21714908,5.315589002e+11,406652,995306.1373,0.002091065777,2.447562381
2023-08-31,25954.86659,19472636.82,433684,968985,26.42577133,5.054096908e+11,433684,842626.1933,0.002953087804,1.94294969
2023-09-01,25802.78853,19473580.57,418665,1051172,26.37716664,5.024726813e+11,418665,931396.5026,0.00369940636,2.224682031
2023-09-02,25868.2961,19474530.57,545957,955720,22.88599511,5.037729231e+11,545957,611588.0956,5.45068757e-06,1.120212939
2023-09-03,25962.54757,19475518.07,627700,864433,19.8807008,5.056340643e+11,627700,485718.6286,2.93499703e-06,0.7738069597
2023-09-04,25799.52569,19476449.32,575666,920027,22.36632643,5.024831545e+11,575666,651942.5741,5.038852325e-06,1.13250144
2023-09-05,25782.36222,19477224.32,453308,940913,24.78939204,5.021688524e+11,453308,695635.6779,5.177958438e-05,1.534576222
2023-09-06,25754.79027,19478068.07,485735,1001123,30.19120183,5.016535579e+11,485735,696499.3061,8.794480469e-05,1.433908008
2023-09-07,26210.60456,19478980.57,541513,1003310,31.6635359,5.10555857e+11,541513,690356.3346,5.379502013e-06,1.274865672
2023-09-08,25904.69821,19479811.82,408954,986937,35.92386033,5.046186464e+11,408954,637931.469,0.001779792979,1.559910085
2023-09-09,25894.6206,19480755.57,599142,1116330,32.39406251,5.044467744e+11,599142,552389.4839,2.938834331e-06,0.9219675535
2023-09-10,25831.46478,19481674.32,557602,1049360,47.01068378,5.03240184e+11,557602,635928.1233,2.938277045e-06,1.140469588
2023-09-11,25135.03938,19482668.07,463598,1120614,32.55413594,4.896976291e+11,463598,753375.5417,0.001066797613,1.625062105
2023-09-12,25859.70181,19483549.32,461193,1042537,31.24632215,5.038387755e+11,461193,816852.489,0.0009736771208,1.771172782
2023-09-13,26226.86675,19484468.05,513232,1049105,31.1587501,5.110165472e+11,513232,671332.0794,5.414295247e-06,1.308047977
2023-09-14,26556.05694,19485480.55,574875,1131002,30.66265456,5.17457531e+11,574875,760415.3797,2.92588618e-06,1.322749084
2023-09-15,26672.61608,19486655.55,708663,1234300,32.48141046,5.197600821e+11,708663,862241.644,2.920598406e-06,1.216716047
2023-09-16,26555.6361,19487624.3,591563,1053706,26.79341153,5.175062594e+11,591563,644121.0475,2.940995264e-06,1.08884607
2023-09-17,26502.43212,19488555.55,616879,1039207,28.47698957,5.164941205e+11,616879,584561.4145,2.943126112e-06,0.9476111433
2023-09-18,26764.63191,19489530.55,625728,1125172,47.13931592,5.216301111e+11,625728,776179.9106,3.31033882e-06,1.240442989
2023-09-19,27215.05048,19490399.3,491377,1035954,47.46467706,5.304322008e+11,491377,847264.9027,0.0002522133848,1.724266506
2023-09-20,27133.40372,19491311.8,561350,1062056,46.88357485,5.28865632e+11,561350,950099.6507,0.0002435005968,1.692526322
2023-09-21,26571.59529,19492174.3,427398,1078476,47.40174793,5.179381667e+11,427398,712185.3633,0.00122721273,1.666328254
2023-09-22,26581.14761,19492980.55,433758,978848,46.51538172,5.181457933e+11,433758,629737.8587,0.001151003728,1.45181843
2023-09-23,26575.77639,19493955.55,639336,1090192,51.01066827,5.180670035e+11,639336,481743.3445,5.45609648e-06,0.753505738
2023-09-24,26286.64105,19494868.04,428059,1061159,36.89212181,5.124545983e+11,428059,474084.2181,5.516109865e-06,1.107520734
2023-09-25,26288.8095,19495774.29,294377,1104115,33.09262149,5.125206962e+11,294377,838962.0532,0.01149648865,2.849957888
2023-09-26,26194.53789,19496624.29,305251,1027673,27.92949222,5.107050635e+11,305251,654352.2251,0.009540844014,2.14365301
2023-09-27,26336.0826,19497605.54,341149,1072094,32.21248616,5.134905498e+11,341149,769590.6619,0.007099195536,2.255878405
2023-09-28,27033.42544,19498518.04,376671,1045920,28.92334807,5.271117335e+11,376671,794977.4605,0.004083204337,2.110535349
2023-09-29,26911.25147,19499436.79,323661,1050872,28.55654353,5.247542469e+11,323661,873086.3615,0.0099770165,2.697533412
2023-09-30,26977.69331,19500299.29,280334,1019753,21.83615353,5.260730936e+11,280334,664421.3704,0.008492683097,2.370106267
2023-10-01,27950.14536,19501180.54,320190,921731,18.71006696,5.450608306e+11,320190,538328.8096,0.003624381866,1.68127927
2023-10-02,27565.8893,19502161.79,340200,1027085,27.28232358,5.375944328e+11,340200,1112238.545,0.00935137616,3.269366681
2023-10-03,27439.14224,19503186.78,309334,1077556,28.93640904,5.351507163e+11,309334,836794.9194,0.01149762617,2.705150159
2023-10-04,27797.25118,19504005.53,293693,904067,27.11856417,5.421577408e+11,293693,993097.4709,0.01196614722,3.381413486
2023-10-05,27426.34509,19504886.78,321037,946720,26.00778363,5.34947756e+11,321037,1089435.524,0.01073919981,3.393488986
2023-10-06,27941.96338,19505886.78,293272,915218,42.82945856,5.450327742e+11,293272,1032005.6,0.01213647715,3.518936686
2023-10-07,27972.75157,19506955.53,242646,853582,41.1264569,5.45663221e+11,242646,801026.0331,0.01208765606,3.301212602
2023-10-08,27936.32612,19507880.53,243277,786381,15.31061253,5.449785124e+11,243277,634745.616,0.007405912973,2.609147663
2023-10-09,27591.34676,19508855.53,280007,942188,19.70971948,5.38275598e+11,280007,741774.2899,0.01004550457,2.649127664
2023-10-10,27419.79718,19509868.03,283755,903210,17.03734574,5.349566245e+11,283755,831246.8624,0.01134632754,2.929452741
2023-10-11,26828.17257,19510868.03,265623,867301,22.00138682,5.234409346e+11,265623,885407.6049,0.01520740926,3.333324317
2023-10-12,26741.3406,19511899.28,272350,911879,25.07718826,5.217743445e+11,272350,776056.7416,0.01471541782,2.849483171
2023-10-13,26842.44677,19512761.78,278419,917035,21.77493596,5.237702695e+11,278419,645377.4035,0.01403333322,2.318007763
2023-10-14,26861.98924,19513674.28,258882,806946,13.23541991,5.241761086e+11,258882,706822.7373,0.009422682652,2.730289233
2023-10-15,27130.30671,19514718.03,258142,795940,11.62376556,5.294402856e+11,258142,529951.0665,0.006975778123,2.052943986
2023-10-16,28506.79367,19515599.28,298000,1018543,20.61911313,5.563271622e+11,298000,954020.8664,0.01187997513,3.201412303
2023-10-17,28433.20515,19516611.78,294069,917408,19.4977668,5.549198267e+11,294069,868838.1894,0.01247689095,2.954538525
2023-10-18,28328.07502,19517518.03,275052,932487,19.34632265,5.52893715e+11,275052,837649.9665,0.01385960746,3.045424016
2023-10-19,28690.35804,19518393.03,282274,918882,18.98760843,5.599896845e+11,282274,857919.2525,0.01296811979,3.039313761
2023-10-20,29704.98537,19519230.53,293330,952627,19.74396406,5.798184573e+11,293330,1004837.194,0.01532692221,3.42562027
2023-10-21,29922.5464,19520168.03,268430,871252,15.66483321,5.840931338e+11,268430,627294.0787,0.01002872536,2.336900044
2023-10-22,29984.15932,19521124.28,247456,795000,12.19512069,5.853245006e+11,247456,621368.4198,0.008333833787,2.511025879
2023-10-23,32954.16905,19522105.53,312741,1071672,17.92860465,6.433347659e+11,312741,1109914.526,0.01209804439,3.548989502
2023-10-24,33880.95665,19522893.03,372695,1021188,38.68234,6.614542926e+11,372695,1453062.454,0.007768080538,3.898797822
2023-10-25,34488.65892,19523793.03,477890,1090466,40.77740706,6.733494387e+11,477890,1041172.83,0.001774757324,2.178687208
2023-10-26,34181.49225,19524730.53,429794,1099370,29.39355894,6.673844254e+11,429794,930743.7848,0.002715299827,2.165557883
2023-10-27,33896.93853,19525693.03,456280,1052994,24.58743349,6.618612164e+11,456280,874346.4362,0.002097800069,1.916249751
2023-10-28,34091.58903,19526693.03,564578,1018571,19.08509768,6.65695994e+11,564578,623457.8255,1.000246717e-05,1.104289975
2023-10-29,34574.33772,19527549.28,403706,909920,13.73259444,6.751520837e+11,403706,616412.1962,0.0007292113649,1.526883911
2023-10-30,34495.10502,19528524.28,461480,1097494,18.07698576,6.73638496e+11,461480,965713.6936,0.001281689097,2.092644738
2023-10-31,34636.42647,19529493.03,437895,1044499,18.48037298,6.764318495e+11,437895,795536.54,0.002776210186,1.816728988
2023-11-01,35431.97945,19530424.28,461955,1053031,22.00127002,6.920015919e+11,461955,817235.2704,0.002192313306,1.769079825
2023-11-02,34882.91734,19531324.28,410238,1062991,22.37939039,6.813095704e+11,410238,861192.5423,0.005500486044,2.099251026
2023-11-03,34708.22188,19532174.28,450384,990903,34.20912183,6.779270388e+11,450384,836309.0024,0.001906493517,1.856879912
2023-11-04,35091.07631,19533224.28,704138,1118816,80.0624722,6.854418638e+11,704138,627082.9782,5.414481971e-06,0.8905682951
2023-11-05,35105.04203,19534243.03,666535,1144443,71.51637093,6.857504226e+11,666535,540841.098,5.440813882e-06,0.8114219028
2023-11-06,35017.71515,19535036.78,439013,993108,74.5464002,6.840723535e+11,439013,777725.5409,0.001688545348,1.771531916
2023-11-07,35418.47689,19535868.03,449873,961106,89.49898293,6.919306904e+11,449873,782548.4878,0.003395402924,1.739487562
2023-11-08,35797.89461,19536799.28,585167,1004807,119.5192184,6.993762817e+11,585167,852546.9226,0.0003685691615,1.456929257
2023-11-09,36675.32643,19537693.03,571031,989778,249.5938131,7.165512697e+11,571031,1091729.933,5.453257529e-06,1.911857557
2023-11-10,37367.49437,19538655.53,526138,1127201,160.9944662,7.301106006e+11,526138,835442.6422,0.002104824027,1.587877405
2023-11-11,36979.93124,19539655.53,628048,1073475,114.3017446,7.22575118e+11,628048,693486.5243,5.462422271e-06,1.104193508
2023-11-12,37053.34105,19540661.78,706503,1008655,116.399428,7.240468054e+11,706503,617795.941,5.45160016e-06,0.8744420633
2023-11-13,36543.26809,19541418.03,418873,963722,106.9201462,7.14107278e+11,418873,776175.3855,0.00183273154,1.853008873
2023-11-14,35590.68356,19542280.53,525384,957065,101.9294678,6.955231226e+11,525384,960715.3524,0.001038136846,1.828596517
2023-11-15,37840.55349,19543205.53,569166,961281,136.5974599,7.395257143e+11,569166,804687.274,0.0001668580245,1.413800673
2023-11-16,36160.40445,19544130.53,628280,933700,321.640139,7.067236647e+11,628280,888825.5585,5.586220704e-06,1.414696566
2023-11-17,36569.71205,19545068.03,532945,1014052,242.0601846,7.1475751e+11,532945,742820.7134,0.000910234129,1.393803701
2023-11-18,36577.42496,19545999.28,629610,860889,316.0189635,7.14942322e+11,629610,487439.8895,5.440514203e-06,0.7741933728
2023-11-19,37442.72851,19547061.78,712264,962703,201.4889336,7.318953275e+11,712264,551393.6918,5.34149107e-06,0.7741423008
2023-11-20,37516.05037,19548099.28,630519,1064908,177.6526505,7.333674773e+11,630519,914466.4476,5.437672622e-06,1.45033924
2023-11-21,36035.03309,19549049.28,530112,1007505,169.7275687,7.044506377e+11,530112,1004380.004,0.0005450529198,1.894656232
2023-11-22,37403.03472,19549936.78,536770,979014,155.5100522,7.312269642e+11,536770,908531.498,5.347159703e-06,1.692589932
2023-11-23,37311.71922,19550855.53,586979,970303,219.4782304,7.29476032e+11,586979,721600.0848,5.467451093e-06,1.229345658
2023-11-24,37718.78416,19551905.53,624489,1136807,96.61399822,7.374741047e+11,624489,891978.5094,5.434957795e-06,1.42833342
2023-11-25,37800.12609,19552899.28,612626,1032695,92.38812809,7.391020584e+11,612626,638085.1267,5.449717271e-06,1.041557372
2023-11-26,37482.70553,19553811.78,578192,983533,81.77206996,7.329297689e+11,578192,674467.5085,5.46918898e-06,1.166511312
2023-11-27,37229.24522,19554624.28,478456,981736,90.38276952,7.280039026e+11,478456,847512.7333,2.849910047e-05,1.771349368
2023-11-28,37828.46559,19555543.03,447781,996007,78.15706408,7.397561867e+11,447781,809364.7309,0.001837002874,1.807501281
2023-11-29,37846.85312,19556393.03,358838,915309,62.07806416,7.401479347e+11,358838,875068.6422,0.004949632124,2.438617544
2023-11-30,37712.71148,19557230.53,410936,958958,72.87849716,7.375561924e+11,410936,891746.5504,0.003994965997,2.170037549
2023-12-01,38703.55368,19558286.78,497410,1131524,97.47076381,7.569752024e+11,497410,1040982.255,0.002317229078,2.092805241
2023-12-02,39462.27993,19559080.53,435763,860355,64.72208528,7.718459111e+11,435763,751818.9052,0.00111744684,1.725293119
2023-12-03,39978.22261,19560111.78,707186,919493,141.1891698,7.819785031e+11,707186,726321.8639,5.402941549e-06,1.027059167
2023-12-04,41910.29948,19561080.53,567712,1034656,152.2862726,8.198107433e+11,567712,1084700.102,0.00140118302,1.910652059
2023-12-05,44067.00548,19561943.03,513549,867570,245.8051553,8.620362507e+11,513549,940183.6743,0.004563346155,1.830757482
2023-12-06,43745.83439,19562793.03,469800,867353,287.4313981,8.557907042e+11,469800,1022639.888,0.01164588599,2.176755829
2023-12-07,43282.61823,19563511.78,368965,898183,170.6588604,8.467600116e+11,368965,881583.762,0.004238237138,2.389342518
2023-12-08,44205.05221,19564355.53,411806,924415,153.4217322,8.648433577e+11,411806,976641.8874,0.003684737193,2.371606745
2023-12-09,43740.00639,19565336.78,593873,927620,142.2894826,8.557879559e+11,593873,630314.4975,6.790122464e-05,1.061362442
2023-12-10,43732.71209,19566211.78,528723,848613,109.9774155,8.556835066e+11,528723,535315.4624,0.0004737643519,1.012468651
2023-12-11,41209.89479,19567199.28,528218,1010741,137.4281179,8.063622238e+11,528218,1012204.653,0.002236161982,1.916263082
2023-12-12,41467.27357,19568099.28,547067,886419,115.8040529,8.114357262e+11,547067,940919.4805,0.002394948871,1.719934634
2023-12-13,42939.06076,19569030.53,586126,742559,200.3825686,8.40275791e+11,586126,813660.0566,0.006497836587,1.388199903
2023-12-14,43033.13716,19569943.03,569840,711343,340.6539919,8.421560426e+11,569840,826664.6094,0.01006203657,1.450696001
2023-12-15,41978.09702,19570961.78,632050,860116,414.1956654,8.215517325e+11,632050,770630.0523,0.0008685720075,1.219254888
2023-12-16,42203.21405,19571911.78,636141,724669,568.9462184,8.259975822e+11,636141,561163.2627,5.473516774e-06,0.882136606
2023-12-17,41428.66579,19572849.28,621213,703993,543.3393902,8.108770314e+11,621213,447308.7572,5.527573617e-06,0.7200569807
2023-12-18,42635.73319,19573899.28,641771,928612,402.226647,8.345475473e+11,641771,739420.0703,1.864633115e-05,1.152155629
2023-12-19,42271.86303,19574911.78,662370,817240,425.8576512,8.274679896e+11,662370,745732.7589,5.511940646e-06,1.125855276
2023-12-20,43605.15555,19575818.03,580281,787679,428.4418955,8.536065904e+11,580281,806402.0713,5.412204062e-06,1.389675125
2023-12-21,43870.23823,19576730.53,589222,815395,405.8690622,8.588358323e+11,589222,738168.8002,4.955523579e-05,1.252785538
2023-12-22,44009.50166,19577780.53,623750,1012121,317.0518101,8.616083647e+11,623750,834709.1223,0.000788466097,1.338211018
2023-12-23,43768.80675,19578780.53,609387,893092,202.7223259,8.569398615e+11,609387,453996.6421,9.9842795e-06,0.7450054598
2023-12-24,43097.80933,19579849.28,724746,880971,177.6138968,8.43848611e+11,724746,562976.3315,5.52232245e-06,0.7767912227
2023-12-25,43623.7504,19580718.03,531891,702609,169.2916937,8.541843561e+11,531891,476246.592,3.892375104e-05,0.8953838136
2023-12-26,42491.12291,19581586.78,556724,742922,168.0723778,8.320436107e+11,556724,800513.6279,3.207728831e-05,1.437900338
2023-12-27,43436.95943,19582393.03,541778,776011,274.9920123,8.505996116e+11,541778,752929.56,9.853360034e-06,1.389738158
2023-12-28,42670.67972,19583149.28,417387,848615,228.6042356,8.356262909e+11,417387,707022.9475,0.00273239144,1.693926614
2023-12-29,41998.60334,19584093,579710,910761,212.8973176,8.225045536e+11,579710,819019.4392,0.002131166107,1.412808886
2023-12-30,42204.49177,19584999.25,540497,787521,262.8929787,8.265749396e+11,540497,628715.5254,0.002754991119,1.163217419
2023-12-31,42217.15879,19585974.25,724837,791644,360.4994107,8.268641848e+11,724837,573727.6947,0.0002011030643,0.7915265015
2024-01-01,44049.47355,19586943,655722,827239,212.5413499,8.627945275e+11,655722,513270.4828,0.0007974442636,0.7827562334
2024-01-02,44941.16049,19587761.75,364237,867688,139.9968699,8.802967443e+11,364237,846865.6286,0.004620463685,2.325040094
2024-01-03,42773.65154,19588749.25,502203,940343,146.4762968,8.378823344e+11,502203,880934.6861,0.001218156461,1.754140629
2024-01-04,44250.74527,19589811.75,482718,1010934,127.5893122,8.668637694e+11,482718,1035213.588,0.002539301865,2.144551452
2024-01-05,44146.3222,19590674.25,416347,813324,117.0538184,8.648562174e+11,416347,770291.9717,0.002789926632,1.850120144
2024-01-06,43917.97981,19591549.25,389306,808917,85.70416723,8.604212643e+11,389306,571646.6339,0.001807778963,1.468373552
2024-01-07,43844.19595,19592286.75,348435,713381,76.09066339,8.590080592e+11,348435,576301.1579,0.002256467426,1.653970347
2024-01-08,46981.3243,19593055.5,409400,756849,128.0165037,9.205076943e+11,409400,798525.3494,0.003145207212,1.95047716
2024-01-09,46084.0058,19594005.5,470829,902934,110.4125494,9.029702628e+11,470829,1161307.899,0.001546111254,2.466517353
2024-01-10,46818.15928,19594836.75,384427,839431,82.64575047,9.173941878e+11,384427,1287987.827,0.003308395768,3.35040938
2024-01-11,46380.87081,19595918,450822,960999,102.1940397,9.088757409e+11,450822,1160752.515,0.00265712993,2.574746828
2024-01-12,42817.43054,19596968,367870,987727,106.0574316,8.390918159e+11,367870,1494679.692,0.003549068641,4.063064921
2024-01-13,42846.95447,19597961.75,667027,845713,131.8837983,8.397129746e+11,667027,725717.8029,5.461298309e-06,1.087988646
2024-01-14,41888.15131,19598761.75,591106,722721,219.679084,8.209558974e+11,591106,515381.3825,5.586305261e-06,0.8718933364
2024-01-15,42528.91925,19599474.25,401054,786699,112.7937371,8.335444575e+11,401054,695190.5057,0.0007100815288,1.733408732
2024-01-16,43171.44722,19600255.5,469892,782242,126.1737379,8.461713957e+11,469892,915371.6111,5.420249147e-06,1.948046809
2024-01-17,42689.30433,19601011.75,455050,809220,103.885459,8.367535555e+11,455050,1228175.341,0.001327241118,2.698989871
2024-01-18,41261.90762,19601899.25,480795,897358,120.5534812,8.088117558e+11,480795,1155066.489,0.00210993638,2.402409528
2024-01-19,41606.85353,19602724.25,461325,806018,83.78486085,8.156076765e+11,461325,936934.2269,0.002046321526,2.030963479
2024-01-20,41668.69041,19603618,565601,817313,71.44540606,8.168570892e+11,565601,532729.5441,0.0009989034834,0.9418822529
2024-01-21,41537.11236,19604493,593968,767739,72.44586642,8.143140283e+11,593968,565367.0052,0.001143363063,0.951847583
2024-01-22,39577.09986,19605493,451204,951076,74.76848331,7.759285541e+11,451204,1117911.893,0.001030191705,2.477619642
2024-01-23,39737.31436,19606455.5,368563,865990,89.1242877,7.791078856e+11,368563,967881.7988,0.001646538047,2.626095942
2024-01-24,40101.8569,19607393,368789,899326,59.76162066,7.862928681e+11,368789,1093201.836,0.002201219765,2.964301636
2024-01-25,39917.66115,19608524.24,347123,1101397,64.07678258,7.827264264e+11,347123,1032403.593,0.002803470864,2.974172248
2024-01-26,41860.73105,19609474.24,496525,892906,55.07790175,8.208669273e+11,496525,1050595.814,0.0003421822706,2.115897114
2024-01-27,42125.30142,19610542.99,603739,965883,58.15742689,8.261000346e+11,603739,646157.3425,5.412424181e-06,1.070259404
2024-01-28,41983.02027,19611542.99,629248,898096,56.24412183,8.233518072e+11,629248,450394.0468,5.502224435e-06,0.7157655596
2024-01-29,43218.34708,19612517.99,580828,959589,55.39170629,8.476206099e+11,580828,906876.2518,5.368090537e-06,1.561350782
2024-01-30,42950.05413,19613417.99,524001,907924,51.42742245,8.423973645e+11,524001,1144797.389,0.0001010941683,2.184723673
2024-01-31,42589.47081,19614236.74,437107,870798,50.31202889,8.353599632e+11,437107,1352513.511,0.001236573242,3.094238963
2024-02-01,43020.35965,19615192.99,410372,933880,56.57506216,8.438526573e+11,410372,959587.0895,0.00262166567,2.338334705
2024-02-02,43155.3852,19616367.99,432087,932903,66.0573781,8.465519171e+11,432087,857478.0339,0.002810541475,1.984503199
2024-02-03,42982.379,19617311.74,515129,820828,179.6426965,8.431987283e+11,515129,598597.5826,5.467356751e-06,1.16203433
2024-02-04,42576.29131,19618280.49,331515,802004,96.51447226,8.352736252e+11,331515,539564.6905,0.002823284892,1.627572479
2024-02-05,42619.27427,19619255.49,281772,852467,64.6181784,8.36158431e+11,281772,852437.6222,0.009503305885,3.025274414
2024-02-06,43102.70626,19620317.99,280196,865722,52.45518052,8.456888033e+11,280196,935282.329,0.009970835645,3.337957462
2024-02-07,44253.03147,19621317.99,425025,901234,73.47071811,8.683028028e+11,425025,820727.0805,0.0007404464487,1.931008954
2024-02-08,45332.09157,19622180.49,287438,818130,53.1170405,8.89514483e+11,287438,958259.9999,0.009199994651,3.333797201
2024-02-09,47176.96651,19623217.99,330447,950564,53.96871698,9.257638982e+11,330447,1024199.409,0.007168031881,3.099436246
2024-02-10,47792.89722,19624167.99,406003,963958,41.20815866,9.378958439e+11,406003,632847.1645,0.001686233828,1.558725341
2024-02-11,48200.79861,19625024.24,323411,840255,28.29055111,9.459418412e+11,323411,623220.1165,0.001970921701,1.927022014
2024-02-12,49989.80372,19626142.99,413637,1013562,68.03312947,9.81107036e+11,413637,955985.966,0.004044084693,2.311171307
2024-02-13,49628.09415,19626986.74,305214,843469,47.85561801,9.740499461e+11,305214,1045946.984,0.006854887455,3.426929905
2024-02-14,51844.29292,19627855.49,298455,803805,53.34423438,1.01759229e+12,298455,1213512.878,0.009443276635,4.065982737
2024-02-15,51939.14729,19628836.74,309299,892019,38.40744736,1.019505043e+12,309299,998437.6129,0.008624958694,3.228066088
2024-02-16,52157.3124,19629674.24,306995,836256,32.57596823,1.023831052e+12,306995,915623.275,0.007973647047,2.982534813
2024-02-17,51674.81585,19630611.74,330435,850883,28.82609461,1.014408247e+12,330435,563157.8852,0.00303434076,1.704292479
2024-02-18,52148.06454,19631367.99,346126,748090,24.63543514,1.023737845e+12,346126,575247.5846,0.001685259094,1.661960051
2024-02-19,51804.80515,19632217.99,366190,867774,29.1540239,1.017043228e+12,366190,833980.4511,0.0024345232,2.277452828
2024-02-20,52308.05317,19633099.24,396745,866223,32.07407978,1.026969199e+12,396745,989449.5322,0.002942242937,2.493918089
2024-02-21,51744.32181,19633961.74,369350,821320,31.54219389,1.015946035e+12,369350,1019310.864,0.003034052714,2.759742422
2024-02-22,51292.32526,19634805.49,366922,855859,28.3018489,1.00711483e+12,366922,924774.6385,0.004386816134,2.520357565
2024-02-23,50789.14318,19635799.24,403218,938307,30.46340271,9.972854192e+11,403218,793008.778,0.002083929623,1.966699845
2024-02-24,51578.23492,19636655.49,342157,819174,26.10222917,1.01282403e+12,342157,531807.6561,0.002057670259,1.554279632
2024-02-25,51746.47897,19637680.49,421219,894568,24.05579339,1.016180821e+12,421219,541744.8427,0.001320321718,1.286135817
2024-02-26,54551.82592,19638511.74,355313,887140,33.0921629,1.071316674e+12,355313,927957.911,0.004752654849,2.611663269
2024-02-27,57049.88822,19639317.99,388230,917983,48.62101767,1.120420896e+12,388230,1234240.369,0.005167635016,3.179147333
2024-02-28,62460.74062,19640249.24,415406,1054242,60.83395661,1.226744514e+12,415406,1466101.096,0.008256210139,3.529320943
2024-02-29,61394.78185,19641080.49,407609,989364,74.63737446,1.205859852e+12,407609,1374442.913,0.007032291458,3.371964095
2024-03-01,62524.40182,19642042.99,415081,1058499,58.46513507,1.228106989e+12,415081,1159628.909,0.004966524924,2.793741242
2024-03-02,62049.61456,19642836.74,342086,843207,42.06457924,1.218830449e+12,342086,601038.6363,0.004339446778,1.756981099
2024-03-03,62991.44229,19643805.49,385135,868123,47.46206023,1.23739164e+12,385135,627616.8865,0.002860674299,1.629602312
2024-03-04,68091.83882,19644611.74,358771,889591,84.378542,1.337637737e+12,358771,1159712.141,0.006862907627,3.232457866
2024-03-05,63950.52433,19645655.49,424703,1163884,101.0340869,1.25634997e+12,424703,1738837.374,0.008165421714,4.09424321
2024-03-06,66103.72154,19646530.49,381467,922558,66.67707272,1.298708781e+12,381467,1414268.43,0.00555968698,3.707446333
2024-03-07,67070.37915,19647655.49,437969,1034779,52.0775472,1.317775703e+12,437969,1243506.265,0.00280986931,2.839256352
2024-03-08,68343.71496,19648617.99,424558,947450,47.73634254,1.342859547e+12,424558,1183318.104,0.002547871448,2.787176555
2024-03-09,68502.50534,19649636.74,362520,915625,40.77661246,1.346049346e+12,362520,682502.2911,0.003353702158,1.88266107
2024-03-10,68882.25134,19650530.49,363011,862638,36.33400092,1.35357278e+12,363011,717724.3358,0.002578037107,1.977142114
2024-03-11,72198.08753,19651592.99,393001,1150718,41.46573431,1.418807431e+12,393001,1329886.381,0.004332386226,3.3839262
2024-03-12,71432.7283,19652474.24,344882,1016389,38.34777079,1.403829853e+12,344882,1399275.213,0.006798410358,4.057257883
2024-03-13,73081.57591,19653474.24,387845,1093495,35.2733557,1.43630687e+12,387845,1608253.666,0.004401287137,4.146640193
2024-03-14,71505.27291,19654355.49,330080,1000634,34.48419108,1.405390053e+12,330080,1289963.689,0.007624374788,3.908033473
2024-03-15,69424.91418,19655149.24,311078,963220,37.00099633,1.364557049e+12,311078,1152193.113,0.01209611866,3.703872062
2024-03-16,65433.6819,19656049.24,355299,916345,37.64116141,1.286167674e+12,355299,658642.6463,0.003224149916,1.853770054
2024-03-17,68285.08917,19656961.74,365645,861558,25.29065756,1.342277385e+12,365645,671198.7934,0.002279267727,1.835656972
2024-03-18,67770.88652,19657861.74,417117,910571,42.62561643,1.332230718e+12,417117,963172.5331,0.002492043541,2.309118384
2024-03-19,61969.30754,19658842.99,459004,974102,45.63946834,1.218244887e+12,459004,1134316.218,0.002921543054,2.471255628
2024-03-20,67848.10764,19659774.24,360623,942142,32.95557912,1.333878479e+12,360623,1041185.111,0.003961864367,2.88718443
2024-03-21,65454.73572,19660524.24,328692,819742,38.64095953,1.286874419e+12,328692,890075.7184,0.005024296506,2.707932406
2024-03-22,63486.485,19661367.99,347556,915500,37.52921992,1.248231144e+12,347556,916615.423,0.004133084388,2.637317218
2024-03-23,64361.2429,19662342.99,315648,908728,23.77739181,1.265492833e+12,315648,694049.2702,0.002939237831,2.198807755
2024-03-24,67289.56583,19663405.49,331993,918817,21.25186473,1.323142018e+12,331993,497701.6192,0.002063871245,1.499132871
2024-03-25,70042.02042,19664230.49,320633,918815,28.33934579,1.377322434e+12,320633,1232634.44,0.005606977035,3.844377966
2024-03-26,70071.04721,19665067.99,313314,851577,31.73448011,1.377951908e+12,313314,1149765.158,0.006212751447,3.669689697
2024-03-27,69267.88798,19665917.99,358499,865580,30.07974471,1.362216605e+12,358499,1000862.22,0.00400179662,2.791813142
2024-03-28,70826.89687,19666867.99,433584,942681,30.48254828,1.392943231e+12,433584,978113.5957,0.002185469177,2.255880281
2024-03-29,69917.04301,19667767.99,451776,847610,29.19381658,1.375112181e+12,451776,929100.6126,0.001161848335,2.056551505
2024-03-30,69663.01191,19668736.74,486300,826192,29.62062953,1.370183442e+12,486300,518641.7269,1.004837403e-05,1.06650571
2024-03-31,71227.45179,19669592.99,315001,691124,28.42997282,1.401014987e+12,315001,444223.4651,0.002061269866,1.410228746
2024-04-01,69791.62773,19670530.49,330165,970510,27.14297447,1.372838341e+12,330165,1276690.225,0.004589619277,3.866824844
2024-04-02,65533.75484,19671455.49,358331,953501,22.22169146,1.289144342e+12,358331,1105502.349,0.003575577206,3.085142924
2024-04-03,66130.21624,19672342.99,369696,965290,27.90854939,1.300936296e+12,369696,899940.9917,0.002651707645,2.434273002
2024-04-04,68438.13502,19673205.49,324609,978380,23.07677565,1.346397494e+12,324609,855285.4936,0.005202888709,2.634817561
2024-04-05,67904.90948,19674130.49,346357,950040,20.47892648,1.33597005e+12,346357,950061.5014,0.00356937373,2.743012272
2024-04-06,69136.07108,19675099.24,433426,907389,17.93208872,1.36025906e+12,433426,588481.0137,0.001015721589,1.357742761
2024-04-07,69392.68301,19676161.74,526443,833045,21.56961081,1.365381655e+12,526443,554431.7593,0.0004741422088,1.053165793
2024-04-08,71712.79728,19677149.24,454644,896193,34.00181329,1.411103415e+12,454644,970868.9405,0.002211864632,2.135448704
2024-04-09,69074.54186,19678061.74,450513,890535,46.69578897,1.3592531e+12,450513,843578.5509,0.002303395661,1.87248437
2024-04-10,70579.44568,19679005.49,538372,846297,71.20955424,1.388933299e+12,538372,768067.1462,0.002003401963,1.426647646
2024-04-11,70046.55361,19679830.49,479937,748021,109.2683687,1.378504302e+12,479937,824723.7564,0.001894625691,1.718400033
2024-04-12,67098.11369,19680680.49,441977,832502,153.4564206,1.320536537e+12,441977,815309.1073,0.003579981415,1.844686731
2024-04-13,64551.64829,19681705.49,510750,869723,107.1848934,1.270486531e+12,510750,663609.906,0.001509210107,1.299285181
2024-04-14,65648.80996,19682686.74,468144,839158,72.98308634,1.292144961e+12,468144,648396.5417,0.001265034356,1.385036531
2024-04-15,63393.32517,19683567.99,503794,813736,157.4726619,1.247806826e+12,503794,962451.1697,0.002126990494,1.910406177
2024-04-16,63784.82033,19684599.24,453968,941086,92.75445493,1.255578626e+12,453968,1013244.342,0.003200589089,2.23197305
2024-04-17,61324.21843,19685455.49,385424,794595,121.8508843,1.207195173e+12,385424,1016457.59,0.003643911096,2.637245189
2024-04-18,63510.145,19686361.74,416810,823945,107.1700801,1.250283689e+12,416810,969784.9072,0.003308463553,2.326683398
2024-04-19,63762.63103,19687292.99,398632,880733,179.8765869,1.255313599e+12,398632,822138.3227,0.007316997314,2.062399212
2024-04-20,64907.99284,19687699.24,630654,509709,1206.466584,1.277889041e+12,630654,380522.2158,0.006482021422,0.6033771542
2024-04-21,64968.19262,19688136.74,644793,565959,335.5291737,1.27910266e+12,644793,480586.1173,0.002801493972,0.7453339557
2024-04-22,66944.59609,19688611.74,673406,659537,254.1083329,1.318046161e+12,673406,686416.5491,0.00245065337,1.019320513
2024-04-23,66385.30029,19689136.74,928131,547174,445.2082733,1.307069255e+12,928131,736056.2134,0.004741350851,0.7930520728
2024-04-24,64189.96791,19689621.12,600768,835569,250.0755658,1.263876148e+12,600768,797686.2789,0.003037733253,1.327777576
2024-04-25,64515.38747,19690067.99,525222,818807,109.8850738,1.270312366e+12,525222,613931.6993,0.00107360434,1.168899436
2024-04-26,63777.4715,19690483.62,440854,847289,90.92221995,1.255809258e+12,440854,780483.5285,0.003087375454,1.770390035
2024-04-27,63429.30996,19690921.12,459297,856864,62.41209597,1.248981539e+12,459297,561176.8159,0.001514977856,1.221816855
2024-04-28,62978.577,19691358.62,480244,707117,52.6358838,1.240133745e+12,480244,561840.2218,0.001076350137,1.16990576
2024-04-29,63908.38888,19691767.99,400991,856192,45.31174055,1.258469167e+12,400991,754410.3948,0.004031974589,1.881364906
2024-04-30,60636.32616,19692208.62,501881,827915,45.06205756,1.194063185e+12,501881,980771.6407,0.002628539855,1.954191612
2024-05-01,58141.77728,19692621.12,477225,781183,37.91687325,1.144963991e+12,477225,882806.4307,0.00506802533,1.849874652
2024-05-02,59170.10889,19693074.24,563418,744998,34.86927785,1.165241347e+12,563418,732232.568,0.004894042033,1.299625798
2024-05-03,62983.65548,19693477.37,437975,731936,34.64122185,1.240367194e+12,437975,654886.9109,0.002871189337,1.495260942
2024-05-04,63881.13054,19693917.99,668343,613171,46.6176148,1.258069746e+12,668343,455486.3165,0.001658705773,0.6815158033
2024-05-05,64067.59599,19694352.37,626139,573428,123.3959423,1.261769811e+12,626139,441147.9451,0.002770464495,0.7045527353
2024-05-06,63228.10313,19694733.62,507965,670316,40.57671837,1.245260648e+12,507965,664286.7951,0.003394471594,1.307741272
2024-05-07,62396.99972,19695114.87,373579,702887,35.91638629,1.228916077e+12,373579,714037.1957,0.00518151516,1.9113419
2024-05-08,61079.27443,19695511.74,453934,697417,29.99070924,1.202987567e+12,453934,684201.4126,0.00318489376,1.507270688
2024-05-09,62998.49034,19695964.87,521126,671205,30.3355985,1.240816052e+12,521126,690773.2018,0.002687508845,1.3255397
2024-05-10,60896.64189,19696417.99,720578,606931,31.61827711,1.199445713e+12,720578,727977.7397,0.003490734356,1.010269172
2024-05-11,60843.57292,19696914.87,712455,612137,36.33618273,1.198430676e+12,712455,430246.4962,0.002983010222,0.6038928721
2024-05-12,61431.27469,19697327.37,562310,573640,21.76650346,1.210031928e+12,562310,495908.1351,0.00371125296,0.8819123529
2024-05-13,62886.93945,19697786.74,541770,746125,26.56727678,1.238733522e+12,541770,747108.6739,0.003636414842,1.379014478
2024-05-14,61555.567,19698211.74,422749,686207,21.80349699,1.212534593e+12,422749,698588.7771,0.004597618278,1.652490667
2024-05-15,66281.53225,19698652.37,499145,714393,22.61964088,1.305656862e+12,499145,812515.1728,0.002277527312,1.627813907
2024-05-16,65269.26032,19699096.12,481822,689540,22.57077245,1.285745433e+12,481822,900471.8161,0.003915978191,1.868888959
2024-05-17,66956.44095,19699580.49,564502,743911,21.6140954,1.319013798e+12,564502,811152.2305,0.003543736743,1.436934201
2024-05-18,66977.60069,19699980.49,399736,650957,17.78384646,1.319457427e+12,399736,529505.0478,0.002676790422,1.32463688
2024-05-19,66259.47043,19700461.74,641786,637953,16.36852518,1.305342162e+12,641786,544243.9144,0.001815800809,0.8480146255
2024-05-20,71202.20259,19700949.24,632582,706063,17.7672926,1.402750979e+12,632582,770553.4383,0.001662476661,1.218108385
2024-05-21,70217.25469,19701380.49,544407,746087,28.50070627,1.383376852e+12,544407,987886.9093,0.002350647298,1.814610961
2024-05-22,69074.91414,19701858.62,587003,709347,21.28417083,1.360904192e+12,587003,779943.7612,0.001649875377,1.328687862
2024-05-23,67758.73066,19702386.74,736406,728396,29.88985282,1.335008717e+12,736406,652779.1999,0.001406564129,0.8864392738
2024-05-24,68608.99828,19702886.74,739561,663534,23.29662675,1.351795323e+12,739561,637405.0365,0.001396915892,0.8618694557
2024-05-25,69282.7926,19703386.74,844733,591356,20.95915897,1.365105657e+12,844733,364581.2361,0.001739176432,0.4315934575
2024-05-26,68445.00695,19703911.74,852881,538911,19.45922541,1.348634376e+12,852881,514532.2328,0.001522989107,0.6032872497
2024-05-27,69347.81526,19704296.12,549315,612909,22.50732148,1.366449887e+12,549315,570370.9013,0.002286488758,1.038331197
2024-05-28,68342.82045,19704714.87,594169,653177,17.81071009,1.34667579e+12,594169,1025294.801,0.001875149418,1.725594572
2024-05-29,67584.26324,19705142.99,721240,559784,39.68926576,1.331757571e+12,721240,717502.0905,0.002554544382,0.9948173846
2024-05-30,68375.47603,19705527.37,510008,649063,38.83301124,1.347374814e+12,510008,711977.3997,0.002965376064,1.396012219
2024-05-31,67377.76261,19705989.87,713689,656289,68.10439279,1.327745507e+12,713689,873275.8945,0.00299334665,1.223608455
2024-06-01,67714.35264,19706430.49,737521,570980,43.98748517,1.334408184e+12,737521,432060.8469,0.00235983944,0.5858285349
2024-06-02,67805.48557,19706867.99,729457,536181,34.67564887,1.336233753e+12,729457,583163.3719,0.00243177965,0.7994485924
2024-06-03,68833.30284,19707358.62,758731,689745,44.11314832,1.356522584e+12,758731,897647.1442,0.001977705477,1.183090113
2024-06-04,70554.08943,19707777.37,636795,637180,35.36014269,1.390464287e+12,636795,856884.1437,0.002630081424,1.345620088
2024-06-05,71087.44332,19708161.74,562197,592424,58.08407623,1.401002831e+12,562197,998158.9807,0.002265674393,1.775461236
2024-06-06,70788.50138,19708577.37,602842,624088,64.84076304,1.395140656e+12,602842,764047.5149,0.002788051677,1.26740923
2024-06-07,69338.15732,19709021.12,250713,583336,322.7124304,1.366587207e+12,250713,658506.1186,0.004984571459,2.6265336
2024-06-08,69310.10926,19709558.62,529506,772154,146.2170879,1.366071661e+12,529506,529696.1569,0.002745486943,1.000359121
2024-06-09,69644.01909,19710036.74,761292,609844,73.01393361,1.372686175e+12,761292,409515.1683,0.001827694634,0.5379212815
2024-06-10,69465.93625,19710471.12,661124,684041,65.82128027,1.36920633e+12,661124,683709.0177,0.002797054362,1.034161546
2024-06-11,67368.26351,19710855.49,469892,684207,43.46025505,1.327886107e+12,469892,840059.0967,0.002878402825,1.787770587
2024-06-12,68213.83468,19711311.74,690905,677849,47.3618229,1.344584161e+12,690905,674518.7335,0.002165557774,0.9762828949
2024-06-13,66783.49028,19711764.87,729876,613255,56.90466857,1.316420457e+12,729876,584067.0056,0.002477812994,0.8002277176
2024-06-14,65982.18652,19712164.87,599059,606488,52.92308615,1.300651739e+12,599059,732974.0607,0.002057418936,1.223542357
2024-06-15,66204.90431,19712583.62,447381,635369,44.27193232,1.305069712e+12,447381,468215.0824,0.001719464762,1.046568992
2024-06-16,66622.59993,19713092.99,452652,735939,36.56667052,1.313337508e+12,452652,444555.9471,0.002582877284,0.9821141784
2024-06-17,66483.87853,19713530.49,465013,724644,28.63720969,1.310631967e+12,465013,796176.3961,0.002988739592,1.712159437
2024-06-18,65112.123,19714005.49,605888,733498,36.09319142,1.28362075e+12,605888,812250.5486,0.002735727109,1.340595207
2024-06-19,64878.71415,19714433.62,635236,622245,33.2733342,1.279047103e+12,635236,612768.1527,0.002096080383,0.9646307085
2024-06-20,64897.70115,19714849.24,528366,661281,31.10704312,1.279448394e+12,528366,626473.7617,0.002148720178,1.185681444
2024-06-21,64086.04892,19715286.74,592761,719280,27.57973752,1.263474831e+12,592761,694837.5285,0.001987125157,1.172205203
2024-06-22,64258.13551,19715761.74,681231,639305,20.79966679,1.26689809e+12,681231,359464.2038,0.001329341403,0.5276685938
2024-06-23,63345.02188,19716111.74,497676,511478,14.6153336,1.24891753e+12,497676,362526.7304,0.001527444417,0.7284392464
2024-06-24,60258.95544,19716586.74,525488,756391,19.66337788,1.188100922e+12,525488,944447.194,0.001631691079,1.797276425
2024-06-25,61739.66585,19716974.24,550745,631668,24.0234603,1.217319401e+12,550745,635554.6062,0.002268266245,1.153990697
2024-06-26,60794.47606,19717352.37,465408,659381,19.26881426,1.198706106e+12,465408,685153.5418,0.001621973021,1.472156778
2024-06-27,61569.92343,19717758.62,427935,741302,18.42543764,1.214020888e+12,427935,1268133.466,0.002167844177,2.963378706
2024-06-28,60303.31474,19718180.49,595003,752964,17.89385748,1.189071644e+12,595003,782775.6767,0.0008661215429,1.315582739
2024-06-29,60889.32984,19718671.12,703622,720705,16.03949068,1.20065667e+12,703622,447716.0586,0.0004849453932,0.6363019613
2024-06-30,62763.27969,19719049.24,518698,653363,13.47568084,1.237632203e+12,518698,375342.1935,0.000776250066,0.723623753
2024-07-01,62835.39976,19719489.87,596143,907181,18.49026197,1.239082029e+12,596143,651554.9646,0.000603099529,1.092950793
2024-07-02,62028.61704,19719952.37,608523,750376,18.00587384,1.223201373e+12,608523,656725.0506,0.0010734239,1.079211551
2024-07-03,60216.39209,19720405.49,536681,769767,15.19477075,1.187491669e+12,536681,731389.7658,0.001197730344,1.362801675
2024-07-04,57418.24202,19720842.99,535655,715636,16.9184077,1.132336136e+12,535655,887906.598,0.001803172587,1.657609092
2024-07-05,56720.98813,19721221.12,493163,694964,14.77085672,1.118607149e+12,493163,973753.8991,0.001476437607,1.97450721
2024-07-06,58259.22177,19721736.74,656568,720587,15.35289765,1.148973035e+12,656568,525791.0955,0.001011702495,0.8008174256
2024-07-07,56112.57256,19722177.37,684693,594423,12.69506688,1.106662109e+12,684693,554245.2258,0.0007986980093,0.8094799067
2024-07-08,56691.91491,19722674.24,586774,798942,14.37429054,1.11811617e+12,586774,917392.0757,0.001294152793,1.563450452
2024-07-09,57981.4321,19723155.49,644607,762581,13.30599968,1.143576801e+12,644607,803960.0527,0.0009222090257,1.247209622
2024-07-10,57722.01135,19723580.49,632748,646708,16.23558048,1.138484737e+12,632748,851220.2978,0.001301687142,1.345275367
2024-07-11,57307.71274,19724017.99,646591,646553,12.19231647,1.130338357e+12,646591,811108.6305,0.0006628427167,1.254438479
2024-07-12,57859.12028,19724486.74,659272,708446,12.34355143,1.141241451e+12,659272,733277.4864,0.0009998596542,1.112253344
2024-07-13,59329.0372,19724967.99,733907,601071,19.58933961,1.17026336e+12,733907,528995.5885,0.001068835818,0.7207937633
2024-07-14,61015.03394,19725489.87,588547,751254,13.01942202,1.203551434e+12,588547,538561.4418,0.0006706707734,0.9150695557
2024-07-15,64734.76117,19725967.99,544485,787506,13.33311612,1.276955827e+12,544485,907708.2491,0.0008822616932,1.667095051
2024-07-16,65118.82666,19726427.37,536502,746639,12.20790622,1.284561804e+12,536502,1133488.001,0.0007885277213,2.112737699
2024-07-17,64201.37078,19726924.24,617766,729938,14.03700729,1.266495578e+12,617766,842559.0233,0.001392041929,1.363880536
2024-07-18,63984.3022,19727327.37,435804,764574,10.04544397,1.262239276e+12,435804,524087.5251,0.001028767959,1.202576216
2024-07-19,66755.78338,19727786.74,507835,755308,12.22929051,1.316943858e+12,507835,749682.0981,0.001275410095,1.476231646
2024-07-20,67185.49781,19728302.37,696460,673407,9.98442967,1.325455815e+12,696460,572163.7995,0.0003779982411,0.8215314584
2024-07-21,68056.62012,19728830.49,858284,607493,10.36967833,1.342677522e+12,858284,464134.5103,0.0002906697389,0.5407703165
2024-07-22,67535.19767,19729389.87,827992,749350,13.21311422,1.332428245e+12,827992,819088.7039,0.0005157606878,0.989247123
2024-07-23,65916.40816,19729917.99,827733,671794,11.31611274,1.300525327e+12,827733,970454.2995,0.000623001179,1.17242432
2024-07-24,65353.38578,19730355.49,601149,681137,10.18503466,1.289445534e+12,601149,759220.5908,0.0006655355263,1.262949104
2024-07-25,65722.06119,19730864.87,708129,713877,10.72105675,1.296753108e+12,708129,726962.3436,0.0004492098918,1.026595922
2024-07-26,67912.24331,19731364.87,458448,715636,10.48366546,1.340001252e+12,458448,593924.0338,0.0008149635074,1.295510142
2024-07-27,68077.37308,19731846.12,454253,694649,10.11460275,1.34329225e+12,454253,589684.249,0.0004737550605,1.298140572
2024-07-28,68170.66913,19732308.62,756828,578686,8.1296834,1.345164682e+12,756828,375035.29,0.0004111885706,0.4955356964
2024-07-29,66867.16728,19732864.87,821955,794379,10.87533798,1.319480776e+12,821955,914846.2753,0.0009060051811,1.113012604
2024-07-30,66186.91469,19733333.62,670957,673555,9.78754169,1.306088469e+12,670957,957955.1319,0.0005359518595,1.427744448
2024-07-31,64690.63404,19733774.24,578053,740485,10.54679916,1.276590368e+12,578053,1045855.529,0.0006530775379,1.809272729
2024-08-01,65178.05549,19734211.74,532152,772675,9.41985937,1.286237548e+12,532152,758082.0389,0.000803445264,1.424559222
2024-08-02,61506.76989,19734602.37,410307,764749,8.9817149,1.213811647e+12,410307,1163936.184,0.00162622749,2.836744643
2024-08-03,60688.24443,19735024.24,502369,692352,8.04342189,1.197683975e+12,502369,470836.5948,0.0006578868836,0.9372325816
2024-08-04,58306.26448,19735471.12,526479,668340,7.22564665,1.150701599e+12,526479,611796.7763,0.0003439081577,1.162053522
2024-08-05,54343.62768,19735958.62,550851,817104,9.5054762,1.072523587e+12,550851,1353660.937,0.0007283834682,2.457399436
2024-08-06,56047.47129,19736396.12,483465,729981,7.99507133,1.106175095e+12,483465,970743.1835,0.00068807743,2.007887197
2024-08-07,55129.74104,19736777.37,381999,714826,7.81753066,1.088083425e+12,381999,963046.6607,0.0009423588615,2.521071157
2024-08-08,61908.78967,19737180.49,485878,722252,9.17395476,1.221904956e+12,485878,803523.4037,0.0005512464414,1.653755477
2024-08-09,60720.94076,19737586.74,394215,705635,8.70616098,1.198484835e+12,394215,887716.6156,0.0007339642542,2.25185905
2024-08-10,60871.55507,19737989.87,556497,594175,6.46378844,1.201482137e+12,556497,532182.9437,0.0003250450884,0.9563087378
2024-08-11,58836.10437,19738492.99,641944,630696,6.58820174,1.161336034e+12,641944,597721.731,0.0004126037959,0.9311119522
2024-08-12,59394.16295,19738921.12,442326,714520,8.37945558,1.172376697e+12,442326,813691.7225,0.0006577582385,1.839574708
2024-08-13,60536.24578,19739386.74,582647,706882,8.01615877,1.194948367e+12,582647,888846.8347,0.0003936319422,1.525532329
2024-08-14,58840.64668,19739799.24,510189,662757,7.93335583,1.161502553e+12,510189,954937.7598,0.000844025394,1.871733338
2024-08-15,57644.18769,19740299.24,658114,715632,8.62865215,1.137913514e+12,658114,721212.687,0.000609081356,1.09587805
2024-08-16,58927.27651,19740742.99,581170,700335,8.79411815,1.163268221e+12,581170,702061.7429,0.0006805167721,1.208014424
2024-08-17,59414.67434,19741208.62,706066,612305,7.26972032,1.172917481e+12,706066,405828.2599,0.0003921253505,0.5747738312
2024-08-18,58793.20615,19741696.12,758170,588717,7.38767581,1.160677609e+12,758170,451485.6666,0.0004896484116,0.5954939745
2024-08-19,59411.51902,19742102.37,560243,687027,9.13703766,1.17290829e+12,560243,848980.7762,0.0005589825096,1.515379534
2024-08-20,59123.30027,19742571.12,715687,696903,9.64437192,1.16724596e+12,715687,841381.5887,0.0004565036099,1.175627877
2024-08-21,61133.02565,19743030.49,684872,711700,8.53354842,1.206951189e+12,684872,760895.1279,0.0004459782533,1.111003411
2024-08-22,60394.47377,19743530.49,797502,719227,100.3452291,1.192400134e+12,797502,771666.9914,0.0004934888598,0.9676050861
2024-08-23,64106.80292,19744042.99,799006,694990,9.65522128,1.265727473e+12,799006,861576.077,0.0002172156365,1.078309896
2024-08-24,64023.2267,19744521.12,797698,611271,7.43903817,1.264107952e+12,797698,564814.4837,0.0001869321591,0.7080555344
2024-08-25,64498.01834,19744936.74,703385,539499,7.10675825,1.273509292e+12,703385,490694.2708,0.0003448167955,0.6976183324
2024-08-26,62983.44277,19745355.49,606871,656542,8.41735831,1.243630468e+12,606871,788648.2906,0.0004804596044,1.29953201
2024-08-27,59548.00762,19745799.24,676465,685194,7.7773379,1.175823004e+12,676465,1159673.612,0.0002545005384,1.714314283
2024-08-28,59100.77475,19746302.37,721912,740845,7.74423375,1.167021768e+12,721912,985903.8819,0.000189777546,1.365684297
2024-08-29,59339.79099,19746714.87,525910,723280,8.19689202,1.171765933e+12,525910,783275.423,0.0003524784912,1.489371609
2024-08-30,59142.93996,19747158.62,548197,826297,7.9546598,1.167905016e+12,548197,729823.9724,0.000504066927,1.331316976
2024-08-31,58959.92627,19747617.99,695519,670825,6.4177164,1.164318101e+12,695519,403651.6096,0.0004250853348,0.5803602915
2024-09-01,57349.08072,19748061.74,656333,660770,6.3825282,1.132533187e+12,656333,837121.241,0.000427992911,1.275452005
2024-09-02,59159.02389,19748583.62,739986,717673,7.69021658,1.16830693e+12,739986,700734.2749,0.0005042848587,0.9469561247
2024-09-03,57637.77544,19749049.24,592324,699302,8.42822766,1.138291265e+12,592324,1014758.821,0.0006655357481,1.71318201
2024-09-04,58033.39897,19749521.12,728756,699461,7.74885958,1.146131838e+12,728756,932622.4479,0.0005887127173,1.279745824
2024-09-05,56112.95294,19750005.49,714387,734546,10.81990512,1.108231129e+12,714387,846321.3523,0.000573664338,1.184681905
2024-09-06,53838.95346,19750458.62,665444,726287,7.59197643,1.063344022e+12,665444,931491.3904,0.0004540578601,1.399804327
2024-09-07,54066.43992,19750952.37,794571,606660,6.46683071,1.06786368e+12,794571,468220.8056,0.000438368053,0.5892749744
2024-09-08,54859.25841,19751474.24,906655,596940,6.33151484,1.083551229e+12,906655,533918.9278,0.0003092458865,0.588888748
2024-09-09,57135.78144,19751927.37,570838,736827,6.91182253,1.128541805e+12,570838,874843.3534,0.0003548739422,1.532559769
2024-09-10,57664.49982,19752355.49,556413,733172,7.09570672,1.1390097e+12,556413,1347946.669,0.0003259371027,2.422565017
2024-09-11,57409.19507,19752692.99,408991,662704,6.59198231,1.133986205e+12,408991,1229576.265,0.0006002174383,3.006365092
2024-09-12,58124.64181,19753167.99,561823,775748,8.30613518,1.148145814e+12,561823,1051014.2,0.000431572552,1.870721206
2024-09-13,60536.88145,19753552.37,422965,794367,7.52913494,1.195818458e+12,422965,1134343.808,0.0008156515304,2.681885755
2024-09-14,60007.17025,19753986.74,637192,688474,6.77228776,1.185380845e+12,637192,669608.771,0.000318945218,1.050874416
2024-09-15,59129.91975,19754458.62,730022,643849,6.03449901,1.168079553e+12,730022,607957.4181,0.0003168446715,0.8327932831
2024-09-16,58227.46422,19754849.24,486773,746172,6.69885955,1.150274777e+12,486773,904995.8095,0.000388356256,1.859174214
2024-09-17,60238.21773,19755317.99,551806,732953,8.05436086,1.190025146e+12,551806,854774.982,0.00048019349,1.549049815
2024-09-18,61306.23373,19755749.24,535050,720313,7.11434967,1.211150581e+12,535050,798644.5663,0.0004297768497,1.492654081
2024-09-19,62994.60965,19756130.49,449403,746741,10.00384875,1.244529729e+12,449403,861001.4153,0.0009856240136,1.91587821
2024-09-20,63153.95183,19756583.62,524801,822445,9.57190122,1.24770633e+12,524801,977822.1613,0.0005899551639,1.863224653
2024-09-21,63367.72961,19757005.49,564640,665209,5.89529395,1.251956582e+12,564640,419133.4688,0.0004117079807,0.7423021196
2024-09-22,63571.95217,19757430.49,629903,595289,5.26931683,1.256018426e+12,629903,406377.5117,0.0002318317984,0.6451430009
2024-09-23,63336.01263,19757886.74,573531,796781,7.83739591,1.251385764e+12,573531,745745.9036,0.0005685864724,1.300271308
2024-09-24,64342.78911,19758339.87,531570,749184,6.91630544,1.271306695e+12,531570,823972.1382,0.0008093525431,1.550072687
2024-09-25,63059.62692,19758789.87,504605,713234,6.62531601,1.245981917e+12,504605,827793.9562,0.0007740610338,1.6404791
2024-09-26,65057.78615,19759196.12,483781,721855,8.76025312,1.285489555e+12,483781,846444.7829,0.0009774694739,1.749644535
2024-09-27,65767.71325,19759624.24,434448,751618,10.96442965,1.299545301e+12,434448,774192.5123,0.001435932547,1.782014216
2024-09-28,65770.52765,19760027.37,521838,649697,9.9366052,1.299627426e+12,521838,474315.755,0.0009475824846,0.9089329543
2024-09-29,65617.76107,19760511.74,685081,680061,7.51745261,1.296640538e+12,685081,487267.6975,0.000393430065,0.7112555997
2024-09-30,63260.04255,19760939.87,593815,732082,7.39176461,1.250077897e+12,593815,997826.3048,0.0005204707217,1.68036561
2024-10-01,60858.24871,19761430.49,624352,863700,7.89629034,1.202646052e+12,624352,918734.8608,0.0005216548401,1.47150143
2024-10-02,60686.09931,19761914.86,599545,711643,6.8074531,1.199273528e+12,599545,813009.1939,0.0005202015018,1.356043656
2024-10-03,60765.23675,19762408.61,574536,737116,7.60769711,1.200867438e+12,574536,877377.7734,0.0005052724492,1.527106697
2024-10-04,62052.51005,19762936.74,571667,784413,7.36742345,1.226339831e+12,571667,810306.3456,0.0006427620731,1.417444676
2024-10-05,62030.4539,19763408.61,759113,608641,11.98735357,1.225933207e+12,759113,422251.2219,0.0007754739322,0.556242907
2024-10-06,62789.88146,19763883.61,744069,610738,9.89011969,1.240971909e+12,744069,559326.6938,0.0005581313292,0.7517134753
2024-10-07,62416.50883,19764367.99,717392,719501,15.187683,1.233622849e+12,717392,1014220.533,0.0007625867081,1.413760584
2024-10-08,62126.32738,19764889.86,711462,822783,14.45446138,1.227920018e+12,711462,1061736.291,0.0009333241228,1.492330288
2024-10-09,60615.25819,19765286.74,534258,668278,15.04769008,1.198077959e+12,534258,825044.5531,0.001564886513,1.54428114
2024-10-10,60221.11729,19765771.11,759342,679738,25.35958928,1.190316821e+12,759342,656940.9533,0.001309059073,0.8651450247
2024-10-11,62462.53996,19766208.61,631180,718986,45.73079814,1.234647596e+12,631180,627334.6678,0.001522320419,0.9939077091
2024-10-12,63202.8807,19766655.49,732389,606243,44.38733295,1.249309569e+12,732389,382829.6294,0.001623264618,0.5227135161
2024-10-13,62759.43111,19767086.74,643752,609844,24.42843919,1.240571119e+12,643752,359113.477,0.001530734079,0.5578444447
2024-10-14,66089.75874,19767521.11,609666,722649,25.83263721,1.306430701e+12,609666,591504.5588,0.001725819585,0.9702108348
2024-10-15,66933.97483,19768008.61,648296,787245,25.75104629,1.323151391e+12,648296,827199.0423,0.001698569378,1.275958887
2024-10-16,67662.9534,19768449.24,722995,614677,61.92289461,1.33759166e+12,722995,714244.2851,0.001848707361,0.9878965762
2024-10-17,67337.90755,19768939.86,637858,765780,50.32160159,1.331199045e+12,637858,578314.7715,0.001708012681,0.9066512789
2024-10-18,68390.53756,19769364.86,471530,723986,24.71878877,1.35203749e+12,471530,650718.6957,0.002637894165,1.380015472
2024-10-19,68357.8983,19769905.49,738236,685573,15.38628622,1.351429189e+12,738236,380911.6811,0.001175328704,0.515975489
2024-10-20,69012.35321,19770446.11,785369,688498,13.55162116,1.36440501e+12,785369,371378.9018,0.0009342095582,0.4728718625
2024-10-21,67440.46251,19770980.49,837363,717571,18.03407499,1.333364068e+12,837363,669289.8221,0.001077246467,0.7992827747
2024-10-22,67425.75532,19771411.74,696851,639877,25.73374623,1.33310237e+12,696851,668308.0204,0.001165281718,0.9590400536
2024-10-23,66647.28666,19771883.61,655119,740774,23.72766322,1.317742395e+12,655119,522701.0684,0.0008843570826,0.7978719414
2024-10-24,68130.99484,19772342.99,700022,656927,49.28574683,1.347109398e+12,700022,592261.5433,0.001569315115,0.8460613284
2024-10-25,66261.53769,19772821.11,503588,859095,34.73362813,1.310177531e+12,503588,569278.3545,0.001671995608,1.130444638
2024-10-26,67023.33996,19773277.36,603956,727063,10.27423282,1.325271091e+12,603956,359075.4907,0.0003313472592,0.5945391564
2024-10-27,68000.1475,19773780.49,695610,654362,8.21010153,1.34461999e+12,695610,308072.7253,0.0002155877677,0.4428813923
2024-10-28,69862.52055,19774305.49,713082,756668,7.43238722,1.381482824e+12,713082,640270.6405,0.0004490963074,0.8978920243
2024-10-29,72678.78662,19774796.11,617786,831182,11.48863344,1.437208187e+12,617786,958757.3177,0.0006921964763,1.551924643
2024-10-30,72450.28438,19775324.24,674680,794409,9.51950036,1.432727865e+12,674680,901637.1367,0.0003958438569,1.33639227
2024-10-31,70367.08196,19775817.99,562286,789382,65.59262752,1.391566605e+12,562286,856137.3109,0.0009452146963,1.522601151
2024-11-01,69483.58303,19776296.11,547824,819093,8.45088325,1.374127913e+12,547824,780971.6188,0.0007779823326,1.425588545
2024-11-02,69241.67949,19776736.74,540251,690705,6.98802368,1.369374467e+12,540251,318103.6831,0.000793756021,0.5888072084
2024-11-03,68742.75462,19777149.24,455287,627617,5.25744622,1.359535717e+12,455287,346067.8359,0.001008208071,0.7601091968
2024-11-04,67779.09698,19777621.11,462249,811710,6.53551271,1.3405093e+12,462249,664684.4536,0.001144099043,1.437935947
2024-11-05,69538.02417,19778055.49,457869,768957,6.32291368,1.375326901e+12,457869,715175.6164,0.0006080270543,1.561965576
2024-11-06,75696.03662,19778533.61,500965,894241,8.31425928,1.497156605e+12,500965,1239069.776,0.002508572555,2.473365956
2024-11-07,75972.29555,19779021.11,567009,792482,6.82760192,1.502657638e+12,567009,917516.2856,0.0009559800644,1.618168822
2024-11-08,76507.4474,19779464.86,481877,848426,7.83022716,1.513276368e+12,481877,919634.1423,0.001863504859,1.908441661
2024-11-09,76799.25275,19779899.24,587132,654475,13.58884107,1.519081481e+12,587132,557108.0652,0.001339440116,0.948863399
2024-11-10,80409.28657,19780361.74,553582,793243,10.40340315,1.590524775e+12,553582,788425.9011,0.001181890849,1.424226043
2024-11-11,88859.99845,19780786.74,461089,941403,16.33887419,1.757720679e+12,461089,1121448.792,0.003976795028,2.432174249
2024-11-12,88048.74889,19781242.99,502742,1007782,19.53908127,1.741713697e+12,502742,1380872.895,0.003585513752,2.74668298
2024-11-13,90369.38197,19781674.24,570985,859128,22.97549117,1.787657675e+12,570985,1203006.711,0.002716085854,2.106897224
2024-11-14,87204.25698,19782071.11,503550,839766,24.82924316,1.725080813e+12,503550,1088596.548,0.00306188034,2.161844003
2024-11-15,91139.08444,19782539.86,559376,886479,41.00771635,1.802962571e+12,559376,902461.6474,0.002174774974,1.613336374
2024-11-16,90567.69576,19783030.49,608007,802492,17.77681763,1.791703486e+12,608007,532115.3248,0.001158006717,0.8751796028
2024-11-17,89732.97043,19783499.24,598836,717710,9.62792329,1.775232152e+12,598836,447860.845,0.0007818196552,0.7478856398
2024-11-18,90587.69655,19783986.74,676948,796834,17.43262085,1.792185787e+12,676948,896891.1017,0.00131484743,1.324903983
2024-11-19,92254.13858,19784533.61,815851,757888,25.38338346,1.825205106e+12,815851,945416.1352,0.001222915326,1.158809801
2024-11-20,94160.04069,19784992.99,669311,750264,21.83644136,1.862955745e+12,669311,1007271.392,0.001469848558,1.504937752
2024-11-21,98545.56888,19785442.99,480041,977195,21.35338055,1.949767735e+12,480041,1362832.161,0.003669865668,2.838991171
2024-11-22,98938.34955,19785889.86,539627,902930,19.41600607,1.957583287e+12,539627,1070408.971,0.001797048372,1.983608994
2024-11-23,97707.04846,19786321.11,451335,877099,13.33536165,1.933263036e+12,451335,734759.1763,0.001818906648,1.627968529
2024-11-24,97980.20828,19786739.86,463815,790852,9.16009539,1.938708893e+12,463815,563625.3887,0.001235841423,1.215194396
2024-11-25,93343.02907,19787267.99,598037,956417,11.6169858,1.847003531e+12,598037,1037573.978,0.001168742873,1.734966195
2024-11-26,91875.56996,19787702.36,475347,790710,17.23152108,1.818006433e+12,475347,979351.0252,0.002362630241,2.060286538
2024-11-27,95989.08023,19788117.99,462955,800136,9.91088139,1.899443245e+12,462955,760258.5876,0.001473459269,1.642186795
2024-11-28,95737.94028,19788561.74,523444,754947,13.9498591,1.894516142e+12,523444,592416.4189,0.0006912724444,1.131766567
2024-11-29,97398.94174,19788939.86,348672,767132,13.01648571,1.927421801e+12,348672,714047.9205,0.003367890802,2.047907261
2024-11-30,96463.6249,19789452.34,633055,828664,9.98037754,1.908962308e+12,633055,467121.3827,0.0008404100518,0.7378843587
2024-12-01,97469.60445,19789946.08,698852,739652,21.31730326,1.928918216e+12,698852,412085.594,0.001100753415,0.5896607493
2024-12-02,95726.44173,19790342.95,310261,925715,18.29973793,1.894459111e+12,310261,923388.9486,0.006130928816,2.976168286
2024-12-03,96010.87742,19790833.51,437755,918415,15.34214632,1.900135291e+12,437755,837895.8095,0.002478687899,1.91407479
2024-12-04,98920.25283,19791292.81,503460,887569,11.7681086,1.957759688e+12,503460,833948.9229,0.001902896471,1.656435313
2024-12-05,96949.66441,19791777.12,509543,968792,14.40977231,1.91880615e+12,509543,1511369.159,0.002606465959,2.966126822
2024-12-06,99953.10566,19792202.11,433339,872253,15.45416475,1.978292068e+12,433339,1094104.707,0.002398704857,2.524824
2024-12-07,99977.70023,19792645.82,443750,798958,17.9532308,1.97882321e+12,443750,442379.8372,0.001908805659,0.9969123092
2024-12-08,100798.9836,19793102.04,419481,851865,15.19391832,1.995124568e+12,419481,437496.4609,0.001414885299,1.042947025
2024-12-09,97390.19886,19793623.9,401306,915304,15.76046721,1.927704968e+12,401306,972774.6361,0.002222975233,2.424022158
2024-12-10,96835.50174,19794105.12,441945,985635,16.08278745,1.916772101e+12,441945,841117.3598,0.002807947448,1.903217278
2024-12-11,101310.2019,19794548.84,482129,858578,19.09109099,2.00538974e+12,482129,838615.3483,0.002714909208,1.739400344
2024-12-12,100090.8905,19795011.21,471573,883811,19.3308715,1.981300299e+12,471573,733049.4428,0.002830397438,1.554477128
2024-12-13,101289.824,19795542.42,527292,936834,14.55124844,2.005087007e+12,527292,737710.3285,0.001843126907,1.399054658
2024-12-14,101366.8717,19796039.18,523313,774578,11.9293312,2.006662563e+12,523313,435782.3836,0.001420365427,0.8327375464
2024-12-15,104551.3671,19796467.3,370567,789756,9.47781511,2.069747721e+12,370567,418042.3133,0.001948391547,1.12811533
2024-12-16,105855.6722,19796929.77,412496,952348,12.42637813,2.095617309e+12,412496,938776.5602,0.004096681745,2.275844033
2024-12-17,106115.9106,19797354.75,417545,829977,12.68251366,2.100814326e+12,417545,900420.2061,0.002918073249,2.156462671
2024-12-18,100469.7707,19797804.73,415402,890898,13.44800318,1.989080901e+12,415402,896359.93,0.002053423618,2.157813227
2024-12-19,97697.04578,19798257.83,437556,861604,22.52973589,1.934231302e+12,437556,966548.7795,0.002488212392,2.208971605
2024-12-20,97617.44221,19798729.7,391262,882836,15.103959,1.932701352e+12,391262,940929.2028,0.002977265061,2.404857111
2024-12-21,97093.01908,19799182.82,334464,744752,10.67149899,1.922362436e+12,334464,459905.5641,0.002372477467,1.375052514
2024-12-22,95149.10583,19799667.19,332182,758970,8.23399629,1.883920629e+12,332182,367292.3585,0.001551575275,1.10569615
2024-12-23,94800.75621,19800101.56,298335,804969,11.00316454,1.877064601e+12,298335,966947.0031,0.005390516072,3.241145032
2024-12-24,98637.73305,19800514.06,323103,763920,9.51769171,1.95307782e+12,323103,631932.4525,0.003631429767,1.955823538
2024-12-25,99235.36789,19800985.93,407080,702219,7.64520668,1.964958123e+12,407080,453322.2136,0.001001679161,1.113594904
2024-12-26,95628.30309,19801395.3,298230,739743,7.73055662,1.893573831e+12,298230,609269.4719,0.002725950284,2.042951654
2024-12-27,94219.98215,19801889.04,348548,846364,6.83222029,1.865733632e+12,348548,659607.4237,0.002552091335,1.892443577
2024-12-28,95123.58111,19802335.91,291855,704798,5.5634798,1.883669106e+12,291855,372769.9763,0.002472972498,1.277243756
2024-12-29,93457.57832,19802829.65,432661,727603,6.67212669,1.850724503e+12,432661,610782.6111,0.001198597289,1.411688622
2024-12-30,92523.16309,19803326.52,362074,812462,6.88225012,1.832266409e+12,362074,850547.3979,0.002100749623,2.349098245
2024-12-31,93389.7326,19803729.62,315699,780332,6.05174448,1.849465014e+12,315699,840007.1649,0.002819442702,2.660785004
2025-01-01,94455.79657,19804167.11,290700,661798,4.63322656,1.87061838e+12,290700,533919.5754,0.001898623552,1.836668646
2025-01-02,96851.39368,19804688.98,412640,806065,5.66261043,1.918111729e+12,412640,646925.8506,0.001520380806,1.567773
2025-01-03,98120.68468,19805132.7,400483,774077,6.06347884,1.943293181e+12,400483,653996.5834,0.001909454674,1.633019587
2025-01-04,98230.04786,19805598.31,439080,699568,6.02843849,1.94550487e+12,439080,481150.6295,0.0008819500946,1.095815408
2025-01-05,98414.8121,19806085.8,433093,672568,5.86404186,1.949212212e+12,433093,447369.6626,0.0008863604791,1.032964427
2025-01-06,102179.5604,19806501.41,364707,765227,6.67936903,2.023819606e+12,364707,719009.131,0.00190674142,1.971470608
2025-01-07,96974.99579,19806920.14,344525,780759,7.24543198,1.920775997e+12,344525,815807.5242,0.002160546627,2.36791967
2025-01-08,95039.28092,19807310.75,408966,739012,7.530428,1.882472571e+12,408966,806255.2015,0.001975625217,1.971447997
2025-01-09,92346.16916,19807785.73,528450,742304,7.20633832,1.829173132e+12,528450,752152.5986,0.00103924181,1.423318381
2025-01-10,94759.11964,19808229.47,405326,797315,6.9081061,1.877010386e+12,405326,903035.0234,0.001576323214,2.227922767
2025-01-11,94606.50801,19808660.72,368077,680515,5.57448942,1.874028219e+12,368077,436335.7711,0.001288706269,1.185446988
2025-01-12,94353.77526,19809198.21,380129,706797,4.87193051,1.869072636e+12,380129,465966.7302,0.0006995692522,1.225812106
2025-01-13,94375.72991,19809598.2,407646,730319,7.68337237,1.86954529e+12,407646,631024.6484,0.001337324756,1.547972134
2025-01-14,96569.47573,19810079.45,348098,790420,6.56850422,1.913048986e+12,348098,759836.0585,0.002223601178,2.182822247
2025-01-15,100172.406,19810513.82,356513,804761,7.57681134,1.984466833e+12,356513,840025.814,0.002499520677,2.356227722
2025-01-16,99977.72982,19810913.81,381403,787871,7.64525217,1.980650189e+12,381403,912599.3081,0.002591907222,2.392742868
2025-01-17,104296.588,19811382.55,420369,844973,8.75065982,2.066259605e+12,420369,903270.7362,0.002575482142,2.148756774
2025-01-18,104398.1563,19811788.8,360806,730835,6.13599716,2.068314223e+12,360806,763194.2002,0.002135966841,2.115248084
2025-01-19,100954.5723,19812257.55,381533,777201,6.38180377,2.000137987e+12,381533,734739.9428,0.002528919634,1.925757255
2025-01-20,102588.9987,19812732.54,353367,852334,12.74676251,2.032568393e+12,353367,988386.687,0.004082123866,2.797054301
2025-01-21,105987.8887,19813148.17,329282,864025,10.00097541,2.099953743e+12,329282,870668.279,0.003494512482,2.644141736
2025-01-22,103791.1289,19813616.91,429325,830610,7.66907261,2.056477666e+12,429325,797471.0971,0.001555595375,1.857499789
2025-01-23,104184.6167,19814041.91,326782,797154,6.71707239,2.064318362e+12,326782,848024.1302,0.003409812419,2.595076015
2025-01-24,104716.1249,19814479.39,372822,778133,6.6514907,2.074895498e+12,372822,713440.0953,0.001925911604,1.913621233
2025-01-25,104866.0853,19814879.38,328968,674223,5.13483221,2.077908833e+12,328968,422259.8516,0.001732066181,1.283589442
2025-01-26,102833.3693,19815307.51,310325,652111,4.26691798,2.037674834e+12,310325,412202.9943,0.00172874818,1.328294511
2025-01-27,101907.4463,19815795.01,335928,800741,6.17294713,2.019377065e+12,335928,686222.0778,0.002618258132,2.042765348
2025-01-28,101138.1441,19816257.5,311149,754559,4.90333402,2.004179506e+12,311149,551027.4873,0.002573608626,1.770944105
2025-01-29,103918.7955,19816741.88,349802,732357,4.59548864,2.059331946e+12,349802,654957.3063,0.001967074379,1.872365814
2025-01-30,104987.4464,19817195,346376,768553,4.9368606,2.080556698e+12,346376,662524.9596,0.002772036181,1.912733444
2025-01-31,102263.0437,19817585.62,317922,767144,5.06805196,2.026606623e+12,317922,684105.7491,0.002713111111,2.151803742
2025-02-01,100610.2904,19818160.61,352449,732561,4.6201881,1.993910895e+12,352449,418905.4985,0.001944592339,1.188556354
2025-02-02,97424.7809,19818694.98,383886,762118,4.59301876,1.930832016e+12,383886,548222.3575,0.001239540894,1.428086353
2025-02-03,101582.4087,19819173.1,363728,872269,6.19287225,2.013279342e+12,363728,840733.1468,0.003393343438,2.311433672
2025-02-04,97848.14976,19819582.47,313377,807567,5.24385708,1.939309474e+12,313377,755664.3963,0.0031641886,2.411358831
2025-02-05,96559.33276,19820032.46,378194,755489,5.23646864,1.91380911e+12,378194,705848.2051,0.001947724727,1.866365424
2025-02-06,96541.30068,19820485.58,426147,753978,5.29458452,1.913495458e+12,426147,624389.1994,0.001764529779,1.46519675
2025-02-07,96384.11098,19821026.2,501276,753607,5.34405862,1.910431989e+12,501276,548914.8948,0.001018331746,1.09503526
2025-02-08,96603.31816,19821526.19,467968,655694,4.52066207,1.914825201e+12,467968,378808.5375,0.0009993859615,0.8094753006
2025-02-09,96309.75324,19821973.06,382701,630935,3.51064062,1.909049334e+12,382701,382550.9819,0.001103668075,0.9996080019
2025-02-10,97375.22535,19822407.43,364185,784554,4.68166329,1.930211391e+12,364185,585533.3244,0.001867425717,1.607790888
2025-02-11,95806.25804,19822794.93,331657,778968,5.15076372,1.899147806e+12,331657,594690.0081,0.002649085824,1.793087461
2025-02-12,97756.49765,19823210.55,389778,713585,4.63539392,1.937847635e+12,389778,566888.9359,0.001608987676,1.454389257
2025-02-13,96534.74063,19823704.29,375861,752473,5.6391493,1.913676152e+12,375861,592618.7711,0.001967426429,1.576696628
2025-02-14,97414.35898,19824179.28,341719,734111,4.73142402,1.931159717e+12,341719,616743.4486,0.002938303993,1.80482633
2025-02-15,97583.24318,19824679.27,310167,651702,3.79531385,1.934556499e+12,310167,523391.801,0.002501843473,1.687451602
2025-02-16,96182.26617,19825151.14,306797,607272,4.41102585,1.906827964e+12,306797,487533.5395,0.001844383659,1.58910791
2025-02-17,95790.511,19825579.26,327916,722465,6.1755852,1.899102368e+12,327916,537951.9036,0.002204821728,1.640517399
2025-02-18,95444.03189,19826016.75,429401,752996,4.63306895,1.892274975e+12,429401,611690.6171,0.000893822257,1.424520709
2025-02-19,96647.9133,19826410.49,448514,680832,5.22946452,1.916181202e+12,448514,641692.8336,0.0009386648599,1.430708592
2025-02-20,98392.21972,19826816.73,482796,692965,5.29833123,1.950804508e+12,482796,709309.9025,0.0008678328453,1.469171042
2025-02-21,96048.99372,19827219.85,454467,718521,5.74780813,1.904384515e+12,454467,780522.7202,0.0009533988483,1.717446416
2025-02-22,96605.70911,19827654.21,558602,629577,6.31048493,1.915464595e+12,558602,718073.3935,0.0003460250984,1.285483034
2025-02-23,96091.63298,19828057.33,574133,515136,12.02795183,1.905310407e+12,574133,515282.93,0.0009857674083,0.8974974962
2025-02-24,91869.65434,19828463.56,511496,713984,13.48343678,1.821634094e+12,511496,821481.1447,0.002127906123,1.606036303
2025-02-25,88769.73563,19828922.93,493632,837361,11.43713848,1.760208247e+12,493632,1342769.787,0.002050665114,2.720183836
2025-02-26,83987.89564,19829413.55,398655,827083,10.84354772,1.665430716e+12,398655,1340328.874,0.003486442871,3.362127338
2025-02-27,84625.41914,19829882.28,326363,890859,8.39586217,1.6781121e+12,326363,989439.0141,0.003557760813,3.031713197
2025-02-28,84243.77791,19830369.78,388679,915297,6.78413458,1.670585268e+12,388679,940529.6252,0.003094210712,2.419810757
2025-03-01,85844.36856,19830819.78,283151,796043,5.39872381,1.702364202e+12,283151,566184.1239,0.004027777311,1.999583699
2025-03-02,94328.00944,19831213.52,271285,691454,5.68852873,1.870638896e+12,271285,661468.5055,0.00453623481,2.438278952
2025-03-03,86315.93055,19831682.26,372983,804674,5.96592865,1.711790109e+12,372983,964067.3707,0.002711816909,2.584748824
2025-03-04,87323.69065,19832138.51,302840,752956,5.26754788,1.731815528e+12,302840,690749.1224,0.004805717634,2.280904512
2025-03-05,90619.4091,19832557.25,306253,735786,4.7877807,1.797214619e+12,306253,617423.8625,0.004360798685,2.016058169
2025-03-06,90222.06933,19833088.5,372699,825264,5.18656761,1.789382285e+12,372699,752671.9549,0.002738110551,2.019516969
2025-03-07,86553.59219,19833532.24,313867,863520,5.70866279,1.716663461e+12,313867,809565.5648,0.004381712999,2.5793268
2025-03-08,86171.27894,19833960.36,291511,673352,4.33431507,1.709117731e+12,291511,466681.3116,0.002687008976,1.600904637
2025-03-09,80647.79641,19834457.23,302935,664954,4.36458492,1.599605269e+12,302935,545215.2611,0.002766548002,1.799776391
2025-03-10,79005.96013,19834938.48,441520,800739,5.30315769,1.567078358e+12,441520,805064.9543,0.002024075142,1.82339408
2025-03-11,82747.16019,19835369.73,379790,782819,6.09165522,1.641320516e+12,379790,828356.1545,0.003689238389,2.181089956
2025-03-12,83630.15811,19835847.85,432621,745460,5.18131301,1.658875092e+12,432621,725765.2315,0.002403188091,1.677600559
2025-03-13,81110.28905,19836344.72,529277,764889,5.53267484,1.608931654e+12,529277,627182.2006,0.001917993411,1.184979133
2025-03-14,84105.83355,19836788.47,441947,779781,5.4727813,1.668389629e+12,441947,554996.4868,0.003256052386,1.255798742
2025-03-15,84352.8773,19837200.96,472408,663845,4.98328639,1.673324979e+12,472408,403232.8178,0.003840473619,0.8535689867
2025-03-16,82492.10283,19837654.09,468961,682615,4.1094162,1.636449801e+12,468961,431383.0946,0.001448017397,0.9198698712
2025-03-17,84013.94752,19838091.59,382454,777796,4.6979143,1.666676385e+12,382454,565455.4102,0.00183194582,1.478492604
2025-03-18,82680.80655,19838535.33,367012,728748,4.41816966,1.640266102e+12,367012,569062.8013,0.003078368616,1.550529141
2025-03-19,86774.23507,19839010.33,438484,757656,5.36175403,1.721514946e+12,438484,535650.005,0.00141830118,1.221595326
2025-03-20,84124.97129,19839454.08,341253,813034,5.56172012,1.668993505e+12,341253,608304.7232,0.00298415555,1.782562273
2025-03-21,84069.40818,19839907.2,318682,769088,4.94804017,1.667929257e+12,318682,499686.4313,0.003367015495,1.567978208
2025-03-22,83821.22031,19840375.94,412886,644074,9.82052173,1.663044523e+12,412886,329555.2707,0.001609425388,0.79817497
2025-03-23,85760.88145,19840863.44,542672,610837,5.90796058,1.701569937e+12,542672,321518.4654,0.001152961564,0.5924729217
2025-03-24,87322.57186,19841344.69,481825,809888,6.22306624,1.732597247e+12,481825,548636.4013,0.001443063315,1.13866321
2025-03-25,87422.84261,19841810.31,499703,725387,13.34504035,1.73462746e+12,499703,598618.0982,0.001543898551,1.197947777
2025-03-26,86836.6761,19842285.31,518025,759292,9.48009417,1.723038102e+12,518025,591140.2144,0.001249840561,1.141142251
2025-03-27,87211.32402,19842747.81,435123,778898,5.19765756,1.730512309e+12,435123,554819.5534,0.001292779364,1.275086708
2025-03-28,84309.07836,19843229.06,395973,830965,6.19616007,1.672964353e+12,395973,692089.0905,0.002125536223,1.747818893
2025-03-29,82497.17925,19843669.68,292760,665765,4.10333659,1.637046775e+12,292760,449676.9918,0.003069244334,1.535991911
2025-03-30,82216.46668,19844097.81,303321,611195,3.18640344,1.631511606e+12,303321,400141.2003,0.002899662435,1.319200452
2025-03-31,82461.44963,19844560.3,319360,770064,4.92728411,1.63641121e+12,319360,712176.5463,0.004506117727,2.230011731
2025-04-01,85226.71379,19844982.18,352343,807365,4.29156676,1.691322616e+12,352343,558363.0233,0.003417778148,1.584714393
2025-04-02,82555.6313,19845519.67,404621,769838,4.52284032,1.638359405e+12,404621,631587.2064,0.002467269607,1.560935311
2025-04-03,82931.6974,19845994.66,395213,792583,5.67861357,1.645862024e+12,395213,673630.6547,0.005870614195,1.704474941
2025-04-04,83774.17974,19846557.16,422793,820433,5.56761572,1.662629047e+12,422793,572329.2967,0.002633400896,1.353686785
2025-04-05,83302.17158,19847069.66,294122,736838,4.46771255,1.653304002e+12,294122,362004.2533,0.003014267158,1.230796245
2025-04-06,77949.08849,19847522.78,272974,645459,4.14241203,1.54709631e+12,272974,451160.0337,0.003602954254,1.652758262
2025-04-07,79421.80441,19847975.91,315963,791618,7.47149574,1.57636206e+12,315963,792375.9853,0.005626087235,2.507812577
2025-04-08,76351.42953,19848454.03,360926,736263,7.04955975,1.515457839e+12,360926,625186.817,0.003430806753,1.73217451
2025-04-09,82720.60349,19848863.41,320082,743091,5.68968651,1.64190996e+12,320082,755201.5022,0.005345089148,2.359400098
2025-04-10,79558.95583,19849313.41,315731,745006,5.14311407,1.579190648e+12,315731,679711.5698,0.004761060475,2.152818601
2025-04-11,83359.89952,19849775.9,412324,762968,7.66442398,1.654675325e+12,412324,669700.8511,0.002905941603,1.624210211
2025-04-12,85269.24951,19850225.9,413756,651244,5.50157395,1.692613865e+12,413756,427186.0862,0.001973794785,1.032458952
2025-04-13,83568.95444,19850763.4,448011,599557,4.14972777,1.658907542e+12,448011,415620.2388,0.001273044526,0.9277009689
2025-04-14,84589.03241,19851229.02,448201,731158,6.42356669,1.679196255e+12,448201,544242.7275,0.002007411542,1.214282716
2025-04-15,83671.34397,19851679.02,435581,764894,5.74167627,1.661016664e+12,435581,668843.2221,0.002278880569,1.535519736
2025-04-16,84151.53576,19852141.52,512698,715957,5.83564021,1.670588197e+12,512698,540970.2914,0.001140181212,1.055144142
2025-04-17,84940.58385,19852619.64,555992,734302,6.04852215,1.686293103e+12,555992,739881.8901,0.001398094934,1.330741971
2025-04-18,84434.77275,19853044.64,512005,669757,5.31676956,1.676287313e+12,512005,536910.8631,0.001356739602,1.048643789
2025-04-19,85124.7215,19853479.01,548341,618431,6.34043577,1.690021872e+12,548341,382979.9997,0.0006435850718,0.6984340031
2025-04-20,85101.74615,19853863.38,468036,563502,5.55323301,1.689598442e+12,468036,337528.9778,0.001245309348,0.7211602907
2025-04-21,87360.71989,19854257.13,437926,680575,6.41246794,1.734482196e+12,437926,579344.8558,0.001932149829,1.322928659
2025-04-22,93495.61069,19854741.5,514191,792265,6.39689005,1.856331182e+12,514191,720275.1701,0.00161676039,1.400793032
2025-04-23,93695.74048,19855097.75,425004,716670,11.38810925,1.860338086e+12,425004,974646.0619,0.002750285111,2.293263268
2025-04-24,93849.88178,19855538.37,460328,771761,8.78504718,1.863439929e+12,460328,740488.919,0.001858830258,1.60861151
2025-04-25,94771.4128,19855988.37,385154,818112,6.04167583,1.88178007e+12,385154,756125.2391,0.002931928435,1.963176389
2025-04-26,94694.5111,19856404,330013,636351,4.46749753,1.880292469e+12,330013,383189.2574,0.00218121407,1.161133826
2025-04-27,93812.87653,19856825.87,432684,614897,5.15850616,1.862825954e+12,432684,390303.0391,0.002012826032,0.9020510097
2025-04-28,95066.02119,19857266.49,421997,801464,6.65662833,1.887751317e+12,421997,717225.1707,0.002589926421,1.699597795
2025-04-29,94102.8403,19857722.74,466125,738376,6.24269494,1.868668112e+12,466125,726152.2875,0.002075102084,1.557848834
2025-04-30,94236.73251,19858135.24,344716,797218,6.58453638,1.871365779e+12,344716,651266.6028,0.003972877561,1.88928452
2025-05-01,96411.74226,19858557.11,330132,783416,5.44203945,1.91459809e+12,330132,764631.613,0.003479576161,2.316139038
2025-05-02,96842.10211,19859053.99,380180,931165,5.59466532,1.923192534e+12,380180,768316.7379,0.003117342493,2.02092887
2025-05-03,95943.61135,19859566.49,389316,686500,3.90478799,1.905398529e+12,389316,509208.1083,0.001820214994,1.307955769
2025-05-04,94377.78992,19860000.86,345861,613491,3.3828386,1.874342989e+12,345861,497893.1902,0.001800741468,1.439575986
2025-05-05,94853.72986,19860547.74,401820,758965,5.18166695,1.88384703e+12,401820,810106.7401,0.002305138663,2.016093624
2025-05-06,96677.9245,19860978.99,335143,787857,5.29476865,1.920118227e+12,335143,724212.8415,0.003631511556,2.160906961
2025-05-07,97137.37571,19861450.86,343041,846613,6.6552108,1.929289214e+12,343041,737600.4536,0.004005615729,2.150181621
2025-05-08,103069.5393,19861947.73,371373,852697,6.49199029,2.047161802e+12,371373,712782.0836,0.004230241088,1.919315846
2025-05-09,102940.8029,19862385.23,335574,863281,6.85207179,2.044649884e+12,335574,844131.2144,0.005421951102,2.515484556
2025-05-10,104582.8218,19862853.98,326973,664831,4.39129382,2.077313318e+12,326973,467054.1651,0.002549166253,1.428418142
2025-05-11,103976.1378,19863319.6,280245,615305,3.382963,2.065311256e+12,280245,488422.8103,0.002900857893,1.742842193
2025-05-12,102920.0747,19863772.73,385997,758453,13.32397413,2.044380973e+12,385997,712331.2184,0.00221514608,1.845432007
2025-05-13,104145.7118,19864178.98,289432,808191,5.99850038,2.068769059e+12,289432,732786.4021,0.00555877904,2.531808515
2025-05-14,103572.7196,19864628.98,325951,790244,7.14039545,2.057433648e+12,325951,713709.1484,0.003856527099,2.189620981
2025-05-15,103716.2839,19865085.23,373943,754318,5.49743468,2.06033282e+12,373943,750775.5166,0.002592881173,2.007727158
2025-05-16,103566.2692,19865510.23,365949,829195,12.42293897,2.05739678e+12,365949,640417.9191,0.002598857737,1.750019591
2025-05-17,103190.0414,19865957.1,293931,740377,7.03352172,2.049968935e+12,293931,378831.5884,0.002599940813,1.288845302
2025-05-18,106015.6898,19866463.35,641273,601421,5.94891823,2.106156817e+12,641273,400657.674,0.0007100835745,0.6247848794
2025-05-19,105615.829,19866903.97,583361,718046,6.88530427,2.098259532e+12,583361,636585.658,0.0009103086246,1.091237944
2025-05-20,106893.3302,19867366.47,559405,739140,7.27756634,2.123688966e+12,559405,684688.5039,0.0009792472529,1.223958499
2025-05-21,109704.8556,19867816.47,424978,796779,7.90587525,2.179595938e+12,424978,825761.1742,0.002389128526,1.943068051
2025-05-22,111477.0148,19868285.22,471085,868642,8.10750052,2.214857126e+12,471085,1037526.151,0.002212680349,2.202418144
2025-05-23,107291.889,19868769.6,445109,809410,6.08910519,2.131757822e+12,445109,845970.1654,0.001728620884,1.900591014
2025-05-24,107917.3283,19869210.22,389251,644711,5.13846292,2.144232082e+12,389251,451606.542,0.001402054725,1.160193659
2025-05-25,108914.8766,19869682.1,357724,625162,4.14588679,2.164103973e+12,357724,426782.9681,0.001601278039,1.193050978
2025-05-26,109371.9852,19870160.22,352991,745729,4.96133555,2.173238869e+12,352991,552569.1887,0.002285631001,1.56539172
2025-05-27,109066.3456,19870600.85,424640,706571,5.79600318,2.16721382e+12,424640,633313.7497,0.001663739616,1.491413314
2025-05-28,107895.4024,19871113.35,540056,782052,7.99481868,2.144001771e+12,540056,723585.7482,0.001268385834,1.339834662
2025-05-29,105732.9579,19871610.22,390670,765279,5.34398452,2.101084127e+12,390670,620247.4819,0.001958831041,1.587650656
2025-05-30,103981.303,19872094.59,389971,834229,5.88312328,2.066326288e+12,389971,703919.2129,0.002197991307,1.805055281
2025-05-31,104708.9642,19872597.72,300176,711975,4.01331725,2.080839122e+12,300176,415216.5179,0.002764347851,1.383243557
2025-06-01,105750.1597,19873013.34,254662,689965,3.46803334,2.101574335e+12,254662,441733.7503,0.003041763727,1.734588397
2025-06-02,105899.6969,19873428.97,348163,771787,4.72198068,2.104590105e+12,348163,764448.465,0.002313009452,2.195662563
2025-06-03,105483.9856,19873878.97,360069,864048,4.89837962,2.096375962e+12,360069,784547.3256,0.002683914516,2.178880508
2025-06-04,104782.8449,19874272.72,332769,720304,4.61248281,2.082482836e+12,332769,691875.8661,0.003357219403,2.079147595
2025-06-05,101669.1905,19874691.47,321208,781431,4.95396644,2.020643793e+12,321208,703642.8931,0.004172680022,2.190614471
2025-06-06,104421.0515,19875110.22,296656,781673,4.3574863,2.075379908e+12,296656,620678.672,0.004392907304,2.092250526
2025-06-07,105685.2504,19875557.09,290519,653737,3.27860352,2.100553228e+12,290519,402005.7618,0.002358891132,1.383750329
2025-06-08,105727.7396,19876035.21,323313,611460,3.33871583,2.101448276e+12,323313,410671.0262,0.001747838369,1.270196454
2025-06-09,110198.1587,19876472.71,354588,744523,4.9822096,2.190350695e+12,354588,562810.0616,0.002048682143,1.587222528
2025-06-10,110074.1191,19877000.84,421700,824315,5.19489238,2.187943357e+12,421700,714468.7639,0.001931907353,1.694258392
2025-06-11,108645.7856,19877441.46,349470,755087,4.81375031,2.159600243e+12,349470,632978.5697,0.002546246949,1.811252954
2025-06-12,105998.9858,19877903.96,424933,780705,4.88265326,2.10703766e+12,424933,543141.729,0.001611987121,1.27818204
2025-06-13,106024.8221,19878357.09,347897,811764,6.54962301,2.107599274e+12,347897,640462.9633,0.002534397085,1.840955695
2025-06-14,105467.1087,19878828.96,271851,631338,2.94854091,2.096562616e+12,271851,347134.4006,0.002577467072,1.276928908
2025-06-15,105512.7974,19879253.96,281450,599893,2.68171862,2.097515696e+12,281450,278804.431,0.002175480184,0.9906002166
2025-06-16,107243.9333,19879710.21,366746,722329,5.01013142,2.131978317e+12,366746,593218.2818,0.002173922503,1.617518069
2025-06-17,104628.3965,19880078.96,359926,712578,6.14533437,2.080020784e+12,359926,706089.1069,0.002312010965,1.961761881
2025-06-18,104813.367,19880516.46,434037,751671,7.011965,2.083743868e+12,434037,586363.8663,0.001433233225,1.350953643
2025-06-19,104709.7208,19880913.33,307561,716269,5.10770069,2.081724884e+12,307561,432645.5764,0.002631360279,1.406698432
2025-06-20,103274.9588,19881385.21,353689,778947,5.21503377,2.053249239e+12,353689,577803.5673,0.002195691991,1.633648678
2025-06-21,101548.1964,19881825.83,310017,658427,3.50608004,2.018963554e+12,310017,329191.697,0.001919738675,1.061850469
2025-06-22,100899.2342,19882160.21,264346,595271,2.74838076,2.006094738e+12,264346,499617.7322,0.003076217601,1.890014346
2025-06-23,105496.9475,19882494.58,291899,691705,5.03361581,2.097542487e+12,291899,635857.4242,0.00294222731,2.178347388
2025-06-24,105964.0651,19882860.21,279722,757208,6.14348201,2.106868694e+12,279722,693365.0613,0.004744504652,2.47876485
2025-06-25,107305.0652,19883307.08,387334,748961,4.79018074,2.133579563e+12,387334,717732.48,0.001774464231,1.853006656
2025-06-26,107012.8228,19883797.71,506745,764181,7.61040348,2.127821321e+12,506745,673373.9364,0.001295022375,1.328822063
2025-06-27,107090.9591,19884157.08,337361,731987,4.35101521,2.129413452e+12,337361,668591.9132,0.002695344243,1.981829296
2025-06-28,107357.6172,19884610.21,389138,636115,3.84617314,2.13476437e+12,389138,360645.7055,0.001840111631,0.9267810019
2025-06-29,108360.9017,19885138.33,368982,545712,2.77602945,2.15477152e+12,368982,321548.9969,0.001260242374,0.8714490053
2025-06-30,107153.1011,19885591.46,342103,759866,4.34028358,2.130802792e+12,342103,638502.4824,0.002808346159,1.866404219
2025-07-01,105566.3566,19886010.21,330384,796482,4.21818291,2.099293645e+12,330384,508039.656,0.003290953777,1.537724757
2025-07-02,108927.1345,19886488.33,361066,794995,4.39139435,2.166178189e+12,361066,460057.188,0.002660347225,1.274163693
2025-07-03,109632.1591,19886960.2,364594,798168,4.29623936,2.180250386e+12,364594,613429.0467,0.002418213799,1.682499017
2025-07-04,108081.3958,19887457.08,365649,693948,3.29882118,2.149464119e+12,365649,554650.704,0.001945663252,1.516893808
2025-07-05,108244.7888,19887947.7,436219,561792,3.10577231,2.152766699e+12,436219,280716.9143,0.001095664755,0.6435228962
2025-07-06,109180.0055,19888447.7,496239,613042,3.9884031,2.171420831e+12,496239,276276.6632,0.0009974628546,0.5567411331
2025-07-07,108249.401,19888919.58,374019,686261,4.16090095,2.152963631e+12,374019,570920.2724,0.001855160381,1.526447246
2025-07-08,108956.6317,19889363.33,342697,795709,4.4494959,2.167078035e+12,342697,453395.6049,0.002412409377,1.323021809
2025-07-09,111416.8067,19889875.83,452381,779022,5.04758223,2.216066451e+12,452381,493556.8629,0.001574762418,1.091020319
2025-07-10,115873.9038,19890410.2,434824,829216,4.87340907,2.304779478e+12,434824,674917.0259,0.002015225106,1.552161394
2025-07-11,117618.6051,19890878.95,409674,845548,5.48028232,2.339537436e+12,409674,1014907.795,0.003357283482,2.477354665
2025-07-12,117382.3725,19891344.58,394126,673470,4.00391579,2.33489322e+12,394126,532193.6508,0.001552865188,1.35031348
2025-07-13,118899.7371,19891772.7,410972,655163,4.5474046,2.365126545e+12,410972,462840.524,0.001312273717,1.126209387
2025-07-14,119871.0962,19892225.83,450093,797345,5.3469701,2.384502916e+12,450093,1049607.878,0.002172825712,2.331980009
2025-07-15,117710.891,19892738.33,421980,753728,4.23799581,2.341591953e+12,421980,1151816.36,0.001876325955,2.729552017
2025-07-16,118730.1878,19893147.7,402255,735726,4.98754741,2.361917162e+12,402255,939733.0046,0.001769524701,2.336162396
2025-07-17,119501.6638,19893572.7,428846,811618,5.99534249,2.377315036e+12,428846,1033371.692,0.001981704627,2.409656827
2025-07-18,117958.5112,19894022.7,449609,757713,4.45068174,2.3466693e+12,449609,851717.9308,0.001597103914,1.894352495
2025-07-19,117908.5247,19894466.45,432190,655287,4.39533408,2.34572719e+12,432190,428867.162,0.001197674217,0.9923116269
2025-07-20,117305.681,19894932.08,405387,625098,3.09111508,2.333788555e+12,405387,404012.6873,0.001116714885,0.9966098747
2025-07-21,117432.4356,19895400.83,388565,733805,4.28372646,2.336365377e+12,388565,913070.7594,0.001631695698,2.349853331
2025-07-22,120068.0058,19895869.58,423231,730808,4.53143786,2.388857383e+12,423231,707477.5979,0.001452668418,1.671611006
2025-07-23,118650.5872,19896307.07,365110,738717,4.00491735,2.360708517e+12,365110,613717.1779,0.001937268121,1.68091035
2025-07-24,118377.0819,19896766.45,408556,719805,9.99073833,2.355321152e+12,408556,653370.9368,0.001464058728,1.599220026
2025-07-25,117520.1734,19897266.45,433467,749904,5.16201262,2.338330202e+12,433467,1016211.572,0.00130695008,2.344380477
2025-07-26,117983.2046,19897744.57,571396,652309,4.25424385,2.347599669e+12,571396,465691.0732,0.0008075217174,0.8150058335
2025-07-27,119438.1642,19898172.7,473722,615345,4.07723236,2.376601219e+12,473722,457836.5046,0.001196192196,0.9664666293
2025-07-28,118022.6373,19898625.82,502425,728095,4.41311645,2.348488298e+12,502425,645777.5132,0.00113268101,1.285321218
2025-07-29,117871.3709,19898975.82,346511,715626,4.89132408,2.345519559e+12,346511,578890.3539,0.002000494252,1.670626196
2025-07-30,117732.6437,19899403.95,426989,733090,4.28125986,2.342809434e+12,426989,636309.215,0.001148984647,1.490223905
2025-07-31,115848.34,19899885.2,477852,752871,3.8557182,2.305368666e+12,477852,580013.8081,0.001154345414,1.213793827
2025-08-01,113282.1443,19900357.07,399495,838177,5.45339715,2.254355122e+12,399495,773996.3313,0.002137839122,1.937436842
2025-08-02,112545.6737,19900810.2,307246,693800,4.07358523,2.23975009e+12,307246,467834.4827,0.002110405423,1.522670703
2025-08-03,114263.6939,19901294.57,289554,621756,2.90441637,2.273995432e+12,289554,473004.8462,0.001834966058,1.633563502
2025-08-04,115199.9337,19901828.95,451189,728238,3.36113043,2.292689374e+12,451189,692555.931,0.0009391411658,1.534957481
2025-08-05,114111.361,19902260.2,408980,798131,3.78965914,2.271073998e+12,408980,606126.1475,0.001395575327,1.482043492
2025-08-06,115034.6787,19902710.19,495331,838450,5.82403829,2.289501873e+12,495331,622206.5405,0.0008043835216,1.256142944
2025-08-07,117444.9139,19903213.32,564678,810557,5.14735305,2.337531175e+12,564678,595920.9558,0.0008897618169,1.055328799
2025-08-08,116740.6877,19903641.44,474837,960615,5.87728451,2.32356479e+12,474837,624654.6843,0.0008431250657,1.315513922
2025-08-09,116511.6557,19904003.94,377106,767705,4.29310005,2.319048455e+12,377106,440554.9201,0.001014121714,1.168252216
2025-08-10,119189.1982,19904425.82,396369,651290,3.08298363,2.372392553e+12,396369,447688.146,0.001112005132,1.129473158
2025-08-11,118742.043,19904885.19,449439,760684,4.47476259,2.363546735e+12,449439,761444.2119,0.001231956233,1.694210364
2025-08-12,120154.3249,19905313.32,365290,721420,4.11725998,2.391709484e+12,365290,696613.2054,0.00182797415,1.907014168
2025-08-13,123442.6798,19905800.82,444797,753168,4.4655542,2.457225397e+12,444797,712117.3652,0.001230943789,1.600994083
2025-08-14,118510.2713,19906307.07,479810,803997,4.26773141,2.359101851e+12,479810,686251.0238,0.00114932654,1.430255776
2025-08-15,117311.2099,19906725.82,433563,734665,3.75927443,2.335282092e+12,433563,594863.2931,0.002920658649,1.372034267
2025-08-16,117462.4268,19907200.82,396105,642573,2.87626845,2.33834812e+12,396105,425293.1915,0.001875987121,1.073688016
2025-08-17,117601.9522,19907675.82,442159,569807,2.52361439,2.34118154e+12,442159,421972.8508,0.001177914119,0.9543464022
2025-08-18,116312.9144,19908157.07,482626,701698,3.43902869,2.315575769e+12,482626,642410.5211,0.001743692874,1.331073173
2025-08-19,112886.1015,19908575.81,409590,670399,3.29146775,2.24740151e+12,409590,625657.7233,0.002176769299,1.527521969
2025-08-20,114277.3209,19909016.44,424546,726389,3.36997891,2.27514906e+12,424546,578615.3758,0.001907675104,1.362903845
2025-08-21,112347.1023,19909482.06,451619,702511,3.03123198,2.236772618e+12,451619,614253.8604,0.001413298579,1.360115187
2025-08-22,116800.977,19909938.31,457298,767825,3.65100366,2.325500248e+12,457298,680260.3216,0.001291102214,1.487564611
2025-08-23,115280.4447,19910413.31,471882,662164,2.59805484,2.295281301e+12,471882,530042.4408,0.001112773292,1.123252086
2025-08-24,113516.1225,19910916.81,521558,610390,2.28582085,2.260210071e+12,521558,583538.2138,0.0007116698337,1.118836666
2025-08-25,110089.5333,19911357.44,479193,705894,2.83695144,2.192032048e+12,479193,677476.1765,0.00134795739,1.413785628
2025-08-26,111895.2955,19911826.19,458661,710999,3.230064,2.228039675e+12,458661,692607.2286,0.001798636834,1.510063486
2025-08-27,111252.3072,19912294.94,506732,703023,3.58339246,2.215288754e+12,506732,620545.941,0.001809913026,1.224603816
2025-08-28,112481.1529,19912791.81,580430,696912,3.30010435,2.23981378e+12,580430,648363.8005,0.001169395909,1.117040471
2025-08-29,108473.3304,19913307.44,587838,777455,3.52402556,2.160062778e+12,587838,828719.3738,0.0007423575885,1.409775098
2025-08-30,108746.1508,19913801.18,625477,633372,3.2363662,2.165549227e+12,625477,544279.1546,0.0004401627059,0.870182524
2025-08-31,108316.4469,19914213.68,482257,579281,2.96748578,2.157036869e+12,482257,515616.0723,0.0005038293035,1.069172811
2025-09-01,108992.3246,19914716.81,597762,724476,9.4815454,2.170551279e+12,597762,636255.5127,0.0003428223054,1.064396052
2025-09-02,111140.9472,19915226.18,583102,741440,5.03725553,2.213397101e+12,583102,620000.9763,0.0003736156751,1.063280483
2025-09-03,111780.7436,19915654.31,405522,757257,6.25173553,2.226186647e+12,405522,639228.0068,0.001589647683,1.57630907
2025-09-04,110900.6334,19916091.81,400455,768977,4.91359891,2.208707196e+12,400455,749510.985,0.001714336466,1.871648462
2025-09-05,110711.2295,19916538.68,414108,811569,5.72277103,2.204984484e+12,414108,829179.3151,0.001936677977,2.002326241
2025-09-06,110243.6507,19916976.18,446745,613246,3.46315036,2.195720166e+12,446745,474833.1992,0.00117552348,1.062873002
2025-09-07,111307.7844,19917457.43,580185,594567,3.25803103,2.216968058e+12,580185,465481.1983,0.000481376934,0.8022978848
2025-09-08,112112.3116,19917957.43,566372,732824,4.09973947,2.233048249e+12,566372,710756.6928,0.0005548899949,1.25492908
2025-09-09,111486.3968,19918479.3,618149,725526,4.50398825,2.220639487e+12,618149,781929.1433,0.0005727604609,1.264952533
2025-09-10,113930.7484,19919010.55,648787,687721,3.97135772,2.26938778e+12,648787,716508.2985,0.0004829863822,1.104381405
2025-09-11,115445.8129,19919479.3,598534,722040,4.15380199,2.299620481e+12,598534,621963.9282,0.0004834995621,1.039145526
2025-09-12,116149.174,19919854.3,397599,721666,5.0077519,2.313674624e+12,397599,572218.0067,0.001772728921,1.439183717
2025-09-13,115965.6276,19920294.93,524450,684987,3.96725292,2.310069502e+12,524450,497249.0829,0.0005784558875,0.948134394
2025-09-14,115395.9334,19920773.05,539763,646063,3.15897547,2.298776201e+12,539763,398395.6162,0.0004300931456,0.7380936006
2025-09-15,115420.9318,19921282.42,534944,773239,4.46695894,2.29933298e+12,534944,744799.9202,0.0007154074976,1.392295119
2025-09-16,116798.8671,19921782.42,535330,747555,4.19178659,2.326841617e+12,535330,619723.8191,0.0008097424435,1.157648215
2025-09-17,116575.7776,19922182.42,362882,698218,4.45125146,2.322443908e+12,362882,600327.1823,0.002510796033,1.654331662
2025-09-18,117014.4268,19922676.17,446237,729042,3.62274383,2.331240532e+12,446237,708292.924,0.001722761933,1.587257274
2025-09-19,115612.3725,19923201.17,483134,759748,3.6275725,2.303368556e+12,483134,735237.8823,0.001315049563,1.521809441
2025-09-20,115753.166,19923679.3,492759,711626,3.41006645,2.306228956e+12,492759,514009.1414,0.0005321409526,1.043124816
2025-09-21,115320.8588,19924185.55,515795,660574,2.90394595,2.297674189e+12,515795,447394.7106,0.0004544451067,0.8673886148
2025-09-22,112727.7077,19924654.3,456797,747221,3.39577662,2.246060606e+12,456797,727259.2766,0.00102620733,1.592084179
2025-09-23,112052.3933,19925104.3,498707,674195,2.79635646,2.232655623e+12,498707,696047.4726,0.0005503943128,1.395704236
2025-09-24,113324.6236,19925582.42,526277,682109,2.83408362,2.258059128e+12,526277,672206.4524,0.0003438705443,1.277286396
2025-09-25,109166.348,19926023.04,426022,741811,3.36040579,2.175251165e+12,426022,776964.9314,0.001052842768,1.823767156
2025-09-26,109669.1022,19926435.54,418111,728767,4.06730819,2.185314295e+12,418111,929127.4886,0.001294111078,2.222202928
2025-09-27,109644.7307,19926919.92,523531,635310,2.48225617,2.184881768e+12,523531,500608.5,0.0003950851056,0.9562155822
2025-09-28,112170.0078,19927435.54,637714,652543,2.2240307,2.2352606e+12,637714,447081.9984,0.0002377819216,0.7010697561
2025-09-29,114341.1414,19927873.04,449737,740289,3.3072654,2.27857575e+12,449737,693919.0917,0.0008554401222,1.542944191
2025-09-30,113971.7428,19928376.17,556139,745290,3.16149503,2.271271763e+12,556139,774478.9322,0.0004979041173,1.39259957
2025-10-01,118393.2704,19928848.04,471120,885196,3.68651784,2.359441495e+12,471120,826611.9025,0.001152388135,1.754567631
2025-10-02,120558.594,19929273.04,375898,804780,4.20731967,2.402645137e+12,375898,858255.359,0.002832000512,2.283213422
2025-10-03,122348.1276,19929641.79,391675,797887,5.33571155,2.438354358e+12,391675,1003775.785,0.002332777832,2.562777266
2025-10-04,122379.7443,19930060.54,426061,743257,3.69025762,2.439035713e+12,426061,592263.6271,0.00103835811,1.390091154
2025-10-05,123523.7683,19930526.17,520032,677933,2.62450107,2.461893697e+12,520032,630995.2915,0.0002993755818,1.213377814
2025-10-06,124824.4537,19930910.54,426681,768110,4.60013412,2.487865019e+12,426681,787902.8582,0.001312827697,1.84658529
2025-10-07,121587.6992,19931341.79,430981,767705,3.91395368,2.423405991e+12,430981,783341.1331,0.001471916988,1.817576954
2025-10-08,123390.3531,19931804.29,431067,759929,3.49143093,2.459392369e+12,431067,873335.2602,0.001626764127,2.025984963
2025-10-09,121603.3328,19932179.29,366723,719972,3.74034869,2.423819431e+12,366723,712535.9264,0.002346358389,1.942981287
2025-10-10,113754.8523,19932591.79,415580,745662,4.08933657,2.267429036e+12,415580,783734.0071,0.002288271618,1.885879992
2025-10-11,110940.1136,19933051.17,450131,718136,3.43313791,2.211374962e+12,450131,872301.3739,0.001370901787,1.937883358
2025-10-12,115152.917,19933504.29,463010,695884,2.51616052,2.295401166e+12,463010,676749.4746,0.0007993284266,1.461630364
2025-10-13,115332.2529,19933979.29,489858,680803,2.82560332,2.299030741e+12,489858,839512.6301,0.0009498297069,1.71378773
2025-10-14,113327.0794,19934507.42,563809,706371,2.74984331,2.259119505e+12,563809,1180939.901,0.001029083257,2.094574406
2025-10-15,110862.8725,19934957.42,484211,695775,2.92786317,2.210046642e+12,484211,900313.8708,0.0008498787546,1.859342045
2025-10-16,108135.0496,19935435.54,490450,740169,3.17798363,2.155719311e+12,490450,858789.4165,0.001088768169,1.751023379
2025-10-17,106625.6687,19935932.41,485148,772447,3.6751389,2.125682124e+12,485148,1036383.38,0.001744382965,2.13622107
2025-10-18,107143.9139,19936448.04,564015,608801,2.55025388,2.136069073e+12,564015,546717.6596,0.0009918995498,0.9693317724
2025-10-19,108706.6638,19936882.41,437518,595209,2.22222979,2.167271973e+12,437518,593466.6463,0.001119995737,1.356439384
2025-10-20,110640.2495,19937348.04,422448,679663,2.92076179,2.205873162e+12,422448,661650.4332,0.001489042195,1.566229295
2025-10-21,108700.3821,19937816.79,437054,733522,2.96038825,2.167248303e+12,437054,901498.1055,0.001732404214,2.062669843
2025-10-22,107667.6302,19938294.91,480827,695833,2.93569691,2.146708963e+12,480827,730790.9549,0.001036727564,1.51986256
2025-10-23,110060.9368,19938738.66,436183,679681,2.62546377,2.194476256e+12,436183,708793.3235,0.001444263556,1.624990712
2025-10-24,111024.9431,19939298.04,565682,734616,2.92651381,2.213759431e+12,565682,659258.6998,0.0009419685076,1.165422799
2025-10-25,111614.5359,19939798.04,502467,595504,2.16357985,2.225571303e+12,502467,514250.3161,0.0006850541411,1.023450925
2025-10-26,114557.1005,19940257.41,521439,584836,2.09703222,2.284298072e+12,521439,570502.2058,0.0003959510132,1.094091938
2025-10-27,114087.7738,19940716.79,505599,726782,2.76365613,2.274991987e+12,505599,765198.1805,0.0008470408071,1.513448762
2025-10-28,112980.6858,19941223.04,526865,693980,3.00712214,2.252973056e+12,526865,746839.8943,0.001017226964,1.417516621
2025-10-29,110206.348,19941607.41,395521,667087,2.55413098,2.197691726e+12,395521,695901.0063,0.002030436577,1.759454002
2025-10-30,108019.7238,19942107.41,551534,708971,2.86380846,2.154140936e+12,551534,806838.8128,0.0007286354492,1.4628995
2025-10-31,109554.2396,19942544.91,460460,723709,3.45584759,2.184790344e+12,460460,832532.4209,0.001597345759,1.808045044
2025-11-01,110005.2959,19942976.16,387158,683092,2.51142112,2.193832993e+12,387158,594146.2976,0.001555188763,1.534635207
2025-11-02,110389.1686,19943460.54,405694,575622,2.05634496,2.201542028e+12,405694,515002.6249,0.001600528405,1.269436139
2025-11-03,106495.8028,19943904.29,452775,772175,3.21036814,2.123942098e+12,452775,911690.9527,0.001458198313,2.013562923
2025-11-04,101349.7372,19944313.66,370080,779122,3.93187943,2.021350949e+12,370080,1192982.538,0.003816270378,3.223580139
2025-11-05,103915.8848,19944744.91,399776,747953,4.23042387,2.072575815e+12,399776,951829.2556,0.0018581471,2.380906447
2025-11-06,101241.5737,19945182.41,414343,737224,3.33175311,2.019281655e+12,414343,860296.7717,0.001255650178,2.076291314
2025-11-07,103428.4717,19945626.16,477171,752529,3.33020756,2.062945632e+12,477171,941922.6212,0.001064059037,1.973972897
2025-11-08,102335.0214,19946001.16,351704,622449,2.55256924,2.041174457e+12,351704,601104.9184,0.001700121792,1.709121643
2025-11-09,104685.5454,19946441.79,467846,607063,2.40885714,2.088104138e+12,467846,529722.1693,0.0008859007192,1.132257558
2025-11-10,106082.4782,19946879.29,451762,723219,3.74417263,2.116014386e+12,451762,781179.0945,0.001501718312,1.729182832
2025-11-11,102974.4056,19947357.41,480595,717240,2.74064711,2.054067273e+12,480595,966119.371,0.0009918678277,2.010256809
2025-11-12,101682.1267,19947798.04,452672,666761,2.5596544,2.028334527e+12,452672,841815.1939,0.00143838455,1.859658194
2025-11-13,100035.3101,19948266.79,481822,715565,3.0392257,1.995531055e+12,481822,931447.3975,0.001174865153,1.933177392
2025-11-14,94502.5476,19948716.79,484096,804891,3.44757513,1.885204558e+12,484096,1240676.426,0.001530868783,2.562872707
2025-11-15,95541.31584,19949163.66,485232,735457,2.46835008,1.905969346e+12,485232,676369.7597,0.001010138903,1.393910046
2025-11-16,94182.3131,19949660.54,582885,599175,2.59784312,1.878905175e+12,582885,733576.6097,0.0008204194339,1.25852717
2025-11-17,91911.47135,19950048.04,406170,722706,4.54771315,1.833638269e+12,406170,1066144.934,0.001471350616,2.624873658
2025-11-18,92836.44191,19950463.66,321895,783873,3.69128131,1.852130061e+12,321895,1347565.693,0.004983775665,4.186351739
2025-11-19,91320.48113,19950891.79,359976,740835,3.34410806,1.821925037e+12,359976,1163451.124,0.002981083724,3.232024145
2025-11-20,86911.29806,19951301.16,357950,712914,3.15183306,1.733993482e+12,357950,1138273.06,0.003386119027,3.179977818
2025-11-21,84948.04632,19951773.04,416326,798210,3.63873918,1.69486414e+12,416326,1501665.323,0.003210103255,3.606945813
2025-11-22,84775.00155,19952219.91,472844,653472,3.04137277,1.691449474e+12,472844,1431293.603,0.001450875821,3.026989034
2025-11-23,86872.45466,19952663.66,318830,587259,2.23206887,1.733336869e+12,318830,919820.7636,0.001837095551,2.884988124
2025-11-24,88377.60244,19953110.54,399370,672046,2.587686,1.763408071e+12,399370,851872.3605,0.001454882192,2.13304044
2025-11-25,87434.55061,19953469.91,351642,673473,3.13027951,1.744622675e+12,351642,786498.1182,0.002812801098,2.236644423
2025-11-26,90449.27707,19953982.41,476755,719513,3.11504921,1.804823284e+12,476755,808007.3533,0.001129815553,1.694806249
2025-11-27,91336.20005,19954429.29,404471,675201,2.6888795,1.822561745e+12,404471,726537.015,0.001964730303,1.796264788
2025-11-28,90990.12661,19954898.04,510984,703533,2.85585679,1.815698699e+12,510984,831893.5985,0.001055674979,1.628022792
2025-11-29,90842.07382,19955326.16,403759,630159,2.25719319,1.812783212e+12,403759,563965.1989,0.002045186687,1.396786694
2025-11-30,90607.70215,19955848.04,514580,601718,2.17500927,1.808153535e+12,514580,610872.6656,0.0006376279127,1.18712866
2025-12-01,86504.63682,19956263.66,399941,737081,4.01880956,1.72630934e+12,399941,849147.1263,0.003068875956,2.123180985
2025-12-02,91528.02458,19956660.54,415283,743961,3.97296907,1.826593716e+12,415283,897653.1468,0.002547787971,2.161545613
2025-12-03,93609.09387,19957073.04,430832,716757,3.5873632,1.868163523e+12,430832,895914.6345,0.001814642071,2.079498817
2025-12-04,92205.59295,19957485.54,414769,693069,3.15940654,1.840191788e+12,414769,652016.0038,0.001921488646,1.571997916
2025-12-05,89279.83446,19957857.41,350006,712886,3.63532789,1.781834206e+12,350006,709661.2186,0.002687807403,2.027568724
2025-12-06,89169.55706,19958366.79,529256,615281,2.40213513,1.779678726e+12,529256,500531.3467,0.0004713267777,0.945726353
2025-12-07,90067.8474,19958866.79,546753,545020,1.90661205,1.797652168e+12,546753,454039.8357,0.0002049899108,0.830429528
2025-12-08,90673.14444,19959329.29,575607,666566,2.70652416,1.809775147e+12,575607,781546.5167,0.000293460651,1.357777992
2025-12-09,92808.85185,19959732.41,446113,668386,2.90764527,1.852439848e+12,446113,759391.6817,0.0007960339831,1.702240647
2025-12-10,92102.93009,19960216.79,554922,689654,2.72107443,1.838394451e+12,554922,925208.1031,0.000502285866,1.667275947
2025-12-11,92623.71987,19960716.79,475726,656012,2.62152377,1.84883584e+12,475726,761932.2647,0.0009729905053,1.601619976
2025-12-12,90331.60831,19961169.91,411109,761375,2.84345593,1.803124582e+12,411109,701990.3664,0.001477655524,1.707552903
2025-12-13,90245.26726,19961616.79,500012,601306,2.21727704,1.801441442e+12,500012,553333.1547,0.0004613649143,1.10663975
2025-12-14,88096.38261,19962016.79,418597,564048,1.954934,1.758581468e+12,418597,555231.6133,0.0005956430723,1.326410876
2025-12-15,86352.58026,19962435.54,419887,663223,2.69619218,1.723807817e+12,419887,730246.0387,0.001411851269,1.739148958
2025-12-16,87752.42903,19962894.91,442553,696716,2.74310551,1.751792519e+12,442553,769577.1033,0.001076562792,1.738949015
2025-12-17,86059.55222,19963326.16,451215,675987,2.83041509,1.71803491e+12,451215,899844.6261,0.001174686567,1.994270195
2025-12-18,85434.19287,19963776.16,461224,725880,2.76906073,1.705589103e+12,461224,836646.1601,0.001146906136,1.813969265
2025-12-19,88168.07383,19964229.29,433546,735738,3.29975598,1.760207642e+12,433546,847476.294,0.001448869125,1.954755191
2025-12-20,88292.45364,19964688.66,441258,613352,2.13286655,1.762731348e+12,441258,707202.6201,0.001000787682,1.602696427
2025-12-21,88533.43098,19965119.91,440054,565021,1.89117973,1.767580566e+12,440054,528039.3651,0.0005637192578,1.199942201
2025-12-22,88474.46223,19965554.29,426021,667969,2.54620131,1.766441679e+12,426021,739265.8903,0.001406394533,1.735280398
2025-12-23,87365.99379,19966007.41,431814,672116,2.53787255,1.744350079e+12,431814,804554.265,0.001458519436,1.863196342
2025-12-24,87625.67079,19966504.29,503638,667297,2.73632344,1.749578331e+12,503638,765788.2897,0.0005845319019,1.520513324
2025-12-25,87231.30477,19966935.54,465274,562104,2.0880317,1.741741839e+12,465274,484644.7221,0.0004350617029,1.041632935
2025-12-26,87334.80778,19967423.04,513354,613757,2.38212109,1.743851053e+12,513354,778793.8538,0.0008993779456,1.517069807
2025-12-27,87695.41591,19967848.04,475008,569638,2.07978162,1.751088738e+12,475008,463825.9552,0.001127858269,0.9764592495
2025-12-28,87747.64915,19968332.41,540696,572908,2.15540502,1.752174227e+12,540696,510652.5285,0.0008705646332,0.9444355581
2025-12-29,87133.5104,19968813.66,548253,693511,2.80614074,1.739952833e+12,548253,1051058.011,0.001071757577,1.917103985
2025-12-30,88428.49227,19969185.54,366458,749500,3.05012403,1.765844969e+12,366458,846311.5319,0.002484267167,2.309436639
2025-12-31,87516.97804,19969601.16,407824,697063,3.05108551,1.747679146e+12,407824,982646.5291,0.001731766834,2.409486762
2026-01-01,88684.21785,19970073.03,469075,570904,2.1789344,1.771030307e+12,469075,599285.1596,0.0007689868801,1.277589212
2026-01-02,89940.18017,19970523.03,458150,702623,2.77993902,1.79615244e+12,458150,808062.0993,0.001074069452,1.76375008
2026-01-03,90598.13018,19971007.41,496980,618923,2.53756188,1.809335929e+12,496980,601742.199,0.0007712852336,1.210797616
2026-01-04,91359.76368,19971460.53,478738,629824,2.45125971,1.824587915e+12,478738,663448.9517,0.0007148332851,1.385828891
2026-01-05,93948.58218,19971873.03,410199,687169,2.72302134,1.876329155e+12,410199,841682.5437,0.001532902324,2.051888336
2026-01-06,93574.28711,19972279.28,422822,698247,2.77692481,1.868891796e+12,422822,752766.7102,0.0011585127,1.780339505
2026-01-07,91208.95626,19972738.66,424312,644966,2.60565397,1.821692647e+12,424312,807490.6537,0.001013453106,1.903058725
2026-01-08,91096.91616,19973151.16,335049,631893,2.60291043,1.819492477e+12,335049,650524.6196,0.002147745591,1.941580544
2026-01-09,90539.60323,19973594.91,351155,664665,2.53565804,1.808401358e+12,351155,749510.161,0.002256703064,2.134414037
2026-01-10,90406.14241,19974101.16,492984,608784,2.0853467,1.805781434e+12,492984,518165.142,0.00064766617,1.051079025
2026-01-11,90717.20632,19974482.41,289219,536405,1.91541573,1.812029242e+12,289219,479508.753,0.001697693373,1.657943472
2026-01-12,91141.14985,19974926.16,405384,638422,2.3225772,1.820537738e+12,405384,617591.2184,0.001975858329,1.523472111
2026-01-13,95304.49829,19975348.03,340763,701272,3.01945485,1.903740523e+12,340763,990797.6388,0.002728003448,2.907585738
2026-01-14,97043.99273,19975735.53,326077,707589,3.13791446,1.938525134e+12,326077,1062377.923,0.003931330413,3.258058445
2026-01-15,95546.13974,19976169.91,375169,717904,3.18632374,1.908645921e+12,375169,1044276.315,0.002094945966,2.783482417
2026-01-16,95489.12996,19976576.16,362621,692686,3.34668553,1.907545877e+12,362621,789654.3907,0.002169545372,2.177630062
2026-01-17,95106.98046,19977041.78,354936,572689,2.21667057,1.899956123e+12,354936,544631.8954,0.001206557073,1.534450987
2026-01-18,94261.32943,19977479.28,332784,567075,1.99155272,1.883103756e+12,332784,476884.8204,0.001042325634,1.433016072
2026-01-19,92526.24196,19977948.03,353668,623139,2.21884898,1.848484454e+12,353668,565589.8173,0.001550792477,1.599211174
2026-01-20,88236.56319,19978363.66,386279,640908,2.84576841,1.762822147e+12,386279,888804.6372,0.001115489956,2.300939573
2026-01-21,89599.36187,19978791.78,427046,698736,2.53054709,1.790086995e+12,427046,795898.3524,0.0008632204335,1.863729791
2026-01-22,89395.70074,19979294.91,464766,612517,2.28692829,1.786063068e+12,464766,776560.4757,0.0007262429789,1.67086335
2026-01-23,89439.77189,19979732.41,437544,664123,2.56577071,1.786982709e+12,437544,918428.919,0.0009728222485,2.099054996
2026-01-24,89185.0387,19980038.66,284304,562317,2.02265956,1.781920521e+12,284304,409393.1194,0.001753197647,1.439983677
2026-01-25,86445.67059,19980376.16,317176,555249,1.9514115,1.727217016e+12,317176,591195.0402,0.00142663015,1.863933716
2026-01-26,88337.45455,19980763.66,399372,635513,2.35323609,1.765049801e+12,399372,721593.8612,0.001020812751,1.806821363
2026-01-27,89260.38054,19981144.91,365975,624246,2.34720814,1.783524598e+12,365975,713086.4961,0.001575861532,1.948456851
2026-01-28,89177.78925,19981488.66,342139,631786,2.8264027,1.781904984e+12,342139,746585.9089,0.002278852186,2.182112852
2026-01-29,84520.39731,19981888.66,421064,681624,2.7818993,1.688877168e+12,421064,810868.207,0.001267705825,1.925759996
2026-01-30,84017.03403,19982298.03,383042,733411,3.32739205,1.678853414e+12,383042,971571.4128,0.002629645316,2.536461831
2026-01-31,78702.3855,19982729.28,403447,702918,3.0225382,1.572688463e+12,403447,946882.4259,0.001720735644,2.346980956
2026-02-01,76911.05238,19983101.16,356739,613261,2.49800185,1.53692134e+12,356739,832024.0049,0.0015193265,2.332304584
2026-02-02,78716.60181,19983469.91,354152,734473,3.59703698,1.573030843e+12,354152,1166201.077,0.002537952546,3.292939406
2026-02-03,75684.76603,19983882.41,435204,741467,3.22262256,1.512475464e+12,435204,1215912.616,0.001531061085,2.793891176
2026-02-04,73095.19146,19984326.16,412289,704812,3.09856906,1.460758147e+12,412289,1202034.047,0.001686390001,2.915513261
2026-02-05,63494.68845,19984723.03,384528,865167,6.14723942,1.268923763e+12,384528,2068376.541,0.007349575396,5.379001116
2026-02-06,70647.69822,19985176.16,407706,856992,5.74597668,1.411906694e+12,407706,1636988.595,0.00386990669,4.015120197
2026-02-07,69166.25944,19985694.91,493708,645574,2.7410227,1.382335759e+12,493708,1103840.035,0.0009917696945,2.235815573
2026-02-08,70522.58924,19986226.16,512816,555675,2.20456314,1.409480418e+12,512816,863952.7056,0.0007872512992,1.684722601
2026-02-09,70244.10178,19986735.53,394855,682068,2.92519453,1.403950285e+12,394855,1081937.333,0.001466728129,2.74008771
2026-02-10,68688.79311,19987185.53,390874,624916,2.58446884,1.372895652e+12,390874,971039.3513,0.001696797901,2.484277162
2026-02-11,66989.71659,19987676.16,451472,659141,2.94451038,1.338968761e+12,451472,936793.1996,0.001287122926,2.074975191
2026-02-12,66221.54431,19988229.28,494350,653355,2.54254112,1.323651411e+12,494350,923170.7503,0.001247373508,1.867443613
2026-02-13,68860.84116,19988701.16,520762,684978,2.80407017,1.376438775e+12,520762,766983.9692,0.0006905376001,1.472810937
2026-02-14,69798.07913,19989219.91,550168,583422,2.12108481,1.395209153e+12,550168,644896.6168,0.0004320892549,1.172181255
2026-02-15,68629.95998,19989835.53,691973,532309,1.93598617,1.371901612e+12,691973,526889.9045,0.0002934724136,0.7614313052
2026-02-16,68747.43803,19990382.41,529377,592609,2.11548926,1.374287576e+12,529377,634660.0483,0.0006366928173,1.19888104
2026-02-17,67471.05085,19990898.03,661420,595445,2.32070356,1.348806898e+12,661420,774399.2967,0.0002223323901,1.170813245
2026-02-18,66380.70696,19991376.16,505310,595919,2.28936243,1.327041682e+12,505310,749469.2107,0.0005608858613,1.483186976
2026-02-19,66932.35221,19991873.03,502602,616639,2.40168653,1.338103087e+12,502602,722510.9777,0.0007420776106,1.437540992
2026-02-20,67977.30926,19992301.16,417965,662947,2.68591022,1.359022839e+12,417965,934236.0956,0.001352819066,2.235201741
2026-02-21,68020.66776,19992673.03,344028,579813,2.04690813,1.35991497e+12,344028,515895.3185,0.001469715063,1.499573635
2026-02-22,67550.02408,19993185.53,538994,525709,1.86438709,1.350540164e+12,538994,527296.3257,0.0005236267564,0.9782972087
2026-02-23,64689.91233,19993648.03,448909,684644,2.62265424,1.293387338e+12,448909,754361.0573,0.0009500863084,1.680432019
2026-02-24,64123.75108,19994163.66,568326,661423,2.81382024,1.282100773e+12,568326,985507.5566,0.0006502426839,1.734053266
2026-02-25,68038.52218,19994651.16,481942,650235,2.78948514,1.360406516e+12,481942,1031204.031,0.001358098281,2.139684922
2026-02-26,67519.26453,19995088.66,429268,693519,3.46160026,1.35005368e+12,429268,1011810.701,0.001568441255,2.357060627
2026-02-27,65864.13582,19995529.28,411023,704075,3.01728646,1.316988256e+12,411023,807379.2062,0.002236953361,1.964316367
2026-02-28,66965.63531,19995976.16,426230,640533,2.52109497,1.339043247e+12,426230,547394.6792,0.001459883111,1.28427065
2026-03-01,65733.52126,19996441.78,464241,602506,2.57722487,1.314436531e+12,464241,580753.9432,0.0009910316495,1.250975125
2026-03-02,68922.6243,19996866.78,420983,690831,2.67195108,1.378236536e+12,420983,815608.2355,0.001573851854,1.937389955
2026-03-03,68431.17403,19997285.53,377782,652464,2.63690598,1.368437726e+12,377782,797540.8165,0.002046245764,2.111113861
2026-03-04,72667.46306,19997691.78,382886,697294,3.05384441,1.453181529e+12,382886,958892.3509,0.002537862095,2.50438081
2026-03-05,70987.42718,19998210.53,459142,686708,2.77213841,1.419621514e+12,459142,836465.5758,0.001468372698,1.821801482
2026-03-06,68226.70539,19998666.78,446899,672019,2.9057224,1.364443147e+12,446899,864646.8909,0.001573342863,1.934770252
2026-03-07,67315.55291,19999079.28,435530,592224,2.22674614,1.34624908e+12,435530,481159.1622,0.001299773919,1.104766979
2026-03-08,66202.69787,19999498.03,457769,523172,1.90552808,1.324020726e+12,457769,481094.2298,0.0008810214972,1.050954149
2026-03-09,68528.53847,19999929.28,408602,627803,2.58511692,1.370565923e+12,408602,707505.308,0.0013196254,1.731526786
2026-03-10,69891.82386,20000360.53,378570,649875,2.64778758,1.397861675e+12,378570,816837.3023,0.001741548486,2.157691582
2026-03-11,70298.57535,20000794.91,405045,629140,2.84788589,1.406027388e+12,405045,717693.2106,0.001404964461,1.771885125
2026-03-12,70538.10746,20001198.03,450856,640192,2.73949767,1.410846656e+12,450856,712140.2141,0.001016103247,1.579529194
2026-03-13,70930.01328,20001576.16,401832,676568,3.29025507,1.418712062e+12,401832,773026.5022,0.001833976817,1.923755455
2026-03-14,71136.21792,20001976.16,441416,557544,2.03416365,1.422864935e+12,441416,540158.34,0.0008785257612,1.223694519
2026-03-15,72712.1462,20002366.78,399359,534462,1.9612594,1.454415018e+12,399359,494326.0508,0.0007722231145,1.2377987
2026-03-16,74723.95755,20002757.41,410501,701802,2.66813659,1.494685195e+12,410501,941910.3626,0.001445841515,2.294538534
2026-03-17,74086.01361,20003154.28,374546,679525,2.99977825,1.48195396e+12,374546,814824.2032,0.001775274355,2.175498345
2026-03-18,71253.95793,20003588.66,437912,625137,2.63104405,1.425334864e+12,437912,781707.8594,0.001231482469,1.785079786
2026-03-19,69948.90483,20004007.41,442942,603884,2.86421582,1.39925841e+12,442942,641373.5938,0.001066378383,1.447985501
2026-03-20,70510.41968,20004426.16,422037,656663,2.75028742,1.410520484e+12,422037,650642.9866,0.001124060818,1.541672855
2026-03-21,69707.28501,20004857.41,490235,586709,2.74078545,1.394484297e+12,490235,394460.7929,0.0003011880322,0.8046361294
2026-03-22,68018.15348,20005363.66,639039,545348,2.01075942,1.360727896e+12,639039,495498.8505,0.0001597955758,0.7753812372
2026-03-23,70726.21105,20005863.66,530619,640101,2.49522655,1.414938935e+12,530619,675294.4274,0.0005699584271,1.272654065
2026-03-24,70610.01871,20006254.28,384088,587472,2.47728026,1.412641989e+12,384088,709591.6488,0.00127535726,1.84747154
2026-03-25,71281.29739,20006732.41,514188,657017,2.65425322,1.426105842e+12,514188,688471.3507,0.0006723783342,1.338948693
2026-03-26,68722.97184,20007248.03,634223,623105,2.36259995,1.374957543e+12,634223,770512.5532,0.0004226970869,1.214892164
2026-03-27,66214.17151,20007723.03,656575,640242,2.65629958,1.324794804e+12,656575,834147.7495,0.0002887146296,1.270453108
2026-03-28,66351.07253,20008266.78,776246,555352,1.8453124,1.32756996e+12,776246,502545.3532,0.000701601319,0.6474047572
2026-03-29,65966.75239,20008716.78,621290,513446,1.70265072,1.319910066e+12,621290,469074.9101,0.0009065475839,0.7550015454
2026-03-30,66651.232,20009141.78,539789,631420,2.47985789,1.333633951e+12,539789,843739.8066,0.0009937850811,1.563091887
2026-03-31,68214.86804,20009566.78,519911,630351,2.48336661,1.364949957e+12,519911,749240.3403,0.0008568366645,1.441093457
2026-04-01,68116.81679,20010073.03,686646,697142,2.51236649,1.363022479e+12,686646,665438.6469,0.0006374930897,0.9691145756
2026-04-02,66908.31799,20010526.16,501473,653581,2.53688992,1.338870647e+12,501473,858199.1913,0.0005487210126,1.711356726
2026-04-03,66891.74223,20010938.66,460217,647348,2.67810231,1.33856655e+12,460217,641535.008,0.0005954696151,1.393983725
2026-04-04,67295.13091,20011313.66,439257,546885,1.98252297,1.346663972e+12,439257,438270.5198,0.001574898489,0.9977542073
2026-04-05,68921.80609,20011810.53,725843,496633,1.62497576,1.379250125e+12,725843,448490.1333,0.001107051662,0.617888625
2026-04-06,68742.91331,20012210.53,461763,608673,2.19221414,1.375697654e+12,461763,603242.1994,0.001082991634,1.306389207
2026-04-07,72057.12436,20012641.78,539413,640745,2.3736357,1.442053418e+12,539413,804607.844,0.0007778134431,1.49163599
2026-04-08,71085.05837,20013104.28,560671,632101,2.40409433,1.422632686e+12,560671,776664.9509,0.0006195394786,1.385241881
2026-04-09,71788.67978,20013554.28,579019,627910,2.44783646,1.43674664e+12,579019,698376.3778,0.0004169738194,1.206137239
2026-04-10,72945.07072,20013944.91,453045,655019,2.67835655,1.459918627e+12,453045,784165.5109,0.001048213392,1.730877752
2026-04-11,73119.10912,20014329.28,472181,567547,1.92808825,1.463429927e+12,472181,646086.0566,0.0004346469806,1.368301682
2026-04-12,70685.3697,20014813.65,709385,523902,1.7804819,1.414754503e+12,709385,473840.8092,0.0001880445707,0.6679600064
2026-04-13,74632.74559,20015276.15,631372,631173,2.33519333,1.493795013e+12,631372,757855.3999,0.0003584083607,1.200331025
2026-04-14,74173.50836,20015788.65,609752,648935,2.47386808,1.484641267e+12,609752,1037351.432,0.0006272050632,1.701267781
2026-04-15,74761.96465,20016179.28,461922,648996,2.80737177,1.496448888e+12,461922,814613.5053,0.0005333059422,1.763530434
2026-04-16,75095.74422,20016654.28,643440,642428,2.49905033,1.50316555e+12,643440,858248.5161,0.0005301765155,1.333843895
2026-04-17,77114.48144,20017094.9,548624,666008,3.5095086,1.543607893e+12,548624,878316.5403,0.001456989633,1.600944436
2026-04-18,75792.06375,20017573.03,690658,571160,2.11100725,1.517173171e+12,690658,721813.1837,0.0008870585741,1.045109423
2026-04-19,73905.2041,20018066.78,733999,510705,1.71927629,1.479439311e+12,733999,752886.9295,0.0001679448714,1.025732909
2026-04-20,75814.14532,20018473.03,551469,630657,2.64363163,1.517683423e+12,551469,992328.0622,0.0003481408369,1.799426735
2026-04-21,76107.4433,20018894.9,532601,627674,2.49085,1.523586909e+12,532601,924829.6186,0.0003699243961,1.736439884
2026-04-22,78317.74227,20019304.28,535489,658718,3.32020002,1.567866713e+12,535489,969152.2652,0.0004165084316,1.809845329
2026-04-23,78233.68375,20019682.4,449644,624801,2.70696739,1.566213502e+12,449644,845323.1021,0.0007161876741,1.879983058
2026-04-24,77444.26928,20020148.03,590597,669638,2.48832242,1.550445735e+12,590597,1097790.968,0.0004871374003,1.858781823
2026-04-25,77624.71148,20020585.53,589115,548575,1.97065038,1.554092175e+12,589115,558494.4797,0.000383267125,0.9480228473
2026-04-26,78538.77336,20021051.15,704204,527244,1.78765788,1.572428799e+12,704204,499675.2411,0.0001711893301,0.7095603562
2026-04-27,77256.29716,20021482.4,577862,639267,2.32327483,1.546785594e+12,577862,751892.3889,0.0006366730197,1.301162542
2026-04-28,76295.53112,20021916.78,574615,624691,2.6335182,1.527582775e+12,574615,848190.4556,0.001207318419,1.476102183
2026-04-29,75795.00985,20022313.65,373961,631076,2.86991097,1.517591461e+12,373961,777643.3985,0.001527145392,2.079477268
2026-04-30,76299.61613,20022751.15,413668,685346,4.00279215,1.527728227e+12,413668,844542.9824,0.00136987583,2.041596117
2026-05-01,78132.64379,20023244.9,597457,751425,3.30303954,1.564469061e+12,597457,935749.7957,0.0008216156128,1.56622116
2026-05-02,78712.53873,20023669.9,529423,620486,2.37632884,1.576113893e+12,529423,678279.9014,0.0008719449418,1.28116818
2026-05-03,78649.17329,20024144.9,596099,583469,2.01434372,1.574882442e+12,596099,572526.3277,0.0005813029952,0.9604551051
2026-05-04,79826.10782,20024610.53,567474,722079,2.56960666,1.598486719e+12,567474,899429.3645,0.0004376888834,1.584970174
2026-05-05,80936.75483,20025079.28,589261,721256,2.79946445,1.620764932e+12,589261,879769.7676,0.0006049908982,1.493005252
2026-05-06,81364.62013,20025519.9,531510,727700,2.82402568,1.62936882e+12,531510,780268.0311,0.0009372009588,1.468021356
2026-05-07,79988.99873,20025963.65,526484,759390,3.08179494,1.601856781e+12,526484,780086.7392,0.0008181000017,1.481691256
2026-05-08,80179.6923,20026423.03,586249,677277,2.90751672,1.605712436e+12,586249,719755.3852,0.0007192719048,1.22772983
2026-05-09,80663.62965,20026957.4,830362,818423,7.20904316,1.615447075e+12,830362,472325.6294,0.0002126980905,0.5688189361
2026-05-10,82256.78114,20027426.15,726220,525874,2.18600569,1.64739161e+12,726220,532617.4882,0.0002689990988,0.7334106583
2026-05-11,81714.74205,20027941.78,778049,615823,2.43507668,1.636578096e+12,778049,766892.2282,0.0003848265223,0.9856605795
2026-05-12,80525.56302,20028360.53,593259,612683,2.76125506,1.612795008e+12,593259,724209.276,0.0004394505132,1.220730366
2026-05-13,79291.911,20028794.9,616272,643577,2.62161722,1.588121423e+12,616272,790159.9556,0.0003009008069,1.282161052
2026-05-14,81175.82711,20029266.78,675554,633568,2.69237071,1.625892297e+12,675554,789784.6932,0.0002792949676,1.169091876
2026-05-15,79063.41458,20029719.9,622005,669184,3.13094452,1.583618049e+12,622005,794866.975,0.0004403806765,1.277910909
2026-05-16,78164.49527,20030191.78,682779,572496,2.28603311,1.565649831e+12,682779,599240.3842,0.0003566964759,0.8776491137
2026-05-17,77497.69711,20030629.28,605327,564015,2.0947972,1.552327641e+12,605327,443276.5599,0.0002614142194,0.7322927276
2026-05-18,76975.9112,20031066.78,603780,639384,2.50365504,1.541909618e+12,603780,744897.6487,0.0003206587569,1.233723622
2026-05-19,76807.46096,20031510.53,619635,631608,2.50085882,1.538569463e+12,619635,777647.0599,0.0002603523115,1.255008287
2026-05-20,77408.17221,20031985.53,666800,648310,2.49965359,1.550639385e+12,666800,630429.8811,0.0003113753924,0.9454557305
2026-05-21,77595.38617,20032382.4,543303,630942,2.71848092,1.554420448e+12,543303,631683.3058,0.0006462884261,1.162672221
2026-05-22,75567.54304,20032869.9,713572,671333,2.53563461,1.513834759e+12,713572,794444.772,0.0005100867178,1.113335125
2026-05-23,76619.86661,20033382.4,729353,573855,2.37316732,1.534955087e+12,729353,525750.0088,0.0003131694306,0.7208443768
2026-05-24,,,,,,,,,,
