date,price_usd,supply,tx_count,active_addresses,fees_native,market_cap_usd,bc_tx_count,bc_sum_value,bc_median_value,bc_mean_value
2013-12-06,,,,,,,3,264,88,88
2013-12-08,,1240744202,4665,6990,4245.6959,,21453,6495139550,214531.42,302761.3644
2013-12-09,,2002687070,9339,10863,7641.853601,,32595,9560976746,222567.6728,293326.484
2013-12-10,,2713617247,9450,12132,5478.650505,,32601,9538407682,217069.0924,292580.2178
2013-12-11,,3484583353,28951,43044,2863.19017,,91578,1.535486522e+10,6491.376838,167669.8031
2013-12-12,,4183401610,44036,61432,954.0491131,,136488,1.84364602e+10,4730.27375,135077.5174
2013-12-13,,4970824366,50657,64759,2052.731514,,156741,2.992586554e+10,19596.9985,190925.5749
2013-12-14,,5747575691,80424,98292,1724.453336,,245937,3.578570012e+10,17250.2501,145507.5898
2013-12-15,,6582135938,128955,157712,399098.336,,276919,5.925032621e+10,6165.325496,213962.6613
2013-12-16,,7373150582,94694,127087,3890423.279,,192478,-3.929066188e+10,1118.064819,754251.2851
2013-12-17,,8080428083,92528,131166,374.4934019,,187944,2.63012895e+10,1303.376763,139942.161
2013-12-18,,8820214930,95216,134838,5188.434404,,178892,2.736158484e+10,4580.72905,152950.2987
2013-12-19,,9591797828,192523,248993,4689.415576,,194104,2.8417803e+10,9016.45835,146405.0355
2013-12-20,,1.035056326e+10,199950,255225,1412.579055,,201444,4.489087665e+10,28891.27054,222845.4392
2013-12-21,,1.107724959e+10,167414,226438,1842.713224,,168832,4.063318221e+10,81727.76193,240672.279
2013-12-22,,1.177725439e+10,158224,210197,1341.833896,,159617,3.870688306e+10,113174.3985,242498.4999
2013-12-23,,1.251160263e+10,149008,197803,1234.363984,,150488,4.144266505e+10,132258.7334,275388.5031
2013-12-24,,1.323903632e+10,126443,176977,1089.824504,,127901,3.318003437e+10,100677.9976,259419.6634
2013-12-25,,1.396967444e+10,131133,244147,855.7454939,,132603,3.672596073e+10,121596.6096,276961.7635
2013-12-26,,1.46971921e+10,125828,286503,14802.2909,,127257,3.280065274e+10,116396.6292,257751.2651
2013-12-27,,1.536619646e+10,133542,173620,47260.01284,,134915,3.238920129e+10,69168.41466,240071.1655
2013-12-28,,1.608430905e+10,113776,149526,38676.292,,115220,3.132007407e+10,154761.0745,271828.4505
2013-12-29,,1.680164913e+10,116612,160057,37271.63104,,118035,2.965150913e+10,143457.8672,251209.4644
2013-12-30,,1.751013394e+10,122836,157988,58368.51242,,124248,3.193517089e+10,161767.8416,257027.6455
2013-12-31,,1.822431457e+10,108639,141755,53396.48107,,110061,3.038919231e+10,182857.5973,276112.2679
2014-01-01,,1.895722967e+10,110500,142092,56073.07141,,111953,3.280688428e+10,170410.0713,293041.5825
2014-01-02,,1.964827455e+10,112216,145633,68795.7934,,113632,3.089371446e+10,160198.0265,271875.1273
2014-01-03,,2.034770297e+10,111309,144028,62019.13783,,112748,3.446413344e+10,170222.9216,305674.0114
2014-01-04,,2.10415977e+10,111888,146684,64029.34448,,113294,3.342114043e+10,186387.7503,294994.7961
2014-01-05,,2.173342522e+10,92521,121672,60034.45485,,93925,3.221316031e+10,238750.6043,342966.8385
2014-01-06,,2.243762445e+10,93503,120514,63194.55144,,94878,2.88023518e+10,204343.7168,303572.5015
2014-01-07,,2.314913345e+10,93175,120383,62060.10414,,94604,2.991018633e+10,213235.6616,316161.9629
2014-01-08,,2.383389546e+10,86764,111999,53667.0091,,88155,2.823424255e+10,220553.0233,320279.5366
2014-01-09,,2.45778701e+10,91501,119043,68836.34716,,93016,3.403813535e+10,214737.1232,365938.4982
2014-01-10,,2.528117425e+10,96897,124631,75218.04778,,98353,3.024989374e+10,176983.3858,307564.5252
2014-01-11,,2.59914815e+10,96967,127327,69939.94576,,98417,3.173207258e+10,193774.3769,322424.7089
2014-01-12,,2.666888674e+10,89093,115599,104057.2665,,90436,3.382982562e+10,211541.3216,374074.7669
2014-01-13,,2.738562637e+10,93710,122339,115912.418,,95133,3.440100082e+10,208393.9499,361609.5447
2014-01-14,,2.811977695e+10,100358,129205,112231.8089,,101843,3.49436259e+10,219629.7755,343112.6921
2014-01-15,,2.887587494e+10,99304,135236,120506.904,,100800,5.779413441e+10,230254.514,573354.5081
2014-01-16,,2.960232245e+10,88080,118916,99756.37579,,89490,4.462047944e+10,226157.4495,498608.5534
2014-01-17,,3.033994778e+10,113775,145967,203021.8812,,115242,4.651392571e+10,228956.4167,403619.5633
2014-01-18,,3.107864995e+10,113071,149155,190861.8226,,114531,4.52804484e+10,195777.3213,395355.392
2014-01-19,,3.181866336e+10,125425,164827,206182.6917,,126917,5.80188998e+10,197733.5717,457140.4918
2014-01-20,,3.255877348e+10,133169,181698,191358.5736,,134647,6.679033118e+10,171465.2671,496040.2473
2014-01-21,,3.332273536e+10,150611,215443,229941.6715,,152117,4.23984891e+10,167053.9572,278722.885
2014-01-22,,3.402268727e+10,155733,208775,203011.659,,157172,-7.746815387e+10,119407.5494,680778.2994
2014-01-23,0.001540752608,3.473854532e+10,134405,189997,165813.582,53523504.29,135840,-4.586769792e+10,176579.1789,1020316.128
2014-01-24,0.001887939095,3.545708177e+10,129611,184731,143728.6067,66940810.87,131067,8.958286456e+10,200000,683489.09
2014-01-25,0.001936748654,3.615554909e+10,111903,165034,128393.3824,70024211.03,113307,-3.643394575e+10,229453.9903,1306481.462
2014-01-26,0.001936748654,3.684959904e+10,121651,171707,145765.6664,71368411.33,123054,-2.969762664e+10,226529.0535,1257738.993
2014-01-27,0.001617744051,3.756738333e+10,121347,170378,138088.377,60774410.88,122782,3.391606536e+10,252583.7581,276229.9471
2014-01-28,0.001650982892,3.824927763e+10,105078,159382,147233.4713,63148902.99,106441,-2.97893908e+10,211825.4187,1453181.104
2014-01-29,0.001578835006,3.897107249e+10,131621,181159,144841.8418,61528893.45,133027,-2.779481871e+10,230109.1362,1177750.547
2014-01-30,0.001639199612,3.984842785e+10,128877,181121,153180.9531,65319527.48,130391,-4.721261197e+10,242598.7563,1052640.357
2014-01-31,0.001919737861,4.045449004e+10,124719,176603,115584.9895,77662016.18,126169,-7.186721767e+10,217105.4915,892455.5404
2014-02-01,0.001496323971,4.116633093e+10,117451,165328,124029.3559,61598167.75,118891,6.358553258e+10,250378.7004,534822.0856
2014-02-02,0.001409069206,4.185833374e+10,117639,165476,120907.07,58981289.08,119020,9.066245003e+10,284779.2457,761741.3042
2014-02-03,0.001291195885,4.257081242e+10,111852,161190,120587.9868,54967257.84,113258,-4.046428228e+10,292950.8186,1271461.252
2014-02-04,0.001103716572,4.329759169e+10,125052,178642,124553.3546,47788269.46,126498,5.493149786e+10,252445.3921,434247.9554
2014-02-05,0.001273974273,4.404909325e+10,105693,155003,133093.7553,56117411.57,107109,-3.287681478e+10,235218.3739,1415293.075
2014-02-06,0.001275160868,4.476944355e+10,110259,163132,146172.4069,57088242.51,111750,-1.543745615e+10,241226.7584,1512572.569
2014-02-07,0.001095819761,4.550631768e+10,111766,165390,132098.6423,49866722.17,113192,-5.549112011e+10,206865.5588,1139447.316
2014-02-08,0.001111398974,4.619973664e+10,100784,148926,136517.9291,51346339.88,102224,-1.743723097e+10,234313.8444,1633962.766
2014-02-09,0.001278575262,4.690907165e+10,104106,151623,137520.4717,59976778.55,105517,-4.015869101e+10,257866.5469,1367635.07
2014-02-10,0.001452030139,4.766281216e+10,111971,165212,145284.1671,69207839.78,113475,-5.024145643e+10,272842.3492,1182868.335
2014-02-11,0.001753658195,4.835625979e+10,112163,170929,141398.3493,84800351.28,113567,-6.298013314e+10,236733.3408,1069741.277
2014-02-12,0.001760992831,4.908246887e+10,110865,172549,139471.1494,86433875.79,112329,-1.122605917e+10,219894.7053,1542267.639
2014-02-13,0.001493211115,4.980123231e+10,105509,164305,128800.1042,74363753.62,106939,7.121294188e+10,210108.0224,665921.1502
2014-02-14,0.001569415452,5.017635181e+10,88712,144977,105303.3083,78747541.85,90049,8.10988359e+10,111825.5309,900607.8457
2014-02-15,0.00150531545,5.052687726e+10,79090,126570,99723.01519,76058888.99,80503,5.291562031e+10,103895.4721,657312.4022
2014-02-16,0.001445797908,5.087879501e+10,78463,125045,95237.84748,73560455.37,79892,3.566312769e+10,106264.344,446391.7249
2014-02-17,0.001395249458,5.122267195e+10,48248,98667,62845.23521,71468405.27,49618,2.577409529e+10,84775.74933,519450.5078
2014-02-18,0.001352065768,5.160479823e+10,33281,77066,41323.1559,69773081.14,34785,2.181708879e+10,42006.5,627198.1829
2014-02-19,0.001290728083,5.195824826e+10,38962,89119,47506.08004,67063970.19,40359,3.450759977e+10,36916,855016.2236
2014-02-20,0.001179097398,5.230979204e+10,34292,89067,45337.58049,61678339.68,35700,3.876945226e+10,50010.67973,1085979.055
2014-02-21,0.001087784522,5.267255716e+10,37375,88282,43812.13164,57296392.41,38809,5.158608813e+10,63534.7264,1329230.027
2014-02-22,0.001271610658,5.30405425e+10,38011,82799,35170.08617,67446919.12,39447,5.374546549e+10,76048.68051,1362472.824
2014-02-23,0.001129759433,5.339575805e+10,46069,93547,43834.61956,60324361.31,47503,6.143644964e+10,47793.61833,1293317.257
2014-02-24,0.0009892756547,5.374432649e+10,40587,91065,54132.43976,53167953.78,42020,6.063128219e+10,66864.96045,1442914.855
2014-02-25,0.0009493798075,5.410583983e+10,39906,90304,59236.1851,51366991.8,41313,6.891675345e+10,100739.4439,1668161.437
2014-02-26,0.001220163087,5.447887564e+10,40267,81658,37526.81453,66473113.05,41726,4.35574597e+10,50109.08701,1043892.53
2014-02-27,0.001157986508,5.483548572e+10,39572,83623,45193.67724,63498752.59,40992,4.169505155e+10,90414.34818,1017150.945
2014-02-28,0.001038425402,5.519172655e+10,31639,75393,36813.33123,57312490.85,33059,2.441344439e+10,49997,738481.0306
2014-03-01,0.001058557492,5.554523428e+10,23128,62652,28630.65345,58797823.91,24546,1.361551474e+10,15251.28513,554693.8297
2014-03-02,0.0009734925754,5.590403076e+10,23188,56506,16787.15406,54422158.88,24640,1.366587755e+10,13201.6611,554621.6536
2014-03-03,0.001083879811,5.626811153e+10,24686,75354,38625.01554,60987870.1,26128,1.306177713e+10,17863.10555,499914.9237
2014-03-04,0.001047848531,5.661643185e+10,26429,79270,45992.11616,59325444.96,27832,1.247042824e+10,15600.30911,448060.8019
2014-03-05,0.001066081286,5.696965852e+10,23952,68843,25540.94586,60734286.83,25393,1.395466453e+10,16999.9895,549547.6915
2014-03-06,0.001011685237,5.731696731e+10,23496,62200,38713.05103,57986729.66,24880,1.106015085e+10,12980.34848,444539.825
2014-03-07,0.0009225142344,5.767241555e+10,27662,59460,18729.05961,53203624.27,29074,1.627888422e+10,19605.79406,559912.0939
2014-03-08,0.0008701337603,5.803043685e+10,20871,50705,17775.48495,50494242.23,22263,1.083034953e+10,13820.29302,486473.0508
2014-03-09,0.0008775930784,5.839151273e+10,20160,52567,36945.4163,51243987.4,21570,1.090165886e+10,15725.20815,505408.3848
2014-03-10,0.0007781909106,5.874248137e+10,21204,51997,17939.44372,45712865.07,22563,9473994482,18336.01453,419890.7274
2014-03-11,0.0007731752836,5.909087672e+10,20923,51472,17310.32244,45687605.36,22316,1.59898404e+10,17934.7981,716519.1075
2014-03-12,0.0009243143226,5.945094064e+10,22997,55570,18909.09108,54951355.92,24460,2.487799473e+10,18960.2861,1017088.909
2014-03-13,0.0008659355092,5.982212481e+10,20047,51557,15825.04017,51802102.11,21500,1.682850974e+10,15683.18389,782721.3831
2014-03-14,0.0008665961834,6.015819145e+10,19732,49802,16001.58373,52132859.11,21083,1.575970501e+10,12557.18955,747507.7082
2014-03-15,0.0008401399277,6.050297283e+10,17431,47105,13620.82548,50830963.22,18848,1.02355767e+10,19620.34694,543059.0355
2014-03-16,0.0008434046089,6.085480078e+10,18996,46576,45528.23828,51325219.45,20387,1.404136952e+10,14165.19314,688741.3315
2014-03-17,0.0007729367765,6.120190627e+10,17742,48860,16959.59865,47305204.15,19149,1.052235835e+10,15163.60202,549499.1042
2014-03-18,0.0007602053305,6.153390627e+10,19980,50354,16788.88891,46778403.55,21308,1.33335052e+10,25930.69812,625751.1359
2014-03-19,0.0007643528904,6.187015627e+10,19238,48208,15506.65492,47290632.78,20583,1.750231264e+10,21856.58171,850328.5545
2014-03-20,0.0007202341318,6.220540627e+10,18187,46917,14897.39754,44802456.78,19528,1.808284624e+10,20318.07574,925995.8131
2014-03-21,0.0006877571309,6.253540627e+10,18044,47776,13938.39657,43009171.6,19364,1.694007508e+10,24998.5,874823.1293
2014-03-22,0.0006779070352,6.287365627e+10,16365,42880,13027.74023,42622493.91,17718,1.695481625e+10,26069.90482,956926.0783
2014-03-23,0.0006848807612,6.320440627e+10,18080,47062,51027.07194,43287481.88,19403,4.347824377e+10,34367.14834,2240800.071
2014-03-24,0.0006635996346,6.353840627e+10,21176,50376,15078.3165,42164063.19,22512,5.224647046e+10,35648.08761,2320827.579
2014-03-25,0.0006525340444,6.387240627e+10,19521,48665,14998.96726,41678919.59,20857,4.071926719e+10,25843.08046,1952307.004
2014-03-26,0.0006110748403,6.420415627e+10,22413,50911,18372.19608,39233544.54,23740,2.903293511e+10,18706.47637,1222954.301
2014-03-27,0.0004997918014,6.453115627e+10,18900,47281,22141.78452,32252142.84,20208,2.034795439e+10,27876.90142,1006925.692
2014-03-28,0.0005271406906,6.485890627e+10,19223,46886,20036.80702,34189768.64,20534,2.327812229e+10,25484.24452,1133637.98
2014-03-29,0.0006201290917,6.519515627e+10,19902,47929,18860.16812,40429413.04,21247,1.45590219e+10,17390.92685,685227.1801
2014-03-30,0.0005246704027,6.552765627e+10,18341,44993,13864.73399,34380421.81,19671,1.320076329e+10,17638.55561,671077.3873
2014-03-31,0.0004992621491,6.585815627e+10,18686,47385,17047.94277,32880484.64,20008,1.260902565e+10,20197.97707,630199.203
2014-04-01,0.0005214162528,6.618190627e+10,18171,45417,14209.65701,34508321.57,19466,1.043104576e+10,21319.33143,535859.743
2014-04-02,0.0004609135732,6.651040627e+10,19352,46709,13869.78248,30655549.01,20666,2.393864369e+10,29771.76542,1158358.835
2014-04-03,0.000453935563,6.684090627e+10,18745,45518,14569.97693,30341464.42,20067,1.778285486e+10,28458.50028,886174.0599
2014-04-04,0.0004646005772,6.716365627e+10,19834,45802,16088.68027,31204273.47,21125,1.593513523e+10,24075,754325.9281
2014-04-05,0.0004686282537,6.748465627e+10,18125,41777,13804.09639,31625216.62,19409,9717318439,20000,500660.4379
2014-04-06,0.0004636996248,6.780015627e+10,20098,45263,17142.97733,31438907.02,21360,7381873359,10165.5,345593.322
2014-04-07,0.0004562145002,6.812290627e+10,19302,44355,16217.31286,31078657.64,20593,9056262416,20000,439773.8268
2014-04-08,0.0004529221879,6.845200152e+10,18320,40938,16889.26038,31003430.29,19633,1.055593325e+10,38253.98317,537662.7745
2014-04-09,0.0004463020081,6.877090625e+10,17915,40808,13192.66176,30692593.56,19194,1.389251745e+10,29062.97185,723794.8032
2014-04-10,0.000342293388,6.909315623e+10,18889,46213,18639.65505,23650130.53,20178,1.190230604e+10,31479,589865.4993
2014-04-11,0.0004482076015,6.941915623e+10,19640,41819,16481.01347,31114193.51,20944,9100068519,21999.00723,434495.2501
2014-04-12,0.0004187035989,6.974215623e+10,16898,38871,12063.2652,29201291.8,18190,7211886393,28565.44569,396475.3377
2014-04-13,0.0003872169591,7.00729062e+10,17288,40992,12577.97784,27133417.66,18611,7668406702,21980.65781,412036.2528
2014-04-14,0.0004422028085,7.03936562e+10,19706,45285,18814.23799,31128272.47,20989,8621920256,20000,410782.8032
2014-04-15,0.0005705230598,7.07194062e+10,19981,46178,16213.55249,40347052.01,21284,1.66180035e+10,28893.47866,780774.455
2014-04-16,0.0006916001495,7.10494062e+10,23541,49996,21335.02552,49137779.95,24861,1.875568533e+10,22143.47953,754421.9995
2014-04-17,0.0006388718507,7.13831562e+10,20025,46010,16920.8302,45604689.11,21360,1.993391105e+10,28668.0058,933235.5359
2014-04-18,0.0005866265361,7.17131562e+10,18454,43030,15602.85233,42068840.41,19774,1.398587912e+10,42385.97109,707286.2909
2014-04-19,0.0006254876221,7.20496562e+10,22141,49762,19080.93832,45066168.13,23487,1.73592089e+10,38605.5,739098.6036
2014-04-20,0.0006192660014,7.23901562e+10,20265,43454,16132.1845,44828762.57,21627,9137408527,24136.5,422500.0475
2014-04-21,0.000607663127,7.27271562e+10,23936,46064,19087.00825,44193611.15,25284,6561490136,14964.88759,259511.5542
2014-04-22,0.0005841150117,7.30624062e+10,21379,44900,20370.36276,42676848.25,22720,9483374722,23581.5,417402.0564
2014-04-23,0.0005774973695,7.33989062e+10,20149,43198,15857.02627,42387675.25,21495,1.342835676e+10,21230.78102,624720.0166
2014-04-24,0.0005883539984,7.37286562e+10,20456,42892,17786.21783,43378549.67,21775,8637905868,24037.73198,396689.1329
2014-04-25,0.0005121413882,7.40659062e+10,19832,41737,14679.04026,37932216.02,21181,2.466075277e+10,23571.5113,1164286.52
2014-04-26,0.0004773252344,7.43966662e+10,20343,42680,21688.60291,35511406.13,21667,1.322235309e+10,12734.32632,610253.0616
2014-04-27,0.000452005001,7.472335728e+10,16248,40644,18440.14113,33775331.18,17554,8247475101,27596.1,469834.5164
2014-04-28,0.0004871477454,7.49930412e+10,18640,42975,16481.84241,36532690.94,19991,1.521658388e+10,31395.36036,761171.7211
2014-04-29,0.000501891298,7.51615512e+10,16965,37925,12451.07396,37722928.49,18314,8952334469,24575.81899,488824.6406
2014-04-30,0.0005000417754,7.53296762e+10,16662,36128,13705.73013,37667985.03,18007,1.057363108e+10,20026.92849,587195.5953
2014-05-01,0.0005043949063,7.54976762e+10,15173,33775,11188.57391,38080643.31,16517,8454293967,22895.94355,511854.0877
2014-05-02,0.0004941139089,7.56611762e+10,15922,33966,12056.34189,37385239.52,17230,8740445205,23657.2722,507280.6271
2014-05-03,0.0004941139089,7.58280512e+10,15082,32577,10933.46237,37467694.78,16417,9112907860,22757,555089.7155
2014-05-04,0.0004639554883,7.59905512e+10,16809,36460,11627.36878,35256233.28,18109,9666414063,20000,533790.6048
2014-05-05,0.0004496824671,7.61550512e+10,17105,37194,14437.81717,34245591.31,18421,8425113923,16018.5,457364.634
2014-05-06,0.0004552641838,7.63259262e+10,16449,35935,13020.92763,34748460.49,17816,8427271543,17464.20197,473017.0377
2014-05-07,0.0004694116241,7.649192619e+10,17034,35374,13914.08239,35906199.3,18362,8512521983,14801,463594.4877
2014-05-08,0.0004669195907,7.665680118e+10,14697,33745,12319.23722,35792562.23,16016,8566391577,24428.5,534864.609
2014-05-09,0.0004887828721,7.682242618e+10,16134,36745,22986.9942,37549486.11,17459,8328510661,18070.79625,477032.514
2014-05-10,0.0004787260428,7.699167618e+10,16699,42284,17514.71337,36857920.46,18053,1.426577262e+10,21648.9,790216.1759
2014-05-11,0.000452530437,7.715367618e+10,19611,34975,17470.00538,34914386.8,20907,9807096461,15701.38125,469081.9563
2014-05-12,0.0004501553193,7.731705118e+10,17406,41123,28641.27696,34804681.86,18713,9564446818,17827.90096,511112.4255
2014-05-13,0.0004433958327,7.748456117e+10,15518,39042,16744.70299,34356331.52,16859,1.725137399e+10,13797.01235,1023273.859
2014-05-14,0.0004558019753,7.764631117e+10,14812,31523,12428.32967,35391342.01,16106,2.531237587e+10,17186.24155,1571611.565
2014-05-15,0.0004493551933,7.780818617e+10,16446,31472,14276.35414,34963512.54,17741,2.643739824e+10,15944.35015,1490186.474
2014-05-16,0.0004450572751,7.797368617e+10,12848,28408,10345.56541,34702756.3,14172,1.58135392e+10,27148.26294,1115829.749
2014-05-17,0.0004521996013,7.813881117e+10,13277,30251,11446.59871,35334339.25,14598,1.499482806e+10,26696.28214,1027183.728
2014-05-18,0.0004514322679,7.830143617e+10,13181,48674,16274.56604,35347794.91,14482,6910352124,15484,477168.3555
2014-05-19,0.0004384567597,7.846044619e+10,13668,29710,11543.55986,34401513,14942,1.16343678e+10,29800.92175,778635.2432
2014-05-20,0.0004751613217,7.861432119e+10,14320,30754,16632.37718,37354484.76,15551,1.00932927e+10,12741.5,649044.6083
2014-05-21,0.0004596052585,7.877219619e+10,12143,28785,11123.60591,36204115.59,13406,1.180280818e+10,18183.08902,880412.3659
2014-05-22,0.0004198078687,7.892944619e+10,12607,27264,12406.14596,33135202.58,13865,2.129787095e+10,25797,1536088.781
2014-05-23,0.0004024851183,7.908857119e+10,12317,27260,11180.52918,31831972.93,13590,4.848209658e+10,34072.18885,3567483.192
2014-05-24,0.0004282126541,7.924157119e+10,13010,26827,11088.40747,33932243.51,14234,2.099159198e+10,19225,1474750.034
2014-05-25,0.0004185180949,7.939707119e+10,12343,29574,12146.8292,33229110.98,13587,2.016326095e+10,31064.06183,1484011.257
2014-05-26,0.0003640475263,7.955844619e+10,11784,26338,10860.55193,28963055.53,13075,1.420828665e+10,33716.5,1086675.843
2014-05-27,0.0003903980173,7.971507119e+10,14975,30042,13383.89863,31120605.74,16228,1.905426948e+10,16843.29425,1174160.062
2014-05-28,0.0004024103126,7.98699012e+10,12092,30644,18605.66201,32140471.91,13330,1.03554013e+10,32004.51662,776849.3102
2014-05-29,0.0003866702603,8.002545619e+10,13948,31204,21805.33108,30943463.98,15194,8254427203,21499.58607,543268.8695
2014-05-30,0.000367801576,8.018233119e+10,14110,28241,11097.5839,29491187.78,15365,2.549482139e+10,18260.96768,1659278.971
2014-05-31,0.0003344541823,8.033570619e+10,12265,24925,11448.57427,26868612.92,13492,1.760750511e+10,14675.45891,1305032.99
2014-06-01,0.000404013561,8.049533119e+10,14641,27762,149953.0292,32521205.4,15918,1.749025537e+10,8000,1098772.168
2014-06-02,0.0003957437427,8.065245619e+10,14199,26724,9688.909032,31917704.87,15456,1.183876475e+10,11415.61445,765965.6282
2014-06-03,0.000389224565,8.080983119e+10,16149,28535,12912.7843,31453171.4,17408,1.320245019e+10,6983.245,758412.8098
2014-06-04,0.0003565190437,8.096545619e+10,19047,29482,15075.04062,28865727.01,20292,1.134167429e+10,8270.275326,558923.4326
2014-06-05,0.0003488675431,8.112295619e+10,16605,28983,13177.77072,28301166.41,17865,1.19239643e+10,8776.148223,667448.3236
2014-06-06,0.0003588289454,8.128258119e+10,14583,27402,12020.99403,29166542.89,15860,1.435061675e+10,14000.5,904830.8166
2014-06-07,0.000361385252,8.143958119e+10,13402,26601,11725.37012,29431063.57,14658,1.061375489e+10,16071.72745,724092.9793
2014-06-08,0.0003620362789,8.159545619e+10,15597,27945,13531.33068,29540515.33,16844,1.196344707e+10,12990.04793,710249.7666
2014-06-09,0.0003555290543,8.174670619e+10,12986,27197,14247.65919,29063329.14,14196,1.11368099e+10,12647.5252,784503.3739
2014-06-10,0.0003899182575,8.190795619e+10,13307,39505,16472.56835,31937407.56,14597,1.194962e+10,14334.06508,818635.3362
2014-06-11,0.0004256457455,8.206533119e+10,13050,27345,11037.29614,34930759.08,14309,1.397559744e+10,15292.89556,976699.8004
2014-06-12,0.0003670712554,8.222645619e+10,12237,26818,11069.53289,30182968.5,13526,2.094504088e+10,14761.86734,1548502.209
2014-06-13,0.0003761383498,8.238145619e+10,13325,26533,9849.330807,30986824.99,14565,1.448025977e+10,17664.35012,994181.9272
2014-06-14,0.0003741136501,8.253558119e+10,12772,25022,9838.515011,30877687.54,14005,1.093068445e+10,18702.55878,780484.4307
2014-06-15,0.0003656292808,8.269333119e+10,11511,25884,10040.46396,30235103.21,12773,1.002111046e+10,12434.12464,784554.1736
2014-06-16,0.0003599006597,8.285270619e+10,11881,25728,10227.96278,29818743.62,13156,1.099360145e+10,12723.3822,835634.0418
2014-06-17,0.0003625549607,8.301633119e+10,14545,26943,10637.76771,30097982.69,15854,1.553262737e+10,9551.259425,979729.2402
2014-06-18,0.0003509688798,8.317395619e+10,13781,25904,12361.24723,29191470.23,15042,6477394232,10498.83083,430620.5446
2014-06-19,0.0003479585561,8.333533119e+10,16112,27834,13556.38389,28997241.51,17403,7290478806,9771.53683,418920.8071
2014-06-20,0.0003430882832,8.349945619e+10,12615,25102,10414.2058,28647685.07,13928,4738452499,12514.86432,340210.547
2014-06-21,0.0003497309662,8.365945619e+10,10964,23711,9089.640828,29258302.45,12244,4206834718,14812.5,343583.3648
2014-06-22,0.0003297990485,8.382195619e+10,10457,22809,8231.918782,27644401.39,11757,5086614377,18251.64539,432645.6049
2014-06-23,0.0003184512747,8.398283119e+10,15365,26999,10968.61965,26744439.65,16652,2.139304987e+10,15541.66252,1284713.54
2014-06-24,0.0003022452869,8.414595619e+10,17650,29830,16304.79426,25432718.67,18955,2.029122216e+10,8700.053743,1070494.442
2014-06-25,0.0002642512866,8.431020619e+10,17637,29419,15804.67481,22279080.46,18951,8628235187,11687.44224,455291.815
2014-06-26,0.0002901451666,8.447233119e+10,15742,26247,13461.14788,24509238.6,17039,1.488506949e+10,15901.08981,873588.2091
2014-06-27,0.0002945825479,8.463245619e+10,13891,23597,11828.05861,24931244.58,15172,1.222890289e+10,10620.5,806017.8546
2014-06-28,0.0002734195399,8.479195619e+10,12793,22756,11874.80393,23183777.65,14069,8325037974,15462.06309,591729.19
2014-06-29,0.0002583614229,8.494970619e+10,10708,23573,9526.529478,21947726.97,11970,3276952202,19783.32761,273763.7596
2014-06-30,0.0002718530865,8.511220619e+10,13805,25671,10539.89859,23138015.95,15105,8690507137,15259.67956,575339.7641
2014-07-01,0.0002545446753,8.527545619e+10,12070,23627,9789.310696,21706413.31,13376,8005593734,15318.42213,598504.3162
2014-07-02,0.0002279544217,8.543783119e+10,12764,23271,10185.27156,19475931.4,14063,9639869091,25999.35735,685477.4295
2014-07-03,0.0002262446862,8.559895619e+10,12457,23428,10651.66684,19366308.98,13746,1.191149131e+10,19007.593,866542.3622
2014-07-04,0.0002394490938,8.575758119e+10,12194,23761,11735.45762,20534575.11,13463,1.387958662e+10,21756.05023,1030943.075
2014-07-05,0.0002221592093,8.591695619e+10,10196,20436,7920.705437,19087243.05,11471,6668240479,18005.28452,581312.9177
2014-07-06,0.0002405146071,8.607758119e+10,11104,21438,8371.916811,20702915.62,12389,8531774476,15386.89696,688657.2343
2014-07-07,0.0002242277924,8.623583119e+10,12224,23508,9957.938047,19336470.06,13490,6883548467,13089.14754,510270.4572
2014-07-08,0.0002676362889,8.639133119e+10,11569,22933,9844.32493,23121455.27,12813,8362898584,15027.00757,652688.565
2014-07-09,0.0002749683235,8.654870619e+10,12216,23571,9580.600871,23798152.64,13475,2.631596615e+10,19053.6773,1952947.395
2014-07-10,0.0002651048254,8.670308119e+10,11278,21897,9065.900543,22985405.2,12513,8664959189,15750.2481,692476.5595
2014-07-11,0.0002673263639,8.685783119e+10,11447,22335,9682.726205,23219388.19,12685,5008546657,15148.49449,394840.0991
2014-07-12,0.0002731636939,8.700995619e+10,11830,22781,10059.38686,23767961.04,13047,4588946922,17151.94892,351724.2985
2014-07-13,0.0002702800158,8.716120619e+10,12080,22491,10131.00493,23557932.19,13290,5039133964,21687.94404,379167.3412
2014-07-14,0.0002507601334,8.731183119e+10,12046,22255,8636.008281,21894326.43,13251,7864941065,20520.28574,593535.6626
2014-07-15,0.0002549931866,8.744964369e+10,12534,24579,9606.162095,22299063.31,13837,7169589035,16109.02653,518146.2047
2014-07-16,0.0002367817881,8.753139369e+10,13733,24118,10764.37074,20725839.91,15041,7710816312,13477.26519,512653.1688
2014-07-17,0.0002625056939,8.760883119e+10,12870,22233,8605.924968,22997817.02,14109,5854355017,17169,414937.6297
2014-07-18,0.0002459925547,8.768933119e+10,12762,21250,9737.592307,21570922.6,14050,7112010614,13498.33562,506192.9263
2014-07-19,0.0002666062377,8.776776869e+10,11930,19460,8136.646951,23399434.6,13185,1.225263528e+10,24121.57492,929285.952
2014-07-20,0.0002438469837,8.784876869e+10,15971,26508,9542.888915,21421657.27,17267,6662406908,40046.68799,385846.2332
2014-07-21,0.0002403155279,8.792914369e+10,11766,21936,7607.159208,21130738.59,13052,5274448305,33699.63168,404110.3513
2014-07-22,0.0002169381426,8.800726869e+10,11420,20544,7345.660539,19092133.4,12670,9067717624,36292.01878,715684.1061
2014-07-23,0.000223118214,8.808426869e+10,12641,21959,7813.427815,19653204.71,13873,6968431599,41920.16611,502301.7083
2014-07-24,0.0002159235825,8.816733119e+10,11590,20608,8294.909537,19037406.01,12919,6075745503,16575.10708,470295.3404
2014-07-25,0.00021055248,8.824570619e+10,11956,19955,7885.801286,18580352.29,13210,3374135007,26035.5,255422.7863
2014-07-26,0.0002182558569,8.832301869e+10,9724,18070,6997.761524,19277016.12,10961,3488449009,33747.39743,318260.1048
2014-07-27,0.0002129671599,8.840114369e+10,14777,27079,8112.560143,18826540.5,16027,3971879587,40129.19366,247824.2707
2014-07-28,0.0002046182168,8.847583119e+10,10885,19816,7495.507024,18103766.81,12080,1.716541153e+10,32818.57094,1420977.776
2014-07-29,0.0002046421213,8.855370619e+10,8785,15992,6522.25383,18121818.28,10031,1.415636607e+10,21320,1411261.696
2014-07-30,0.0001921400997,8.862358119e+10,11265,19342,7249.207512,17028143.73,12383,3883962126,31749.00734,313652.7599
2014-07-31,0.0002036914467,8.869833119e+10,10048,18805,7235.711269,18067091.4,11244,5042114225,30943.76676,448427.0922
2014-08-01,0.0002087867787,8.877026869e+10,11376,20154,8503.696125,18534058.45,12527,4260169373,16965.86412,340078.9793
2014-08-02,0.0002064150415,8.884752869e+10,10246,18524,17756.54026,18339466.33,11483,2760419725,17964.86699,240391.8597
2014-08-03,0.0002006382284,8.892115369e+10,13762,23720,9870.448458,17840982.74,14940,7259297897,29930.66149,485896.7803
2014-08-04,0.0002041298469,8.899577869e+10,14290,25792,12831.93824,18166694.68,15484,9147422101,24978.95023,590766.0877
2014-08-05,0.0001861716289,8.907459119e+10,21693,34266,10226.70068,16583161.73,22954,2.43164122e+10,369.6587433,1059354.021
2014-08-06,0.000180028406,8.915227869e+10,14374,20443,11581.23569,16049942.62,15617,1.067608987e+10,23433.1115,683619.7651
2014-08-07,0.0001740596179,8.922815369e+10,13507,20186,11207.09574,15531018.33,14721,5630915688,20127.66757,382509.0475
2014-08-08,0.0001659418441,8.930537272e+10,13952,20668,11106.17945,14819498.23,15187,3832762197,18475,252371.2515
2014-08-09,0.0001592472622,8.938177869e+10,16245,23970,13100.95433,14233803.54,17468,7217561608,14499.84477,413187.635
2014-08-10,0.0001644944544,8.945671619e+10,22110,28179,19277.18525,14715133.73,23309,1.571948119e+10,49661.27433,674395.3489
2014-08-11,0.0001447783902,8.953215369e+10,17766,24288,17205.38935,12962321.08,18973,7522753401,36625.5942,396497.8338
2014-08-12,0.0001675759848,8.960727869e+10,20850,28149,20681.89371,15016027.98,22052,1.929014225e+10,19627.01931,874757.0402
2014-08-13,0.0001533532739,8.968309119e+10,19995,23204,17037.44733,13753195.65,21208,1.484258869e+10,19373.0382,699858.0105
2014-08-14,0.0001422123211,8.975815369e+10,20235,23379,25076.50073,12764715.37,21436,1.223520296e+10,9999,570778.2682
2014-08-15,0.0001265571713,8.983527869e+10,18491,24947,20656.64154,11369298.75,19725,2.340893954e+10,23366.11825,1186764.996
2014-08-16,0.0001304369907,8.991046619e+10,19772,23952,18153.131,11727650.64,20975,1.875783402e+10,11736.17921,894294.828
2014-08-17,0.0001244411647,8.998459119e+10,24710,27522,21960.01405,11197787.34,25896,2.456060787e+10,60607.04666,948432.494
2014-08-18,0.0001078603212,9.006034119e+10,17263,22521,15428.09357,9713937.326,18475,1.772789773e+10,28352.41675,959561.4466
2014-08-19,0.0001156268879,9.013590369e+10,20363,24028,16797.02634,10422134.04,21572,1.921313589e+10,21202.82401,890651.5803
2014-08-20,0.000133931292,9.021177869e+10,19475,23593,18873.30828,12082180.07,20689,8589998742,20251.70091,415196.4204
2014-08-21,0.0001350200416,9.028953869e+10,20205,27573,16724.74839,12190897.27,21450,8208253593,11230.60282,382669.1652
2014-08-22,0.0001032563091,9.036653869e+10,15780,22211,15901.50983,9330915.253,17012,5498810265,12284.05,323231.2641
2014-08-23,0.0001193101823,9.044578869e+10,16189,20332,14927.10508,10791103.53,17457,3831953665,34625.95197,219508.1437
2014-08-24,0.0001321919929,9.052622619e+10,24574,27588,23747.42284,11966842.25,25861,2.61807369e+10,61889.66414,1012363.671
2014-08-25,0.0001151962242,9.060235119e+10,17893,23146,17367.39376,10437048.76,19111,1.887589782e+10,24939.01625,987698.0704
2014-08-26,0.0001508159255,9.067903869e+10,19480,25912,22746.70669,13675843.14,20707,1.636575329e+10,16080.16099,790348.8334
2014-08-27,0.0001395632374,9.075691369e+10,18537,24701,22939.99911,12666328.69,19783,7838936601,8725.281931,396246.1002
2014-08-28,0.0001337377232,9.083697619e+10,17295,24914,21022.96225,12148330.38,18576,6023033015,23783.72541,324237.3501
2014-08-29,0.0001294213052,9.091460119e+10,18387,27022,24063.10807,11766286.34,19629,4948246945,10332.84214,252088.5906
2014-08-30,0.000131268643,9.099141369e+10,15118,20309,19478.78933,11944319.4,16347,3926587433,9914.5,240202.3266
2014-08-31,0.0001314051105,9.106697619e+10,25594,28987,31509.40165,11966666.07,26803,4.198648544e+10,83827.66428,1566484.552
2014-09-01,0.0001320617071,9.114235119e+10,21170,26502,25358.34366,12036414.49,22376,9294622321,56229.87498,415383.5503
2014-09-02,0.0001300344316,9.122110119e+10,19798,26405,70588.71632,11861884.04,21058,9627493638,40350.69884,457189.3645
2014-09-03,0.0001350138857,9.129910119e+10,21042,25474,154671.3041,12326646.41,22290,7051273329,26660.27783,316342.4553
2014-09-04,0.0001615802264,9.137403869e+10,21828,26520,24957.18671,14764237.86,23027,8300534315,17473.73553,360469.6363
2014-09-05,0.0001636936165,9.144985119e+10,21170,26089,25218.91655,14969756.87,22383,8356800339,9398,373354.7933
2014-09-06,0.0002052301022,9.152491369e+10,23684,30239,29391.82924,18783667.39,24885,1.023285703e+10,32167.58834,411205.8282
2014-09-07,0.0001874376662,9.160072619e+10,34512,37668,39837.80797,17169426.34,35725,4.93316684e+10,67808.95075,1380872.454
2014-09-08,0.0001721224217,9.167303869e+10,23115,30029,27929.47982,15778985.42,24272,3.371129841e+10,38489.49125,1388896.605
2014-09-09,0.0001912371723,9.174653869e+10,24017,28128,28515.33544,17545348.63,25193,1.370864024e+10,21590.12684,544144.8118
2014-09-10,0.0001888099048,9.182047619e+10,25736,29880,30348.80071,17336615.37,26919,2.230736128e+10,11680.3743,828684.6197
2014-09-11,0.0002087647515,9.189960119e+10,24792,30680,30533.30117,19185397.4,26058,1.427514251e+10,47499.25885,547821.8785
2014-09-12,0.0002090425252,9.198685119e+10,21741,28918,29060.00568,19229163.66,23137,1.791383804e+10,58107.88376,774250.6826
2014-09-13,0.0002652136167,9.207385119e+10,22839,32030,52320.6633,24419239.08,24231,5.179826863e+10,41639.03345,2137685.966
2014-09-14,0.0003383593809,9.216035119e+10,31765,50065,68449.99102,31183319.37,33149,-8.731896147e+10,38269.74405,2930660.933
2014-09-15,0.0003275816224,9.224660119e+10,34046,41205,57971.74541,30218291.28,35426,-4.071243259e+10,30056.02589,4057895.561
2014-09-16,0.0002900268067,9.233135119e+10,25405,34082,35714.0804,26778566.94,26761,6.578351473e+10,13240.15033,2458185.969
2014-09-17,0.0002745837932,9.241797619e+10,25543,32113,35295.07103,25376478.47,26929,5.630001128e+10,25844.08467,2090683.326
2014-09-18,0.0002982370298,9.250503869e+10,24155,33395,35163.58301,27588427.98,25548,6.812646141e+10,16474.98487,2666606.443
2014-09-19,0.0002745223443,9.259072619e+10,24806,32965,34229.39357,25418223.21,26177,3.718216909e+10,49532.65762,1420413.687
2014-09-20,0.0002936103626,9.267685119e+10,24386,30928,29422.83047,27210883.88,25764,3.319868406e+10,62504.84951,1288568.703
2014-09-21,0.000285174472,9.276247619e+10,33805,38711,44816.68776,26453490.17,35175,2.504411893e+10,64407.4,711986.3235
2014-09-22,0.0002989343329,9.284860119e+10,25862,33135,30957.61751,27755634.66,27240,1.933927156e+10,51078.55167,709958.5741
2014-09-23,0.0003175165517,9.293503869e+10,23973,31763,30421.3502,29508413.02,25356,2.708174145e+10,58099.78731,1068060.477
2014-09-24,0.0003554739516,9.302122619e+10,24880,35722,35044.17736,33066622.86,26259,4.062601992e+10,50142.31647,1547127.458
2014-09-25,0.0003804351979,9.310747619e+10,26125,35070,33260.44311,35421361.13,27505,4.052854477e+10,36185.55654,1473497.356
2014-09-26,0.0004536981709,9.319441369e+10,28473,39711,37778.29034,42282135.03,29864,7.195202643e+10,23946.84388,2409323.146
2014-09-27,0.0003763537096,9.328091369e+10,30604,41784,39561.14438,35106617.9,31988,3.936395866e+10,24490.5,1230585.177
2014-09-28,0.0003854462917,9.336653869e+10,42961,52093,50580.93494,35987786.11,44331,7.186560368e+10,44853.83822,1621113.976
2014-09-29,0.0003907366979,9.345310119e+10,28958,40928,37714.26423,36515556.17,30343,2.408017583e+10,19449.04145,793599.0452
2014-09-30,0.0004015232641,9.353860119e+10,28180,43064,40196.51189,37557924.47,29548,2.549762979e+10,22911.97138,862922.3566
2014-10-01,0.0003731397165,9.362447619e+10,27741,40040,36605.32471,34935010.5,29115,2.001841027e+10,20326.65323,687563.4646
2014-10-02,0.0003325145012,9.369203869e+10,25986,39594,36903.56154,31153961.51,27348,2.080340127e+10,12535.85994,760691.8702
2014-10-03,0.0003162783764,9.373478869e+10,26119,36811,36340.03112,29646286.78,27487,1.992010223e+10,18998.3957,724709.9441
2014-10-04,0.0002925697958,9.377763244e+10,24552,30991,29527.89267,27436502.78,25923,2.101376008e+10,18459.42797,810622.2303
2014-10-05,0.0002829111433,9.382063244e+10,38293,43645,43203.57589,26542902.39,39669,3.108386984e+10,44871.55293,783580.8778
2014-10-06,0.0002854087751,9.386356994e+10,27985,50487,47325.69354,26789486.52,29359,3.564379843e+10,31290.0772,1214067.183
2014-10-07,0.0002937369812,9.390619494e+10,35089,38861,30919.75407,27583722.22,36453,2.876084071e+10,7560.160411,788984.191
2014-10-08,0.0002979025014,9.394941369e+10,26073,40981,37649.89835,27987765.35,27456,3.732042466e+10,39484.749,1359281.201
2014-10-09,0.0002802803162,9.399272619e+10,26378,35706,32632.52566,26344311.02,27764,4.592501758e+10,44806.94242,1654121.077
2014-10-10,0.0002660815875,9.403594494e+10,28232,35269,30729.64664,25021233.51,29615,4.74675965e+10,31267.21755,1602822.776
2014-10-11,0.0002765657494,9.407875744e+10,26344,33832,30277.26045,26018962.06,27714,4.228530353e+10,24847.49072,1525774.105
2014-10-12,0.000290305314,9.412088244e+10,37446,42457,40159.38264,27323792.33,38794,3.301093206e+10,49412.58624,850928.805
2014-10-13,0.0002845952873,9.416347619e+10,27871,35593,31133.82192,26798481.56,29234,4.743120116e+10,31261,1622467.03
2014-10-14,0.0002805601131,9.420594494e+10,25528,33884,28770.5988,26430430.57,26887,6.511882813e+10,50201.44934,2421944.737
2014-10-15,0.0002671001397,9.424853869e+10,25109,38344,31300.94706,25173797.85,26472,6.86954355e+10,26632.05632,2595022.496
2014-10-16,0.0002533922171,9.429163244e+10,34685,38605,33669.10312,23892765.8,36064,-5.864066705e+10,2141.3,3488985.517
2014-10-17,0.000249233671,9.433435119e+10,44660,46758,399700.6964,23511296.65,46027,-4.40507745e+10,786.3891992,3050745.567
2014-10-18,0.0002543405651,9.437750744e+10,27580,41165,35523.38515,24004028.58,28961,-7.859761541e+10,5432.1139,3655599.783
2014-10-19,0.0002350555985,9.442072619e+10,22487,43630,25531.87826,22194120.3,23870,8.565758455e+10,22926.24142,3588503.752
2014-10-20,0.0002275274766,9.446360119e+10,26033,39842,18984037.07,21493064.8,27405,-9.097425507e+10,7623.150932,3411537.517
2014-10-21,0.0002239708291,9.450522619e+10,29331,41229,39070.18474,21166413.86,30663,-5.45560725e+10,4979.1,4236746.836
2014-10-22,0.0002495932911,9.454766369e+10,31311,44512,38226.38373,23598462.54,32669,-6.446957945e+10,31290.4651,3673141.55
2014-10-23,0.0002406243715,9.458994494e+10,27357,39770,32802.81042,22760646.05,28710,8.900523563e+10,24269.32302,3100147.531
2014-10-24,0.0002472757109,9.463291369e+10,24239,35408,28197.70877,23400421,25614,7.195996548e+10,14325,2809399.761
2014-10-25,0.0002417993889,9.467569494e+10,24896,37144,32418.86107,22892525.18,26265,7.737416568e+10,6687.442571,2945903.89
2014-10-26,0.0002462341353,9.471872619e+10,30292,102874,86718.83622,23322983.64,31669,-8.757697253e+10,28193.90217,3059473.561
2014-10-27,0.0002461725554,9.476110119e+10,25238,59518,58994.4154,23327582.43,26594,-7.661336118e+10,39347.7779,4055579.437
2014-10-28,0.0002493424565,9.480378869e+10,24163,35710,28137.6092,23638609.56,25529,-6.745956806e+10,18525.53773,4583331.61
2014-10-29,0.000233092651,9.484644494e+10,23271,38142,27133.4072,22108009.29,24636,9.13965467e+10,20211.12852,3709877.687
2014-10-30,0.0002362811712,9.488950744e+10,22706,34354,31426.57442,22420603.95,24084,5.0472018e+10,9062.886619,2095665.919
2014-10-31,0.000233686677,9.493263244e+10,21899,33966,24735.59417,22184491.41,23279,5.591226327e+10,5503.03803,2401832.693
2014-11-01,0.0002249942762,9.497531994e+10,19826,30561,21586.47486,21368903.37,21192,5.056064302e+10,17227.87573,2385836.307
2014-11-02,0.0002083635123,9.501838244e+10,19372,42205,23101.36425,19798363.9,20750,7.204278862e+10,10103.37179,3471941.62
2014-11-03,0.0002058388627,9.506144494e+10,25191,38314,30268.91226,19567339.71,26569,6.560807016e+10,4749.591294,2469346.613
2014-11-04,0.0002067336253,9.510400744e+10,26982,43284,33965.21982,19661196.24,28344,-8.295688923e+10,4851,3581377.064
2014-11-05,0.0002062591283,9.514703869e+10,26711,43107,42697.16546,19624945.26,28088,-7.254250854e+10,31274,3984795.365
2014-11-06,0.0002226856219,9.518994494e+10,24701,39900,31253.80998,21197432.09,26074,-4.734332182e+10,26626.38136,5259036.546
2014-11-07,0.000202402194,9.523297619e+10,25817,40575,31645.15762,19275363.32,27194,-5.961668123e+10,15883.99586,4591114.198
2014-11-08,0.0002127244118,9.527575744e+10,24138,41105,31663.61674,20267479.46,25507,-6235790572,27922.0366,6987558.324
2014-11-09,0.0002147689653,9.531797619e+10,25153,51798,32895.83873,20471343.12,26504,-8122017395,19716.27894,6653539.969
2014-11-10,0.0002182710248,9.536069494e+10,28424,50880,44021.685,20814476.61,29791,-1566457466,31262.18127,6139471.091
2014-11-11,0.000220246,9.540375744e+10,26136,45050,33258.99095,21012295.96,27514,-3.514367236e+10,42829.05725,5427192.28
2014-11-12,0.0002393359472,9.544669494e+10,29771,49446,37841.38145,22843825.14,31145,-6266958610,31370.17215,5721640.139
2014-11-13,0.0002566315364,9.548956994e+10,27782,46823,35626.28132,24505635.04,29154,6.305845125e+10,31255,2162943.378
2014-11-14,0.0002359325091,9.553278869e+10,28191,48189,36575.456,22539290.53,29574,1.042401924e+10,27725,352472.4163
2014-11-15,0.0002269678487,9.557575744e+10,24856,55392,33405.92956,21692624.05,26231,8.748460768e+10,31296,3335160.981
2014-11-16,0.0002268438179,9.561910119e+10,27139,56694,41417.01579,21690601.98,28526,6.303524704e+10,30740.40766,2209747.144
2014-11-17,0.0002172812498,9.566191369e+10,26207,47558,36400.2893,20785540.17,27577,5.269089049e+10,19042.78085,1910682.471
2014-11-18,0.0002087324977,9.570453869e+10,18932,38189,26256.66614,19976647.4,20296,4.86705278e+10,9442.933531,2398035.465
2014-11-19,0.0002101720253,9.574735119e+10,17619,35418,25523.35665,20123414.72,18989,4.381195985e+10,14231.76365,2307228.387
2014-11-20,0.0002082803361,9.579013244e+10,18970,37876,28102.18092,19951200.98,20339,4.302543353e+10,14864.11475,2115415.386
2014-11-21,0.0002021735897,9.583263244e+10,18255,37064,27127.06429,19374827.31,19615,3.552703531e+10,10617.0705,1811217.706
2014-11-22,0.0002119890762,9.587516369e+10,19770,38119,44517.7976,20324487.38,21131,3.980957314e+10,10001.00022,1883941.751
2014-11-23,0.0002554264483,9.591816305e+10,20745,63679,37872.40809,24500035.71,22121,4.369192153e+10,5637.279117,1975133.2
2014-11-24,0.0002473872012,9.596122555e+10,20042,42269,31095.16984,23739579.01,21420,4.553470602e+10,16868.21521,2125803.269
2014-11-25,0.0002412789516,9.600403805e+10,19547,38338,27058.5925,23163753.65,20917,5.89575462e+10,14977.69147,2818642.549
2014-11-26,0.0002265505608,9.604716305e+10,18776,38056,27452.19455,21759538.65,20156,7.94152747e+10,9151.4103,3940031.489
2014-11-27,0.00024511454,9.608978805e+10,20540,42527,32609.23479,23553004.19,21904,5.311886747e+10,25048.71819,2425076.126
2014-11-28,0.000247464558,9.613253805e+10,19733,39460,28524.63832,23789396.04,21101,4.824742637e+10,27859.81188,2286499.52
2014-11-29,0.0002415960537,9.617553805e+10,20627,57260,36450.64878,23235630.45,22003,5.613062734e+10,25348.57154,2551044.282
2014-11-30,0.0002398642682,9.62178193e+10,20479,52665,28074.39073,23079216.81,21832,5.111083371e+10,20568.29504,2341097.183
2014-12-01,0.0002389448081,9.62605068e+10,19397,45933,29329.53035,23000948.32,20763,6.739672439e+10,25664.45005,3246001.271
2014-12-02,0.0002380490617,9.630241305e+10,20347,41151,26744.11317,22924699.06,21688,6.878746658e+10,16948.9665,3171683.262
2014-12-03,0.0002367128233,9.634435055e+10,24220,47784,34444.32019,22805943.23,25562,6.289408338e+10,9321.23555,2460452.366
2014-12-04,0.0002283017932,9.63875693e+10,20646,41898,28385.834,22005454.91,22029,6.237543035e+10,14474.05943,2831514.383
2014-12-05,0.0002347851413,9.642947555e+10,18896,38990,26121.16882,22640208.04,20237,5.516180514e+10,9675.5,2725789.65
2014-12-06,0.0002258631607,9.64725068e+10,19813,57606,28363.62332,21789585.31,21190,5.853919787e+10,9314.262848,2762586.025
2014-12-07,0.0002292551829,9.651547555e+10,24291,56048,32311.43382,22126673,25666,6.549999347e+10,11978.56589,2552014.084
2014-12-08,0.0002198303975,9.65585068e+10,21386,45561,35113.47439,21226494.93,22763,6.480632057e+10,19100.86715,2847002.617
2014-12-09,0.0002106048188,9.66009443e+10,19360,42161,26306.91905,20344624.37,20718,5.57507966e+10,8837.796377,2690935.255
2014-12-10,0.0002061966217,9.664385055e+10,21407,43049,28271.54386,19927635.49,22780,6.192051567e+10,7289.20715,2718196.474
2014-12-11,0.0002046547773,9.668672555e+10,21253,46890,42974.47818,19787400.28,22625,6.311714865e+10,31280.73969,2789708.227
2014-12-12,0.0002045791909,9.67295068e+10,21331,45526,29337.33088,19788844.24,22700,8.82832749e+10,31942,3889131.053
2014-12-13,0.0001982747317,9.67720693e+10,22231,64114,33305.79471,19187456.08,23593,6.998194068e+10,21777.28837,2966216.279
2014-12-14,0.0001933504771,9.680714742e+10,23010,63646,37119.24811,18717708.14,24378,6.902799915e+10,10050.98943,2831569.413
2014-12-15,0.0001875471708,9.682849117e+10,29515,58581,48042.39354,18159909.57,30881,6.483754161e+10,2075.954767,2099593.33
2014-12-16,0.0001705411712,9.684986617e+10,16298,45554,26024.28017,16516889.61,17666,5.517271234e+10,12997.18002,3123101.57
2014-12-17,0.0001774823925,9.687108492e+10,18456,47249,26612.84404,17192911.92,19814,6.500036592e+10,15627,3280527.199
2014-12-18,0.0001751257027,9.689233492e+10,18338,45821,27650.52061,16968338.24,19698,-8.704051334e+10,10137.855,4946031.445
2014-12-19,0.0001920917424,9.691399117e+10,20479,49777,30699.16563,18616377.43,21865,8.490917081e+10,9161.041823,3883337.334
2014-12-20,0.0002060156262,9.693527242e+10,19175,60710,31358.40197,19970180.85,20537,-8.962708841e+10,5084.45,4618023.681
2014-12-21,0.0001903141527,9.69567568e+10,16939,57232,25241.05549,18452243.02,18314,6.531760049e+10,5099.5,3566539.286
2014-12-22,0.000192669744,9.697817867e+10,15294,38351,21034.74805,18684760.86,16665,5.183816915e+10,5777.547447,3110601.209
2014-12-23,0.000194593064,9.69992568e+10,15531,38520,21433.85462,18875382.59,16880,7.443879429e+10,9066.723467,4409881.178
2014-12-24,0.0001870029441,9.702064742e+10,14913,38013,22206.47774,18143146.7,16282,7.154249201e+10,9184.7092,4393962.168
2014-12-25,0.0001837145032,9.70418818e+10,14052,36149,20002.388,17828001.1,15411,6.545365736e+10,8001.350249,4247203.774
2014-12-26,0.0001926461958,9.706341305e+10,13945,35340,19321.01185,18698897.27,15323,5.857098758e+10,8464.179518,3822422.996
2014-12-27,0.0001819623303,9.70847568e+10,18790,56704,25404.49264,17665768.59,20156,6.519687175e+10,4693.601007,3234613.601
2014-12-28,0.0001834523531,9.710592867e+10,16946,51951,24204.88819,17814311.11,18301,8.312692235e+10,5845.634306,4542206.565
2014-12-29,0.0001782597881,9.712720992e+10,19458,45484,27833.94453,17313875.86,20820,8.137835188e+10,7442,3908662.434
2014-12-30,0.0001773761738,9.714866305e+10,20026,43924,26713.17776,17231858.14,21399,8.874738071e+10,5667,4147267.663
2014-12-31,0.0001870211158,9.717016305e+10,15491,35211,21924.65085,18172872.32,16867,5.707175666e+10,7326,3383634.118
2015-01-01,0.0001813224334,9.719111617e+10,15381,42022,21887.29175,17622929.68,16722,-8.865600859e+10,15630,5729663.446
2015-01-02,0.000183629775,9.721252242e+10,16848,39369,23195.08482,17851113.61,18218,8.186749541e+10,14303.93881,4493769.646
2015-01-03,0.0001663095733,9.723392867e+10,17149,53381,25654.86954,16170933.19,18519,7.777951675e+10,6126.289935,4199984.705
2015-01-04,0.0001569211193,9.72554443e+10,16826,48296,23902.61739,15261433.18,18203,6.253093814e+10,8254.566149,3435199.59
2015-01-05,0.0001606090641,9.727678805e+10,19529,47294,27062.06243,15623533.89,20895,-8.01776882e+10,15627,4991134.364
2015-01-06,0.0001705021104,9.729797555e+10,16179,39402,22040.69569,16589510.16,17535,7.459247156e+10,10324.2889,4253919.108
2015-01-07,0.0001752858702,9.73195068e+10,17500,42995,24892.20403,17058734.44,18878,-9.188612403e+10,11666.14157,4904190.947
2015-01-08,0.0001676591095,9.73407568e+10,21334,44618,28657.29613,16320064.6,22694,-8.382315323e+10,7621.77975,4434841.258
2015-01-09,0.000172116665,9.736224117e+10,21223,47053,29636.3527,16757664.25,22598,-5.630819658e+10,15625.05,5671264.898
2015-01-10,0.0001544541971,9.738366305e+10,18466,45705,28548.63642,15041315.49,19837,8.720698013e+10,15625,4396177.856
2015-01-11,0.0001606095212,9.740483492e+10,16590,68150,26569.95053,15644143.9,17945,5.906217458e+10,7786,3291288.636
2015-01-12,0.0001570480302,9.742639742e+10,17452,46213,24726.12772,15300623.81,18832,6.608098802e+10,7729.03375,3508973.451
2015-01-13,0.0001336923853,9.744803805e+10,16481,45070,25582.52824,13028060.65,17866,3.582150506e+10,7342.34727,2005009.799
2015-01-14,0.0001139960144,9.746991695e+10,16998,44446,26147.78825,11111182.05,18369,3.472640687e+10,9175.643742,1890489.786
2015-01-15,0.0001430869647,9.749105367e+10,19273,57585,39980.89721,13949698.96,20655,7.750690627e+10,9897.35,3752452.494
2015-01-16,0.0001405549724,9.751266305e+10,26507,71368,37610.24872,13705889.66,27890,-7.315280877e+10,28450.7724,3991202.294
2015-01-17,0.0001359831605,9.75341318e+10,36465,94734,45553.50046,13262999.49,37839,5.193037722e+10,45765,1372403.531
2015-01-18,0.0001375858568,9.755555367e+10,27321,74348,36537.21456,13422264.44,28692,7.231120778e+10,19959,2520256.789
2015-01-19,0.0001412104891,9.757697555e+10,39877,93239,51829.21746,13778892.44,41248,6.750713782e+10,9844,1636616.025
2015-01-20,0.0001428619237,9.759839742e+10,25572,64203,36395.69879,13943094.81,26943,7.224800492e+10,7828,2681513.006
2015-01-21,0.0001568143937,9.761961617e+10,38448,87647,49069.79243,15308160.92,39806,-5.035474952e+10,25352.72589,3369157.695
2015-01-22,0.0001551393496,9.764110055e+10,35105,71165,53570.39031,15147976.83,36480,-6.28100006e+10,11879.31547,3334907.899
2015-01-23,0.0001555115077,9.766255367e+10,23413,52454,40592.68587,15187650.96,24786,7.948134306e+10,9986,3206703.101
2015-01-24,0.000166885023,9.76842568e+10,26185,56313,44698.67718,16302039.44,27574,6.648689664e+10,15644.82148,2411216.967
2015-01-25,0.0001673775136,9.77058193e+10,43677,103761,68328.04801,16353757.1,45057,8.858908556e+10,13161.14538,1966155.882
2015-01-26,0.0001647369315,9.77274443e+10,29722,79644,53237.96808,16099319.29,31106,-5.256889818e+10,12877.00659,4240292.63
2015-01-27,0.000157871154,9.774874117e+10,26608,59533,34524.33882,15431706.57,27971,8.882304691e+10,6937.18997,3175540.628
2015-01-28,0.0001422644166,9.77699443e+10,30739,66535,59348.91522,13909184.09,32096,-6.156296467e+10,15646.875,3829277.046
2015-01-29,0.0001425693709,9.779117867e+10,28569,60734,56033.30309,13942026.82,29928,-4.134552413e+10,15668.27956,4782207.852
2015-01-30,0.0001404887623,9.781247555e+10,28589,53517,55033.81225,13741553.63,29952,-6.912829368e+10,15625,3850799.514
2015-01-31,0.0001356691856,9.783386617e+10,33167,76204,69556.69936,13273040.95,34536,-3.792675803e+10,15771.00825,4243128.408
2015-02-01,0.0001434377902,9.785516305e+10,22990,60214,29791.61933,14036128.35,24353,-7.630435051e+10,13671.23885,4441468.822
2015-02-02,0.0001497912051,9.787677242e+10,21157,48660,27475.04427,14661079.7,22540,5.12671428e+10,5698.000391,2274496.131
2015-02-03,0.0001431057719,9.789816305e+10,21513,51165,29624.90812,14009792.19,22882,5.809626707e+10,9636.387107,2538950.576
2015-02-04,0.0001442707881,9.79191943e+10,23623,52990,34630.98372,14126879.34,24969,6.058164795e+10,10046.23026,2426274.499
2015-02-05,0.0001393055966,9.79403818e+10,24876,59352,37678.59469,13643643.32,26232,5.398446287e+10,9640.75,2057962.14
2015-02-06,0.0001425476773,9.796191305e+10,19854,39642,25380.32588,13964243.16,21232,1.302901512e+10,5083.741832,613649.921
2015-02-07,0.000144550567,9.798327242e+10,20189,39358,25612.82032,14163537.58,21556,1.280958057e+10,6420.646014,594246.64
2015-02-08,0.0001418702466,9.800472555e+10,21565,78998,34202.63979,13903954.58,22938,1.59589285e+10,3658.995516,695741.9349
2015-02-09,0.0001397544564,9.80261318e+10,21740,46809,34086.95549,13699588.76,23110,1.025223484e+10,2866.006951,443627.6434
2015-02-10,0.0001406358473,9.804753776e+10,22672,38162,28273.76999,13788998.54,24034,5833181371,9086.249009,242705.3912
2015-02-11,0.0001398422105,9.806891305e+10,19903,37232,24913.07051,13714173.59,21279,1.321831823e+10,7641.735245,621190.7624
2015-02-12,0.0001402081153,9.80902568e+10,21365,37275,26802.79591,13753050.03,22731,1.275035128e+10,5498.994,560923.465
2015-02-13,0.0001439893835,9.811164742e+10,24173,42636,29489.00687,14127035.63,25542,1.728361882e+10,7969.18961,676674.4508
2015-02-14,0.0001539368395,9.813320992e+10,24865,46243,31167.30031,15106316.19,26245,1.790151505e+10,8041.864227,682092.4005
2015-02-15,0.0001416972621,9.81546943e+10,25772,76007,36195.83871,13908251.44,27147,2.925227078e+10,5037.5,1077550.771
2015-02-16,0.0001418418595,9.817591305e+10,23368,41905,30075.79336,13925454.07,24726,2.645984457e+10,4499,1070122.323
2015-02-17,0.0001477344666,9.819727242e+10,23545,40979,30013.40951,14507121.66,24912,2.277376004e+10,5492.637267,914168.2739
2015-02-18,0.0001432651609,9.821883492e+10,23771,40558,29705.91741,14071337.18,25151,2.783782207e+10,5250.239276,1106827.644
2015-02-19,0.0001442866101,9.824039742e+10,23921,40311,31822.98114,14174773.92,25301,2.562245841e+10,6000,1012705.364
2015-02-20,0.0001448324194,9.826177242e+10,24601,41164,31627.37897,14231490.24,25969,3.851598407e+10,6090.630459,1483152.377
2015-02-21,0.0001452929732,9.828305367e+10,25283,59945,31955.49004,14279837.08,26645,4.427759522e+10,6260.909997,1661760.001
2015-02-22,0.0001415984562,9.830470992e+10,27863,61717,37090.15632,13919795.16,29249,5.772926545e+10,5445,1973717.578
2015-02-23,0.0001423635621,9.832589742e+10,41127,66722,49328.72214,13998025,42483,6.240476898e+10,20073.13071,1468935.079
2015-02-24,0.0001422072421,9.83474443e+10,54484,80131,63560.63615,13985718.82,55863,5.476758343e+10,100000.5,980391.0178
2015-02-25,0.000142773495,9.836612555e+10,49480,73865,61372.57778,14044075.54,50845,4.726026917e+10,624750,929496.886
2015-02-26,0.0001418261597,9.837914555e+10,50705,71828,58302.97792,13952736.41,52079,4.062797906e+10,573761,780122.1042
2015-02-27,0.0001462327413,9.839212555e+10,49960,77883,58315.15986,14388150.24,51326,4.237055322e+10,525891,825518.3186
2015-02-28,0.0001463049313,9.840513555e+10,45844,89037,57356.0587,14397156.59,47225,4.309726396e+10,115064.6266,912594.2608
2015-03-01,0.00014807302,9.841819555e+10,44805,85797,54947.37475,14573079.43,46176,5.148307224e+10,81660.52984,1114931.398
2015-03-02,0.0001512421707,9.843127555e+10,52398,79071,60970.65976,14886959.77,53779,7.031904522e+10,401776,1307555.834
2015-03-03,0.000143658251,9.844423555e+10,48113,75561,58909.79536,14142326.7,49478,5.677488874e+10,283057.7534,1147477.439
2015-03-04,0.0001425058492,9.845733555e+10,46995,64277,54628.16968,14030746.21,48372,5.202753499e+10,251107.3008,1075571.301
2015-03-05,0.0001406507759,9.847021555e+10,55395,75809,64409.303,13849912.22,56761,5.404027355e+10,268905,952066.9748
2015-03-06,0.0001410649902,9.848314555e+10,55012,78491,64089.29671,13892523.96,56371,4.784599799e+10,210079,848769.7219
2015-03-07,0.0001405310272,9.849627555e+10,43745,84584,53219.84945,13841782.78,45126,4.524756446e+10,29088.95218,1002693.89
2015-03-08,0.0001397753931,9.850929555e+10,51325,93446,61262.5387,13769175.51,52689,4.168086218e+10,22622.11163,791073.3204
2015-03-09,0.00014443629,9.852235555e+10,55118,82561,66142.8529,14230203.52,56493,2.411586147e+10,11250.78953,426882.2946
2015-03-10,0.0001407457723,9.853514555e+10,37484,64006,48196.27689,13868405.15,38852,5.500600978e+10,1331,1415783.223
2015-03-11,0.0001443251782,9.854809555e+10,38204,64787,55500.66481,14222971.45,39579,4.838973639e+10,10120.28348,1222611.395
2015-03-12,0.0001443194496,9.856089555e+10,43977,63893,52137.36217,14224254.2,45352,3.188202202e+10,20604.75933,702990.4309
2015-03-13,0.0001394494185,9.857368555e+10,50710,77217,61107.66345,13746043.13,52068,3.657598642e+10,13330.87008,702465.7452
2015-03-14,0.0001426998482,9.858656555e+10,42212,76714,52681.13409,14068287.93,43578,3.238283667e+10,2066.69498,743100.5707
2015-03-15,0.0001427188287,9.859931555e+10,34862,69605,46025.85964,14071978.82,36227,5.366420921e+10,1001.575814,1481331.858
2015-03-16,0.0001437300904,9.861224555e+10,34698,56696,43219.56951,14173546.97,36083,6.605905149e+10,1986.384575,1830752.75
2015-03-17,0.0001382820875,9.862482555e+10,31275,53023,38168.42352,13638046.76,32639,5.254633688e+10,2341.5,1609924.841
2015-03-18,0.0001269571264,9.863709555e+10,29423,51171,35721.22396,12522682.21,30766,3.073646722e+10,1641.556556,999040.0838
2015-03-19,0.0001328560948,9.864963555e+10,25766,48244,32764.92446,13106205.33,27135,2.585482949e+10,2545.916409,952822.1666
2015-03-20,0.0001339324154,9.866248555e+10,23613,42125,30107.72818,13214105,24994,2.452734284e+10,1290.5,981329.2325
2015-03-21,0.0001306589179,9.867537555e+10,21577,54263,28733.50965,12892817.79,22937,3.248982234e+10,4012.732801,1416480.897
2015-03-22,0.0001336709211,9.868806555e+10,25880,65805,35485.72164,13191724.63,27248,3.295489118e+10,1814.727558,1209442.571
2015-03-23,0.0001338189285,9.870086555e+10,26370,46171,33627.23059,13208044.07,27728,3.891909798e+10,1466,1403602.783
2015-03-24,0.0001279036213,9.871363555e+10,25051,40674,32713.96452,12625831.45,26415,2.820463496e+10,1552.744808,1067750.708
2015-03-25,0.0001233492151,9.872662555e+10,34770,49036,41007.53473,12177851.77,36144,2.212625733e+10,811.3905593,612169.5809
2015-03-26,0.0001297244592,9.873919555e+10,31233,48842,38084.52188,12808888.75,32601,1.671723694e+10,2035.284543,512782.9495
2015-03-27,0.0001278945723,9.875239555e+10,41462,58224,49213.13691,12629895.4,42847,1.712303412e+10,1297.000442,399632.0424
2015-03-28,0.0001281837414,9.876540555e+10,48555,87592,59777.81743,12660119.2,49939,2.048582831e+10,1406.666086,410217.031
2015-03-29,0.0001257324885,9.877838555e+10,48337,90823,59764.16924,12419652.23,49704,2.582497032e+10,6401.582227,519575.2922
2015-03-30,0.0001279678627,9.879120555e+10,54586,75418,65961.12289,12642099.43,55964,2.837256606e+10,3330.5,506978.8804
2015-03-31,0.0001246775932,9.880398555e+10,61369,76662,69829.55276,12318643.12,62743,2.380325485e+10,5665.136056,379377.0596
2015-04-01,0.0001262557843,9.881665555e+10,69627,87658,80555.83702,12476174.35,70990,5.01236001e+10,4192.851468,706065.6444
2015-04-02,0.0001296730058,9.882974555e+10,60413,77615,71930.53901,12815550.17,61795,2.919281098e+10,8906.345892,472413.8033
2015-04-03,0.0001271077139,9.884276555e+10,71308,88741,80495.9727,12563677.96,72693,2.718847417e+10,1807.987581,374017.7757
2015-04-04,0.0001286962237,9.885547555e+10,53548,87205,64216.7297,12722326.39,54912,2.141171464e+10,1177.959824,389927.787
2015-04-05,0.0001273203225,9.886834555e+10,52373,94042,64779.146,12587949.64,53737,2.158201337e+10,1015.120235,401622.9668
2015-04-06,0.0001233214485,9.888082555e+10,45459,64052,54016.83756,12194126.63,46807,1.266486466e+10,826.2333268,270576.2954
2015-04-07,0.0001221691821,9.889350555e+10,50589,66530,77907.6107,12081738.69,51941,1.510376586e+10,1012.92181,290786.9672
2015-04-08,0.0001166197528,9.890641555e+10,44452,63133,72557.85284,11534441.73,45825,2.908542431e+10,2135.599217,634706.4771
2015-04-09,0.0001159614905,9.891903555e+10,44933,60181,75245.72666,11470798.8,46279,2.455413268e+10,3481.5,530567.4859
2015-04-10,0.0001132533899,9.893181555e+10,55150,74070,85928.33479,11204363.48,56506,2.46846555e+10,1999,436850.1663
2015-04-11,0.000116089593,9.894458555e+10,43312,76066,68272.97466,11486436.67,44677,2.129418518e+10,5967.801781,476625.225
2015-04-12,0.0001137002457,9.895734555e+10,39942,73015,49639.03027,11251474.5,41308,1.691910371e+10,3268.852361,409584.1898
2015-04-13,0.0001077142497,9.897007555e+10,40354,66538,49828.77548,10660487.43,41724,1.838782783e+10,614.5477963,440701.4628
2015-04-14,0.0001036233204,9.898290555e+10,33239,48077,39858.19567,10256937.34,34610,1.993719663e+10,653.2288391,576053.0665
2015-04-15,0.0001046084309,9.899599555e+10,28882,44846,35839.86737,10355815.76,30269,1.655629603e+10,928.779692,546972.0187
2015-04-16,0.0001069357199,9.900876555e+10,28171,42836,34145.61918,10587573.62,29535,1.739068259e+10,798.7154796,588816.0687
2015-04-17,0.0001040669771,9.902175555e+10,23384,37475,29055.27881,10304894.77,24759,1.616613402e+10,9999,652939.6995
2015-04-18,0.0001049970807,9.903445555e+10,21265,52497,28900.82351,10398328.72,22627,2.228151565e+10,2053.142892,984731.323
2015-04-19,0.0001065266555,9.904726555e+10,13477,50668,21553.04256,10551173.94,14831,1.913167495e+10,4801,1289978.757
2015-04-20,0.0001059589644,9.906008555e+10,22185,39260,125667.0926,10496304.07,23547,1.754351901e+10,8621.623688,745042.6384
2015-04-21,0.0001103542838,9.907287555e+10,18507,32213,25834.9105,10933116.22,19875,1.007737352e+10,1457.90937,507037.6613
2015-04-22,0.0001091501226,9.908572555e+10,18701,35624,25940.08351,10815219.09,20071,6697574067,1070.20094,333694.0893
2015-04-23,0.0001113668301,9.909853555e+10,17057,31679,23531.06784,11036289.77,18432,7938553635,1349.065334,430694.0991
2015-04-24,0.0001046426596,9.911137555e+10,17806,33779,23358.43316,10371277.93,19183,8415440382,1639.334038,438692.6123
2015-04-25,9.972296401e-05,9.912408555e+10,19275,48912,26221.01818,9884947.615,20644,1.358436998e+10,933.9005703,658029.9349
2015-04-26,9.762035067e-05,9.913687555e+10,20813,54463,28697.09691,9677776.555,22179,1.880642435e+10,2906.349493,847938.3356
2015-04-27,0.0001048306431,9.914968555e+10,17623,36077,23818.50894,10393925.3,18981,1.627833133e+10,2590.687338,857611.8923
2015-04-28,0.0001006104682,9.916263555e+10,13767,28835,19382.85112,9976799.185,15145,1.340106779e+10,10003,884850.9602
2015-04-29,9.888257121e-05,9.917536555e+10,12180,25001,17907.7655,9806715.146,13544,1.503361888e+10,10003,1109983.674
2015-04-30,0.0001032551182,9.918812555e+10,11555,31795,17601.33556,10241681.62,12925,1.554021593e+10,10008,1202337.79
2015-05-01,9.696173665e-05,9.920103555e+10,17939,33143,21751.50091,9618704.684,19325,2.189926431e+10,1055.246105,1133209.02
2015-05-02,9.864444587e-05,9.921359555e+10,14998,46966,20378.06478,9786870.155,16358,1.618568077e+10,2420.145,989465.7518
2015-05-03,9.165327877e-05,9.922624555e+10,15229,48236,23326.64882,9094410.744,16602,2.418668265e+10,10001,1456853.551
2015-05-04,8.394421864e-05,9.923895555e+10,16325,42455,24184.78194,8330536.582,17693,2.62342601e+10,8338.825,1482747.985
2015-05-05,8.936296375e-05,9.925158555e+10,14431,34451,19489.82873,8869415.841,15804,2.222699942e+10,10895.115,1406416.061
2015-05-06,8.727976838e-05,9.926428555e+10,15283,32979,20296.51945,8663763.851,16664,1.73377794e+10,9269.14,1040433.233
2015-05-07,8.086489058e-05,9.927707555e+10,17863,37717,23121.32888,8028029.851,19246,1.650282746e+10,10004,857467.9132
2015-05-08,8.843402321e-05,9.928989555e+10,12748,30835,17255.34491,8780604.928,14126,1.615301282e+10,10574.26676,1143495.174
2015-05-09,9.186006006e-05,9.930258555e+10,15940,47119,20536.24012,9121941.472,17307,1.700640584e+10,15034.15898,982631.6429
2015-05-10,9.063886483e-05,9.931568555e+10,19075,49551,24872.25289,9001860.998,20467,1.83230824e+10,7997.628316,895250.0316
2015-05-11,9.138894223e-05,9.932851555e+10,20071,43079,26823.06941,9077527.969,21445,2.442653795e+10,2287.03,1139031.847
2015-05-12,0.0001108962326,9.934129555e+10,27970,47795,47437.03737,11016575.42,29341,2.058471957e+10,1020.667649,701568.4389
2015-05-13,0.0001088954656,9.935425555e+10,18330,35506,23193.39255,10819227.92,19714,2.066957979e+10,9595,1048472.141
2015-05-14,0.0001142262731,9.936686555e+10,19358,39324,24033.67744,11350306.72,20722,1.49574116e+10,4252.022086,721813.1263
2015-05-15,0.000116927542,9.937956555e+10,14608,32016,19574.47197,11620208.32,15981,1.272570811e+10,10057.64605,796302.3659
2015-05-16,0.000118050366,9.939236555e+10,16662,48538,22639.2535,11733305.13,18035,1.745254823e+10,18699.19535,967704.3657
2015-05-17,0.0001148280997,9.940532555e+10,18336,51275,24032.89396,11414524.63,19712,1.60933956e+10,20003.3135,816426.3191
2015-05-18,0.0001135872806,9.941830555e+10,17165,35569,22425.8285,11292654.97,18539,1.119304448e+10,10009,603756.6468
2015-05-19,0.0001170802149,9.943113555e+10,18885,37035,23587.25235,11641418.71,20261,1.213266244e+10,10024,598818.5402
2015-05-20,0.0001348916865,9.944410555e+10,19482,42731,26598.48438,13414183.11,20858,1.401752123e+10,30050.00627,672045.3172
2015-05-21,0.0001304799389,9.945682555e+10,11747,30085,17554.60525,12977120.52,13124,1.506592346e+10,10033.19342,1147967.347
2015-05-22,0.0001270959165,9.946967555e+10,11603,28414,16118.73108,12642189.58,12978,1.849547326e+10,10014,1425140.489
2015-05-23,0.0001353652411,9.948262555e+10,12240,86398,19267.83703,13466489.59,13614,1.797438429e+10,10009,1320286.785
2015-05-24,0.0001378488852,9.949547555e+10,12848,96177,21266.47673,13715340.39,14232,5.081417503e+10,9735.821341,3570417.02
2015-05-25,0.0001393962866,9.950823555e+10,13079,32114,18379.94812,13871078.52,14459,1.99625158e+10,8203.239693,1380629.075
2015-05-26,0.0001537393429,9.952089555e+10,10871,31807,17598.94755,15300277.09,12250,1.996836911e+10,10003.065,1630070.948
2015-05-27,0.0001820181035,9.953353555e+10,11985,34745,19736.49995,18116905.37,13364,2.470677717e+10,10017.375,1848756.149
2015-05-28,0.0001826631635,9.954608555e+10,13579,35901,23641.66956,18183402.9,14964,2.603865385e+10,10002,1740086.464
2015-05-29,0.0001712020334,9.955860555e+10,13444,35333,22954.05676,17044635.71,14803,2.609431469e+10,4466.464407,1762772.052
2015-05-30,0.0001608110265,9.957100555e+10,12682,37192,19360.72775,16012115.62,14056,1.909061103e+10,4739.515149,1358182.344
2015-05-31,0.000152097565,9.958364555e+10,12785,47529,18675.00732,15146430,14157,1.429011686e+10,5220.887463,1009402.9
2015-06-01,0.0001464737396,9.959633555e+10,11214,29325,14911.68313,14588247.71,12572,1.740710888e+10,5388.7485,1384593.452
2015-06-02,0.0001610622321,9.960904555e+10,12464,30978,18381.05933,16043255.21,13838,1.731517692e+10,7740.08,1251277.419
2015-06-03,0.0001516550678,9.962170555e+10,10669,28585,15417.90397,15108136.51,12065,1.740456273e+10,10001,1442566.327
2015-06-04,0.0001480964898,9.963445555e+10,12763,30925,18411.0943,14755513.13,14146,1.474759346e+10,10000,1042527.461
2015-06-05,0.0001518889278,9.964738555e+10,23354,33096,29705.79138,15135334.55,24744,2.03167523e+10,5997,821077.93
2015-06-06,0.0001550704536,9.966026555e+10,25897,41552,32267.36842,15454362.59,27286,1.379163926e+10,6261.132333,505447.4552
2015-06-07,0.0001551916023,9.967326555e+10,28020,46390,34592.13683,15468453.78,29397,1.534399224e+10,5551,521957.7588
2015-06-08,0.0001566086646,9.968627555e+10,18491,30684,23879.75798,15611734.49,19872,1.334140416e+10,5994.934616,671366.9566
2015-06-09,0.000159314496,9.969921555e+10,10758,25377,15550.06364,15883530.27,12136,1.184892968e+10,10003,976345.5571
2015-06-10,0.000153052858,9.971205555e+10,9691,23596,14451.83215,15261215.07,11061,1.474460725e+10,10005.17547,1333026.602
2015-06-11,0.000155416396,9.972477555e+10,9865,24470,13910.08266,15498865.21,11240,8960820166,10002,797225.9934
2015-06-12,0.0001573704513,9.973761555e+10,8637,25067,12475.81407,15695753.57,10023,1.352956528e+10,10006.00609,1349851.868
2015-06-13,0.0001626096833,9.975046555e+10,9252,32768,14581.85746,16220391.61,10632,1.276504585e+10,10004.6875,1200625.079
2015-06-14,0.000163676824,9.976333555e+10,10498,38234,16256.75718,16328945.91,11884,2.289500013e+10,10002,1926539.897
2015-06-15,0.0001651743596,9.977616555e+10,10340,25926,14660.55144,16480464.25,11706,2.256899041e+10,10007,1927984.829
2015-06-16,0.0001865951549,9.978901555e+10,11775,25654,17280.54545,18620146.81,13157,2.358997138e+10,10004,1792959.746
2015-06-17,0.000196834769,9.980170555e+10,12428,31245,18289.76345,19644445.66,13801,2.703593731e+10,10001,1958983.937
2015-06-18,0.0001986634223,9.981435555e+10,12530,26400,18976.58827,19829461.47,13917,1.846452687e+10,9995.5,1326760.571
2015-06-19,0.0001989336352,9.982694555e+10,12849,26174,18461.15543,19858937.17,14220,2.003343612e+10,9069.5,1408821.105
2015-06-20,0.0002023753057,9.983952555e+10,9605,32140,16905.17265,20205054.5,10976,1.026781395e+10,8255.255,935478.676
2015-06-21,0.0002005441702,9.985198555e+10,10457,37620,16387.07211,20024733.59,11802,1.002006889e+10,6003.5,849014.4801
2015-06-22,0.0001978144115,9.986469555e+10,10015,26862,13362.19525,19754675.97,11393,1.212422509e+10,8196.072226,1064181.962
2015-06-23,0.0001873996751,9.987736555e+10,10735,31308,20719.4096,18716985.85,12107,2.197315419e+10,10000,1814913.207
2015-06-24,0.0001821169605,9.989009555e+10,12254,30984,24607.24212,18191680.58,13639,2.466392509e+10,10002,1808338.228
2015-06-25,0.0001824523283,9.990256555e+10,11609,30358,19737.26551,18227455.68,12990,1.586609033e+10,9410.25,1221408.031
2015-06-26,0.0001832356998,9.991525555e+10,11056,33381,18365.4404,18308041.77,12422,2.13230139e+10,10001,1716552.399
2015-06-27,0.0001955949524,9.992813555e+10,11669,37223,20735.16877,19545438.92,13054,1.640706459e+10,7080.888107,1256861.084
2015-06-28,0.0001878354796,9.994082555e+10,11430,44033,20570.98978,18772432.9,12804,1.529360011e+10,5009.606088,1194439.246
2015-06-29,0.0001981987567,9.995329555e+10,11297,32682,20643.64532,19810618.91,12668,2.9005623e+10,6145.5,2289676.587
2015-06-30,0.000198765296,9.996573555e+10,11703,32214,20421.9227,19869719.02,13055,1.80410512e+10,6126.752232,1381926.557
2015-07-01,0.0001882319465,9.997806555e+10,9711,26826,13810.15215,18819065.89,11071,1.977799467e+10,10000,1786468.672
2015-07-02,0.000188928663,9.999061555e+10,10133,28550,16474.24665,18891093.31,11505,1.990510534e+10,9515.866,1730126.497
2015-07-03,0.0001902126398,1.000031755e+11,9839,27890,16691.23686,19021868.01,11207,1.673264766e+10,10001.04538,1493053.24
2015-07-04,0.0001933975451,1.000159155e+11,9942,30624,15046.33417,19342832.54,11304,1.552288458e+10,10001,1373220.504
2015-07-05,0.000197327316,1.000287555e+11,11570,43485,19263.82752,19738405.85,12953,2.338262645e+10,8078.981087,1805190.03
2015-07-06,0.0001867408013,1.000414755e+11,11171,30175,20198.99544,18681825.31,12554,1.742289231e+10,9134.241812,1387835.933
2015-07-07,0.0001848996145,1.000539455e+11,10314,24122,14953.45347,18499935.96,11685,1.613958443e+10,10002,1381222.458
2015-07-08,0.0001872796331,1.000667355e+11,10224,25648,15530.53195,18740461.52,11609,1.614357802e+10,10002,1390608.839
2015-07-09,0.0001927412073,1.000795855e+11,10564,28016,18532.30021,19289460.15,11932,1.981261187e+10,9049.000896,1660460.264
2015-07-10,0.0002024206366,1.000927855e+11,11240,28432,18302.03927,20260845.37,12627,3.3381919e+10,10001,2643693.593
2015-07-11,0.000199166592,1.001059155e+11,12285,39592,18499.02764,19937754.03,13666,1.940400292e+10,7119.772071,1419874.354
2015-07-12,0.0002118933313,1.001190355e+11,12043,42057,24513.02958,21214555.97,13420,2.256910224e+10,7414.665,1681751.285
2015-07-13,0.0001925772146,1.001321855e+11,11573,29659,17352.26933,19283177.38,12955,2.432195349e+10,9421.11194,1877418.255
2015-07-14,0.0001907685847,1.001453255e+11,11611,26606,15835.60152,19104582.02,12989,2.310263034e+10,10006,1778630.406
2015-07-15,0.0001886895861,1.001585155e+11,11623,23189,18422.61643,18898868.84,12998,1.554793016e+10,10003,1196178.655
2015-07-16,0.0001729296702,1.001716155e+11,12175,27756,19491.61056,17322644.44,13552,2.349157434e+10,10007.35625,1733439.665
2015-07-17,0.0001777737439,1.001845755e+11,11817,24386,21600.14189,17810187.08,13182,2.266492071e+10,10006,1719384.063
2015-07-18,0.0001816744996,1.001974455e+11,11820,24115,19153.27101,18203320.78,13178,1.582311261e+10,10001,1200721.855
2015-07-19,0.0001736752463,1.002102755e+11,12851,43409,17725.65367,17404044.28,14216,2.35298099e+10,6384.27625,1655163.893
2015-07-20,0.000175425843,1.002233755e+11,12317,22083,15471.41824,17581770.14,13691,1.664000426e+10,10002,1215397.287
2015-07-21,0.0001737899735,1.002366455e+11,12182,20440,14629.061,17420123.97,13562,1.202513379e+10,10001.02388,886678.4983
2015-07-22,0.0001868830656,1.002497055e+11,12758,25250,16730.21469,18734972.3,14126,2.004979346e+10,10002,1419353.919
2015-07-23,0.0001783794843,1.002626155e+11,11559,25662,16120.52983,17884793.65,12933,1.780529646e+10,10002,1376733.663
2015-07-24,0.0001889370252,1.002756356e+11,11211,25036,18256.21995,18945780.29,12582,1.796660493e+10,10003,1427960.971
2015-07-25,0.0001890064756,1.002887155e+11,11671,28337,20605.78641,18955216.67,13048,1.548113578e+10,10001,1186475.765
2015-07-26,0.0001896173316,1.003018255e+11,13561,45902,19370.79766,19018964.51,14929,1.224671628e+10,6705.560976,820330.6504
2015-07-27,0.0001872261155,1.003144555e+11,12763,29191,20013.90149,18781485.84,14125,2.224166124e+10,9983.267735,1574630.884
2015-07-28,0.0001902085713,1.003275955e+11,13467,27737,18593.90019,19083168.61,14839,1.950788521e+10,10002,1314636.108
2015-07-29,0.0001856417534,1.003405755e+11,12272,27130,23039.20669,18627400.38,13646,1.852664432e+10,10012.7,1357661.17
2015-07-30,0.0001870544169,1.003536655e+11,12216,26663,16890.19533,18771596.39,13591,1.158466369e+10,10010.285,852377.5799
2015-07-31,0.0001854458454,1.003665455e+11,12317,25243,23772.00214,18612558.89,13685,1.443094218e+10,10010,1054508.014
2015-08-01,0.0001771126133,1.003793855e+11,12789,33088,18059.72273,17778455.29,14144,1.748960619e+10,10001,1236538.899
2015-08-02,0.0001748055795,1.003923955e+11,14651,45179,26962.63533,17549150.88,16027,1.686229633e+10,9878.999413,1052118.071
2015-08-03,0.0001776250178,1.004053255e+11,13600,25631,19143.64698,17834497.73,14961,1.597531187e+10,10006,1067797.063
2015-08-04,0.0001750625396,1.004183351e+11,13769,24074,17186.05109,17579488.78,15152,2.001502347e+10,10007,1320949.279
2015-08-05,0.0001739925519,1.004311755e+11,12873,24332,18067.90902,17474276.52,14233,1.821753113e+10,10002,1279950.195
2015-08-06,0.0001716954513,1.004440855e+11,13315,27551,17543.47995,17245792.6,14689,2.036735086e+10,10006,1386571.642
2015-08-07,0.0001713941595,1.004571855e+11,13454,44366,21519.7836,17217774.88,14831,1.687473908e+10,10035.76261,1137801.839
2015-08-08,0.0001576809821,1.004699155e+11,13529,40458,25443.82505,15842194.95,14893,1.573908384e+10,10017,1056810.84
2015-08-09,0.000165315301,1.004829555e+11,15565,41827,20217.6482,16611370.04,16943,2.24800703e+10,10005,1326805.778
2015-08-10,0.0001625222678,1.004959655e+11,14403,28574,21937.7987,16332832.23,15778,2.808454285e+10,10013,1779981.167
2015-08-11,0.000165395935,1.005090055e+11,13457,23922,15796.58839,16623780.95,14846,1.998362345e+10,10012,1346061.124
2015-08-12,0.0001613308977,1.005218655e+11,13527,27620,19410.24232,16217282.8,14909,1.505472142e+10,10004,1009774.057
2015-08-13,0.0001573807535,1.005346955e+11,13261,23410,18220.2941,15822226.14,14638,9732569407,10007,664883.8234
2015-08-14,0.0001584129623,1.005474855e+11,11665,24204,16379.17484,15928025.04,13047,1.319391653e+10,10004.44453,1011260.56
2015-08-15,0.000152638188,1.005601355e+11,19423,47699,24972.45611,15349316.87,20807,1.604414793e+10,18209.43367,771093.7631
2015-08-16,0.0001487473707,1.005728355e+11,27696,64399,33388.7409,14959944.85,29065,1.979724796e+10,20077.25,681137.0361
2015-08-17,0.0001503206334,1.005853155e+11,13478,27854,21345.06276,15120048.35,14833,2.171794209e+10,10000,1464163.83
2015-08-18,0.0001242270441,1.005982555e+11,13694,24282,18216.04085,12497023.93,15080,1.971304298e+10,10007,1307230.967
2015-08-19,0.0001298473826,1.006108655e+11,11371,20173,13827.61933,13064057.55,12715,1.542542458e+10,10007,1213167.485
2015-08-20,0.0001370430609,1.006239955e+11,11227,22167,15040.09106,13789820.35,12615,1.285019045e+10,10008,1018643.714
2015-08-21,0.0001432287637,1.006370055e+11,10984,21205,14439.97126,14414113.89,12361,1.992481531e+10,10002.55,1611909.66
2015-08-22,0.0001454938226,1.006500855e+11,12505,31382,17105.81784,14643965.69,13894,1.96036297e+10,9946.391016,1410942.111
2015-08-23,0.0001406829361,1.006631555e+11,12670,38008,18400.33811,14161588.28,14050,2.237143549e+10,10000,1592272.989
2015-08-24,0.0001298475151,1.006760355e+11,11288,23605,15346.9526,13072533.04,12654,1.900389675e+10,10006,1501809.448
2015-08-25,0.000130392621,1.006888455e+11,10900,24168,14368.37581,13129082.48,12272,1.665171145e+10,10001.88,1356886.526
2015-08-26,0.0001340900181,1.007017355e+11,10833,41544,15324.60729,13503097.54,12199,1.267011604e+10,10001,1038619.235
2015-08-27,0.0001307411699,1.007147355e+11,10237,20962,13812.73633,13167562.35,11606,1.203015159e+10,10003,1036545.889
2015-08-28,0.00013247437,1.007276755e+11,10181,21638,12928.2069,13343835.36,11550,1.68537632e+10,10002,1459200.277
2015-08-29,0.0001302479074,1.007407055e+11,11388,30008,15294.97938,13121266.09,12764,2.265480322e+10,10000,1774898.403
2015-08-30,0.0001295664645,1.007533055e+11,11861,36504,16527.87699,13054249.59,13226,2.543470295e+10,3014.065,1923083.544
2015-08-31,0.0001273116648,1.007664255e+11,11217,22794,15705.89358,12828741.4,12605,2.016944059e+10,10000,1600114.288
2015-09-01,0.0001274505456,1.007793355e+11,10628,20285,13535.27415,12844381.3,12007,1.377379109e+10,9091.024537,1147146.755
2015-09-02,0.0001262158309,1.007924555e+11,11838,20714,14686.25102,12721603.52,13223,1.918347599e+10,8084.959184,1450765.786
2015-09-03,0.0001213127466,1.008054555e+11,10544,18691,40074.25956,12228986.69,11922,2.098052198e+10,10008,1759815.633
2015-09-04,0.0001243408319,1.008182955e+11,10351,20249,12757.09143,12535830.74,11725,1.250910495e+10,10001,1066874.623
2015-09-05,0.0001302468201,1.008310855e+11,12534,31401,16847.40514,13132928.26,13898,1.351185155e+10,6433.852128,972215.5382
2015-09-06,0.0001306993304,1.008440355e+11,13632,36909,17957.54934,13180247.92,15006,2.203149626e+10,7706.836059,1468179.146
2015-09-07,0.0001299111486,1.008570655e+11,16385,24859,20015.44166,13102457.23,17756,1.199963613e+10,10030.6475,675807.3964
2015-09-08,0.0001309219858,1.008702355e+11,13912,24278,16861.19061,13206131.55,15284,1.594029925e+10,10013.85,1042940.281
2015-09-09,0.0001287906433,1.008831655e+11,11288,20318,13599.72919,12992807.79,12667,1.740484429e+10,8460.355585,1374030.496
2015-09-10,0.0001270892093,1.008964355e+11,9781,17566,11816.5551,12822848.22,11159,2.658400313e+10,10001,2382292.6
2015-09-11,0.0001282578918,1.009094855e+11,10465,20934,12944.00905,12942437.88,11841,1.359961267e+10,7628.359203,1148518.932
2015-09-12,0.0001267409418,1.009223455e+11,11720,21108,13822.00116,12790993.12,13081,1.262372287e+10,10000,965042.6472
2015-09-13,0.000122525348,1.009354155e+11,13408,43487,19361.73141,12367146.92,14779,1.985622852e+10,3383.909199,1343543.442
2015-09-14,0.0001226104718,1.009483855e+11,11095,22248,16444.1844,12377329.18,12455,2.46737102e+10,10001,1981028.519
2015-09-15,0.0001243531885,1.009615555e+11,9853,19646,11969.60281,12554891.35,11233,1.280778833e+10,8999,1140193.032
2015-09-16,0.0001218036398,1.009746355e+11,10260,18655,12624.72062,12299078.13,11638,1.842637553e+10,10001,1583293.996
2015-09-17,0.0001251634725,1.009878155e+11,10252,20628,13339.8304,12639985.68,11629,2.393788139e+10,10004,2058464.304
2015-09-18,0.0001251943716,1.010008855e+11,10513,19589,15430.42656,12644742.4,11887,2.22463835e+10,10001,1871488.475
2015-09-19,0.0001254501491,1.010139555e+11,11477,20544,14866.39561,12672215.78,12859,1.926077946e+10,10005,1497844.269
2015-09-20,0.0001271264167,1.010269255e+11,13166,43583,18741.76485,12843191.04,14548,1.617095521e+10,5597.477769,1111558.648
2015-09-21,0.0001275090835,1.010399455e+11,13803,23657,18631.52671,12883510.86,15181,2.241250666e+10,3298.101744,1476352.457
2015-09-22,0.0001255825603,1.010527755e+11,11450,21630,17884.32849,12690466.28,12812,2.378697195e+10,10004,1856616.606
2015-09-23,0.0001213315039,1.010660255e+11,10685,20270,15124.80208,12262492.87,12059,1.20082967e+10,10001,995795.398
2015-09-24,0.000123410653,1.010791955e+11,10739,17539,13543.17913,12474249.53,12124,1.126454174e+10,6732.5,929110.9978
2015-09-25,0.0001226289073,1.010921355e+11,11049,20117,13815.60172,12396818.12,12416,1.5872396e+10,10000,1278382.41
2015-09-26,0.000121260975,1.011051955e+11,11495,30837,15081.05575,12260114.59,12873,1.289268894e+10,10001,1001529.476
2015-09-27,0.0001195136538,1.011183155e+11,12961,37266,17919.6925,12085019.36,14344,1.651678207e+10,3788.21757,1151476.72
2015-09-28,0.0001243491436,1.011312155e+11,10666,20311,13333.32609,12575580.05,12043,1.211351941e+10,9999,1005855.635
2015-09-29,0.0001210595395,1.011444655e+11,10798,18395,13637.26948,12244502.43,12187,2.393542948e+10,9936.214948,1964013.25
2015-09-30,0.0001212624533,1.011576555e+11,10953,21526,13520.42542,12266625.48,12324,1.827698825e+10,10002,1483040.267
2015-10-01,0.0001226492293,1.011705855e+11,11030,20959,13790.49916,12408494.35,12409,1.331443736e+10,10001,1072966.183
2015-10-02,0.0001211826528,1.011834755e+11,10970,20228,13339.98755,12261681.99,12332,1.215336171e+10,9474.834731,985514.248
2015-10-03,0.0001225191953,1.011973155e+11,11700,29999,22059.52167,12398613.67,13084,1.187294245e+10,10001,907439.8085
2015-10-04,0.0001214636942,1.012111655e+11,13801,45801,19455.74976,12293482.06,15186,2.086527705e+10,4542.387529,1373981.104
2015-10-05,0.0001175826223,1.012246655e+11,11803,25041,16564.40898,11902261.62,13153,1.699039833e+10,10000,1291750.804
2015-10-06,0.0001195880443,1.012384355e+11,11119,22042,13951.06346,12106906.51,12496,1.359200915e+10,8427.390557,1087708.799
2015-10-07,0.0001176577024,1.012522355e+11,10451,23923,13186.24343,11913105.4,11831,1.181176561e+10,10000,998374.2377
2015-10-08,0.0001168094162,1.012658255e+11,10422,23644,13459.99902,11828801.96,11781,1.536082014e+10,10003,1303863.861
2015-10-09,0.0001185981424,1.012795655e+11,10858,21287,13708.37404,12011568.33,12232,1.514381624e+10,9645.640238,1238049.071
2015-10-10,0.0001181336151,1.012934955e+11,13232,34851,26247.358,11966166.82,14625,1.54621721e+10,6028.557101,1057242.537
2015-10-11,0.0001216621047,1.013072055e+11,13080,43581,18339.19772,12325247.84,14451,1.334950534e+10,4971.89255,923777.2709
2015-10-12,0.0001183774112,1.013209955e+11,11448,21936,16425.98317,11994117.16,12827,7851965282,10000,612143.5474
2015-10-13,0.0001189622592,1.013347055e+11,11142,21847,13892.2931,12055005.51,12513,7511322532,8528.236381,600281.5098
2015-10-14,0.0001196967434,1.013484155e+11,10477,20341,13957.77166,12131075.29,11848,1.321731197e+10,10001,1115573.258
2015-10-15,0.0001185279665,1.013622055e+11,10944,23244,13824.67651,12014256.11,12323,1.441821004e+10,10001,1170024.348
2015-10-16,0.0001192514678,1.013759755e+11,11903,23182,14864.06428,12089233.89,13280,1.760255334e+10,10001,1325493.475
2015-10-17,0.0001206631638,1.013898455e+11,15040,35248,19460.22661,12234019.54,16427,1.349826065e+10,10003,821711.8558
2015-10-18,0.0001173288221,1.014035555e+11,14666,42987,20118.13996,11897559.73,16037,1.951126283e+10,6534.01241,1216640.446
2015-10-19,0.0001162339413,1.014174455e+11,13534,25856,17044.32919,11788149.42,14923,1.163750928e+10,10022.881,779837.1162
2015-10-20,0.0001164722396,1.014311855e+11,13705,25800,17587.11934,11813917.34,15079,2.380502281e+10,10007,1578687.102
2015-10-21,0.0001157530035,1.014450055e+11,14357,27464,28503.61748,11742564.08,15739,2.317808278e+10,10023.96727,1472652.823
2015-10-22,0.0001190619662,1.014587955e+11,14294,23323,16913.39725,12079883.68,15673,1.56774812e+10,10007,1000285.919
2015-10-23,0.0001141056434,1.014725355e+11,15421,25225,18667.1247,11578588.96,16795,3.102829922e+10,10011,1847472.416
2015-10-24,0.0001142314739,1.014864455e+11,17643,36894,22759.92641,11592946.26,19034,1.980745035e+10,10035.27755,1040635.198
2015-10-25,0.0001128229979,1.015001755e+11,17643,44546,22972.34795,11451554.09,19016,1.982734766e+10,9605.330983,1042666.579
2015-10-26,0.0001147190552,1.015139855e+11,15379,27179,24003.25757,11645588.51,16760,2.15600574e+10,10005,1286399.606
2015-10-27,0.0001160579345,1.015278355e+11,12970,24488,16780.13009,11783110.89,14355,1.620539376e+10,10003,1128902.387
2015-10-28,0.0001213634488,1.015416255e+11,12720,24564,17245.27517,12323441.87,14099,1.859643958e+10,10000,1318989.969
2015-10-29,0.0001317660682,1.015555555e+11,12235,21321,15748.28327,13381576.26,13628,1.940349999e+10,10006.003,1423796.595
2015-10-30,0.0001406650484,1.015694155e+11,12489,24010,18207.79516,14287266.76,13875,1.361171928e+10,10004,981024.813
2015-10-31,0.0001339420086,1.015831955e+11,14690,35943,19404.50181,13606257.26,16068,1.280148999e+10,10003,796707.1188
2015-11-01,0.0001352740285,1.015969355e+11,13289,41278,17916.4658,13743426.75,14663,1.739677438e+10,7784.015397,1186440.318
2015-11-02,0.0001421406673,1.016106955e+11,13708,28545,21339.95298,14443012.07,15084,3.015216365e+10,10004.36,1998950.122
2015-11-03,0.0001456566997,1.016243555e+11,12457,23543,16507.33364,14802268.24,13823,1.890766456e+10,10008,1367840.885
2015-11-04,0.0001359661838,1.016380755e+11,12506,24865,17145.63445,13819341.26,13878,2.58755888e+10,10012,1864504.165
2015-11-05,0.0001399719519,1.016517455e+11,12870,20347,25773.41857,14228393.23,14237,1.956651149e+10,10015.00195,1374342.311
2015-11-06,0.0001374607987,1.016655255e+11,13036,32295,17992.57439,13975024.34,14414,1.481694419e+10,10001.9387,1027955.057
2015-11-07,0.0001304087363,1.016792763e+11,13047,25034,17596.01954,13259865.92,14422,1.459763571e+10,10004,1012178.318
2015-11-08,0.0001325176829,1.016928455e+11,13652,41327,18695.8119,13476100.26,15009,3.626218215e+10,10000,2416029.192
2015-11-09,0.0001327599784,1.017067055e+11,10194,24838,14389.50369,13502580.03,11580,2.384762987e+10,7497.908604,2059380.818
2015-11-10,0.0001185371512,1.017205855e+11,16152,21002,19383.68718,12057668.43,17540,2.696953039e+10,22206.21365,1537601.505
2015-11-11,0.0001224547865,1.017343955e+11,13666,24058,23135.97611,12457863.68,15047,2.31175512e+10,13248.84772,1536356.164
2015-11-12,0.0001270642475,1.017482155e+11,14023,21271,18255.21818,12928560.45,15405,2.308196673e+10,12733.47323,1498342.533
2015-11-13,0.0001289606499,1.017620855e+11,12972,18804,16337.71389,13123304.69,14359,2.366407011e+10,10521.925,1648030.511
2015-11-14,0.000126852917,1.017758855e+11,13655,34080,17937.51452,12910567.97,15035,1.620394737e+10,10005,1077748.412
2015-11-15,0.0001243663622,1.017896355e+11,14356,45042,19688.36786,12659206.68,15731,2.025129906e+10,9031.502035,1287349.759
2015-11-16,0.0001297151391,1.018034055e+11,15664,27785,22259.16148,13205442.91,17041,2.919476311e+10,13118.93195,1713207.154
2015-11-17,0.0001329787708,1.018172555e+11,15408,23421,19110.20613,13539533.49,16793,1.849704838e+10,19999,1101473.732
2015-11-18,0.0001331454978,1.018309955e+11,13493,25528,17634.43757,13558338.59,14867,2.421030704e+10,10008,1628459.477
2015-11-19,0.0001299899535,1.018447055e+11,12574,20649,15205.77882,13238788.54,13945,2.055816608e+10,10009.008,1474232.06
2015-11-20,0.0001286767668,1.018585555e+11,12167,26060,15212.55406,13106829.6,13552,1.811149704e+10,10002,1336444.587
2015-11-21,0.0001288035474,1.018722855e+11,13664,34243,17521.50608,13121511.76,15037,1.434680739e+10,10002.91934,954100.3785
2015-11-22,0.000128016419,1.018861055e+11,14604,42578,19556.2788,13043094.37,15986,2.426081417e+10,4609.047625,1517628.811
2015-11-23,0.0001282156149,1.018998155e+11,15482,21555,19490.59033,13065147.51,16853,1.242869533e+10,10055.37,737476.7297
2015-11-24,0.0001254759409,1.019135355e+11,15250,21975,18339.41808,12787696.76,16622,1.099479449e+10,14109.83786,661460.3834
2015-11-25,0.0001286892348,1.019271855e+11,16801,22301,20652.04432,13116931.51,18166,2.655741566e+10,17193.5,1461929.74
2015-11-26,0.0001334807794,1.019409755e+11,16446,23680,19750.26327,13607160.87,17825,2.199418214e+10,10045.20064,1233895.211
2015-11-27,0.0001269939178,1.019547855e+11,16373,25257,19975.74511,12947637.65,17754,2.355833041e+10,15639.62423,1326930.855
2015-11-28,0.0001299385507,1.019686055e+11,19015,38786,25602.22704,13249652.82,20397,2.959963693e+10,13190.32423,1451176.003
2015-11-29,0.0001316246853,1.019823455e+11,18594,43694,24412.34914,13423394.14,19968,2.565829196e+10,10000,1284970.551
2015-11-30,0.0001270061282,1.019961655e+11,16859,31721,26456.91361,12954138.08,18241,2.925337409e+10,10024.18,1603715.481
2015-12-01,0.0001215342434,1.020098755e+11,16289,24487,29414.48238,12397693.04,17660,2.739075274e+10,11658.55495,1551005.252
2015-12-02,0.0001237942025,1.020237255e+11,12684,22804,15749.2561,12629945.74,14069,2.859692353e+10,10004,2032619.485
2015-12-03,0.0001254772843,1.020374755e+11,13600,20339,16454.85123,12803385.33,14975,2.493653522e+10,10016,1665211.033
2015-12-04,0.0001240613261,1.020513055e+11,12675,19540,15770.29275,12660620.3,14058,2.901022392e+10,10006.23824,2063609.611
2015-12-05,0.0001260521504,1.020651755e+11,16341,36356,20874.95753,12865534.86,17728,3.415200218e+10,6729.979259,1926444.166
2015-12-06,0.0001235198843,1.020788055e+11,17887,44109,22819.60428,12608762.25,19250,3.362941129e+10,10005.03,1746982.405
2015-12-07,0.0001246846427,1.020927155e+11,15462,30806,20665.9279,12729393.76,16853,2.608636201e+10,10000,1547876.462
2015-12-08,0.0001292935923,1.021065255e+11,12864,30872,17260.43885,13201719.48,14245,3.355906467e+10,10007,2355848.695
2015-12-09,0.0001344970274,1.021204055e+11,15032,29846,20455.17003,13734890.98,16420,2.757394511e+10,10011,1679290.201
2015-12-10,0.000133937272,1.021341855e+11,13057,27219,18382.7584,13679574.19,14435,3.739374812e+10,10008,2590491.73
2015-12-11,0.0001416252599,1.021478455e+11,13145,27728,18579.8645,14466715.18,14511,3.636160022e+10,10012.02,2505795.618
2015-12-12,0.0001322401036,1.021617155e+11,16160,35738,21948.0047,13509875.85,17547,2.639511726e+10,10012,1504252.423
2015-12-13,0.0001308769545,1.021757555e+11,14130,36596,21136.61188,13372451.71,15534,2.837469831e+10,10008,1826618.921
2015-12-14,0.0001345422462,1.021894855e+11,15052,37162,21866.68459,13748802.93,16425,2.248968047e+10,10011.86,1369234.732
2015-12-15,0.0001366708635,1.022033255e+11,14909,32861,21464.83136,13968216.76,16293,2.920912165e+10,10266.9997,1792740.542
2015-12-16,0.0001344141009,1.022171855e+11,15185,29939,21638.03402,13739431.09,16571,3.039824635e+10,12065.60945,1834424.377
2015-12-17,0.000138190977,1.022309555e+11,14096,27407,19735.38783,14127395.63,15473,3.170520197e+10,10024,2049066.243
2015-12-18,0.0001406895994,1.022448255e+11,13109,25467,18546.96982,14384783.55,14496,2.45348515e+10,10051.095,1692525.628
2015-12-19,0.0001391585089,1.022586955e+11,16355,42037,22916.90967,14230167.59,17742,2.756380239e+10,10014,1553590.485
2015-12-20,0.0001308539358,1.022725655e+11,17732,51491,25842.64212,13382767.72,19119,3.139512524e+10,10010.16607,1642090.342
2015-12-21,0.0001319363495,1.022864055e+11,15688,33490,29536.80691,13495294.95,17072,2.918922101e+10,10016.94705,1709771.615
2015-12-22,0.000129741878,1.023003455e+11,13913,23842,18785.78591,13272638.95,15307,2.710119275e+10,10013.55211,1770509.75
2015-12-23,0.0001357336269,1.023141855e+11,14847,20929,18468.00266,13887475.48,16231,2.396952078e+10,10027.24673,1476774.122
2015-12-24,0.0001393595381,1.023279655e+11,13509,23357,17051.49787,14260378.01,14887,3.159641318e+10,10094.65016,2122416.416
2015-12-25,0.0001386887425,1.023418555e+11,13759,26029,17361.14841,14193663.25,15148,2.540349523e+10,10002,1677019.754
2015-12-26,0.0001368559688,1.023557855e+11,15995,36262,20864.79055,14008000.19,17388,2.892473388e+10,10001,1663488.261
2015-12-27,0.0001406131282,1.023695755e+11,20287,57641,31394.23395,14394506.25,21666,1.654240223e+10,5877,763518.9805
2015-12-28,0.0001326618764,1.023833755e+11,16952,37036,24091.23833,13582370.71,18332,1.858552418e+10,4258.052421,1013829.598
2015-12-29,0.0001362957073,1.023972755e+11,17278,26625,25679.68262,13956309.1,18668,2.857081161e+10,12564.39522,1530469.874
2015-12-30,0.0001346522774,1.024110755e+11,23050,31458,28316.41963,13789884.55,24430,3.321672394e+10,23287.5,1359669.421
2015-12-31,0.0001359946021,1.024246657e+11,16515,25549,21262.31216,13929201.65,51984,8.861130283e+10,15837.16541,1704588.005
2016-01-01,0.0001370617747,1.024386057e+11,12295,25800,17390.74526,14040417.09,41067,7.773422375e+10,10008.41888,1892863.461
2016-01-02,0.0001367995186,1.024525757e+11,17384,42295,22512.8759,14015463.03,36607,5.352570758e+10,11402.83128,1462171.376
2016-01-03,0.0001359789933,1.024664057e+11,18998,55174,27897.054,13933278.69,20381,3.414826761e+10,10005,1675495.197
2016-01-04,0.0001350759739,1.024801757e+11,18727,34817,26473.25159,13842609.53,20104,2.879501455e+10,10023,1432302.753
2016-01-05,0.0001375042898,1.024941057e+11,14689,32522,19455.17451,14093379.21,16082,2.445489673e+10,10030.851,1520637.777
2016-01-06,0.0001358913528,1.025078457e+11,16209,35029,21936.5008,13929929.81,17583,2.086170206e+10,10012.28,1186470.003
2016-01-07,0.0001402594394,1.025216457e+11,14341,31790,19170.92228,14379628.55,15721,3.504246241e+10,10003,2229022.48
2016-01-08,0.0001547657204,1.025354757e+11,15070,29793,20199.02662,15868976.76,16453,3.857353324e+10,10020.75,2344468.075
2016-01-09,0.0001806089369,1.025493957e+11,20388,53171,31572.27695,18521337.33,21780,4.802893757e+10,10021.09,2205185.38
2016-01-10,0.0001685055271,1.025632757e+11,17503,55558,25148.166,17282478.83,18891,3.12322226e+10,10000,1653285.829
2016-01-11,0.0001734090748,1.025770957e+11,17650,40634,24560.46047,17787799.25,19032,-7.022331923e+10,10001.2584,6002738.625
2016-01-12,0.0001786968462,1.025908857e+11,16011,42339,25106.66631,18332667.72,17390,-8.739844801e+10,10003,5581885.723
2016-01-13,0.0001798023937,1.026047457e+11,14587,31550,20734.30129,18448578.88,15973,-4.175231698e+10,10000,8934772.664
2016-01-14,0.0001723474569,1.026184257e+11,12532,35088,16752.67095,17686024.69,13900,7.12250364e+10,7001.002643,5124103.338
2016-01-15,0.0001467951004,1.026322557e+11,13732,34391,25274.37054,15065912.28,15115,4.473421975e+10,7817.48705,2959591.118
2016-01-16,0.0001572807684,1.026461657e+11,16215,38113,20355.66512,16144267.8,17606,2.432297047e+10,9042,1381515.987
2016-01-17,0.000150772516,1.026600157e+11,18321,61703,29348.70305,15478308.86,19706,2.525327421e+10,2425.718026,1281501.787
2016-01-18,0.0001484379285,1.026737957e+11,16568,38579,26756.89823,15240685.54,17946,3.338370946e+10,5286.5,1860231.219
2016-01-19,0.0001455352415,1.026876857e+11,13656,27472,19556.3236,14944677.13,15045,2.370376301e+10,7770.382296,1575524.295
2016-01-20,0.0001665917531,1.027015657e+11,15693,41259,30925.48226,17109233.87,17081,3.077557954e+10,5205.976996,1801743.431
2016-01-21,0.0001645496784,1.027154357e+11,15947,42506,22583.83488,16901791.91,17334,3.473644365e+10,8273.3,2003948.52
2016-01-22,0.0001655675483,1.027291557e+11,16492,40400,25442.35566,17008614.44,17864,4.450705459e+10,8430.048122,2491438.345
2016-01-23,0.0001715264628,1.027430557e+11,19126,51446,38823.1061,17623152.91,20516,3.25215203e+10,8871.396108,1585178.412
2016-01-24,0.0001889954673,1.027570357e+11,17221,38873,28197.63009,19420613.98,18619,5.193430614e+10,7069.5,2789317.694
2016-01-25,0.0002094462589,1.027709057e+11,22194,65242,39002.57629,21524981.72,23581,7.164099665e+10,5215.6834,3038081.364
2016-01-26,0.0003344693185,1.027848057e+11,21123,47420,37010.71123,34378363.9,22513,5.330829397e+10,10013,2367889.396
2016-01-27,0.0004478876704,1.027986157e+11,21644,52711,103256.0341,46042232.49,23025,-5560645161,10024.34369,7770110.557
2016-01-28,0.0003397709974,1.028124257e+11,17946,44716,28535.35941,34932680.4,19327,-6.425206445e+10,10003,6220074.315
2016-01-29,0.0003151108737,1.028262857e+11,17394,32329,30377.9224,32401680.71,18780,7.784186553e+10,10006,4144934.267
2016-01-30,0.0002521806542,1.028400257e+11,19986,53286,29935.20278,25934264.95,21360,7.383247553e+10,10005,3456576.57
2016-01-31,0.0002638077879,1.028538157e+11,18615,63173,32314.43593,27133637.58,19994,5.262435822e+10,10001.89641,2632007.513
2016-02-01,0.0002596336271,1.028673557e+11,18183,37014,24764.58342,26707824.66,19537,6.210585669e+10,9013.4,3178883.999
2016-02-02,0.0002582483088,1.028809957e+11,16237,42117,25375.25646,26568843.13,17601,4.027010777e+10,9999,2287944.309
2016-02-03,0.000263093998,1.028947057e+11,16241,34153,21223.62604,27070979.48,17612,3.931597861e+10,6663.731378,2232340.371
2016-02-04,0.0002846835771,1.029084857e+11,14756,38612,24482.26514,29296355.81,16134,4.264094947e+10,6603.94,2642924.846
2016-02-05,0.0002960722293,1.029222757e+11,13363,36447,22310.96042,30472427.6,14742,4.432484176e+10,7168,3006704.773
2016-02-06,0.0003016424684,1.029360457e+11,15524,41096,21397.99555,31049882.89,16901,6.128362869e+10,8052.246513,3626035.66
2016-02-07,0.0002764066971,1.029498157e+11,15300,56082,24434.72729,28456018.51,16677,5.068852248e+10,3697.7,3039426.904
2016-02-08,0.0002803410019,1.029637457e+11,13436,26736,17357.00298,28864959.62,14829,5.923892406e+10,4826.004,3994802.351
2016-02-09,0.0002849060682,1.029773657e+11,13953,35554,19677.70346,29338876.36,15315,4.858442413e+10,5241.30056,3172342.418
2016-02-10,0.0002902008332,1.029911257e+11,12225,25517,16661.80168,29888110.47,13601,3.748246258e+10,4698.257038,2755860.788
2016-02-11,0.0002807505292,1.030048657e+11,12273,22197,15186.07934,28918670.54,13647,5.426523212e+10,5391.69,3976348.803
2016-02-12,0.0002923317005,1.030186357e+11,12865,36001,20787.43127,30115612.95,14242,6.656724983e+10,2898.668606,4674009.959
2016-02-13,0.0002843178014,1.030324057e+11,13416,29792,16873.31334,29293947.05,14793,3.318561594e+10,10001,2243332.383
2016-02-14,0.0002927995722,1.030461257e+11,13884,62929,28193.03123,30171861.51,15256,2.89001833e+10,4637.404644,1894348.669
2016-02-15,0.0002875666918,1.030597057e+11,14568,59899,48996.85951,29636538.62,15926,4.666084846e+10,2727.013463,2929853.602
2016-02-16,0.0002853700527,1.030734357e+11,16648,36220,57648.7701,29414071.77,18021,4.424388206e+10,10045.7325,2455129.13
2016-02-17,0.0002722220176,1.030871357e+11,11465,30349,15541.43118,28062588.06,12835,3.966387428e+10,8528.4,3090290.166
2016-02-18,0.0002706443341,1.031008557e+11,11774,29866,16286.13537,27903662.42,13146,5.581553815e+10,10000,4245819.12
2016-02-19,0.0002893512777,1.031145457e+11,11207,24718,15026.13886,29836325.54,12576,4.951671621e+10,10000,3937397.917
2016-02-20,0.0002888197062,1.031284557e+11,13500,34997,25472.15062,29785530.26,14891,2.143182784e+10,10007.99,1439247.052
2016-02-21,0.0002836448139,1.031423657e+11,13857,54253,22447.59968,29255797.11,15248,3.408046592e+10,4314.1,2235077.775
2016-02-22,0.0002809006258,1.031560557e+11,12404,34979,17002.70966,28976600.59,13773,7.290260689e+10,4661.046859,5293153.771
2016-02-23,0.0002763810532,1.031698457e+11,12578,37121,17376.32101,28514190.59,13957,4.426479521e+10,9385.041714,3171512.16
2016-02-24,0.0002742452922,1.031835557e+11,11815,31257,22165.91539,28297604.37,13186,2.834064967e+10,8515.562378,2149298.473
2016-02-25,0.0002668582754,1.031973557e+11,13164,33871,21157.50263,27539068.36,14544,2.695198472e+10,5000.010321,1853134.263
2016-02-26,0.0002621889715,1.032111057e+11,12945,34063,27472.02169,27060813.64,14320,4.087843835e+10,8637.347734,2854639.549
2016-02-27,0.0002500247748,1.032249357e+11,15616,42577,27423.63235,25808791.29,16999,2.592969497e+10,5091.858179,1525365.902
2016-02-28,0.0002503099213,1.032387457e+11,15608,55772,33835.46775,25841682.3,16989,4.395214666e+10,2972.495,2587094.394
2016-02-29,0.0002474875193,1.032525457e+11,12381,40539,24296.48677,25553716.39,13761,4.437963282e+10,9707.96,3225029.636
2016-03-01,0.0002455699223,1.032662557e+11,12193,32717,19888.43602,25359086.38,13564,3.475524099e+10,9058.946331,2562315.024
2016-03-02,0.0002381535669,1.032800957e+11,12002,31566,25520.40936,24596523.17,13386,2.186724477e+10,7979.613178,1633590.675
2016-03-03,0.0002434609261,1.032938057e+11,12281,36315,21050.75736,25148005.58,13652,2.251964051e+10,10001.06122,1649548.822
2016-03-04,0.0002330681789,1.033075957e+11,13112,32564,27466.61523,24077713.19,14491,4.031828406e+10,10010,2782298.258
2016-03-05,0.0002174427002,1.033213657e+11,15108,41878,23877.76646,22466476.74,16485,4.526419984e+10,10007.71546,2745781.003
2016-03-06,0.0002166637608,1.033352357e+11,14393,61929,34419.44986,22389000.78,15780,2.715824713e+10,3996.5,1721054.951
2016-03-07,0.0002298142636,1.033490457e+11,12608,38589,24820.5209,23751084.82,13989,4.976459097e+10,8794.923363,3557408.747
2016-03-08,0.0002179558564,1.033628257e+11,11394,27273,15572.16484,22528533.18,12772,2.274688723e+10,9224.175587,1780996.495
2016-03-09,0.0002235432454,1.033766157e+11,11766,26509,20556.64494,23109144.16,13145,5.050354362e+10,10000,3842034.509
2016-03-10,0.0002411779294,1.033903757e+11,12185,37946,19311.10596,24935476.72,13561,3.123054341e+10,10000,2302967.584
2016-03-11,0.0002417911709,1.034042557e+11,12174,32468,16920.70865,25002236.05,13562,1.927204346e+10,10000.00005,1421032.551
2016-03-12,0.0002369447226,1.034181057e+11,12005,26714,18260.26426,24504374.35,13390,4.117942379e+10,10003,3075386.392
2016-03-13,0.0002397809187,1.034319057e+11,14232,62682,23932.53108,24800997.36,15612,2.982657877e+10,3318.374752,1910490.57
2016-03-14,0.0002344043632,1.034456657e+11,13307,39653,22586.8297,24248115.38,14683,2.536336774e+10,3900,1727396.836
2016-03-15,0.0002315740848,1.034595457e+11,11492,34980,21466.3618,23958549.6,12880,1.806319407e+10,10001,1402421.9
2016-03-16,0.00022957614,1.034733657e+11,10840,27673,15611.2386,23755015.88,12222,2.058070409e+10,10003,1683906.406
2016-03-17,0.0002211588531,1.034871257e+11,12476,34234,21285.26323,22887094.02,13852,2.223202443e+10,10001,1604968.555
2016-03-18,0.0002114565851,1.035009157e+11,11866,29184,20136.04453,21885950.18,13245,2.270243461e+10,10004,1714038.098
2016-03-19,0.0002178841767,1.035145957e+11,12488,41540,17315.81413,22554192.45,13856,2.568404294e+10,10004,1853640.512
2016-03-20,0.0002113680463,1.035284757e+11,14833,57710,28012.49033,21882611.63,16221,3.859704927e+10,3998.5,2379449.434
2016-03-21,0.0002110581074,1.035422657e+11,12743,30410,22673.78272,21853434.62,14122,2.135015641e+10,9126.385362,1511836.596
2016-03-22,0.0002153544302,1.035561757e+11,12594,34955,17838.74635,22301281.2,13985,2.312873792e+10,4999,1653824.664
2016-03-23,0.0002130835139,1.035699357e+11,11864,36509,18158.91571,22069045.82,13240,2.514988317e+10,10000,1899538.004
2016-03-24,0.000210138466,1.035837857e+11,11763,30929,17134.06033,21766937.82,13148,1.316292458e+10,7164.489648,1001135.122
2016-03-25,0.0002164674364,1.035975457e+11,11421,40067,24089.47145,22425495.13,12797,2.323888767e+10,7613,1815963.716
2016-03-26,0.0002112813668,1.036114457e+11,13384,38109,18858.04146,21891167.86,14774,2.091573774e+10,3759.555543,1415712.586
2016-03-27,0.0002158043075,1.036252157e+11,16123,61105,32442.46112,22362767.91,17500,1.572216513e+10,2927,898409.4362
2016-03-28,0.0002140083397,1.036389857e+11,14771,31259,22962.50911,22179607.25,16148,3.154827834e+10,6156.335347,1953695.711
2016-03-29,0.0002572615554,1.036527257e+11,14170,29158,20023.34714,26665861.42,15544,3.88288577e+10,10005,2497996.507
2016-03-30,0.0002304439939,1.036665757e+11,13152,29629,19420.93872,23889339.73,14537,2.497156031e+10,10010.07232,1717793.238
2016-03-31,0.0002309563607,1.036802057e+11,13043,31277,24836.54245,23945602.97,14406,1.730226532e+10,10004,1201045.767
2016-04-01,0.0002231906248,1.036939757e+11,14090,34695,21678.27622,23143523.21,15467,2.397677393e+10,4450.157108,1550189.043
2016-04-02,0.0002255437687,1.037077257e+11,18532,63815,30837.9245,23390631.29,19907,2.26237335e+10,1913.605076,1136471.267
2016-04-03,0.0002195956975,1.037214557e+11,17893,64930,32345.09996,22776785.4,19266,1.19397608e+10,1499,619732.2124
2016-04-04,0.0002190068068,1.037350257e+11,16418,44503,35938.82337,22718676.73,17775,2.671570707e+10,2058.041278,1502993.365
2016-04-05,0.0002153412411,1.037489257e+11,15381,32108,25474.10351,22341422.42,16771,2.891108048e+10,4392.410909,1723873.382
2016-04-06,0.0002157723626,1.037626157e+11,15371,43467,22737.02698,22389104.73,16740,7.330726946e+10,4258,4379167.829
2016-04-07,0.0002110881007,1.037763657e+11,14841,40515,25006.91618,21905955.92,16216,7.304265987e+10,6748.727134,4504357.417
2016-04-08,0.0002103370814,1.037902757e+11,13702,35885,24469.06592,21830943.65,15093,2.262606775e+10,10001,1499110.035
2016-04-09,0.0002062186323,1.038042257e+11,13256,36102,27219.18505,21406365.44,14651,2.002556389e+10,9342.459459,1366839.389
2016-04-10,0.0002055429094,1.038181257e+11,15366,53920,30086.80397,21339079.6,16756,2.209537953e+10,7631.533423,1318654.782
2016-04-11,0.0002130087331,1.038319257e+11,16442,44968,34864.16104,22117106.94,17822,4.589131984e+10,9921.453109,2574981.474
2016-04-12,0.0002328773805,1.038457357e+11,13963,41324,29011.6076,24183322.9,15344,6.246608975e+10,10003,4071043.388
2016-04-13,0.0002305034476,1.038594657e+11,13511,41073,23685.63826,23939964.9,14884,2.696946707e+10,10002,1811977.094
2016-04-14,0.0002334668807,1.038732557e+11,13699,33070,18827.44028,24250964.98,15078,3.625878453e+10,10003.60559,2404747.614
2016-04-15,0.000235736582,1.038870857e+11,13540,34760,25601.39185,24489986.49,14923,3.070601274e+10,8293.579364,2057630.017
2016-04-16,0.0002323888179,1.039008257e+11,12902,33133,18691.7735,24145390.06,14276,3.928484118e+10,7998.5,2751810.113
2016-04-17,0.0002271214833,1.039146957e+11,15415,65828,23331.06083,23601259.82,16802,5.928467967e+10,4416.3603,3528429.929
2016-04-18,0.0002231366156,1.039285157e+11,15770,42062,23262.0313,23190257.25,17152,2.516170607e+10,3839.79243,1466983.796
2016-04-19,0.0002242002671,1.039422857e+11,14014,34300,27993.19142,23303888.2,15391,2.746202685e+10,10002.176,1784291.264
2016-04-20,0.0002277107168,1.039561257e+11,13722,28353,20683.32318,23671923.89,15106,1.886923816e+10,10005,1249122.081
2016-04-21,0.0002298310108,1.039699557e+11,13791,38318,20473.50198,23895520.01,15174,2.755783251e+10,6534.5,1816121.821
2016-04-22,0.0002273463446,1.039836857e+11,12469,26850,17559.8898,23640310.83,13842,2.692451243e+10,10002,1945131.66
2016-04-23,0.0002302183846,1.039974957e+11,12310,41940,18132.21395,23942135.45,13691,2.47536651e+10,8474,1808024.622
2016-04-24,0.0002283538332,1.040113857e+11,16507,59424,33585.95349,23751398.61,17896,2.647977402e+10,4101.18803,1479647.632
2016-04-25,0.0002265719365,1.040251757e+11,14408,40205,21613.03611,23569185.49,15787,4.707810213e+10,7735.2225,2982080.327
2016-04-26,0.0002354564825,1.040390557e+11,14216,36908,19794.90164,24496670.08,15604,3.432567054e+10,8475,2199799.445
2016-04-27,0.0002241407233,1.040528557e+11,13193,27576,20120.77012,23322482.33,14573,1.558194922e+10,10004,1069234.147
2016-04-28,0.0002286678641,1.040665957e+11,14841,41666,27939.84516,23796686.15,16215,2.592786165e+10,6944.645,1599004.727
2016-04-29,0.0002309614045,1.040803257e+11,12708,32046,18175.22831,24038538.19,14081,2.32756997e+10,10000,1652986.272
2016-04-30,0.0002261962115,1.040941357e+11,11714,33949,16737.50276,23545699.13,13095,2.347082001e+10,10000,1792349.753
2016-05-01,0.000229726754,1.041078157e+11,15312,60455,29611.18333,23916350.56,16680,1.394341417e+10,2980.709002,835936.1012
2016-05-02,0.0002275404318,1.041214857e+11,13856,37583,20175.64398,23691847.8,15223,1.328506613e+10,7996.082056,872696.9801
2016-05-03,0.0002286025932,1.041352957e+11,13518,27422,19074.10138,23805598.63,14899,1.467576123e+10,10003.44338,985016.5269
2016-05-04,0.0002269546672,1.041490057e+11,15277,26388,31697.32157,23637102.92,16648,2.229050897e+10,10014,1338930.14
2016-05-05,0.0002220410353,1.041626457e+11,13792,42360,20411.77999,23128381.68,15156,1.380723658e+10,8190.128378,911007.9557
2016-05-06,0.0002249399211,1.041764257e+11,13649,36032,18903.11148,23433436.97,15027,1.82604569e+10,10006,1215176.475
2016-05-07,0.0002235528403,1.041902057e+11,13536,28753,21545.07994,23292016.41,14914,4.857525162e+10,8296.007904,3257023.711
2016-05-08,0.0002243638806,1.042038857e+11,12219,20942,16096.09623,23379588.16,13587,3.088472224e+10,10002,2273108.283
2016-05-09,0.0002222905175,1.042176157e+11,17005,58907,24743.97233,23166587.71,18378,3.709467472e+10,2788.783585,2018428.269
2016-05-10,0.0002205874487,1.042314357e+11,14031,32677,19520.8651,22992146.46,15413,2.485385031e+10,5999,1612525.161
2016-05-11,0.0002233954789,1.042452657e+11,14566,38876,34098.06796,23287921.05,15949,4.192710975e+10,4679.326063,2628823.735
2016-05-12,0.0002339959457,1.042589857e+11,12462,35216,22289.46012,24396179.94,13834,7.024807812e+10,9999,5077929.602
2016-05-13,0.0002360365011,1.042727657e+11,13608,36035,27498.82688,24612178.76,14986,7.290131419e+10,10000,4864627.932
2016-05-14,0.0002332215815,1.042865157e+11,13209,37316,28643.43405,24321866.11,14584,2.557721918e+10,10000,1753786.285
2016-05-15,0.0002331541159,1.043003757e+11,11577,23302,27281.91233,24318061.87,12963,2.375850539e+10,10000,1832793.751
2016-05-16,0.0002280432511,1.043140457e+11,16951,62706,41552.07737,23788114.1,18318,2.571276098e+10,5096.009371,1403688.229
2016-05-17,0.0002268253869,1.043278157e+11,13283,26223,27109.8164,23664197.15,14660,3.119386272e+10,10010,2127821.468
2016-05-18,0.0002273346534,1.043414057e+11,13290,37970,28810.29194,23720417.28,14649,2.978849337e+10,10001,2033483.062
2016-05-19,0.0002218662732,1.043553057e+11,13421,33811,37597.13569,23152922.75,14811,2.708927329e+10,10009.00552,1828996.914
2016-05-20,0.0002245053739,1.043691957e+11,12329,26294,33154.85313,23431445.29,13718,2.39338069e+10,10008.46,1744700.896
2016-05-21,0.0002282609611,1.043829857e+11,13047,36782,31299.03481,23826560.63,14426,2.328861541e+10,10001,1614350.16
2016-05-22,0.0002228588299,1.043969357e+11,13626,48207,35817.2374,23265778.92,15021,2.908480188e+10,7981.08038,1936276.006
2016-05-23,0.0002242393341,1.044107357e+11,13264,43377,33956.70433,23412993.84,14644,2.65173174e+10,10001,1810797.419
2016-05-24,0.0002227512183,1.044244757e+11,14533,24426,32302.47789,23260679.17,15907,3.57867878e+10,11003.00482,2249750.915
2016-05-25,0.00022207523,1.044381757e+11,13823,24204,31397.90031,23193131.87,15193,3.785471341e+10,10018,2491589.114
2016-05-26,0.000225052365,1.044520257e+11,12418,19283,27015.96977,23507175.4,13803,8.164037635e+10,10025,5914683.5
2016-05-27,0.0002238880214,1.044658657e+11,13626,29948,30523.6095,23388655.96,15010,-7.591589823e+10,10014,7231948.202
2016-05-28,0.0002182291877,1.044795657e+11,15016,38328,36675.75171,22800490.75,16386,7.585231667e+10,10013.6695,4629092.925
2016-05-29,0.0002225749657,1.044934157e+11,15812,49129,36405.33736,23257618.41,17197,5.605642807e+10,10001.00005,3259663.201
2016-05-30,0.0002317378561,1.045072057e+11,13983,29137,29427.89655,24218275.78,15362,3.202799727e+10,10007.18,2084884.603
2016-05-31,0.0002267130499,1.045209057e+11,14964,33929,29768.64389,23696253.3,16334,2.598821815e+10,10006.45537,1591050.456
2016-06-01,0.0002319232733,1.045346657e+11,13115,25672,26092.97261,24244021.83,14491,4.234477725e+10,10013,2922143.21
2016-06-02,0.0002297986409,1.045485157e+11,13305,22402,32510.84505,24025106.81,14690,2.543400702e+10,10015.28554,1731382.371
2016-06-03,0.0002369621082,1.045622757e+11,13081,23282,28445.60088,24777297.28,14457,3.127173053e+10,10371.6875,2163085.739
2016-06-04,0.0002402584123,1.045759857e+11,11587,28950,21607.79174,25125260.28,12958,2.180462292e+10,10023.141,1682715.151
2016-06-05,0.000239075842,1.045895857e+11,11716,39701,23275.27031,25004843.25,13076,2.86485247e+10,10001,2190924.19
2016-06-06,0.0002365519622,1.046034857e+11,10784,20919,17731.50941,24744159.79,12174,3.655358772e+10,10007,3002594.687
2016-06-07,0.0002397969689,1.046172457e+11,10406,23873,19487.3883,25086898.4,11782,1.789578498e+10,10010,1518908.927
2016-06-08,0.0002422485564,1.046310157e+11,9561,16095,15274.05788,25346712.49,10938,2.129307383e+10,10016.63912,1946706.329
2016-06-09,0.0002627902746,1.046447957e+11,10181,23656,17421.83579,27499634.58,11559,2.985640308e+10,10016.67044,2582957.27
2016-06-10,0.00025895988,1.046584757e+11,9295,22356,15186.67567,27102346.29,10663,2.039937513e+10,10007.20073,1913099.046
2016-06-11,0.0002599002273,1.046723757e+11,9972,24205,16071.88193,27204374.22,11362,2.309383189e+10,10012.94,2032549.894
2016-06-12,0.0002637955595,1.046861757e+11,11774,42189,23085.37528,27615748.28,13154,2.694049108e+10,10010,2048083.555
2016-06-13,0.0002870739002,1.046998357e+11,12187,29924,21697.0804,30056590.17,13553,2.414268515e+10,10026.975,1781353.586
2016-06-14,0.0003110997236,1.047137357e+11,12538,21962,22297.38706,32576414.22,13928,7.459977918e+10,13467.24154,5356101.319
2016-06-15,0.0003144186643,1.047275757e+11,10916,26276,21067.76022,32928304.45,12300,6.966793534e+10,10010,5664059.784
2016-06-16,0.0003309584328,1.047413557e+11,10328,21391,31180.25463,34665034.92,11706,4.647819908e+10,10021.36825,3970459.515
2016-06-17,0.0003144897715,1.047551157e+11,10263,24839,26050.40473,32944412.38,11639,3.016696049e+10,12451.00553,2591885.943
2016-06-18,0.0003215099223,1.047689457e+11,9692,24799,16334.3659,33684255.58,11075,5.418897369e+10,10013,4892909.588
2016-06-19,0.0003340800588,1.047828157e+11,10443,42489,21265.87314,35005849.21,11830,3.938565899e+10,10007.084,3329303.38
2016-06-20,0.0003140311741,1.047965857e+11,10181,29235,18215.10714,32909394.83,11558,2.77029076e+10,10006.95727,2396859.976
2016-06-21,0.0003053590458,1.048104257e+11,10804,24826,18364.17481,32004811.57,12188,3.107179242e+10,10018.00005,2549375.814
2016-06-22,0.0002662716794,1.048240957e+11,11328,26430,19669.21686,27911687.99,12695,1.904631487e+10,10041.08911,1500300.502
2016-06-23,0.0002869917226,1.048379357e+11,9706,17910,15248.71183,30087619.74,11090,2.295451755e+10,10022.01882,2069839.274
2016-06-24,0.0002846012173,1.048518457e+11,10821,22432,16896.53729,29840962.9,12212,1.90504597e+10,10051.31369,1559978.685
2016-06-25,0.0002911019729,1.048657157e+11,10880,24932,16544.56936,30526616.72,12267,1.626676406e+10,10031,1326058.862
2016-06-26,0.0002809363104,1.048794557e+11,11688,39433,26957.09951,29464447.3,13062,1.720724453e+10,10007,1317351.441
2016-06-27,0.0002891135531,1.048932657e+11,10445,25271,17485.17575,30326064.73,11826,8942380759,10022.477,756162.7565
2016-06-28,0.000297472451,1.049069157e+11,10660,27305,18088.0653,31206917.32,12025,1.880842901e+10,10024.03839,1564110.521
2016-06-29,0.0002970697708,1.049208557e+11,9423,17402,15564.29848,31168814.54,10817,3.015997335e+10,10042.35367,2788201.289
2016-06-30,0.0003095218531,1.049345357e+11,9494,25269,15166.28701,32479531.93,10862,2.543287543e+10,10012,2341454.192
2016-07-01,0.0003020808754,1.049484257e+11,9919,23164,18047.99705,31702912.29,11308,2.097460631e+10,10027,1854846.684
2016-07-02,0.0003093592777,1.049622357e+11,11872,20459,23195.65851,32471041.41,13253,1.150383705e+10,10002.90352,868017.5849
2016-07-03,0.0002822461043,1.049759957e+11,13866,43358,32131.86427,29629065.81,15242,1.53556748e+10,10003,1007457.998
2016-07-04,0.0002886923761,1.049898957e+11,12508,29212,25254.34975,30309782.44,13898,1.706733082e+10,10011.155,1228042.224
2016-07-05,0.0002869223049,1.050036057e+11,12373,30128,26557.81253,30127876.55,13744,2.034211935e+10,10015.3425,1480072.712
2016-07-06,0.0002850220518,1.050173757e+11,11694,20692,22121.38974,29932267.88,13071,2.252765144e+10,10025,1723483.393
2016-07-07,0.0002764116847,1.050311957e+11,11263,26809,23349.99152,29031849.74,12645,1.443690925e+10,11023.79802,1141708.917
2016-07-08,0.0002761780169,1.050449757e+11,11766,23903,25146.61215,29011113.06,13144,1.571895197e+10,10204.29828,1195903.224
2016-07-09,0.0002718499476,1.050587857e+11,11051,30179,22032.75202,28560225.37,12432,1.337481024e+10,10010,1075837.375
2016-07-10,0.0002696961461,1.050726557e+11,12387,40945,27042.74899,28337690.29,13774,1.708768241e+10,10004.0001,1240575.171
2016-07-11,0.0002710408385,1.050864357e+11,14088,27439,26316.6934,28482715.63,15466,1.826557808e+10,10063.16584,1181015.006
2016-07-12,0.0002689157208,1.051000457e+11,12093,27783,24416.58138,28263054.54,13454,2.234923965e+10,10014,1661159.48
2016-07-13,0.000263243064,1.051138057e+11,9150,22973,20678.29109,27670480.26,10526,1.401540205e+10,10002,1331503.14
2016-07-14,0.0002600147353,1.051276557e+11,9665,22362,20678.66765,27334739.56,11050,1.402075031e+10,10005,1268846.182
2016-07-15,0.0002645098675,1.051414257e+11,12237,21934,22761.74136,27810944.57,13614,9460648396,10976.60105,694920.5521
2016-07-16,0.0002643185539,1.051552557e+11,12931,26747,26669.57816,27794485.11,14314,6730885055,7970.801797,470230.8967
2016-07-17,0.0002651878692,1.051689757e+11,11558,40353,26423.81345,27889536.55,12930,1.511208259e+10,10022,1168761.221
2016-07-18,0.0002505406872,1.051827857e+11,10995,25534,23888.77244,26352567.4,12376,2.008074996e+10,10030.00005,1622555.75
2016-07-19,0.0002491829059,1.051967057e+11,14629,24366,43076.77461,26213220.81,16021,3.469069999e+10,35468.98528,2165326.758
2016-07-20,0.0002463480412,1.052105257e+11,25401,24712,65775.30362,25918406.91,26783,2.400585817e+10,36507.25537,896309.5311
2016-07-21,0.0002400336149,1.052244157e+11,19585,24110,32668.94152,25257396.86,20974,2.8320976e+10,11764.86171,1350289.692
2016-07-22,0.0002382786473,1.052383057e+11,10437,25296,22895.54011,25076041.11,11826,2.327659021e+10,10000,1968255.557
2016-07-23,0.0002522072549,1.052519557e+11,11541,24826,22180.44613,26545306.81,12906,4.045773642e+10,8233.546581,3134800.591
2016-07-24,0.0002468367366,1.052658157e+11,12196,45520,27842.73277,25983470.41,13582,2.537159012e+10,8400.915219,1868030.49
2016-07-25,0.0002386729272,1.052796057e+11,11982,26467,23017.06423,25127391.66,13361,2.031200232e+10,10002,1520245.664
2016-07-26,0.0002371181328,1.052934057e+11,10862,20845,23986.2381,24966975.74,12242,1.607738807e+10,10001.68149,1313297.506
2016-07-27,0.0002351011933,1.053072157e+11,9087,19824,22058.59761,24757852.06,10468,1.282305615e+10,10002,1224976.705
2016-07-28,0.0002407438859,1.053208857e+11,8699,24098,18995.09391,25355359.28,10066,6366728101,10000,632498.3212
2016-07-29,0.0002354323381,1.053346457e+11,10057,22087,19393.72629,24799181.9,11433,7018943734,10000,613919.6829
2016-07-30,0.000231642602,1.053485457e+11,10440,24819,18001.48743,24403211.24,11830,1.019631413e+10,10005,861903.1388
2016-07-31,0.0002274405187,1.053624057e+11,11473,41480,20899.9085,23963680.2,12859,5193321088,10005,403866.6372
2016-08-01,0.0002207395902,1.053762357e+11,12554,24759,20084.41635,23260707.08,13937,8640276859,10029.6052,619952.4187
2016-08-02,0.000204143565,1.053901057e+11,10006,24447,18063.67683,21514711.88,11393,8722138544,10001.61194,765569.9591
2016-08-03,0.0002181383427,1.054039157e+11,9938,22791,16872.79195,22992635.47,11319,8549293959,10003,755304.7053
2016-08-04,0.000219014081,1.054176757e+11,9945,23387,19911.34446,23087955.35,11321,9798608696,10006,865525.0151
2016-08-05,0.0002242622335,1.054313957e+11,9228,21590,16942.41683,23644280.27,10600,6296434075,10004.00015,594003.2146
2016-08-06,0.0002346863435,1.054451957e+11,8721,18697,14993.65806,24746547.41,10101,7716298450,10004,763914.3104
2016-08-07,0.0002696063443,1.054590157e+11,11103,46079,22537.08459,28432419.68,12485,5.07670916e+10,10002,4066246.824
2016-08-08,0.0002373739266,1.054728657e+11,11454,31811,20969.76874,25036508.27,12839,6700205097,6434.754008,521863.4704
2016-08-09,0.0002385410089,1.054867457e+11,10405,25715,17776.79466,25162914.73,11793,7822813922,10000,663343.8414
2016-08-10,0.0002399184676,1.055005757e+11,11301,23301,19560.5208,25311536.44,12684,8729845616,9489.670454,688256.5134
2016-08-11,0.0002392171158,1.055144557e+11,12541,28176,21819.84321,25240863.76,13929,6893257813,4338.994714,494885.3337
2016-08-12,0.0002397493553,1.055282757e+11,11609,24291,21700.93589,25300336.05,12991,1.170063794e+10,6807.937198,900672.6149
2016-08-13,0.0002396643746,1.055420057e+11,12848,23901,20856.45692,25294658.78,14221,1.01716089e+10,2969.631655,715252.7182
2016-08-14,0.0002472947845,1.055558557e+11,10472,42446,18125.76612,26103412.58,11857,1.14321175e+10,9323.443878,964166.1043
2016-08-15,0.0002400730726,1.055696957e+11,12446,22792,20252.72823,25344441.21,13830,1.010123124e+10,2929.581541,730385.4841
2016-08-16,0.0002574645683,1.055835457e+11,12576,26557,20815.67239,27184022,13961,2.112644279e+10,2247.91241,1513247.102
2016-08-17,0.0002479186611,1.055974357e+11,10031,22081,15090.95633,26179574.87,11420,1.306901503e+10,6355.943747,1144397.113
2016-08-18,0.0002444472316,1.056111657e+11,9794,24740,17261.64211,25816357.07,11167,9109187722,4954.201554,815723.8043
2016-08-19,0.0002328656305,1.056250757e+11,9978,19504,19526.57411,24596449.84,11369,9457333722,7765.124243,831852.733
2016-08-20,0.0002365964324,1.056388357e+11,9315,24660,14240.18087,24993771.64,10691,9402748712,10001.41295,879501.3293
2016-08-21,0.000233531432,1.056525957e+11,17374,48079,27538.69087,24673201.95,18750,9896410320,1311.5,527808.5504
2016-08-22,0.0002297510462,1.056665657e+11,15442,28137,25167.85373,24277004.01,16839,1.169860192e+10,1505.505,694732.5802
2016-08-23,0.0002255271818,1.056803657e+11,14630,21891,22796.8548,23833795.04,16010,1.395515765e+10,2555,871652.5702
2016-08-24,0.0002298798154,1.056942857e+11,15191,26596,25194.58978,24296982.88,16583,9687996476,1344.425,584212.5355
2016-08-25,0.0002296595149,1.057080157e+11,13932,25523,23061.66661,24276851.59,15305,9233852899,1295.521833,603322.6331
2016-08-26,0.0002302009582,1.057219157e+11,14695,25297,25579.43702,24337286.29,16085,7287311291,1399.775,453050.1269
2016-08-27,0.0002248726087,1.057358157e+11,14695,28444,25725.54046,23777088.7,16085,7983110670,1499,496307.7818
2016-08-28,0.0002257766676,1.057498557e+11,13996,42532,24965.97199,23875850.01,15400,7209274389,2690.673777,468134.7006
2016-08-29,0.0002219664931,1.057638057e+11,12243,28748,21436.97794,23476021.03,13638,7313987035,4397.28375,536294.6939
2016-08-30,0.0002244177577,1.057777757e+11,10627,23524,16458.41374,23738411.23,12024,5611052898,9961.1515,466654.4326
2016-08-31,0.0002236752492,1.057916657e+11,9900,20293,15755.75544,23662977.18,11289,5589965432,9598,495169.2295
2016-09-01,0.0002213693666,1.058056057e+11,9956,17801,14644.11752,23422119.91,11350,5553427146,10005,489288.7354
2016-09-02,0.0002270261367,1.058195357e+11,9889,25241,14772.34353,24023800.36,11282,4562455213,10003,404401.2775
2016-09-03,0.0002271037076,1.058332357e+11,9512,20878,14087.84204,24035120.2,10882,4991002340,9999,458647.5225
2016-09-04,0.0002260952985,1.058470457e+11,9573,41760,17005.94254,23931519.38,10954,5347211778,10000,488151.5225
2016-09-05,0.0002276646048,1.058607757e+11,9973,22122,16418.06149,24100751.66,11346,6385391272,10000,562787.8787
2016-09-06,0.000222621428,1.058747357e+11,9747,22378,14196.899,23569984.84,11143,8325461070,10000,747147.1839
2016-09-07,0.0002307440468,1.058885857e+11,11018,21442,15843.63055,24433160.76,12403,9288734455,8241.501938,748910.3003
2016-09-08,0.0002316396998,1.059024757e+11,9790,21617,14557.35807,24531217.67,11179,7917804943,10000,708274.8853
2016-09-09,0.0002339046017,1.059163857e+11,9148,21985,13903.54554,24774330,10539,8405294141,10001,797541.9054
2016-09-10,0.0002327373375,1.059301057e+11,9790,23750,14493.11107,24653890.75,11162,5592418511,8254.664456,501022.9807
2016-09-11,0.0002272009653,1.059439457e+11,10833,41048,17355.75667,24070566.72,12217,8897139897,9651.880289,728258.9749
2016-09-12,0.0002291323178,1.059578057e+11,9092,22339,14238.173,24278357.59,10478,5853996407,10001,558694.0645
2016-09-13,0.0002290815114,1.059716057e+11,8989,25204,15971.93231,24276135.59,10369,4858473372,10002,468557.5631
2016-09-14,0.0002268740567,1.059855157e+11,9064,24203,17103.48225,24045363.88,10455,8057823711,10001,770714.8456
2016-09-15,0.000233613339,1.059994357e+11,8482,20345,13583.37118,24762882.1,9874,9776283311,10002,990103.637
2016-09-16,0.0002514394348,1.060134057e+11,7974,17013,12694.99286,26655950.79,9371,1.509704285e+10,10003,1611038.614
2016-09-17,0.0002390179302,1.060273657e+11,8027,25027,16379.92221,25342441.48,9423,7937159459,10001,842317.6758
2016-09-18,0.0002396843744,1.060413657e+11,8713,42300,16606.51244,25416458.39,10113,5283323645,10000,522428.9177
2016-09-19,0.000233324858,1.060552157e+11,8608,28417,16787.13876,24745318.13,9993,6553361426,10001,655795.1993
2016-09-20,0.0002303520869,1.060692557e+11,8240,20882,13374.59896,24433274.39,9644,7200567272,10006,746637.0046
2016-09-21,0.0002307303853,1.060829557e+11,8505,18841,13888.59162,24476561.23,9875,9523799756,10005,964435.4183
2016-09-22,0.0002274212079,1.060968357e+11,7821,19242,12770.85157,24128670.52,9209,7668826382,10004,832753.4349
2016-09-23,0.0002263326505,1.061107357e+11,8546,18460,18502.778,24016324.04,9936,1.304579467e+10,10005,1312982.556
2016-09-24,0.0002275832009,1.061245757e+11,6981,18125,11272.94007,24152170.62,8365,6873721320,10000,821724.0071
2016-09-25,0.0002263673145,1.061383957e+11,8855,41499,16626.12129,24026263.59,10237,7980166657,6260.359537,779541.5314
2016-09-26,0.0002283815968,1.061523757e+11,7674,22889,13819.32613,24243249.06,9072,8592596194,5263.538754,947155.6652
2016-09-27,0.000228862257,1.061662757e+11,7419,21044,15225.95849,24297453.46,8809,8800866872,7026.778167,999076.7251
2016-09-28,0.0002289809217,1.061799457e+11,8379,17943,13199.77295,24313181.82,9746,8647300702,10002,887266.643
2016-09-29,0.0002272675337,1.061937457e+11,8002,21797,13407.94405,24134390.67,9382,6844561891,10002,729541.8771
2016-09-30,0.0002330414611,1.062075057e+11,7548,19556,12703.00371,24750752.3,8924,1.716360085e+10,10002,1923308.029
2016-10-01,0.0002310515346,1.062214057e+11,7968,18921,12719.66482,24542618.78,9358,7899232404,10001,844115.4525
2016-10-02,0.0002280427797,1.062351957e+11,7719,40500,14709.11466,24226169.31,9098,9132588978,10000,1003801.822
2016-10-03,0.0002359167417,1.062490857e+11,7691,19582,13832.95753,25065938.09,9080,8078137439,10001,889662.7136
2016-10-04,0.0002287094599,1.062630957e+11,7093,20122,12258.40624,24303375.22,8494,8814188447,10003,1037695.838
2016-10-05,0.0002332323474,1.062769257e+11,7687,21421,13091.27744,24787216.84,9070,5238015372,10002.66,577509.9639
2016-10-06,0.0002221376275,1.062906757e+11,8585,22711,14045.72362,23611158.51,9960,6751838167,10000,677895.3983
2016-10-07,0.0002252676186,1.063048367e+11,8129,20987,13246.60809,23947037.4,9522,6312754313,10002.02599,662965.1662
2016-10-08,0.0002296814764,1.063185257e+11,7438,19311,12099.76895,24419395.94,8830,9696326870,10002,1098111.763
2016-10-09,0.0002310540269,1.063321857e+11,8134,41596,15625.34973,24568479.69,9500,7062803187,10000,743452.9671
2016-10-10,0.0002304338307,1.063460357e+11,6777,21163,12084.25521,24505724.37,8162,5314250412,10000,651096.5954
2016-10-11,0.0002299395013,1.063599157e+11,7560,21697,13203.27239,24456345.97,8948,1.169085567e+10,10004,1306532.819
2016-10-12,0.0002267639223,1.063737557e+11,6826,21554,12137.98925,24121730.07,8210,8562445822,10003,1042928.846
2016-10-13,0.0002273577006,1.063876557e+11,6784,16727,11178.76187,24188052.76,8174,6261321490,10004,766004.5865
2016-10-14,0.0002293022669,1.064014257e+11,7103,22859,13031.83774,24398088.1,8480,7449287314,10004,878453.6927
2016-10-15,0.0002226302952,1.064152857e+11,7516,20350,13561.53891,23691266.46,8902,6607980864,10002,742302.9503
2016-10-16,0.0002226445066,1.064291657e+11,27697,61442,35787.09873,23695869.07,29085,1.143635539e+10,103230.5,393204.5863
2016-10-17,0.0002195004124,1.064431057e+11,14949,24505,19062.07445,23364305.59,16343,1.234238048e+10,185817,755208.9876
2016-10-18,0.0002205929675,1.064569857e+11,10805,21066,15378.39595,23483662.37,12193,9268115253,34971.2171,760117.7112
2016-10-19,0.0002180813768,1.064709157e+11,7004,17685,11581.44491,23219323.87,8397,1.049576773e+10,10004,1249942.567
2016-10-20,0.0002192263099,1.064847857e+11,12288,18679,15442.2462,23344266.62,13675,1.102713212e+10,149835.6228,806371.636
2016-10-21,0.0002170368963,1.064987457e+11,6860,16883,10588.58947,23114157.21,8256,5426978846,10002.00003,657337.554
2016-10-22,0.0002220550782,1.065125357e+11,7015,13362,10294.17094,23651649.43,8394,6042859741,10003,719902.2803
2016-10-23,0.0002179458143,1.065263057e+11,7474,23052,12279.4868,23216962.43,8851,9615755945,10006,1086403.338
2016-10-24,0.0002168401731,1.065402157e+11,8749,13952,12314.31038,23102198.8,10140,6972877517,10010,687660.5046
2016-10-25,0.0002224451627,1.065539957e+11,6854,17504,10555.47374,23702420.9,8232,7571700368,10008,919788.6745
2016-10-26,0.0002153734242,1.065679557e+11,6893,17341,10771.01075,22951905.52,8289,1.012923095e+10,10012,1222008.801
2016-10-27,0.0002173511186,1.065817457e+11,7117,14725,10934.71959,23165661.64,8496,8635747596,10015,1016448.634
2016-10-28,0.0002164505841,1.065956857e+11,7731,20550,12073.9731,23072698.42,9125,7407357903,10010,811765.2496
2016-10-29,0.0002199516043,1.066094657e+11,8111,20105,12735.02894,23448923,9489,3.640120507e+10,10005,3836147.652
2016-10-30,0.0002214025818,1.066232357e+11,8401,19628,13242.10399,23606659.65,9778,8164919635,10001,835029.6211
2016-10-31,0.0002218109815,1.066370757e+11,6735,25232,13599.63821,23653274.41,8119,1.070344072e+10,10001,1318320.078
2016-11-01,0.0002220188291,1.066508457e+11,6955,18426,11696.99254,23678495.87,8332,8345959159,10002,1001675.367
2016-11-02,0.0002231148696,1.066646857e+11,7056,14059,10981.24619,23798477.43,8440,5421933200,10002,642409.1469
2016-11-03,0.0002166011921,1.066784257e+11,6514,20069,11277.96436,23106674.17,7888,5208006583,10004,660244.2422
2016-11-04,0.000222104013,1.066922357e+11,5973,16770,12065.47882,23696773.69,7354,3998903129,10003,543772.5222
2016-11-05,0.0002258884679,1.067059557e+11,6922,17833,13280.89534,24103644.84,8294,3827721057,10001,461504.8296
2016-11-06,0.0002260378917,1.067198057e+11,7281,28018,16719.29439,24122719.87,8666,3396744181,10000.44457,391962.1718
2016-11-07,0.0002411788393,1.067334357e+11,7364,23408,18611.74982,25741846.12,8727,3.713713643e+10,10001,4255429.865
2016-11-08,0.0002326738017,1.067472157e+11,6518,19073,14499.34211,24837280.49,7896,8500136610,10001,1076511.729
2016-11-09,0.0002295654613,1.067610557e+11,6959,15920,14617.97432,24508650.99,8343,9537167598,10002,1143134.076
2016-11-10,0.0002281215708,1.067748757e+11,6179,19216,14329.14425,24357652.35,7561,7762901738,10002,1026703.047
2016-11-11,0.0002241204212,1.067888357e+11,6275,14929,10589.52574,23933558.82,7671,6101729248,10003,795428.1382
2016-11-12,0.0002196255293,1.068025957e+11,6534,21567,13423.2188,23456576.6,7910,4836084154,10002,611388.6415
2016-11-13,0.0002216776935,1.068161357e+11,6766,25623,16806.89439,23678754.58,8120,5548788292,10003,683348.3118
2016-11-14,0.0002226965786,1.068299857e+11,7258,22791,15992.21406,23790672.3,8643,8317645269,10000,962356.2732
2016-11-15,0.000217919942,1.068437257e+11,6218,19866,15752.77232,23283378.5,7592,6832492165,10003,899959.4527
2016-11-16,0.0002192605437,1.068575757e+11,6812,17896,12946.67929,23429650.14,8197,6854548349,10004,836226.4669
2016-11-17,0.000215431437,1.068714557e+11,7045,16848,13005.82682,23023471.26,8433,7799588742,10003.0457,924888.9768
2016-11-18,0.0002139274031,1.068851657e+11,7130,15592,12542.49508,22865665.91,8501,7826555812,10002.965,920662.9587
2016-11-19,0.0002129557268,1.068988857e+11,6201,22952,11740.80692,22764729.89,7573,5735998998,10003,757427.5714
2016-11-20,0.0002174113936,1.069125957e+11,7668,21383,13555.02409,23244016.42,9039,7189944357,10001,795435.8178
2016-11-21,0.0002191374728,1.069264857e+11,7711,18370,14322.29414,23431599.84,9100,7696857685,10016,845808.5369
2016-11-22,0.0002228451644,1.069403357e+11,8307,21158,17041.64967,23831136.68,9692,8786797324,10003,906603.1081
2016-11-23,0.0002123130181,1.069541157e+11,7734,16488,17591.65895,22707751.09,9112,7440541225,10000,816565.1038
2016-11-24,0.0002198994223,1.069678157e+11,6184,15964,11751.50737,23522160.86,7554,6456855263,10005,854759.7648
2016-11-25,0.0002206959521,1.069815957e+11,6139,14498,12867.35467,23610405.11,7517,5418051184,10001,720773.0723
2016-11-26,0.0002194182011,1.069954157e+11,6220,18523,11423.05381,23476741.63,7602,6614623284,10001,870116.191
2016-11-27,0.0002150145366,1.070091457e+11,7221,25342,16272.55028,23008521.86,8594,5042042350,6014.030451,586693.315
2016-11-28,0.0002145853657,1.070227357e+11,7772,17337,15585.08413,22965512.87,9131,8810639630,6802.744097,964915.0838
2016-11-29,0.0002107919991,1.070365157e+11,7131,15468,15196.32764,22562441.11,8509,5030799505,9847.236312,591232.7541
2016-11-30,0.0002114191286,1.070503157e+11,6012,19614,16544.37595,22632484.45,7392,5237603368,10002,708550.2392
2016-12-01,0.0002147087232,1.070642757e+11,6434,19228,15686.47051,22987633.93,7830,6868660075,10002,877223.5089
2016-12-02,0.000215084047,1.070781557e+11,6338,16774,15413.17515,23030803.06,7726,6096203620,10003,789050.4297
2016-12-03,0.0002136061506,1.070918657e+11,6338,20778,15303.7198,22875481.18,7709,7414557646,10003,961805.3764
2016-12-04,0.0002121306184,1.071057657e+11,6845,22889,13046.71145,22720412.3,8235,6088992829,10000,739404.1079
2016-12-05,0.0002154833383,1.071197257e+11,7053,16975,16189.51932,23082516.09,8449,8390182435,10000,993038.5175
2016-12-06,0.0002123911339,1.071335657e+11,6139,16370,13581.56442,22754219.49,7523,5414631099,10003,719743.5995
2016-12-07,0.0002109484071,1.071474557e+11,6384,19093,15870.39942,22602585.1,7773,5354122306,10008,688810.2799
2016-12-08,0.0002142783211,1.071611457e+11,6514,15330,13315.53328,22962310.38,7883,7821658328,10004,992218.4864
2016-12-09,0.0002136911648,1.071748057e+11,5875,15112,14511.95188,22902309.06,7241,6149193769,10005,849218.8606
2016-12-10,0.0002160519264,1.071886857e+11,6988,24351,16489.92116,23158322.02,8376,9079407591,10001,1083978.939
2016-12-11,0.0002266012967,1.072025657e+11,7217,22165,13865.93012,24292240.39,8605,8424336659,9667.06248,979004.8413
2016-12-12,0.0002230391831,1.072163257e+11,6465,14483,13636.56767,23913441.69,7841,7141812872,10001,910829.3422
2016-12-13,0.000214078699,1.072302557e+11,6871,18995,14005.78231,22955713.62,8264,8734733557,10003,1056961.95
2016-12-14,0.0002159106106,1.072440357e+11,6395,16970,10214.32893,23155125.22,7773,6344574421,10003,816232.3969
2016-12-15,0.000212384831,1.072580757e+11,7163,18223,11729.22348,22779988.27,8567,7753390637,10002,905029.8397
2016-12-16,0.0002180287285,1.072719357e+11,6208,15875,9904.572578,23388363.73,7594,8469653755,10002,1115308.632
2016-12-17,0.0002153899738,1.072857857e+11,7284,22997,11927.05999,23108282.56,8669,1.276361377e+10,10001,1472328.27
2016-12-18,0.0002186948084,1.072996657e+11,8445,23253,15806.27957,23465879.82,9833,8619975000,10000,876637.3437
2016-12-19,0.0002144373193,1.073134557e+11,7755,18438,12793.62986,23012009.76,9134,1.361254404e+10,10003,1490315.747
2016-12-20,0.0002226167407,1.073272557e+11,7270,15775,11038.75488,23892843.84,8650,5300265302,10005,612747.4338
2016-12-21,0.0002206857785,1.073408857e+11,7271,16606,11239.06577,23688606.91,8634,5507837701,10004,637924.2184
2016-12-22,0.0002225646152,1.073547657e+11,7411,17127,12245.75333,23893372.1,8799,5887378000,10004.47569,669096.2609
2016-12-23,0.0002314074699,1.073686457e+11,8305,20701,16081.57982,24845906.63,9693,5147226776,10001,531025.1497
2016-12-24,0.0002313581796,1.073825857e+11,7988,21303,14358.45127,24843839.54,9382,7014154568,10000,747618.2656
2016-12-25,0.0002294604176,1.073964557e+11,7277,22586,13450.90919,24643235.56,8664,6942333961,10000,801285.0832
2016-12-26,0.0002334255262,1.074103757e+11,8398,17179,14312.28552,25072323.45,9790,9394402629,10000,959591.6884
2016-12-27,0.0002241428183,1.074242057e+11,7591,19643,14044.54691,24078364.21,8974,5061344300,10003,564000.9249
2016-12-28,0.0002221687795,1.074379757e+11,7590,17656,14449.67335,23869363.92,8967,6383079002,10007,711841.0842
2016-12-29,0.0002273716671,1.074518357e+11,8415,16872,16601.50479,24431503,9801,8075670371,10016,823963.919
2016-12-30,0.0002298202903,1.074656657e+11,8093,19559,16513.29607,24697790.48,9476,4894319112,10011,516496.3183
2016-12-31,0.0002302736254,1.074795357e+11,7485,16590,13429.21738,24749702.33,8872,5716875235,10004,644372.7722
2017-01-01,0.0002277519568,1.074933157e+11,7112,30853,15543.722,24481812.98,8490,6926177350,10000,815804.1637
2017-01-02,0.0002210768286,1.075072057e+11,8628,21099,19785.11813,23767352.07,10017,5015761742,9999,500724.9418
2017-01-03,0.0002265558747,1.075210357e+11,9572,18631,16309.33954,24359522.28,10955,5514818614,10003,503406.5371
2017-01-04,0.0002194618725,1.075349057e+11,8227,19857,16832.49319,23599811.75,9614,1.427779691e+10,10004,1485104.733
2017-01-05,0.0002274073773,1.075486157e+11,7582,16828,17171.10141,24457348.61,8953,1.044158537e+10,10006,1166266.656
2017-01-06,0.0002203791342,1.075624757e+11,7477,16264,16325.42242,23704525.26,8863,1.348083912e+10,10002,1521024.384
2017-01-07,0.0002245906715,1.075763057e+11,8298,24830,17649.78498,24160634.73,9681,8278443892,10000,855122.8067
2017-01-08,0.0002247580141,1.075901557e+11,7419,19811,16316.08043,24181749.72,8804,6462938381,10001,734091.1382
2017-01-09,0.0002333396414,1.076039557e+11,6658,17268,15400.31687,25108268.42,8038,9645815254,10004,1200026.78
2017-01-10,0.0002234003874,1.076175257e+11,7863,17085,16500.53471,24041796.92,9220,1.398288443e+10,10006,1516581.826
2017-01-11,0.0002091374363,1.076314257e+11,6722,16659,13330.66859,22509760.43,8112,2.594044266e+10,10004,3197786.324
2017-01-12,0.0002147830593,1.076449957e+11,6909,16194,12645.34903,23120321.48,8266,2.082385041e+10,10008,2519217.325
2017-01-13,0.0002143932115,1.076587657e+11,6591,13615,9416.040762,23081308.52,7968,2.230238249e+10,10003,2798993.787
2017-01-14,0.0002114828882,1.076724557e+11,7601,26785,12381.64294,22770881.9,8970,1.240735394e+10,10002,1383205.568
2017-01-15,0.0002119490761,1.076862457e+11,9356,26691,14847.92377,22824000.28,10735,1.242864084e+10,8000,1157768.126
2017-01-16,0.0002065513856,1.076999457e+11,7215,15171,10997.8051,22245573,8585,7921374942,10002,922699.4691
2017-01-17,0.0002164885179,1.077137857e+11,7839,17665,13028.88158,23318797.82,9223,7283487556,10004,789709.1571
2017-01-18,0.0002102548915,1.077276157e+11,11492,31108,47800.65009,22650258.14,12875,6168520599,10000,479108.396
2017-01-19,0.0002147351097,1.077414457e+11,10161,37753,54985.76509,23135871.15,11544,5415673398,8786.328946,469133.1772
2017-01-20,0.0002123952479,1.077552457e+11,7519,20633,18697.35605,22886702.12,8899,6023580112,10000,676882.8085
2017-01-21,0.0002081206062,1.077690457e+11,7467,27332,12862.38391,22428959.12,8847,4239033305,10001,479149.2375
2017-01-22,0.0002099373326,1.077826257e+11,10355,27811,16539.98041,22627596.93,11713,3235373948,3915.23,276220.7759
2017-01-23,0.0002096609911,1.077964757e+11,8879,19660,13397.26723,22600715.93,10264,8129824076,7527.080616,792071.7143
2017-01-24,0.0002021758075,1.078103857e+11,9088,17836,13421.37588,21796651.78,10479,9111216706,10000,869473.8721
2017-01-25,0.0002038320395,1.078239957e+11,8352,15784,12573.96296,21977984.94,9713,4001389889,10004.00845,411962.3071
2017-01-26,0.0002089057838,1.078378257e+11,9510,19401,13621.27615,22527945.49,10893,4945421655,9900.903546,453999.9683
2017-01-27,0.0002070952608,1.078515057e+11,9611,28935,15733.82344,22335535.69,10979,3390249418,10000,308794.0084
2017-01-28,0.0002099081101,1.078653757e+11,11465,30939,17647.42119,22641817.15,12852,3785631715,8410,294555.8446
2017-01-29,0.0002062457119,1.078791457e+11,9616,27710,15400.69113,22249611.19,10993,5906776446,6759.5,537321.6088
2017-01-30,0.0002096190145,1.078930257e+11,9795,18478,13768.43848,22616429.71,11183,6812090787,8992.643877,609146.9898
2017-01-31,0.0002082428456,1.079067957e+11,11844,23321,18142.36872,22470818.19,13221,1.214389292e+10,9997,918530.5896
2017-02-01,0.0002135690733,1.079206657e+11,10271,19330,14810.14783,23048516.55,11658,6860791913,10000,588505.0535
2017-02-02,0.0002118018479,1.079343957e+11,10717,21002,14653.98084,22860704.45,12090,5735885282,7760.975062,474432.1986
2017-02-03,0.0002093251953,1.079482057e+11,12104,22221,18464.38088,22596279.23,13485,8163416579,8087.277292,605370.1579
2017-02-04,0.0002145985005,1.079619357e+11,12490,31778,19274.21654,23168469.5,13863,8047464869,10000,580499.5217
2017-02-05,0.0002097238101,1.079757257e+11,11567,32025,17633.85909,22645080.59,12946,7179257086,7188.801439,554554.0774
2017-02-06,0.0002116282752,1.079892757e+11,9325,22318,13842.04561,22853584.14,10680,1.073900576e+10,8017.453036,1005524.884
2017-02-07,0.0002079427321,1.080031257e+11,9687,20180,14515.34928,22458465.02,11072,6737731855,10000,608537.9204
2017-02-08,0.0002085443934,1.080168157e+11,9854,22308,14152.73607,22526301.3,11223,8040264571,10000,716409.5671
2017-02-09,0.0002078092444,1.080304157e+11,11084,20913,15879.91806,22449719.05,12444,8274785658,8846.737384,664961.8819
2017-02-10,0.0002067570839,1.080443957e+11,9735,19437,13294.39613,22338944.17,11133,7880544362,10000,707854.5191
2017-02-11,0.0002079839264,1.080582257e+11,10201,30344,14215.91813,22474374.05,11584,6105931718,10002,527100.4591
2017-02-12,0.000207485745,1.080720657e+11,11274,31621,17511.4955,22423413.06,12658,6248265029,5998.274,493621.8225
2017-02-13,0.0002076200869,1.080858157e+11,10185,21904,14282.46314,22440786.44,11560,8192828231,9919.323968,708722.1653
2017-02-14,0.0002069417479,1.080996957e+11,10741,20299,14559.03667,22370339.96,12129,5957961608,8891.482107,491216.2262
2017-02-15,0.0002083177142,1.081134257e+11,10504,20852,14536.32878,22521941.7,11877,5922258344,10000,498632.5119
2017-02-16,0.0002135349488,1.081271857e+11,10945,19053,15271.38088,23088933.06,12321,8488926117,10001,688980.2871
2017-02-17,0.0002096045169,1.081408557e+11,12251,22726,17954.79041,22666811.8,13618,8019075660,8475.905807,588858.5446
2017-02-18,0.0002040259367,1.081546357e+11,11537,31359,17463.96467,22066350.85,12915,6947386562,10000.85702,537931.596
2017-02-19,0.0002080826539,1.081683557e+11,14477,30844,21337.85131,22507958.51,15849,6024555072,6097,380122.0942
2017-02-20,0.0002104528268,1.081820857e+11,11559,23295,16925.66888,22767225.73,12932,9160855789,8708.428414,708386.6215
2017-02-21,0.0002123596508,1.081959457e+11,10884,20315,15794.93824,22976453.23,12270,7449120312,10001,607100.2699
2017-02-22,0.0002017194461,1.082095957e+11,10952,19673,16783.22657,21827979.7,12317,5235524857,10004,425064.9393
2017-02-23,0.0002100679169,1.082234457e+11,11624,20169,16722.8807,22734273.79,13009,7036651566,10004.326,540906.416
2017-02-24,0.0002064299913,1.082371557e+11,13448,22266,18923.75089,22343395.1,14819,1.004681408e+10,10000,677968.424
2017-02-25,0.0002040947144,1.082508257e+11,12377,35543,18772.22192,22093421.34,13744,6393552776,9762.446934,465188.6478
2017-02-26,0.0002067652141,1.082644357e+11,15263,36511,25936.5132,22385319.22,16624,7147381331,5745.5,429943.5353
2017-02-27,0.0002089094684,1.082782457e+11,13902,23597,20761.89296,22620350.74,15283,8973772519,8068.384435,587173.4947
2017-02-28,0.0002093924578,1.082920057e+11,11607,21242,18051.67224,22675529.23,12983,8764776602,10000,675096.4031
2017-03-01,0.0001994548915,1.083057657e+11,13070,22687,19714.45906,21602114.74,14446,7807598827,8863.71638,540467.8684
2017-03-02,0.0002088875361,1.083195057e+11,11478,21480,17500.51088,22626594.65,12852,9381779580,10003,729985.9617
2017-03-03,0.0002160156589,1.083331957e+11,11281,20963,16117.39326,23401666.64,12650,9638936995,10001,761971.304
2017-03-04,0.0002106870911,1.083470057e+11,12025,36795,18459.86612,22827315.45,13406,6865012157,10001,512085.0483
2017-03-05,0.0002119589981,1.083607457e+11,12647,35037,19508.19507,22968035.08,14021,6030922316,5000,430134.963
2017-03-06,0.0002158202457,1.083744257e+11,11423,22096,16761.39089,23389395.17,12791,4822106557,8425.864574,376992.1474
2017-03-07,0.0002059717123,1.083881757e+11,11185,20272,14934.54764,22324898.13,12560,5767304524,9999,459180.2965
2017-03-08,0.0002045367268,1.084019757e+11,11697,20522,15476.85611,22172185.27,13077,7337692807,8997.5,561114.3846
2017-03-09,0.00021162352,1.084157257e+11,10411,19475,13938.4977,22943317.49,11786,5217909778,8001.166757,442721.0061
2017-03-10,0.0001955049805,1.084296457e+11,12329,20769,16456.84152,21198535.75,13721,2.170022282e+10,10002,1581533.621
2017-03-11,0.0002086018015,1.084432557e+11,11928,37654,20187.10894,22621458.49,13289,6269132901,8831.024235,471753.5481
2017-03-12,0.0002195895603,1.084567657e+11,11888,34769,17728.22762,23815973.48,13239,2.770389043e+10,4911.498614,2092596.905
2017-03-13,0.00024742747,1.084704857e+11,11919,24159,16937.78032,26838577.83,13291,3.637658808e+10,10000,2736933.871
2017-03-14,0.0002432558916,1.084844157e+11,11321,21316,15738.67023,26389473.25,12714,3.671816694e+10,9408.85521,2888010.614
2017-03-15,0.0002341249729,1.084982857e+11,10217,19870,14403.01026,25402158.18,11604,2.513688749e+10,10000,2166226.085
2017-03-16,0.0002297818634,1.085120557e+11,10828,20442,14673.77763,24934102.35,12205,2.805596757e+10,10000.276,2298727.372
2017-03-17,0.000210101861,1.085258157e+11,10397,21424,14573.19885,22801475.84,11773,8112641912,10000,689088.755
2017-03-18,0.0002177822897,1.085395957e+11,12766,35674,17999.13858,23638001.67,14144,9730814290,6956.350612,687981.7796
2017-03-19,0.0002299238962,1.085533757e+11,13557,33289,19874.2107,24959015.07,14935,1.229041396e+10,4183.98,822926.9471
2017-03-20,0.0002282675788,1.085670757e+11,11763,23435,15916.66885,24782343.5,13133,2.957499469e+10,7091.556513,2251960.305
2017-03-21,0.0002411196564,1.085809157e+11,12661,22249,15310.06989,26180993.08,14045,1.721072077e+10,9199.556235,1225398.417
2017-03-22,0.0002352320927,1.085947557e+11,11726,21190,15488.85046,25544971.62,13110,1.41577664e+10,8892.033962,1079921.159
2017-03-23,0.0002345111454,1.086085557e+11,11901,21276,15662.28738,25469916.79,13281,1.288786628e+10,8076,970398.7864
2017-03-24,0.0002595995307,1.086223557e+11,12796,25071,18565.81126,28198312.55,14176,4.227682728e+10,10000,2982281.834
2017-03-25,0.0002919999639,1.086361457e+11,11529,37061,16971.80319,31721750.6,12908,1.906889656e+10,10000,1477292.885
2017-03-26,0.000274777295,1.086500157e+11,15205,35349,22332.89884,29854557.4,16592,4.184856709e+10,5474.815827,2522213.542
2017-03-27,0.0002454675821,1.086637257e+11,11800,23365,16603.27193,26673422,13171,1.258310671e+10,10000,955364.5666
2017-03-28,0.0002826777841,1.086775457e+11,10571,19093,13863.77235,30720727.78,11953,8303444296,10004,694674.4998
2017-03-29,0.0002712815572,1.086912657e+11,9110,16492,11924.35794,29485935.8,10482,1.186008372e+10,10003,1131471.449
2017-03-30,0.000307157232,1.087051357e+11,9909,20588,13635.67085,33389568.58,11296,1.640511515e+10,10006.25271,1452294.188
2017-03-31,0.0003347709197,1.087189657e+11,10882,20399,15911.92703,36395948.12,12265,2.164238478e+10,10015,1764564.597
2017-04-01,0.0003347805245,1.087327557e+11,12954,38106,17814.4575,36401608.96,14333,1.657759741e+10,11633.26645,1156603.461
2017-04-02,0.0005248538979,1.087466457e+11,13579,35615,20061.12044,57076100.86,14968,2.080876995e+10,10000,1390217.127
2017-04-03,0.000420786731,1.087603557e+11,13572,27160,23103.73524,45764914.51,14943,-8.582158534e+10,10010.98215,6601475.968
2017-04-04,0.0004286952411,1.087741557e+11,10472,19830,14953.20193,46630962.89,11852,2.882033552e+10,10006,2431685.413
2017-04-05,0.0004386227752,1.087878957e+11,10622,19371,14565.23765,47716848.69,11996,4.589684468e+10,10003,3826012.394
2017-04-06,0.0004482071457,1.088016757e+11,10127,20872,14766.82414,48765688.49,11505,1.947239216e+10,10000,1692515.616
2017-04-07,0.0003924811864,1.088155057e+11,11364,20386,16244.328,42708038.75,12747,3.405776774e+10,10005,2671826.135
2017-04-08,0.0004345335107,1.088292157e+11,12169,29772,16069.94701,47289941.15,13540,1.014400509e+10,8869.393545,749187.9679
2017-04-09,0.0003849667352,1.088429757e+11,13071,29049,18555.88948,41900924.99,14447,2.668285202e+10,8003.932283,1846947.603
2017-04-10,0.00039660041,1.088567057e+11,13002,22425,17810.76726,43172614.09,14375,1.05176771e+10,10006,731664.4938
2017-04-11,0.0003981308329,1.088705957e+11,12303,21324,15766.85028,43344740.93,13692,1.057673917e+10,9995.5,772475.8376
2017-04-12,0.0004104915509,1.088844057e+11,11344,19886,29112.55646,44696128.55,12725,1.158131068e+10,9715.55384,910122.6468
2017-04-13,0.0004303753744,1.088980957e+11,10585,20956,75799.03372,46867058.69,11954,2.446562577e+10,10004,2046647.63
2017-04-14,0.000418028314,1.089116857e+11,10762,20862,106474.9645,45528168.33,12121,4.325926236e+10,9978.111017,3568951.602
2017-04-15,0.0004209392075,1.089245457e+11,12832,42537,161474.883,45850611.93,14118,1.243044082e+10,5248.98259,880467.5463
2017-04-16,0.0004499075976,1.089378657e+11,11662,26104,160371.4936,49011973.43,12994,1.866616034e+10,5627.302562,1436521.498
2017-04-17,0.0004620966824,1.089516257e+11,11674,22122,120338.4906,50346184.76,13050,3.902725812e+10,8099,2990594.492
2017-04-18,0.0004503980476,1.089653357e+11,10921,20763,104606.6266,49077774.44,12292,1.840712728e+10,6817.908648,1497488.389
2017-04-19,0.0004459507564,1.089790957e+11,10582,21134,108067.0366,48599310.14,11958,2.117531049e+10,9999,1770807.032
2017-04-20,0.0004388632126,1.089928157e+11,9350,18672,13277.82129,47832937.23,10722,2.052827065e+10,10002.11254,1914593.42
2017-04-21,0.0004539565538,1.090064857e+11,9383,16424,12374.29083,49484208.56,10750,1.015852623e+10,10003,944979.1841
2017-04-22,0.000465005646,1.090201257e+11,10500,28015,13890.04831,50694973.96,11864,5899462120,10001,497257.4275
2017-04-23,0.0005284926639,1.090339457e+11,13757,31419,19614.20746,57623640.4,15139,3.247341524e+10,9416.262709,2145017.19
2017-04-24,0.0005076242023,1.090475557e+11,11111,20879,14841.87334,55355178.45,12472,1.155592192e+10,9743.863232,926549.2236
2017-04-25,0.0005333540367,1.090612557e+11,11241,18161,15422.57947,58168260.95,12611,1.112591578e+10,10003.41681,882238.9805
2017-04-26,0.0005497943972,1.090750457e+11,10929,19830,15019.06005,59968848.98,12308,1.995342775e+10,10003,1621175.475
2017-04-27,0.0006405872976,1.090887457e+11,11667,21229,16833.55643,69880864.78,13037,1.929380146e+10,10005,1479926.476
2017-04-28,0.0006982216458,1.091026857e+11,12915,23673,18350.08941,76177856.74,14309,3.537743451e+10,10000,2472390.419
2017-04-29,0.0007503314951,1.091163657e+11,12798,33574,19735.9346,81873445.78,14166,5.873916105e+10,10008,4146488.85
2017-04-30,0.0007554853008,1.091302157e+11,13518,39657,22298.51797,82446273.79,14903,2.794383869e+10,10000,1875047.889
2017-05-01,0.000677593076,1.091441057e+11,12571,23517,18940.46196,73955290.27,13960,2.136481018e+10,10005,1530430.528
2017-05-02,0.0006148632973,1.091579957e+11,11853,21546,18172.43876,67117245.13,13242,2.069449798e+10,10002.97501,1562792.477
2017-05-03,0.0006845488758,1.091716857e+11,10808,21017,16270.67876,74733354.68,12177,2.451488953e+10,10007,2013212.575
2017-05-04,0.0007411996702,1.091855257e+11,12629,22466,18736.37461,80928275.6,14013,2.169872648e+10,10003,1548471.169
2017-05-05,0.0008141602973,1.091993457e+11,12569,22912,18739.05915,88905771.72,13951,3.825731693e+10,10012,2742263.417
2017-05-06,0.001170574073,1.092131457e+11,13018,30726,20853.58175,127842076.7,14398,3.481882853e+10,10037,2418310.08
2017-05-07,0.001208524423,1.092269857e+11,17415,37213,30273.48288,132003479.8,18799,-6.211813018e+10,10039.022,6508288.236
2017-05-08,0.001452856463,1.092406757e+11,17024,30276,28736.45806,158711021.7,18393,-6.744895533e+10,10828.70932,6362120.666
2017-05-09,0.001204103491,1.092544557e+11,14063,26558,24558.84862,131553671.5,15441,-7.509355545e+10,10028,7083342.095
2017-05-10,0.001270936372,1.092681757e+11,12231,27831,22119.55174,138872898.7,13603,-7.375304734e+10,10031,8138968.86
2017-05-11,0.001203620316,1.092819857e+11,11066,26899,21519.75389,131534018.1,12447,5.939415842e+10,10017,4771764.957
2017-05-12,0.00117019811,1.092958157e+11,10905,19632,16927.53991,127897756.9,12288,1.662431273e+10,10011,1352890.033
2017-05-13,0.001152144066,1.093096857e+11,11673,30053,19590.92928,125940505.7,13060,6.336717906e+10,10012.23581,4852004.523
2017-05-14,0.00119124543,1.093235657e+11,13544,25616,20679.74619,130231198,14932,1.703678833e+10,10000,1140958.233
2017-05-15,0.001118309227,1.093373757e+11,11755,22550,19233.15725,122272996,13136,2.983383465e+10,10005.44576,2271150.628
2017-05-16,0.00104771938,1.093511857e+11,11204,21984,17650.86357,114569356.4,12585,4.525808979e+10,10011,3596193.07
2017-05-17,0.001290052875,1.093649957e+11,13168,28180,22375.51244,141086627.1,14549,5.694971196e+10,10053.50028,3914338.578
2017-05-18,0.001459986374,1.093787257e+11,13768,27188,22913.34218,159691449.1,15141,4.502683751e+10,11586.21773,2973835.117
2017-05-19,0.001467312329,1.093926657e+11,12880,27283,21410.85639,160513207,14274,3.895725589e+10,10013,2729245.894
2017-05-20,0.00178906383,1.094062957e+11,13487,34179,24493.09807,195734846.3,14850,-8.172293076e+10,10047.91855,6918822.221
2017-05-21,0.002854872168,1.094201557e+11,21814,73185,53150.66468,312380557,23200,-6.146482686e+10,15368.6733,5301836.805
2017-05-22,0.003198461258,1.094340657e+11,21625,61709,44195.42426,350020619.2,23016,-8.519077549e+10,16904.99239,4313376.14
2017-05-23,0.003475603095,1.094479057e+11,20380,55159,40455.75773,380397479.6,21764,8.342595537e+10,12706.54177,3833208.756
2017-05-24,0.003329185558,1.094616957e+11,18546,34414,33142.62655,364418296.4,19925,-9447177820,15983.33122,8783952.969
2017-05-25,0.002923693295,1.094756157e+11,17703,32681,31859.04103,320073123.4,19095,-5.421920333e+10,16519.5,6821065.065
2017-05-26,0.002548388778,1.094894757e+11,13902,27149,24934.4521,279021751,15288,6.739030687e+10,14997.5,4408052.517
2017-05-27,0.002240863518,1.095034257e+11,15218,30325,26109.81885,245382231.6,16613,3.071629627e+10,21793.2448,1848931.335
2017-05-28,0.002460122843,1.095173457e+11,14881,29468,25418.22486,269426123.7,16273,2507870689,13901.04896,154112.3756
2017-05-29,0.002699707315,1.095313357e+11,11346,23051,19970.58424,295702548.1,12745,3.064877169e+10,10015.6,2404768.277
2017-05-30,0.002401187302,1.095451457e+11,12235,24171,20405.85995,263038412.7,13616,3.078473225e+10,10018.36002,2260923.344
2017-05-31,0.002512773054,1.095590657e+11,11860,25472,22626.41659,275297068,13252,4.930880439e+10,10201.47839,3720857.56
2017-06-01,0.002672309803,1.095729257e+11,12162,31084,23339.21309,292812803.4,13548,3.812566227e+10,10031.10721,2814117.38
2017-06-02,0.002924623945,1.095866357e+11,12905,28050,22465.13224,320499698.7,14276,-4.468441064e+10,10492.5,9791470.307
2017-06-03,0.00327693957,1.096004257e+11,13523,31376,22637.88219,359153971.7,14902,-4.035878985e+10,10494.00557,9670423.493
2017-06-04,0.003164698808,1.096142057e+11,15727,36450,27971.03847,346895945.9,17105,-7.513922633e+10,16405.29445,6391593.943
2017-06-05,0.003784068394,1.096280257e+11,15820,30482,29157.5068,414839946.9,17202,5.447586324e+10,15144.94274,3166833.115
2017-06-06,0.00367926926,1.096417857e+11,15141,30327,27262.60622,403401651.5,16517,3.467666985e+10,14244.09264,2099453.281
2017-06-07,0.00329191264,1.096556057e+11,14105,28283,24413.93298,360976674.3,15487,4.706154929e+10,13487.5,3038777.638
2017-06-08,0.003412184999,1.096694257e+11,13705,27070,24162.98386,374212369.1,15087,5.448234257e+10,11781.22507,3611211.147
2017-06-09,0.003329757965,1.096832857e+11,15213,29183,23351.76783,365218794,16599,5.448676092e+10,12218.24293,3282532.738
2017-06-10,0.003198035757,1.096970457e+11,14748,35934,25339.68173,350815074.4,16124,3.491737721e+10,11688.39196,2165553.04
2017-06-11,0.003511226989,1.097109257e+11,14648,32892,26088.16754,385219963.2,16036,3.261376921e+10,10055.84491,2033784.56
2017-06-12,0.003146011044,1.097247357e+11,13060,27292,21542.74723,345195230.2,14441,7.264423227e+10,10031.55054,5030415.641
2017-06-13,0.003210732386,1.097387057e+11,12843,26948,21283.64472,352341616.3,14240,-8.984424097e+10,10019.01542,6644887.624
2017-06-14,0.0028556103,1.097525657e+11,13775,26454,21218.53445,313410556.9,15161,5.564708262e+10,10019,3670409.777
2017-06-15,0.002793973559,1.097662157e+11,12765,26039,20874.86543,306683904.2,14130,4.126730875e+10,10010.75868,2920545.559
2017-06-16,0.003010426097,1.097800757e+11,13256,26150,21256.051,330484804.7,14642,2.97894109e+10,10003,2034517.887
2017-06-17,0.003260774335,1.097939057e+11,13389,35551,22471.99918,358013149.6,14772,2.466401272e+10,10013.0225,1669646.136
2017-06-18,0.003000870283,1.098077457e+11,11427,29943,19829.02355,329518800.8,12811,1.5728009e+10,10003,1227695.652
2017-06-19,0.003052320465,1.098216657e+11,12386,29360,21428.78613,335210917.6,13778,1.53527344e+10,10011.01518,1114293.395
2017-06-20,0.003149234501,1.098353957e+11,14885,30209,22788.15187,345897417.4,16258,2.25052159e+10,10020.93233,1384254.884
2017-06-21,0.00292209665,1.098492557e+11,15079,28801,21225.51985,320990141.9,16465,2.075521122e+10,10010.58332,1260565.516
2017-06-22,0.003000022964,1.098630057e+11,13060,25873,20080.78435,329591539.8,14435,1.339265986e+10,10024,927790.7765
2017-06-23,0.003000203967,1.098767757e+11,13336,27059,20717.21706,329652738.2,14713,1.143394321e+10,10013.05191,777132.0067
2017-06-24,0.002842971985,1.098905557e+11,12694,28397,19557.16032,312415771.1,14072,1.158516225e+10,10000,823277.59
2017-06-25,0.002621668704,1.099042857e+11,14218,33423,22240.14071,288132626.1,15591,2.204888751e+10,10003,1414206.113
2017-06-26,0.002544485068,1.099182757e+11,15433,28525,23476.30941,279685411.1,16832,4.411195463e+10,10027.40732,2620719.738
2017-06-27,0.002582494316,1.099320157e+11,14754,27035,22137.49371,283898805.6,16128,3.111888519e+10,10008,1929494.37
2017-06-28,0.002723316225,1.099458657e+11,14129,26178,19003.01039,299417359.8,15514,1.953082814e+10,10011.35039,1258916.343
2017-06-29,0.002584583118,1.099597557e+11,12640,24404,18606.7862,284200128.1,14029,1.798828433e+10,10013.48596,1282221.422
2017-06-30,0.002465707854,1.099736557e+11,12661,24068,18033.77726,271162906.5,14051,1.685563208e+10,10005.70995,1199603.735
2017-07-01,0.002285526366,1.099873057e+11,12309,23955,17834.44511,251378887,13674,1.650490876e+10,10008.14167,1207028.577
2017-07-02,0.002444503627,1.100010857e+11,11814,40097,20067.01358,268898052.8,13192,2.014850848e+10,10001,1527327.81
2017-07-03,0.002508581803,1.100147957e+11,12739,26354,19494.57675,275981114.5,14110,1.857288862e+10,10003,1316292.602
2017-07-04,0.002483746905,1.100286257e+11,13185,25887,19481.2453,273283258.4,14568,1.612138373e+10,10003,1106629.855
2017-07-05,0.00269915458,1.100424657e+11,12508,25051,22493.69806,297021625.1,13892,2.051901821e+10,10010,1477038.454
2017-07-06,0.002641143095,1.100560757e+11,12690,26476,18538.31069,290673844.3,14051,2.625996535e+10,10002,1868903.662
2017-07-07,0.002394086675,1.100699057e+11,13013,24949,18316.86656,263516894.4,14396,2.423660123e+10,10001,1683564.965
2017-07-08,0.002383771565,1.100837757e+11,12095,30938,19703.27286,262414574.2,13482,1.519053016e+10,10004,1126726.759
2017-07-09,0.002282869958,1.100976157e+11,11455,28165,19258.03154,251338539.2,12839,7841172614,9462.219995,610730.7901
2017-07-10,0.001828376581,1.101114757e+11,12643,27323,21107.76162,201325243.4,14029,1.281589999e+10,10001.21414,913529.1176
2017-07-11,0.001750374954,1.101252457e+11,13239,26445,21568.88517,192760471.8,14616,1.981574722e+10,10033.57301,1355757.199
2017-07-12,0.001881239576,1.101391157e+11,13183,26523,19897.69669,207198063.2,14570,1.54171827e+10,10011,1058145.689
2017-07-13,0.001784104998,1.101529757e+11,12247,25271,18394.05893,196524474.5,13633,1.069547426e+10,10010.98875,784528.2962
2017-07-14,0.001646358561,1.101665757e+11,12130,24234,17457.92269,181373685,13490,8507781237,10003,630673.1828
2017-07-15,0.001481832402,1.101804257e+11,11837,28872,17595.62848,163268924.8,13222,2.554946977e+10,10005,1932345.316
2017-07-16,0.001288850819,1.101942257e+11,12979,26763,18734.16552,142023918,14359,1.62797649e+10,10014.06246,1133767.317
2017-07-17,0.001524540289,1.102080557e+11,12910,25275,18456.70849,168016621,14293,1.206770714e+10,10017,844308.9021
2017-07-18,0.001797004113,1.102217957e+11,13215,26142,19607.75939,198069020.1,14589,1.501983683e+10,10033.86852,1029531.622
2017-07-19,0.001652475619,1.102355657e+11,13423,26669,20130.98501,182161584.6,14800,1.552801812e+10,10009,1049190.414
2017-07-20,0.001891889808,1.102494357e+11,12793,26267,18974.35578,208579783.7,14180,2.347264194e+10,10018,1655334.411
2017-07-21,0.001905149349,1.102632657e+11,12599,25467,18226.71651,210067988.7,13982,4.238852596e+10,10044.99463,3031649.69
2017-07-22,0.002096930944,1.102772457e+11,12100,27293,17538.42779,231243768.8,13498,1.669977592e+10,10013.00028,1237203.728
2017-07-23,0.002009704372,1.102911857e+11,12732,39288,20875.15223,221652677.9,14126,3.836023173e+10,10013.59312,2715576.365
2017-07-24,0.00199830263,1.103050557e+11,12077,32193,18342.02864,220422882.8,13464,1.006243945e+10,10004.16083,747358.842
2017-07-25,0.001748211738,1.103189857e+11,12874,25242,18812.46206,192860945.6,14267,1.409253646e+10,10005,987771.5329
2017-07-26,0.001769261552,1.103328057e+11,12476,23912,18536.13617,195207591,13858,8258338978,10010,595925.7453
2017-07-27,0.001825320302,1.103466857e+11,12173,23529,17237.42376,201418045.5,13561,6393718830,10008,471478.4183
2017-07-28,0.001754784605,1.103605057e+11,18368,32797,33645.31174,193658916.3,19750,9996199510,3333.535188,506136.6841
2017-07-29,0.001742418539,1.103743557e+11,12090,25364,18763.47383,192318323.5,13475,7439416264,10002,552090.2608
2017-07-30,0.001692094165,1.103881657e+11,12137,32384,18240.1963,186787171,13518,4591487005,10007,339657.2721
2017-07-31,0.001674717951,1.104019357e+11,14690,29870,22640.84818,184892103.4,16067,1.248574106e+10,10001.27693,777104.6904
2017-08-01,0.001793158521,1.104157157e+11,10905,22731,18117.6445,197992881.4,12283,1.07770121e+10,10011.00602,877392.5021
2017-08-02,0.001743720586,1.104295257e+11,12973,26889,19247.8393,192558237.2,14354,9047852203,10011.966,630336.6451
2017-08-03,0.001751900846,1.104434057e+11,12434,25112,21496.25241,193485895.8,13822,1.338823284e+10,10039,968617.6269
2017-08-04,0.001787778184,1.104572657e+11,12668,25676,18428.37224,197473089.8,14054,1.267374659e+10,10025.77417,901789.2833
2017-08-05,0.002026574424,1.104710657e+11,13471,30286,19011.49094,223877836.3,14851,9968384993,10510.09208,671226.5162
2017-08-06,0.00193848035,1.104848557e+11,13306,33055,19015.5428,214172721.7,14685,2.012522969e+10,10015.80889,1370461.674
2017-08-07,0.001947231094,1.104986657e+11,13794,44029,23357.43631,215166437.6,15175,1.270314828e+10,10010.00055,837110.2657
2017-08-08,0.001967738481,1.105124457e+11,13578,30786,19514.85221,217459591.9,14956,2.151562953e+10,10014.01971,1438595.181
2017-08-09,0.001928053212,1.105261557e+11,13187,25166,17584.63001,213100309.5,14558,9708038997,10011.452,666852.5208
2017-08-10,0.001920087869,1.105399057e+11,13077,28508,18147.22343,212246331.9,14452,1.193842677e+10,10014.42972,826074.3679
2017-08-11,0.001878003426,1.105537557e+11,15871,29304,22127.68621,207620331.9,17256,1.289676239e+10,10067.16098,747378.4418
2017-08-12,0.00184018633,1.105675157e+11,13672,33958,20043.06519,203464830.9,15048,1.156733836e+10,10008.00117,768696.0632
2017-08-13,0.001790310879,1.105814157e+11,14479,33304,21178.72651,197975111.4,15869,9894565764,10010.9541,623515.3925
2017-08-14,0.00174233989,1.105952157e+11,14740,31602,23392.10292,192694455.9,16120,1.189547306e+10,10038.1448,737932.5721
2017-08-15,0.00170164542,1.106090357e+11,15665,30130,24534.68974,188217359,17047,1.186857462e+10,10038.65239,696226.5867
2017-08-16,0.001732229195,1.106228257e+11,14597,28989,22342.87059,191624088.2,15976,8585969264,10018.00028,537429.2228
2017-08-17,0.001677617862,1.106366057e+11,15356,31278,23598.27486,185605945.8,16734,7689569874,10022.63555,459517.7408
2017-08-18,0.001642668088,1.106504457e+11,15569,30237,23435.69222,181761956,16953,8876974346,10003,523622.6241
2017-08-19,0.001645912623,1.106642557e+11,14557,32538,19231.06225,182143695.3,15938,1.072935042e+10,9625.997383,673193.0243
2017-08-20,0.001689289889,1.106780257e+11,15285,37321,20392.82052,186967269.7,16662,7029143174,9290.426386,421866.7131
2017-08-21,0.001691765724,1.106919757e+11,15559,30558,21623.39294,187264890.4,16954,6877540544,8607.335506,405658.8737
2017-08-22,0.001691106817,1.107056657e+11,13651,30127,18694.23844,187215105.9,15020,1.133962292e+10,10004,754968.2373
2017-08-23,0.001719481972,1.107194657e+11,16170,32676,22622.87179,190380125.1,17550,1.113249505e+10,9554.673057,634330.2024
2017-08-24,0.001796502967,1.107332657e+11,15916,30180,21783.17059,198932640.2,17296,1.286648876e+10,9684.994732,743899.6738
2017-08-25,0.001719641483,1.107470157e+11,16896,35312,24253.74867,190445162.3,18271,7039019663,6000.95736,385256.3989
2017-08-26,0.001753887742,1.107608557e+11,14934,33663,21079.38043,194262107.1,16318,4884579058,9133.63619,299336.8708
2017-08-27,0.001759135735,1.107746557e+11,15336,34080,21955.97551,194867655.3,16716,5674790881,8467.659843,339482.5844
2017-08-28,0.00180131294,1.107885457e+11,16644,35887,24311.81875,199564840.9,18033,1.092919367e+10,10005.02372,606066.3043
2017-08-29,0.001876829633,1.108023957e+11,15812,35309,25184.50174,207957219.5,17197,1.270110225e+10,11915.91276,738564.9966
2017-08-30,0.002110239489,1.108163357e+11,15230,36134,24543.19372,233849007.5,16624,1.903279844e+10,10021.34372,1144898.848
2017-08-31,0.002078086834,1.108302657e+11,15553,35922,23864.87115,230314915.8,16946,7161874260,10005,422629.1904
2017-09-01,0.002508764363,1.108440657e+11,14380,34001,22591.67205,278081641.7,15760,1.118933255e+10,10017.01682,709983.0297
2017-09-02,0.002223824526,1.108579857e+11,14970,41569,24313.91583,246528707.4,16362,2.813386244e+10,10026.56142,1719463.54
2017-09-03,0.002189167073,1.108718757e+11,13720,37385,21606.14531,242717059.5,15109,8787794893,10000,581626.5069
2017-09-04,0.00194820225,1.108856357e+11,16345,61824,31461.74811,216027644.9,17721,1.42277711e+10,10011.05596,802876.3107
2017-09-05,0.002014890628,1.108995057e+11,14277,34364,22175.86943,223450374.6,15664,2.082074715e+10,10004.56363,1329210.109
2017-09-06,0.002047331255,1.109133857e+11,15006,35623,23410.73531,227076441,16394,2.179988512e+10,10013.97999,1329747.781
2017-09-07,0.002011864621,1.109270257e+11,15428,34646,23233.48784,223170158.4,16792,1.686523921e+10,10002,1004361.554
2017-09-08,0.001793422947,1.109408957e+11,15834,37596,25934.12632,198963948,17221,3.008911688e+10,10018.35401,1747234.01
2017-09-09,0.001714307587,1.109546757e+11,16056,35389,24616.18343,190210442.3,17434,7.386130422e+10,10000.62582,4236624.081
2017-09-10,0.001559932619,1.109684857e+11,15819,43261,26905.83536,173103360.5,17200,6.282900965e+10,10053.8073,3652849.398
2017-09-11,0.001536861934,1.109823857e+11,16087,42413,25994.88454,170564603.8,17477,4.367975169e+10,10014.43919,2499270.566
2017-09-12,0.001493321785,1.109962457e+11,15192,36903,24647.94521,165753111.7,16578,1.680896002e+10,10034.10693,1013931.718
2017-09-13,0.001374342802,1.110101157e+11,14414,35820,23712.67107,152565953.3,15801,1.942732694e+10,10027.22655,1229499.838
2017-09-14,0.0009516427186,1.110238557e+11,17657,42763,29076.57051,105655043.8,19031,7.238624101e+10,13906.4036,3803596.291
2017-09-15,0.000976881974,1.110375357e+11,20442,47340,34668.78542,108470567,21810,-5268810943,32045.9644,8216351.664
2017-09-16,0.000911378296,1.110513857e+11,19122,47979,32121.13225,101209822.6,20507,3.272281112e+10,19868.40209,1595689.819
2017-09-17,0.000877181042,1.110653157e+11,17157,42945,28958.62994,97424389.32,18550,1.929893755e+10,11403.56468,1040373.992
2017-09-18,0.0009626362675,1.110791357e+11,18672,46873,35433.21011,106928804.5,20054,2.535495205e+10,10780.44189,1264333.901
2017-09-19,0.000856763817,1.110929657e+11,18833,46452,34018.31631,95180433.29,20216,8.19901269e+10,11998.66901,4055704.734
2017-09-20,0.0008375153403,1.111067657e+11,18322,52963,34160.53206,93053620.65,19702,-2.603751853e+10,11043.19495,8041311.654
2017-09-21,0.0007452250908,1.111206757e+11,18232,44450,31969.05515,82809915.6,19623,6.200440975e+10,11429.28329,3159782.385
2017-09-22,0.0007761043167,1.111345457e+11,18646,44371,31420.26941,86252000.61,20033,29441297.16,12330.87021,1469.639952
2017-09-23,0.0009405059697,1.111484657e+11,18417,44459,34042.91342,104535795.5,19809,-3.98970938e+10,14742.69904,7298215.303
2017-09-24,0.000877289452,1.111623157e+11,18879,52504,34082.01376,97521526.99,20264,2.626285557e+10,11904.60565,1296035.115
2017-09-25,0.001137301843,1.111759957e+11,20008,53021,37229.46715,126440664.8,21376,3.828394689e+10,12739.015,1790978.054
2017-09-26,0.001149872685,1.111899857e+11,20910,48371,39138.058,127854327.3,22309,-6.012210696e+10,15003.98567,5573774.431
2017-09-27,0.001151561752,1.112038157e+11,19119,42563,38093.11046,128058060.8,20502,3.549430495e+10,16438.55306,1731260.607
2017-09-28,0.001076808027,1.112177357e+11,17889,48597,38083.28638,119760150.5,19281,-2.032369784e+10,23094.29641,8513238.053
2017-09-29,0.001095595303,1.112316657e+11,20786,46109,38608.02998,121864890.4,22179,7.573406263e+10,12226.09354,3414674.36
2017-09-30,0.001153588508,1.112455657e+11,18242,48924,42233.34315,128331606.2,19632,6.605659698e+10,14128.29669,3364741.085
2017-10-01,0.001072539587,1.112593657e+11,17397,48627,38134.41313,119330074.1,18777,6.300083395e+10,11317.66429,3355212.971
2017-10-02,0.001065589033,1.112732657e+11,16868,43722,34217.78755,118571571.6,18258,2.427654252e+10,13266.74582,1329638.653
2017-10-03,0.001014635187,1.112870857e+11,17231,42828,38037.70247,112915793,18613,2.037786548e+10,11382.08586,1094818.97
2017-10-04,0.00100220075,1.113009257e+11,16271,46836,38781.3212,111545871.1,17655,3.191294605e+10,10041.48122,1807586.862
2017-10-05,0.0009959251695,1.113148757e+11,17661,44929,38728.74361,110861286.4,19056,3.308096803e+10,10050.00807,1735986.987
2017-10-06,0.001023110882,1.113286657e+11,17745,44319,39273.36502,113901569.3,19124,3.254442161e+10,12273.66429,1701758.085
2017-10-07,0.001041357937,1.113426157e+11,18784,47121,40802.83295,115947516.5,20179,2.479583341e+10,10371.64939,1228793.964
2017-10-08,0.001034874975,1.113565257e+11,16252,50968,39737.64628,115240081.8,17643,2.429481329e+10,10083.02438,1377022.802
2017-10-09,0.0009612177746,1.113704557e+11,17837,45689,40256.30737,107051261.5,19230,2.954320952e+10,14244.01266,1536308.347
2017-10-10,0.0009755245797,1.113842857e+11,18059,47266,42143.03698,108658108.4,19442,2.823981674e+10,10079.07125,1452516.034
2017-10-11,0.00102916306,1.113982357e+11,18222,50729,55688.71537,114646949.1,19617,2.256169834e+10,10009.42159,1150109.514
2017-10-12,0.001048950089,1.114122157e+11,19169,50979,55388.33852,116865853.5,20567,1.889789966e+10,10003,918845.7074
2017-10-13,0.001034670877,1.114261157e+11,20306,51581,46433.26003,115289356.8,21696,2.477920264e+10,10695.72634,1142109.266
2017-10-14,0.001064414891,1.114400157e+11,18937,53876,42776.50719,118618412.1,20327,1.820459975e+10,10105.14933,895587.1377
2017-10-15,0.001060538305,1.114539057e+11,21532,60860,48458.64752,118201136.2,22921,1.630307407e+10,10027.07387,711272.3736
2017-10-16,0.00116024044,1.114677157e+11,23677,55041,47800.11274,129329351.4,25058,2.757427146e+10,10487.43057,1100417.889
2017-10-17,0.001064202238,1.114813757e+11,23100,55921,50433.81401,118638729.4,24466,2.780837237e+10,12906.63346,1136612.947
2017-10-18,0.00102893468,1.114952757e+11,22115,53898,40558.33598,114721355.7,23505,2.605022255e+10,11022.53279,1108284.303
2017-10-19,0.001045106701,1.115092357e+11,21928,46003,35841.39143,116539049.4,23324,2.627373058e+10,11932.83833,1126467.612
2017-10-20,0.001045291763,1.115231057e+11,19915,41095,29493.23507,116574183.7,21302,2.460990875e+10,10001,1155286.299
2017-10-21,0.0009986686853,1.115370457e+11,16121,44059,26321.46995,111388554.7,17515,2.63487045e+10,10034.98208,1504350.814
2017-10-22,0.001043944651,1.115509757e+11,17432,43949,27304.0392,116453044.3,18825,2.546198028e+10,10043.20734,1352562.034
2017-10-23,0.001012482698,1.115647957e+11,18458,40954,30228.29371,112957425.3,19840,2.911983493e+10,11688.95126,1467733.616
2017-10-24,0.001072021678,1.115786757e+11,27775,55868,49632.12213,119614759.1,29163,2.632233092e+10,38206,902593.3862
2017-10-25,0.001055830238,1.115924757e+11,17077,35642,25978.12585,117822710.2,18457,2.261991684e+10,10828.55076,1225546.776
2017-10-26,0.001034822621,1.116063057e+11,17325,35924,29213.85999,115492729.8,18708,2.418440488e+10,10071.94547,1292730.644
2017-10-27,0.001002808152,1.116201757e+11,17177,41026,29383.59207,111933622,18564,1.971093953e+10,10072.90733,1061782.995
2017-10-28,0.0009990957966,1.116341957e+11,18967,42673,30810.25823,111533255.6,20369,1.674017939e+10,10004,821845.9122
2017-10-29,0.001159821585,1.116480457e+11,20847,54945,31589.46362,129491813.3,22232,2.180860291e+10,7992.148185,980955.5103
2017-10-30,0.001135742926,1.116619357e+11,18288,48491,32750.95337,126819253.5,19677,3.48190217e+10,10000,1769528.978
2017-10-31,0.001127644501,1.116758757e+11,18023,51400,27697.55994,125930687,19417,2.582868936e+10,10000,1330210.092
2017-11-01,0.001103147659,1.116898057e+11,16416,39265,23679.67416,123210347.7,17809,1.608195516e+10,10008,903024.0419
2017-11-02,0.001153355445,1.117036357e+11,20669,40523,29690.74113,128833996.4,22052,1.465064359e+10,10056.84789,664368.0206
2017-11-03,0.001120547657,1.117175357e+11,17549,36527,24947.58178,125184822.8,18939,1.402292113e+10,10035.02241,740425.6363
2017-11-04,0.001157177451,1.117313657e+11,15913,34541,22897.54387,129293016.9,17296,1.406443205e+10,10414.74722,813160.9652
2017-11-05,0.001170919867,1.117453057e+11,18292,47862,26567.92913,130844798.4,19686,1.706121546e+10,10137.32405,866667.4522
2017-11-06,0.001146639837,1.117592957e+11,15199,40589,22475.40514,128147660.6,16598,1.366950405e+10,10000,823563.3239
2017-11-07,0.001181904104,1.117731357e+11,17527,44172,25223.70441,132105127.7,18911,1.87735126e+10,10000,992729.7658
2017-11-08,0.001243742416,1.117870057e+11,14496,37331,21503.01135,139034240.4,15883,1.800459374e+10,10002,1133576.386
2017-11-09,0.001397731978,1.118008157e+11,14720,40764,22059.24007,156267575.2,16101,1.796374957e+10,10043.71387,1115691.545
2017-11-10,0.001166725827,1.118146957e+11,14686,39216,21781.54971,130457093.3,16074,1.614541862e+10,10007.25525,1004443.114
2017-11-11,0.001177213338,1.118284457e+11,14623,38071,21196.91159,131645937.7,15998,1.862058778e+10,10006,1163932.228
2017-11-12,0.001024777202,1.118422457e+11,14371,40324,21060.2529,114613383.5,15751,1.984216277e+10,10035.16587,1259739.875
2017-11-13,0.001202119581,1.118559257e+11,14475,35789,20994.43002,134464198.5,15843,1.721100794e+10,10004,1086347.784
2017-11-14,0.001174785391,1.118697357e+11,14520,34903,22180.64403,131422931.1,15901,1.192090552e+10,10013,749695.3351
2017-11-15,0.001278562954,1.118835757e+11,15161,37764,32735.21586,143050195,16545,1.293322901e+10,10011,781700.152
2017-11-16,0.001366868336,1.118974957e+11,14944,37710,21624.18296,152949143.7,16336,1.993223614e+10,10014,1220141.781
2017-11-17,0.00128605196,1.119113657e+11,13881,34674,22347.00418,143923831.1,15268,9575726794,10006.21848,627176.2375
2017-11-18,0.001345263778,1.119252457e+11,13479,40621,19001.56662,150568978.8,14867,1.515300262e+10,10008.0001,1019237.413
2017-11-19,0.001349032078,1.119391057e+11,14505,44762,22481.73411,151009444.3,15891,9495233516,10000,597522.7183
2017-11-20,0.00136340888,1.119528957e+11,15608,46002,22889.88626,152637572.1,16987,1.312095148e+10,10003,772411.3426
2017-11-21,0.001350620219,1.119667657e+11,15817,40922,22562.8173,151224577.5,17204,8563279712,10005.64748,497749.3439
2017-11-22,0.001887229186,1.119806057e+11,17998,43596,28033.77556,211333067.3,19382,2.330689763e+10,11465.69768,1202502.199
2017-11-23,0.001937603633,1.119943957e+11,21320,47992,33819.1403,217000747.9,22699,4.374125472e+10,15972.875,1927012.411
2017-11-24,0.001920668877,1.120082857e+11,15457,44689,24822.9458,215130828.2,16846,2.786013428e+10,10032.76686,1653813.029
2017-11-25,0.002052132498,1.120220257e+11,15138,39660,23418.70142,229884039.3,16512,1.149654259e+10,10014.3329,696253.7903
2017-11-26,0.001992667774,1.120357857e+11,16608,66377,25672.67675,223250099.7,17984,2.108606377e+10,10026.99777,1172490.201
2017-11-27,0.002005648183,1.120494757e+11,17646,45300,25779.75956,224731827.2,19015,1.776428314e+10,10002,934224.7249
2017-11-28,0.002355976831,1.120631257e+11,17391,39422,25995.68086,264018127.6,18756,2.119737534e+10,10248.56207,1130165.032
2017-11-29,0.002079836765,1.120767557e+11,19425,47038,29191.22653,233101356.9,20788,1.855383889e+10,11621.1316,892526.4042
2017-11-30,0.002064616694,1.120905457e+11,16394,41142,25735.56613,231424011.8,17773,1.575161921e+10,10019,886266.7648
2017-12-01,0.002114541167,1.121043457e+11,16210,40063,24904.3852,237049253.9,29410,2.483187126e+10,10016.37108,844334.283
2017-12-02,0.002111928093,1.121180657e+11,15112,42210,24621.37433,236785292.5,59298,4.551439553e+10,10021.12663,767553.6364
2017-12-03,0.00220259291,1.121318657e+11,14421,43182,25452.96776,246980852.2,32685,2.709858289e+10,10013.67682,829083.1542
2017-12-04,0.002456411961,1.121455057e+11,15125,39470,27682.83347,275475561.4,32978,3.8032223e+10,10065.66887,1153260.446
2017-12-05,0.00246912866,1.121593157e+11,16935,41416,27250.77696,276935780.8,36632,2.190282275e+10,10115.97434,597915.0128
2017-12-06,0.002628072461,1.121731157e+11,18232,50124,28827.58946,294799076.1,39224,3.12450473e+10,10862.72179,796579.8313
2017-12-07,0.00268574629,1.121870857e+11,19715,49027,31782.94314,301306049,42224,3.683872727e+10,11043.82985,872459.4371
2017-12-08,0.002774455016,1.122009557e+11,19123,45494,29915.4561,311296504.2,41020,4.113260332e+10,11395.71248,1002745.083
2017-12-09,0.002621778379,1.122148657e+11,17248,44496,27098.7344,294202508.6,37278,2.98880724e+10,10038.81356,801761.6932
2017-12-10,0.00258663939,1.122287257e+11,16961,45835,26893.30367,290295242.5,36694,3.186457735e+10,10027.1384,868386.5849
2017-12-11,0.00268712967,1.122425157e+11,17823,44295,29024.49402,301610194,38404,3.574476212e+10,10052.85745,930756.2264
2017-12-12,0.003277842373,1.122563057e+11,22965,54554,37126.07617,367958475.3,48688,4.898958551e+10,16419.09905,1006194.247
2017-12-13,0.003490986922,1.122701757e+11,26070,64325,42953.37559,391933714.9,54914,6.578479864e+10,14248.01089,1197960.423
2017-12-14,0.003707573458,1.122838857e+11,23627,54782,37852.29531,416300754.2,49996,4.887864819e+10,14584.9262,977651.1759
2017-12-15,0.003701981866,1.122975957e+11,22794,55872,35311.69792,415723662.7,48330,6.098745087e+10,12875.60757,1261896.356
2017-12-16,0.005808127547,1.123114857e+11,32214,71758,52055.60822,652319433.6,67206,-8.212423101e+10,20132.32333,1522828.464
2017-12-17,0.006020449926,1.123252957e+11,36031,80887,59754.00672,676248817.9,74824,-5.858336927e+10,32725.79726,1682402.324
2017-12-18,0.006306269149,1.123390057e+11,30636,69984,48259.1765,708440005.6,64014,7.706836945e+10,20531.9683,1203929.913
2017-12-19,0.005582034329,1.123529357e+11,30950,74157,46536.13065,627157943.8,64686,6.599509433e+10,15648.41925,1020237.676
2017-12-20,0.006621601968,1.123666957e+11,27820,71784,43436.89673,744047533,58392,6.900345586e+10,17063.03911,1181727.906
2017-12-21,0.007368184682,1.123806257e+11,34167,82860,57467.38034,828041204.5,71120,-5.850692576e+10,25294.23167,1771098.355
2017-12-22,0.00627755071,1.123943157e+11,28979,73275,44765.42093,705561016,60696,8.086264198e+10,26657.24503,1332256.524
2017-12-23,0.007469040112,1.124081557e+11,31538,72359,46732.45524,839581023.5,65844,6.807583928e+10,18561.69185,1033895.864
2017-12-24,0.008739733115,1.124218457e+11,31017,67979,68889.26214,982536927.3,64772,-6.658657683e+10,18239.25636,1819935.526
2017-12-25,0.00904498173,1.124356157e+11,37785,79098,58894.42881,1016978089,78324,4.277227195e+10,26285.01327,546094.0702
2017-12-26,0.009327054863,1.124494957e+11,32470,70298,47866.15804,1048822615,67716,-6.836902657e+10,15448,1714490.138
2017-12-27,0.008687895801,1.124632657e+11,31655,74755,48585.0352,977069133.4,66064,-9.049081387e+10,18871.73325,1422508.883
2017-12-28,0.008193895568,1.124768757e+11,31185,69646,50390.99833,921623772.9,65092,-8.540490508e+10,18568.31341,1521884.958
2017-12-29,0.009440544965,1.124907257e+11,34032,84040,56912.17997,1061973754,70834,-6.618922135e+10,19998.5,1669794.44
2017-12-30,0.007938504286,1.125044457e+11,31083,72323,49779.56032,893117024,64910,-7.280585582e+10,19746.1863,1720252.425
2017-12-31,0.009034690557,1.125182557e+11,29497,69000,46574.88938,1016567622,61756,-6.134181424e+10,16074.85786,1993743.547
2018-01-01,0.008803730306,1.125321357e+11,29059,66246,50288.53626,990702573.1,60894,-5.829664391e+10,21883.20677,2071974.198
2018-01-02,0.009011452378,1.125458757e+11,34502,77363,54718.81905,1014201799,71752,-7.739273807e+10,20901.28601,1492288.754
2018-01-03,0.00920949731,1.125597257e+11,34229,74585,52979.73983,1036618491,71228,-7.898604694e+10,20010.34608,1480897.874
2018-01-04,0.009524498091,1.125736057e+11,36720,86339,59000.70154,1072207092,76216,-6.624950641e+10,22648.6403,1551090.773
2018-01-05,0.01264936743,1.125874957e+11,39923,90058,66961.44261,1424160601,82624,-1.353940624e+10,29768.9741,2068745.576
2018-01-06,0.01461946292,1.126013757e+11,49934,114568,84542.97055,1646171636,102644,6.476257e+10,34253.32095,630943.5524
2018-01-07,0.01676283951,1.126152857e+11,49025,141875,84116.6208,1887751960,100832,6.118828611e+10,31049.47829,606834.0022
2018-01-08,0.01467205615,1.126292757e+11,46535,120007,73520.96591,1652503056,95868,2.685520345e+10,38606.369,280126.8771
2018-01-09,0.01288415446,1.126432257e+11,43300,161690,76175.78458,1451312718,89390,-4.289143348e+10,19904.36445,1583801.401
2018-01-10,0.01264917771,1.126571957e+11,40430,89063,59684.00042,1425020889,83654,-6.28287037e+10,18854.25779,1454069.585
2018-01-11,0.01108762162,1.126711957e+11,35314,84603,55623.84283,1249255584,73428,-6.973488451e+10,18019.28707,1562517.789
2018-01-12,0.0126084678,1.126850657e+11,33175,80199,51013.26055,1420786022,69124,8.252470318e+10,20017.91939,1193864.695
2018-01-13,0.01223548631,1.126989757e+11,35029,79525,51857.19235,1378926774,72840,7.786212563e+10,19545.66635,1068947.359
2018-01-14,0.01142129426,1.127128357e+11,31115,75396,48103.99545,1287326463,65002,6.319947041e+10,14999,972269.6288
2018-01-15,0.0097639017,1.127266857e+11,31808,76620,47343.79375,1100652278,66386,-5.203392856e+10,14684.7104,1994901.217
2018-01-16,0.006717538572,1.127406157e+11,33457,78687,50035.64131,757339434.2,69700,-5.112589538e+10,18501.59128,1913078.126
2018-01-17,0.007527549115,1.127545357e+11,31116,72074,45863.77512,848765305,57570,-9.208960781e+10,18440.95303,1604617.56
2018-01-18,0.007757735639,1.127684157e+11,29274,69581,46800.42327,874827557,30662,2.421853932e+10,15521.39563,789855.1731
2018-01-19,0.00777253646,1.127821457e+11,26130,66928,39742.77548,876603339.1,27503,2.337233156e+10,13798.38108,849810.2594
2018-01-20,0.008376100389,1.127960457e+11,27234,66750,39916.23873,944791001.8,28624,1.983332694e+10,11166.63835,692891.5226
2018-01-21,0.007033676626,1.128100557e+11,25857,63686,38690.15523,793469451.6,27258,4.247146436e+10,12681.02087,1558128.416
2018-01-22,0.006636489313,1.128239057e+11,27851,99687,46921.17894,748754644.1,29236,7.664775473e+10,10999.5175,2621690.885
2018-01-23,0.006626052916,1.128378757e+11,27414,87735,44051.78582,747669735,28811,2.312666044e+10,10161.78021,802702.4554
2018-01-24,0.007012189111,1.128516657e+11,26846,93879,40133.0178,791337221.1,28225,2.54498457e+10,10646.99122,901677.4386
2018-01-25,0.007520320558,1.128655757e+11,24942,66698,37434.99625,848785308.9,26333,2.717094529e+10,10164.53051,1031821.11
2018-01-26,0.007142695245,1.128794657e+11,26516,66580,39398.19236,806263622.6,27905,2.95970006e+10,10019.29133,1060634.317
2018-01-27,0.007300359503,1.128933457e+11,23515,61848,34541.5804,824162008.7,24903,3.193989824e+10,10014.41729,1282572.31
2018-01-28,0.007422744631,1.129073057e+11,24642,79412,40160.18932,838082096.8,26038,2.563680743e+10,10000,984592.0359
2018-01-29,0.006858558879,1.129212857e+11,25413,65714,36921.32405,774477286.4,26811,2.308637129e+10,10000,861078.3369
2018-01-30,0.005884160588,1.129352057e+11,24643,63532,37854.9166,664528886.1,26035,2.851363563e+10,10033.692,1095203.98
2018-01-31,0.005835048426,1.129490657e+11,25036,64102,38592.9296,659063267.7,26422,3.024348785e+10,10393.83303,1144632.8
2018-02-01,0.004945332884,1.129628857e+11,25958,63756,38592.50685,558639073.1,27340,3.028793404e+10,11937.95804,1107824.947
2018-02-02,0.004397573294,1.129766657e+11,26206,68833,39730.27442,496823167.7,27584,4.19800927e+10,14275.1326,1521900.112
2018-02-03,0.005100347535,1.129904157e+11,23524,64594,37283.23725,576290387.9,24899,2.865739124e+10,10398.387,1150945.469
2018-02-04,0.004333400592,1.130043857e+11,22005,64641,33638.01579,489693271.7,23402,2.217051144e+10,10020.82367,947376.7816
2018-02-05,0.003438856569,1.130182957e+11,22105,58602,32616.01872,388653708.4,23496,1.987894856e+10,10034.52628,846056.7145
2018-02-06,0.004326601068,1.130321757e+11,24139,71078,49007.63479,489045131.9,25527,3.01253006e+10,12106.52785,1180134.783
2018-02-07,0.004259339234,1.130459957e+11,24297,59902,36532.70617,481501244.5,25679,2.357842173e+10,10023.9701,918198.5953
2018-02-08,0.004482705748,1.130599557e+11,23274,55593,33986.51554,506814513.1,24670,1.922087719e+10,10000,779119.4643
2018-02-09,0.004957119688,1.130738657e+11,22881,53518,32455.05186,560520685.6,24272,2.118396885e+10,10025.90575,872773.931
2018-02-10,0.004929165069,1.130876757e+11,25496,60288,35742.2586,557427820.6,26877,3.654421349e+10,11591.87199,1359683.502
2018-02-11,0.004973061906,1.131016157e+11,22986,66595,34621.10521,562461336.3,24380,2.944443161e+10,10018.32629,1207728.942
2018-02-12,0.005472523053,1.131156957e+11,23780,59992,35917.29377,619028252.1,25188,3.772541851e+10,10054.32752,1497753.633
2018-02-13,0.005605838913,1.131296957e+11,23456,54389,34997.36975,634186850.1,24856,3.89974885e+10,11834.81447,1568936.615
2018-02-14,0.006727482141,1.131435657e+11,27546,72599,49807.67311,761171317.3,28933,5.312077466e+10,24998,1835992.626
2018-02-15,0.007287006534,1.131574457e+11,28224,66838,41828.17161,824579045.8,29612,5.013164297e+10,19690.3367,1692950.256
2018-02-16,0.007073516999,1.131713157e+11,26499,81914,44430.73819,800519225.1,27886,4.122164255e+10,13874.22557,1478219.987
2018-02-17,0.00710246994,1.131851457e+11,24996,56003,34025.78027,803894094.6,26379,2.703758226e+10,14192.51595,1024966.157
2018-02-18,0.00641728862,1.131989257e+11,25308,69650,34508.89756,726430177.4,26686,2.438239031e+10,12906.98664,913677.2205
2018-02-19,0.00658354214,1.132127057e+11,25719,54609,35204.63346,745340618.5,27097,2.459051986e+10,19004,907499.7179
2018-02-20,0.007048415028,1.132265657e+11,30870,65100,47875.95293,798067827,32256,6.982076364e+10,30836.22511,2164582.206
2018-02-21,0.006471859844,1.132404257e+11,27354,59926,38779.62563,732876163.5,28740,3.201834928e+10,20152.52414,1114069.217
2018-02-22,0.006160453233,1.132542457e+11,25379,52549,35715.0796,697697483.8,26761,2.82494261e+10,19597.15617,1055619.226
2018-02-23,0.006609466238,1.132680557e+11,25056,54576,33514.74288,748641389.7,26437,7.273880976e+10,23149.24554,2751401.814
2018-02-24,0.006173711093,1.132818057e+11,26629,54467,36768.55489,699369140.2,28004,8.825613861e+10,21170.05152,3151554.728
2018-02-25,0.006091387064,1.132955357e+11,27117,61893,37693.72169,690126960.3,28490,7.213508595e+10,22097.11203,2531944.049
2018-02-26,0.006340469618,1.133093057e+11,28757,56135,39364.33204,718434210,30134,8.674290559e+10,22360.01481,2878572.562
2018-02-27,0.006228270462,1.133231557e+11,31855,59107,43165.93431,705807263.1,33240,8.11282586e+10,45090.25168,2440681.667
2018-02-28,0.005922986586,1.133370257e+11,79302,88631,91934.05568,671293682.6,80689,-8.58697454e+10,333.3544638,1221947.172
2018-03-01,0.006197308094,1.133509657e+11,39708,61846,52228.42332,702470856.8,41102,-8.750167788e+10,10020.63755,2359149.503
2018-03-02,0.005388480424,1.133647457e+11,32188,55495,45730.08444,610863712.7,33566,7.27383928e+10,57884.81501,2167025.943
2018-03-03,0.005234289865,1.133784357e+11,33262,58787,47671.80849,593455596.6,34631,-6.641915359e+10,51349.65314,3408746.128
2018-03-04,0.005434247146,1.133922057e+11,33029,62971,45558.38211,616201270,34406,7.827773482e+10,48753.49166,2275118.724
2018-03-05,0.005186232144,1.134060357e+11,33096,55050,45382.13288,588150027.4,34479,6.738662163e+10,40961.23236,1954425.06
2018-03-06,0.004536886086,1.134198657e+11,34608,59269,46887.73028,514573010.3,35991,-9.056041602e+10,63361.25347,2609180.76
2018-03-07,0.003954783534,1.134336257e+11,30989,63476,44005.02464,448605434.9,32365,7.296458811e+10,15898.21418,2254428.8
2018-03-08,0.003970203365,1.134475657e+11,28146,57371,38344.81743,450409906.9,29540,8.518805304e+10,14219.83157,2883820.347
2018-03-09,0.004116170885,1.134613157e+11,21996,57529,31411.33502,467026164,23371,7.200252625e+10,9725.550639,3080849.183
2018-03-10,0.003932517915,1.134751357e+11,20661,56072,31296.04495,446243003.9,22043,7.410157085e+10,7506.260124,3361682.659
2018-03-11,0.004163532719,1.134890057e+11,19743,59560,29320.11259,472515188.3,21130,5.11760546e+10,7304.605476,2421961.883
2018-03-12,0.003990167468,1.135028157e+11,19867,52938,29392.80787,452895242.6,21248,5.786666082e+10,9842.570491,2723393.299
2018-03-13,0.003903022898,1.135166757e+11,19286,54266,29893.52808,443058184.4,20672,5.466003366e+10,7663.976504,2644157.975
2018-03-14,0.00350358345,1.135305557e+11,18192,50042,26660.77597,397763775.8,19580,6.101489343e+10,10000,3116184.547
2018-03-15,0.003538785323,1.135443057e+11,20955,57682,34158.96621,401808922.3,22330,8.304849882e+10,8819.860531,3719144.596
2018-03-16,0.00349273914,1.135580257e+11,19341,49883,27981.86874,396628560.9,20713,5.223878271e+10,8065.442823,2522028.808
2018-03-17,0.003226991298,1.135717457e+11,19852,54443,29006.34466,366495034.9,21224,6.953013099e+10,7710.980795,3276014.464
2018-03-18,0.003141954337,1.135855857e+11,21005,57577,30514.50796,356880723.5,22389,4.45479742e+10,8709.968599,1989725.946
2018-03-19,0.00344664472,1.135994257e+11,23247,61290,32924.57484,391536860.6,24631,7.039956813e+10,7509.503128,2858169.304
2018-03-20,0.003641453163,1.136131957e+11,20723,51552,28955.01334,413717130.7,22100,4.550239698e+10,10000,2058931.99
2018-03-21,0.00359582019,1.136270057e+11,20407,57679,29775.77131,408582281,21788,5.663560802e+10,10000,2599394.53
2018-03-22,0.003527937763,1.136407757e+11,19656,54867,28622.38671,400917583.8,21033,7.180613064e+10,10000,3413974.737
2018-03-23,0.003493603402,1.136546157e+11,21218,59346,30661.60647,397064151.9,22602,4.808947517e+10,10000,2127664.595
2018-03-24,0.003473856554,1.136684257e+11,20642,55451,29490.26965,394867805.5,22023,4.483210409e+10,10000,2035694.687
2018-03-25,0.003425798576,1.136822757e+11,21100,72469,31800.35194,389452578,22485,6.398179962e+10,7693.121467,2845532.56
2018-03-26,0.003235211182,1.136961857e+11,23928,59275,40009.35055,367831171.2,25319,6.00535499e+10,8073.685982,2371876.847
2018-03-27,0.003104521891,1.137100157e+11,20744,54510,29102.44772,353015232.8,22127,4.981783521e+10,10015.64465,2251450.048
2018-03-28,0.00314169319,1.137236957e+11,21089,50148,28513.85427,357284960.2,22457,4.534787339e+10,10005,2019320.185
2018-03-29,0.002759300432,1.137376357e+11,23691,56807,35020.98347,313836307.1,25085,6.784333864e+10,10005.753,2704538.116
2018-03-30,0.002720214655,1.137514857e+11,23413,57040,33695.39613,309428458.3,24798,6.708346977e+10,10035.23102,2705196.781
2018-03-31,0.002752468045,1.137653457e+11,23021,52818,31268.03876,313135478.5,24407,4.863183636e+10,10002,1992536.418
2018-04-01,0.002689117212,1.137792557e+11,23446,57440,31268.54714,305965754.8,24837,4.353007508e+10,10023.31127,1752630.152
2018-04-02,0.002767408501,1.137929357e+11,23736,59198,32249.72267,314911537.4,25104,2.258604891e+10,10017.64362,899699.2078
2018-04-03,0.002999948287,1.138067957e+11,25375,63142,34410.87701,341414501.7,26761,2.448443242e+10,10060.83611,914929.652
2018-04-04,0.002690366416,1.138206457e+11,24341,56459,32108.99651,306219242.6,25726,2.957323559e+10,10859.77585,1149546.591
2018-04-05,0.002747926528,1.138344257e+11,25223,54862,33400.0491,312808638,26601,2.872831437e+10,10109.49754,1079971.218
2018-04-06,0.002674697711,1.138482957e+11,25775,55524,36582.98327,304509775.8,27162,3.637146231e+10,10098.92825,1339056.856
2018-04-07,0.002787818825,1.138620757e+11,28570,61073,43110.47359,317426837.9,29948,3.823147054e+10,10013.46616,1276595.116
2018-04-08,0.002824116434,1.138758957e+11,27224,70373,43108.4849,321598788.4,28606,4.712600331e+10,10020.6409,1647416.742
2018-04-09,0.002739779487,1.138897457e+11,28102,62001,43114.69445,312032788.9,29487,4.459477928e+10,10488.00122,1512353.894
2018-04-10,0.003040821234,1.139035757e+11,29690,64063,49520.61556,346360411.4,31073,5.778476805e+10,16627.46181,1859645.61
2018-04-11,0.003385436782,1.139172957e+11,31412,66115,51833.01927,385659802.8,32784,6.553397674e+10,19563.60056,1998962.199
2018-04-12,0.003803138845,1.139312357e+11,30524,60716,43055.04893,433296307.9,31918,6.075617207e+10,20847.85439,1903508.117
2018-04-13,0.004015693836,1.139450357e+11,32930,69757,51427.03323,457568377.3,34310,6.187402889e+10,19020.2137,1803381.78
2018-04-14,0.00413692657,1.139588957e+11,31732,62997,49127.92619,471439583.4,33118,9.034204658e+10,12412.32113,2727883.525
2018-04-15,0.004609384411,1.139725757e+11,31048,79772,49811.9203,525343413.5,32416,-7.966430354e+10,14257.07293,3233068.152
2018-04-16,0.004606201596,1.139864557e+11,31842,71847,55357.68256,525044593.9,33230,-2.956413682e+10,23275.50163,4661549.922
2018-04-17,0.004742046056,1.140003657e+11,30771,61796,54120.63382,540594984.3,32162,-5.775926261e+10,23025.72593,3939685.907
2018-04-18,0.005469158837,1.140141957e+11,30743,65372,48852.29643,623561745.7,32126,-6.586102454e+10,30280.75332,3691913.596
2018-04-19,0.005797515385,1.140279457e+11,31781,63871,47783.98763,661078769.2,33156,-8.333790562e+10,40113.09317,3050112.653
2018-04-20,0.005789315398,1.140417657e+11,33057,69452,49783.59174,660223749.9,34439,-9.023042743e+10,35403.20782,2736345.809
2018-04-21,0.005496117346,1.140555757e+11,39204,68873,59424.58607,626862827.7,40585,-7.130091189e+10,10000,2788383.118
2018-04-22,0.005573485683,1.140692757e+11,21704,82690,41584.24802,635763474.7,23074,-7.265809044e+10,10006.03692,4845685.633
2018-04-23,0.005627211897,1.140831357e+11,19558,68144,37342.40016,641969978.2,20944,-8.525305386e+10,7678.377137,4737126.952
2018-04-24,0.005818098012,1.140968057e+11,21968,69616,44677.90529,663826398.1,23335,-5.779397826e+10,10000,5428474.929
2018-04-25,0.005120872352,1.141106657e+11,20851,76667,49849.76349,584346152.8,22237,8.75996975e+10,10001,3939366.708
2018-04-26,0.00559105193,1.141244557e+11,20721,64038,36992.7968,638075758,22100,7.41323691e+10,7998,3354405.842
2018-04-27,0.005442427927,1.141381757e+11,21489,66695,40241.04987,621188794.7,22861,7.63649156e+10,7276.565048,3340401.365
2018-04-28,0.005547631942,1.141518857e+11,22046,68819,42644.02238,633272647.1,23417,7.785667786e+10,7660.44333,3324793.008
2018-04-29,0.005491360426,1.141656657e+11,20607,74227,39999.35003,626924818.4,21985,8.117564273e+10,7666.203947,3692319.433
2018-04-30,0.005281223682,1.141795357e+11,22014,70390,40678.13078,603007667.7,23401,9.025138093e+10,6997.49774,3856731.803
2018-05-01,0.005111975153,1.141933457e+11,20585,66648,39202.76409,583753545.6,21966,4.614774091e+10,7063.182936,2100871.388
2018-05-02,0.005327472191,1.142072457e+11,21868,69501,40379.20797,608435925.2,23258,4.947315239e+10,8602.522756,2127145.601
2018-05-03,0.005559449755,1.142209857e+11,24291,71119,41324.85689,635005830.7,25665,512391938.4,8416.937232,19964.61868
2018-05-04,0.005271188634,1.142347557e+11,23457,74125,45643.62487,602152945.6,24834,-4.767086929e+10,7628.827186,5508438.892
2018-05-05,0.005171947742,1.142485557e+11,22583,69451,43888.9004,590887559.5,23963,8.578438264e+10,7816.48208,3579868.24
2018-05-06,0.004964282271,1.142623157e+11,21824,77083,41155.23962,567230387.8,23200,6.490177402e+10,6501.653452,2797490.26
2018-05-07,0.004921367055,1.142760757e+11,23288,77201,45523.24088,562394513.9,24664,6.965578985e+10,7370.775877,2824188.69
2018-05-08,0.005282863519,1.142899657e+11,23849,72550,47488.54106,603778290.1,25238,-7.380928199e+10,9273.862594,4384585.1
2018-05-09,0.004998069021,1.143037257e+11,22933,71130,46972.23669,571297910.2,24309,7.622492702e+10,9625.535889,3135666.914
2018-05-10,0.004757343973,1.143174857e+11,22218,71436,41987.82638,543847601.4,23594,5.414344442e+10,7674.192232,2294797.17
2018-05-11,0.004271560493,1.143313957e+11,21513,69986,40881.66796,488373472.8,22904,4.547339248e+10,8291.467381,1985390.87
2018-05-12,0.004325156082,1.143452457e+11,20996,67581,39163.26909,494561034.6,22381,6.034689761e+10,7992.856297,2696345.007
2018-05-13,0.004491429962,1.143589857e+11,21277,72906,36955.64615,513635374.6,22651,5.764432593e+10,5712.082775,2544890.995
2018-05-14,0.004456006691,1.143727557e+11,23466,73523,44001.7909,509645764.5,24843,6.54132595e+10,5892.458527,2633066.035
2018-05-15,0.004519710007,1.143865157e+11,25667,73011,52455.66735,516993879.4,27043,7.982676908e+10,4053.265568,2951845.915
2018-05-16,0.004376233158,1.144003357e+11,23400,77201,65958.40045,500642542.1,24782,4.224853074e+10,6998.610947,1704807.148
2018-05-17,0.004143999187,1.144142657e+11,23915,72655,48406.70136,474132623.9,25308,3.659505327e+10,6469.260999,1445987.564
2018-05-18,0.00422936009,1.144280757e+11,23517,73954,46151.38447,483957536.4,24898,6.038786395e+10,5109.125727,2425410.232
2018-05-19,0.004251570813,1.144418557e+11,23237,70388,40424.45969,486557653.3,24615,5.765583962e+10,5024.8,2342305.083
2018-05-20,0.004369248978,1.144557657e+11,22641,81993,42812.80472,500085737.1,24032,-4.803187354e+10,5977.126265,5677245.639
2018-05-21,0.004234152925,1.144696057e+11,22921,71930,43354.14189,484681815.6,24305,7.07405085e+10,7387.305268,2910533.162
2018-05-22,0.003810842015,1.144834357e+11,29194,75258,50672.01393,436278286.6,30577,3.499775469e+10,2887.44887,1144577.777
2018-05-23,0.003441058585,1.144972457e+11,28679,78048,57209.61267,393991730.1,30060,-7.318731412e+10,5635.582719,3701933.687
2018-05-24,0.003537848941,1.145110357e+11,29023,78176,82344.83234,405122746.3,30402,5.695532043e+10,4006.483257,1873407.027
2018-05-25,0.003451116086,1.145248257e+11,26648,76711,61225.7959,395238468.1,28027,5.412730207e+10,5335.442128,1931255.649
2018-05-26,0.003412095006,1.145385357e+11,23499,72648,43852.88185,390816365.4,24870,5.298670594e+10,6636.155701,2130547.082
2018-05-27,0.003361013866,1.145523157e+11,24572,78342,47104.78418,385011921.2,25950,4.467064708e+10,6067.51801,1721412.219
2018-05-28,0.003166332049,1.145660857e+11,28626,83361,76152.85704,362754268.8,30003,3.872711933e+10,5001.55,1290774.9
2018-05-29,0.003424428366,1.145799457e+11,28129,85442,54958.4305,392370816.1,29515,4.238865929e+10,5235.855,1436173.447
2018-05-30,0.003341225542,1.145938557e+11,32909,93888,64895.00883,382883917.4,34300,5.623395648e+10,5089.496479,1639473.95
2018-05-31,0.003401905373,1.146077157e+11,33996,93787,61610.86636,389884603.6,35382,4.995160202e+10,5068.235129,1411780.058
2018-06-01,0.003417898234,1.146216557e+11,29424,87473,51863.4796,391765154.4,30818,3.282272003e+10,6001,1065050.296
2018-06-02,0.003595118904,1.146354457e+11,28093,82369,48722.83951,412128057.7,29472,3.980300074e+10,8284.046059,1350536.127
2018-06-03,0.003654045742,1.146493257e+11,29073,94636,50257.23861,418933880.2,30461,7.486783247e+10,8992.600105,2457825.825
2018-06-04,0.003517525598,1.146631557e+11,31932,95725,56296.47703,403330585.2,33315,4.132250262e+10,10032.405,1240357.275
2018-06-05,0.003618837437,1.146769557e+11,32252,104215,61669.8153,414997260.2,33632,3.806158026e+10,10046.42418,1131707.31
2018-06-06,0.003759780216,1.146907457e+11,32154,92146,64269.28577,431211996.4,33533,7.205625465e+10,10021.81068,2148816.23
2018-06-07,0.003723263566,1.147045157e+11,34776,92876,66955.60434,427075143.9,36153,5.033049196e+10,10019.1537,1392152.573
2018-06-08,0.003644010746,1.147183557e+11,36867,94765,76622.5984,418034920.7,38251,4.486373479e+10,10006.0414,1172877.436
2018-06-09,0.003581534485,1.147322757e+11,35590,92280,78249.28512,410917601.8,36982,3.612302391e+10,10000,976773.1305
2018-06-10,0.003083073785,1.147461357e+11,37355,99979,53647.5995,353770802.8,38741,-8.540337038e+10,10191.69133,2557086.042
2018-06-11,0.00317970172,1.147599157e+11,38462,105919,61942.1685,364902301.1,39840,4.756659214e+10,10132.35538,1193940.566
2018-06-12,0.003040735842,1.147737857e+11,38940,96996,55458.82284,348996763.8,40327,3.731349848e+10,10057.6492,925273.3524
2018-06-13,0.002706485886,1.147875257e+11,40148,98839,58735.55035,310670818,41522,4.551436291e+10,10570.30576,1096150.545
2018-06-14,0.002925302748,1.148012757e+11,38759,99314,59181.85933,335828487.1,40134,6.836588205e+10,11947.42384,1703440.526
2018-06-15,0.002795885559,1.148148557e+11,38391,98886,55670.89953,321009196.9,39749,6.562491555e+10,14079.2927,1650982.806
2018-06-16,0.002888933818,1.148287957e+11,39933,111059,59277.26924,331732791,41327,2.895904816e+10,12999,700729.5027
2018-06-17,0.002865808453,1.148426157e+11,38578,104084,52201.30316,329116938.7,39960,3.727693271e+10,27910.25,932856.1738
2018-06-18,0.002992236569,1.148563557e+11,42747,98167,54713.46766,343677387.5,44121,3.687828328e+10,43813.25,835844.2302
2018-06-19,0.002996643506,1.148700457e+11,36457,77550,46729.34952,344224576.3,37826,3.202253328e+10,26391.72553,846574.6651
2018-06-20,0.002997666317,1.148837357e+11,33169,72096,43456.60568,344383104.7,34538,2.952021178e+10,10020.79426,854716.8853
2018-06-21,0.002922482149,1.148976157e+11,24959,64048,36496.93149,335786230.7,26347,2.753800409e+10,4000.540417,1045204.543
2018-06-22,0.002571162065,1.149115057e+11,25096,63519,35053.28238,295456104.2,26485,3.649747682e+10,5246.119485,1378043.301
2018-06-23,0.002612120615,1.149253057e+11,25083,58439,34253.03303,300198760.1,26463,6.748843582e+10,4777.07699,2550294.215
2018-06-24,0.002478741994,1.149389357e+11,24819,64517,35215.20892,284903966.6,26182,5.225318357e+10,4906.591104,1995767.457
2018-06-25,0.002514573864,1.149528057e+11,26196,64064,37576.824,289057320.7,27583,6.732821853e+10,5002.5,2440931.68
2018-06-26,0.002416514318,1.149666857e+11,26272,61804,35972.56715,277818641.9,27660,3.405511128e+10,6053.115099,1231204.313
2018-06-27,0.002428083798,1.149806057e+11,26084,62538,38269.28281,279182545.7,27476,3.937472695e+10,5635.957326,1433058.922
2018-06-28,0.002256299899,1.149945057e+11,26566,59105,37291.77895,259462091.4,27956,4.009365839e+10,6186.437013,1434170.067
2018-06-29,0.00239096742,1.150083457e+11,24538,62802,35856.1028,274981207.4,25922,2.918885123e+10,9309.388092,1126026.203
2018-06-30,0.00250967129,1.150221457e+11,27091,62429,37490.0127,288667776.7,28471,3.404197473e+10,6553.083464,1195671.902
2018-07-01,0.002506677391,1.150359357e+11,25776,69171,36405.5131,288357979,27155,3.315024774e+10,5983.661498,1220778.779
2018-07-02,0.002732037253,1.150498357e+11,26187,60960,36141.96735,314320436.9,27577,3.973798869e+10,5997.932522,1440983.018
2018-07-03,0.002623741551,1.150636757e+11,27404,62505,37308.04286,301897346.9,28788,5.870447384e+10,7606.316246,2039199.453
2018-07-04,0.002657281473,1.150772757e+11,28133,62551,40903.83798,305792712.6,29493,6.11493906e+10,7146.014743,2073352.68
2018-07-05,0.00257969783,1.150910157e+11,26824,59993,39086.61019,296900043.3,28198,3.16325386e+10,7497.007822,1121800.787
2018-07-06,0.002592647225,1.151048157e+11,23194,55927,32106.80504,298426180.9,24574,3.946049708e+10,4638.904008,1605782.416
2018-07-07,0.002606290438,1.151185357e+11,21768,53165,29256.84321,300032338.7,23140,3.793826411e+10,3702.469383,1639510.117
2018-07-08,0.002644482748,1.151324257e+11,21930,61916,31816.30059,304465713.3,23319,3.267613834e+10,4310.929366,1401266.707
2018-07-09,0.00261267928,1.151461857e+11,22270,58703,32511.55357,300840053.4,23646,3.126707975e+10,3909.966857,1322298.898
2018-07-10,0.002378174012,1.151599857e+11,21806,56724,32135.17197,273870485.1,23186,4.050343261e+10,4766,1746891.771
2018-07-11,0.002392099518,1.151738057e+11,22902,57319,31056.7627,275507205,24284,6.218095794e+10,4250.533024,2560573.132
2018-07-12,0.002242416304,1.151875357e+11,22363,57753,32023.84444,258298408,23736,3.424145381e+10,4646.612048,1442595.796
2018-07-13,0.002307485117,1.152013057e+11,22749,53855,30745.72209,265825298.2,24126,3.881314037e+10,4607.75565,1608768.149
2018-07-14,0.002343030683,1.152152257e+11,22059,54791,29499.24885,269952808.8,23451,2.46509859e+10,4166.385,1051169.925
2018-07-15,0.002389265271,1.152289457e+11,22701,63739,30801.75317,275312518,24073,3.687899232e+10,3712.954926,1531964.953
2018-07-16,0.002842774257,1.152428357e+11,24594,63433,36511.28667,327609366.5,25983,5.338591722e+10,4400.024108,2054647.932
2018-07-17,0.003244766589,1.152565457e+11,25712,60915,38002.47889,373980588.5,27083,-5.091485122e+10,5725.402422,4931233.228
2018-07-18,0.003677317868,1.152703257e+11,27493,67748,40135.10378,423885628.2,28871,1585705252,6251.751068,54923.80769
2018-07-19,0.003811851619,1.152842157e+11,24813,62428,34739.93808,439446324.1,26202,8.926194021e+10,4061.21207,3406684.231
2018-07-20,0.003416418874,1.152980357e+11,24384,59972,34287.94212,393906385.1,25766,5.173073638e+10,5877.347402,2007713.125
2018-07-21,0.003534364584,1.153117857e+11,19987,52029,27382.98006,407553891.3,21362,3.122300661e+10,4593.149755,1461614.39
2018-07-22,0.003498816266,1.153255257e+11,22184,61025,29647.64585,403502825,23558,4.188091948e+10,4678.719533,1777779.076
2018-07-23,0.003441936191,1.153393457e+11,22591,60372,34162.51533,396990668,23973,4.098460821e+10,5015.28815,1709615.326
2018-07-24,0.003640036453,1.153532257e+11,22485,57454,32160.9513,419889946.3,23873,4.794850671e+10,4733.849717,2008482.667
2018-07-25,0.003593002073,1.153670157e+11,22596,56983,32083.97095,414513926.4,23975,4.396764787e+10,4815.037403,1833895.636
2018-07-26,0.003375486666,1.153808857e+11,22868,58936,33722.59895,389466641,24255,4.490205511e+10,4650.257763,1851249.437
2018-07-27,0.00346367497,1.153947157e+11,21977,56599,32221.13585,399689788.3,23360,-9.134065806e+10,4681.793565,3986591.724
2018-07-28,0.003422868033,1.154085757e+11,21780,54036,30566.43059,395028324.4,23166,4.960247041e+10,4013.545,2141175.447
2018-07-29,0.003289328939,1.154223657e+11,22263,62843,33095.58182,379662127.5,23642,4.432036756e+10,4137.857303,1874645.443
2018-07-30,0.0032878859,1.154362057e+11,22914,59272,32040.01421,379541072.9,24298,2.372012039e+10,4492.606477,976216.9884
2018-07-31,0.002984872797,1.154500857e+11,22219,57444,31216.66557,344603820,23607,3.168984494e+10,4749.176628,1342391.873
2018-08-01,0.003062666723,1.154639357e+11,22787,59988,33723.45661,353627553.4,24172,2.941741261e+10,3865.676352,1217003.666
2018-08-02,0.002996867882,1.154778157e+11,21012,53080,29567.00036,346071756.8,22400,2.562974084e+10,4901.667254,1144184.859
2018-08-03,0.00293050426,1.154916057e+11,24658,57989,32819.39179,338448642.4,26037,2.63677448e+10,2746.460467,1012702.877
2018-08-04,0.002843712096,1.155052757e+11,22232,55006,29912.5988,328463749.5,23599,2.225049723e+10,2590.16282,942857.6306
2018-08-05,0.002915377241,1.155190957e+11,22506,65863,32420.56202,336781742.4,23888,1.478730053e+10,3326.232389,619026.3114
2018-08-06,0.002764250745,1.155330157e+11,24924,59426,34305.2569,319362224.6,26316,2.871962037e+10,2998.5,1091336.843
2018-08-07,0.002649044399,1.155468257e+11,25375,59131,39189.84416,306088671.3,26756,2.355844412e+10,3051.504015,880492.0064
2018-08-08,0.002407607286,1.155606557e+11,25121,60190,35492.54381,278224676.5,26504,1.977496377e+10,3527.67,746112.4273
2018-08-09,0.00259813586,1.155744657e+11,24799,64020,35373.93218,300278163.7,26180,1.687610464e+10,3999,644618.2061
2018-08-10,0.002423487895,1.155882457e+11,23712,57777,32920.68148,280126714.1,25090,9074016171,3952.904578,361658.6756
2018-08-11,0.0023880193,1.156021157e+11,21036,49100,28151.89939,276060083.3,22423,1.658875897e+10,3121.978187,739809.9707
2018-08-12,0.002426515056,1.156160057e+11,22092,61728,29896.91521,280543978.5,23481,1.00882248e+10,3192.073421,429633.5251
2018-08-13,0.002334176304,1.156297357e+11,23768,57258,32878.73363,269900189,25141,3.059605825e+10,4020.446442,1216978.571
2018-08-14,0.002248133335,1.156436657e+11,25156,59340,34578.76931,259982379.7,26549,1.244041392e+10,4996,468583.1452
2018-08-15,0.002285004006,1.156574457e+11,26027,59340,36483.05979,264277726.7,27405,8489947221,3998.00005,309795.5563
2018-08-16,0.002257069571,1.156712857e+11,29822,68106,40571.06197,261078139.1,31206,1.624060272e+10,2498,520432.0554
2018-08-17,0.002525430752,1.156850257e+11,29487,67145,40887.52012,292154521.3,30861,3.466113339e+10,3475.727704,1123137.079
2018-08-18,0.002414182313,1.156988957e+11,27607,59594,35986.10748,279318227.5,28994,1.847559031e+10,4951.163149,637221.1599
2018-08-19,0.002469326617,1.157126357e+11,28096,69914,39997.37284,285732291.2,29470,2.383034446e+10,4944,808630.6231
2018-08-20,0.00237028279,1.157266057e+11,28342,71001,39869.29979,274304781.8,29739,3.819871334e+10,4061.240556,1284465.293
2018-08-21,0.002422140176,1.157404157e+11,28210,63210,39106.94364,280339510.7,29591,2.220633884e+10,4497,750442.325
2018-08-22,0.002328304684,1.157542157e+11,28022,63325,37833.76455,269511082.5,29402,4.878124749e+10,5817.62551,1659113.24
2018-08-23,0.002378505592,1.157680957e+11,26450,60470,35472.68723,275355062.9,27838,6295143816,3303.474856,226134.9169
2018-08-24,0.002444007894,1.157819557e+11,27018,60184,35984.78976,282972013.6,28404,6623374484,4050.715,233184.5685
2018-08-25,0.002409509455,1.157957457e+11,28240,61561,38791.51708,279010944,29619,7429586021,3607.151465,250838.5165
2018-08-26,0.002437008839,1.158096057e+11,29102,76366,42011.5042,282229032.6,30488,4.66270318e+10,4880.404764,1529356.855
2018-08-27,0.00248018469,1.158233557e+11,35472,77014,47579.0995,287263313.4,36847,1.500587437e+10,4999,407248.1985
2018-08-28,0.0026682371,1.158372557e+11,39434,88896,52218.03225,309081263.1,40824,3.906557904e+10,8714.411539,956926.7842
2018-08-29,0.002588112394,1.158511357e+11,41177,87579,56465.78269,299835760,42565,3.309239366e+10,2913.960395,777455.5072
2018-08-30,0.003173483997,1.158648257e+11,52939,104202,85935.81326,367695170,54308,5854160131,4608.265892,107795.539
2018-08-31,0.004799144146,1.158787257e+11,48670,107432,78393.33765,556118707.8,50060,-7.146292277e+10,3868.275078,2257381.502
2018-09-01,0.006189506765,1.158926757e+11,60590,120425,112782.5414,717318500,61985,-1.307953138e+10,8125.635268,2764990.068
2018-09-02,0.005007132348,1.159064457e+11,53545,130999,83524.1848,580358913.4,54922,5.628167245e+10,9999,1024756.426
2018-09-03,0.005270665423,1.159203257e+11,53869,135222,82937.99256,610977252.2,55257,-8.387704402e+10,8857.070914,1820410.024
2018-09-04,0.005356821226,1.159342457e+11,58183,190541,122164.2874,621039027.9,59575,-5.761565524e+10,17121.79217,2129278.817
2018-09-05,0.004914444362,1.159481057e+11,41731,72576,76836.17596,569820514,43117,6.94971454e+10,24430.72446,1611827.015
2018-09-06,0.004985297908,1.159619057e+11,31843,63812,55137.21448,578104645.7,33223,8.110408281e+10,10074.18835,2441202.866
2018-09-07,0.005262558491,1.159757557e+11,29745,60827,52618.73995,610329197.7,31130,4.436981013e+10,10019,1425307.103
2018-09-08,0.005658862474,1.159896557e+11,36322,79983,63704.16859,656369509.8,37712,-5765282599,9957.5657,4738601.987
2018-09-09,0.005817129585,1.160035257e+11,29631,93523,50172.86505,674807541,31018,4.22742721e+10,2404.274514,1362894.838
2018-09-10,0.006850783248,1.160174057e+11,31453,85066,52004.82447,794810099.1,32841,-6119170820,2690.016908,5430658.93
2018-09-11,0.006262679224,1.160311657e+11,28104,78273,46704.68834,726665970.5,29480,-7.305290687e+10,3661.24872,3779326.115
2018-09-12,0.006416856593,1.160449757e+11,23643,67407,38800.82832,744643967.1,25024,6597380232,2920.103283,263642.1129
2018-09-13,0.006520707595,1.160589257e+11,25636,66885,43921.74468,756786318,27031,-1.717533974e+10,3651.308324,6188897.969
2018-09-14,0.006160370524,1.160727357e+11,25525,62331,41941.23224,715051059.3,26906,-6.846675706e+10,3979.631009,4311331.438
2018-09-15,0.006235844464,1.160865457e+11,25956,59946,42009.36852,723897643,27337,7.732566689e+10,3357.445652,2828608.365
2018-09-16,0.006531390712,1.161003957e+11,22628,59438,36924.91581,758297045.8,24013,6.20903242e+10,2053.48,2585696.256
2018-09-17,0.006226104135,1.161140557e+11,26473,61734,43779.49774,722938202,27839,-8.840085162e+10,2134.032178,3450791.664
2018-09-18,0.005932979518,1.161278957e+11,27144,65292,43959.3987,688984426.4,28528,7.669768353e+10,1460.006316,2688505.452
2018-09-19,0.005601155315,1.161417357e+11,25039,57792,42323.62371,650527899.9,26423,-8.668032886e+10,2755.827501,3700833.057
2018-09-20,0.005704713677,1.161556357e+11,23842,53946,39842.48815,662634643.3,25232,-8.623382696e+10,3999,3893215.511
2018-09-21,0.005706279218,1.161694057e+11,21650,52974,36850.0523,662895065.3,23027,8.60459903e+10,3288,3736743.401
2018-09-22,0.005796413943,1.161831157e+11,19288,45703,32286.12533,673445431.5,20659,3.993447759e+10,2894.862101,1933030.524
2018-09-23,0.005990283821,1.161968957e+11,20366,54778,43771.49785,696052384,21744,4.031458133e+10,2984.45,1854055.433
2018-09-24,0.005653293508,1.162107757e+11,19989,55504,53665.60201,656973623.6,21377,3.922222229e+10,3430.283263,1834786.092
2018-09-25,0.005713996687,1.162245957e+11,19842,44645,51688.9919,664106954.5,21224,4.865203556e+10,3270.887819,2292312.267
2018-09-26,0.005716823176,1.162384157e+11,25018,52342,52852.33153,664514468.5,26400,-5.742718705e+10,1866.558235,4812130.821
2018-09-27,0.005905702079,1.162521757e+11,20072,46267,35662.9871,686550715.4,21448,7.369273398e+10,2999,3435879.055
2018-09-28,0.005861611848,1.162659357e+11,16962,40994,29380.63346,681505785.9,18338,7.180003244e+10,5006.45734,3915368.767
2018-09-29,0.005883190064,1.162797557e+11,19349,81370,42431.34727,684095903.1,20731,3.417502115e+10,4268.005,1648498.44
2018-09-30,0.005884965545,1.162936157e+11,18491,45276,29692.91179,684383921.2,19877,5.731898274e+10,4314.849321,2883683.792
2018-10-01,0.005922449638,1.163074157e+11,20092,48147,34997.8153,688824811.7,21472,4.274202863e+10,5619.75498,1990593.733
2018-10-02,0.00579968766,1.163211457e+11,19714,46901,32703.81597,674626313,21087,-7.422817102e+10,5150.470712,5227830.878
2018-10-03,0.005663518901,1.163349257e+11,22277,42714,34817.76216,658865050.3,23655,-7.79529919e+10,5035.12771,4502830.219
2018-10-04,0.005617911264,1.163487457e+11,21123,44200,34016.18174,653636928.7,22505,5.818716749e+10,3846.534833,2585521.772
2018-10-05,0.005645523172,1.163624657e+11,19523,44454,33248.03841,656926996.2,20895,5.271402577e+10,3161.545854,2522805.732
2018-10-06,0.005549762012,1.163763457e+11,18726,42502,30717.30344,645861022.1,20114,3.329997301e+10,3119.370137,1655561.948
2018-10-07,0.005610000057,1.163902557e+11,17934,44819,32508.10875,652949340.9,19325,3.11716283e+10,3628.221286,1613020.869
2018-10-08,0.005561317935,1.164040557e+11,20257,49694,37245.4746,647359962.4,21637,8.131934058e+10,4651.291776,3758346.378
2018-10-09,0.005585446419,1.164178357e+11,19494,46142,32910.75431,650245583.3,20872,6.639542008e+10,4342.532731,3181076.087
2018-10-10,0.005513344613,1.164317057e+11,20124,45615,32987.1436,641928117.1,21511,3.676661481e+10,3013.081055,1709200.633
2018-10-11,0.004935223301,1.164454757e+11,20190,48866,35845.88641,574684424.7,21567,7.833696615e+10,4019.839541,3632260.683
2018-10-12,0.005174804726,1.164592657e+11,21325,48509,46484.87096,602653958.3,22704,4.970313757e+10,3701.125,2189179.773
2018-10-13,0.00513251684,1.164730657e+11,20193,45145,32987.79202,597799970.8,21573,2.815430962e+10,3254.011203,1305071.6
2018-10-14,0.005115933701,1.164868557e+11,20279,52424,32554.4838,595939030.5,21658,1.539113126e+10,1878.647898,710644.1619
2018-10-15,0.005125874841,1.165005657e+11,21690,53086,37052.82707,597167318.4,23061,6.363931758e+10,3784.116066,2759607.891
2018-10-16,0.004950370806,1.165143357e+11,23159,56968,40704.84505,576789165.7,24536,7.110831025e+10,3741.127701,2898121.546
2018-10-17,0.004519643608,1.165281057e+11,22921,58834,39988.38247,526665507.9,24298,7.717839957e+10,4473,3176327.252
2018-10-18,0.004323023793,1.165419557e+11,25856,56860,46655.31077,503813647.1,27241,8.601303887e+10,4507.567271,3157484.632
2018-10-19,0.004499011876,1.165556657e+11,24254,58645,42328.42993,524385323.9,25625,-8.294564796e+10,4499.975,3961826.059
2018-10-20,0.004531879638,1.165694557e+11,22609,46134,36503.42873,528278742.5,23988,3.865096056e+10,3100.085581,1611262.321
2018-10-21,0.004480191112,1.165832457e+11,21889,58564,37531.04998,522315221,23268,3.86034035e+10,2319.246245,1659076.994
2018-10-22,0.004327569702,1.165970457e+11,22409,53853,39209.91746,504581842.1,23789,8.38379208e+10,3555.635069,3524230.56
2018-10-23,0.004131739998,1.166109457e+11,22863,62646,41409.64823,481806108.4,24253,-1.572840638e+10,4887.9867,6957449.98
2018-10-24,0.003872841002,1.166246657e+11,23068,56402,41011.26702,451668787,24440,-1.82832934e+10,5811.053497,6799678.696
2018-10-25,0.003694859186,1.166385457e+11,23607,56180,42425.7986,430963001.8,24995,-3.761406307e+10,4834.634954,5875310.169
2018-10-26,0.003983321011,1.166523957e+11,28161,66189,46520.20279,464663938.6,29546,-3.670072698e+10,4605.318898,5001242.597
2018-10-27,0.004189458134,1.166661157e+11,24713,52976,39061.15282,488767807.2,26085,9.133047917e+10,4344.473422,3501264.296
2018-10-28,0.004005646905,1.166800557e+11,22840,58383,37552.02438,467379103.8,24234,6.603830647e+10,3217.035817,2725027.089
2018-10-29,0.003803320493,1.166939057e+11,23677,58577,42936.1449,443824322.8,25062,-4.592124513e+10,4998,5528138.042
2018-10-30,0.003859143466,1.167076857e+11,23605,58077,42243.00643,450391702.5,24983,-6.557456181e+10,5156.282803,4758951.244
2018-10-31,0.003763416074,1.167214757e+11,24150,55713,42661.16048,439271477.7,25529,1.066689002e+10,5388.619738,417834.2285
2018-11-01,0.003770278467,1.167352457e+11,24521,55278,42537.3788,440124383.1,25898,7.433612073e+10,5109.17703,2870342.14
2018-11-02,0.003776456261,1.167491657e+11,32715,72954,52899.67438,440898117.6,34107,-475531107,5815.394691,5394549.788
2018-11-03,0.003755458238,1.167630457e+11,36478,72179,52402.98069,438498741.6,37866,3.101321516e+10,4646.080195,819025.3833
2018-11-04,0.003712598841,1.167767457e+11,34954,157506,73453.53995,433545210.5,36324,3.992239866e+10,3999,1099063.943
2018-11-05,0.003611424959,1.167906457e+11,32871,70772,50655.69917,421780652.7,34261,-4.429279038e+10,3246.138371,4091376.503
2018-11-06,0.003694039039,1.168045257e+11,30058,67324,49956.9362,431480477.7,31446,2.434713603e+10,3599.50662,774252.2429
2018-11-07,0.003617465995,1.168182257e+11,31883,65275,51507.65687,422585958.9,33253,3882195954,2896.509725,116747.2395
2018-11-08,0.003355580099,1.168320457e+11,29573,62872,48781.57862,392039287.4,30955,-7.041746085e+10,3265.478936,3684379.903
2018-11-09,0.003119853885,1.168459457e+11,29937,68549,49875.41511,364542277.5,31327,6.920579333e+10,5166.674082,2209142.06
2018-11-10,0.003283913204,1.168597857e+11,30227,59440,45395.21925,383757393.1,31611,-6695532755,2946.303703,5623735.661
2018-11-11,0.00313033041,1.168736557e+11,35842,82028,58300.24964,365853158.5,37229,5881579215,1747,157983.8087
2018-11-12,0.003043944068,1.168875057e+11,31190,67763,52980.35823,355799029.4,32575,3.833233916e+10,4598.167023,1176741.033
2018-11-13,0.002881751347,1.169012957e+11,27706,54450,43230.30147,336880466.2,29085,6.148436623e+10,3723.762327,2113954.486
2018-11-14,0.002629709317,1.169151257e+11,29710,61675,47232.22372,307452795.2,31093,-7043425095,3819.645901,5706236.633
2018-11-15,0.002770736968,1.169290157e+11,32368,72127,55423.60163,323979546.3,33757,-1.308320426e+10,4855.7545,5076998.444
2018-11-16,0.002719621001,1.169428157e+11,32128,72943,63963.20441,318040137.3,33508,2.91794418e+10,4017.963141,870820.1565
2018-11-17,0.002561464849,1.169567157e+11,32133,62643,65729.92937,299580516,33523,4.67805355e+10,6078.252845,1395475.808
2018-11-18,0.002587604036,1.169706257e+11,28216,69031,55101.19998,302673663,29607,-7.068951308e+10,5066.845741,3842940.104
2018-11-19,0.002371080022,1.169843557e+11,29316,80118,63094.82681,277379268.6,30689,-8.528818736e+10,5969.813329,3231752.529
2018-11-20,0.002215527363,1.169982157e+11,31528,74325,64509.89213,259212748.2,32914,7.812784497e+10,6377.15,2373696.45
2018-11-21,0.002425295214,1.170121357e+11,31548,72170,63927.99194,283788972.6,32940,-5.893980675e+10,8743.902305,3810796.417
2018-11-22,0.002341811633,1.170259957e+11,30657,63658,165889.6214,274052838,32043,-2.568487532e+10,9115.851183,4955296.49
2018-11-23,0.002331188273,1.170397057e+11,33737,72603,67344.03345,272841589.3,35108,-5.230133495e+10,6703.58851,3764558.1
2018-11-24,0.002174499918,1.170536657e+11,24138,58441,50219.28427,254533186.3,25534,8.557699558e+10,5427.949395,3351491.955
2018-11-25,0.002178211643,1.170673757e+11,25051,71588,55189.4857,254997520.6,26422,-8.918427888e+10,6979.483,3606205.505
2018-11-26,0.002046789538,1.170812357e+11,26748,67987,57619.65739,239640648.2,28134,-7.923325247e+10,5478.90625,3740463.079
2018-11-27,0.002028310555,1.170950857e+11,28270,82807,60668.35424,237505198.2,29655,-2.916626992e+10,9556.171896,5236930.393
2018-11-28,0.002233430221,1.171088957e+11,28157,64902,54868.72016,261554546.7,29538,-3.633068667e+10,10000,5015124.723
2018-11-29,0.002213781227,1.171226257e+11,26714,63926,50425.06472,259283870,28087,-9.017693734e+10,9175.156816,3357087.029
2018-11-30,0.002161750291,1.171364357e+11,25974,58529,48532.42434,253219723.9,27355,1.399081856e+10,8910.708005,511453.7949
2018-12-01,0.002216536684,1.171502757e+11,26481,55420,51244.6783,259667883.5,27865,-4.130131966e+10,7736.909623,5137847.518
2018-12-02,0.002185454403,1.171639757e+11,27044,79474,52178.14472,256056526.5,28414,-8.628132813e+10,4486.150364,3455554.044
2018-12-03,0.002126436649,1.171778357e+11,29251,82450,62902.60404,249171244.1,30637,-6.9893948e+10,6093.5,3739709.917
2018-12-04,0.00216719639,1.171915457e+11,29129,83479,60328.92501,253977094.7,30500,-9.194190099e+10,9593.566443,3033624.254
2018-12-05,0.002143545436,1.172053757e+11,30035,77079,62925.37691,251235048,31418,-9171911310,8650.78865,5579461.755
2018-12-06,0.002081190766,1.172191657e+11,28127,67966,56859.2982,243955445.1,29506,3.428886851e+10,8387.5,1162098.167
2018-12-07,0.002100486051,1.172329857e+11,30498,74342,59115.68626,246246251,31880,-1.936565175e+10,6815.667664,5178851.599
2018-12-08,0.002089186997,1.172467457e+11,29824,68235,56962.31236,244950376.4,31200,-5.579151571e+10,5815.742913,4124228.366
2018-12-09,0.002074041239,1.172604957e+11,30693,76621,55022.90051,243203103.7,32068,-2.128145161e+10,5176.906055,5088748.57
2018-12-10,0.002043380711,1.172743957e+11,39950,89259,61865.47732,239636237.9,41340,6420374297,1800.86175,155306.5868
2018-12-11,0.002023255101,1.172881257e+11,36624,73799,61038.84627,237303798.5,37997,-3.031057905e+10,3995,4057079.814
2018-12-12,0.002036886143,1.173018957e+11,31137,66090,57469.65309,238930605.8,32514,6.86012302e+10,7179.157178,2109898.204
2018-12-13,0.002031248166,1.173156157e+11,31105,67652,55484.50633,238297129.2,32477,2292097195,5496.202,70576.01363
2018-12-14,0.002029573253,1.173292857e+11,30968,65340,58522.22082,238128380,32335,-7259712169,6309.455337,5480368.906
2018-12-15,0.0020288978,1.173432057e+11,31729,63755,57558.1713,238077371.8,33121,-2.865218451e+10,6859.054961,4704424.873
2018-12-16,0.002068461649,1.173570757e+11,29949,72955,52918.22807,242748610.3,31336,-837132984.5,8338.66,5860043.01
2018-12-17,0.002524124913,1.173708757e+11,33302,87522,72578.25076,296258751.3,34682,-6.068081205e+10,9233.77475,3569189.455
2018-12-18,0.002535782401,1.173847357e+11,30398,62835,54311.05801,297662146.8,31784,-3.894498168e+10,5998.740764,4578481.596
2018-12-19,0.002666080907,1.173985657e+11,35581,175912,93011.33496,312994074.4,36964,-8.977170414e+10,4998,2561836.83
2018-12-20,0.002652956423,1.174124857e+11,25259,51448,49131.22623,311490208,26651,-2.127768433e+10,3997,6123213.253
2018-12-21,0.002444647724,1.174263457e+11,26625,54798,52702.97067,287066048.6,28011,2023505761,7001.59298,72239.68302
2018-12-22,0.002464143796,1.174400057e+11,32073,66018,57189.84422,289389061.4,33439,-6.198655086e+10,6868.104026,3662815.571
2018-12-23,0.002506724172,1.174539057e+11,31532,75387,56793.42326,294424544.4,32922,-3.302425211e+10,5430.562447,4600060.404
2018-12-24,0.002505637828,1.174676757e+11,30827,63618,57424.44269,294331451.7,32204,5.975891721e+10,5584.5,1855636.48
2018-12-25,0.002398289502,1.174814757e+11,38953,76356,63929.00494,281754589.7,40333,-6.735719185e+10,4491.674685,2903583.886
2018-12-26,0.002382326535,1.174952257e+11,30126,61801,55292.29035,279911993.8,31501,9722233905,5197.674418,308632.5483
2018-12-27,0.002309529618,1.175090857e+11,31751,71424,57908.13225,271390713.7,33137,2.122042204e+10,5249.075259,640384.526
2018-12-28,0.002388364286,1.175229157e+11,36337,70290,62649.30876,280687534.6,37720,3.275018708e+10,7367.382178,868244.6203
2018-12-29,0.00234967552,1.175367657e+11,45681,105145,74483.76012,276173260.9,47066,-5.16022111e+10,27440.33045,2822955.629
2018-12-30,0.002347032577,1.175506157e+11,36351,83178,58067.58601,275895124.4,37736,-6.121950074e+10,6618.651091,3266057.346
2018-12-31,0.002311742808,1.175644457e+11,29859,71384,57705.59691,271778761.8,31242,-5.815676873e+10,4998,4042976.506
2019-01-01,0.002367595621,1.175782257e+11,44179,88233,68632.52434,278377692.2,45557,-8.571300562e+10,58923.575,2167711.551
2019-01-02,0.002362912976,1.175920957e+11,30550,65977,53164.60404,277859888.7,31937,-7.926665505e+10,9998,3294009.634
2019-01-03,0.002292974311,1.176059657e+11,29862,59299,52454.1877,269667458.1,31249,-4.807589115e+10,6032.481272,4364669.256
2019-01-04,0.002278241493,1.176198457e+11,31742,62730,55067.75811,267966412.8,33130,7.739586728e+10,5328.544786,2336126.389
2019-01-05,0.002260635261,1.176336457e+11,36072,70152,56720.40715,265926767.3,37452,5.014991049e+10,4824.941551,1339044.924
2019-01-06,0.002277195456,1.176473857e+11,40534,104177,74553.0112,267906092,41908,4.198874502e+10,8696.5,1001926.721
2019-01-07,0.002242654707,1.176612657e+11,39180,84851,62632.87198,263873591.2,40568,-6.914827247e+10,3791.509651,2842614.087
2019-01-08,0.002231533798,1.176750757e+11,29263,60621,52226.93542,262595908.5,30644,-8.905642877e+10,4575.504462,3113529.956
2019-01-09,0.002232601867,1.176888857e+11,29681,60069,53755.93004,262752425.9,31062,8295277332,5052.588489,267055.4804
2019-01-10,0.002111965648,1.177027557e+11,33463,67591,57967.1817,248584176.6,34850,-9.107480294e+10,4898.5,2679846.135
2019-01-11,0.002094709698,1.177167257e+11,30939,64281,53606.47573,246582366.9,32336,-6.024551791e+10,7399.340772,3841598.306
2019-01-12,0.002110402692,1.177306357e+11,34611,68255,52643.45304,248459050.4,36002,-7.94517276e+10,4502.329251,2916941.09
2019-01-13,0.002080528482,1.177444457e+11,32937,82794,51610.33769,244970672.8,34318,-7.266857628e+10,3099.345569,3257732.515
2019-01-14,0.00210217147,1.177582157e+11,29432,71279,51931.46659,247547961.3,30809,-5.584681125e+10,4996,4174774.562
2019-01-15,0.002049074094,1.177720857e+11,25038,65189,51029.46526,241323729.8,26425,2.788067968e+10,4818.031202,1055087.216
2019-01-16,0.002084478084,1.177859157e+11,30855,74796,59419.82718,245522159.8,32238,-6.154965267e+10,5077.052,3812823.006
2019-01-17,0.002089840665,1.177996657e+11,26704,68111,53953.47473,246182531.6,28079,-3.337818242e+10,5022.887586,5380863.219
2019-01-18,0.002052881642,1.178134957e+11,27228,62841,57235.21373,241857162.4,28611,3.486203311e+10,4593.40574,1218483.559
2019-01-19,0.002123055948,1.178272357e+11,29663,66039,55409.67114,250153813.4,31037,-3.4907788e+10,5025.718703,4818753.511
2019-01-20,0.002046213256,1.178411157e+11,29994,70611,53099.70286,241128053,31382,-4.3655997e+10,4077.318245,4487013.056
2019-01-21,0.00204294103,1.178549757e+11,30753,70329,60360.94538,240770765.4,32139,3.274935091e+10,5669.955617,1018990.974
2019-01-22,0.002031316012,1.178688957e+11,30072,64079,54586.00954,239428975,31464,7.667503784e+10,5068.181239,2436913.229
2019-01-23,0.002005122913,1.178826857e+11,31354,60460,57565.35408,236369274,32733,-4547127828,5011.329878,5496603.211
2019-01-24,0.002014189175,1.178964757e+11,28085,57058,50869.7255,237465805.1,29464,-3.988490253e+10,4998,4907091.305
2019-01-25,0.002004995742,1.179104057e+11,29768,74064,53373.12228,236409861.3,31161,1.230705911e+10,4998,394950.711
2019-01-26,0.002004240834,1.179241057e+11,28807,59359,51177.95267,236348307.9,30177,2.926948508e+10,4734.60154,969926.9338
2019-01-27,0.001982766632,1.179380357e+11,30330,69947,54328.43983,233843601.7,31723,-7.357153539e+10,6542.482,3495757.19
2019-01-28,0.001893075645,1.179518157e+11,30589,59570,53693.00847,223291709.5,31967,8.886513716e+10,5637.785,2779902.31
2019-01-29,0.001878235335,1.179654957e+11,31327,59330,54294.82626,221566962.3,32695,1.395910681e+10,5944,426949.2832
2019-01-30,0.001910836119,1.179794657e+11,28982,65454,52915.22113,225439424.3,30379,-2.433338759e+10,5796.423804,5271208.833
2019-01-31,0.001878553965,1.179933657e+11,29138,79962,53748.77252,221656904.9,30528,-9101348869,6093.612126,5744434.351
2019-02-01,0.00190619314,1.180073057e+11,28185,170393,81026.84363,224944716.5,29579,-9.137749106e+10,6313.387,3147163.517
2019-02-02,0.001907795211,1.180211557e+11,25747,62161,45413.88188,225160195.6,27132,-4.689597101e+10,5059.589721,5070450.749
2019-02-03,0.001861389586,1.180349657e+11,25870,72848,47051.31267,219709055.8,27251,-7.696221093e+10,4998,3945001.277
2019-02-04,0.001839399305,1.180488457e+11,25664,58928,45402.15162,217138964.6,27052,2.79416395e+10,5499.341573,1032886.274
2019-02-05,0.001834779995,1.180626557e+11,27495,61839,47684.57558,216618998.7,28876,2.884187981e+10,4999,998818.3892
2019-02-06,0.001780721157,1.180764957e+11,26790,80529,50877.8247,210261313.9,28174,8.673923316e+10,5228.994989,3078697.848
2019-02-07,0.001804057434,1.180902457e+11,28234,68509,51058.3357,213041585.5,29609,8.25116872e+10,6450.328634,2786709.69
2019-02-08,0.001922525244,1.181040457e+11,29062,88586,56300.76552,227058009.2,30442,8.247797485e+10,5183.366667,2709348.1
2019-02-09,0.001894227261,1.181179857e+11,28411,66120,52067.78645,223742308.4,29805,5.168928956e+10,5460.868023,1734248.937
2019-02-10,0.001883218629,1.181318157e+11,28138,104283,57216.30784,222468035.9,29521,5.237970482e+10,9999,1774320.139
2019-02-11,0.001843425997,1.181456857e+11,26575,73018,51235.73619,217792828.4,27962,2.508122084e+10,9503.439729,896975.2108
2019-02-12,0.001857503677,1.181596157e+11,28557,71113,50000.61631,219481920.5,29950,1.941884511e+10,6927.164866,648375.4629
2019-02-13,0.001869480169,1.181733457e+11,28250,67484,48768.30395,220922726.2,29623,2.732130009e+10,10002,922300.2428
2019-02-14,0.001870482713,1.181871057e+11,28371,92534,53821.26488,221066938,29747,2.451177631e+10,9986.379367,824008.3474
2019-02-15,0.001873535833,1.182010157e+11,28125,55632,48737.61005,221453838.3,29516,1.447212237e+10,5280.119343,490314.4861
2019-02-16,0.001916166354,1.182147757e+11,27870,60820,47328.2706,226519175.7,29246,2.092841598e+10,5875.33,715599.2607
2019-02-17,0.001999578036,1.182286357e+11,28276,71567,49561.80584,236407383.1,29662,3.827721099e+10,5662.575,1290446.059
2019-02-18,0.002045052853,1.182424257e+11,27726,64055,51444.2182,241812010,29105,3.227448031e+10,5489.5,1108898.138
2019-02-19,0.002049936098,1.182563357e+11,26787,58879,48432.38502,242417931.2,28178,2.299485872e+10,5561.20835,816057.1623
2019-02-20,0.002034848952,1.182701257e+11,27425,62820,50551.97101,240661841.2,28804,2.488596568e+10,5232.691493,863976.0338
2019-02-21,0.001998214526,1.182838857e+11,26418,58294,48458.48816,236356578.5,27794,3.490020748e+10,4998,1255674.155
2019-02-22,0.0020396289,1.182976857e+11,25626,60500,47140.79454,241283378.5,27006,2.304577447e+10,4999,853357.5677
2019-02-23,0.002069754546,1.183113957e+11,26777,63249,48537.54888,244875549,28148,2.698611415e+10,5998,958722.2592
2019-02-24,0.001927658039,1.183252757e+11,26972,78156,50815.73012,228090668.9,28360,3.284307632e+10,4998,1158077.444
2019-02-25,0.001982903861,1.183390857e+11,29893,58718,58655.17122,234655029.9,31274,3.957258788e+10,3996,1265351.022
2019-02-26,0.001944232517,1.183528857e+11,28396,74052,57804.16304,230105528.8,29776,3.267332722e+10,4998,1097304.111
2019-02-27,0.001943146739,1.183668057e+11,27626,79701,54946.46871,230004072.4,29018,5.907668019e+10,5668.765993,2035863.264
2019-02-28,0.001914602879,1.183805457e+11,26470,79646,52481.04732,226651733.6,27844,3.775165661e+10,5740.89876,1355827.345
2019-03-01,0.001950931776,1.183944157e+11,29242,56683,52468.48657,230979427.6,30629,4.527770953e+10,5234.820634,1478262.742
2019-03-02,0.001970352984,1.184083257e+11,29644,58967,48879.21601,233306197.7,31035,4.856127818e+10,6429.958557,1564726.218
2019-03-03,0.001947300325,1.184221957e+11,29600,85731,52344.10962,230603580,30987,-2.971585961e+10,8778.095,4994080.78
2019-03-04,0.001896070447,1.184359757e+11,28890,85740,54123.9805,224562953.3,30268,6.838744725e+10,5299.673099,2259397.623
2019-03-05,0.001941444677,1.184499057e+11,27191,58577,50498.14242,229963938.8,28584,2.746832477e+10,5749.712316,960968.5407
2019-03-06,0.001933212322,1.184637257e+11,26370,67865,48077.21803,229015534.1,27752,3.579538266e+10,5524.27,1289830.739
2019-03-07,0.001945155373,1.184774657e+11,27793,86854,56564.03893,230457078.9,29167,3.158085811e+10,6113.18358,1082759.904
2019-03-08,0.001939189194,1.184913157e+11,27266,67682,49670.92407,229777078.9,28651,2.283982461e+10,5168.03125,797173.7324
2019-03-09,0.001966418073,1.185050857e+11,29117,61626,51246.20489,233030542.1,30494,1.975972875e+10,5055.302648,647987.4318
2019-03-10,0.001952604776,1.185189457e+11,31018,68227,54535.35889,231420659.4,32404,-7.792394584e+10,9052.391558,3287973.549
2019-03-11,0.001925459933,1.185328557e+11,31566,87846,57782.08919,228230264.2,32957,-8.309523596e+10,7508.004519,3075892.975
2019-03-12,0.001984321288,1.185467157e+11,34687,67004,61887.75128,235234771.5,36073,-4.432072148e+10,8573.561759,3885086.332
2019-03-13,0.001992333164,1.185606357e+11,32135,104566,65062.93421,236212286.3,33527,-2063781282,9997.8085,5440500.476
2019-03-14,0.002010819699,1.185745857e+11,25028,60613,44133.47342,238432112.6,26423,8.188837088e+10,5995.375,3099132.229
2019-03-15,0.002023024023,1.185884657e+11,31363,87549,59392.03288,239907314.9,32751,-7.49444134e+10,5918.672996,3344112.465
2019-03-16,0.002050237785,1.186022757e+11,31519,67613,54703.58314,243162867,32900,6.178735763e+10,5498.602435,1878035.186
2019-03-17,0.002049584364,1.186162457e+11,31299,75516,53143.6282,243114002.4,32696,-2.70305565e+10,6729.791571,4815172.628
2019-03-18,0.002045849319,1.186300657e+11,30831,77450,56657.02091,242699239.1,32213,4.246923722e+10,7105.5,1318388.142
2019-03-19,0.002042912735,1.186439957e+11,28648,73338,55576.89704,242379329.7,30041,8.264419783e+10,6643.78,2751046.83
2019-03-20,0.00203448899,1.186577957e+11,27463,64799,47023.93535,241407978.8,28843,3.00718239e+10,5276.185,1042603.887
2019-03-21,0.002015954639,1.186715757e+11,26326,72267,47109.61775,239236513.5,27704,1.621192589e+10,5291.015,585183.5797
2019-03-22,0.002017202235,1.186854457e+11,25922,61711,46588.02127,239412546.3,27309,1.388813433e+10,4999,508555.2137
2019-03-23,0.002010839386,1.186992157e+11,27915,64007,48910.56244,238685057.9,29292,2.9771051e+10,5009.330165,1016354.329
2019-03-24,0.002007113034,1.187131057e+11,28972,78112,51876.45331,238270621.7,30361,1.801459451e+10,4554.368912,593346.5468
2019-03-25,0.002008198528,1.187269957e+11,32603,206027,86894.74663,238427377.9,33992,1.944790206e+10,4955.792366,572131.7385
2019-03-26,0.00202148605,1.187408957e+11,32278,101530,61592.0271,240033064.1,33668,2.093941272e+10,4002.5,621938.123
2019-03-27,0.002065146506,1.187547157e+11,33048,109561,61606.62583,245245886.1,34430,2.653413856e+10,4996,770669.142
2019-03-28,0.002056765897,1.187686357e+11,30499,59800,51734.82535,244279279.5,31891,2.373516469e+10,5870.590566,744259.0288
2019-03-29,0.002081422508,1.187824757e+11,31038,67397,53496.70632,247236518.3,32422,2.356143956e+10,5760.975328,726711.4786
2019-03-30,0.002082064684,1.187963057e+11,30554,64998,54099.63532,247341592.6,31937,2.304780825e+10,6829.33,721664.7854
2019-03-31,0.002067124104,1.188102557e+11,30463,78674,53271.3379,245595543.3,31858,2.539064045e+10,5592.943244,796994.1756
2019-04-01,0.002446232677,1.188241357e+11,33494,70252,70457.37909,290671483.5,34882,3.767879579e+10,8550.5,1080178.768
2019-04-02,0.002890109186,1.188379257e+11,31757,99214,64715.15559,343454580.6,33136,2.982292121e+10,9250.433037,900015.7293
2019-04-03,0.003123095482,1.188517957e+11,33681,90514,80004.17852,371185506,35068,5.740583082e+10,9998,1636986.165
2019-04-04,0.00369167909,1.188656857e+11,33572,112326,100061.2009,438813966.2,34961,-2.087287583e+10,9312.314738,4679344.553
2019-04-05,0.003593872968,1.188795957e+11,26469,68362,55512.28048,427238165.3,27860,7.935418917e+10,7437.462043,2848319.784
2019-04-06,0.003386112619,1.188934857e+11,24641,92749,53662.85242,402586732.1,26030,4.141980806e+10,5987.601472,1591233.502
2019-04-07,0.003410331737,1.189073757e+11,24461,62441,49147.22622,405513597,25850,4.079163546e+10,5199.0242,1578012.977
2019-04-08,0.002991530036,1.189211257e+11,28851,88678,60750.14474,355756119.3,30226,4.90657485e+10,5994,1623296.119
2019-04-09,0.002882781235,1.189350357e+11,23672,56862,49861.664,342863688.9,25063,4.244522282e+10,5612.733989,1693541.189
2019-04-10,0.002983590022,1.189489857e+11,23499,58203,47153.56998,354895006.7,24894,3.156779145e+10,6816.268182,1268088.353
2019-04-11,0.002756132632,1.189626657e+11,25244,59344,47796.11619,327876884.8,26612,2.811598483e+10,7498.890624,1056515.287
2019-04-12,0.002818338599,1.189763957e+11,25986,69332,47344.51301,335315768.2,27359,2.50424931e+10,7001.493339,915329.2554
2019-04-13,0.002864708737,1.189902157e+11,24543,59253,41793.40889,340872310.4,25925,2.495585569e+10,6534.825069,962617.3844
2019-04-14,0.002865667419,1.190040357e+11,25235,78563,45824.84939,341025987.7,26617,2.569728187e+10,5001,965446.2137
2019-04-15,0.002757380579,1.190179257e+11,28322,86708,51609.32722,328177716.8,29711,3.214059068e+10,4998.311488,1081774.113
2019-04-16,0.002792513242,1.190316957e+11,30241,83975,51161.69467,332397586.4,31618,2.215256651e+10,4874.030905,700631.492
2019-04-17,0.002787196919,1.190454357e+11,30464,68494,49424.85017,331803071.4,31838,2.738176576e+10,3701.874625,860034.1025
2019-04-18,0.00295101051,1.190594357e+11,26364,64821,46679.25577,351345645.9,27764,2.437369687e+10,6523.937525,877888.5202
2019-04-19,0.002876755682,1.190732957e+11,25017,63551,43644.42047,342544779.8,26403,1.767283362e+10,4998,669349.4534
2019-04-20,0.002836341108,1.190871657e+11,25292,67663,44322.99535,337771823.4,26679,2.256128676e+10,5019.810453,845657.1372
2019-04-21,0.002747483389,1.191008957e+11,26655,70326,47367.29404,327227732.4,28028,2.638750853e+10,4188.819894,941469.5493
2019-04-22,0.002768173161,1.191146657e+11,35197,337676,138451.6833,329730020.6,36574,3.471648857e+10,5141.552724,949212.2428
2019-04-23,0.002732680149,1.191284857e+11,33879,82021,66509.32097,325540048,35261,2.603603246e+10,4024.057278,738380.4333
2019-04-24,0.002548900418,1.191423357e+11,36526,127751,84603.09361,303681949.2,37911,2.968173344e+10,6158.927072,782931.9574
2019-04-25,0.002418268942,1.191562357e+11,39013,101788,78670.65251,288151823.9,40403,2.569835314e+10,5722.199601,636050.6184
2019-04-26,0.002485129815,1.191700957e+11,45393,84317,86320.35096,296153157.7,46779,2.481482465e+10,5704.967055,530469.327
2019-04-27,0.002503226485,1.191839257e+11,39251,94434,73177.83482,298344359.2,40634,1.987459261e+10,7967.55072,489112.384
2019-04-28,0.002436211931,1.191978557e+11,37033,89483,68662.23468,290391238.1,38426,2.02258745e+10,17811.95725,526359.0928
2019-04-29,0.002386255578,1.192117257e+11,40094,85739,72599.71042,284469645.3,41481,2.647851816e+10,4081.532422,638328.8292
2019-04-30,0.002473478886,1.192255357e+11,31383,69979,52172.43153,294901845.1,32764,1.648759031e+10,6482.160541,503222.7538
2019-05-01,0.00248787329,1.192394557e+11,29197,88109,52284.61317,296652656.8,30589,1.114754123e+10,9557.844233,364429.7371
2019-05-02,0.002555447085,1.192532057e+11,30648,107738,53490.458,304745256.7,32023,1.578137834e+10,8858.343896,492813.8632
2019-05-03,0.002639716912,1.192670357e+11,31301,77393,55219.81287,314831211,32684,1.523490717e+10,9998,466127.3763
2019-05-04,0.002646089706,1.192809357e+11,30649,69681,50223.52449,315628056,32039,2.62456791e+10,10035.21462,819179.0975
2019-05-05,0.002597330082,1.192947257e+11,28068,73161,45909.82262,309847779.5,29447,1.661747912e+10,7463.5072,564318.2367
2019-05-06,0.002542849665,1.193085057e+11,33081,106389,60960.84696,303383593.6,34459,1.905267342e+10,2971.570862,552908.4832
2019-05-07,0.002491511756,1.193223457e+11,28471,94901,55451.56701,297293027,29855,1.55619999e+10,4505.858638,521252.7183
2019-05-08,0.002495243808,1.193363357e+11,24507,62961,39028.82415,297773252.7,25906,1.595721907e+10,6861.301484,615966.1495
2019-05-09,0.002476556059,1.193502357e+11,24100,63508,41292.44356,295577549.3,25490,2.177254012e+10,7952.507271,854160.0676
2019-05-10,0.002490517125,1.193639957e+11,25032,63377,41423.58085,297278075.3,26408,1.288751187e+10,7704.841503,488015.445
2019-05-11,0.002793637083,1.193778457e+11,24658,78949,47069.905,333498376.5,26043,1.47600522e+10,7943.2712,566756.9866
2019-05-12,0.00260149568,1.193917657e+11,24987,68325,41274.25149,310597162.6,26379,2.09293363e+10,8983.195228,793409.011
2019-05-13,0.002704629908,1.194054857e+11,25933,68258,47829.75959,322947647.7,27305,4.13493416e+10,6315.95085,1514350.544
2019-05-14,0.00302824072,1.194193557e+11,25591,94326,56219.70355,361630555.5,26978,3.182634294e+10,6895.660537,1179714.691
2019-05-15,0.003345594198,1.194332857e+11,30174,156125,77102.92225,399575307.5,31567,5.243113287e+10,6614.349917,1660947.599
2019-05-16,0.003139157064,1.194471057e+11,30502,99353,59850.61427,374963225.5,31884,5.504975314e+10,5803.592509,1726563.579
2019-05-17,0.002897696328,1.194610757e+11,29404,71839,52913.28824,346161920.2,30801,6.509903519e+10,7003.156263,2113536.417
2019-05-18,0.00293616059,1.194748757e+11,24238,61166,43544.08248,350797421.4,25618,2.956426314e+10,5704.649865,1154042.593
2019-05-19,0.003149832502,1.194887957e+11,25403,67606,48046.00317,376369692.2,26795,2.816535171e+10,9345.204805,1051142.068
2019-05-20,0.002990690671,1.195025557e+11,26776,75225,49430.96909,357395178.3,28152,2.320896896e+10,9682.897639,824416.3454
2019-05-21,0.003049554865,1.195163957e+11,28931,73528,49830.39052,364471805.8,30315,2.658375797e+10,6524.729891,876917.6305
2019-05-22,0.00286241307,1.195302557e+11,27904,68888,49328.05918,342144966.1,29290,2.157427561e+10,7832.365048,736574.7902
2019-05-23,0.002965355076,1.195441457e+11,36076,80989,59076.21521,354490839.1,37465,3.205603126e+10,10000,855626.0845
2019-05-24,0.002985686417,1.195579857e+11,42089,96544,63357.50064,356962653.8,43473,3.798859542e+10,9974.820878,873843.4298
2019-05-25,0.003016166109,1.195717457e+11,29445,121261,63533.37639,360648246.8,30821,3.62817134e+10,7599.5,1177175.088
2019-05-26,0.003097047917,1.195856057e+11,30017,78758,49834.58501,370362350.9,31403,2.592945547e+10,4979.991406,825699.948
2019-05-27,0.003128774091,1.195993057e+11,30821,109799,60768.82486,374199208.8,32191,3.331225467e+10,6022.755973,1034831.309
2019-05-28,0.003171585849,1.196132257e+11,34778,85930,59310.90982,379363613.9,36170,3.369758729e+10,6824.254344,931644.6582
2019-05-29,0.003157771097,1.196270757e+11,34284,109622,68164.21671,377754921.9,35669,2.014583961e+10,10018.73962,564799.675
2019-05-30,0.003165275616,1.196409257e+11,31129,111765,64093.92888,378696504.6,32514,3.83208501e+10,9999,1178595.377
2019-05-31,0.003433925508,1.196547057e+11,29848,87438,57530.2133,410885345.9,31226,2.539753351e+10,5048.43997,813345.7218
2019-06-01,0.003367516657,1.196685557e+11,30965,77148,59875.84468,402985854.5,32350,4.673307413e+10,3782.389093,1444608.165
2019-06-02,0.003366504643,1.196821757e+11,31466,117039,63667.43369,402910600,32828,3.646445458e+10,3590.424843,1110772.955
2019-06-03,0.003118059434,1.196960757e+11,25198,68442,46289.4578,373219477.9,26588,6.096572582e+10,5406.863977,2292979.006
2019-06-04,0.002933172735,1.197098757e+11,25477,66546,50128.67272,351129743.4,26857,-6.419157175e+10,5997.85,4478380.645
2019-06-05,0.002978009346,1.197238257e+11,24468,66431,52619.68353,356538671.7,25863,2.433805128e+10,6890.630011,941037.4389
2019-06-06,0.003084380404,1.197376557e+11,24995,74399,49501.92096,369316478.8,26378,1.857727475e+10,6027.146998,704271.5425
2019-06-07,0.003099917823,1.197515057e+11,24790,69823,46170.82392,371219826.7,26175,2.306178826e+10,7191.272808,881061.6338
2019-06-08,0.003029404582,1.197652657e+11,26920,64945,45154.51259,362817444.5,28296,2.371427686e+10,6292.260745,838078.7694
2019-06-09,0.002944116943,1.197791357e+11,27343,81156,48749.5779,352643782.7,28730,2.690632963e+10,5871.707171,936523.8297
2019-06-10,0.003073955066,1.197928657e+11,27255,103630,63086.44451,368237886.2,28628,2.709794875e+10,6865.048408,946554.0293
2019-06-11,0.003035214142,1.198066757e+11,28251,85933,48416.26377,363638916.3,29632,2.338219157e+10,5365.704486,789085.8385
2019-06-12,0.003046696335,1.198204257e+11,31318,96959,57945.99074,365056451.7,32693,3.507689028e+10,3166.318182,1072917.453
2019-06-13,0.003020967363,1.198341457e+11,27729,100662,50798.18063,362015043,29101,2.43699224e+10,7828.583379,837425.6004
2019-06-14,0.003072851069,1.198479357e+11,31143,87553,63499.65149,368274857.1,32522,1.417796635e+10,7413.7605,435950.0139
2019-06-15,0.003130618929,1.198617657e+11,31220,70953,50580.74789,375241512.5,32603,2.147412664e+10,7161.167782,658654.9286
2019-06-16,0.003126324848,1.198755657e+11,28630,103695,52389.86414,374769959.5,30010,2.306770912e+10,6584.572517,768667.4149
2019-06-17,0.003146610033,1.198894157e+11,28229,68187,53498.59993,377245238.1,29614,2.76786628e+10,7092.848767,934647.8962
2019-06-18,0.003019532108,1.199032957e+11,27801,97745,63431.28634,362051851.1,29189,2.223199619e+10,6908.439411,761656.6579
2019-06-19,0.003107584949,1.199169657e+11,27535,82699,54409.45452,372652157.6,28902,2.237464443e+10,5393.518098,774155.5749
2019-06-20,0.003088651198,1.199306957e+11,28905,100324,51575.99533,370424086.8,30278,1.70737673e+10,7442.799012,563900.1024
2019-06-21,0.003239286092,1.199445857e+11,27677,70004,48462.09646,388534828.1,29066,2.100550895e+10,9481.373936,722683.1676
2019-06-22,0.003270846309,1.199584757e+11,29448,91106,57189.3977,392365737.4,30837,3.681568401e+10,10000.23155,1193880.209
2019-06-23,0.003264336508,1.199723057e+11,29472,79938,50483.01581,391629977.3,30855,1.74689525e+10,10000,566162.7773
2019-06-24,0.003353935629,1.199861157e+11,36591,80773,56064.3128,402425708.3,37972,3.015948505e+10,1494.066943,794255.9005
2019-06-25,0.003321164391,1.199999757e+11,27287,73981,47718.07919,398539646.1,28673,3.349410611e+10,7598.857493,1168140.973
2019-06-26,0.003362768749,1.200138557e+11,29725,75644,58507.78986,403578843.2,31113,4.641321212e+10,7715.845503,1491762.675
2019-06-27,0.003292967456,1.200276157e+11,29516,76067,59424.14098,395247032.1,30892,3.44989592e+10,8811.248041,1116760.3
2019-06-28,0.00338299984,1.200414857e+11,36428,114816,78430.82278,406100326.8,37815,5.550495571e+10,10499.36595,1467802.61
2019-06-29,0.003388084078,1.200553257e+11,32121,78232,45863.49907,406757537.4,33505,1.657028037e+10,10000,494561.4197
2019-06-30,0.003239496312,1.200692157e+11,28171,77874,41610.72273,388963781.3,29560,1.538919479e+10,8839.588263,520608.7547
2019-07-01,0.003226965684,1.200829757e+11,28640,87237,55111.1806,387503641.7,30016,2.732130078e+10,6611.884863,910224.5727
2019-07-02,0.003144023527,1.200967657e+11,27921,72837,42465.04898,377587056.7,29300,2.557675083e+10,7993.434153,872926.6496
2019-07-03,0.003277474347,1.201106157e+11,27373,72376,42808.3109,393659461.6,28758,1.830710714e+10,9298,636591.8055
2019-07-04,0.003175244282,1.201244957e+11,26626,70101,42262.0808,381424617.9,28014,2.053008212e+10,9999.830751,732850.7933
2019-07-05,0.003819703511,1.201383857e+11,37834,94685,77357.00722,458893013.5,39223,-1.486527946e+10,15003.91008,4324048.677
2019-07-06,0.003463466174,1.201522257e+11,28219,73479,41625.83152,416143169.2,29603,9.0717041e+10,10013,3064454.312
2019-07-07,0.003604573341,1.201659557e+11,27769,75618,40867.71268,433147000.3,29142,-7.242216268e+10,10000,3844803.996
2019-07-08,0.003490319807,1.201798057e+11,29029,102397,66881.97422,419465956,30414,-6.548701567e+10,10006.52544,3912028.18
2019-07-09,0.003490985412,1.201936357e+11,27110,83993,41106.57201,419594228.6,28493,-7.427074121e+10,9960.305078,3867500.773
2019-07-10,0.003317930729,1.202074257e+11,30895,107704,46008.41087,398839911.4,32274,5.84394746e+10,8968.286968,1810729.212
2019-07-11,0.00317540202,1.202212657e+11,27875,78056,38447.06644,381750849.8,29259,2.836115658e+10,7018.30769,969313.9403
2019-07-12,0.003261126353,1.202351357e+11,26666,89056,39076.92184,392101969.5,28053,2.609590975e+10,7512.657852,930235.9731
2019-07-13,0.00323686601,1.202489557e+11,25509,65339,31037.35478,389229757.3,26891,1.525838359e+10,8866.511228,567415.9976
2019-07-14,0.002927942059,1.202628857e+11,28954,78613,36830.62663,352122761,30347,1.809383745e+10,7941.912627,596231.504
2019-07-15,0.003079329835,1.202767357e+11,26890,76187,36046.26309,370371740.5,28275,2.349296311e+10,7595.590584,830874.0268
2019-07-16,0.002786740662,1.202906057e+11,25229,76308,40495.96795,335218722,26616,1.818267315e+10,7361.056818,683148.2249
2019-07-17,0.002892083041,1.203043457e+11,25481,87994,46927.42374,347930157.8,26855,2.335343732e+10,9198.93163,869612.2629
2019-07-18,0.003124638901,1.203180657e+11,26469,69082,32584.96768,375950508.5,27841,2.25782368e+10,9675.798883,810970.7553
2019-07-19,0.003007636382,1.203316957e+11,24185,62321,28163.13367,361913985.8,25548,1.421917556e+10,9995.230043,556567.0724
2019-07-20,0.003132340892,1.203456057e+11,26169,60459,30114.62647,376963461.7,27560,1.232738233e+10,10001,447292.5372
2019-07-21,0.002985950636,1.203594657e+11,28331,100066,40305.21444,359387423,29717,9272026316,9979.327144,312010.8462
2019-07-22,0.002921165903,1.203731957e+11,27933,63230,33241.94938,351630074.7,29306,9831273248,7494.153087,335469.6393
2019-07-23,0.002825777117,1.203871057e+11,27059,105658,59536.13971,340187128.3,28450,9961099539,9964.329557,350126.5216
2019-07-24,0.002913574644,1.204009457e+11,26425,75529,38474.12898,350797142.4,27809,1.442822061e+10,10007.0368,518832.7738
2019-07-25,0.002925165325,1.204146157e+11,26315,79531,38034.13137,352232658.4,27682,1.1562684e+10,10000,417696.8428
2019-07-26,0.002912771824,1.204283757e+11,29241,83689,39292.03879,350780379.4,30617,9386073447,9894.835178,306564.113
2019-07-27,0.002744702683,1.204422457e+11,30772,63104,37042.30089,330578154.8,32159,1.461312657e+10,7582.373819,454402.3934
2019-07-28,0.002846906045,1.204561257e+11,31118,78768,47967.35291,342927272.3,32506,1.320909506e+10,8903.941,406358.674
2019-07-29,0.002776653081,1.204698257e+11,31458,69133,37936.44438,334502912.6,32828,1.279351094e+10,7274.310576,389713.3832
2019-07-30,0.002790475614,1.204836257e+11,37228,67236,46210.66813,336206619.3,38608,1.114241679e+10,5431.146349,288603.833
2019-07-31,0.002892507465,1.204973757e+11,36697,86764,50599.61646,348539558.6,38072,1.735476591e+10,5008.371579,455840.6679
2019-08-01,0.002902949984,1.205112257e+11,34847,67146,43610.7241,349838060.6,36232,1.138838705e+10,7090,314318.4766
2019-08-02,0.002896576784,1.205249857e+11,32780,92930,61941.58064,349109875.4,34156,9609351716,9714.710185,281337.1506
2019-08-03,0.002874744481,1.205387557e+11,32988,64281,41488.80518,346518122.6,34365,8906068942,7759.328351,259161.0343
2019-08-04,0.00293116334,1.205526056e+11,33874,87301,48583.77448,353359378.1,35259,1.578015476e+10,7739.045,447549.6967
2019-08-05,0.003014862784,1.205664856e+11,31990,68534,41056.13612,363491410.4,33378,1.427531403e+10,9525.097461,427686.3213
2019-08-06,0.00292329358,1.205801956e+11,35834,91082,47761.5278,352491311.5,37205,1.86111897e+10,9797.629,500233.5628
2019-08-07,0.00294397727,1.205939255e+11,35269,88408,46716.80635,355025775.6,36642,1.693242375e+10,8220.5,462104.245
2019-08-08,0.002950460375,1.206076155e+11,35160,81463,45635.75114,355847990.5,36529,1.633281924e+10,10001.441,447119.2544
2019-08-09,0.00291181531,1.206214155e+11,31374,63604,37430.99017,351227284.4,32754,1.724904772e+10,8999,526624.1596
2019-08-10,0.002857088919,1.206352055e+11,37830,75534,47726.32639,344665508.9,39209,1.058062141e+10,7134.845699,269851.8556
2019-08-11,0.002916209433,1.206490255e+11,30791,71358,41123.36697,351837826.3,32173,1.213362438e+10,9998,377136.8658
2019-08-12,0.002884686406,1.206628455e+11,30689,60551,41423.93846,348074470.2,32071,8796503832,7211.27675,274282.1812
2019-08-13,0.002791651733,1.206768355e+11,32662,64464,43005.75526,336887697,34061,9426285530,7288.416749,276747.1751
2019-08-14,0.00272667519,1.206906655e+11,38785,68813,49627.87127,329084243.3,40168,1.05680302e+10,5698.470718,263095.7529
2019-08-15,0.00259362834,1.207045055e+11,29015,62054,41495.36626,313062626.3,30399,1.087456249e+10,10000,357727.6387
2019-08-16,0.002663288256,1.207182955e+11,23230,56883,30116.63639,321507618.7,24609,8741706380,10000,355223.9579
2019-08-17,0.002588566865,1.207320355e+11,27941,73547,38767.2107,312522946.6,29315,7584870213,10046.76429,258736.8314
2019-08-18,0.002757276282,1.207457855e+11,26135,71064,38531.51501,332929490.5,27510,1.129878649e+10,10014.80528,410715.612
2019-08-19,0.002749100597,1.207595055e+11,26095,64278,35546.91447,331980028.7,27467,1.199923697e+10,10000.1111,436860.1219
2019-08-20,0.002755915195,1.207733955e+11,25739,49670,35856.92941,332841235.9,27128,8511690628,10003,313760.3446
2019-08-21,0.002614394497,1.207871555e+11,25335,49436,33282.01305,315785274.7,26711,1.12680846e+10,10005.90239,421851.8438
2019-08-22,0.002698568853,1.208010455e+11,23244,42174,29951.78441,325989938.9,24633,9804864794,10024.89963,398037.7865
2019-08-23,0.002672509206,1.208148555e+11,25715,42959,34091.21785,322878813.6,27096,9636063056,10309.74103,355626.7736
2019-08-24,0.002592815023,1.208287655e+11,22888,41776,30833.59038,313286638.4,24279,8748534816,10016.76466,360333.4081
2019-08-25,0.002556435129,1.208425555e+11,21725,38082,28961.34389,308926154,23104,9363776455,10011,405288.1083
2019-08-26,0.002656731048,1.208564355e+11,21746,38569,28427.55121,321083044.5,23134,6868098676,10009,296883.3179
2019-08-27,0.002614213515,1.208703355e+11,24758,47554,32017.62195,315980864.6,26148,9734091465,10003.0053,372269.0632
2019-08-28,0.002471150678,1.208841755e+11,23881,42721,29480.292,298723012.2,25265,7622312097,10013,301694.5219
2019-08-29,0.002394771406,1.208979555e+11,23387,45487,30500.77593,289522966.9,24765,1.123140531e+10,10269.73064,453519.2939
2019-08-30,0.002430597694,1.209118555e+11,24465,65873,32332.6183,293888077.2,25855,1.323475389e+10,10023.97,511883.7319
2019-08-31,0.002441371548,1.209257255e+11,26788,146631,113017.7262,295224625.6,28175,7690164808,10022.02656,272942.8503
2019-09-01,0.002451004908,1.209395455e+11,23053,45165,33119.0709,296423419.6,24435,7258011056,9797.453502,297033.397
2019-09-02,0.002558411174,1.209533055e+11,21374,41290,28109.29003,309448288.3,22750,9947624741,10000,437258.2304
2019-09-03,0.002580295638,1.209671355e+11,25627,41519,29646.89985,312130972.1,27010,1.212486018e+10,9509.887816,448902.6354
2019-09-04,0.002481058499,1.209809155e+11,25236,39703,29834.29928,300160728.6,26614,7856149838,8393.032959,295188.6164
2019-09-05,0.0024711255,1.209946555e+11,27646,59382,47949.48097,298992978.6,29020,1.151378631e+10,8691.5,396753.491
2019-09-06,0.002443810505,1.210085655e+11,25998,41128,31743.08051,295722003.6,27389,6512329663,7401.432518,237771.7209
2019-09-07,0.002480371508,1.210223355e+11,25424,42399,32218.85375,300180352.8,26801,5163842243,7249.718794,192673.4914
2019-09-08,0.002480444948,1.210362455e+11,27136,41557,30427.76517,300223743.7,28527,5914512414,6024.244703,207330.3332
2019-09-09,0.002425001022,1.210500355e+11,25972,41089,31066.07292,293546459.8,27351,9453984566,8343.435171,345654.0735
2019-09-10,0.002406410276,1.210640055e+11,24758,56157,46794.44862,291329666.9,26155,5454649343,5300.105458,208550.9212
2019-09-11,0.002386899123,1.210778455e+11,25212,42303,30828.50543,289000603.2,26596,8173201429,6071.288851,307309.4236
2019-09-12,0.002448924184,1.210914955e+11,25087,41705,29371.31918,296543891.8,26452,7170655457,5063.484176,271081.788
2019-09-13,0.002438912098,1.211052655e+11,24807,41979,30755.32104,295365097.2,26184,5725768530,6993.610427,218674.3252
2019-09-14,0.002464933038,1.211191955e+11,25379,41670,31021.87397,298550706.5,26772,4318915462,10000,161322.1075
2019-09-15,0.002380285479,1.211331155e+11,24893,43127,30720.40771,288331395.9,26285,8307299276,10004,316047.1476
2019-09-16,0.00237354388,1.211469555e+11,26998,66651,55117.43279,287547614.8,28382,1.058478613e+10,8759.262023,372940.1074
2019-09-17,0.002599958316,1.211608155e+11,25585,46096,33934.79138,315013069.9,26971,9627237775,8158.289092,356947.7504
2019-09-18,0.002721695302,1.211746355e+11,27606,125798,47933.14559,329800436.2,28988,1.623735611e+10,9314.038313,560140.6138
2019-09-19,0.002713484267,1.211884155e+11,25387,65474,37159.59965,328842858.8,26765,7523958477,9254.884954,281111.843
2019-09-20,0.00265503866,1.212022655e+11,29150,62052,38193.07694,321796700.5,30535,7892044731,8578.205008,258458.9727
2019-09-21,0.00252312883,1.212159855e+11,26839,51339,41477.90089,305843547.7,28211,1.109684309e+10,10001,393351.6389
2019-09-22,0.002561589139,1.212298855e+11,25562,52340,42275.18534,310541158.1,26952,6639557299,8953.414911,246347.4807
2019-09-23,0.002498036336,1.212436255e+11,27258,45610,34134.83129,302870982,28632,1.261271697e+10,10000,440511.2103
2019-09-24,0.00218359335,1.212575455e+11,27118,44355,32120.09759,264777170,28510,1.09677147e+10,10001.0005,384697.1131
2019-09-25,0.002179513231,1.212713655e+11,29332,45214,34660.38544,264312545.6,30714,1.231963985e+10,9999,401108.2845
2019-09-26,0.002139423429,1.212852255e+11,30877,44703,35707.9287,259480453,32263,1.170405319e+10,10002,362770.1452
2019-09-27,0.00220242076,1.212991155e+11,30923,45167,36524.41996,267151690.2,32312,8537442382,10000,264218.9398
2019-09-28,0.00221574234,1.213130155e+11,31856,47635,38173.36954,268798384.8,33246,5619237195,8755.080655,169019.9481
2019-09-29,0.002244190927,1.213268655e+11,30036,72975,61327.79757,272280650.7,31421,1.043080473e+10,9947,331969.2159
2019-09-30,0.002364588714,1.213406855e+11,29239,46489,37225.13423,286920815.4,30621,1.583106763e+10,9999,517000.347
2019-10-01,0.002390445673,1.213545055e+11,24888,46029,33825.76605,290091352.6,26270,6827320612,6324.704405,259890.3925
2019-10-02,0.002320966398,1.213682055e+11,23948,53593,38283.16283,281691526.7,25318,1.255171804e+10,7907.67032,495762.6209
2019-10-03,0.002264709134,1.213819855e+11,24784,57361,45935.01244,274894891.2,26162,6054944696,8737.4692,231440.4364
2019-10-04,0.00234528433,1.213958255e+11,26526,41055,31103.51448,284707727.3,27910,5138062590,5870.670984,184093.966
2019-10-05,0.002310620392,1.214094955e+11,27281,41804,30876.8222,280531256.1,28648,5525812492,4842.402055,192886.5014
2019-10-06,0.00221263578,1.214233555e+11,26150,40036,30951.63622,268665660.9,27536,4163997932,5076.017366,151220.1457
2019-10-07,0.002335781997,1.214371455e+11,25868,39824,30987.61462,283650698.2,27247,5467145023,6666.314936,200651.2652
2019-10-08,0.002338165379,1.214508955e+11,24790,40804,30584.92357,283972279.1,26165,7281458716,6392.121806,278290.0331
2019-10-09,0.002403824248,1.214646455e+11,25322,41160,31359.20373,291979660.1,26697,6741059487,8765.423691,252502.5092
2019-10-10,0.002289552986,1.214785155e+11,24549,40197,30398.68055,278131497.8,25936,4408982865,7890.205439,169994.7126
2019-10-11,0.002255702712,1.214923855e+11,25233,40656,30946.13671,274050703.5,26620,6210710415,7982.467665,233309.9329
2019-10-12,0.002276528637,1.215061655e+11,25232,39564,30506.67384,276612265.4,26610,7214528787,7331.995078,271120.9615
2019-10-13,0.002478870727,1.215200155e+11,26011,44937,34353.59011,301232409.2,27396,2.687023015e+10,7681.533951,980808.5177
2019-10-14,0.002520505707,1.215338155e+11,23853,42912,32246.35483,306326675.5,25233,2.409609721e+10,7618.9727,954943.8123
2019-10-15,0.002480367759,1.215477455e+11,25811,41111,32497.4398,301483109.1,27204,2.159177426e+10,7116.033668,793698.5097
2019-10-16,0.002591633111,1.215616155e+11,24440,41151,31537.01525,315043107.8,25827,3.038524475e+10,7696.099032,1176491.453
2019-10-17,0.002758191754,1.215754055e+11,28294,54084,40480.05334,335328280.9,29673,4.848469348e+10,8995.4205,1633966.686
2019-10-18,0.002638595312,1.215893055e+11,25549,44620,36152.39661,320824971.4,26939,2.340220316e+10,6917.182324,868710.9085
2019-10-19,0.00271820272,1.216031555e+11,26304,92667,82620.49337,330542028,27689,1.429885037e+10,6559.013816,516409.0567
2019-10-20,0.002669345026,1.216169555e+11,31846,49261,45619.67913,324637615.2,33226,1.291075937e+10,2929.70069,388573.9894
2019-10-21,0.002649417634,1.216307855e+11,31277,46474,40736.9916,322250747.9,32660,2.498145519e+10,4607.5,764894.525
2019-10-22,0.002506158548,1.216447655e+11,29637,42479,38477.73948,304861068.9,31035,1.624865957e+10,4715.898017,523559.1936
2019-10-23,0.002463978563,1.216585355e+11,24686,37616,32757.959,299764023.5,26063,1.052058583e+10,7740.0315,403659.8178
2019-10-24,0.002493349909,1.216722855e+11,25088,38786,31915.73599,303371581.9,26463,1.126431649e+10,7098.111901,425662.8685
2019-10-25,0.002599318824,1.216861955e+11,24182,39520,32930.89162,316301218.6,25573,1.310043219e+10,7621.3782,512275.9233
2019-10-26,0.002621482879,1.217000255e+11,22648,35432,31237.96786,319034533.3,24031,1.273600979e+10,9926.374407,529982.514
2019-10-27,0.002605538813,1.217138055e+11,22412,37638,28803.88733,317130044.3,23790,8485307106,7652.150991,356675.3722
2019-10-28,0.002653634614,1.217275555e+11,25369,39382,32027.97038,323020454.8,26744,2.11711305e+10,8338.410548,791621.6908
2019-10-29,0.002556496534,1.217413555e+11,28712,43603,37378.42344,311231353.4,30092,1.336134407e+10,6713.000463,444016.4851
2019-10-30,0.002622453811,1.217552455e+11,48810,65143,59779.23077,319297507.6,50199,1.532591856e+10,1269,305303.2641
2019-10-31,0.002579754881,1.217690255e+11,35414,52267,44515.25191,314134237.9,36792,9886551065,4999,268714.6952
2019-11-01,0.002592430609,1.217827055e+11,28659,42714,37536.16528,315713213.4,30027,9940834077,8998.891892,331063.179
2019-11-02,0.00258105571,1.217963855e+11,28728,42532,35754.78834,314363256.2,30096,6166287679,8130.322117,204887.2833
2019-11-03,0.002564650234,1.218102755e+11,26879,40917,39892.12123,312400751.5,28268,5247659859,6997.924,185639.5875
2019-11-04,0.002616977509,1.218240655e+11,29795,45177,36890.84995,318810839.5,31174,6783488669,5742.262045,217600.8426
2019-11-05,0.002521521182,1.218378455e+11,26365,40283,34551.0219,307216708.2,27743,7754971560,8879.822442,279528.9464
2019-11-06,0.002559790804,1.218516255e+11,26251,39112,33664.21854,311914670.4,27629,9179600833,6861.372012,332245.1349
2019-11-07,0.002728047591,1.218654155e+11,23817,39209,32321.57676,332454653.2,25196,1.473312686e+10,9053.05048,584740.7074
2019-11-08,0.002659740753,1.218791055e+11,25010,39641,31712.49114,324166823.9,26379,1.280749325e+10,8061.60574,485518.528
2019-11-09,0.002714241744,1.218928155e+11,25332,40353,32558.5941,330846568.1,26703,1.849456162e+10,8627.198479,692602.3899
2019-11-10,0.002781843703,1.219066855e+11,24227,46530,31834.52939,339125345.4,25614,1.569093531e+10,9999,612592.1493
2019-11-11,0.002750231655,1.219205455e+11,26661,48918,35056.04711,335309743.6,28047,1.051879658e+10,7493.609991,375041.7721
2019-11-12,0.002699011481,1.219342655e+11,32745,46570,38049.30677,329101982.5,34117,1.100946657e+10,3090.51875,322697.3816
2019-11-13,0.002711230203,1.219479555e+11,28650,47954,38353.30192,330628980.2,30019,9850033103,7545.27024,328126.6232
2019-11-14,0.002626828002,1.219618355e+11,29015,42319,35302.56194,320372764.7,30403,7941550992,5314.78035,261209.4528
2019-11-15,0.002645440877,1.219755755e+11,27442,42083,34021.34676,322679173.4,28816,6605959789,5227.376443,229246.2447
2019-11-16,0.002678657783,1.219894755e+11,26372,40331,34538.39682,326768058,27762,1.236815383e+10,7159.495489,445506.5856
2019-11-17,0.002571098805,1.220030355e+11,25021,39396,31049.87418,313681858.8,26377,7773116525,7174.329016,294692.9721
2019-11-18,0.002503960343,1.220168555e+11,25727,39209,32751.69498,305525367.4,27109,8101363977,7902.650522,298844.0731
2019-11-19,0.002471982243,1.220305955e+11,26454,40697,36058.4427,301657465.1,27828,7598758396,8503.296238,273061.6069
2019-11-20,0.002524888647,1.220443455e+11,26315,40078,32127.24899,308148382.4,27690,6775333266,6945.109256,244685.2028
2019-11-21,0.002370216734,1.220580755e+11,27842,46777,41770.45961,289304093.1,29215,8015998304,6014.447552,274379.5415
2019-11-22,0.002336502122,1.220719655e+11,28170,144071,120573.8243,285221406.5,29559,1.105733037e+10,10012.874,374076.605
2019-11-23,0.002354119296,1.220857955e+11,26461,38998,33101.23758,287404526.9,27844,6595528838,10000,236874.3298
2019-11-24,0.002245037234,1.220995455e+11,26209,39785,34370.14814,274118025.9,27584,5958300405,9634.999061,216005.6702
2019-11-25,0.00227108825,1.221134555e+11,25837,40042,33980.47677,277330434,27228,8096706030,10004.37543,297366.9028
2019-11-26,0.002256790419,1.221273055e+11,26365,57993,65170.82936,275615733,27750,7645920445,10010,275528.6647
2019-11-27,0.002308266098,1.221410555e+11,23427,39464,31949.92986,281934057.6,24802,7884065454,10000,317880.2296
2019-11-28,0.002262980166,1.221548555e+11,25938,38855,32829.0753,276434015.2,27318,7660091322,8762.052665,280404.5436
2019-11-29,0.002389817195,1.221685455e+11,25081,38395,32144.55549,291960490.7,26450,9096215251,8990.083721,343902.2779
2019-11-30,0.002297065226,1.221824455e+11,25507,39734,32762.36846,280661046.8,26897,5799577095,8717.635905,215621.7085
2019-12-01,0.002279869454,1.221961955e+11,25774,40747,33189.3067,278591373.6,27149,7674360829,7470.204113,282675.6355
2019-12-02,0.00221593456,1.222099555e+11,26243,58636,50975.22176,270809264,27619,1.483804106e+10,9997.5,537240.3441
2019-12-03,0.002194431983,1.222237555e+11,27221,41803,36566.27064,268211718.1,28601,9065949702,7202.549226,316980.1651
2019-12-04,0.002187053569,1.222375255e+11,25926,40327,36880.13378,267340016.4,27303,8611208453,9999,315394.2224
2019-12-05,0.002180055681,1.222513655e+11,25833,44894,34630.80624,266514783.9,27217,6266694140,10002.93133,230249.2611
2019-12-06,0.002193361731,1.222652855e+11,28693,44230,34602.92119,268171998.2,30085,7973764583,9999,265041.2027
2019-12-07,0.002194342944,1.222790855e+11,29186,43382,35710.94247,268322248.5,30566,6674957063,10001.55911,218378.4945
2019-12-08,0.002215629391,1.222928355e+11,28833,43436,35304.75337,270955600.7,30208,6469578642,10018.891,214167.7252
2019-12-09,0.002191797925,1.223066855e+11,32239,46672,41868.51954,268071539.5,33624,8652105946,10081.56969,257319.3536
2019-12-10,0.002151291583,1.223205255e+11,30031,45413,38995.93233,263147116.9,31415,7640023058,10054.75285,243196.6595
2019-12-11,0.002106996455,1.223343155e+11,32515,47792,41432.86373,257757969.1,33894,8949032975,10067.01281,264030.0046
2019-12-12,0.002142607213,1.223480455e+11,30950,43459,38111.1989,262143804.7,32323,7516241092,10499.15,232535.3801
2019-12-13,0.002108148422,1.223618555e+11,31279,41863,40192.75448,257956952.6,32660,1.012998611e+10,11634.25172,310164.9145
2019-12-14,0.00208532362,1.223756355e+11,29556,43297,38793.9624,255192803.2,30934,8708477421,10033.45175,281517.9874
2019-12-15,0.002088980982,1.223894555e+11,29560,97610,87324.88997,255669245,30942,7700526021,10640.01512,248869.6923
2019-12-16,0.002094150936,1.224033255e+11,29643,43201,38450.17849,256331038.7,31030,8030100639,10154.83988,258785.0673
2019-12-17,0.001954839023,1.224171855e+11,29325,43878,36848.50291,239305891.3,30711,1.529568332e+10,10127.176,498052.2717
2019-12-18,0.002080812184,1.224310555e+11,28568,43147,35378.08842,254756032,29955,1.879471957e+10,11083.1832,627431.7999
2019-12-19,0.002034423294,1.224447955e+11,29947,42697,36777.80813,249104544.2,31321,1.315868148e+10,10046.61565,420123.2872
2019-12-20,0.002020726447,1.224586655e+11,33148,44610,44446.38525,247455464,34535,1.355414343e+10,9998,392475.559
2019-12-21,0.00202140543,1.224724455e+11,29889,40581,37779.48527,247566466.4,31267,1.722737522e+10,13311.15222,550976.2758
2019-12-22,0.002073145218,1.224861155e+11,26195,40718,34577.88483,253931504.7,27562,1.218065329e+10,10794.56109,441936.4811
2019-12-23,0.002011846236,1.224999155e+11,31933,45146,37726.33893,246450994,33313,1.327317253e+10,15001.03161,398438.2233
2019-12-24,0.001984719102,1.225137855e+11,29650,39303,34649.23812,243155450.4,31037,6024241795,10048.04912,194098.7143
2019-12-25,0.002022871829,1.225275955e+11,29677,40762,36480.2691,247857621.2,31058,5299333548,10125.10039,170627.0059
2019-12-26,0.002024906341,1.225415055e+11,29438,45265,36369.87977,248135071.5,30829,9083984955,10031.97818,294657.1395
2019-12-27,0.00203984013,1.225552555e+11,29635,47112,38746.90481,249993128.4,31010,7427904241,9832.337205,239532.5457
2019-12-28,0.002007153279,1.225690755e+11,27409,40269,36393.94181,246014921.9,28791,7212350307,7804.027492,250507.1136
2019-12-29,0.002023253459,1.225828655e+11,27795,46184,37315.15451,248016206.6,29174,5805008395,8197.694725,198978.8303
2019-12-30,0.001985325117,1.225967255e+11,26736,102670,86584.46709,243394358.4,28122,5906607440,10010.26093,210035.1127
2019-12-31,0.001975913836,1.226104655e+11,27758,53133,38645.73107,242267715.2,29132,7032096647,8490.166097,241387.3626
2020-01-01,0.002019846719,1.226241355e+11,28424,42336,43246.78908,247681957.7,29791,4189862859,7383.547027,140641.9005
2020-01-02,0.001958558115,1.226377555e+11,29685,52840,40002.82734,240193171.3,31047,1.107637736e+10,8025.146317,356761.5988
2020-01-03,0.001982021291,1.226512955e+11,30171,68976,41328.63951,243097479,31525,1.007253077e+10,8817.485506,319509.3029
2020-01-04,0.002015254376,1.226650055e+11,30308,70109,62182.19659,247201189.2,31679,7955214538,10001,251119.4968
2020-01-05,0.00209847988,1.226789055e+11,31554,44513,37919.38208,257439214.9,32944,6461801416,8622.090113,196145.0163
2020-01-06,0.002123684702,1.226927055e+11,32560,49482,43580.42957,260560621.8,33940,9184400589,7755.963646,270606.9708
2020-01-07,0.002162889052,1.227064755e+11,30846,48531,42071.03218,265400492.5,32223,1.504328939e+10,8895.177034,466849.4364
2020-01-08,0.002110190436,1.227202955e+11,30589,47835,41910.82589,258963193.9,31971,1.416941039e+10,8019.095594,443195.7209
2020-01-09,0.002154957354,1.227340455e+11,32988,47386,51892.61791,264486633.9,34363,8171505268,6529.055706,237799.5305
2020-01-10,0.002210274647,1.227479555e+11,33013,46833,41041.09032,271306694,34404,9330997534,6674.203307,271218.3913
2020-01-11,0.002142700594,1.227617255e+11,32465,47246,41452.48329,263041622.1,33842,7319862008,7561.845547,216295.1955
2020-01-12,0.002185231546,1.227755655e+11,33739,46733,44406.71727,268293038.9,35123,1.887947613e+10,7793.570012,537524.5886
2020-01-13,0.00214784348,1.227892355e+11,33635,47645,45334.44415,263732058.9,35002,7498070704,9519.106533,214218.3505
2020-01-14,0.002346244243,1.228029055e+11,33229,47153,44545.01192,288125610.1,34596,1.202982112e+10,10008.76,347722.8904
2020-01-15,0.002339601719,1.228166855e+11,34931,49980,47263.30667,287342128.5,36309,1.363277285e+10,10008,375465.3902
2020-01-16,0.002326253719,1.228304555e+11,34369,49025,46409.30187,285734803.9,35746,8886804769,10040.64541,248609.7681
2020-01-17,0.002453365984,1.228441855e+11,36249,50168,44365.82004,301381746.1,37622,1.374980437e+10,10034.76989,365472.4463
2020-01-18,0.002564563828,1.228579355e+11,30955,45811,40959.00964,315077017.3,32330,1.319169636e+10,10004,408032.6742
2020-01-19,0.002350292514,1.228717755e+11,30677,46257,42958.58259,288784614.2,32061,1.198184451e+10,8808.394,373720.2367
2020-01-20,0.002366819467,1.228855155e+11,32264,45728,39632.31605,290847830.3,33638,9722430670,10009.58312,289031.1752
2020-01-21,0.002404499296,1.228992755e+11,32745,47155,42302.42435,295511221.4,34121,1.2269999e+10,5099,359602.5613
2020-01-22,0.002338344778,1.229129955e+11,31117,46709,39697.7018,287412961.2,32489,1.066897198e+10,5132.653878,328387.2073
2020-01-23,0.00221570323,1.229267755e+11,32645,47551,41049.75954,272369253.5,34023,9777903441,4752.005,287390.9838
2020-01-24,0.002221365365,1.229406655e+11,33453,55166,44024.00142,273096136.3,34842,1.104401627e+10,4934.190975,316974.2343
2020-01-25,0.002230834776,1.229543755e+11,28017,42913,35228.46992,274290896.7,29388,5852788032,6698.455251,199155.7109
2020-01-26,0.002260235757,1.229681555e+11,26484,39979,31550.89317,277937022.1,27862,8400870465,8900.888381,301517.1368
2020-01-27,0.002361058701,1.229819055e+11,31003,48269,38878.69628,290367498,32378,1.95965413e+10,6104.291854,605242.4887
2020-01-28,0.002436540637,1.229956355e+11,32485,119545,108212.955,299683864,33858,1.251670793e+10,7169.411215,369682.4363
2020-01-29,0.002370508362,1.230093855e+11,31030,82791,68420.32578,291594777,32405,1.389028764e+10,8929.293096,428646.4324
2020-01-30,0.002431104864,1.230232555e+11,30172,50485,38443.76883,299082434.9,31559,8213476233,7995.2528,260257.8102
2020-01-31,0.002356597445,1.230370355e+11,30432,50493,38964.40521,289948763.5,31810,7781673115,6223.738344,244629.7741
2020-02-01,0.002390480982,1.230508355e+11,32997,56366,47425.01392,294150682.1,34377,1.102025972e+10,5614.100954,320570.7224
2020-02-02,0.002469020625,1.230646055e+11,36475,72746,61370.70758,303849049.2,37852,9632574148,4884.184824,254479.9257
2020-02-03,0.002412995318,1.230783755e+11,28024,45152,36236.41455,296987543.9,29401,9384340940,5859.746749,319184.4135
2020-02-04,0.002491710934,1.230921555e+11,29656,51403,38617.75962,306710069.8,31034,8665039217,5609,279211.1625
2020-02-05,0.002564449447,1.231058855e+11,26689,45557,35162.55812,315698820,28062,1.335374125e+10,6942.865955,475865.6279
2020-02-06,0.002663109753,1.231196155e+11,27148,44042,35642.93138,327881048.9,28521,8073299902,6586.916766,283065.1065
2020-02-07,0.002799964454,1.231335055e+11,30879,57544,53658.39905,344769438.5,32268,8479825078,9697.854287,262793.637
2020-02-08,0.00316708111,1.231472855e+11,29829,65963,55315.62632,390017441.7,31207,2.480868311e+10,10006.348,794971.7408
2020-02-09,0.003198742179,1.231610055e+11,26479,48534,38690.2916,393960303.1,27851,2.734825219e+10,9999,981948.6621
2020-02-10,0.002991879561,1.231747255e+11,24152,65299,37765.6848,368523943.7,25524,1.609749752e+10,8310.53972,630680.8305
2020-02-11,0.003027958232,1.231884955e+11,25123,89414,45053.4762,373009619,26500,1.179513647e+10,7268.454561,445099.4895
2020-02-12,0.00306798057,1.232023155e+11,25926,87382,44697.26643,377982310.1,27308,1.435499862e+10,7848.303306,525670.0826
2020-02-13,0.003024128832,1.232160655e+11,24965,85369,45120.8561,372621256.2,26340,1.317191985e+10,7807.39224,500072.8872
2020-02-14,0.003155193732,1.232296455e+11,24159,139944,57064.80846,388813405.1,25517,1.232792071e+10,7998.607195,483125.787
2020-02-15,0.002889519634,1.232435155e+11,24292,90905,40889.07221,356114557.8,25679,1.148151531e+10,7201.155292,447116.9171
2020-02-16,0.00275678671,1.232573955e+11,25046,40126,31790.47077,339794349.8,26434,7035813216,5628.138953,266165.2877
2020-02-17,0.002655789738,1.232711255e+11,24863,40338,32769.32625,327382190.1,26236,6102345669,5217.486454,232594.3615
2020-02-18,0.002839663226,1.232847355e+11,25200,40406,35147.8742,350087129.7,26561,9040031550,5117.766554,340349.8193
2020-02-19,0.002649264239,1.232984655e+11,25073,91137,82746.78929,326650215.4,26446,6978156206,7145.596893,263864.3351
2020-02-20,0.002615965797,1.233122755e+11,24078,39419,31003.53302,322580695,25459,7683847729,6563.03,301812.6293
2020-02-21,0.002635713581,1.233261155e+11,23991,38949,30729.79376,325052317.5,25375,1.136055262e+10,7148.632182,447706.5071
2020-02-22,0.002580407584,1.233398055e+11,24892,42902,32663.28794,318266969.6,26261,1.06547916e+10,5777.481146,405726.8039
2020-02-23,0.002666225724,1.233535555e+11,25664,41555,31656.11917,328888422.9,27039,1.126126235e+10,5516.770939,416482.2053
2020-02-24,0.002581871192,1.233674555e+11,25964,41612,32786.34332,318518879.4,27354,1.152506324e+10,5062.602546,421330.0885
2020-02-25,0.00246628287,1.233812955e+11,24827,42247,31132.85659,304293175.6,26211,8541037418,5686.771716,325856.9844
2020-02-26,0.002351910618,1.233949155e+11,28268,75843,68131.71913,290213812,29630,1.662385427e+10,7998,561048.0685
2020-02-27,0.002294233369,1.234087055e+11,28690,41917,35205.40151,283128370.2,30069,6855156455,7225.119128,227980.8592
2020-02-28,0.002333616034,1.234225255e+11,28857,45136,36300.03651,288020784.5,30239,5784418405,6689.200379,191290.0031
2020-02-29,0.002243983377,1.234361755e+11,28748,42723,36407.23883,276988726,30113,9621907420,9096.523892,319526.6968
2020-03-01,0.002258425548,1.234498155e+11,30284,44527,37563.75629,278802217.2,31648,5335702231,7583,168595.2424
2020-03-02,0.00236096674,1.234635555e+11,31757,57598,53121.44751,291493348.2,33131,6853302993,7010.670079,206854.6978
2020-03-03,0.00251477291,1.234772355e+11,29077,57323,48609.40585,310517206.9,30445,1.130539626e+10,8698.846994,371338.3563
2020-03-04,0.002401026219,1.234909655e+11,28269,40633,34294.47474,296505046,29642,9093462651,9310.937304,306776.2854
2020-03-05,0.002513554364,1.235046755e+11,30985,45573,38978.5711,310435716.1,32356,7011510450,6504.872514,216698.926
2020-03-06,0.002525771606,1.235184655e+11,27764,40283,34015.91132,311979433,29143,6524823587,6577.677239,223889.9079
2020-03-07,0.002421499237,1.235321755e+11,28735,41576,34932.45244,299133068.7,30106,5194093255,8256.915261,172526.847
2020-03-08,0.002183325312,1.235458655e+11,29248,41246,35181.98789,269740815.4,30617,5081175053,7708.01311,165959.2727
2020-03-09,0.002200230161,1.235595055e+11,30123,72984,65826.06596,271859350.6,31487,9525155362,9313.199166,302510.7302
2020-03-10,0.002191017661,1.235732555e+11,33077,55538,59423.94649,270751185.2,34452,1.621553045e+10,8677.758875,470670.2208
2020-03-11,0.002199629086,1.235870455e+11,29085,41571,35707.1433,271845660,30464,7811526435,8653.831326,256418.2785
2020-03-12,0.001534542292,1.236007455e+11,26127,38152,32905.34659,189670571.3,27497,1.819342506e+10,10017.52941,661651.2732
2020-03-13,0.001777919919,1.236144955e+11,29242,43974,39158.82312,219776673.9,30617,1.802396289e+10,10001.06504,588691.3443
2020-03-14,0.00165806567,1.236282355e+11,29562,51714,40045.27992,204983733.2,30936,8469841274,7174.411155,273785.9217
2020-03-15,0.001670837354,1.236420555e+11,30978,74778,66992.5279,206585764.9,32360,5834368491,5046.800127,180295.6888
2020-03-16,0.001576605216,1.236557755e+11,28169,44119,35594.13483,194956340.7,29541,7324546597,7179.5,247945.1135
2020-03-17,0.001673011072,1.236694055e+11,29495,41241,40427.03254,206900284.7,30858,9900253433,6811.957454,320832.6344
2020-03-18,0.001589463367,1.236831155e+11,28391,41407,34738.15566,196589781.2,29762,8064370085,10000,270961.9678
2020-03-19,0.001751515336,1.236967655e+11,33861,48215,40699.15301,216656781.8,35226,8408594590,7844.404358,238704.2125
2020-03-20,0.001763186977,1.237105455e+11,34527,73920,69159.96634,218124822.7,35905,6958052241,8225.1,193790.6208
2020-03-21,0.001781115442,1.237242755e+11,31728,43578,38849.96595,220367217.6,33101,8160031670,7140.507396,246519.1888
2020-03-22,0.001718683081,1.237380155e+11,32712,52828,48399.37889,212666433.8,34086,7738344698,7291.941808,227024.1359
2020-03-23,0.001848812227,1.237517455e+11,33403,49237,40645.81812,228793740.1,34776,6770986814,5807.077088,194702.8644
2020-03-24,0.001853467283,1.237653755e+11,34163,48743,42229.1677,229395074.2,35526,9005217002,5783.302014,253482.4355
2020-03-25,0.001840636863,1.237790455e+11,30358,45711,37717.57017,227832274,31725,6542542972,6053.560636,206226.7288
2020-03-26,0.001859485956,1.237928155e+11,29927,42952,37345.58319,230191001.8,31304,5397056149,5215.84769,172407.876
2020-03-27,0.001798267093,1.238064555e+11,33620,75564,69717.73012,222637074.8,34984,6477515635,8062.943301,185156.5183
2020-03-28,0.001799950634,1.238202455e+11,31865,46912,47172.34435,222870329.4,33244,5384774857,8882.311415,161977.345
2020-03-29,0.001736573407,1.238340355e+11,31123,45688,42667.88827,215046892.9,32502,6757825882,8860.34082,207920.309
2020-03-30,0.001823292101,1.238478055e+11,31943,54292,55780.82078,225810725.5,33320,4263759671,7774.796845,127963.9757
2020-03-31,0.001841806362,1.238615855e+11,32907,80776,46191.41843,228129056.1,34285,5058726744,7056.474905,147549.2706
2020-04-01,0.001872266015,1.238753555e+11,32714,49333,40960.88037,231927618.2,34091,4726150179,7952.495523,138633.3689
2020-04-02,0.001885674769,1.238890155e+11,32683,59425,53478.99589,233614390.7,34049,5950160717,9350.994316,174752.8772
2020-04-03,0.00184371926,1.239027755e+11,37471,49323,44620.69568,228441933.6,38847,6887857601,10034.1935,177307.3236
2020-04-04,0.001868434922,1.239164155e+11,31793,57179,54066.50945,231529758.2,33157,4196302017,9303.162435,126558.5553
2020-04-05,0.001873347423,1.239301355e+11,29506,44268,41454.14282,232164200,30878,3889528940,8002.665932,125964.4064
2020-04-06,0.001991889579,1.239438755e+11,30264,45564,37467.45056,246882514,31638,4930487020,7954.6073,155840.6669
2020-04-07,0.001962729681,1.239576655e+11,31528,45141,37892.14781,243295389.3,32907,5138593951,6506.934044,156155.0415
2020-04-08,0.002030860846,1.239714555e+11,31163,52486,46621.03701,251768775,32542,5216184419,6970.461795,160290.837
2020-04-09,0.002016964174,1.239851655e+11,33350,51098,60294.82782,250073637,34721,4731831228,5321.819261,136281.5365
2020-04-10,0.001951926258,1.239988355e+11,31350,43878,37229.74945,242036583,32717,8599246283,8308.364039,262837.2492
2020-04-11,0.001951983585,1.240125555e+11,31701,45511,36988.81743,242070472.7,33073,4601646446,7049.422515,139136.0459
2020-04-12,0.001985889413,1.240263355e+11,32414,45825,39256.22956,246302586.6,33792,5643726885,10013.71548,167013.6981
2020-04-13,0.001943679548,1.240401055e+11,31600,47826,38770.9523,241094216.3,32977,8655266576,10002,262463.7346
2020-04-14,0.001977848509,1.240536455e+11,31134,45475,37924.6795,245359317.7,32488,4458503351,7997.000209,137235.39
2020-04-15,0.001896260732,1.240673455e+11,30608,44544,37641.12306,235264035.4,31978,5079761036,7710,158851.7429
2020-04-16,0.002033876577,1.240811355e+11,31307,45480,39372.56222,252365715.1,32686,5846577243,9547.897994,178870.992
2020-04-17,0.002009721479,1.240947955e+11,32495,46157,40813.38441,249395975.9,33861,4445378135,7924.992682,131283.1321
2020-04-18,0.002077251995,1.241086455e+11,35273,49597,42245.21529,257804931.5,36658,4734624764,6402,129156.6579
2020-04-19,0.002047130381,1.241223355e+11,34332,49498,41669.91383,254094604,35701,4199628514,7514.739539,117633.358
2020-04-20,0.001948548652,1.241360655e+11,33808,49667,41692.12279,241885163.2,35181,6306963054,6551.246671,179271.8528
2020-04-21,0.00198140048,1.241497755e+11,32715,112630,104138.6478,245990424.8,34086,5542280059,9998,162596.9624
2020-04-22,0.002038469192,1.241635255e+11,38012,52655,46631.55318,253103521.6,39387,5997179257,5789.774,152262.9105
2020-04-23,0.002071595037,1.241772255e+11,39487,52579,47599.45554,257244924.1,40857,9356336481,4999,229002.0433
2020-04-24,0.002067843066,1.241910555e+11,34334,48981,43239.24725,256807613,35717,5878032433,7595.865796,164572.4006
2020-04-25,0.002128646697,1.242047755e+11,35771,54209,45725.68326,264388085.1,37143,5145795908,6227.362111,138540.1262
2020-04-26,0.002423409704,1.242185755e+11,36712,57194,54709.4849,301032501.3,38092,2.90223193e+10,9999,761900.6433
2020-04-27,0.002371339436,1.242322855e+11,35040,52835,51180.19871,294596917.9,36411,1.011174634e+10,8338.20256,277711.3053
2020-04-28,0.002296720591,1.242460955e+11,31424,45732,44910.6022,285358565.9,32805,8281086354,7165.09,252433.6642
2020-04-29,0.00251489051,1.242598055e+11,34607,49356,48864.2231,312499805.6,35978,1.114861519e+10,7721.46114,309873.1222
2020-04-30,0.002445024189,1.242734755e+11,32056,55324,47742.11801,303851653.7,33423,1.614642038e+10,7871.1,483093.0909
2020-05-01,0.002510759035,1.242871655e+11,32081,46103,44590.83005,312055123.7,33450,6980599202,6477.667252,208687.5696
2020-05-02,0.002529599655,1.243008355e+11,31469,45387,45061.05335,314431350.7,32836,6211825175,5990.809979,189177.2803
2020-05-03,0.002537435273,1.243145555e+11,32134,48176,46214.91713,315440138.1,33506,8558161044,5503.6,255421.7467
2020-05-04,0.002423029319,1.243283555e+11,33146,48278,42575.3909,301251250.6,34526,7969502719,6998.5,230826.1229
2020-05-05,0.002476242675,1.243419955e+11,29057,44088,37451.94945,307900955.6,30421,7222667209,7325.041297,237423.7273
2020-05-06,0.002534457127,1.243558155e+11,34147,47959,45059.37798,315174482.9,35529,1.201825262e+10,6057.351253,338265.9974
2020-05-07,0.002649261611,1.243694855e+11,43974,61071,59019.99152,329487303.5,45341,1.681033401e+10,2257.397371,370753.4904
2020-05-08,0.002620108045,1.243832255e+11,31744,46422,45629.05431,325897489.8,33118,1.12912312e+10,6706.988488,340939.4046
2020-05-09,0.002630619605,1.243969255e+11,32328,141032,128646.2778,327240991,33698,6843417635,8083.830164,203080.8248
2020-05-10,0.002464872204,1.244106155e+11,32394,53015,53466.48782,306656268.1,33763,9485159543,8707.399537,280933.5528
2020-05-11,0.002406385892,1.244243555e+11,31215,55266,46191.40067,299413013.8,32589,1.163056743e+10,6134.207732,356886.2937
2020-05-12,0.002432746971,1.244382355e+11,31990,46188,41836.30851,302726740.5,33378,8871075393,4199.209,265776.1218
2020-05-13,0.002564241068,1.244519655e+11,32580,45605,43079.83519,319124841,33953,9186530036,4422.622548,270566.0777
2020-05-14,0.002586587097,1.244656055e+11,31348,63384,58170.67793,321941129.2,32712,9277069380,5099.650041,283598.3547
2020-05-15,0.002481657625,1.244793255e+11,31721,47238,41660.80842,308915067.3,33093,1.04847685e+10,5020.590995,316827.3804
2020-05-16,0.002470400502,1.244931155e+11,35855,46555,42190.27397,307547855,37234,1.043241409e+10,5974.396591,280185.1558
2020-05-17,0.0025478642,1.245069055e+11,34234,62025,61537.72805,317226687.2,35613,8061665223,5379.825,226368.6076
2020-05-18,0.002572885426,1.245207155e+11,33841,48913,43662.45039,320377534.1,35222,8235706274,5724.500831,233822.789
2020-05-19,0.002576015625,1.245344055e+11,34152,47668,43347.43969,320802574.5,35521,8614176795,6655.469154,242509.4112
2020-05-20,0.002527839987,1.245480855e+11,34037,48740,42505.58726,314837630.8,35405,8927786737,6087.4905,252161.7494
2020-05-21,0.002509927223,1.245618055e+11,30209,46205,42248.1473,312641066.6,31581,6629406275,5465.655547,209917.5541
2020-05-22,0.002522658381,1.245755955e+11,30845,46654,41854.96149,314261670.1,32224,8444722069,5557.5,262063.1228
2020-05-23,0.002537514011,1.245893855e+11,32411,45190,39921.78272,316147311.4,33790,5864496348,6462.179196,173557.1574
2020-05-24,0.002443880839,1.246033155e+11,31702,45457,40354.46171,304515655.2,33095,1.037189772e+10,7400.646093,313397.7255
2020-05-25,0.002541064704,1.246171355e+11,35918,52447,46135.80252,316660204.5,37300,1.462451837e+10,6837.723798,392078.2404
2020-05-26,0.002513387418,1.246309655e+11,37342,95734,92556.48314,313245900.5,38725,7885848202,8194.189607,203637.1388
2020-05-27,0.002529330849,1.246445655e+11,34865,48597,42777.08057,315267344.7,36225,1.534356565e+10,8818.714922,423562.889
2020-05-28,0.002534658289,1.246582455e+11,34904,47979,44761.51378,315966055.3,36272,1.307787733e+10,10001.77266,360550.213
2020-05-29,0.002499468252,1.246721455e+11,38709,51005,47384.00227,311614069.5,40099,8782378336,7762.270629,219017.3904
2020-05-30,0.002604719849,1.246858955e+11,37398,48876,45111.34478,324771826.9,38773,8735430858,10024.113,225296.7492
2020-05-31,0.002551085081,1.246996755e+11,37039,48047,46524.38401,318119481.7,38417,1.202664248e+10,9416.813537,313055.2224
2020-06-01,0.002660197895,1.247135555e+11,38829,83354,82951.63128,331762737.8,40217,1.59842211e+10,9774.611372,397449.3647
2020-06-02,0.002533959024,1.247272755e+11,38528,48375,44597.49842,316053805.2,39900,2.302682303e+10,9284.077517,577113.3592
2020-06-03,0.002535343087,1.247410255e+11,38676,49503,46950.86993,316261296.7,40051,1.261041047e+10,9883.479455,314858.8169
2020-06-04,0.00260098221,1.247546355e+11,40256,64651,65038.05717,324484587.5,41617,1.867111803e+10,10023.71377,448641.6134
2020-06-05,0.002542500889,1.247683855e+11,41369,51903,47667.95461,317223731,42744,1.429177259e+10,9878.391405,334357.3974
2020-06-06,0.00256161,1.247821455e+11,41546,49505,49407.90872,319643191.8,42922,1.233002653e+10,9652.833532,287265.8899
2020-06-07,0.002583236912,1.247959255e+11,44167,56435,51198.80051,322377441.2,45545,1.553004181e+10,10024.86089,340982.3649
2020-06-08,0.002568189386,1.248096455e+11,43075,51088,49451.68598,320534806.9,44447,1.295604968e+10,10009.10049,291494.3569
2020-06-09,0.002599548739,1.248235055e+11,43345,80712,87435.17105,324484786.3,44731,1.938092505e+10,10034.46698,433277.2586
2020-06-10,0.002614115113,1.248371655e+11,42611,51676,57838.84908,326338720.9,43977,1.238523103e+10,7520.307844,281629.7389
2020-06-11,0.002444003803,1.248509055e+11,44003,62888,69288.86136,305136087.9,45377,1.219564082e+10,6617.262844,268762.6069
2020-06-12,0.002507601606,1.248645355e+11,45732,54907,60825.74563,313110509.8,47095,1.388175658e+10,6901.402333,294760.7299
2020-06-13,0.002510112317,1.248783555e+11,46970,65035,79260.36461,313458698.2,48352,2.608562315e+10,10005.23292,539494.1915
2020-06-14,0.002467555945,1.248919455e+11,47042,53812,60955.34705,308177862.6,48401,1.955955969e+10,9952.345636,404114.7845
2020-06-15,0.002510878201,1.249056855e+11,53041,63407,67952.62119,313622963,54415,3.958431431e+10,10028.854,727452.2523
2020-06-16,0.002527158762,1.249193855e+11,52639,61035,67737.79775,315691119.7,54009,1.480931542e+10,10045.7935,274200.8817
2020-06-17,0.002491450957,1.249331155e+11,48068,60516,63217.22798,311264730.1,49441,1.548284245e+10,10013.62819,313157.955
2020-06-18,0.002490098229,1.249469055e+11,46079,58338,62672.16116,311130068.2,47458,1.464339327e+10,10042.7416,308554.791
2020-06-19,0.002448353984,1.249606655e+11,48608,56379,63267.03179,305947943.2,49984,1.283538356e+10,12200.73067,256789.8439
2020-06-20,0.00248433107,1.249744055e+11,44835,99074,106902.2894,310477798.6,46209,1.15877188e+10,10061.99313,250767.5733
2020-06-21,0.002453208631,1.249881355e+11,39807,51021,54085.52113,306621972.8,41180,1.06563649e+10,10028.87835,258775.2526
2020-06-22,0.002482336262,1.250018455e+11,41812,53473,56847.05533,310296613.9,43183,1.647096774e+10,10055.49575,381422.4981
2020-06-23,0.00246183492,1.250154355e+11,43565,54289,59527.82906,307767364.7,44924,1.943641134e+10,10005.10896,432650.9515
2020-06-24,0.002439090812,1.250291855e+11,43916,76915,82460.6939,304957537.6,45291,3.773794935e+10,10997,833232.8576
2020-06-25,0.002414082381,1.250429855e+11,46090,59860,59338.86009,301864068.2,47470,1.841604533e+10,9999,387951.2392
2020-06-26,0.002320935151,1.250567455e+11,45507,57845,61762.83731,290248596.5,46883,1.492065903e+10,10046.39637,318253.0774
2020-06-27,0.002297709385,1.250704455e+11,44498,54538,57894.31564,287375536.4,45868,1.423445439e+10,10049.3217,310335.1877
2020-06-28,0.002293018082,1.250844955e+11,49857,57405,64008.49237,286821009.9,51262,1.379905946e+10,11101.3129,269186.9115
2020-06-29,0.00233886709,1.250983655e+11,51273,63462,70101.04566,292588450.1,52660,1.623987925e+10,11158.97089,308391.1745
2020-06-30,0.002317880882,1.251121155e+11,50286,103553,107641.9846,289994980.6,51661,3.143879882e+10,10449.03905,608559.6257
2020-07-01,0.002360938124,1.251257955e+11,47309,56826,61795.76943,295414260.9,48677,1.689884171e+10,10074.8937,347162.7609
2020-07-02,0.002319998926,1.251396155e+11,48266,61309,61980.8243,290323773.6,49648,1.625062166e+10,10030.926,327316.743
2020-07-03,0.002324575497,1.251533455e+11,47823,61418,62484.77812,290928400.3,49196,1.646875439e+10,10050.67627,334757.9965
2020-07-04,0.002319910613,1.251669755e+11,49184,93354,99418.82039,290376194.9,50547,1.688865275e+10,10020.698,334117.8063
2020-07-05,0.002326456074,1.251808255e+11,45897,57874,58937.92699,291227691.9,47282,1.527324336e+10,10031.785,323024.4779
2020-07-06,0.002608173992,1.251946355e+11,47315,64386,64822.77,326529392.3,48696,2.423234843e+10,10039.49801,497625.0293
2020-07-07,0.003076772671,1.252084755e+11,50116,72920,76712.49945,385238015.7,51500,6.306695121e+10,11935.40859,1224600.994
2020-07-08,0.004717934638,1.252221055e+11,65089,126064,154756.4013,590789709,66452,3776567739,19897.10009,56831.51356
2020-07-09,0.004356573103,1.252359355e+11,51240,74289,78749.20486,545599508.2,52623,-8.946527613e+10,14068.88321,1805335.397
2020-07-10,0.003538494077,1.252496755e+11,46304,67731,67880.2738,443195235,47678,7.097997818e+10,12293.79338,1488736.486
2020-07-11,0.003824707072,1.252635555e+11,44545,70657,63336.95559,479096406.6,45933,3.287203649e+10,9447.9,715651.8514
2020-07-12,0.003642925261,1.252772755e+11,46501,76790,66115.21126,456375751.6,47873,2.064503083e+10,10069.03663,431245.8134
2020-07-13,0.003138948202,1.252910755e+11,50158,109411,159826.1193,393282196.2,51538,4.262433028e+10,12464,827046.6506
2020-07-14,0.003292760501,1.253049355e+11,49330,395181,134072.9642,412599142.2,50716,2.490806946e+10,10204.49732,491128.4301
2020-07-15,0.003089298904,1.253186455e+11,48341,124104,86871.03479,387146754.2,49712,2.073815943e+10,9255.391948,417166.0651
2020-07-16,0.002971476525,1.253324055e+11,49788,74739,72296.29951,372422300.7,51164,2.632994315e+10,10002.57619,514618.5433
2020-07-17,0.003052266835,1.253461055e+11,48093,78019,71816.16786,382589760.7,49463,2.118620975e+10,9768.585294,428324.399
2020-07-18,0.003494612164,1.253599555e+11,52712,73562,78923.59894,438084425.4,54097,2.769482511e+10,10864.01254,511947.5223
2020-07-19,0.00337455157,1.253737955e+11,47658,70079,69153.05315,423080338.5,49042,2.724733674e+10,10016.51415,555591.8751
2020-07-20,0.003250955808,1.253875255e+11,45808,67629,74589.56446,407629304.3,47181,2.563654501e+10,9996.209,543365.8677
2020-07-21,0.003312273666,1.254012855e+11,46745,109403,117239.045,415363375.7,48121,1.86645033e+10,10006.54095,387866.0731
2020-07-22,0.003284097525,1.254148855e+11,47005,69324,80147.06709,411874715,48365,2.567275756e+10,8841.130962,530812.7274
2020-07-23,0.003327268045,1.254284655e+11,50904,87651,101655.5904,417334125.2,52262,2.348740146e+10,10101.232,449416.4299
2020-07-24,0.003206677452,1.254421855e+11,50076,68377,77408.12047,402252627.8,51448,2.378145863e+10,10005.66211,462242.6261
2020-07-25,0.003273211194,1.254558655e+11,49744,67193,77676.7822,410643543.4,51112,3.122406695e+10,10026.30625,610895.0334
2020-07-26,0.003225779242,1.254694555e+11,52205,87233,103609.928,404736765.1,53564,2.460906405e+10,10006.481,459432.9037
2020-07-27,0.003164149967,1.254831555e+11,51601,68792,79150.18681,397047522.3,52971,3.188711473e+10,10069.69825,601973.0556
2020-07-28,0.003236867689,1.254968355e+11,49759,67438,73934.14043,406216652,51127,2.833773135e+10,10005,554261.5712
2020-07-29,0.003193052401,1.255104855e+11,49986,69319,77287.25223,400761557.1,51351,2.588358848e+10,10025.46073,504052.2771
2020-07-30,0.003231602188,1.255241655e+11,51102,92002,108048.8362,405644167.8,52470,2.963508997e+10,10036.10327,564800.6474
2020-07-31,0.003230099989,1.255378955e+11,48492,64343,71962.0637,405499954.9,49865,3.78620176e+10,10061.21534,759290.4361
2020-08-01,0.003724941672,1.255514655e+11,46600,65455,71056.8332,467671885.8,47957,2.460000056e+10,10064.87935,512959.5378
2020-08-02,0.003359771327,1.255652055e+11,42058,59109,62387.2378,421870377.1,43432,1.800443434e+10,8910.207039,414543.0637
2020-08-03,0.003415837112,1.255789255e+11,48723,89946,107848.962,428957154.2,50095,4.041014778e+10,11466.48544,806670.2822
2020-08-04,0.003538168106,1.255926355e+11,47634,63130,70674.27926,444367857.3,49005,2.175452571e+10,10006.06014,443924.6139
2020-08-05,0.003518408802,1.256060655e+11,52920,72112,82453.95726,441933486.4,54263,2.425825765e+10,9297.323925,447049.696
2020-08-06,0.003574870848,1.256197955e+11,53398,70949,85172.23935,449074544.9,54771,2.306208036e+10,10001,421063.7082
2020-08-07,0.003508118763,1.256334055e+11,53451,73958,85815.08334,440736907.1,54812,2.154181989e+10,8462.500111,393012.842
2020-08-08,0.003458403029,1.256471255e+11,56907,72916,87737.36821,434538399.4,58279,2.377134789e+10,6809.437721,407888.7401
2020-08-09,0.0034127116,1.256609855e+11,52425,67853,81607.77841,428844703,53811,2.43423266e+10,8226.63395,452367.1108
2020-08-10,0.003503200288,1.256747455e+11,55576,134024,145050.5153,440263804.6,56952,2.311746245e+10,10022.85425,405911.3368
2020-08-11,0.00335604257,1.256886255e+11,55087,72704,87370.11501,421816377.7,56475,2.971244188e+10,8214.230021,526116.722
2020-08-12,0.003443470908,1.257023655e+11,55106,71544,86966.20359,432852438.7,56480,3.622494589e+10,9073.647875,641376.5207
2020-08-13,0.003463156216,1.257161855e+11,56710,71644,87678.71391,435374789.3,58092,2.952787868e+10,8942.957967,508295.0953
2020-08-14,0.003602109461,1.257299355e+11,55988,67820,91508.4326,452892990.3,57363,2.618121751e+10,8132.118047,456412.9755
2020-08-15,0.00353832009,1.257437055e+11,57480,69731,92769.49892,444921479.4,58857,2.569887647e+10,7903.591286,436632.4562
2020-08-16,0.003520365857,1.257573355e+11,58400,71874,92935.59514,442711830.2,59763,2.595809419e+10,6863.033755,434350.588
2020-08-17,0.00361489441,1.257711555e+11,61679,74019,97713.34865,454649447,63061,3.656862548e+10,8943.208586,579892.8891
2020-08-18,0.003526693069,1.257848555e+11,55209,68258,85924.35444,443604578.1,56579,2.77264956e+10,10007.3184,490049.2338
2020-08-19,0.003458678547,1.257986655e+11,53976,66041,86437.94947,435097145.6,55357,3.291392512e+10,10047.718,594575.6656
2020-08-20,0.003465041837,1.258124255e+11,57463,71350,89818.01247,435945318,58839,4.946579463e+10,8788.288915,840697.4054
2020-08-21,0.003373567144,1.258262455e+11,55524,69746,85976.86922,424483287.7,56906,3.470458582e+10,8395.013409,609858.1137
2020-08-22,0.00344666265,1.258398955e+11,59399,174621,181447.603,433727667.7,60764,5.159865262e+10,8466.085847,849164.8446
2020-08-23,0.003446136094,1.258535355e+11,59576,74062,93938.99156,433708411.2,60940,4.384168456e+10,6129.261909,719423.7702
2020-08-24,0.003397242518,1.258671955e+11,57490,72368,92936.00604,427601388.2,58856,5.802197697e+10,7446.460306,985829.4306
2020-08-25,0.003304108641,1.258809555e+11,51827,62802,79847.55679,415924352.8,53203,6.415278057e+10,10077.32503,1205811.337
2020-08-26,0.003287969066,1.258947255e+11,52766,64305,83012.56113,413937963,54143,5.709189086e+10,10011.227,1054464.859
2020-08-27,0.003219669852,1.259084555e+11,55880,67354,92725.87696,405383658.2,57253,5.203700344e+10,10198.46367,908895.6638
2020-08-28,0.003284988513,1.259220455e+11,51865,68244,83714.6774,413652473.1,53224,5.011089497e+10,9641.230917,941509.3749
2020-08-29,0.003283362777,1.259357155e+11,51265,64132,81191.80172,413492640.6,52632,4.69611304e+10,9307.383179,892254.3395
2020-08-30,0.003324085182,1.259493355e+11,46725,59923,74566.67804,418666319.8,48087,4.440514939e+10,10051.39333,923433.5556
2020-08-31,0.003221653639,1.259630355e+11,52445,141924,156057.9834,405809271.7,53815,5.487028838e+10,10221.07589,1019609.558
2020-09-01,0.003310585957,1.259767855e+11,53716,68311,84122.2877,417056977.1,55091,4.815251867e+10,10119.89107,874054.1771
2020-09-02,0.003125694106,1.259906755e+11,51855,66094,77071.51504,393808311.8,53244,5.632217199e+10,9947.709,1057812.561
2020-09-03,0.002811399582,1.260042455e+11,54771,97373,122879.5197,354248283.2,56128,5.524586965e+10,10162.7708,984283.5955
2020-09-04,0.002888850337,1.260180255e+11,54895,68124,86331.41312,364047215.4,56273,6.603759111e+10,10022.42424,1173521.78
2020-09-05,0.002773543391,1.260318155e+11,52039,62994,80183.88202,349554708.9,53418,6.271792634e+10,10065.49806,1174097.239
2020-09-06,0.002802943124,1.260455555e+11,52644,66057,79478.24666,353298523.2,54018,6.338240052e+10,11802.15302,1173357.039
2020-09-07,0.002868144227,1.260593855e+11,52683,65280,85999.1546,361556498.8,54066,5.485987012e+10,9112.762965,1014683.352
2020-09-08,0.002783976483,1.260731255e+11,50052,62972,76832.9737,350984616.6,51426,4.99275111e+10,7730.564897,970861.2588
2020-09-09,0.002802443152,1.260869155e+11,54421,65991,85927.31847,353351412.9,55800,6.368116758e+10,9231.920445,1141239.562
2020-09-10,0.002846418799,1.261006755e+11,51623,64767,86193.54816,358935333.4,52999,6.981640167e+10,10015.29755,1317315.453
2020-09-11,0.002779308137,1.261143855e+11,49289,62605,81169.53567,350510737.9,50660,5.233094357e+10,8813.438208,1032983.489
2020-09-12,0.002783738866,1.261282055e+11,52770,132241,152695.1287,351107987.8,54152,7.013493198e+10,10261.30146,1295149.431
2020-09-13,0.002751087801,1.261419155e+11,42637,60955,75302.81429,347027485,44008,5.476940469e+10,10022.7,1244532.919
2020-09-14,0.002818173974,1.261556555e+11,44362,61952,76790.20445,355528585.1,45736,6.127024283e+10,10047.81285,1339650.228
2020-09-15,0.002843499905,1.261694055e+11,43487,82779,78873.46097,358762692.5,44862,5.149631025e+10,9947.881644,1147882.623
2020-09-16,0.00280924267,1.261830755e+11,39826,95049,105580.1433,354478879.9,41193,2.447479901e+10,8086.207869,594149.4673
2020-09-17,0.00280262024,1.261969355e+11,46189,64780,79092.90215,353682085.7,47575,6.324031515e+10,10009.36879,1329276.199
2020-09-18,0.002791109787,1.262107455e+11,39681,62115,68139.24889,352268047,41062,1.048899757e+10,6750.18687,255442.9296
2020-09-19,0.002798443115,1.262243755e+11,36844,57050,62675.41611,353231734.6,38207,9206050088,7142.876812,240951.9221
2020-09-20,0.002775521304,1.262380355e+11,37493,59945,64683.20777,350376356.9,38859,5760077023,6061.234764,148230.1918
2020-09-21,0.00264216801,1.262517255e+11,40373,59910,71070.75485,333578270.3,41742,2.218845222e+10,8541.353913,531561.7895
2020-09-22,0.002650157144,1.262655855e+11,42927,65548,74979.5003,334623643.5,44313,2.992560801e+10,7819.361119,675323.4493
2020-09-23,0.002524389451,1.262791455e+11,45765,66977,74064.57488,318777742.8,47121,3.287752191e+10,5993.913725,697725.4709
2020-09-24,0.002613799426,1.262929855e+11,57002,143500,160169.7128,330104533,58386,3.045501817e+10,4919.67916,521615.0818
2020-09-25,0.002728147131,1.263066755e+11,50301,72425,79411.78455,344583194.4,51670,2.73956448e+10,4840.909208,530204.0798
2020-09-26,0.002714553779,1.263201555e+11,40339,60726,66154.41905,342902855.5,41687,1.804342478e+10,5317.751248,432830.9732
2020-09-27,0.002714833052,1.263338155e+11,39636,66065,66173.11845,342975217.9,41002,3.23228771e+10,5906.691375,788324.4012
2020-09-28,0.002636629127,1.263474855e+11,39447,64052,67124.17895,333131460.4,40814,2.25058027e+10,5260.657498,551423.5974
2020-09-29,0.002668803203,1.263611255e+11,41727,66958,67802.92452,337232976.5,43091,2.242232549e+10,5611.890518,520348.228
2020-09-30,0.002637433313,1.263748355e+11,36028,59893,60274.68021,333305201.1,37399,1.474915421e+10,4999,394372.9568
2020-10-01,0.00261833908,1.263886055e+11,43536,65177,75426.59136,330928225.1,44913,3.323673089e+10,10003,740024.7342
2020-10-02,0.002591260981,1.264021755e+11,41210,125274,132923.4834,327541025.3,42567,2.539999564e+10,9509.79,596706.2663
2020-10-03,0.002597964311,1.264159255e+11,38090,66835,77716.6231,328424062.8,39465,2.660277884e+10,7535.361152,674085.3628
2020-10-04,0.002634397733,1.264297255e+11,37100,59665,69275.7434,333066182.2,38480,1.573538374e+10,6562.85,408923.6938
2020-10-05,0.002619650192,1.264434055e+11,39850,64153,68880.71385,331237491.5,41218,1.251935686e+10,7673.999153,303735.1851
2020-10-06,0.00259108479,1.264570455e+11,39185,69756,83558.01775,327660927.2,40549,1.438218343e+10,7382.887395,354686.5135
2020-10-07,0.002591991609,1.264707855e+11,37154,58268,69171.56513,327811214.8,38528,1.369132097e+10,8652.805113,355360.2827
2020-10-08,0.002610469643,1.264844555e+11,37271,57402,64259.1934,330183831.4,38638,1.395571091e+10,6467.83883,361191.3378
2020-10-09,0.002668358322,1.264981855e+11,35581,57343,62252.04172,337542486,36954,2.044448231e+10,8217.174638,553241.3896
2020-10-10,0.002663536869,1.265119955e+11,37942,61131,67031.16977,336969364.4,39323,2.717632665e+10,7503.983202,691105.1204
2020-10-11,0.002677319471,1.265256355e+11,39011,62699,63120.50429,338749547.5,40375,1.168184787e+10,5688.376681,289333.6934
2020-10-12,0.002682967619,1.265394755e+11,40825,63838,64618.59502,339501315.3,42209,2.892933731e+10,6000.07558,685383.1483
2020-10-13,0.002656325381,1.265533055e+11,39767,64427,65716.45175,336166757.4,41150,1.724504786e+10,5538.192903,419077.7123
2020-10-14,0.002657851396,1.265668655e+11,39721,121575,120893.4983,336395920.1,41077,2.102415137e+10,6774.838697,511822.9512
2020-10-15,0.002598641069,1.265805755e+11,36953,60354,62009.86043,328937482.1,38324,1.607560316e+10,6711.17,419465.6915
2020-10-16,0.002609163637,1.265941855e+11,37475,59433,62683.66947,330304945.5,38836,1.256194181e+10,6421.200639,323461.2683
2020-10-17,0.002581615116,1.266079555e+11,38291,62381,77208.52237,326853011.7,39668,1.073601554e+10,6005.275002,270646.7566
2020-10-18,0.002587792648,1.266216655e+11,37438,61509,62554.17686,327670615.1,38809,6794926555,5602.060407,175086.3603
2020-10-19,0.002617907306,1.266354055e+11,42394,118435,123789.8248,331519753.3,43768,9331895118,6012.832612,213212.738
2020-10-20,0.002586326085,1.266491055e+11,40065,65015,66639.92288,327555885.2,41435,1.25570036e+10,6261.213797,303053.0614
2020-10-21,0.002630711171,1.266627055e+11,39818,62036,64988.64138,333212994.4,41178,1.022337006e+10,7024.120973,248272.6229
2020-10-22,0.002657701964,1.266763655e+11,37668,60118,61854.58392,336668025.4,39034,8196232979,7926.741501,209976.7633
2020-10-23,0.002657648857,1.266901655e+11,38168,61317,69986.50872,336697973.5,39548,7774483614,5999,196583.4837
2020-10-24,0.002651019282,1.267039055e+11,39840,60622,67611.6717,335894496.6,41214,8240417767,6673.5,199942.1985
2020-10-25,0.002665806329,1.267174855e+11,39283,110698,122171.01,337804274.8,40641,9326349646,6617.054,229481.3033
2020-10-26,0.002674366955,1.267310055e+11,46552,72389,75618.81376,338925213.3,47904,1.833681728e+10,6414.20725,382782.5918
2020-10-27,0.002673841276,1.267446755e+11,39355,61875,68160.46539,338895144.8,40722,1.106030708e+10,6998.709,271605.2032
2020-10-28,0.002589605364,1.267584355e+11,40927,63985,68328.07627,328254324.5,42303,9233326335,6996.594708,218266.4666
2020-10-29,0.002586533032,1.267721155e+11,42268,98318,106801.1131,327900264.3,43636,9960949086,7319.083794,228273.6522
2020-10-30,0.002604933689,1.267857755e+11,40326,65130,69432.56571,330268537.8,41692,1.064141905e+10,6658.043589,255238.872
2020-10-31,0.00255761326,1.267994855e+11,40464,64329,68582.19548,324304045.5,41835,6946930040,7040.022177,166055.4569
2020-11-01,0.002556460734,1.268131155e+11,39140,63777,67233.81124,324192750.3,40503,8307068633,7785.963641,205097.6133
2020-11-02,0.002516167684,1.268268355e+11,40442,66874,72873.31718,319117584.9,41814,9523996262,7458.726053,227770.5137
2020-11-03,0.002524602934,1.268404355e+11,44150,121684,120661.0686,320221735.6,45510,1.648110261e+10,6494.463985,362142.4436
2020-11-04,0.002559301061,1.268542355e+11,38839,69930,67187.641,324658179.5,40219,6451314721,7065.925361,160404.6526
2020-11-05,0.002662442628,1.268679255e+11,36820,89180,86479.75685,337778573,38189,7878034282,7500.026752,206290.667
2020-11-06,0.002757280442,1.268816255e+11,37108,77288,66788.91805,349848224.4,38478,8913339073,9998.688794,231647.6707
2020-11-07,0.002675904254,1.268952055e+11,36082,73306,70520.23688,339559420.2,37440,1.195339301e+10,9999,319267.9756
2020-11-08,0.002712468808,1.269088855e+11,35794,65005,64982.35647,344236393.4,37162,7196061610,8472.869661,193640.321
2020-11-09,0.002679271541,1.269225955e+11,38249,79264,70922.81536,340060098,39620,1.558547922e+10,9436.502951,393374.0339
2020-11-10,0.002785250701,1.269362555e+11,38743,78900,69350.16809,353549294.6,40109,1.116633121e+10,7935,278399.6413
2020-11-11,0.002764993718,1.269499255e+11,40181,127904,119447.1213,351015746.6,41548,1.088109097e+10,6648.538558,261892.0519
2020-11-12,0.002801062448,1.269634855e+11,36829,74728,66431.29682,355632651.5,38185,8921245649,6900.169067,233632.2024
2020-11-13,0.002842566561,1.269772255e+11,37373,68340,65579.63883,360941215.2,38747,1.592162559e+10,9373,410912.4731
2020-11-14,0.002782577557,1.269909255e+11,35874,59473,63093.81626,353362099.3,37244,7080527050,7020.510181,190111.8851
2020-11-15,0.002777594873,1.270046655e+11,38504,133889,112808.5662,352767507.8,39878,6722746606,7533.421564,168582.8428
2020-11-16,0.00291893676,1.270184255e+11,39976,78637,72254.3597,370758751.4,41352,1.428805148e+10,6868.188855,345522.6224
2020-11-17,0.002926578833,1.270322455e+11,39161,78720,72282.69499,371769880.8,40543,1.431518209e+10,7306.83757,353086.4043
2020-11-18,0.002919347613,1.270458555e+11,37074,74084,67972.81853,370891015,38435,1.264985429e+10,6089.063312,329123.3066
2020-11-19,0.002927775663,1.270595555e+11,40777,111911,111754.1312,372001874.4,42147,1.297376164e+10,8239.133588,307821.7107
2020-11-20,0.003011397328,1.270732755e+11,39428,79124,71161.45097,382668122.3,40800,1.469632412e+10,5226.182118,360204.0226
2020-11-21,0.00352121713,1.270869155e+11,42719,81142,87418.15585,447500623.8,44083,1.840538109e+10,5898.550764,417516.5276
2020-11-22,0.003379456214,1.271006455e+11,36673,106982,83263.40762,429531066.2,38046,1.045386997e+10,5586.54322,274769.2259
2020-11-23,0.003555241219,1.271143155e+11,39509,77722,72468.01912,451922054,40876,7923219535,5609.367367,193835.4911
2020-11-24,0.00411969835,1.271281355e+11,42004,83340,81743.49558,523729570.1,43386,2.656807694e+10,5731.676376,612365.2085
2020-11-25,0.003687115877,1.271416555e+11,39647,75994,72950.5824,468786016.6,40999,1.565977732e+10,5616.042155,381955.1043
2020-11-26,0.003265219222,1.271553755e+11,41294,82557,75101.51174,415190176.3,42666,2.329661436e+10,7000.449351,546022.9308
2020-11-27,0.003280364823,1.271691155e+11,39533,146940,139710.8841,417161093.1,40907,2.298703679e+10,6692.040987,561934.065
2020-11-28,0.003406830783,1.271825855e+11,37887,72642,65235.64194,433289547.4,39234,1.037766804e+10,5692.731453,264507.0102
2020-11-29,0.003427769177,1.271961955e+11,38822,71559,66929.03276,435999198.4,40183,7467928884,5817.877451,185847.9677
2020-11-30,0.003569334901,1.272099055e+11,39405,76242,72202.55828,454054755.5,40776,1.395912376e+10,5386.691,342336.7609
2020-12-01,0.003320153421,1.272236655e+11,39238,77285,69449.19379,422402088.3,40614,1.389113235e+10,6035.144076,342028.1763
2020-12-02,0.003379319129,1.272372655e+11,39339,76959,71203.44753,429975325.3,40699,7391385787,5706.112152,181610.9926
2020-12-03,0.003433332888,1.272511655e+11,38019,68321,67923.71892,436895611.5,39409,8370984417,5681.447351,212413.0127
2020-12-04,0.003306172985,1.272649055e+11,40112,127396,135689.85,420759792.6,41486,7414210006,6821.843923,178715.9525
2020-12-05,0.00339485101,1.272784555e+11,35625,58657,62745.02817,432091393.2,36980,5239994934,5307.45804,141698.0782
2020-12-06,0.003388912788,1.272921655e+11,34504,57910,63084.07669,431382047.5,35875,4387678570,5105.812298,122304.6291
2020-12-07,0.003352600598,1.273057955e+11,39258,90322,73979.83581,426805486.1,40621,7023571484,4997.246,172904.9379
2020-12-08,0.003171439609,1.273193855e+11,38788,77755,74302.35892,403785742.2,40147,6322806529,5681.648585,157491.3824
2020-12-09,0.003170499271,1.273331355e+11,38452,116196,117077.1,403709613.3,39827,8150187969,6328.540349,204639.7662
2020-12-10,0.003110648662,1.273468455e+11,37558,62585,70010.88922,396131294.6,38929,6917419974,5630.007556,177693.2357
2020-12-11,0.003084338038,1.273605255e+11,37125,79185,70184.31655,392822913.4,38493,5072622742,6434.405005,131780.3949
2020-12-12,0.003164323299,1.273740955e+11,37887,69535,68710.72072,403052818.1,39244,5545084488,5308.311954,141297.6376
2020-12-13,0.003273296102,1.273876955e+11,37965,70914,68505.42109,416977647.1,39325,6516733858,5797.187813,165714.7834
2020-12-14,0.003234954075,1.274014155e+11,40552,75503,73970.97853,412137728.2,41924,9352397912,5355.851947,223079.809
2020-12-15,0.003211704013,1.274151155e+11,41136,76404,76784.50815,409219637.8,42506,7778956506,5661.559879,183008.4343
2020-12-16,0.003442521665,1.274288255e+11,41235,76603,74543.5428,438676492.5,42606,7219240402,5793.64998,169441.8721
2020-12-17,0.003746610152,1.274425955e+11,45703,155503,156188.7008,477477722.1,47080,3.601209214e+10,7704.295697,764912.7473
2020-12-18,0.003830569193,1.274562955e+11,39374,74469,75311.46792,488230159,40744,1.487252556e+10,5006.146265,365023.6983
2020-12-19,0.003934536615,1.274700155e+11,37491,62907,69833.72257,501535443.4,38863,1.685261003e+10,6203.923279,433641.5108
2020-12-20,0.004655218218,1.274837855e+11,41695,68771,81947.54175,593464840.7,43072,5.009361385e+10,6896.505191,1163020.381
2020-12-21,0.004840806741,1.274974955e+11,43747,139920,138244.1848,617190735.7,45118,6.172748074e+10,8016.955969,1368134.242
2020-12-22,0.004503738168,1.275112855e+11,38037,77054,110403.437,574277443.3,39416,3.753941823e+10,5030.818234,952390.355
2020-12-23,0.003847140334,1.275251355e+11,36636,73837,74934.8389,490607092.4,38021,3.272209862e+10,5239.347419,860632.2459
2020-12-24,0.004558750474,1.275389155e+11,38541,73180,74498.52985,581418091.5,39919,1.346274612e+10,5122.57779,337251.5875
2020-12-25,0.004577418061,1.275527455e+11,38198,70513,71447.91459,583862241,39581,1.866161052e+10,5493.639384,471479.0056
2020-12-26,0.004533142817,1.275664255e+11,38934,70373,74177.4789,578276825.5,40302,2.290290246e+10,5364.359942,568282.0322
2020-12-27,0.0045960634,1.275801755e+11,36821,70475,72380.84947,586366575.2,38196,2.261816093e+10,6227.294718,592160.4601
2020-12-28,0.004542773683,1.275938655e+11,39366,78170,79164.19889,579630054.3,40735,1.834434682e+10,5415.882854,450333.7872
2020-12-29,0.00450028327,1.276077055e+11,38180,76655,73388.69756,574270822.2,39564,2.422298737e+10,7030.374736,612248.1894
2020-12-30,0.004671028365,1.276213855e+11,40217,155318,156102.9737,596123111.6,41585,2.947353156e+10,7637.939397,708753.9152
2020-12-31,0.004734628908,1.276351955e+11,34963,67777,68974.06722,604305286.4,36344,2.219622103e+10,7892.87725,610725.8703
2021-01-01,0.005564868231,1.276490655e+11,34595,67451,69802.75193,710350229.3,35982,2.580924742e+10,8180.733666,717282.1805
2021-01-02,0.01053008361,1.276629655e+11,57582,112109,165911.6241,1344301701,58972,322012029.8,10537.09678,5460.4224
2021-01-03,0.01001456131,1.276766755e+11,45008,93892,150546.2542,1278625894,46379,-1.821870138e+10,9175.668625,3584569.296
2021-01-04,0.009710643887,1.276902655e+11,39268,87332,103376.7739,1239954696,40627,-6.366204293e+10,7828.551215,2973524.942
2021-01-05,0.009856220637,1.277041955e+11,33127,118879,120239.6726,1258680727,34520,-8.443772624e+10,6904.995609,2897732.17
2021-01-06,0.01040825493,1.277178855e+11,31141,68099,72603.31598,1329320312,32510,5.242828356e+10,7808.208344,1612681.746
2021-01-07,0.009639090722,1.277316755e+11,32604,75727,87597.47956,1231217208,33983,5.233693902e+10,5549.824791,1540091.782
2021-01-08,0.009991900545,1.277455355e+11,29951,63081,67442.37976,1276420686,31337,5.653525021e+10,5696.838576,1804105.377
2021-01-09,0.01030771739,1.277592755e+11,31095,60405,72819.67234,1316906506,32469,3.098548618e+10,4547.34,954309.8395
2021-01-10,0.009821204434,1.277730755e+11,29614,63373,67887.03389,1254885496,30994,2.4311092e+10,4059.258667,784380.5897
2021-01-11,0.008672107084,1.277868655e+11,31669,61373,69324.22628,1108181382,33048,8.343608696e+10,4857.266922,2524693.989
2021-01-12,0.007998965348,1.278006255e+11,29236,65649,61939.01761,1022272775,30612,4.061342454e+10,5869.411976,1326715.815
2021-01-13,0.008583913193,1.278141355e+11,29926,63674,63876.75685,1097145444,31277,2.329235287e+10,4161.757024,744711.8608
2021-01-14,0.009402663839,1.278279955e+11,32764,131847,129438.4982,1201923671,34150,4.027980645e+10,5204.142893,1179496.529
2021-01-15,0.009340430104,1.278418055e+11,28008,57910,65974.51275,1194097449,29389,4.38140888e+10,4880.799481,1490832.924
2021-01-16,0.009252133104,1.278555955e+11,26756,54554,59175.41457,1182936988,28135,1.897260745e+10,4198.0722,674341.8324
2021-01-17,0.009128966077,1.278693955e+11,26497,53920,55198.22334,1167315374,27877,1.777959758e+10,4497.814321,637787.3367
2021-01-18,0.009201753909,1.278831755e+11,26705,60720,59174.75982,1176749510,28083,1.957485791e+10,4989.004551,697035.8549
2021-01-19,0.009130595721,1.278970355e+11,31596,63233,64474.61896,1167776125,32982,1.915978675e+10,4549.524993,580916.4619
2021-01-20,0.009109163499,1.279108355e+11,29854,66033,64249.22889,1165160714,31234,2.83304527e+10,3319.422615,907038.8904
2021-01-21,0.00821776427,1.279245855e+11,26966,56880,60188.1064,1051254088,28341,1.731198255e+10,3926.634202,610845.8611
2021-01-22,0.008497795448,1.279382455e+11,29509,131797,124469.9087,1087193040,30875,1.620858176e+10,4552.009266,524974.3079
2021-01-23,0.008544247541,1.279520555e+11,28193,57833,59210.03617,1093254036,29574,1.122087334e+10,3995.480807,379416.8303
2021-01-24,0.008815318095,1.279659155e+11,26743,56096,57741.62168,1128060250,28129,8882156754,3687.163706,315765.1091
2021-01-25,0.008360045075,1.279795155e+11,27319,57220,58993.50086,1069914518,28679,2.944016823e+10,4425.065557,1026540.961
2021-01-26,0.008308448849,1.279932955e+11,26415,66295,62594.1931,1063425749,27793,1.229451948e+10,3954.652238,442360.2877
2021-01-27,0.007479054818,1.280069955e+11,28047,58353,57172.00971,957371336.4,29417,6.02760796e+10,3731.5175,2049021.981
2021-01-28,0.03054395481,1.280208955e+11,67166,175355,278461.8301,3910264448,68556,6.132117962e+10,10305.07671,894468.4581
2021-01-29,0.0486337525,1.280344255e+11,119197,296547,556662.8043,6226794561,120550,1.790576038e+10,10274.92275,148533.8895
2021-01-30,0.02909804917,1.280482455e+11,55462,123662,261960.4212,3725954143,56844,-2.051184781e+10,6940.135496,2884307.806
2021-01-31,0.0381205174,1.280619455e+11,47657,139043,189765.3474,4881787622,49027,-6.497419647e+10,7070.473885,2437294.639
2021-02-01,0.03470462234,1.280756055e+11,44665,102865,185530.1235,4444815520,46031,4.721128508e+10,5532.44731,1025641.091
2021-02-02,0.03163077042,1.280894055e+11,36539,109795,164023.8867,4051566578,37919,-3.974002092e+10,4564,3816752.019
2021-02-03,0.03670595841,1.281031355e+11,32956,71422,112397.1343,4702148364,34329,6.306433689e+10,4633.406297,1837057.208
2021-02-04,0.0534072065,1.281169055e+11,58221,124106,234476.3345,6842366028,59598,-8.514558196e+10,5499.476917,1666530.064
2021-02-05,0.04679743721,1.281306655e+11,38179,82787,140314.8614,5996186773,39555,8.589824937e+10,4373.310886,2171615.456
2021-02-06,0.05742942557,1.281442555e+11,36689,83607,131748.0961,7359250984,38048,4.155419296e+10,4086.575518,1092151.833
2021-02-07,0.08028113333,1.281580155e+11,60832,169070,267377.5478,1.028867073e+10,62208,7.967020077e+10,5437.232086,1280706.674
2021-02-08,0.07893251045,1.281718655e+11,59781,131448,248852.2075,1.011692711e+10,61166,-3.254529991e+10,5144.168224,2483767.793
2021-02-09,0.06957673402,1.281856055e+11,48833,109489,180707.0758,8918735780,50207,6.091477711e+10,3698.839199,1213272.594
2021-02-10,0.07275495984,1.281992755e+11,40831,89312,134209.4052,9327133140,42198,6.119752755e+10,3099.984057,1450247.11
2021-02-11,0.06961159099,1.282130355e+11,38180,107055,128482.1513,8925113387,39556,4.11328537e+10,2939.035398,1039863.831
2021-02-12,0.06968347095,1.282266155e+11,37435,86838,135338.4155,8935275636,38793,7.018438031e+10,3319.377784,1809202.184
2021-02-13,0.06658685565,1.282401555e+11,33829,95520,101876.3642,8539108723,35183,3.142375259e+10,2454.126435,893151.5956
2021-02-14,0.06131207996,1.282538955e+11,36175,79058,111852.5973,7863513096,37549,5.678477097e+10,3120.680012,1512284.507
2021-02-15,0.05714790299,1.282676055e+11,33424,79711,100106.4035,7330224676,34795,4.412482016e+10,3227.767454,1268136.806
2021-02-16,0.05331586161,1.282811355e+11,30364,68885,86631.01967,6839419268,31717,3.152397476e+10,2948.709,993914.1395
2021-02-17,0.04883476519,1.282946955e+11,32923,73323,94667.80524,6265241331,34279,3.205845076e+10,2525.494353,935221.2947
2021-02-18,0.06002378307,1.283083255e+11,34121,117002,112290.334,7701551097,35484,3.433182422e+10,2929.641453,967529.7097
2021-02-19,0.05484353824,1.283218355e+11,31607,77377,96423.18174,7037623492,32958,4.193743687e+10,2824.584278,1272450.903
2021-02-20,0.05424380814,1.283353055e+11,34144,80591,97434.77832,6961395689,35491,4.353822914e+10,2418.170659,1226739.994
2021-02-21,0.05646809121,1.283490155e+11,31843,70573,86604.10521,7247623914,33214,2.407349239e+10,2430.901298,724799.5541
2021-02-22,0.05331268285,1.283626755e+11,31119,70634,84773.94954,6843358609,32485,3.102852511e+10,2800.192568,955164.6947
2021-02-23,0.04728974159,1.283762855e+11,29439,63400,72970.79054,6070881368,30800,4.076396356e+10,3266.006089,1323505.31
2021-02-24,0.05623936673,1.283898455e+11,33488,108532,103627.2452,7220563606,34844,5.353646193e+10,4222.424422,1536461.426
2021-02-25,0.05068866184,1.284035355e+11,31169,70280,83316.96088,6508603390,32538,3.392993931e+10,2464.517694,1042778.884
2021-02-26,0.05041819915,1.284171955e+11,31759,67560,74442.3959,6474563737,33125,3.90824801e+10,2256.331286,1179848.456
2021-02-27,0.04992026885,1.284308155e+11,31852,69956,74243.25232,6411300838,33214,3.529270221e+10,2902.837966,1062585.121
2021-02-28,0.048586745,1.284443855e+11,33251,73777,73677.84072,6240694606,34608,1.787371736e+10,3753.246616,516462.0133
2021-03-01,0.05060255859,1.284580855e+11,36782,70257,75784.07849,6500307799,38152,1.778873278e+10,4549.967118,466259.5088
2021-03-02,0.05039290704,1.284718455e+11,41484,75824,83448.53241,6474069768,42860,2.827613922e+10,9929.19328,659732.5997
2021-03-03,0.05083124626,1.284853555e+11,46755,89340,93224.00301,6531070747,48106,3.513718866e+10,10819.845,730411.771
2021-03-04,0.05043583099,1.284991155e+11,52428,133676,109457.258,6480959671,53804,3.105053663e+10,12602.63,577104.6136
2021-03-05,0.04956684101,1.285125555e+11,56784,84792,101256.3345,6369961407,58128,3.089245961e+10,17190.10894,531455.746
2021-03-06,0.05118447127,1.285260855e+11,64315,90897,106614.0495,6578539731,65668,3.345563614e+10,21472.35,509466.348
2021-03-07,0.05183711081,1.285397755e+11,72359,101475,115774.5563,6663130586,73728,2.879510794e+10,23414.38195,390558.6472
2021-03-08,0.06101008953,1.285536155e+11,89574,123421,155232.2406,7843067591,90958,4.306401277e+10,22744.69816,473449.4246
2021-03-09,0.05812413331,1.285670755e+11,83394,113528,147026.8885,7472849835,84740,4.013976589e+10,38078.07382,473681.4478
2021-03-10,0.05608788356,1.285806355e+11,56539,96127,110111.3189,7211815712,57895,2.72766122e+10,10053.7044,471139.3419
2021-03-11,0.05591217221,1.285942255e+11,32179,71056,78438.80336,7189982482,33538,1.996716913e+10,2201.632268,595359.5662
2021-03-12,0.05539916861,1.286079855e+11,28157,127473,94125.51101,7124775473,29533,1.936910613e+10,1873.111516,655846.2103
2021-03-13,0.06047142118,1.286217955e+11,28950,69028,79375.0833,7777942768,30331,2.686561571e+10,1834.419273,885747.7733
2021-03-14,0.05930488627,1.286353055e+11,31081,71188,93847.28682,7628702163,32432,2.107088108e+10,2499.001474,649694.1626
2021-03-15,0.05737176049,1.286489655e+11,29274,68877,76860.74307,7380817637,30640,1.743232746e+10,1807.89797,568940.1914
2021-03-16,0.05847394767,1.286626655e+11,29281,63089,73274.32819,7523413970,30651,1.620537117e+10,1653.887959,528706.1164
2021-03-17,0.05793908008,1.286762155e+11,38325,98712,96167.38438,7455381554,39680,2.20454566e+10,3003.596763,555581.0635
2021-03-18,0.05757679877,1.286898955e+11,36208,74238,83553.53501,7409552217,37576,1.965339596e+10,2676.225941,523030.5503
2021-03-19,0.05841994347,1.287035255e+11,35079,70822,77142.22846,7518852684,36442,1.737589718e+10,1852.960371,476809.6477
2021-03-20,0.05903142841,1.287170455e+11,35059,108916,86371.45611,7598351056,36411,1.773491951e+10,2358.782127,487075.8702
2021-03-21,0.0575586116,1.287306855e+11,35182,71236,77899.44828,7409559528,36546,1.413801042e+10,2220,386855.2077
2021-03-22,0.05534501086,1.287444855e+11,38260,78963,83241.1945,7125364949,39640,1.932212251e+10,2729.359084,487440.0229
2021-03-23,0.05368827597,1.287580255e+11,42129,164193,112684.6202,6912796407,43483,1.99049092e+10,2537.32271,457763.0153
2021-03-24,0.05169526023,1.287717255e+11,41204,81378,84210.0929,6656887860,42574,1.665821078e+10,2496.918,391276.619
2021-03-25,0.051458753,1.287852755e+11,40502,75903,82556.29101,6627129682,41857,1.578545433e+10,2764.916095,377128.1823
2021-03-26,0.05389299352,1.287988455e+11,43298,97269,93572.3805,6941355347,44655,1.472482496e+10,2878.831626,329746.388
2021-03-27,0.0544981635,1.288124255e+11,46549,81530,95035.77246,7020040626,47907,1.099643072e+10,3589.326954,229537.0347
2021-03-28,0.05359583835,1.288260655e+11,46033,84587,95848.88899,6904540982,47397,1.395739563e+10,3616.085337,294478.4613
2021-03-29,0.05405094897,1.288398155e+11,46835,85426,93785.80974,6963914293,48210,1.172253951e+10,3141.175017,243155.7667
2021-03-30,0.05407922621,1.288533955e+11,46079,97256,95946.24479,6968291923,47437,1.704635955e+10,2576.621822,359347.3353
2021-03-31,0.0535690825,1.288671155e+11,47930,88060,93245.09687,6903293142,49302,1.876735593e+10,3232.430807,380661.1482
2021-04-01,0.06132726198,1.288808455e+11,52020,104117,113892.1368,7903909376,53393,5.05870595e+10,3247.981461,947447.4088
2021-04-02,0.05783595008,1.288944755e+11,50138,138113,111598.9619,7454734451,51501,2.46960716e+10,2008.5,479526.0596
2021-04-03,0.05610890256,1.289080355e+11,52470,95602,102450.5812,7232888404,53826,2.068615049e+10,1998,384315.2099
2021-04-04,0.05736061633,1.289217355e+11,44403,86362,89162.12235,7395030207,45773,2.184601613e+10,1898.62245,477268.611
2021-04-05,0.05952649801,1.289354555e+11,42741,84322,99841.77442,7675076136,44113,2.502365429e+10,1626.454683,567262.5823
2021-04-06,0.06396340391,1.289489455e+11,38413,92902,98428.27368,8248013485,39762,2.433689299e+10,1711.066663,612064.1062
2021-04-07,0.05940536915,1.289626655e+11,33759,70510,78649.20754,7661074751,35131,3.244609147e+10,2140.779412,923574.3779
2021-04-08,0.06154315203,1.289762955e+11,32366,65566,72267.02413,7937607763,33729,2.810145731e+10,2000.295737,833154.1791
2021-04-09,0.06139196334,1.289897555e+11,31556,79308,75884.69002,7918934341,32902,2.230047037e+10,1845.847146,677784.6444
2021-04-10,0.06365185946,1.290034755e+11,38884,73538,84417.58283,8211311092,40256,2.833236337e+10,1542.79098,703804.734
2021-04-11,0.07477796354,1.290171455e+11,53030,101638,122756.0162,9647639403,54397,5.763113208e+10,2640.868434,1059454.236
2021-04-12,0.07090206385,1.290306055e+11,50983,113428,113619.1507,9148536230,52329,3.807693482e+10,2600,727644.9926
2021-04-13,0.09307335015,1.290443155e+11,60296,116794,137412.3045,1.201058676e+10,61667,5.389529351e+10,2571.254373,873973.0084
2021-04-14,0.1220027003,1.290578755e+11,81830,207589,279635.8393,1.574540931e+10,83186,8.648100649e+10,2891.256374,1039610.109
2021-04-15,0.1777333553,1.290715755e+11,56106,146544,185156.5329,2.294032419e+10,57476,-8.81206624e+10,2469.948,1676295.816
2021-04-16,0.3754270976,1.290852555e+11,139656,297089,498153.9313,4.846210282e+10,141024,7368662392,2477.45491,52251.12316
2021-04-17,0.2903878651,1.290988255e+11,73108,165172,232217.8523,3.748873232e+10,74465,8.759899214e+10,1641.012387,1176378.059
2021-04-18,0.3222997431,1.291126555e+11,57433,127082,158379.0966,4.16129757e+10,58816,-9.178005644e+10,1754.007776,1575887.247
2021-04-19,0.4052883333,1.291264255e+11,70856,206527,258556.0681,5.233343378e+10,72233,-5.947628455e+10,1772.29462,1730388.551
2021-04-20,0.3314398907,1.291398655e+11,68798,174692,236451.3776,4.280210291e+10,70142,-7.773141049e+10,1716.045883,1521713.528
2021-04-21,0.3083504892,1.291535555e+11,44814,103341,155140.8731,3.982456203e+10,46183,7.910362562e+10,1438.157258,1712829.951
2021-04-22,0.2632244544,1.291672355e+11,42650,136410,147290.8543,3.399997509e+10,44018,-8.348541824e+10,1769.888948,2294107.467
2021-04-23,0.2463958442,1.291808355e+11,39847,103505,124912.7644,3.182962102e+10,41207,-6.966348678e+10,1947.05605,2786030.382
2021-04-24,0.2717103212,1.291945955e+11,34410,94221,108608.2092,3.510350504e+10,35786,4.936705279e+10,1387.999,1379507.427
2021-04-25,0.2537071211,1.292081555e+11,30170,72135,86247.05487,3.278102915e+10,31526,6.500810043e+10,1266.046175,2062047.213
2021-04-26,0.2712051203,1.292216955e+11,30352,72423,85561.00057,3.504558547e+10,31706,8.767880889e+10,1200.24798,2765369.611
2021-04-27,0.2724322139,1.292351655e+11,30705,72179,87703.83542,3.520782225e+10,32052,5.071547075e+10,1186.431842,1582287.244
2021-04-28,0.3228583657,1.292488255e+11,37843,91367,120979.9969,4.172906457e+10,39209,-8.734309067e+10,1499.5,2477093.271
2021-04-29,0.3065986754,1.292623155e+11,30647,75848,91591.42536,3.963165472e+10,31996,-8.873231751e+10,1264.613308,2992096.613
2021-04-30,0.338295064,1.292760255e+11,32689,81957,100717.9782,4.373344133e+10,34060,6.911252865e+10,1157.572156,2029140.595
2021-05-01,0.3917567186,1.292896055e+11,39108,89143,118893.8472,5.06500716e+10,40466,7.2668723e+10,1152.772981,1795797.039
2021-05-02,0.378761095,1.293032055e+11,37451,117965,125966.301,4.89750237e+10,38811,5.013062583e+10,1240.895439,1291660.247
2021-05-03,0.4420728504,1.293170155e+11,41583,104236,137998.9087,5.716754164e+10,42964,5.419962737e+10,1335.274247,1261512.601
2021-05-04,0.5485120852,1.293305555e+11,77916,185189,293693.9569,7.093937268e+10,79270,-5.487575505e+10,1659.312912,1634813.746
2021-05-05,0.6550495956,1.293441755e+11,86705,206333,329056.4642,8.472684986e+10,88067,-4.733290572e+10,1512.04177,1557161.423
2021-05-06,0.5835862727,1.293578655e+11,60629,210472,257135.6069,7.549147457e+10,61998,7.479204115e+10,1230.524154,1206362.159
2021-05-07,0.6853346965,1.293715955e+11,58370,160338,217754.0197,8.866284314e+10,59743,7.987186524e+10,1442.11814,1336924.246
2021-05-08,0.6391283818,1.293853555e+11,76441,191123,275165.0269,8.269385289e+10,77821,4.81917725e+10,1497.622837,619264.3695
2021-05-09,0.5738019525,1.293990455e+11,82109,242547,349543.2857,7.424942497e+10,83478,-5.418515497e+10,1369.478397,1560678.092
2021-05-10,0.4485757048,1.294126155e+11,56397,148855,216116.0371,5.805135521e+10,57754,7.580517559e+10,1248.328,1312552.82
2021-05-11,0.4959629497,1.294261455e+11,47653,130749,162039.4729,6.419057289e+10,49006,7.886537992e+10,1134.019483,1609300.492
2021-05-12,0.4267426343,1.294396555e+11,43359,114333,134459.269,5.523741957e+10,44710,7.178539177e+10,1139.068206,1605577.986
2021-05-13,0.4860716347,1.294531855e+11,44333,121842,151110.3356,6.29235215e+10,45686,8.764508233e+10,1515.594691,1918423.2
2021-05-14,0.564845827,1.294667455e+11,50430,129910,178677.2393,7.312875093e+10,51786,8.102225898e+10,1372.454857,1564559.128
2021-05-15,0.5088389845,1.294803155e+11,36764,97374,114270.7624,6.588463225e+10,38121,3.836240335e+10,1110.553745,1006332.556
2021-05-16,0.5137016162,1.294939155e+11,33904,93419,108256.4666,6.652123369e+10,35264,6.975863207e+10,1075.678159,1978182.624
2021-05-17,0.4873137518,1.295074755e+11,34003,90488,105425.4332,6.311077378e+10,35359,4.883772771e+10,1211.241098,1381196.519
2021-05-18,0.4765896576,1.295211655e+11,32539,81920,94721.14638,6.172844792e+10,33908,4.107985512e+10,1262.717603,1211509.234
2021-05-19,0.3425658676,1.295348155e+11,39802,101407,127252.911,4.437420645e+10,41167,7.125903918e+10,2144.038397,1730974.79
2021-05-20,0.4006993606,1.295484155e+11,32284,84964,108555.963,5.190996726e+10,33644,6.399659891e+10,1657.379753,1902169.745
2021-05-21,0.3566283863,1.295620955e+11,28616,76437,83418.25384,4.620552105e+10,29984,3.926204398e+10,1741.603675,1309433.164
2021-05-22,0.3450069678,1.295756455e+11,24898,65218,69148.85177,4.470450055e+10,26253,4.41095617e+10,1519.296596,1680172.236
2021-05-23,0.3083083108,1.295891855e+11,28227,112065,94516.01983,3.995342289e+10,29581,-7.767406913e+10,2282.638038,3610201.535
2021-05-24,0.3645675826,1.296027355e+11,26669,69632,74685.73384,4.724895598e+10,28024,8.732263787e+10,1507.065304,3115994.786
2021-05-25,0.346154936,1.296163855e+11,25642,66745,69482.54882,4.486735163e+10,27007,4.61871838e+10,1370.439085,1710193.054
2021-05-26,0.3525096326,1.296300955e+11,25735,64900,67518.31855,4.569585734e+10,27106,1.874778926e+10,1121.199741,691647.2096
2021-05-27,0.3326570726,1.296438555e+11,23003,59364,61910.58869,4.312694545e+10,24379,3.783657072e+10,1208.382837,1552014.879
2021-05-28,0.3100853269,1.296575855e+11,22621,57748,62746.40809,4.020491478e+10,23994,3.127046864e+10,1198.596,1303262.009
2021-05-29,0.3028407774,1.296712855e+11,21426,55307,54618.67287,3.926975291e+10,22796,2.490414834e+10,1304.364513,1092478.871
2021-05-30,0.3027996591,1.296849555e+11,20159,72229,56712.61339,3.926856032e+10,21526,3.634367905e+10,1146.541113,1688361.937
2021-05-31,0.3265183877,1.296986455e+11,21011,56913,54022.02876,4.234899262e+10,22380,4.063430589e+10,1368.228366,1815652.632
2021-06-01,0.3740694812,1.297122855e+11,23385,58725,64102.16283,4.852140734e+10,24749,4.63927767e+10,1661.35067,1874531.363
2021-06-02,0.4263457762,1.297259655e+11,34433,81793,102283.5255,5.530811746e+10,35801,4.850724437e+10,1652.818697,1354913.113
2021-06-03,0.3968209777,1.297395355e+11,29618,74476,81563.72701,5.148336933e+10,30975,-5.688650487e+10,2166.996915,4118835.702
2021-06-04,0.377680451,1.297529555e+11,34749,82845,89728.31455,4.900515475e+10,36091,6.791814016e+10,1622.951556,1881858.085
2021-06-05,0.371218715,1.297665455e+11,28476,67945,71289.53318,4.817177028e+10,29835,1.804910486e+10,1329.044611,604964.1315
2021-06-06,0.3711865344,1.297799355e+11,25439,61180,60387.95063,4.817256449e+10,26778,1.804655442e+10,1342.570901,673932.1243
2021-06-07,0.3333515098,1.297937355e+11,26962,63970,65008.7468,4.326693769e+10,28342,2.634112643e+10,1441.550627,929402.5275
2021-06-08,0.328496721,1.298073555e+11,26486,62773,63314.98652,4.264129065e+10,27848,3.084462725e+10,1672.300412,1107606.552
2021-06-09,0.3440414504,1.298210455e+11,25696,60558,60383.11973,4.466382078e+10,27065,3.819986368e+10,1692.994547,1411411.923
2021-06-10,0.3278069636,1.298348155e+11,24092,57113,57346.77033,4.256075664e+10,25469,2.961895822e+10,1426.879935,1162941.545
2021-06-11,0.3175838781,1.298484855e+11,24070,54986,55011.20526,4.123778559e+10,25437,2.258142122e+10,1507.797068,887739.1681
2021-06-12,0.3131941633,1.298620855e+11,22680,52340,50665.17935,4.067204722e+10,24040,2.463041322e+10,1377.912438,1024559.618
2021-06-13,0.323228881,1.298756455e+11,21825,52144,49297.40438,4.197955956e+10,23181,2.787830308e+10,1402.092627,1202635.912
2021-06-14,0.3274574494,1.298893055e+11,25062,56912,56843.27497,4.253322068e+10,26428,1.70525402e+10,1596.917251,645245.2022
2021-06-15,0.3206744052,1.299028655e+11,24741,56488,56106.428,4.165652413e+10,26097,2.391046949e+10,1529.615493,916215.2543
2021-06-16,0.3071537238,1.299166255e+11,24524,56837,57125.52329,3.99043753e+10,25900,2.677104946e+10,1635.625154,1033631.253
2021-06-17,0.3058498632,1.299303055e+11,23035,52898,50928.72855,3.973916616e+10,24403,2.076948244e+10,1595.30184,851103.6528
2021-06-18,0.2924652733,1.299439155e+11,23727,54126,53767.27248,3.800408277e+10,25088,3.040616339e+10,1944.520714,1211980.365
2021-06-19,0.2872960623,1.299576455e+11,22384,50698,48778.97382,3.733631982e+10,23757,2.74150623e+10,1609.177769,1153978.293
2021-06-20,0.2806691363,1.299713855e+11,23071,54839,52569.0265,3.647895651e+10,24445,2.732224811e+10,1579.45,1117702.929
2021-06-21,0.1791874821,1.299849155e+11,29563,64955,75527.69237,2.329166972e+10,30916,5.187936581e+10,3591.902931,1678074.971
2021-06-22,0.1888290176,1.299985155e+11,29739,67504,75163.04797,2.454749197e+10,31099,5.640690979e+10,4326.374783,1813785.324
2021-06-23,0.2347892133,1.300121455e+11,26515,58681,61335.75237,3.052544936e+10,27878,2.242633033e+10,3658.761273,804445.4527
2021-06-24,0.2635176598,1.300257755e+11,25345,55356,55257.39999,3.426408808e+10,26708,1.391338161e+10,2744.911765,520944.3466
2021-06-25,0.240246524,1.300394455e+11,28045,125710,81289.47828,3.124152477e+10,29412,1.694729415e+10,3368.851934,576203.3915
2021-06-26,0.2409433096,1.300530655e+11,22690,49967,46951.96769,3.133541602e+10,24052,9904151324,2249.673615,411780.7801
2021-06-27,0.258395473,1.300668055e+11,23074,54897,47909.2909,3.360867373e+10,24448,1.098269412e+10,2272.463444,449226.6902
2021-06-28,0.2563207509,1.300804655e+11,25199,59259,55117.42839,3.33423226e+10,26565,1.112191853e+10,2377.574541,418668.117
2021-06-29,0.263537737,1.300941555e+11,26881,58970,57231.96686,3.428471934e+10,28250,1.823604431e+10,2680.445966,645523.6922
2021-06-30,0.2535460427,1.301078755e+11,23917,53156,49863.56222,3.298833696e+10,25289,2.995111614e+10,2256.429559,1184353.519
2021-07-01,0.2449081077,1.301215055e+11,24635,54102,52939.04103,3.186781168e+10,25998,9452563140,2835.28064,363588.0891
2021-07-02,0.2447861032,1.301352455e+11,21892,49633,46051.15941,3.185529964e+10,23266,1.112276071e+10,2022.788839,478069.3163
2021-07-03,0.2455193704,1.301489455e+11,19309,47625,42398.4407,3.195408715e+10,20679,1.510385931e+10,1439.935261,730396.0207
2021-07-04,0.2466908937,1.301625855e+11,19913,50319,46422.87071,3.210992454e+10,21277,1.292219149e+10,1317.053063,607331.4608
2021-07-05,0.2329964921,1.301763755e+11,19698,103412,52366.45997,3.033063885e+10,21077,1.585238318e+10,1406.991016,752117.6247
2021-07-06,0.2341211047,1.301900555e+11,20015,87075,52188.48984,3.048023961e+10,21383,6.347581944e+10,1466.793783,2968517.955
2021-07-07,0.2240315063,1.302036555e+11,20216,52384,48287.21659,2.916972107e+10,21576,7.48832275e+10,1429.716384,3470672.391
2021-07-08,0.2073225487,1.302171955e+11,20439,50281,44980.63467,2.699696086e+10,21793,8.225495561e+10,1997.74,3774375.057
2021-07-09,0.2199421771,1.302307555e+11,20037,48505,47828.88867,2.864323588e+10,21393,6.540690182e+10,2067.640466,3057397.364
2021-07-10,0.2147943974,1.302443155e+11,19537,47781,44830.01967,2.797574926e+10,20893,5.729899997e+10,1330.108819,2742497.486
2021-07-11,0.215968738,1.302579255e+11,17903,60827,47214.20842,2.813163979e+10,19264,4.7708056e+10,1246.53115,2476539.452
2021-07-12,0.2087513323,1.302715555e+11,18134,50694,41982.71517,2.719436078e+10,19497,4.619241736e+10,1371.897705,2369206.409
2021-07-13,0.1997326971,1.302852555e+11,17758,46915,41607.98396,2.602222547e+10,19128,5.887514467e+10,1920.326715,3077956.12
2021-07-14,0.196839312,1.302988955e+11,18493,47894,43284.1332,2.564794494e+10,19857,5.811495172e+10,1845.632933,2926673.3
2021-07-15,0.1849419289,1.303125555e+11,18984,49805,44530.06603,2.410025537e+10,20350,4.746551318e+10,1439.795961,2332457.65
2021-07-16,0.1724018906,1.303260655e+11,19457,49564,45560.62702,2.246846009e+10,20808,6.585197831e+10,1717.485043,3164743.287
2021-07-17,0.1857593486,1.303397955e+11,19691,50064,46467.0974,2.421183551e+10,21064,4.677709474e+10,1787.761243,2220712.815
2021-07-18,0.1820138495,1.303532855e+11,17358,51478,40670.70834,2.372610328e+10,18707,4.213956141e+10,1593.351365,2252609.259
2021-07-19,0.1743223076,1.303668855e+11,17961,47585,40541.21033,2.272585632e+10,19321,4.312417211e+10,1448.05969,2231984.479
2021-07-20,0.1704784596,1.303805955e+11,19345,48626,45082.79132,2.222708308e+10,20716,4.577634783e+10,1911.005242,2209709.781
2021-07-21,0.1896521004,1.303942355e+11,20993,51059,49943.01597,2.472954064e+10,22357,3.951487777e+10,2098.436452,1767449.916
2021-07-22,0.1913754984,1.304078155e+11,18797,47398,43132.2706,2.495686069e+10,20155,3.339356771e+10,1613.466656,1656837.892
2021-07-23,0.1940749715,1.304214455e+11,18040,46720,40034.5284,2.531153833e+10,19403,3.906786864e+10,1489.371781,2013496.296
2021-07-24,0.1968721921,1.304351755e+11,18649,46694,42401.231,2.567905893e+10,20022,3.650123491e+10,1581.208428,1823056.383
2021-07-25,0.1972966198,1.304488255e+11,17310,46503,38747.82246,2.573711233e+10,18675,2.91722221e+10,1355.468112,1562100.246
2021-07-26,0.2049575368,1.304622955e+11,23298,55773,57960.90103,2.673923074e+10,24645,4.349700775e+10,2029.239389,1764942.493
2021-07-27,0.2045030892,1.304759455e+11,18414,47405,42640.30785,2.668273392e+10,19779,3.432555272e+10,1710.762433,1735454.407
2021-07-28,0.2054198143,1.304896655e+11,19464,48951,43830.888,2.680516286e+10,20836,3.601541574e+10,1581.593722,1728518.705
2021-07-29,0.2050127843,1.305032855e+11,18234,47516,40671.35219,2.675484193e+10,19596,3.670990483e+10,1415.378348,1873336.641
2021-07-30,0.2074292227,1.305168755e+11,20832,57185,48824.08425,2.707301404e+10,22191,2.631791517e+10,1211.944763,1185972.474
2021-07-31,0.2088492083,1.305304955e+11,19405,51923,43329.58203,2.726119064e+10,20767,2.302419969e+10,1340.096262,1108691.659
2021-08-01,0.2044561214,1.305439455e+11,19177,52052,43391.39686,2.669050877e+10,20522,2.201621951e+10,1501.827846,1072810.618
2021-08-02,0.2039453481,1.305576855e+11,18578,51842,43619.0494,2.662663262e+10,19952,2.050734424e+10,1352.196511,1027834.014
2021-08-03,0.1964753973,1.305713855e+11,18020,50695,43892.72373,2.565406484e+10,19390,2.538513664e+10,1300.017849,1309187.036
2021-08-04,0.201647582,1.305851255e+11,18546,49368,44401.52849,2.633217481e+10,19920,2.2018271e+10,1335.744913,1105334.89
2021-08-05,0.2013655989,1.305987655e+11,18536,50567,44063.84442,2.629809863e+10,19900,1.295116281e+10,1525.53022,650812.2017
2021-08-06,0.2052530329,1.306125255e+11,19730,52389,47416.32999,2.6808617e+10,21106,9356948871,1643.003242,443331.2267
2021-08-07,0.2570860124,1.306262755e+11,24431,61276,62464.81311,3.358218828e+10,25806,1.325680889e+10,2010.690301,513710.3346
2021-08-08,0.2416350579,1.306401555e+11,24940,63176,65392.23638,3.156724154e+10,26328,3.919576811e+10,2377.785108,1488748.409
2021-08-09,0.2562151202,1.306538655e+11,23483,58667,56923.96111,3.347549586e+10,24854,2.874913924e+10,1782.656333,1156720.819
2021-08-10,0.2563251348,1.306675355e+11,21848,55902,52573.11095,3.349337365e+10,23215,2.616305882e+10,1702.61,1126989.396
2021-08-11,0.2660163639,1.306810455e+11,25352,65639,63269.01472,3.476329656e+10,26703,1.565747553e+10,1944.449309,586356.4218
2021-08-12,0.2641601011,1.306947255e+11,22756,58943,55986.17692,3.45243319e+10,24124,2.201343868e+10,1975.03065,912511.9665
2021-08-13,0.2855234665,1.307084955e+11,22324,57365,54203.15952,3.732034274e+10,23701,1.059898433e+10,1495.93245,447195.6595
2021-08-14,0.2935204245,1.307222555e+11,24094,59340,59654.17934,3.836965192e+10,25470,2.557109486e+10,1823.115787,1003969.174
2021-08-15,0.3395275451,1.307359855e+11,26145,66329,65901.16785,4.438846821e+10,27518,2.016584847e+10,2157.519929,732823.9142
2021-08-16,0.3199228702,1.307495555e+11,28290,70944,74327.49358,4.182977307e+10,29647,2.214963693e+10,1809.644163,747112.2517
2021-08-17,0.3001787093,1.307631455e+11,24490,62090,61290.15959,3.925231224e+10,25849,3.668728704e+10,1762.1232,1419292.315
2021-08-18,0.3070166688,1.307768555e+11,23254,59534,57486.27541,4.015067454e+10,24625,2.235088508e+10,2113.85668,907650.1556
2021-08-19,0.3157983008,1.307906455e+11,21577,56120,51824.50958,4.130346361e+10,22956,2.512975584e+10,1679.448278,1094692.274
2021-08-20,0.3267138881,1.308042255e+11,24279,64308,61757.67533,4.27355571e+10,25637,2.212230639e+10,1636.481853,862905.4255
2021-08-21,0.3179658351,1.308178855e+11,22066,58413,53952.19316,4.159561821e+10,23432,2.495691345e+10,1498,1065078.246
2021-08-22,0.3150806645,1.308315455e+11,21205,58116,52446.71029,4.122249029e+10,22571,1.310934705e+10,1240.8507,580804.8846
2021-08-23,0.3181197354,1.308453255e+11,25674,221658,107060.3204,4.162448032e+10,27052,1.195169307e+10,1759.839548,441804.4164
2021-08-24,0.2909315164,1.308588655e+11,22986,60460,57406.97625,3.807096818e+10,24340,3.056056002e+10,1717.57923,1255569.434
2021-08-25,0.2925809285,1.308726055e+11,21760,59074,53994.09044,3.829082843e+10,23134,1.748216394e+10,1644.425686,755691.3607
2021-08-26,0.2725340856,1.308864355e+11,20824,55584,50588.48504,3.567101501e+10,22207,1.598881209e+10,1843.18913,719989.7371
2021-08-27,0.2938067863,1.309001955e+11,21465,55094,51286.22888,3.845936577e+10,22841,1.145758974e+10,1664.716206,501623.823
2021-08-28,0.2850586003,1.309137355e+11,20591,56058,50568.10726,3.73180862e+10,21945,1.204492851e+10,1460.898524,548868.9229
2021-08-29,0.2817469851,1.309272855e+11,18983,54371,46137.28293,3.688836795e+10,20338,1.318593523e+10,1423.778961,648339.8187
2021-08-30,0.2717690159,1.309409555e+11,20438,56230,52284.51625,3.558569461e+10,21805,1.325924903e+10,1632.921176,608082.964
2021-08-31,0.2781267243,1.309546555e+11,19944,58742,51867.1513,3.642198937e+10,21314,6632218220,1799.125,311167.2243
2021-09-01,0.2930378878,1.309683055e+11,20133,55462,52437.82525,3.837867562e+10,21498,1.072764504e+10,1950.684198,499006.6535
2021-09-02,0.2964616624,1.309819355e+11,22753,59744,61000.74057,3.883112235e+10,24116,9924263995,1743.869421,411521.9769
2021-09-03,0.2949600123,1.309954655e+11,22453,64192,59093.83943,3.863842412e+10,23806,1.603795741e+10,1740.364479,673693.918
2021-09-04,0.2993119842,1.310090555e+11,20000,54681,51861.96053,3.921258035e+10,21359,1.300315192e+10,1690.325906,608790.2955
2021-09-05,0.3136184902,1.310229455e+11,19782,55483,51568.95074,4.109121835e+10,21171,2.479068203e+10,1758.913537,1170973.597
2021-09-06,0.3086140559,1.310364255e+11,21481,59130,56068.37272,4.043968275e+10,22829,1.486733054e+10,1766.25352,651247.5596
2021-09-07,0.25414314,1.310501855e+11,23391,60894,62306.29247,3.330550564e+10,24767,2.426920061e+10,2566.463478,979900.6988
2021-09-08,0.2567139672,1.310638755e+11,19868,58170,51915.91364,3.364592743e+10,21237,1.044846308e+10,2396.54,491993.3643
2021-09-09,0.2524896527,1.310775955e+11,19765,53309,51138.62004,3.309573657e+10,21137,1.137728258e+10,1946.603278,538263.8301
2021-09-10,0.2391720133,1.310912555e+11,18308,64664,49221.60432,3.135335951e+10,19674,7143912440,2044.314863,363114.3865
2021-09-11,0.2402021082,1.311047555e+11,17046,48396,41317.59486,3.149163867e+10,18396,5420863128,1791.811858,294676.1866
2021-09-12,0.2518069381,1.311182655e+11,17075,50766,41053.5176,3.301648897e+10,18426,5614464787,1553.789489,304703.3967
2021-09-13,0.2361035368,1.311319955e+11,16963,50274,43056.47193,3.096072792e+10,18336,1.134531411e+10,2030.254009,618745.3158
2021-09-14,0.240055801,1.311457455e+11,15978,48808,37932.19527,3.148229699e+10,17353,5218021084,1695.268485,300698.5008
2021-09-15,0.2470926599,1.311593355e+11,18192,57892,42980.13628,3.240850908e+10,19551,6271305247,1719.22135,320766.4696
2021-09-16,0.2411111735,1.311731155e+11,17644,51772,41126.43305,3.162730381e+10,19022,5067539449,1666.591864,266404.1346
2021-09-17,0.2396418341,1.311868155e+11,18616,51773,43236.24095,3.143784908e+10,19986,1.527976607e+10,1901.536282,764523.4701
2021-09-18,0.24124713,1.312004155e+11,16304,48411,38402.10789,3.165172369e+10,17664,6633177237,1482.125774,375519.5447
2021-09-19,0.2327546383,1.312140455e+11,15474,48834,35778.89168,3.05406777e+10,16837,6392113531,1519.723611,379646.8214
2021-09-20,0.2073806661,1.312275355e+11,17685,52127,40886.69773,2.721405372e+10,19034,8516079907,2238.989267,447414.0962
2021-09-21,0.1998952311,1.312410155e+11,16735,50486,40009.84693,2.623445312e+10,18083,6564029403,1943.71969,362994.4922
2021-09-22,0.2240895375,1.312545855e+11,16441,48599,38278.72556,2.941277936e+10,17798,6694513474,2007.360171,376138.5253
2021-09-23,0.22463128,1.312682855e+11,16765,49621,39304.52789,2.948696299e+10,18135,2.037081602e+10,1815.488813,1123287.346
2021-09-24,0.2092247589,1.312818755e+11,18023,50910,42634.15815,2.746741875e+10,19382,9131625957,2381.239894,471139.5087
2021-09-25,0.2087062358,1.312955755e+11,15976,47850,37474.37466,2.740220534e+10,17346,6852532365,1928.121135,395049.7155
2021-09-26,0.204332201,1.313091655e+11,17370,51008,45980.51829,2.683069079e+10,18729,8072056839,3984.812087,430992.4096
2021-09-27,0.2006293989,1.313228555e+11,17611,52076,50813.10647,2.634722556e+10,18980,9583801353,2899.774387,504942.1156
2021-09-28,0.1973429177,1.313365055e+11,16886,51734,43873.93834,2.591832919e+10,18251,8035000362,2217.158464,440249.8691
2021-09-29,0.1979687708,1.313502055e+11,16310,49404,40687.42482,2.600323872e+10,17680,2.705393566e+10,2172.346654,1530199.981
2021-09-30,0.2037667475,1.313638955e+11,16802,50654,39371.75199,2.676759373e+10,18171,2.731454369e+10,1751,1503194.304
2021-10-01,0.2220205463,1.313772955e+11,19533,54001,44503.44513,2.916845891e+10,20873,2.346054033e+10,1995.432065,1123965.905
2021-10-02,0.2194469553,1.313909255e+11,20237,53794,46605.16308,2.883333855e+10,21600,3.694412828e+10,1619.57511,1710376.309
2021-10-03,0.2215618392,1.314045255e+11,17622,51564,41628.10019,2.911422835e+10,18982,2.182139262e+10,2239.710979,1149583.427
2021-10-04,0.2431073408,1.314181355e+11,20214,55736,51732.89151,3.194871345e+10,21575,2.907165654e+10,2399.407108,1347469.596
2021-10-05,0.2521822342,1.314317755e+11,25293,64291,61355.15466,3.314475879e+10,26657,3.196963396e+10,2041.823805,1199296.018
2021-10-06,0.25231591,1.314453255e+11,26319,64565,62974.55676,3.316574692e+10,27674,3.993342549e+10,2175.375915,1442994.345
2021-10-07,0.242434209,1.314586455e+11,27008,65350,63626.53284,3.187007274e+10,28340,3.934901538e+10,2290.822969,1388462.081
2021-10-08,0.2432784843,1.314722355e+11,22536,59436,52332.11245,3.198436618e+10,23895,1.832062652e+10,1937.5,766713.8113
2021-10-09,0.2468808519,1.314858455e+11,22336,57985,50225.95765,3.246133755e+10,23697,1.758858167e+10,1416.278918,742228.2007
2021-10-10,0.2296933696,1.314994755e+11,21090,59699,50860.33968,3.020455763e+10,22453,1.726011799e+10,1508.948937,768722.1302
2021-10-11,0.2303760238,1.315128955e+11,22925,61990,53565.4053,3.029741794e+10,24267,1.917325395e+10,1491.5,790095.7657
2021-10-12,0.2257412747,1.315264655e+11,22371,58802,49275.4107,2.969095198e+10,23728,1.395343198e+10,1924.068366,588057.6527
2021-10-13,0.2322644697,1.315399655e+11,22234,58224,49603.61098,3.055206033e+10,23584,2.011191236e+10,1486.596733,852777.8308
2021-10-14,0.2325986822,1.315534655e+11,24088,62887,56937.01801,3.059916272e+10,25438,1.462634666e+10,1395.157366,574980.2129
2021-10-15,0.234203045,1.315669355e+11,26067,64012,55789.99444,3.081337691e+10,27414,3.125635902e+10,1505.534137,1140160.466
2021-10-16,0.2379403961,1.315804555e+11,24947,62303,56024.50436,3.13083057e+10,26299,1.33358579e+10,1446.234704,507086.1211
2021-10-17,0.2374719827,1.315941355e+11,22873,60804,50373.97327,3.124992027e+10,24241,1.082768e+10,1460.426961,446668.0419
2021-10-18,0.246741352,1.316077055e+11,29532,70873,68717.65168,3.247306318e+10,30889,4.386549823e+10,1983.863486,1420100.949
2021-10-19,0.2455247295,1.316210755e+11,25241,65055,55691.04382,3.231622896e+10,26578,3.645051757e+10,1346.802777,1371454.495
2021-10-20,0.2547633553,1.316346655e+11,27109,65855,60489.88578,3.353568905e+10,28468,2.564659194e+10,1376.451497,900891.9466
2021-10-21,0.2432140759,1.316482255e+11,25265,64345,57395.83821,3.201870151e+10,26621,3.929732069e+10,1667.04,1476177.48
2021-10-22,0.2452476253,1.316618555e+11,24418,60626,53874.61556,3.22897574e+10,25781,3.037168508e+10,1864.866952,1178064.663
2021-10-23,0.2498062707,1.316754255e+11,23111,61838,51367.57237,3.289334699e+10,24468,1.300836271e+10,1610.632284,531647.9776
2021-10-24,0.275555926,1.316889455e+11,29029,73866,69230.16058,3.628766932e+10,30381,2.808129099e+10,1937.78704,924304.3675
2021-10-25,0.2641774908,1.317024755e+11,28923,75868,72135.65942,3.479282951e+10,30276,3.438887567e+10,1933.333111,1135846.072
2021-10-26,0.2558684459,1.317161155e+11,30603,77438,73638.80755,3.370199777e+10,31967,3.783257694e+10,1916.318627,1183488.502
2021-10-27,0.2383592562,1.317296255e+11,35985,85630,85334.82524,3.139897556e+10,37336,4.441436558e+10,2932.693959,1189585.536
2021-10-28,0.2997308412,1.317430655e+11,54654,121856,138340.5234,3.948745984e+10,55998,-6.864238942e+10,2810.986275,2068378.358
2021-10-29,0.2876498889,1.317564855e+11,39470,89335,88975.62756,3.789973842e+10,40812,-7.885289027e+10,1970.348581,2587830.797
2021-10-30,0.2668947297,1.317699555e+11,36642,85686,81479.13325,3.516870666e+10,37989,5.542775009e+10,1730.334777,1459047.358
2021-10-31,0.281145997,1.317835255e+11,31813,79094,73322.68676,3.705041066e+10,33170,4.936588806e+10,1903.484873,1488269.161
2021-11-01,0.2718763856,1.317972055e+11,31590,79212,72582.03523,3.583254786e+10,32958,3.46477447e+10,2017.174613,1051269.637
2021-11-02,0.2731796014,1.318104655e+11,33034,80616,74922.51939,3.600793043e+10,34360,4.614440948e+10,1823.701851,1342968.844
2021-11-03,0.2690484202,1.318240555e+11,32223,79410,73622.63122,3.546705388e+10,33582,4.697984801e+10,2008.447978,1398959.205
2021-11-04,0.2627950503,1.318374955e+11,30196,76454,71133.10115,3.464624126e+10,31540,2.486197187e+10,2301.705199,788267.973
2021-11-05,0.2606339133,1.318511655e+11,28996,73676,66098.46415,3.436488524e+10,30363,2.40356031e+10,1945.872259,791608.3093
2021-11-06,0.2618463371,1.318645155e+11,26106,68504,58747.08544,3.452824038e+10,27441,2.018166032e+10,1580.357618,735456.4456
2021-11-07,0.2661259556,1.318780355e+11,26412,69758,59562.35154,3.509616822e+10,27764,1.232523751e+10,1796.932302,443928.7391
2021-11-08,0.2818783756,1.318915855e+11,31031,79166,76895.29926,3.717738587e+10,32386,3.022193317e+10,1999,933178.9406
2021-11-09,0.2741877489,1.319052655e+11,30768,77050,71671.69664,3.616680781e+10,32136,4.12263581e+10,1781.704033,1282871.487
2021-11-10,0.2541599206,1.319187455e+11,51925,135607,91362.46532,3.352845788e+10,53273,3.369779403e+10,316.6227019,632549.2093
2021-11-11,0.2612906427,1.319324055e+11,26645,64904,63791.69684,3.447270302e+10,28011,2.993550805e+10,1927.649167,1068705.439
2021-11-12,0.2588143441,1.319458855e+11,25400,76781,66344.04804,3.414948781e+10,26748,2.070887381e+10,2026.855001,774221.3925
2021-11-13,0.2613631083,1.319594955e+11,24048,59674,56195.38745,3.448934391e+10,25409,9323130823,1700.565479,366922.3827
2021-11-14,0.2622197813,1.319728555e+11,23450,60330,55275.3621,3.46058933e+10,24786,1.403607886e+10,1616.906661,566290.6018
2021-11-15,0.2572172465,1.319863755e+11,24708,62262,58077.26226,3.394917208e+10,26060,1.368654911e+10,1836.066166,525193.7495
2021-11-16,0.2383802393,1.320000355e+11,24628,62841,58843.98494,3.146620005e+10,25994,1.737083856e+10,2796.62,668263.3899
2021-11-17,0.2370418684,1.320135955e+11,23459,101048,55533.7156,3.129274934e+10,24815,1.438469569e+10,2147.778348,579677.4405
2021-11-18,0.2213801813,1.320270755e+11,22731,59242,54368.24895,2.922817792e+10,24079,2.234656845e+10,2526.818649,928052.1803
2021-11-19,0.233022161,1.320405055e+11,21480,58891,51303.88087,3.076836394e+10,22823,6599882273,3047.433853,289176.8073
2021-11-20,0.233751804,1.320540255e+11,21829,57189,50085.17817,3.086786669e+10,23181,1.508465684e+10,2268.831255,650733.6542
2021-11-21,0.2275792779,1.320677755e+11,21904,57128,52034.3823,3.005588898e+10,23279,1.024827205e+10,2895.253573,440236.7823
2021-11-22,0.2198739271,1.320813355e+11,24934,61431,52481.74644,2.904124194e+10,26290,1.365196494e+10,4862.820656,519283.5657
2021-11-23,0.2265489349,1.320948155e+11,25752,65943,56164.82128,2.992593976e+10,27100,1.696739379e+10,4063.35774,626103.0918
2021-11-24,0.2174899984,1.321084855e+11,26883,70435,56339.76209,2.87322743e+10,28250,2.016820997e+10,3898.154469,713918.937
2021-11-25,0.2218649937,1.321219455e+11,25823,67821,55243.78249,2.931323461e+10,27169,3.404873466e+10,4177.455659,1253220.018
2021-11-26,0.2023926894,1.321355655e+11,24528,64369,51649.09187,2.674327246e+10,25890,4.416806007e+10,3646.783246,1705989.188
2021-11-27,0.2044314004,1.321489955e+11,23119,60637,47069.02094,2.701540422e+10,24462,3.980626872e+10,1882.672533,1627269.59
2021-11-28,0.2069671804,1.321626155e+11,20016,61923,50179.83221,2.735332389e+10,21378,1.779112317e+10,2631.917833,832216.4456
2021-11-29,0.2154732088,1.321761455e+11,23474,62115,50165.27624,2.848041819e+10,24827,5.174239886e+10,2744.463793,2084118.051
2021-11-30,0.215615431,1.321898355e+11,24436,61663,49846.61155,2.850216835e+10,25805,2.786497302e+10,2837.986139,1079828.445
2021-12-01,0.2090478803,1.322033955e+11,25417,63622,51486.73735,2.76368396e+10,26773,4.830898187e+10,2283.693637,1804391.808
2021-12-02,0.2095007763,1.322167855e+11,24495,67691,58794.55308,2.76995192e+10,25834,6.239057509e+10,3985.682141,2415056.712
2021-12-03,0.2003919284,1.322304855e+11,23693,59867,54336.84414,2.649792199e+10,25063,2.045065808e+10,3087.629799,815970.0787
2021-12-04,0.1819614822,1.322441755e+11,27034,63991,63839.66146,2.406334619e+10,28403,4.088623173e+10,7803.694102,1439503.987
2021-12-05,0.1711306008,1.322575555e+11,21870,58580,56821.18461,2.263331493e+10,23208,1.374137683e+10,5634.86083,592096.5542
2021-12-06,0.1781087222,1.322710755e+11,22346,59580,57587.54367,2.355863224e+10,23698,1.569257992e+10,5989.039231,662190.0548
2021-12-07,0.1766944531,1.322845455e+11,23066,60221,56160.94079,2.337394542e+10,24413,2.148064026e+10,4686.25834,879885.3178
2021-12-08,0.1789169284,1.322981255e+11,22376,58815,52232.98171,2.367037424e+10,23734,2.16674979e+10,4433.235295,912930.7281
2021-12-09,0.1710062276,1.323113555e+11,23319,58901,50482.13572,2.262606577e+10,24642,5.724239513e+10,4398.619313,2322960.601
2021-12-10,0.165605773,1.323248355e+11,24314,59515,50883.9724,2.191375668e+10,25662,8.71636191e+10,5606.751602,3396602.724
2021-12-11,0.1687570864,1.323383555e+11,22646,58668,50156.84785,2.233303529e+10,23998,6.375352238e+10,3871.269503,2656618.151
2021-12-12,0.170099738,1.323520555e+11,21752,60342,48515.48716,2.251304997e+10,23122,6.919153811e+10,3969.017034,2992454.723
2021-12-13,0.158023933,1.323654955e+11,24258,64932,57694.86558,2.09169162e+10,25602,6.982670369e+10,4887.355768,2727392.536
2021-12-14,0.1898211955,1.323790055e+11,35529,85950,83871.53668,2.512834108e+10,36880,8.579312538e+10,3265.163878,2326277.803
2021-12-15,0.1807110774,1.323925655e+11,26320,64668,50137.78046,2.392480315e+10,27676,3.940730421e+10,3202.791029,1423880.048
2021-12-16,0.1737985864,1.324061555e+11,21506,59077,42324.46841,2.301200266e+10,22865,5.6113613e+10,2756.563914,2454126.963
2021-12-17,0.1693457583,1.324197755e+11,20839,58842,38903.81493,2.24247273e+10,22201,7.089043859e+10,2260.591078,3193119.165
2021-12-18,0.1722883624,1.324334655e+11,21300,57899,38074.31205,2.28167449e+10,22669,-8.702462328e+10,2201.833463,4298505.336
2021-12-19,0.1700946107,1.324470155e+11,20304,58708,35926.01148,2.252852355e+10,21659,5.903655073e+10,2000.770858,2725728.368
2021-12-20,0.1672734412,1.324604955e+11,19736,57337,36259.93282,2.21571229e+10,21084,5.690299973e+10,3651.296168,2698871.169
2021-12-21,0.171031137,1.324740955e+11,19171,55868,34167.97507,2.265719517e+10,20531,1.790000732e+10,3268.98558,871852.6776
2021-12-22,0.1731604843,1.324877255e+11,20418,60085,37406.58902,2.294163871e+10,21781,8.834036553e+10,2897.12674,4055845.256
2021-12-23,0.1832263181,1.325011655e+11,20770,58343,36429.89251,2.42777007e+10,22114,5.168819049e+10,2835.331896,2337351.474
2021-12-24,0.186593415,1.325147155e+11,22970,61412,41845.12195,2.47263733e+10,24325,7.320157617e+10,2101.258021,3009314.54
2021-12-25,0.1913650452,1.325282555e+11,20035,56726,38961.27424,2.53612756e+10,21389,-8.544567343e+10,2053.36086,4629565.071
2021-12-26,0.1903121423,1.325420055e+11,20673,61347,37024.32868,2.522435301e+10,22048,-9.201725452e+10,1567.114571,4193132.539
2021-12-27,0.1883361206,1.325553655e+11,22116,64738,42747.1776,2.49649633e+10,23452,8.229178786e+10,2032.850383,3508945.415
2021-12-28,0.1744615392,1.325689055e+11,21544,62281,39632.5753,2.31281753e+10,22898,-2.482897423e+10,1555.566771,6971720.959
2021-12-29,0.1679012963,1.325824955e+11,23661,61791,38952.88105,2.226077286e+10,25020,-1.724688706e+10,1197.729891,6683475.367
2021-12-30,0.1713193424,1.325959755e+11,23972,62987,37038.92188,2.271625532e+10,25320,-6.866698842e+10,1175.534495,4573477.58
2021-12-31,0.1705594839,1.326096855e+11,23872,64901,37882.61176,2.261783952e+10,25243,7.850994827e+10,1242,3110167.107
2022-01-01,0.1727739189,1.326233055e+11,21392,57353,32041.11886,2.291384822e+10,22754,5.106109109e+10,1048.004973,2244049.006
2022-01-02,0.1744731351,1.326369755e+11,25464,65129,34135.66735,2.314158895e+10,26831,-8.19632833e+10,801.915451,3820362.918
2022-01-03,0.1700336135,1.326505855e+11,26928,65804,35300.31366,2.255505839e+10,28289,7.951777238e+10,1272.241507,2810907.857
2022-01-04,0.1684976371,1.326640955e+11,29325,73019,39851.58005,2.235358662e+10,30676,6.76508389e+10,1465.54575,2205334.428
2022-01-05,0.1592019633,1.326779055e+11,29322,67995,39567.24997,2.112258304e+10,30703,5.001733949e+10,1211.049269,1629070.107
2022-01-06,0.1602054659,1.326914655e+11,28349,65435,37128.46955,2.125789804e+10,29705,2.705339649e+10,1550.778755,910735.4481
2022-01-07,0.1547327894,1.327049955e+11,31091,69472,38968.88304,2.053381412e+10,32444,-6.511697952e+10,1705.539696,3678660.499
2022-01-08,0.1512676344,1.327184255e+11,30397,70404,38656.11226,2.007600227e+10,31740,-5.303822693e+10,2250.067563,4140806.988
2022-01-09,0.1505658271,1.327319655e+11,24014,63804,35178.40608,1.998489817e+10,25368,-7.860528798e+10,1522.265684,4173058.686
2022-01-10,0.1430161678,1.327455855e+11,32644,112171,284599.9067,1.898476492e+10,34006,5.195828886e+10,2247.181549,1527915.334
2022-01-11,0.1533727275,1.327591155e+11,34535,70707,40983.46764,2.036162765e+10,35888,1.124617019e+10,2028.110658,313368.5407
2022-01-12,0.1612120542,1.327726755e+11,28145,67533,39034.0096,2.140455576e+10,29501,8028146828,1358.542407,272131.3456
2022-01-13,0.172836272,1.327863155e+11,37354,77137,55081.88782,2.295029174e+10,38718,5.229331881e+10,998.1928737,1350620.353
2022-01-14,0.1837696248,1.327997055e+11,43127,91457,66438.44298,2.440455204e+10,44466,2.891528712e+10,1163.101616,650278.5751
2022-01-15,0.1849271128,1.328133655e+11,35469,74515,44272.26734,2.456079223e+10,36835,5.39827649e+10,395.4580997,1465529.114
2022-01-16,0.1773862856,1.328268855e+11,31974,74627,38784.77921,2.356166785e+10,33326,1.65231888e+10,955.8921006,495804.741
2022-01-17,0.1704566413,1.328402255e+11,37017,112006,228302.5573,2.264349867e+10,38351,1.207874886e+10,807.1352441,314952.6444
2022-01-18,0.1653522652,1.328537155e+11,34055,78868,37300.79305,2.196766279e+10,35404,1.764424906e+10,796.4597747,498368.8017
2022-01-19,0.1626057853,1.328671955e+11,35413,97424,56256.86588,2.160497466e+10,36761,1.860611694e+10,734.5996847,506137.3995
2022-01-20,0.1556658402,1.328806655e+11,39608,80937,37818.46342,2.068498044e+10,40955,8160246308,600.7071863,199249.0858
2022-01-21,0.1427105813,1.328942455e+11,42599,79992,38592.8997,1.896541503e+10,43957,5794713992,681.149828,131826.8761
2022-01-22,0.1324548506,1.329076355e+11,36388,74722,41565.72876,1.760426101e+10,37727,5.118333885e+10,494.567618,1356676.62
2022-01-23,0.1415718883,1.329210755e+11,35472,76546,33161.76121,1.881788765e+10,36816,1.968292684e+10,699.2138032,534629.6947
2022-01-24,0.1374320697,1.329347555e+11,30366,73022,36210.62271,1.826949858e+10,31734,-7.554232051e+10,587.28258,3432442.183
2022-01-25,0.1435449381,1.329483055e+11,35460,78867,39488.9017,1.908405628e+10,36815,2.045248694e+10,801.2582494,555547.6557
2022-01-26,0.1436946367,1.329617655e+11,34819,68746,38559.33543,1.910589258e+10,36165,1.407575373e+10,487.3600959,389209.2833
2022-01-27,0.140852082,1.329753955e+11,33174,63120,35395.39925,1.872986132e+10,34537,1.636729135e+10,603.2811422,473905.9951
2022-01-28,0.1416295265,1.329888755e+11,33029,76528,43272.85785,1.883515147e+10,34377,7258605754,714.9277995,211147.1552
2022-01-29,0.1428142056,1.330024455e+11,33632,78800,34409.38776,1.899463859e+10,34989,4588570195,328.6609827,131143.222
2022-01-30,0.1396070893,1.330158455e+11,31217,75166,32529.67046,1.856995501e+10,32557,3747913126,444.9031799,115118.5037
2022-01-31,0.1416516046,1.330293955e+11,30593,73785,33636.81247,1.884382733e+10,31948,4580065653,390.8472735,143360.0117
2022-02-01,0.1427601872,1.330429255e+11,44406,87335,36958.76934,1.899323295e+10,45759,5695003041,328.3206101,124456.4576
2022-02-02,0.1372823061,1.330562855e+11,32294,76445,36353.06103,1.826627372e+10,33630,6135428173,401.9657648,182439.1369
2022-02-03,0.1373524798,1.330698955e+11,35992,80343,34390.60115,1.827748013e+10,37353,5664458598,433.6370402,151646.6843
2022-02-04,0.1467234107,1.330832855e+11,32705,79531,40696.61797,1.952643355e+10,34044,7038973220,317.3080507,206761.051
2022-02-05,0.1472283664,1.330967055e+11,29361,74123,43191.41024,1.959561053e+10,30703,9580352588,611.1833782,312033.1104
2022-02-06,0.1537471833,1.331103555e+11,27628,73468,33689.49642,2.046534222e+10,28993,6990751762,424.5891895,241118.6066
2022-02-07,0.1659072867,1.331238855e+11,28024,73178,43772.24053,2.208622263e+10,29377,1.613507601e+10,931.1650208,549241.7882
2022-02-08,0.1586264995,1.331374655e+11,30201,83857,43964.2701,2.111913011e+10,31559,2.325126064e+10,618.1964448,736755.3041
2022-02-09,0.1593334765,1.331510555e+11,26479,71333,36631.03072,2.121542057e+10,27838,9915675994,559.0324238,356192.1113
2022-02-10,0.152083531,1.331645955e+11,26941,143842,307159.6987,2.025214189e+10,28295,1.30959696e+10,1508.692536,462836.883
2022-02-11,0.1446979804,1.331781755e+11,27541,77681,37573.75457,1.927061302e+10,28899,8620396552,652.510116,298293.9393
2022-02-12,0.1440103461,1.331917855e+11,27109,83923,38827.48813,1.918099513e+10,28470,7495236042,545.1481436,263267.8624
2022-02-13,0.1493770233,1.332053855e+11,29431,80012,42265.22561,1.989782397e+10,30791,7990660249,528.8303603,259512.8527
2022-02-14,0.1460491876,1.332189355e+11,30052,83941,44108.9729,1.94565173e+10,31407,1.161618431e+10,467.0652224,369859.7226
2022-02-15,0.1516739402,1.332326055e+11,31313,82200,41864.37552,2.020791424e+10,32680,9412787268,347.1304923,288028.9862
2022-02-16,0.1494061815,1.332461755e+11,32919,87550,39643.85261,1.990780228e+10,34276,7340449324,250.7658855,214157.1165
2022-02-17,0.1388906508,1.332597155e+11,31189,83134,38145.70935,1.850852861e+10,32543,7598793306,296.393322,233500.0862
2022-02-18,0.1387650546,1.332733055e+11,28521,73564,36046.04739,1.849367751e+10,29880,6749117588,618.6234251,225874.0826
2022-02-19,0.1408996834,1.332868255e+11,31295,84059,40768.91334,1.878007151e+10,32647,1.213789143e+10,397.5505502,371791.939
2022-02-20,0.1371784467,1.333003455e+11,28405,79566,35714.38432,1.828593434e+10,29757,4988020612,352.8054407,167625.1172
2022-02-21,0.1288909883,1.333139255e+11,30246,80905,38277.57657,1.718296361e+10,31604,8681274004,318.9318727,274689.0901
2022-02-22,0.1312897029,1.333273755e+11,30897,81549,38981.35481,1.750451152e+10,32242,8875574170,408.3200211,275279.8887
2022-02-23,0.1278007879,1.333408055e+11,29530,81013,36099.29894,1.704106e+10,30873,6896753469,309.0495104,223391.1013
2022-02-24,0.1233319628,1.333543955e+11,31957,81209,42252.67924,1.644685934e+10,33316,3.346415589e+10,545.0726834,1004446.989
2022-02-25,0.1276310938,1.333677755e+11,29201,78049,35580.97083,1.702187506e+10,30539,1.4938241e+10,400.1570281,489152.9191
2022-02-26,0.1273004117,1.333813255e+11,27163,74911,33975.48339,1.697949765e+10,28518,5656829210,405.3998887,198359.9555
2022-02-27,0.1227488479,1.333947955e+11,25554,72521,31573.00308,1.637405746e+10,26901,4992064093,405.3082762,185571.6922
2022-02-28,0.133011463,1.334082555e+11,26664,74959,38259.36524,1.774482724e+10,28010,6899519973,513.1101074,246323.4549
2022-03-01,0.1350021896,1.334217755e+11,29712,77932,38247.56356,1.801223183e+10,31064,7231040893,500.8482945,232778.8081
2022-03-02,0.1331095732,1.334353555e+11,29400,79232,36210.93341,1.776152322e+10,30758,6388737284,405.5895706,207709.7758
2022-03-03,0.1296563893,1.334488955e+11,29905,77798,35769.72374,1.730250195e+10,31259,1.263938196e+10,327.2266352,404343.7718
2022-03-04,0.1223513616,1.334621855e+11,31179,79147,34457.80697,1.632928012e+10,32508,6479344334,300.870772,199315.3788
2022-03-05,0.1249094754,1.334757255e+11,26556,71828,31495.57209,1.667238285e+10,27910,4924444473,403.0901997,176440.1459
2022-03-06,0.1205604749,1.334892355e+11,23476,70257,29698.46136,1.609352562e+10,24827,5105795591,700.2976373,205654.9559
2022-03-07,0.1171684735,1.335028955e+11,23264,67551,29929.50497,1.564233047e+10,24630,4621905371,845.3557776,187653.4864
2022-03-08,0.1168501619,1.335162755e+11,23130,66763,29865.86692,1.560139841e+10,24468,7700909000,872.5102832,314733.8973
2022-03-09,0.1214496802,1.335297155e+11,25997,86652,85280.09114,1.621714124e+10,27341,7709981660,1988.521878,281993.4041
2022-03-10,0.1168979942,1.335432555e+11,35546,752860,2510996.077,1.56109387e+10,36900,1.402663106e+10,53817.15784,380125.503
2022-03-11,0.1156752724,1.335566455e+11,18374,56848,39396.20812,1.544920134e+10,19713,1.099813799e+10,1516.97882,557912.9501
2022-03-12,0.1151148578,1.335701855e+11,19751,57603,27692.47146,1.537591291e+10,21105,5414474753,1835.570898,256549.3842
2022-03-13,0.1114349976,1.335837755e+11,17386,58392,27263.41423,1.488590771e+10,18745,4331193229,1809.13944,231058.5878
2022-03-14,0.1139280292,1.335973955e+11,21592,130521,505897.3221,1.522048798e+10,22954,6572100697,4777.22574,286316.1409
2022-03-15,0.1127116785,1.336109055e+11,19836,77680,40050.26124,1.505950943e+10,21187,4981279225,2008.235505,235110.1725
2022-03-16,0.1166811586,1.336242955e+11,21069,62143,41227.10563,1.559143761e+10,22408,5763238459,1754.224869,257195.5756
2022-03-17,0.116418849,1.336378055e+11,29609,68688,39867.55018,1.55579595e+10,30960,6465736454,485.6265626,208841.6167
2022-03-18,0.1192528051,1.336513855e+11,24951,64744,36513.45927,1.593830263e+10,26309,4904035794,576.1189788,186401.4517
2022-03-19,0.1236779125,1.336648455e+11,26701,67736,38212.91083,1.653138907e+10,28047,4270327719,446.255303,152256.1315
2022-03-20,0.119273569,1.336781755e+11,19478,61150,35203.80312,1.594427308e+10,20811,2673727147,1433.213612,128476.63
2022-03-21,0.1192025468,1.336916155e+11,19484,59848,34864.389,1.593638105e+10,20828,2846370473,1396.8751,136660.7678
2022-03-22,0.1225132409,1.337052355e+11,23384,63243,36687.98383,1.638066173e+10,24746,4118606104,947.1081168,166435.2261
2022-03-23,0.1295566489,1.337186055e+11,19929,59503,38717.26593,1.732413442e+10,21266,2.955102322e+10,2431.768306,1389590.107
2022-03-24,0.1364227563,1.337321655e+11,23002,62745,43954.79691,1.824411062e+10,24358,3.357299344e+10,2466.452225,1378314.863
2022-03-25,0.1308747224,1.337456655e+11,20710,65102,45778.62503,1.750392684e+10,22060,4083617426,2857.354781,185114.1172
2022-03-26,0.1359568204,1.337591155e+11,18834,59263,38680.93255,1.818546404e+10,20179,4094712205,2151.684263,202919.4809
2022-03-27,0.1442588615,1.337726355e+11,20537,63567,44011.88489,1.929788809e+10,21889,5386187652,2798.175908,246068.2376
2022-03-28,0.1442099796,1.337862055e+11,23186,65916,43664.75189,1.929330597e+10,24543,8146924523,2513.47003,331944.9343
2022-03-29,0.1443491083,1.337996855e+11,22988,72817,43838.24001,1.931386529e+10,24336,5959691833,1837.020915,244892.005
2022-03-30,0.1434395308,1.338132055e+11,21658,61527,35846.69283,1.919410341e+10,23010,6514978988,1851.027737,283136.853
2022-03-31,0.1379595581,1.338267655e+11,21661,63154,42357.19615,1.846268142e+10,23017,6751433033,2154.916083,293323.7621
2022-04-01,0.1412469884,1.338403255e+11,22437,60689,44311.51431,1.89045429e+10,23793,7644281604,2232.578189,321282.7976
2022-04-02,0.1393953361,1.338535255e+11,20217,58692,36081.63388,1.865855717e+10,21537,4172163745,2391.588304,193720.7478
2022-04-03,0.1462725649,1.338671455e+11,20293,60360,37421.93579,1.958109072e+10,21655,4081116936,2050.914687,188460.722
2022-04-04,0.148872552,1.338806855e+11,22795,68377,43015.72258,1.993115931e+10,24149,1.251415353e+10,2368.119189,518205.869
2022-04-05,0.171925243,1.338942155e+11,28589,69822,55257.39492,2.301979553e+10,29942,1.656321692e+10,2441.499645,553176.7056
2022-04-06,0.1437796934,1.339077055e+11,26217,68193,50341.90589,1.925320884e+10,27566,1.237115905e+10,2693.843625,448783.2493
2022-04-07,0.1460040754,1.339213055e+11,20598,62432,39139.89364,1.955305638e+10,21958,6217364490,2480.02038,283148.0322
2022-04-08,0.1419448778,1.339347555e+11,21638,60978,37616.97388,1.90113525e+10,22983,5475363866,2090.723906,238235.3855
2022-04-09,0.1439973479,1.339479855e+11,18724,56850,35689.44598,1.928815467e+10,20047,4542314981,2050.283209,226583.2783
2022-04-10,0.1498037785,1.339614855e+11,20822,62108,39121.60261,2.00679367e+10,22172,5366446107,2342.342785,242037.0786
2022-04-11,0.134589297,1.339749155e+11,21309,63437,39990.77065,1.803158969e+10,22652,5962450358,2498.812637,263219.5991
2022-04-12,0.137866849,1.339884355e+11,20842,59018,38634.30244,1.847256341e+10,22194,8735137959,2497.5,393581.0561
2022-04-13,0.1400257993,1.340019855e+11,23111,60266,31624.41329,1.876373512e+10,24466,7732992914,1138.54217,316070.993
2022-04-14,0.1440168715,1.340151955e+11,20818,58496,35536.45615,1.930044919e+10,22139,9266378399,3217.884297,418554.5146
2022-04-15,0.1460110518,1.340285955e+11,22657,60033,39367.105,1.95696562e+10,23997,9331824667,3578.219342,388874.6371
2022-04-16,0.1439126097,1.340420855e+11,19696,55265,34204.09521,1.929034633e+10,21045,9168414783,2852.269774,435657.6281
2022-04-17,0.1394308788,1.340555255e+11,19301,57412,33696.46463,1.869147972e+10,20645,3889779946,2921.400332,188412.6881
2022-04-18,0.1400422167,1.340691255e+11,20165,58920,36209.72439,1.877533752e+10,21525,5151068429,3041.628343,239306.3149
2022-04-19,0.1425914738,1.340826255e+11,20037,59678,34951.65582,1.911903918e+10,21387,4648439866,2186.520644,217348.8505
2022-04-20,0.1408823384,1.340960755e+11,21801,62003,38796.03118,1.889176869e+10,23146,8386597648,2258.515547,362334.6431
2022-04-21,0.1361772794,1.341094055e+11,21759,85588,36644.25614,1.826265397e+10,23092,5039018621,2699.403881,218214.9065
2022-04-22,0.1363063288,1.341229555e+11,20543,78137,28845.99869,1.828180767e+10,21898,4937093710,2465.44843,225458.6588
2022-04-23,0.1342714407,1.341364255e+11,21791,68148,29616.79614,1.80106911e+10,23138,5159700119,2616.498616,222996.8069
2022-04-24,0.1319760438,1.341498755e+11,23366,68645,32629.43703,1.770456985e+10,24711,3811300237,1599.833178,154234.9657
2022-04-25,0.1570611097,1.341633855e+11,30902,79549,49653.45697,2.107185021e+10,32253,1.878647626e+10,3081.50651,582472.2123
2022-04-26,0.1377936175,1.341768155e+11,29920,73891,47307.77678,1.84887088e+10,31263,1.679523369e+10,2680.500943,537223.9928
2022-04-27,0.1394458815,1.341902755e+11,24304,63942,31489.3129,1.871228125e+10,25650,8033269427,2295.816525,313187.8919
2022-04-28,0.1372025564,1.342037555e+11,20978,61175,30785.81778,1.841309834e+10,22326,5156652516,2592.935201,230970.7299
2022-04-29,0.134844826,1.342172755e+11,22918,65722,32850.70733,1.809850516e+10,24270,6463249390,2788.34811,266306.1141
2022-04-30,0.1269596641,1.342308355e+11,21639,57830,31336.73675,1.704190178e+10,22995,5471221684,3627.60684,237930.9278
2022-05-01,0.1326899174,1.342442755e+11,21622,60606,31822.87023,1.781286183e+10,22966,4729623553,2299.12171,205940.24
2022-05-02,0.1308664916,1.342579155e+11,20152,60346,28782.57893,1.756986237e+10,21516,5565266261,1873.903165,258657.1045
2022-05-03,0.1291315256,1.342713355e+11,20047,57433,27608.08811,1.73386624e+10,21389,5965443054,1782.127205,278902.3822
2022-05-04,0.1354585025,1.342847355e+11,21020,58977,28828.64631,1.819000917e+10,22360,5493715817,1785.605325,245693.9095
2022-05-05,0.1282434023,1.342981355e+11,22361,63453,39255.61257,1.722284982e+10,23701,7100467513,2293.467897,299585.1446
2022-05-06,0.1281004209,1.343116755e+11,20231,57787,27813.6574,1.720538216e+10,21585,4495483267,2213.788028,208268.8565
2022-05-07,0.1273846097,1.343251255e+11,19740,55783,26406.01617,1.711095369e+10,21085,3361097335,1946.138885,159407.0351
2022-05-08,0.1242010472,1.343387155e+11,20025,59077,25069.47444,1.668500914e+10,21384,4481970056,1847.373556,209594.5593
2022-05-09,0.1056893284,1.343523255e+11,31159,62561,40260.59749,1.419960705e+10,32520,1.030357504e+10,6556.964841,316838.1009
2022-05-10,0.1083719306,1.343657755e+11,23959,64541,33290.74161,1.456147849e+10,25304,9324143896,3449.100653,368484.9785
2022-05-11,0.08402555,1.343791355e+11,27471,68524,42132.36624,1.129128077e+10,28807,1.762287488e+10,5270.976553,611756.6869
2022-05-12,0.08248972403,1.343926755e+11,30426,72276,46121.56993,1.108601471e+10,31780,2.954321991e+10,8094.250075,929616.7372
2022-05-13,0.08810449683,1.344061855e+11,28033,70677,38257.65727,1.184178934e+10,29384,1.293477649e+10,3346.25383,440197.9475
2022-05-14,0.08952736011,1.344197055e+11,25843,66364,35971.28807,1.203424138e+10,27195,1.074533614e+10,3714.056428,395121.7554
2022-05-15,0.09226714844,1.344333555e+11,21290,61124,29028.27034,1.240378237e+10,22655,8226051375,3012.025703,363100.9214
2022-05-16,0.08758328828,1.344467355e+11,20617,59569,27640.43588,1.177528719e+10,21955,5544058553,2417.439187,252519.178
2022-05-17,0.09024050843,1.344602255e+11,20732,58798,27067.81719,1.213375911e+10,22081,6215419050,2303.630709,281482.6797
2022-05-18,0.08373888884,1.344737055e+11,20332,57290,26865.25679,1.126067868e+10,21680,8378772595,2348.032551,386474.7507
2022-05-19,0.08663355816,1.344872555e+11,20183,60062,25331.65563,1.165110947e+10,21538,7672274064,2990.502172,356220.3577
2022-05-20,0.08400095162,1.345006855e+11,20126,55229,26126.70653,1.129818557e+10,21469,6062802825,2868.183635,282398.0076
2022-05-21,0.08431126659,1.345142155e+11,18537,52721,24142.08234,1.134106388e+10,19890,5322581344,2638.792889,267600.872
2022-05-22,0.0859797841,1.345276555e+11,19037,54992,25763.44066,1.156665877e+10,20381,7426268157,2462.888897,364372.119
2022-05-23,0.08310072403,1.345412155e+11,19565,55539,25533.73879,1.118047242e+10,20921,1.060431941e+10,2994.440063,506874.404
2022-05-24,0.08350669047,1.345547955e+11,21437,56557,26470.80373,1.123622566e+10,22795,1.10202122e+10,2964.843411,483448.6598
2022-05-25,0.08297525169,1.345684155e+11,20034,54055,24276.90285,1.116584814e+10,21396,6296890319,2599.818663,294302.2209
2022-05-26,0.07838180537,1.345818355e+11,20813,57201,26979.52096,1.054876724e+10,22155,7051058151,2703.654835,318260.3544
2022-05-27,0.08126804465,1.345953755e+11,24198,59093,33010.17943,1.093830299e+10,25552,1.049068937e+10,3325.449432,410562.3581
2022-05-28,0.08178625662,1.346087655e+11,20230,54453,25396.49905,1.100914704e+10,21569,3289004296,2087.896877,152487.5653
2022-05-29,0.08262026922,1.346223755e+11,18589,58345,22562.56948,1.112253691e+10,19950,2770319151,1857.143441,138863.1153
2022-05-30,0.08787605722,1.346359155e+11,20521,57216,26787.63869,1.183127341e+10,21875,4345855985,2345.123398,198667.7021
2022-05-31,0.08607263667,1.346494355e+11,21069,57717,27183.0113,1.158963194e+10,22421,6851220635,2071.58763,305571.5907
2022-06-01,0.0810465378,1.346629555e+11,22382,58244,27258.6302,1.091396631e+10,23734,6736713844,2279.306387,283842.3293
2022-06-02,0.08279939031,1.346763755e+11,20239,55966,25236.59298,1.115112178e+10,21581,5802998155,2259.782171,268893.849
2022-06-03,0.08019240442,1.346898855e+11,19883,53628,24727.16453,1.080110577e+10,21234,6589274911,2199.563498,310317.1758
2022-06-04,0.08157775969,1.347032855e+11,19226,52747,22726.15621,1.098879225e+10,20566,6108267789,1857.007411,297008.0613
2022-06-05,0.08122897047,1.347168255e+11,19743,55827,22721.99353,1.094290904e+10,21097,3599155995,1316.261244,170600.3695
2022-06-06,0.08232276522,1.347301355e+11,21291,58780,23553.29761,1.109135731e+10,22622,9103383160,1646.810289,402412.8353
2022-06-07,0.08048145098,1.347434955e+11,21191,59176,25040.4089,1.084435203e+10,22527,9659081484,1684.047505,428777.9768
2022-06-08,0.07950903185,1.347569355e+11,22246,59301,25179.62163,1.071439348e+10,23590,7484385694,1376.097867,317269.4232
2022-06-09,0.07923367359,1.347702855e+11,24273,61050,26566.34503,1.067834481e+10,25608,1.486029471e+10,1192.889898,580298.9187
2022-06-10,0.07531429752,1.347839355e+11,23631,60784,25741.4816,1.015115742e+10,24996,1.26301404e+10,999.5555615,505286.4617
2022-06-11,0.06974071146,1.347976155e+11,24090,60921,25717.40151,9400881607,25458,1.222563465e+10,936.9891145,480227.616
2022-06-12,0.06443085858,1.348110455e+11,24717,64595,27142.77842,8685991407,26060,7297925236,848.4259857,280043.1787
2022-06-13,0.05351198637,1.348245155e+11,28573,71351,32889.09907,7214727635,29920,1.497238917e+10,1300.737322,500414.0764
2022-06-14,0.05505442455,1.348379355e+11,28684,66410,30788.42141,7423424945,30026,9201185811,998.04,306440.6118
2022-06-15,0.06173521295,1.348515655e+11,27913,64548,30202.92823,8325090112,29276,1.426659886e+10,1340.171248,487313.8018
2022-06-16,0.05471423497,1.348650255e+11,26989,62156,26930.41357,7379036693,28335,1.138279868e+10,1017.563014,401722.2052
2022-06-17,0.05703957645,1.348785955e+11,26894,59561,24159.18382,7693417959,28251,8590528139,665.7093072,304078.7278
2022-06-18,0.05294996781,1.348920955e+11,30201,62779,27265.88157,7142532114,31551,8269379681,577.0582225,262095.6445
2022-06-19,0.06009789441,1.349056155e+11,30288,65477,28821.32632,8107543435,31640,9282119980,667.1806278,293366.6239
2022-06-20,0.0600132809,1.349192655e+11,33309,69519,26884.68345,8096947778,34674,5496174630,426.7341656,158509.968
2022-06-21,0.06559275884,1.349327755e+11,28738,67598,25827.86731,8850613002,30089,1.221547115e+10,1380.660362,405977.9704
2022-06-22,0.06171032387,1.349463955e+11,28983,62563,24541.08014,8327585770,30345,9633941446,1375.346867,317480.3574
2022-06-23,0.06410300154,1.349597055e+11,30306,63480,26023.13772,8651322209,31637,1.175405583e+10,738.4961786,371528.7741
2022-06-24,0.06732759587,1.349730855e+11,28132,64307,28906.62788,9087413353,29470,1.120090458e+10,1333.215051,380078.201
2022-06-25,0.06842415232,1.349865055e+11,27957,64493,29165.11949,9236337213,29299,6917126196,1098.84545,236087.4499
2022-06-26,0.07347670602,1.349998855e+11,29153,64772,27406.86187,9919346899,30491,9214231622,996.4680507,302195.1271
2022-06-27,0.07224388581,1.350133655e+11,28656,70593,31552.29587,9753890159,30004,1.258791306e+10,1470.285784,419541.1632
2022-06-28,0.06580778207,1.350268155e+11,28555,63173,29817.82457,8885815248,29900,8504557863,1110.892343,284433.3734
2022-06-29,0.06928399823,1.350402755e+11,27679,63319,26243.3744,9356130207,29025,1.04611031e+10,1252.210338,360416.9889
2022-06-30,0.06474101939,1.350537555e+11,27585,63687,27446.50348,8743517802,28933,1.056749229e+10,1390.300383,365240.1165
2022-07-01,0.06634224443,1.350671355e+11,28023,63707,28704.48498,8960656916,29361,1.359465018e+10,1543.22904,463017.2739
2022-07-02,0.06664537944,1.350806655e+11,27804,61625,26918.95599,9002502206,29157,8888505157,1220.618658,304849.7842
2022-07-03,0.06702006436,1.350941155e+11,24991,58477,24116.14484,9054016315,26336,7645462691,1411.034764,290304.6283
2022-07-04,0.06936106124,1.351077055e+11,26834,61530,25643.32915,9371213834,28193,7594585614,1304.145273,269378.4136
2022-07-05,0.06712787485,1.351210955e+11,30903,66952,25311.49295,9070391988,32242,1.008862809e+10,1255.896486,312903.2967
2022-07-06,0.06866561795,1.351347755e+11,32749,67435,27758.23652,9279112866,34117,1.341882788e+10,1386.91485,393317.9317
2022-07-07,0.07063693979,1.351482255e+11,32264,66682,28566.2465,9546457066,33609,1.441123587e+10,1167.976689,428790.9747
2022-07-08,0.06960928738,1.351618255e+11,33709,66607,28094.07682,9408518353,35069,1.582375906e+10,1046.149263,451217.8578
2022-07-09,0.06943177884,1.351753055e+11,31464,67957,25734.38596,9385461916,32812,1.061893126e+10,927.4248479,323629.5032
2022-07-10,0.06720429404,1.351889155e+11,29524,61529,20600.0633,9085275627,30885,9190371218,1030.00649,297567.467
2022-07-11,0.06162936045,1.352024455e+11,32098,65344,24056.97566,8332440247,33451,1.112396745e+10,661.8084336,332545.1392
2022-07-12,0.06010534022,1.352158855e+11,41573,67002,21260.43681,8127196801,42917,9762997604,268.38946,227485.5559
2022-07-13,0.0618080223,1.352293855e+11,47378,68390,26923.31002,8358260874,48728,9599426513,238.1492329,197000.2157
2022-07-14,0.06243280187,1.352428255e+11,64521,74261,30002.49383,8443588529,65865,1.401117065e+10,260.4333454,212725.5849
2022-07-15,0.06306786513,1.352563555e+11,68242,77313,30993.85794,8530329586,69595,1.246148403e+10,246.7127338,179057.174
2022-07-16,0.06430013298,1.352694955e+11,68002,75162,29436.6122,8697846547,69316,1.264838587e+10,293.7971666,182474.2609
2022-07-17,0.06349104391,1.352830155e+11,74896,76555,28956.2568,8589259876,76248,1.3461647e+10,206.0041888,176550.821
2022-07-18,0.06735776936,1.352965555e+11,72902,80574,28923.90199,9113274180,74256,2.801465659e+10,194.4828878,377271.2857
2022-07-19,0.06900541949,1.353102655e+11,77714,85760,47901.65632,9337141631,79085,5.152519535e+10,254.2749351,651516.6637
2022-07-20,0.07022702159,1.353236455e+11,87044,94795,33466.82632,9503376574,88382,5.131820666e+10,165.2045635,580640.9298
2022-07-21,0.06996867738,1.353373055e+11,83844,84855,35071.38303,9469372265,85210,5.949085346e+10,205.4421386,698167.5093
2022-07-22,0.06745766587,1.353508755e+11,83262,84933,37448.9626,9130454134,84619,1.79929554e+10,143.6981837,212634.9331
2022-07-23,0.06810727185,1.353642955e+11,75955,87728,37449.46527,9219292871,77297,1.357105751e+10,354.2286927,175570.3004
2022-07-24,0.06776812901,1.353777755e+11,62597,91790,34917.55193,9174298554,63945,1.178006748e+10,326.370014,184221.87
2022-07-25,0.06301483874,1.353913255e+11,66763,93766,30494.59254,8531662543,68118,1.371443964e+10,1099.276341,201333.5629
2022-07-26,0.06232026614,1.354046355e+11,60894,91920,32876.10043,8438452920,62225,1.336642362e+10,806.426551,214807.9328
2022-07-27,0.06676381574,1.354181355e+11,65858,97980,38503.86087,9041031445,67208,1.319345938e+10,475.4790029,196307.8707
2022-07-28,0.0690461217,1.354315055e+11,71994,105667,45526.06312,9351020210,73331,1.975122989e+10,291.8212766,269343.523
2022-07-29,0.06955631328,1.354449155e+11,69460,92687,33501.27839,9421048973,70801,1.337380605e+10,257.530265,188892.8976
2022-07-30,0.06937190596,1.354584955e+11,58188,76889,36081.0753,9397014010,59546,1.062722437e+10,231.018339,178470.8355
2022-07-31,0.06822701835,1.354720355e+11,56154,73893,32015.96964,9242853051,57508,8181492967,236.529764,142267.0405
2022-08-01,0.06860802944,1.354856355e+11,51578,75751,30716.92552,9295402468,52938,1.255009585e+10,228.6150259,237071.5904
2022-08-02,0.06694464619,1.354991855e+11,41062,83441,32082.15703,9070945031,42417,1.668321993e+10,395.0477254,393314.4713
2022-08-03,0.06607434853,1.355124455e+11,41514,70481,31027.61439,8953896553,42840,1.678487095e+10,702.2268301,391803.7104
2022-08-04,0.06735848105,1.355259855e+11,48270,71223,27654.24629,9128824525,49624,1.109435685e+10,274.3419126,223568.3711
2022-08-05,0.06971010589,1.355394155e+11,59435,89032,30466.32226,9448467006,60778,1.375127752e+10,216.4488966,226254.196
2022-08-06,0.06868045564,1.355528755e+11,56220,68080,26171.47759,9309833251,57566,1.360220828e+10,273.2277046,236288.9254
2022-08-07,0.06887667501,1.355663455e+11,46570,67083,22574.68789,9337359120,47917,8672652795,179.2036493,180993.234
2022-08-08,0.07008475412,1.355798955e+11,51298,69005,26600.58981,9502083639,52653,1.446130912e+10,339.6559239,274653.0894
2022-08-09,0.0691479688,1.355935455e+11,62238,67470,42570.15129,9376018253,63603,1.710796908e+10,342.531743,268980.5368
2022-08-10,0.07115261498,1.356072455e+11,51581,77390,25955.19241,9648810126,52951,1.212247826e+10,194.155116,228937.6642
2022-08-11,0.07080033433,1.356206755e+11,51401,83279,27391.93582,9601989166,52744,1.551928327e+10,143.371688,294237.89
2022-08-12,0.07236183856,1.356342355e+11,47176,66670,23460.43425,9814742652,48532,1.246833486e+10,249.9043046,256909.5618
2022-08-13,0.07289766744,1.356476055e+11,45830,65159,23554.45795,9888394034,47167,1.599612867e+10,245.3373696,339138.1403
2022-08-14,0.08180212833,1.356611355e+11,46472,65694,31032.30118,1.109736962e+10,47825,2.106412182e+10,257.7014825,440441.6481
2022-08-15,0.07648833739,1.356747455e+11,47792,69272,33920.84957,1.037753571e+10,49153,1.680900134e+10,196.8654259,341973.0502
2022-08-16,0.08694976199,1.356880955e+11,51180,116772,43973.92553,1.179804761e+10,52515,3.193918826e+10,518.71553,608191.7216
2022-08-17,0.08020708557,1.357016155e+11,42185,72218,34438.65515,1.088423109e+10,43537,2.956557403e+10,608.6666369,679090.751
2022-08-18,0.07505570853,1.357151055e+11,45380,71243,26056.56683,1.01861934e+10,46729,2.744382353e+10,204.218632,587297.4712
2022-08-19,0.0679507131,1.357284355e+11,45596,72729,25774.60441,9222843980,46929,2.529208137e+10,244.81832,538943.5397
2022-08-20,0.06939101275,1.357420155e+11,46225,69624,24391.90275,9419275927,47583,1.340858838e+10,162.6139128,281793.6738
2022-08-21,0.0694621447,1.357553755e+11,40216,66838,23264.62546,9429859536,41552,9695307655,341.869385,233329.5065
2022-08-22,0.06814485654,1.357687255e+11,45754,67232,24611.5219,9251940321,47089,1.146898649e+10,256.9693661,243559.7802
2022-08-23,0.0688068576,1.357824055e+11,37501,59757,24281.23003,9342760639,38869,1.342193673e+10,146.4748255,345312.1184
2022-08-24,0.06792378618,1.357960155e+11,35895,57577,23655.02005,9223779520,37256,1.010710919e+10,370.9214814,271288.0928
2022-08-25,0.06900632667,1.358096755e+11,35166,59536,22466.40286,9371726831,36532,1.177010328e+10,379.643321,322186.1184
2022-08-26,0.06336569018,1.358232655e+11,36353,59845,24167.58638,8606534960,37712,1.227062025e+10,398.7068139,325377.0748
2022-08-27,0.06355374371,1.358367455e+11,31421,55914,23171.67483,8632933709,32769,1.36319898e+10,709.7051661,416002.6182
2022-08-28,0.06208049636,1.358500855e+11,29315,55072,21113.3173,8433640738,30649,1.216460441e+10,481.4799559,396900.5322
2022-08-29,0.06377987258,1.358635955e+11,23664,54032,21569.73482,8665362809,25015,1.469725588e+10,2585.244471,587537.7127
2022-08-30,0.06162927005,1.358769155e+11,25084,57392,19289.71959,8373995118,26416,1.716823166e+10,2135.849628,649917.9156
2022-08-31,0.06115695964,1.358903555e+11,25054,54485,22773.82905,8310640987,26398,1.840032738e+10,2330.76831,697034.9032
2022-09-01,0.0622422346,1.359038155e+11,29614,53644,24135.05542,8458957167,30960,1.439570357e+10,837.3083877,464977.5055
2022-09-02,0.0615040334,1.359173855e+11,30805,57809,22921.66571,8359467417,32162,1.25388156e+10,668.5878312,389864.2996
2022-09-03,0.06259613156,1.359309155e+11,27021,51042,20694.68764,8508749468,28374,9626800892,974.4816686,339282.4731
2022-09-04,0.06310886701,1.359445755e+11,21538,49646,16975.12293,8579308135,22904,8143730217,1780.354838,355559.3004
2022-09-05,0.06270403675,1.359580755e+11,23457,51003,20389.3044,8525120161,24807,9387565777,1708.24134,378424.0649
2022-09-06,0.05904954234,1.359715355e+11,32316,68681,23073.11343,8029056941,33662,1.269777686e+10,719.1546826,377213.9759
2022-09-07,0.06119267302,1.359850155e+11,31271,79474,21558.90804,8321286588,32619,9794899600,1051.263342,300282.0319
2022-09-08,0.06094134701,1.359985355e+11,27376,58637,25687.69079,8287933944,28728,9528942456,1344.509265,331695.2957
2022-09-09,0.06388257575,1.360122355e+11,27485,59065,29164.13343,8688811937,28855,9755662550,1607.002932,338092.62
2022-09-10,0.0649086548,1.360256455e+11,24644,60446,23739.71734,8829241667,25985,8147711691,1577.901239,313554.4233
2022-09-11,0.06361251339,1.360390955e+11,25833,56435,23073.52198,8653788783,27178,8287339423,1129.987805,304928.2296
2022-09-12,0.06388859887,1.360527155e+11,25206,55683,24221.09861,8692217365,26568,1.602048343e+10,1591.820884,602999.2259
2022-09-13,0.05962263107,1.360662255e+11,25364,53450,23114.71055,8112626363,26715,2.092021128e+10,1999.45,783088.5749
2022-09-14,0.06116355845,1.360797855e+11,24357,52954,21944.34711,8323123913,25713,1.709988419e+10,2481.857867,665028.7478
2022-09-15,0.05880418382,1.360934155e+11,24994,53254,21281.18415,8002862221,26357,1.566490388e+10,2856.296589,594335.618
2022-09-16,0.06037833381,1.361070455e+11,26768,53672,20827.08591,8217916627,28131,1.462629545e+10,1256.200658,519935.1411
2022-09-17,0.06216534323,1.361204355e+11,23784,51013,17607.09939,8461973593,25123,1.135681711e+10,1699.284231,452048.6052
2022-09-18,0.05752062147,1.361340055e+11,24023,53947,20043.54576,7830512599,25380,9425362993,1069.585451,371369.7003
2022-09-19,0.05866934252,1.361475055e+11,27356,57674,22331.10374,7987684632,28706,1.059443286e+10,1050.828569,369066.8452
2022-09-20,0.05838667616,1.361609155e+11,29566,62318,24200.06873,7949983278,30907,1.196969028e+10,873.0295448,387280.8841
2022-09-21,0.05720123899,1.361744755e+11,29431,60227,22637.38179,7789348717,30787,1.387687915e+10,878.218392,450738.271
2022-09-22,0.05959062976,1.361880555e+11,24463,53153,20275.22404,8115531992,25821,1.361032787e+10,2648.471172,527103.0506
2022-09-23,0.06344789968,1.362015155e+11,25266,52284,22121.09814,8641700091,26612,1.500871168e+10,2501.206195,563982.8527
2022-09-24,0.06323798673,1.362150755e+11,25346,59903,22367.22484,8613967136,26702,1.287480954e+10,1590.100058,482166.487
2022-09-25,0.06111308999,1.362285255e+11,23835,51649,17646.75017,8325346137,25180,9019554950,904.0732889,358203.1354
2022-09-26,0.0609967921,1.362420955e+11,23783,51644,17812.90324,8310330773,25140,9047986620,1588.166208,359904.0024
2022-09-27,0.06060169736,1.362554755e+11,25105,52932,18609.50504,8257313089,26443,1.67143109e+10,1642.032763,632088.2995
2022-09-28,0.06066922635,1.362688455e+11,24088,49551,18737.60525,8267325431,25425,1.385765144e+10,1444.991149,545040.3712
2022-09-29,0.06066876508,1.362820955e+11,24294,58265,20954.32416,8268066435,25619,1.693176803e+10,1789.367237,660906.6719
2022-09-30,0.06177028275,1.362955655e+11,25030,51729,20118.03543,8419015618,26377,2.428585733e+10,1732.488815,920720.9815
2022-10-01,0.06062352839,1.363089755e+11,23801,49372,19895.00375,8263531046,25142,1.666404211e+10,1948.72181,662796.9976
2022-10-02,0.059194222,1.363223955e+11,25644,53466,17609.09228,8069498142,26986,1.229635352e+10,1005.129809,455656.7672
2022-10-03,0.06039908248,1.363359955e+11,23471,49433,18952.72618,8234569037,24831,1.678310214e+10,1899.362414,675893.123
2022-10-04,0.06604574502,1.363492855e+11,28927,51935,22462.30988,9005290143,30256,2.357843064e+10,1262.624378,779297.6813
2022-10-05,0.06461412239,1.363627555e+11,28819,70841,20545.76218,8810959772,30166,2.246597762e+10,1391.4866,744744.9984
2022-10-06,0.0634486481,1.363762355e+11,28834,52045,20884.35712,8652887775,30182,1.883607538e+10,896.5958877,624083.0753
2022-10-07,0.06235632165,1.363896555e+11,29886,49669,19404.9476,8504757227,31228,1.504500877e+10,848.9584763,481779.4533
2022-10-08,0.0616271335,1.364033055e+11,29829,48721,20002.59625,8406144717,31194,1.036566731e+10,588.6054268,332296.83
2022-10-09,0.06208145665,1.364168355e+11,30468,49844,17547.41,8468955859,31821,9571563714,480.1892032,300793.9321
2022-10-10,0.0595993612,1.364302955e+11,27044,54537,20272.56193,8131158460,28390,7536186640,844.8609,265452.1536
2022-10-11,0.06019268332,1.364439155e+11,29249,59847,17105.2079,8212925396,30611,1.047825469e+10,762.5265386,342303.5737
2022-10-12,0.05985219569,1.364575355e+11,30859,51805,18213.67724,8167283117,32221,9927645898,489.7467398,308111.0424
2022-10-13,0.05962862508,1.364710855e+11,30037,52704,20647.73077,8137583191,31392,9015290435,842.5637868,287184.3283
2022-10-14,0.05859943788,1.364845055e+11,28680,53586,20637.64035,7997915300,30022,8560280593,1000.039841,285133.5885
2022-10-15,0.05863405514,1.364977355e+11,24966,50028,19008.44349,8003415749,26289,8756216684,1395.232033,333075.3047
2022-10-16,0.05895707423,1.365113555e+11,24802,50451,18044.65054,8048310119,26164,1.267526872e+10,1193.159496,484454.545
2022-10-17,0.05996065977,1.365248555e+11,26886,55109,17827.01045,8186120410,28236,1.4801358e+10,1001.011107,524201.6576
2022-10-18,0.05983356569,1.365382655e+11,26294,50500,19147.76159,8169571277,27635,1.543272415e+10,1474.658843,558448.4946
2022-10-19,0.05868642253,1.365517355e+11,26813,51170,19033.61323,8013732847,28160,1.696845045e+10,1501.157287,602572.8142
2022-10-20,0.05944538794,1.365651555e+11,26158,49292,19598.54542,8118168647,27500,1.464374506e+10,1697.277217,532499.8202
2022-10-21,0.05936648489,1.365786855e+11,25820,54281,18889.11565,8108196468,27173,1.450550689e+10,1620.029823,533820.5899
2022-10-22,0.05966881146,1.365920655e+11,26340,49699,20039.81804,8150286202,27678,1.222688184e+10,1618.744248,441754.5285
2022-10-23,0.06027870992,1.366056255e+11,23917,49829,18377.34061,8234410872,25273,1.054875566e+10,2149.565173,417392.3025
2022-10-24,0.0593983307,1.366189955e+11,24758,52931,19059.48215,8114940273,26095,1.257840171e+10,2510.281962,482023.4417
2022-10-25,0.06273289023,1.366325755e+11,28226,61143,18863.11231,8571356359,29584,1.440473738e+10,1380.235597,486909.7274
2022-10-26,0.07242402292,1.366460755e+11,28031,57750,28623.64603,9896458503,29381,2.148259594e+10,4246.745115,731173.0689
2022-10-27,0.07716176804,1.366596555e+11,32202,60250,33445.40675,1.054490064e+10,33560,3.191982797e+10,3859.419338,951127.1744
2022-10-28,0.08447845755,1.366732555e+11,31503,75729,30771.4194,1.154594581e+10,32863,3.423238573e+10,4740.621641,1041669.529
2022-10-29,0.1195411674,1.366865455e+11,47803,90697,67737.16069,1.633966922e+10,49132,4.319368173e+10,2666.046848,879135.4256
2022-10-30,0.1169773031,1.366997955e+11,38678,71473,43350.05974,1.59907734e+10,40003,2.910515374e+10,3069.094346,727574.2753
2022-10-31,0.126580438,1.367130855e+11,35102,65019,35321.50562,1.730520224e+10,36431,3.234384592e+10,3960.14573,887811.0927
2022-11-01,0.1424284055,1.367266455e+11,37844,73083,46991.74296,1.947375811e+10,39200,3.541377762e+10,2996.045143,903412.6944
2022-11-02,0.1278506308,1.367402155e+11,28429,75515,43028.48836,1.748232281e+10,29786,2.741133239e+10,2418.188299,920275.7131
2022-11-03,0.1222793592,1.367537055e+11,26020,89967,131374.7304,1.672215548e+10,27369,2.333627236e+10,2234.799782,852653.4532
2022-11-04,0.1260823028,1.367672255e+11,28139,104628,178239.5913,1.724392674e+10,29491,3.181699832e+10,3192.351182,1078871.463
2022-11-05,0.1243254725,1.367808555e+11,33312,63123,27544.36937,1.700534449e+10,34675,1.694719886e+10,735.6392203,488744.0189
2022-11-06,0.1144375705,1.367941155e+11,25535,56436,22827.59185,1.565438623e+10,26861,1.888246622e+10,1133.838808,702969.5924
2022-11-07,0.1106640004,1.368076055e+11,24140,56295,27926.29543,1.513967691e+10,25489,1.264203744e+10,1995.866345,495980.1265
2022-11-08,0.08786177241,1.368209255e+11,26510,58545,30218.01518,1.202132902e+10,27842,3.826164346e+10,4077.756604,1374241.917
2022-11-09,0.07361239326,1.368345955e+11,26118,57651,31272.6412,1.007272206e+10,27485,6.688734181e+10,5840.417219,2433594.39
2022-11-10,0.08935563975,1.368482255e+11,26480,59295,30279.98698,1.222816074e+10,27843,7.063405447e+10,4374.007744,2536869.391
2022-11-11,0.08416996464,1.368618255e+11,27172,58984,28408.75392,1.151965501e+10,28532,5.655889705e+10,3475.390903,1982296.967
2022-11-12,0.08798493354,1.368753655e+11,26557,69212,33837.88319,1.204296994e+10,27911,2.845121403e+10,4795.765379,1019354.879
2022-11-13,0.08430990877,1.368887655e+11,26533,64454,33583.91662,1.154107933e+10,27873,2.919745934e+10,3143.976282,1047517.646
2022-11-14,0.08599071693,1.369022555e+11,32306,65980,30010.67454,1.17723231e+10,33655,4.590415085e+10,1287.771947,1363962.289
2022-11-15,0.08673540075,1.369157855e+11,24031,54344,28198.44183,1.187544552e+10,25384,2.654392912e+10,3153.968518,1045695.285
2022-11-16,0.0854490208,1.369293255e+11,23909,54420,25140.0726,1.170047678e+10,25263,3.007424867e+10,4505.49274,1190446.45
2022-11-17,0.08449577547,1.369427655e+11,21915,54128,26112.25121,1.157108516e+10,23259,2.366824991e+10,3484.042921,1017595.336
2022-11-18,0.08444137841,1.369563455e+11,21434,52127,20449.67472,1.156478259e+10,22792,1.852763391e+10,2919.095794,812900.7509
2022-11-19,0.08441947117,1.369695855e+11,20201,51523,20891.39107,1.156289997e+10,21525,1.882630201e+10,2174.158582,874624.9482
2022-11-20,0.07705796641,1.369831755e+11,21515,51400,20845.10209,1.055564494e+10,22874,1.75595042e+10,1653.903578,767662.1581
2022-11-21,0.0746375333,1.369966655e+11,21515,51687,23372.47426,1.022509318e+10,22864,1.917138997e+10,3014.52746,838496.7624
2022-11-22,0.07840587792,1.370101755e+11,21840,70549,39978.9405,1.074240309e+10,23191,1.814523355e+10,2431.948214,782425.6632
2022-11-23,0.08179260179,1.370234955e+11,21935,51213,21482.59169,1.12075082e+10,23267,2.022948019e+10,2737.767739,869449.4429
2022-11-24,0.08140518185,1.370370855e+11,20076,49433,20480.86567,1.115552886e+10,21435,1.696686343e+10,2700.231712,791549.4951
2022-11-25,0.08947185186,1.370506055e+11,22826,55221,35490.50342,1.226217147e+10,24178,1.914370018e+10,2666.869756,791781.7926
2022-11-26,0.088930838,1.370638755e+11,22104,52232,26814.95634,1.218920531e+10,23431,1.894549917e+10,2148.178226,808565.5401
2022-11-27,0.09964666918,1.370775455e+11,24440,84143,24708.34684,1.365932083e+10,25807,1.834532508e+10,1983.617819,710866.241
2022-11-28,0.09503098469,1.370909855e+11,21972,52270,24445.33019,1.302789134e+10,23316,2.450881456e+10,2984.659168,1051158.627
2022-11-29,0.1018625219,1.371046255e+11,24857,55061,25355.09793,1.396582291e+10,26221,1.894703434e+10,1965.30899,722590.0742
2022-11-30,0.1073519384,1.371180655e+11,24170,58221,30291.86394,1.471989012e+10,25514,2.366149703e+10,2590.280239,927392.6874
2022-12-01,0.1014370127,1.371316755e+11,23168,53620,24750.14129,1.39102275e+10,24529,2.462552099e+10,1958.681084,1003934.974
2022-12-02,0.1019557981,1.371449655e+11,22411,52519,22169.20753,1.398272442e+10,23740,1.637709571e+10,1961.569525,689852.3888
2022-12-03,0.09981678453,1.371585955e+11,21370,49824,20715.94682,1.369072997e+10,22733,1.383717727e+10,1555.808742,608682.412
2022-12-04,0.1042479854,1.371721655e+11,20108,49012,20417.57208,1.429992191e+10,21465,1.127614559e+10,1581.581185,525327.0713
2022-12-05,0.1012955019,1.371857955e+11,21224,51814,23133.70805,1.389630401e+10,22587,1.450542273e+10,1915.324505,642202.2726
2022-12-06,0.1001050992,1.371994655e+11,20150,56237,21226.03772,1.37343661e+10,21517,1.244709005e+10,1901.911071,578477.0207
2022-12-07,0.09577407007,1.372128455e+11,19396,47595,20424.03583,1.314143268e+10,20734,1.446029166e+10,2016.220329,697419.2948
2022-12-08,0.09860032274,1.372264055e+11,19671,49964,19697.07689,1.353056787e+10,21027,1.858589882e+10,1729.909178,883906.3502
2022-12-09,0.09668082762,1.372398455e+11,20522,50733,18962.90014,1.326846184e+10,21866,1.667853321e+10,1714.736817,762761.0544
2022-12-10,0.09635798247,1.372533355e+11,18471,45801,19570.80126,1.322545449e+10,19820,1.391652309e+10,1973.221281,702145.4636
2022-12-11,0.0926843285,1.372667855e+11,17923,46872,18016.94891,1.272247984e+10,19268,1.175092458e+10,1902.480963,609867.3751
2022-12-12,0.09014013691,1.372801355e+11,23967,52130,21204.99357,1.237445021e+10,25302,2.018285253e+10,977.6995268,797678.1492
2022-12-13,0.09101558353,1.372936655e+11,21442,56141,23788.71622,1.249586308e+10,22795,1.593183453e+10,1998.71946,698917.9438
2022-12-14,0.08843957343,1.373071455e+11,20343,51930,23593.37422,1.214338538e+10,21691,1.757636039e+10,2197.950673,810306.5966
2022-12-15,0.08455073997,1.373205155e+11,20190,54325,22282.66103,1.16105512e+10,21527,1.206454178e+10,1832.314063,560437.6729
2022-12-16,0.07550133307,1.373340255e+11,21198,56595,22872.92115,1.0368902e+10,22549,1.442821295e+10,2230.513171,639860.4351
2022-12-17,0.07920441627,1.373474555e+11,20771,53444,22298.6161,1.087852504e+10,22114,1.523472956e+10,2144.522066,688917.8602
2022-12-18,0.07892469335,1.373610055e+11,18705,50823,17733.72998,1.084117524e+10,20060,1.265358552e+10,1477.863644,630786.9152
2022-12-19,0.0713329105,1.373745255e+11,21412,56590,23062.78096,9799324732,22764,3.564188514e+10,1652.441301,1565712.754
2022-12-20,0.07492036696,1.373881055e+11,21329,59246,23537.10232,1.029316728e+10,22687,1.367012572e+10,1622.998448,602553.2561
2022-12-21,0.07348763242,1.374016655e+11,21606,53289,22907.32583,1.009732309e+10,22962,1.151149963e+10,1467.069574,501328.2656
2022-12-22,0.07703419143,1.374152555e+11,22559,54351,22814.06968,1.05856731e+10,23918,1.362380389e+10,1543.525968,569604.6448
2022-12-23,0.07707845554,1.374289055e+11,22050,52486,24858.70989,1.059280778e+10,23415,1.174254951e+10,1698.244445,501496.8827
2022-12-24,0.07762190661,1.374422455e+11,19349,48804,21671.27392,1.066852914e+10,20683,9051497887,2091.650236,437629.8354
2022-12-25,0.07582285853,1.374556355e+11,18892,48629,18126.8969,1.04222792e+10,20231,6843588369,1768.055022,338272.3725
2022-12-26,0.07543476207,1.374691255e+11,21162,51877,19660.30702,1.036995077e+10,22511,6284521498,1229.707083,279175.5807
2022-12-27,0.07361405874,1.374825255e+11,21150,55792,25067.23358,1.012064671e+10,22490,1.346471594e+10,1320.510724,598697.9074
2022-12-28,0.07028664203,1.374960555e+11,22263,75007,84784.7828,9664136033,23616,1.508376099e+10,2146.061165,638709.3915
2022-12-29,0.07090893944,1.375096455e+11,21055,63625,41529.55572,9750663124,22414,1.676448445e+10,1909.55721,747947.0174
2022-12-30,0.06828428527,1.375231555e+11,21821,56038,21255.74742,9390670381,23172,1.618617167e+10,1737.459568,698522.8581
2022-12-31,0.07018226296,1.375367155e+11,20737,52490,21318.76218,9652637933,22093,1.075894477e+10,1517.674637,486984.3285
2023-01-01,0.07006021327,1.375500855e+11,19038,49367,17896.00175,9636788325,20375,8722460294,1345.813585,428096.2108
2023-01-02,0.07146892357,1.375634855e+11,19869,49147,19740.67168,9831514230,21209,8677895969,1375.448372,409161.0151
2023-01-03,0.07040146556,1.375769955e+11,20767,57528,20862.91629,9685622110,22118,9751071072,1076.669665,440865.8591
2023-01-04,0.07288884422,1.375904555e+11,20444,50680,21956.88768,1.002880928e+10,21790,1.366396198e+10,1510.34779,627074.8957
2023-01-05,0.07150902478,1.376038155e+11,20714,50397,25420.79319,9839914651,22050,1.231381593e+10,1509.467271,558449.702
2023-01-06,0.07246694076,1.376173355e+11,21205,50562,21844.56178,9972707298,22557,1.162268691e+10,1711.661463,515258.5411
2023-01-07,0.07216163128,1.376308355e+11,20829,51851,21006.32659,9931665603,22179,9479968640,1323.963458,427429.94
2023-01-08,0.0734036151,1.376444155e+11,19993,53814,21625.25671,1.010359769e+10,21351,1.182993841e+10,1132.495068,554069.5243
2023-01-09,0.07562405675,1.376579355e+11,22462,54153,22675.95672,1.041025153e+10,23814,1.955476523e+10,1726.100001,821145.7641
2023-01-10,0.07752368183,1.376714855e+11,20825,52118,21303.34353,1.067280044e+10,22180,1.501042572e+10,1546.71516,676754.992
2023-01-11,0.07790326787,1.376849055e+11,21101,51588,21569.74902,1.072610407e+10,22443,2.000203239e+10,1395.910259,891237.018
2023-01-12,0.08023049437,1.376983555e+11,22284,54412,23363.95927,1.104760713e+10,23629,1.741857816e+10,1719.660298,737169.5018
2023-01-13,0.084374668,1.377118555e+11,21280,52491,25687.09849,1.161939209e+10,22630,1.684526541e+10,2516.467395,744377.6143
2023-01-14,0.08739633799,1.377253755e+11,24508,56847,26575.22705,1.203669347e+10,25860,1.924644833e+10,1904.516798,744255.5427
2023-01-15,0.08617381532,1.377387155e+11,20947,52964,21120.62613,1.186947063e+10,22281,1.556919697e+10,1388.9384,698765.6285
2023-01-16,0.08364336564,1.377522355e+11,20294,55529,23032.67672,1.15220606e+10,21646,1.522890753e+10,1905.993781,703543.7275
2023-01-17,0.08311085732,1.377656455e+11,19647,51023,23982.27722,1.144982091e+10,20988,1.561934037e+10,1322.664516,744203.372
2023-01-18,0.08043038126,1.377790855e+11,23240,54170,22849.55517,1.108162437e+10,24584,1.579514297e+10,1215.160731,642496.8665
2023-01-19,0.08156587588,1.377926455e+11,21633,57640,21042.74282,1.123917782e+10,22989,1.387930995e+10,1003.286039,603737.0024
2023-01-20,0.0864201235,1.378062455e+11,23925,54119,21503.19055,1.190923275e+10,25285,1.491732611e+10,923.3421832,589967.4158
2023-01-21,0.08501792478,1.378197755e+11,24295,55716,23109.15555,1.171715131e+10,25648,1.416309377e+10,951.7866694,552210.4557
2023-01-22,0.08823095967,1.378333755e+11,22187,51448,22113.3101,1.216117099e+10,23547,1.356463867e+10,1166.800009,576066.5337
2023-01-23,0.08860629846,1.378468555e+11,21407,51208,21849.6942,1.221409962e+10,22755,1.433669592e+10,1297.9132,630045.9643
2023-01-24,0.08397980004,1.378604755e+11,20263,48320,20301.8368,1.157749517e+10,21625,1.985574207e+10,1239.169345,918184.6042
2023-01-25,0.08654362069,1.378738255e+11,18934,46381,19957.57113,1.193210006e+10,20269,2.300781955e+10,1623.990571,1135123.565
2023-01-26,0.08624110217,1.378872055e+11,19619,48790,19785.18163,1.189154458e+10,20957,1.855948216e+10,1505.626428,885598.2324
2023-01-27,0.08708050028,1.379007355e+11,19855,50644,20744.06609,1.200846504e+10,21208,1.942552508e+10,1696.602915,915952.7102
2023-01-28,0.08759376152,1.379142255e+11,19109,48866,21253.43937,1.208042578e+10,20458,1.630429512e+10,2096.749998,796964.2742
2023-01-29,0.09016154478,1.379276655e+11,19420,50841,19692.63706,1.243577139e+10,20764,1.712140412e+10,1444.465708,824571.5718
2023-01-30,0.08786872673,1.379411655e+11,18663,91091,22718.48345,1.212071458e+10,20013,1.694906864e+10,2372.186584,846902.945
2023-01-31,0.09577847333,1.379546655e+11,21975,86849,28929.99647,1.321308725e+10,23325,2.22316354e+10,2591.065554,953124.7759
2023-02-01,0.09418859891,1.379681955e+11,21885,68714,24776.96113,1.299503103e+10,23238,1.880459644e+10,2052.310905,809217.5074
2023-02-02,0.09107833032,1.379817755e+11,22714,52213,25829.67492,1.256714973e+10,24072,1.780753585e+10,1325.651936,739761.3762
2023-02-03,0.09298683178,1.379951655e+11,34900,64940,28421.39619,1.283173324e+10,36239,1.566298714e+10,132.6022893,432213.5583
2023-02-04,0.09612578707,1.380087055e+11,26679,53397,24635.31728,1.326619544e+10,28033,1.718894053e+10,667.9577857,613168.0709
2023-02-05,0.092150273,1.380223555e+11,20438,52543,24703.3469,1.271879774e+10,21803,1.289232658e+10,2666.547958,591309.7547
2023-02-06,0.08939362911,1.380358855e+11,21833,50831,25676.69329,1.233952875e+10,23186,1.549896123e+10,2000.034657,668462.0559
2023-02-07,0.09259797783,1.380493455e+11,23072,51686,23587.03276,1.278309023e+10,24418,1.539183514e+10,2057.91986,630347.9048
2023-02-08,0.09017512769,1.380627455e+11,22761,56659,24274.40391,1.24498257e+10,24101,1.164856697e+10,1832.137471,483322.9729
2023-02-09,0.0814386105,1.380763455e+11,24476,54790,27412.93765,1.124474572e+10,25836,1.426814988e+10,1929.837999,552258.4719
2023-02-10,0.08099297231,1.380899655e+11,24190,52451,26169.49133,1.118431675e+10,25552,1.542159428e+10,1642.599515,603537.6598
2023-02-11,0.08233492439,1.381033955e+11,22897,52755,21979.9765,1.137073263e+10,24240,7630291946,1707.293363,314781.0209
2023-02-12,0.08206143831,1.381168155e+11,22422,52012,21491.75495,1.133406453e+10,23764,7456539581,1404.867128,313774.5994
2023-02-13,0.08217701591,1.381303455e+11,25613,57334,23599.46051,1.13511396e+10,26966,7695898065,949.1212193,285392.645
2023-02-14,0.08359257259,1.381436855e+11,23017,59043,23855.66874,1.154778606e+10,24351,7777858318,1280.567689,319406.1155
2023-02-15,0.08917201789,1.381569955e+11,25425,54451,26910.90045,1.231973807e+10,26756,1.22781645e+10,1869.008246,458893.8741
2023-02-16,0.08512925516,1.381706755e+11,25236,55000,28777.7695,1.176236669e+10,26604,1.780825001e+10,1592.980077,669382.4242
2023-02-17,0.08774877281,1.381841955e+11,23051,51468,25729.1035,1.212549358e+10,24403,1.821849759e+10,1293.251336,746567.9463
2023-02-18,0.08905140695,1.381977655e+11,22158,51723,23833.32175,1.230670545e+10,23515,1.568009054e+10,1235.465691,666812.2703
2023-02-19,0.08708700793,1.382114055e+11,21152,52753,24710.88825,1.203641777e+10,22516,1.41438737e+10,1317.403533,628169.9104
2023-02-20,0.08806568677,1.382249355e+11,21391,51743,22610.71354,1.217287387e+10,22744,1.293137104e+10,1251.254334,568561.8643
2023-02-21,0.08532340145,1.382383455e+11,21535,51374,24343.08216,1.179496585e+10,22876,1.432866477e+10,1421.644599,626362.3347
2023-02-22,0.0854237223,1.382517555e+11,21030,50209,22093.44373,1.180997957e+10,22371,1.433374075e+10,1673.791165,640728.6553
2023-02-23,0.0841263526,1.382653255e+11,20448,49955,20720.14526,1.163175752e+10,21805,1.395917388e+10,1621.627377,640182.2462
2023-02-24,0.08085963981,1.382788855e+11,39752,51389,28787.39373,1.118118087e+10,41108,1.276824411e+10,83.34882065,310602.4158
2023-02-25,0.08064377795,1.382923655e+11,37712,51508,24806.0265,1.115241881e+10,39060,1.052567216e+10,96.34183362,269474.4537
2023-02-26,0.08214311987,1.383059255e+11,25309,50610,21212.46398,1.136088022e+10,26665,1.100135603e+10,583.9176269,412576.6372
2023-02-27,0.08128046256,1.383195655e+11,24638,52817,21374.19039,1.124267826e+10,26002,1.045221025e+10,798.535,401977.165
2023-02-28,0.08073885406,1.383331555e+11,31422,57650,24802.88317,1.116886045e+10,32781,1.411221844e+10,402.642,430499.9372
2023-03-01,0.08190494732,1.383467155e+11,30692,52550,27723.92138,1.133128044e+10,32048,1.194076587e+10,341.1972365,372590.0482
2023-03-02,0.08046661947,1.383603555e+11,31826,51572,30990.00742,1.113339007e+10,33190,1.267087085e+10,2596.9614,381767.7267
2023-03-03,0.07679312719,1.383738355e+11,48592,61508,54146.59622,1.062615955e+10,49940,9623046287,868.0801107,192692.1563
2023-03-04,0.07439295285,1.383872455e+11,58557,60592,51175.57483,1.029503583e+10,59898,8962346129,6.3019,149626.801
2023-03-05,0.07468047043,1.384007855e+11,34785,55056,49014.73705,1.033583577e+10,36139,1.112664464e+10,142.9352757,307884.6853
2023-03-06,0.07482937266,1.384142755e+11,37174,61415,46575.35174,1.03574534e+10,38523,1.206943047e+10,238.80928,313304.5316
2023-03-07,0.07388971409,1.384278155e+11,66479,69942,51336.35678,1.022839171e+10,67833,1.424575765e+10,62.9628125,210012.2013
2023-03-08,0.07121566153,1.384413155e+11,60643,73613,47625.30014,9859189866,61993,1.33685739e+10,25.09668,215646.5069
2023-03-09,0.06583090762,1.384547455e+11,54196,66635,55775.9143,9114601559,55539,1.573131289e+10,136.8562236,283248.04
2023-03-10,0.06600594183,1.384680855e+11,37437,56779,50379.71804,9139716395,38771,1.549404956e+10,357.868,399629.8667
2023-03-11,0.06644579633,1.384815855e+11,24181,54509,46003.24599,9201519225,25531,1.53002742e+10,1104.531434,599282.2138
2023-03-12,0.07088388656,1.384951255e+11,21371,52891,42485.90955,9817072765,22725,1.05904196e+10,1418.494348,466025.0647
2023-03-13,0.07299001911,1.385088555e+11,40614,55723,50146.68594,1.010976401e+10,41987,1.156223785e+10,287.44505,275376.6131
2023-03-14,0.07480388739,1.385225455e+11,23057,57970,45426.11229,1.036202489e+10,24426,1.290192521e+10,1832.607984,528204.5856
2023-03-15,0.06979432114,1.385360855e+11,22164,50399,40030.64851,9669032040,23518,1.677227357e+10,1558.089818,713167.5128
2023-03-16,0.07245276544,1.385495255e+11,20397,50441,41821.17171,1.003829627e+10,21741,1.581927637e+10,1597.693771,727624.1373
2023-03-17,0.07662120352,1.385630555e+11,24690,54510,44765.51397,1.061686807e+10,26043,1.517323773e+10,1399.256773,582622.4984
2023-03-18,0.07322405981,1.385766455e+11,21246,50899,42610.40659,1.014714458e+10,22605,1.298702709e+10,2125.834846,574520.1102
2023-03-19,0.07521393329,1.385903355e+11,20712,51846,41127.36174,1.042392425e+10,22081,8761954986,1569.98305,396809.7
2023-03-20,0.07164796867,1.386038255e+11,20791,56330,41472.78435,9930682546,22140,1.423292472e+10,1752.626986,642860.195
2023-03-21,0.07682785725,1.386173355e+11,20370,50914,43125.17541,1.064967286e+10,21721,1.362292688e+10,2247.510066,627177.7027
2023-03-22,0.07404839547,1.386306755e+11,19896,50128,41498.84497,1.026537908e+10,21230,1.040153481e+10,2238.344263,489945.1159
2023-03-23,0.07750737879,1.386443055e+11,24303,55342,46045.2735,1.07459567e+10,25666,1.669908661e+10,1261.593757,650630.6636
2023-03-24,0.07467198543,1.386579055e+11,24529,57959,46370.05872,1.03538611e+10,25889,2.246912493e+10,1201.239754,867902.3883
2023-03-25,0.07401150535,1.386715355e+11,19693,51244,40136.69295,1.026328909e+10,21056,1.626903521e+10,2092.952655,772655.5477
2023-03-26,0.0745245531,1.386850455e+11,19572,50998,40595.83477,1.033544104e+10,20923,1.576342659e+10,1676.597005,753401.8351
2023-03-27,0.0727928942,1.386986655e+11,25709,59886,42133.03727,1.009627728e+10,27071,1.732365704e+10,828.9665549,639934.1375
2023-03-28,0.07385067892,1.387121555e+11,28745,59556,39084.03952,1.024398686e+10,30094,1.654113131e+10,453.378188,549648.8107
2023-03-29,0.0757611128,1.387254855e+11,28519,61842,42857.17562,1.050999715e+10,29852,1.691210927e+10,539.7532444,566531.8661
2023-03-30,0.07418048283,1.387390255e+11,28477,61578,42300.87754,1.02917279e+10,29831,1.748211134e+10,450.6094257,586038.3942
2023-03-31,0.07727852989,1.387525955e+11,33045,68263,46997.9111,1.07225966e+10,34402,1.883816874e+10,437.7518264,547589.3477
2023-04-01,0.08199133295,1.387661255e+11,31233,64520,45517.80271,1.13776196e+10,32586,1.752451871e+10,387.7146323,537792.8775
2023-04-02,0.07906740966,1.387794055e+11,28424,61714,44156.72492,1.097292811e+10,29752,1.955398899e+10,440.0581805,657232.7571
2023-04-03,0.09568926967,1.387928755e+11,35581,94876,58040.6859,1.328098889e+10,36928,3.390608912e+10,1174.009485,918167.4912
2023-04-04,0.09498584359,1.388062255e+11,29547,111105,57858.70727,1.318462642e+10,30882,3.77501568e+10,3200.595697,1222400
2023-04-05,0.09315547152,1.388196855e+11,25260,68960,47471.38224,1.293181326e+10,26606,2.809347066e+10,1552.022382,1055907.339
2023-04-06,0.08547361544,1.388332255e+11,23571,71576,46182.49054,1.186657773e+10,24925,2.291287631e+10,1756.023762,919272.8711
2023-04-07,0.08244048,1.388467155e+11,24534,88389,44387.4186,1.144658987e+10,25883,1.84277101e+10,1493.476057,711961.9094
2023-04-08,0.08141491182,1.388602555e+11,21595,60905,43832.29365,1.130529546e+10,22949,1.56224378e+10,1229.118004,680745.9062
2023-04-09,0.08330169004,1.388736755e+11,18335,58827,41893.03883,1.156841187e+10,19677,1.599411169e+10,1621.311122,812832.8347
2023-04-10,0.08502013128,1.388871855e+11,21621,62420,40276.83231,1.180820674e+10,22972,1.833258488e+10,1196.067331,798040.4351
2023-04-11,0.084080732,1.389007955e+11,25488,103660,188707.3258,1.167888056e+10,26849,2.17417964e+10,1389.368882,809780.4909
2023-04-12,0.08346125483,1.389143455e+11,24187,106779,187465.7789,1.159396559e+10,25542,1.875376057e+10,1522.277763,734232.2672
2023-04-13,0.08740391613,1.389279555e+11,24399,103518,47319.70292,1.214284737e+10,25760,2.427635834e+10,1351.722007,942405.2151
2023-04-14,0.08868255101,1.389414755e+11,27660,77162,47958.96932,1.232168449e+10,29012,2.799988789e+10,1040.604516,965114.0179
2023-04-15,0.08904639929,1.389550655e+11,23779,63752,43146.74953,1.237344824e+10,25138,1.898863442e+10,987.54307,755375.703
2023-04-16,0.09047402155,1.389685655e+11,22945,59969,43297.77244,1.257304499e+10,24295,1.696045088e+10,967.24155,698104.5844
2023-04-17,0.09144551555,1.389823155e+11,21391,59568,73259.28801,1.270930949e+10,22766,2.139888277e+10,2353.556295,939949.1684
2023-04-18,0.09396192809,1.389957055e+11,21422,63943,123927.7838,1.306030448e+10,22761,1.776245157e+10,2477.399677,780389.7708
2023-04-19,0.08738913456,1.390093055e+11,24180,77324,276636.1991,1.21479029e+10,25540,1.637645122e+10,2805.199292,641207.9568
2023-04-20,0.08369809917,1.390228355e+11,21461,66375,36833.86825,1.163594707e+10,22814,1.596632619e+10,2982.407386,699847.7336
2023-04-21,0.07845034931,1.390362355e+11,18992,53471,30437.15991,1.090744124e+10,20332,1.359793141e+10,3433.941127,668794.5806
2023-04-22,0.08036913387,1.390497955e+11,18646,46943,23129.71878,1.117531163e+10,20002,1.107035885e+10,3482.513619,553462.5961
2023-04-23,0.07884958226,1.390631855e+11,18322,46611,16229.00413,1.096507408e+10,19661,1.331995643e+10,3464.57623,677481.1263
2023-04-24,0.07879783012,1.390767455e+11,20871,52468,19434.50255,1.095894576e+10,22227,2.080991424e+10,3436.781246,936244.848
2023-04-25,0.0798563591,1.390904155e+11,18919,46989,18878.6542,1.110725417e+10,20286,1.963215793e+10,3413.136505,967768.8024
2023-04-26,0.07852257757,1.391038755e+11,19114,48016,24599.57148,1.092279485e+10,20460,2.228936371e+10,3225.847462,1089411.716
2023-04-27,0.08015857241,1.391175055e+11,18342,46515,22303.66703,1.115146064e+10,19705,2.341596946e+10,2764.043485,1188326.286
2023-04-28,0.08033748786,1.391310055e+11,18916,47023,19687.74535,1.117743546e+10,20266,2.288948526e+10,3194.908189,1129452.544
2023-04-29,0.08151547872,1.391446455e+11,17970,45290,18956.84617,1.134244239e+10,19334,1.923090662e+10,2606.674103,994667.7677
2023-04-30,0.07984804114,1.391580555e+11,17097,47515,20921.5267,1.111149814e+10,18438,1.576590212e+10,2609.168424,855076.5874
2023-05-01,0.07879282349,1.391715555e+11,17889,47886,22961.92198,1.096571981e+10,19239,1.548381515e+10,3005.837891,804813.9273
2023-05-02,0.07881284654,1.391852855e+11,23754,45997,24054.64038,1.096958855e+10,25127,1.305498648e+10,823.6493767,519560.0938
2023-05-03,0.07974804272,1.391987655e+11,19227,46459,23383.68694,1.11008291e+10,20575,1.301517684e+10,2409.595238,632572.3859
2023-05-04,0.0783837618,1.392123555e+11,18974,45788,23238.95233,1.091198811e+10,20333,1.287170977e+10,2993.707383,633045.2845
2023-05-05,0.0803485894,1.392261355e+11,20227,47995,21035.7025,1.118662359e+10,21605,1.410405663e+10,3712.371544,652814.4702
2023-05-06,0.07683625023,1.392398855e+11,18729,48572,23464.26477,1.069867068e+10,20104,1.251012737e+10,3180.075415,622270.5614
2023-05-07,0.07704034534,1.392534655e+11,17323,45506,21431.58348,1.072813507e+10,18681,9758232381,3131.92152,522361.3501
2023-05-08,0.07255668252,1.392669455e+11,19096,47313,25503.55954,1.010474755e+10,20444,1.526861294e+10,3987.952538,746850.5645
2023-05-09,0.07318762621,1.392804455e+11,39683,51848,27943.62559,1.019360518e+10,41033,2.875776283e+10,505.2430154,700844.7548
2023-05-10,0.07323285061,1.392941555e+11,48547,56080,26213.88691,1.020090808e+10,49918,2.309157752e+10,358.3766794,462590.1983
2023-05-11,0.07198357906,1.393077855e+11,456491,56792,45998.28008,1.002787299e+10,457854,2.11725405e+10,197.2990474,46242.99559
2023-05-12,0.07239050589,1.393212455e+11,397440,63363,41219.54521,1.008553544e+10,398786,2.876681438e+10,90.01478129,72135.96861
2023-05-13,0.07182807274,1.393348555e+11,628209,71395,49818.13333,1.000815414e+10,629570,2.770569105e+10,77.25024,44007.32412
2023-05-14,0.07198691628,1.393484955e+11,497566,66072,43573.85472,1.003126848e+10,498930,2.09260929e+10,83.07986846,41941.94155
2023-05-15,0.0721003471,1.393619555e+11,88453,51305,33964.12891,1.004804536e+10,89799,1.973285756e+10,170.913,219744.7362
2023-05-16,0.07268991848,1.393755455e+11,719894,59836,70797.59428,1.013119704e+10,721253,2.48635509e+10,41.3176834,34472.71747
2023-05-17,0.07493795661,1.393891555e+11,1126378,75835,94318.50375,1.044553849e+10,1127739,2.045174392e+10,41.7243,18135.17483
2023-05-18,0.07358152538,1.394027555e+11,972239,65920,64000.19382,1.025746739e+10,973599,1.790022368e+10,209.253,18385.6225
2023-05-19,0.07355604363,1.394162555e+11,867845,56289,52546.53889,1.025490817e+10,869195,1.62179556e+10,214.09547,18658.59283
2023-05-20,0.07363889801,1.394299055e+11,1205537,54739,68260.28766,1.026746459e+10,1206902,1.29710743e+10,71.93613485,10747.41304
2023-05-21,0.07218180625,1.394435155e+11,854029,54365,67953.36545,1.006528482e+10,855390,1.069175978e+10,50.44275,12499.28078
2023-05-22,0.0729812902,1.394571155e+11,1351094,53033,86843.43184,1.017776022e+10,1352454,4.047398716e+10,217.90884,29926.33181
2023-05-23,0.07284135835,1.394707155e+11,1428078,60550,81097.65106,1.015923637e+10,1429438,2.050142938e+10,220.277455,14342.30052
2023-05-24,0.07074534754,1.394842855e+11,1075730,57355,67705.89527,9867864253,1077087,1.467911295e+10,90.35548,13628.53043
2023-05-25,0.07086722397,1.394979755e+11,1143443,57039,63659.09723,9885834272,1144812,3.500321007e+10,75.99937827,30575.5094
2023-05-26,0.07097986425,1.395113755e+11,1168878,61843,61328.70079,9902498493,1170218,2.222794776e+10,76.71714972,18994.70676
2023-05-27,0.07283377055,1.395249755e+11,2077710,54885,69499.21999,1.016213005e+10,2079070,1.69918141e+10,6.0533892,8172.795575
2023-05-28,0.07365271105,1.395386455e+11,2021492,54692,66411.25838,1.027739954e+10,2022859,1.522322219e+10,8.9541196,7525.597281
2023-05-29,0.07320884239,1.395520455e+11,1947610,56659,84194.8744,1.02164437e+10,1948950,1.627262229e+10,8.9519445,8349.430354
2023-05-30,0.07237798412,1.395656555e+11,1941501,57622,68285.8033,1.01014808e+10,1942862,1.808878232e+10,6.98858316,9310.379387
2023-05-31,0.07163583293,1.395791755e+11,1907732,58086,60010.25809,9998870496,1909084,1.804737242e+10,6.40783718,9453.419765
2023-06-01,0.07150629788,1.395928055e+11,2029868,67012,74547.45078,9981764731,2031231,2.737796814e+10,18.98039917,13478.51039
2023-06-02,0.07256849224,1.396065655e+11,2013356,60476,73201.03833,1.013103796e+10,2014732,2.692524913e+10,19.11978715,13364.18399
2023-06-03,0.0726748514,1.396200555e+11,2008133,118891,79750.02192,1.014686678e+10,2009482,1.049042518e+10,17.85899834,5220.462379
2023-06-04,0.07259852343,1.396338255e+11,1860122,78359,69680.39639,1.013720955e+10,1861499,1.78702228e+10,16.0100369,9599.909964
2023-06-05,0.06661539494,1.396475655e+11,1956099,99268,99229.92741,9302677727,1957473,1.185727237e+10,17.10063582,6057.43853
2023-06-06,0.07041409187,1.396611855e+11,1999776,103040,68863.4783,9834115546,2001138,1.395656722e+10,12.99615718,6974.315225
2023-06-07,0.06726729284,1.396747455e+11,1995573,77917,63257.21669,9395542007,1996929,7472759829,10.61795247,3742.125949
2023-06-08,0.06795615896,1.396884655e+11,1995229,87709,75700.40644,9492691565,1996601,1.128871191e+10,10.65614321,5653.964871
2023-06-09,0.06946822168,1.397022055e+11,2018223,104452,99306.04235,9704863779,2019597,1.195577445e+10,15.03908,5919.881268
2023-06-10,0.0618897138,1.397157555e+11,2093247,67717,89047.67049,8646968120,2094602,1.359440656e+10,9.82930554,6490.209865
2023-06-11,0.06149791821,1.397293355e+11,2098637,74842,93868.84262,8593063246,2099995,7363986215,9.54429548,3506.668452
2023-06-12,0.0614766635,1.397429955e+11,2133070,75780,91276.58403,8590933110,2134436,1.096992766e+10,12.210118,5139.497114
2023-06-13,0.06163074776,1.397567855e+11,2178042,81332,92555.51319,8613315194,2179421,1.053996485e+10,7.50898758,4836.130722
2023-06-14,0.06035729737,1.397704555e+11,1816286,79135,93340.0888,8436166945,1817653,1.746114111e+10,6.189181,9606.421639
2023-06-15,0.0614570386,1.397839455e+11,1365871,90666,65619.14465,8590707333,1367220,1.567644073e+10,9.44004421,11465.92409
2023-06-16,0.06210205988,1.397976055e+11,1082332,68340,49681.57274,8681719267,1083698,8591254648,6.34312458,7927.720313
2023-06-17,0.06218107619,1.398111755e+11,494248,51743,30391.78049,8693609356,495605,6168174024,5.8246,12445.74616
2023-06-18,0.0620699258,1.398246255e+11,833080,57080,33697.58148,8678904128,834425,5665210702,5.72643634,6789.358783
2023-06-19,0.06232371465,1.398381655e+11,675068,48035,30482.25434,8715233923,676422,5520329478,8.46223588,8161.073232
2023-06-20,0.06299900067,1.398516355e+11,328165,46814,23000.38683,8810513278,329512,7306557213,7.7037625,22173.87292
2023-06-21,0.06578600399,1.398650355e+11,294697,53470,22477.42771,9201161782,296037,8159653609,12.68124704,27562.95196
2023-06-22,0.06568894919,1.398785355e+11,550800,131009,46876.00253,9188474010,552150,8126491919,10.21419949,14717.90622
2023-06-23,0.06813087103,1.398918355e+11,383035,74136,38142.89956,9530952602,384365,7755766821,9.333525,20178.1297
2023-06-24,0.06671460181,1.399052255e+11,306698,51875,27493.23445,9333721409,308037,7310016067,12.862815,23730.9676
2023-06-25,0.0667273405,1.399187555e+11,201898,57084,23745.07127,9336406440,203251,4143210978,10.214465,20384.70157
2023-06-26,0.06467351735,1.399323955e+11,120957,48300,20178.84949,9049920207,122321,9754060593,18.37977,79741.50468
2023-06-27,0.0654695665,1.399460055e+11,104707,48209,18583.59916,9162204313,106068,5703829085,14.38066742,53775.21104
2023-06-28,0.0626093149,1.399596055e+11,156363,122726,44947.2096,8762775013,157723,8514475731,17.52906089,53983.72927
2023-06-29,0.06344132482,1.399731055e+11,91478,46520,20099.52118,8880079252,92828,1.090393576e+10,18.989665,117463.866
2023-06-30,0.06644562339,1.399867255e+11,113851,64201,34800.79311,9301505242,115213,1.256232237e+10,34.6975,109035.6329
2023-07-01,0.06845082428,1.400002755e+11,106608,57435,24449.5449,9583134256,107963,1.141521842e+10,37.52424,105732.6901
2023-07-02,0.0679968372,1.400136055e+11,99607,55626,24935.37916,9520482338,100940,7666829677,46.98528125,75954.3261
2023-07-03,0.06827750659,1.400271055e+11,70106,80272,28358.66813,9560701618,71456,1.119143061e+10,37.93247,156619.8865
2023-07-04,0.06906862605,1.400406755e+11,97066,57319,26085.22906,9672417047,98423,2.216964651e+10,17.10405267,225248.6361
2023-07-05,0.0670581291,1.400540855e+11,110015,49404,23174.05292,9391764945,111356,1.517087278e+10,17.00374,136237.5874
2023-07-06,0.0651669305,1.400676155e+11,85323,45827,22682.89594,9127776563,86676,1.606935334e+10,14.380025,185395.6498
2023-07-07,0.06541502122,1.400811055e+11,74137,47245,22187.74315,9163408488,75486,1.404746371e+10,11.76906,186093.6294
2023-07-08,0.0657390573,1.400944255e+11,51811,48846,19064.10708,9209675465,53143,1.309158263e+10,18.514641,246346.3227
2023-07-09,0.06538547099,1.401081955e+11,35986,43521,17194.63153,9161040351,37363,1.369851656e+10,56.48685,366633.2082
2023-07-10,0.06521108089,1.401215955e+11,70966,47291,19087.73503,9137480698,72306,1.734682624e+10,19.89462,239908.5309
2023-07-11,0.06528491847,1.401351755e+11,52764,45658,21078.60182,9148713507,54122,1.485709311e+10,18.377,274511.162
2023-07-12,0.06488274965,1.401486455e+11,38948,46546,21446.53415,9093229479,40295,1.462061645e+10,63.9952,362839.4701
2023-07-13,0.07037406157,1.401621955e+11,71191,52234,26266.16953,9863782975,72546,1.945618169e+10,17.08906,268190.9643
2023-07-14,0.06841815836,1.401755155e+11,123095,61285,27372.14119,9590550617,124427,2.684296283e+10,16.91144,215732.6209
2023-07-15,0.07190810445,1.401888755e+11,116182,48942,22699.33534,1.00807163e+10,117518,2.696975036e+10,16.52354,229494.6337
2023-07-16,0.06954179044,1.402025055e+11,105250,46087,19949.28266,9749933255,106613,1.940328868e+10,16.551102,181997.3988
2023-07-17,0.06991605772,1.402159555e+11,72632,52082,19929.91375,9803346838,73977,2.328181113e+10,4.71405,314716.8868
2023-07-18,0.06856209528,1.402293555e+11,52111,46411,20777.18491,9614418431,53451,2.014776834e+10,19.99322,376939.0345
2023-07-19,0.07016383044,1.402429155e+11,49194,49416,21720.02015,9839980142,50550,1.786306024e+10,33.37555,353374.0898
2023-07-20,0.0705042083,1.402564655e+11,166491,63927,27978.17939,9888671057,167846,2.582691224e+10,8.7883,153872.6704
2023-07-21,0.07332331007,1.402699255e+11,222287,68280,29138.62902,1.028505524e+10,223633,3.624955315e+10,38.783156,162093.9358
2023-07-22,0.07027721764,1.402835155e+11,327587,53525,27110.92172,9858735149,328946,2.388383762e+10,11.8764635,72607.16841
2023-07-23,0.07185405369,1.402971955e+11,410714,47276,24904.82082,1.008092222e+10,412082,2.15180735e+10,20.11269583,52217.94086
2023-07-24,0.07434764301,1.403107755e+11,474202,77977,46166.09725,1.043177545e+10,475560,3.15851673e+10,14.2933597,66416.78715
2023-07-25,0.08157313098,1.403239455e+11,441698,69826,38462.28865,1.144666359e+10,443015,3.477476164e+10,15.90537,78495.67541
2023-07-26,0.07796403555,1.403376155e+11,522815,51254,31870.78521,1.094128684e+10,524182,3.012823104e+10,28.4088675,57476.66086
2023-07-27,0.07754703302,1.403511055e+11,744490,66060,40585.88387,1.088381181e+10,745839,2.922878488e+10,48.9365575,39189.13449
2023-07-28,0.07735706728,1.403645655e+11,752827,51454,34876.26374,1.085819114e+10,754173,2.684601851e+10,35.88594116,35596.63169
2023-07-29,0.08028393234,1.403779055e+11,630674,51474,31418.09361,1.127009027e+10,632008,2.398926716e+10,48.43395809,37957.22072
2023-07-30,0.07803023017,1.403914655e+11,738471,55338,33960.45068,1.095477837e+10,739827,2.066329179e+10,41.55938054,27929.89684
2023-07-31,0.07781821593,1.404049155e+11,657964,49062,28816.05341,1.092606003e+10,659309,2.034798624e+10,36.3738,30862.59439
2023-08-01,0.07782627674,1.404183855e+11,516792,55250,29533.67839,1.092824013e+10,518139,2.0033378e+10,49.82095,38664.09978
2023-08-02,0.0741420279,1.404318855e+11,498696,52493,29832.96713,1.041190477e+10,500046,2.925838064e+10,40.26670491,58511.37824
2023-08-03,0.07368857821,1.404452755e+11,493108,47353,31112.08659,1.034921267e+10,494447,3.299986774e+10,29.180525,66740.96058
2023-08-04,0.07339620938,1.404585255e+11,423374,49385,30357.90605,1.030912335e+10,424699,2.727838406e+10,22.6597,64229.92299
2023-08-05,0.0756354875,1.404718955e+11,193208,45319,22834.87558,1.06246603e+10,194545,1.871575752e+10,35.85417295,96202.71669
2023-08-06,0.0741910118,1.404852555e+11,91355,45058,18824.00486,1.042274325e+10,92691,1.639595555e+10,24.894759,176888.3231
2023-08-07,0.07332968801,1.404988055e+11,233727,47370,22110.59834,1.030273357e+10,235082,2.087909793e+10,37.73895,88816.23405
2023-08-08,0.07497791442,1.405123355e+11,262358,47289,22902.97724,1.053532186e+10,263711,2.036151755e+10,24.35985,77211.48361
2023-08-09,0.07531786676,1.405256455e+11,304677,50776,27208.55011,1.058409184e+10,306008,1.978931665e+10,24.87935,64669.27875
2023-08-10,0.07573647783,1.405390755e+11,513241,48024,29799.0039,1.064393457e+10,514584,1.988430615e+10,50.508975,38641.51655
2023-08-11,0.0756659436,1.405524255e+11,571590,44392,26410.71259,1.06350319e+10,572925,2.095491226e+10,44.143275,36575.31485
2023-08-12,0.076717801,1.405659355e+11,227940,45586,21010.84511,1.078390947e+10,229291,2.161887478e+10,7.88626,94285.75381
2023-08-13,0.07472167796,1.405794555e+11,310772,41752,20913.31027,1.05043328e+10,312124,1.651993371e+10,21.658625,52927.47019
2023-08-14,0.07476072431,1.405927755e+11,526344,43945,25786.45165,1.051081773e+10,527676,2.107730371e+10,41.655465,39943.64668
2023-08-15,0.07079612737,1.406062955e+11,531154,45696,26963.31155,9954381204,532506,2.504576234e+10,43.61051,47033.76551
2023-08-16,0.06712863877,1.406197455e+11,577515,49360,27449.02534,9439612098,578860,2.452106707e+10,17.40428114,42360.96306
2023-08-17,0.0613200564,1.406331555e+11,441107,77889,27512.48911,8623633026,442448,2.384820299e+10,23.009685,53900.57813
2023-08-18,0.06317783709,1.406464455e+11,69266,51142,22749.43313,8885738221,70595,2.913791676e+10,10.5499,412747.5991
2023-08-19,0.06374397392,1.406599755e+11,77799,79048,25104.20561,8966225810,79152,2.268702512e+10,15.98,286626.0502
2023-08-20,0.06378100596,1.406735155e+11,196387,43170,18862.35414,8972298330,197741,1.772089078e+10,5.49216,89616.67423
2023-08-21,0.0625301623,1.406869455e+11,143111,44299,18831.95579,8797177534,144454,1.837544758e+10,2.61108,127206.2219
2023-08-22,0.06253667332,1.407003055e+11,254635,44764,24187.04041,8798929040,255971,1.885893226e+10,1.76149333,73676.05026
2023-08-23,0.06374367423,1.407138255e+11,27880,44886,19426.63148,8969616251,29232,1.954136144e+10,320.7348985,668492.1127
2023-08-24,0.06299571622,1.407273155e+11,30355,44988,18274.16064,8865218031,31704,1.694711273e+10,140.6019976,534541.7843
2023-08-25,0.06304064582,1.407406355e+11,105979,43089,18744.71449,8872380554,107311,1.696568812e+10,2.71785333,158098.3135
2023-08-26,0.06283681856,1.407540455e+11,26110,40861,17288.15836,8844536418,27451,1.553655117e+10,353.6659537,565973.9598
2023-08-27,0.06313148555,1.407676655e+11,20327,39203,15292.59353,8886871839,21689,1.276167775e+10,839.0053036,588394.0131
2023-08-28,0.06345314353,1.407812655e+11,22295,43186,16933.59102,8933013846,23655,1.541736648e+10,680.732015,651759.3099
2023-08-29,0.06632067431,1.407948455e+11,34795,49627,19104.48101,9337609092,36153,2.139324934e+10,93.6198635,591742.0224
2023-08-30,0.0658419715,1.408082355e+11,36426,47132,18979.85614,9271091828,37765,2.199858977e+10,72.80321148,582512.6379
2023-08-31,0.06378656253,1.408216555e+11,65078,54244,20292.55971,8982529333,66420,2.050470634e+10,15.861,308712.8326
2023-09-01,0.06378377814,1.408350755e+11,53868,51477,19930.87468,8982993209,55210,1.63300068e+10,42.386225,295779.8732
2023-09-02,0.0634678325,1.408484755e+11,45569,42780,17707.80608,8939347449,46909,1.615812065e+10,49.3708,344456.728
2023-09-03,0.06314384321,1.408619255e+11,35820,44779,17329.67833,8894563337,37165,1.143913995e+10,84.00529709,307793.3526
2023-09-04,0.06311927019,1.408753455e+11,28126,43661,16624.5518,8891948995,29468,1.851931951e+10,207.9956317,628455.2567
2023-09-05,0.06398566042,1.408889655e+11,85758,44111,16978.68298,9014873502,87120,1.712298854e+10,18.2809635,196544.8638
2023-09-06,0.06357788718,1.409023555e+11,116327,43687,18581.27111,8958274060,117666,2.049646561e+10,12.91852516,174191.9128
2023-09-07,0.06355606107,1.409158055e+11,32806,43928,17533.30512,8956053539,34151,1.730653057e+10,90.60032612,506764.9723
2023-09-08,0.06364833586,1.409291955e+11,50364,42317,18166.49554,8969908767,51703,1.675242988e+10,17.79386522,324012.7243
2023-09-09,0.06338466123,1.409425855e+11,56108,42651,17847.6115,8933598034,57447,1.673881476e+10,9.443076,291378.3967
2023-09-10,0.06132659577,1.409561055e+11,65054,41029,16837.24656,8644358102,66406,1.82644972e+10,16.62958372,275042.8756
2023-09-11,0.06038521556,1.409695855e+11,47150,42672,17435.69941,8512478806,48498,1.696763784e+10,13.77884297,349862.6302
2023-09-12,0.06092333376,1.409833155e+11,84006,47235,16819.48005,8589173584,85379,1.697831377e+10,6.93925172,198858.1942
2023-09-13,0.06125407196,1.409968055e+11,58481,42002,16281.85126,8636628469,59830,1.876901283e+10,4.89563872,313705.7134
2023-09-14,0.06210362245,1.410103155e+11,52493,41178,16810.92938,8757251394,53844,1.631051024e+10,23.752247,302921.5928
2023-09-15,0.06259515662,1.410238255e+11,40972,43838,17914.02477,8827408444,42323,1.772102898e+10,61.23061529,418709.1885
2023-09-16,0.06210603049,1.410373255e+11,31323,40902,15628.07487,8759268437,32673,1.505300591e+10,170.2320038,460716.9807
2023-09-17,0.06143686729,1.410506155e+11,39296,41091,18912.21102,8665707944,40625,1.48419824e+10,37.4144,365341.1052
2023-09-18,0.06198151989,1.410639755e+11,30322,42933,16972.22213,8743359602,31658,1.620493726e+10,191.0184004,511874.9528
2023-09-19,0.06269257229,1.410775955e+11,37971,44392,16559.11976,8844517354,39333,1.449647838e+10,76.98167661,368557.6585
2023-09-20,0.06261084004,1.410910755e+11,71073,48628,17746.33192,8833830759,72421,1.450128973e+10,8.522022,200235.9775
2023-09-21,0.06134016042,1.411042755e+11,50571,46549,18062.81774,8655358895,51891,1.611443507e+10,51.39089498,310543.9299
2023-09-22,0.06152284713,1.411175655e+11,80292,44317,17795.78792,8681954408,81621,1.551723184e+10,21.12088,190113.2287
2023-09-23,0.06147855427,1.411311855e+11,40155,42712,16083.00666,8676541246,41517,1.447623978e+10,64.14895216,348682.2214
2023-09-24,0.06074969895,1.411446555e+11,31266,41632,15423.56437,8574495329,32613,1.397604615e+10,160.02697,428542.1809
2023-09-25,0.06088949517,1.411581155e+11,26995,41669,15760.03688,8595046390,28341,1.384369417e+10,349.2865176,488468.7967
2023-09-26,0.06050834683,1.411715455e+11,47636,52328,17308.82328,8542056837,48979,1.829603123e+10,32.19,373548.4847
2023-09-27,0.06044666273,1.411851255e+11,40894,46908,18429.62062,8534169663,42252,1.338325581e+10,86.05273561,316748.4572
2023-09-28,0.06147382412,1.411985755e+11,42256,50896,18360.61711,8680016395,43601,1.733509034e+10,88.64182688,397584.6961
2023-09-29,0.06221294034,1.412121355e+11,43516,48661,21372.04803,8785222160,44872,1.913901495e+10,86.42438626,426524.6691
2023-09-30,0.06212886375,1.412254655e+11,44053,43874,18120.44644,8774177703,45386,1.894315704e+10,163.7024984,417378.8621
2023-10-01,0.06320132521,1.412391155e+11,51842,45375,19317.07839,8926499270,53207,2.173952281e+10,184.54895,408583.8857
2023-10-02,0.06204282452,1.412525655e+11,33342,47583,18989.17317,8763708133,34687,2.210714667e+10,307.8461273,637332.334
2023-10-03,0.06138321813,1.412661155e+11,31341,46469,19083.97503,8671368781,32696,2.165873461e+10,309.9646869,662427.6549
2023-10-04,0.06151572097,1.412795755e+11,32594,46258,17929.4562,8690914945,33940,2.231745007e+10,158.8429158,657555.9831
2023-10-05,0.06093940545,1.412930855e+11,36084,45493,18438.99486,8610316623,37435,1.845468741e+10,175.98475,492979.4955
2023-10-06,0.0613970407,1.413067655e+11,41355,44739,17861.75593,8675817231,42723,1.826905794e+10,94.54252758,427616.4581
2023-10-07,0.06145618155,1.413203055e+11,36723,46407,17801.55142,8685006350,38077,1.52708201e+10,201.1426697,401051.0308
2023-10-08,0.06097255061,1.413336855e+11,47068,44095,16755.18511,8617475292,48406,1.499089174e+10,63.61870294,309690.7768
2023-10-09,0.05871084767,1.413471855e+11,30453,45090,17964.95367,8298613075,31803,2.323895271e+10,361.0816407,730715.7411
2023-10-10,0.05905759816,1.413605155e+11,27685,53080,18330.05281,8348412519,29018,1.671180521e+10,519.494168,575911.6828
2023-10-11,0.05841259902,1.413739655e+11,35257,50877,16993.23729,8258020758,36602,1.789318783e+10,99.95522148,488858.1997
2023-10-12,0.0578591589,1.413874355e+11,27644,43961,16848.98429,8180558097,28991,1.465157507e+10,397.4248364,505383.5698
2023-10-13,0.058345622,1.414010455e+11,28656,44772,17282.23965,8250131950,30017,2.001037938e+10,312.3642981,666634.8861
2023-10-14,0.05987070506,1.414145555e+11,22320,41147,16323.70869,8466589142,23671,1.885245336e+10,1248.256885,796436.7099
2023-10-15,0.0593204505,1.414279755e+11,32303,41450,15345.83132,8389571219,33645,1.729743512e+10,136.9775045,514116.0684
2023-10-16,0.0600882445,1.414414855e+11,30095,44434,17492.64018,8498970562,31446,1.99260164e+10,258.1077745,633658.2203
2023-10-17,0.05910056395,1.414549555e+11,35179,48943,18354.00949,8360067642,36526,2.06910213e+10,101.6361931,566473.7803
2023-10-18,0.05864657244,1.414686155e+11,44260,42275,15603.34167,8296649406,45626,1.839894178e+10,51.029224,403255.6389
2023-10-19,0.05883386639,1.414822455e+11,31613,42347,16209.59821,8323947527,32976,2.082337015e+10,165.65755,631470.468
2023-10-20,0.05999086348,1.414956355e+11,57895,46895,18143.48397,8488445351,59234,1.247771611e+10,36.72883,210651.2494
2023-10-21,0.06116941591,1.415091255e+11,49459,43522,15792.45625,8656030552,50808,1.134976646e+10,38.681425,223385.4208
2023-10-22,0.06162044751,1.415226755e+11,34091,44382,15172.59931,8720690596,35446,1.177650456e+10,123.9879699,332237.8989
2023-10-23,0.06695786262,1.415361955e+11,32255,49923,17746.49955,9476961134,33607,1.980646769e+10,399.7248385,589355.4225
2023-10-24,0.0665480642,1.415496955e+11,27974,55402,19494.77774,9419858222,29324,1.872551976e+10,1416.66832,638573.1742
2023-10-25,0.0684132058,1.415632455e+11,26714,49362,17504.64869,9684795448,28069,1.766960467e+10,1017.794558,629506.0271
2023-10-26,0.07182432161,1.415766155e+11,42344,48359,20724.00319,1.016864436e+10,43681,2.100862613e+10,94.11415531,480955.7045
2023-10-27,0.06780933911,1.415901155e+11,27141,45951,16855.92972,9601132155,28491,1.438055026e+10,825.1208872,504740.1025
2023-10-28,0.06897197561,1.416035055e+11,23078,42375,15940.82696,9766673526,24417,9535320107,1115.849555,390519.7243
2023-10-29,0.06943482953,1.416170055e+11,59766,41975,15381.89128,9833152635,61116,9628931078,8.155415,157551.7226
2023-10-30,0.06962646016,1.416304255e+11,32263,44831,15874.32136,9861225178,33605,9808423655,157.7695241,291873.9371
2023-10-31,0.06810144849,1.416439055e+11,26815,46692,16784.68141,9646155134,28163,1.135104219e+10,733.8116335,403048.0485
2023-11-01,0.06873384845,1.416574555e+11,28577,48283,17265.44229,9736662078,29932,1.057179508e+10,732.6076869,353193.7419
2023-11-02,0.06786207974,1.416710455e+11,27025,46291,17495.32056,9614091786,28384,1.058510947e+10,928.5559722,372925.2208
2023-11-03,0.06810594969,1.416845655e+11,29180,44617,17939.82909,9649561888,30532,8597443953,597.3143566,281587.9717
2023-11-04,0.06913224508,1.416981255e+11,33552,44038,16503.26924,9795909539,34908,1.25022328e+10,375.5739704,358148.0691
2023-11-05,0.07123358401,1.417116355e+11,62862,46404,16215.06344,1.009462769e+10,64213,1.429932683e+10,20.0222,222685.8554
2023-11-06,0.07606320045,1.417250755e+11,104170,51383,21604.18653,1.078006283e+10,105514,2.125250856e+10,9.387765,201418.8502
2023-11-07,0.0734382378,1.417385555e+11,189625,62915,28616.71836,1.040902974e+10,190973,1.892859419e+10,5.8869785,99116.59862
2023-11-08,0.07561874455,1.417520255e+11,306464,58955,30625.82537,1.07191102e+10,307811,1.48345964e+10,8.1986895,48193.84753
2023-11-09,0.07311498152,1.417653755e+11,129510,59071,27846.0545,1.036517281e+10,130845,1.757435297e+10,14.8212,134314.2877
2023-11-10,0.07533011807,1.417787855e+11,159463,55575,28924.98765,1.068021265e+10,160804,1.150463188e+10,4.337675,71544.43846
2023-11-11,0.07807999591,1.417923355e+11,231648,56560,29419.55141,1.107114497e+10,233003,1.458723383e+10,5.17392811,62605.34772
2023-11-12,0.07789674431,1.418057955e+11,262255,105794,81999.78315,1.104620979e+10,263601,1.110413663e+10,11.372472,42124.78949
2023-11-13,0.07480589168,1.418191055e+11,121424,61888,27893.82183,1.060890464e+10,122755,1.310693253e+10,34.55729914,106773.1052
2023-11-14,0.07256218994,1.418324955e+11,174590,66599,32500.44245,1.029167648e+10,175929,1.2240977e+10,5.50406649,69579.07453
2023-11-15,0.07620284728,1.418460755e+11,204529,71291,34912.48798,1.080907483e+10,205887,1.194460912e+10,7.39260001,58015.36338
2023-11-16,0.07827827664,1.418595755e+11,128304,63507,30311.75517,1.110452309e+10,129654,1.857110056e+10,19.18637947,143235.8474
2023-11-17,0.08597606876,1.418731955e+11,179260,60159,33188.93185,1.219769961e+10,180622,2.702404796e+10,13.84605498,149616.5914
2023-11-18,0.08025792732,1.418866355e+11,358381,65670,34894.2207,1.138752728e+10,359725,1.289546449e+10,14.27507401,35848.11869
2023-11-19,0.0804061335,1.419001355e+11,578705,67290,40843.01043,1.140964124e+10,580055,1.359972369e+10,5.641841,23445.57617
2023-11-20,0.07783767745,1.419135055e+11,488289,90097,48272.42943,1.104621767e+10,489626,1.796062909e+10,9.76897202,36682.34344
2023-11-21,0.07223178195,1.419269555e+11,468797,69814,40555.01765,1.02516369e+10,470142,2.199606199e+10,9.34006712,46785.99655
2023-11-22,0.07570002556,1.419403455e+11,915746,100824,51301.10812,1.074488778e+10,917085,1.765374996e+10,0.24610942,19249.85138
2023-11-23,0.07619686763,1.419537355e+11,1070490,79356,52022.6749,1.081642999e+10,1071829,1.370838778e+10,4.493875,12789.71532
2023-11-24,0.07822917329,1.419670655e+11,1045937,83755,61251.78714,1.110596617e+10,1047270,1.468355754e+10,4.416294,14020.79458
2023-11-25,0.0789063593,1.419806255e+11,1294835,107925,90422.51717,1.120317425e+10,1296191,1.240604604e+10,5.093044,9571.155827
2023-11-26,0.07844695847,1.419941755e+11,1702332,168162,153823.895,1.113901119e+10,1703687,1.281244032e+10,3.7693,7520.419137
2023-11-27,0.07858177349,1.420078455e+11,1626173,220996,241934.6549,1.115922835e+10,1627540,1.691657997e+10,3.278425,10393.95651
2023-11-28,0.08072224058,1.420213755e+11,1241080,134023,191648.9381,1.146428364e+10,1242433,1.738976048e+10,2.5404376,13996.53783
2023-11-29,0.0805534656,1.420348855e+11,950845,81108,79158.98846,1.144140226e+10,952196,1.759110825e+10,10.71448,18474.25137
2023-11-30,0.08334889858,1.420484355e+11,895928,108350,65914.76219,1.183958064e+10,897283,1.468388258e+10,9.629105,16364.82869
2023-12-01,0.08390285656,1.420616855e+11,799595,137165,57310.22609,1.191938122e+10,800920,1.755858963e+10,6.83769,21923.02556
2023-12-02,0.08628577918,1.420749555e+11,524498,59982,39027.57776,1.225904824e+10,525825,1.076298366e+10,15.99469504,20468.75607
2023-12-03,0.08567632188,1.420885155e+11,1302618,81748,62792.54929,1.217362139e+10,1303974,1.29543141e+10,6.405655,9934.488034
2023-12-04,0.09146158197,1.421019155e+11,1456633,92724,88753.58931,1.299686599e+10,1457973,1.765207976e+10,4.9242925,12107.2748
2023-12-05,0.0941036291,1.421150755e+11,503153,99677,49043.47339,1.337354435e+10,504469,2.039655478e+10,9.06622228,40431.73075
2023-12-06,0.09491047053,1.421284755e+11,544994,137218,70586.93592,1.348948048e+10,546334,2.74099321e+10,8.65217761,50170.65036
2023-12-07,0.09558224196,1.421418155e+11,874029,108189,66486.92721,1.35862334e+10,875363,2.167216248e+10,7.74227385,24757.9147
2023-12-08,0.1013630478,1.421554455e+11,1495218,155705,208585.4869,1.440930921e+10,1496581,1.774072208e+10,6.89485136,11854.16765
2023-12-09,0.09862254222,1.421690155e+11,1416510,129491,211687.5403,1.402106973e+10,1417867,1.560202523e+10,8.27706289,11003.87077
2023-12-10,0.1017548049,1.421824655e+11,1220165,126349,151684.2659,1.446774904e+10,1221510,1.463086426e+10,7.282365,11977.68684
2023-12-11,0.09418232862,1.421959055e+11,819137,96587,156087.3464,1.33923415e+10,820481,1.757775299e+10,24.84012964,21423.71729
2023-12-12,0.09379460041,1.422093755e+11,615120,157519,493904.7794,1.333847155e+10,616467,1.425621297e+10,14.689325,23125.67091
2023-12-13,0.09653232962,1.422228255e+11,736656,110404,164745.031,1.372910067e+10,738001,1.347991898e+10,9.23644003,18265.44812
2023-12-14,0.09821386385,1.422364655e+11,1076930,182900,585547.2035,1.396959286e+10,1078294,1.430351768e+10,15.03,13264.95156
2023-12-15,0.09297964818,1.422499655e+11,1080302,147998,219625.0327,1.322635174e+10,1081652,1.458823814e+10,9.211319,13486.99779
2023-12-16,0.09661110345,1.422634355e+11,1289504,193568,291441.6182,1.374422748e+10,1290851,1.543258676e+10,9.90396275,11955.35872
2023-12-17,0.09284719412,1.422769655e+11,1300829,199949,253442.434,1.321001703e+10,1302182,1.639517787e+10,8.26145,12590.54254
2023-12-18,0.09200717806,1.422904855e+11,1270239,182094,191224.9456,1.309174603e+10,1271591,1.368124758e+10,5.62955,10759.15729
2023-12-19,0.09013970223,1.423040255e+11,1305802,275599,545512.2904,1.282724248e+10,1307156,1.468445316e+10,10.01,11233.89493
2023-12-20,0.09131304105,1.423176355e+11,873240,152018,218308.7201,1.299545609e+10,874601,1.304343925e+10,9.1459005,14913.58832
2023-12-21,0.09500475185,1.423312655e+11,1085974,143822,146369.6134,1.352214656e+10,1087337,1.579617867e+10,5.39694,14527.39921
2023-12-22,0.09514856736,1.423448955e+11,1259491,178839,189050.8164,1.354391288e+10,1260854,1.348798789e+10,3.924615,10697.50176
2023-12-23,0.09362323485,1.423585455e+11,1191184,166260,89190.52951,1.332806754e+10,1192549,1.102390077e+10,2.51068,9243.981393
2023-12-24,0.09185985119,1.423720655e+11,1095944,110114,76167.56912,1.307827675e+10,1097296,1.11806977e+10,4.26760202,10189.31783
2023-12-25,0.09450487261,1.423856355e+11,1073410,123919,65614.00323,1.345613634e+10,1074767,1.371725944e+10,2.6885,12763.00764
2023-12-26,0.09131577528,1.423988555e+11,861676,99574,62352.13871,1.300326189e+10,862998,1.488439806e+10,7.20176,17247.31467
2023-12-27,0.09356478757,1.424125455e+11,925079,136530,61256.05987,1.332479957e+10,926448,1.845241017e+10,3.18232116,19917.37278
2023-12-28,0.09198966962,1.424260555e+11,959593,144036,125540.5919,1.310172579e+10,960944,1.711445452e+10,7.21532,17810.04358
2023-12-29,0.09084764741,1.424396455e+11,741234,64220,52012.0913,1.294030669e+10,742593,1.455087903e+10,4.3562,19594.68919
2023-12-30,0.09012841009,1.424532955e+11,758622,77432,80569.29534,1.283908903e+10,759987,1.071602239e+10,6.071305,14100.27065
2023-12-31,0.08925608886,1.424667055e+11,487810,74970,115805.4723,1.271602092e+10,489151,1.030491988e+10,24.97215,21066.95045
2024-01-01,0.0919552987,1.424801855e+11,593529,117940,77528.40188,1.310180802e+10,594877,1.059223811e+10,15.93552,17805.76172
2024-01-02,0.09119320463,1.424934855e+11,810135,95744,44085.00313,1.299443758e+10,811465,1.449297145e+10,3.66809837,17860.25454
2024-01-03,0.08188316294,1.425071355e+11,777438,102435,42387.27716,1.166893499e+10,778803,1.631084275e+10,3.161846,20943.47705
2024-01-04,0.08412709299,1.425205255e+11,935431,96828,46880.77249,1.19898375e+10,936770,1.618064478e+10,1.32938926,17272.80419
2024-01-05,0.08271943055,1.425340855e+11,1055319,116763,44604.82113,1.179033838e+10,1056675,9646245950,0.21304,9128.86739
2024-01-06,0.08043829219,1.425476955e+11,1026463,102208,47004.99953,1.146629318e+10,1027824,1.073371998e+10,0.26016,10443.14978
2024-01-07,0.07788279377,1.425612355e+11,330457,68525,34355.74093,1.11030673e+10,331811,1.135236507e+10,3.49516,34213.34756
2024-01-08,0.08138776473,1.425747355e+11,112409,55288,35631.82111,1.160383903e+10,113759,9683249577,39.11385648,85120.73398
2024-01-09,0.07913089044,1.425881755e+11,174159,55916,44683.67139,1.128312929e+10,175503,1.370987268e+10,10.92270311,78117.59728
2024-01-10,0.0833627573,1.426016755e+11,227357,67985,98334.73804,1.188766886e+10,228707,1.824973385e+10,51.58768876,79795.25704
2024-01-11,0.0845543904,1.426152655e+11,175995,79945,47663.12722,1.205874683e+10,177354,1.648732706e+10,19.99,92962.81484
2024-01-12,0.07996002281,1.426286955e+11,269506,70392,82169.24951,1.140459374e+10,270849,1.511203156e+10,10.372125,55795.04283
2024-01-13,0.08094411215,1.426421755e+11,94208,56575,39858.39123,1.154604425e+10,95556,1.228452478e+10,33.58298494,128558.3823
2024-01-14,0.08004445614,1.426557755e+11,90245,56719,34543.62079,1.141880396e+10,91605,1.391217111e+10,34.9985375,151871.3074
2024-01-15,0.08112294691,1.426693255e+11,105324,67263,39183.53278,1.157375612e+10,106679,1.27200645e+10,24.57071441,119236.8179
2024-01-16,0.08137808804,1.426828155e+11,97824,63362,46350.48671,1.161125472e+10,99173,1.512245791e+10,56.59810622,152485.6353
2024-01-17,0.08033313049,1.426965555e+11,121745,66010,44195.60976,1.146326101e+10,123119,1.439210035e+10,44.53350002,116895.8516
2024-01-18,0.07799791596,1.427099155e+11,95845,66039,59678.1702,1.113107599e+10,97181,1.473877916e+10,86.45534045,151663.1766
2024-01-19,0.0785287732,1.427235455e+11,127178,73214,69329.47919,1.120790493e+10,128541,1.402139887e+10,31.90104,109081.1404
2024-01-20,0.0882604966,1.427368755e+11,90936,65362,55173.35953,1.259802751e+10,92269,1.47854433e+10,57.43626648,160242.8042
2024-01-21,0.08519310924,1.427503755e+11,416320,83704,59679.97207,1.216134833e+10,417670,1.408326451e+10,5.17666666,33718.64034
2024-01-22,0.08033826867,1.427638855e+11,263667,59752,62482.95558,1.146940339e+10,265018,1.720243367e+10,11.8824875,64910.43503
2024-01-23,0.07806759954,1.427774255e+11,451566,58782,58067.45996,1.114629088e+10,452920,1.323698666e+10,4.87108,29225.8824
2024-01-24,0.07900087832,1.427910455e+11,917022,81162,51584.6406,1.128061801e+10,918384,9268254896,3.5222,10091.91678
2024-01-25,0.07789466403,1.428046555e+11,1058856,113674,69995.2901,1.112372066e+10,1060217,8805326663,3.6986,8305.211728
2024-01-26,0.07981096679,1.428183255e+11,1072030,143971,222980.8414,1.139846863e+10,1073397,9048680162,0.63,8429.947319
2024-01-27,0.08013361668,1.428318955e+11,657576,76388,43118.86344,1.144563636e+10,658933,7027555704,3.0422081,10665.05351
2024-01-28,0.07874578331,1.428455255e+11,841726,83213,38583.29429,1.12484828e+10,843089,6033520565,1.13747855,7156.4456
2024-01-29,0.08150855555,1.428589255e+11,955220,286949,62257.73969,1.164422466e+10,956560,9441823489,3.33024,9870.60246
2024-01-30,0.07987005945,1.428723655e+11,1034344,212212,65223.50766,1.141122433e+10,1035688,1.349093205e+10,2.35038364,13026.05809
2024-01-31,0.07873255987,1.428857555e+11,1329658,241963,56572.25076,1.12497613e+10,1330997,1.160502939e+10,0.07168,8719.05
2024-02-01,0.07922010416,1.428993255e+11,1891058,217403,83492.78658,1.132049945e+10,1892415,1.092843943e+10,0.001,5774.864094
2024-02-02,0.0792273046,1.429130355e+11,1799336,564941,123911.8897,1.132261459e+10,1800707,9359590979,0.001,5197.731213
2024-02-03,0.07871652199,1.429265555e+11,1580309,372828,129089.4408,1.125068135e+10,1581661,9832744159,0.001,6216.720371
2024-02-04,0.07820037978,1.429402255e+11,1752432,374795,149983.7862,1.117797992e+10,1753799,1.005392506e+10,0.001,5732.655256
2024-02-05,0.07812950967,1.429537955e+11,1660178,253797,258740.4913,1.116890995e+10,1661535,1.257790595e+10,0.001,7570.051761
2024-02-06,0.07851608134,1.429673455e+11,1724479,321833,231881.6154,1.122523573e+10,1725834,1.335315181e+10,0.001,7737.216793
2024-02-07,0.08003431622,1.429810055e+11,1933601,317889,286674.6627,1.144338701e+10,1934967,9919233275,0.001,5126.306172
2024-02-08,0.07989327063,1.429944655e+11,1851830,318136,317375.5593,1.142429553e+10,1853176,1.324585746e+10,0.011,7147.65217
2024-02-09,0.08155207229,1.430078855e+11,1893652,262864,372366.962,1.166258941e+10,1894994,1.386735831e+10,0.1406,7317.89035
2024-02-10,0.08144302484,1.430214555e+11,1783093,233183,442349.2794,1.164809995e+10,1784450,1.060565745e+10,0.01211,5943.376081
2024-02-11,0.08114158375,1.430348655e+11,1583563,184642,361696.223,1.160607552e+10,1584904,8658385257,0.01101209,5463.034516
2024-02-12,0.08224977474,1.430485355e+11,1309074,101660,123590.8187,1.176570982e+10,1310441,9718724200,2.6573605,7416.376777
2024-02-13,0.08105642251,1.430621855e+11,1691899,144851,171794.3719,1.159610895e+10,1693264,1.204861415e+10,0.011,7115.614664
2024-02-14,0.08563641197,1.430757555e+11,1231619,91214,63494.24351,1.225249434e+10,1232976,1.645980985e+10,7.08464,13349.65956
2024-02-15,0.08535885337,1.430891955e+11,1127291,91941,78637.66749,1.221392966e+10,1128635,1.7530463e+10,5.58525,15532.44672
2024-02-16,0.08594628067,1.431025855e+11,1376375,84290,55867.80775,1.229913498e+10,1377714,1.589430473e+10,3.1130735,11536.72295
2024-02-17,0.08365530332,1.431161655e+11,1530955,91450,53263.76572,1.197242623e+10,1532313,1.18712813e+10,1.16248,7747.295295
2024-02-18,0.08524383918,1.431297555e+11,1612252,154065,58029.85319,1.220092986e+10,1613611,1.361662842e+10,0.00101001,8438.606589
2024-02-19,0.08964062063,1.431434255e+11,1564131,230806,124511.8948,1.28314655e+10,1565498,1.688611485e+10,0.01101012,10786.41739
2024-02-20,0.08620371371,1.431571955e+11,1493178,165544,118301.9838,1.234068189e+10,1494555,1.766309706e+10,0.05726,11818.29847
2024-02-21,0.08454474592,1.431707555e+11,1601589,190903,100065.9341,1.210433515e+10,1602945,1.235676298e+10,0.011001,7708.787872
2024-02-22,0.08413492914,1.431844855e+11,1708151,171979,101766.2388,1.204681654e+10,1709524,1.169284676e+10,0.0951,6839.826034
2024-02-23,0.08430576343,1.431978155e+11,1705256,187361,123755.806,1.207240116e+10,1706589,9336842933,0.0108012,5471.055382
2024-02-24,0.08612550325,1.432114655e+11,1819066,190643,142868.8595,1.233415954e+10,1820431,9091236998,0.011,4994.002518
2024-02-25,0.08613345623,1.432251055e+11,1830109,173244,198137.0559,1.233647335e+10,1831473,6310203072,0.01100101,3445.425115
2024-02-26,0.08956154365,1.432386755e+11,1851609,184865,194783.2535,1.282867689e+10,1852966,1.357779851e+10,0.01,7327.602617
2024-02-27,0.09829076935,1.432524055e+11,1730645,230698,246679.1788,1.408038915e+10,1732018,2.267147477e+10,0.001,13089.63
2024-02-28,0.1168849554,1.432659955e+11,1661581,174769,279489.8437,1.674563949e+10,1662940,3.310532715e+10,0.001,19907.70993
2024-02-29,0.1182233043,1.432795955e+11,1755964,195655,327769.2011,1.693898722e+10,1757324,3.475179605e+10,0.001,19775.40627
2024-03-01,0.140244177,1.432931855e+11,1872583,179439,290155.9948,2.009603486e+10,1873942,2.499106791e+10,0.001,13336.09467
2024-03-02,0.1428339944,1.433067555e+11,1132321,155171,116477.8176,2.046907631e+10,1133678,2.3281012e+10,3.29044215,20535.8241
2024-03-03,0.1540760802,1.433203555e+11,1783166,172808,135883.0983,2.208223858e+10,1784526,2.076292454e+10,0.001,11634.98012
2024-03-04,0.1823506684,1.433340755e+11,1979819,197617,197824.5303,2.613706447e+10,1981191,3.332239173e+10,0.001,16819.37367
2024-03-05,0.1539664559,1.433476955e+11,2033990,208938,239580.6987,2.207073663e+10,2035352,4.017639513e+10,0.001,19739.28594
2024-03-06,0.1583619163,1.433613955e+11,2102443,209110,242829.5103,2.270298532e+10,2103813,2.701772221e+10,0.001,12842.26412
2024-03-07,0.1569905503,1.433748855e+11,1908616,213072,219275.3065,2.250850217e+10,1909965,1.653375851e+10,0.001,8656.576694
2024-03-08,0.1653163891,1.433885055e+11,1754706,152127,255013.2913,2.370446997e+10,1756068,1.98692513e+10,0.001,11314.62523
2024-03-09,0.1793482131,1.434021955e+11,1605562,148178,252833.3736,2.571892751e+10,1606931,1.670740861e+10,0.001,10397.09148
2024-03-10,0.1690869021,1.434159155e+11,1798583,153745,258101.1588,2.424975285e+10,1799955,1.087843266e+10,0.001,6043.724794
2024-03-11,0.1810219407,1.434295255e+11,1534028,149424,230608.8913,2.596389105e+10,1535389,1.595182801e+10,0.00100101,10389.43747
2024-03-12,0.1677944042,1.434430755e+11,1376057,141378,108989.7663,2.406894539e+10,1377412,1.471764336e+10,0.01101011,10684.9972
2024-03-13,0.1691957605,1.434566555e+11,1097385,132305,131099.2652,2.427225792e+10,1098743,1.263107153e+10,0.00100101,11495.92901
2024-03-14,0.1774580075,1.434703455e+11,996824,112898,132077.7294,2.545996165e+10,998193,2.748136553e+10,0.00303031,27531.11426
2024-03-15,0.1629856994,1.434838255e+11,808989,89666,104767.5304,2.338581164e+10,810337,1.722320593e+10,0.06998176,21254.37433
2024-03-16,0.1416724587,1.434974955e+11,891838,106772,108677.3999,2.0329643e+10,893205,1.269790982e+10,0.001,14216.1204
2024-03-17,0.1538394168,1.435109355e+11,896271,108707,118677.0059,2.207763863e+10,897615,1.146745354e+10,0.00100101,12775.47004
2024-03-18,0.1443020658,1.435243055e+11,675118,83026,100824.9922,2.071085377e+10,676455,1.082430569e+10,0.00201011,16001.51627
2024-03-19,0.128396256,1.435379555e+11,300784,79296,52457.7669,1.842973608e+10,302149,1.224230504e+10,1.99819047,40517.44353
2024-03-20,0.1514665222,1.435514955e+11,304857,60875,48534.30176,2.174324577e+10,306211,9828172632,3.88602499,32096.07961
2024-03-21,0.1549986811,1.435650255e+11,243742,58936,50358.65318,2.22523896e+10,245095,1.383530615e+10,3.251,56448.74905
2024-03-22,0.152145344,1.435785555e+11,349909,58980,61374.46921,2.184480872e+10,351262,1.449066683e+10,1.501,41253.15812
2024-03-23,0.1630950748,1.435919455e+11,273719,59853,48516.527,2.34191391e+10,275058,1.227229646e+10,1.501,44617.12244
2024-03-24,0.176718238,1.436053655e+11,323142,62832,57732.05089,2.537768716e+10,324484,9891003827,2.2562,30482.25437
2024-03-25,0.1756283308,1.436188155e+11,328432,68122,54104.43803,2.522353284e+10,329777,1.99428417e+10,1.501,60473.7192
2024-03-26,0.1822483491,1.436323155e+11,393451,68402,48652.24565,2.617675237e+10,394801,2.420534186e+10,1.501,61310.23443
2024-03-27,0.1891253766,1.436456855e+11,445360,66086,42258.22794,2.716704436e+10,446697,2.383308334e+10,0.001,53354.02597
2024-03-28,0.2197304623,1.436592055e+11,653798,89135,69828.04261,3.156630363e+10,655150,3.993852507e+10,0.001,60960.88693
2024-03-29,0.2128751266,1.436727055e+11,371922,73827,57221.31546,3.058434537e+10,373272,2.384117033e+10,0.001,63870.77074
2024-03-30,0.1997039348,1.436862455e+11,348104,61350,38059.94413,2.86947086e+10,349458,1.121104248e+10,0.11296272,32081.23003
2024-03-31,0.2201923841,1.436998455e+11,313195,66409,38369.11177,3.164161157e+10,314555,1.267771743e+10,1.501,40303.65892
2024-04-01,0.2055961925,1.437133755e+11,357729,89257,47308.05977,2.954692281e+10,359082,2.407723591e+10,0.001,67052.19396
2024-04-02,0.1831686381,1.437267655e+11,201537,73333,44186.1119,2.632623589e+10,202876,3.472690112e+10,0.001,171173.0373
2024-04-03,0.1759347725,1.437403655e+11,144535,60004,47568.46543,2.52889285e+10,145895,2.037275166e+10,0.001,139639.8208
2024-04-04,0.1794719062,1.437538855e+11,182699,55503,57068.72092,2.579978385e+10,184051,1.747603019e+10,0.001,94952.10668
2024-04-05,0.1777714735,1.437673855e+11,235843,58631,53504.6652,2.555773996e+10,237193,1.424544037e+10,1.501,60058.435
2024-04-06,0.1861504351,1.437806755e+11,270559,55260,48359.94473,2.67648353e+10,271888,1.269689364e+10,2.95445,46698.98504
2024-04-07,0.1992231817,1.437939755e+11,528212,62100,72348.83132,2.864709331e+10,529542,1.335278112e+10,0.132,25215.71682
2024-04-08,0.2028256613,1.438074155e+11,278400,69797,40303.29868,2.916783414e+10,279744,1.875571962e+10,0.14908,67046.01215
2024-04-09,0.1883275817,1.438210055e+11,272224,59931,41704.44815,2.708546217e+10,273583,1.468711711e+10,1.501,53684.31922
2024-04-10,0.1998963397,1.438345455e+11,340410,56097,39778.95038,2.875199916e+10,341764,1.533079159e+10,0.001,44857.83051
2024-04-11,0.1938726724,1.438479455e+11,420269,57587,38801.7778,2.788818561e+10,421609,1.500084541e+10,0.001,35579.99334
2024-04-12,0.1742940681,1.438614655e+11,296339,60453,38284.06188,2.507420006e+10,297691,1.663168516e+10,3.055375,55868.95525
2024-04-13,0.1538014261,1.438750655e+11,332824,59088,38877.87145,2.212819026e+10,334184,1.705228093e+10,0.001,51026.62284
2024-04-14,0.1628857907,1.438885255e+11,389326,55394,36147.88523,2.343739625e+10,390672,1.253808827e+10,0.001,32093.64446
2024-04-15,0.1615900584,1.439021555e+11,552375,60353,45178.01886,2.325315771e+10,553738,1.20974811e+10,0.001,21846.94042
2024-04-16,0.1564374765,1.439156255e+11,672195,64272,37397.8197,2.251379728e+10,673542,9443759604,0.001,14021.04042
2024-04-17,0.1476731566,1.439290755e+11,714080,57734,38594.56435,2.12544609e+10,715425,7758976130,0.001,10845.26838
2024-04-18,0.1521458079,1.439427055e+11,624296,66239,37266.10411,2.190027922e+10,625659,7168780913,0.001,11457.96818
2024-04-19,0.154800288,1.439561955e+11,663071,58343,37251.07459,2.228446052e+10,664420,1.172358852e+10,1.65184338,17644.84592
2024-04-20,0.1626848969,1.439695755e+11,831076,55787,44591.69759,2.342167555e+10,832414,7799889454,0.001,9370.204555
2024-04-21,0.1582329135,1.439831255e+11,667473,53605,36174.81196,2.278286944e+10,668828,8083765630,0.001,12086.46413
2024-04-22,0.1615360844,1.439966955e+11,566259,56728,42716.92105,2.326066235e+10,567616,8865786159,0.001,15619.338
2024-04-23,0.1598175473,1.440102755e+11,757136,60928,40018.37889,2.301536901e+10,758494,7572292238,0.001,9983.325165
2024-04-24,0.1510340065,1.440234555e+11,618380,57773,38484.28235,2.175243951e+10,619698,8614641101,0.001,13901.35373
2024-04-25,0.1515970267,1.440369055e+11,617778,55346,40546.9637,2.18355666e+10,619123,6658087268,0.001,10754.06223
2024-04-26,0.1477640499,1.440502955e+11,592766,54959,43134.3319,2.128545505e+10,594105,2.085106243e+10,0.001,35096.59475
2024-04-27,0.1477206203,1.440639655e+11,641665,52942,38955.58373,2.128121834e+10,643032,5562006563,0.001,8649.657502
2024-04-28,0.1466737519,1.440776155e+11,481739,53972,38201.20203,2.113240442e+10,483104,6489337016,0.001,13432.58805
2024-04-29,0.1438658258,1.440911555e+11,292289,49912,31851.74491,2.072979307e+10,293643,7460893580,0.001,25408.04167
2024-04-30,0.1331674866,1.441048355e+11,179939,54376,31772.45222,1.919007875e+10,181307,1.036085719e+10,0.001,57145.37879
2024-05-01,0.1298511404,1.441182655e+11,376017,65762,42288.94036,1.871392112e+10,377360,1.245854512e+10,0.001,33015.0125
2024-05-02,0.1324304621,1.441315755e+11,430519,67370,44459.93826,1.908741115e+10,431850,1.021016956e+10,0.001,23642.86108
2024-05-03,0.1465405896,1.441450355e+11,253895,57225,43011.68132,2.112309849e+10,255241,8974488337,0.001,35160.84147
2024-05-04,0.1601304338,1.441586955e+11,324783,53895,53213.2262,2.308419444e+10,326149,9151674639,0.001,28059.79672
2024-05-05,0.1607735723,1.441721455e+11,224726,52124,27706.47223,2.317907085e+10,226071,7970844328,0.001,35258.14602
2024-05-06,0.1566516544,1.441856055e+11,210249,51632,29096.0674,2.258691364e+10,211595,1.174369251e+10,0.001,55500.80345
2024-05-07,0.1503070659,1.441992455e+11,234601,64612,44111.04511,2.16741655e+10,235965,1.257481302e+10,0.001,53291.00934
2024-05-08,0.1429020324,1.442128655e+11,49933,53092,27909.75556,2.060831158e+10,51295,1.156605476e+10,72.297625,225481.1339
2024-05-09,0.1517621689,1.442265855e+11,151166,52345,27368.72181,2.188813943e+10,152538,1.065542703e+10,14.350172,69854.24634
2024-05-10,0.1440509617,1.442401055e+11,430797,53079,30712.2331,2.077792591e+10,432149,1.0553891e+10,0.001,24421.87996
2024-05-11,0.1430693167,1.442536855e+11,328458,47780,27113.609,2.063827622e+10,329816,7716385580,0.001,23396.03167
2024-05-12,0.141173524,1.442670355e+11,169083,53278,24171.89192,2.03666858e+10,170418,8213352764,0.63173381,48195.33596
2024-05-13,0.1485007693,1.442802255e+11,136029,56481,28131.66724,2.142572447e+10,137348,1.16111331e+10,2.70073333,84538.05733
2024-05-14,0.1450709599,1.442936955e+11,291257,55620,30306.24521,2.093282492e+10,292604,1.215912886e+10,6.37719575,41554.89623
2024-05-15,0.1557474268,1.443073555e+11,52966,51536,25358.42319,2.247549929e+10,54332,1.284158614e+10,70.93800004,236354.0113
2024-05-16,0.1496692984,1.443208655e+11,297874,55290,29849.30886,2.160040268e+10,299225,1.078186502e+10,0.001,36032.63438
2024-05-17,0.1556803733,1.443343955e+11,272368,58691,28193.16551,2.247003256e+10,273721,1.042939721e+10,0.001,38102.29107
2024-05-18,0.1530624849,1.443479355e+11,340624,54788,26483.13855,2.20942537e+10,341978,7679300899,0.001,22455.54071
2024-05-19,0.1489697117,1.443613755e+11,281329,54447,32534.77134,2.150547249e+10,282673,8242929965,0.001,29160.65548
2024-05-20,0.1648153715,1.443747655e+11,198833,57339,27209.92398,2.379518061e+10,200172,1.042389991e+10,0.001,52074.71531
2024-05-21,0.170063485,1.443882555e+11,101338,57755,27733.62386,2.455516993e+10,102687,1.877831054e+10,0.09396,182869.4045
2024-05-22,0.165827795,1.444016855e+11,67477,54914,25433.65851,2.394581309e+10,68820,1.214802317e+10,52.36340888,176518.7906
2024-05-23,0.159283614,1.444151055e+11,66342,49361,24335.15068,2.300295992e+10,67684,8572012588,38.18952434,126647.5473
2024-05-24,0.1636595739,1.444286755e+11,115853,51188,26679.15026,2.363713549e+10,117210,1.017161274e+10,12.44643,86781.10009
2024-05-25,0.1721449249,1.444421155e+11,73096,50122,22901.49953,2.486497712e+10,74440,7251008276,13.1933771,97407.41907
2024-05-26,0.1662090466,1.444555455e+11,31906,48045,21140.25637,2.40098185e+10,33249,7291408297,521.3334835,219297.0705
2024-05-27,0.1689116419,1.444691355e+11,80592,52770,23827.98992,2.440251888e+10,81951,8598503169,12.30006075,104922.4923
2024-05-28,0.1651500261,1.444827755e+11,39234,47807,22695.51719,2.386133414e+10,40598,9145064441,280.1590568,225258.9891
2024-05-29,0.1639127715,1.444962955e+11,69041,56766,28374.46753,2.368478826e+10,70393,9208685537,47.986356,130818.1998
2024-05-30,0.1595348995,1.445098955e+11,29035,49244,24993.25042,2.305437165e+10,30395,9028482023,963.1636477,297038.3952
2024-05-31,0.1588788562,1.445231555e+11,77014,52553,24901.20996,2.296167364e+10,78340,6358841155,9.8246,81169.78753
2024-06-01,0.1601686421,1.445366455e+11,47583,47111,24779.3905,2.315023824e+10,48932,5195566897,208.3471298,106179.3284
2024-06-02,0.1570889927,1.445500455e+11,39152,52615,23106.53695,2.270722104e+10,40492,5127666660,162.7421389,126634.0675
2024-06-03,0.1582817639,1.445637355e+11,78496,53123,26282.09491,2.288180306e+10,79865,6805507519,6.0057385,85212.64032
2024-06-04,0.161376294,1.445770855e+11,56148,51072,25644.00509,2.333131425e+10,57483,7125411499,77.587685,123956.8481
2024-06-05,0.1632326148,1.445905755e+11,113647,51451,25620.53691,2.360189771e+10,114996,1.301859789e+10,9.497,113209.1368
2024-06-06,0.160264874,1.446041355e+11,107016,49432,24234.72804,2.317496355e+10,108372,1.821361662e+10,5.50418125,168065.7054
2024-06-07,0.148167654,1.446176955e+11,109604,50631,27585.03326,2.142766467e+10,110960,2.833905349e+10,8.3621175,255398.8238
2024-06-08,0.1458826086,1.446311255e+11,95057,46121,22211.02905,2.109916587e+10,96400,1.032157916e+10,5.6362,107070.3232
2024-06-09,0.1468067126,1.446446955e+11,74106,44382,21185.90493,2.123481224e+10,75463,7305891464,64.464592,96814.21974
2024-06-10,0.144693621,1.446582755e+11,94619,46633,22798.6412,2.093112969e+10,95977,9780127857,23.79239922,101900.7456
2024-06-11,0.1381452875,1.446718555e+11,84602,50536,23341.4174,1.998573507e+10,85960,1.231275886e+10,174.7228495,143238.2371
2024-06-12,0.1459150386,1.446852955e+11,294221,50259,27174.53517,2.111176048e+10,295565,9817761689,0.001,33216.92923
2024-06-13,0.1411639152,1.446986155e+11,324179,50874,25955.01585,2.042622309e+10,325511,8537398747,0.001,26227.68124
2024-06-14,0.1348833578,1.447121455e+11,89427,46820,23758.67259,1.951926009e+10,90780,8961994045,41.73578396,98722.11991
2024-06-15,0.1366495333,1.447257255e+11,173022,47788,22018.86772,1.977670285e+10,174380,5842882008,33.45475,33506.60631
2024-06-16,0.1369240595,1.447393355e+11,93879,43924,20641.20502,1.981829738e+10,95240,6951111631,48.4621,72985.21242
2024-06-17,0.1290505099,1.447528655e+11,132147,46082,22749.25181,1.868043109e+10,133500,9804818345,60.8898,73444.33217
2024-06-18,0.1220101757,1.447663955e+11,206949,50628,24180.19632,1.766297335e+10,208302,1.014421743e+10,5.19528,48699.5681
2024-06-19,0.1222229764,1.447798955e+11,211642,47325,23406.39735,1.769542974e+10,212992,7062324138,4.773352,33157.69671
2024-06-20,0.1244106857,1.447935755e+11,811717,60821,48889.36806,1.801386802e+10,813085,7707762823,0.001,9479.651971
2024-06-21,0.1240173384,1.448071055e+11,168718,47189,22819.31354,1.79585918e+10,170071,7611361750,0.001,44754.02479
2024-06-22,0.123833658,1.448205455e+11,379449,46031,23847.75892,1.793365789e+10,380793,7179299323,0.001,18853.54858
2024-06-23,0.1222870948,1.448340255e+11,196061,42878,18869.57326,1.771133221e+10,197409,6445568977,4.6785265,32650.83647
2024-06-24,0.1188585511,1.448473655e+11,258079,46094,22631.70685,1.721634799e+10,259413,9160482921,0.001,35312.35104
2024-06-25,0.125868872,1.448609855e+11,138459,44422,20237.84961,1.823348884e+10,139821,9368049959,0.00100001,67000.30724
2024-06-26,0.1227187719,1.448746255e+11,46201,44727,19491.55822,1.777883611e+10,47565,9116479252,156.4246,191663.6025
2024-06-27,0.1268692848,1.448881255e+11,337107,52413,25981.57894,1.838185285e+10,338457,7689914649,2.038821,22720.50703
2024-06-28,0.1228418798,1.449015655e+11,163011,44682,21969.05328,1.779998069e+10,164355,6773669662,4.099448,41213.65132
2024-06-29,0.1216716446,1.449151655e+11,123066,46006,24763.55724,1.763206651e+10,124426,5944020398,0.001,47771.53005
2024-06-30,0.1244616846,1.449286955e+11,352274,50330,26675.95349,1.803806959e+10,353627,5150205617,0.001,14563.94907
2024-07-01,0.123399442,1.449423355e+11,824030,54224,35621.05644,1.788580332e+10,825394,6379758556,0.001,7729.349324
2024-07-02,0.1249436078,1.449558555e+11,531394,49644,26539.85943,1.811130756e+10,532746,8157344653,0.001,15311.88344
2024-07-03,0.1183675997,1.449694855e+11,394545,47131,27088.31361,1.715969003e+10,395908,9159339977,0.001,23135.02121
2024-07-04,0.1054047332,1.449829555e+11,89338,43854,22964.54789,1.528188974e+10,90685,7957342916,0.00100001,87747.0686
2024-07-05,0.1057989663,1.449964455e+11,153156,53224,26270.21168,1.534047406e+10,154505,1.044192402e+10,9.5806,67583.08161
2024-07-06,0.1134737165,1.450099555e+11,203662,44736,21610.47639,1.645481858e+10,205013,5052375107,0.24284108,24644.16943
2024-07-07,0.1045174823,1.450237055e+11,204171,44349,22773.80007,1.515751257e+10,205546,7207550921,9.001,35065.3913
2024-07-08,0.1076318023,1.450372155e+11,53860,44350,21163.73269,1.561061691e+10,55211,8653452108,58.1425,156734.2035
2024-07-09,0.1074327509,1.450507455e+11,51118,41362,19983.48995,1.558320061e+10,52471,7662355636,538.5787105,146030.2955
2024-07-10,0.1078839491,1.450644055e+11,196419,42794,23945.11492,1.565012094e+10,197785,6947693180,0.001,35127.503
2024-07-11,0.1065284805,1.450777855e+11,48387,41412,21539.09671,1.545491605e+10,49725,6033996356,411.6723542,121347.3375
2024-07-12,0.1075158088,1.450913255e+11,61381,45337,19897.39585,1.559961121e+10,62735,5579809082,14.16151666,88942.52143
2024-07-13,0.1123474396,1.451048255e+11,54806,39907,18494.80222,1.630215562e+10,56156,6168473081,0.00100001,109845.3074
2024-07-14,0.1158577561,1.451183155e+11,51723,42008,18105.36009,1.68130824e+10,53072,5383604744,11.77292658,101439.6432
2024-07-15,0.1249040275,1.451319155e+11,46109,42029,19327.81133,1.812756076e+10,47469,6210282188,96.9923828,130828.1655
2024-07-16,0.1248649642,1.451454055e+11,39733,43086,19823.20095,1.812357586e+10,41082,8057331316,460.4096817,196128.02
2024-07-17,0.1219978588,1.451588355e+11,47124,42846,20149.77225,1.770906711e+10,48467,8958929543,16.24946165,184845.9682
2024-07-18,0.1196065937,1.451724655e+11,45147,42213,19947.68186,1.73635841e+10,46510,8979518353,33.59246211,193066.4019
2024-07-19,0.125604603,1.451859155e+11,51204,43851,19116.29447,1.823601928e+10,52549,8371734505,0.12,159312.9176
2024-07-20,0.13434796,1.451994955e+11,62542,40400,19033.20118,1.950725601e+10,63900,7122752709,0.001,111467.1785
2024-07-21,0.1401806671,1.452131655e+11,47656,45444,19384.51737,2.035607841e+10,49023,7367925998,61.83691867,150295.2899
2024-07-22,0.1378658808,1.452266855e+11,44136,43902,21526.11304,2.002180491e+10,45488,1.052437017e+10,113.0445833,231365.8585
2024-07-23,0.1302972235,1.452402255e+11,65253,40649,17904.67204,1.892439812e+10,66607,6609069290,0.001,99224.84558
2024-07-24,0.1276949682,1.452537055e+11,117335,44177,19843.20165,1.85481673e+10,118683,5811324326,0.001,48965.09463
2024-07-25,0.1251005765,1.452669855e+11,36705,42762,18031.40275,1.817298363e+10,38033,6376248231,126.2369035,167650.4149
2024-07-26,0.1344335069,1.452803555e+11,94055,42327,20138.87626,1.953054767e+10,95392,7177508950,0.001,75242.25249
2024-07-27,0.1319787076,1.452937555e+11,194956,42811,21977.7327,1.917568208e+10,196296,8743237999,0.001,44541.091
2024-07-28,0.1297305369,1.453072755e+11,197062,42961,19861.00648,1.885079087e+10,198414,9393858311,0.001,47344.7353
2024-07-29,0.1285737434,1.453205855e+11,98138,44393,20247.44189,1.868441167e+10,99469,1.001739803e+10,0.001,100708.7437
2024-07-30,0.1255160955,1.453340155e+11,134341,41848,21529.77428,1.824175817e+10,135684,9148199510,0.001,67422.8318
2024-07-31,0.1220545126,1.453474655e+11,282941,45865,24461.89254,1.774031405e+10,284286,8575812361,0.001,30166.14382
2024-08-01,0.1190466878,1.453608755e+11,112098,46602,25471.41428,1.730473077e+10,113439,7732818964,0.001,68167.19968
2024-08-02,0.1113679225,1.453743155e+11,64594,45498,19804.93424,1.61900355e+10,65938,7724313088,0.001,117145.0922
2024-08-03,0.1080974584,1.453879655e+11,59222,41634,19177.7403,1.571606956e+10,60587,6558062198,0.001,108242.0684
2024-08-04,0.1040351467,1.454013455e+11,75573,40291,20341.93618,1.512685031e+10,76911,7309247475,4.63706167,95035.13769
2024-08-05,0.0949396266,1.454147555e+11,88683,51094,28465.14077,1.380562259e+10,90024,1.774878129e+10,0.001,197156.106
2024-08-06,0.09632886802,1.454283155e+11,100600,44626,20299.95337,1.400894501e+10,101956,1.13996758e+10,0.001,111809.7591
2024-08-07,0.0956850628,1.454419055e+11,198703,46241,22576.79342,1.391661786e+10,200062,8318610181,0.001,41580.16105
2024-08-08,0.1070900696,1.454552055e+11,191139,46711,23500.89225,1.557680809e+10,192469,1.075300389e+10,0.001,55868.75751
2024-08-09,0.1036314433,1.454688355e+11,89986,42635,19839.34291,1.507514537e+10,91349,1.026319034e+10,0.001,112351.4252
2024-08-10,0.1050967486,1.454822955e+11,104701,40992,18760.81983,1.528971624e+10,106047,9186636421,0.001,86627.97082
2024-08-11,0.1006195615,1.454957255e+11,84553,42244,20182.75995,1.463971611e+10,85896,7358223306,0.001,85664.33019
2024-08-12,0.1079113577,1.455094255e+11,39417,42497,21798.80889,1.570211966e+10,40787,7746810544,12.7735113,189933.3254
2024-08-13,0.1063907723,1.455229355e+11,59607,46232,19379.74117,1.54822975e+10,60958,7333716433,0.001,120307.6944
2024-08-14,0.1026487364,1.455365155e+11,43690,41430,17844.27223,1.493913941e+10,45048,6163613685,3.71149068,136823.2482
2024-08-15,0.1002998807,1.455501055e+11,42875,41831,19939.22317,1.459865822e+10,44234,4978030386,93.8707,112538.5537
2024-08-16,0.1003548424,1.455634555e+11,79955,55294,21278.88511,1.460799763e+10,81290,6243613793,274.18025,76806.66494
2024-08-17,0.1027255724,1.455772255e+11,71732,43711,18569.95053,1.495450381e+10,73109,7593660861,0.001,103867.6614
2024-08-18,0.1005297428,1.455908055e+11,78023,41789,18148.65255,1.463620624e+10,79381,6523860185,51.47088808,82184.15219
2024-08-19,0.1011255223,1.456044755e+11,57050,40192,18026.50941,1.472432863e+10,58417,8017209052,2.91664,137241.0266
2024-08-20,0.1031909557,1.456179155e+11,99683,41579,19964.45999,1.502645187e+10,101027,8240820801,0.001,81570.47919
2024-08-21,0.1061146715,1.456316555e+11,27061,40278,18043.40191,1.545365529e+10,28435,5316518417,480.359213,186970.9308
2024-08-22,0.1053314482,1.456453555e+11,125354,41816,21105.44913,1.534103622e+10,126724,5505899321,32.70413452,43447.9603
2024-08-23,0.1131663235,1.456589555e+11,256953,42159,24133.29849,1.648368848e+10,258313,9339446093,32.61699206,36155.54034
2024-08-24,0.1123461395,1.456727355e+11,260736,43560,23556.16823,1.636576947e+10,262114,8452469362,32.33929906,32247.30217
2024-08-25,0.1101638597,1.456863555e+11,141837,43790,22158.60734,1.604937122e+10,143199,5745129816,0.001,40119.90179
2024-08-26,0.1053959136,1.457001455e+11,107838,45948,21720.79298,1.535619994e+10,109217,6670802069,0.001,61078.42249
2024-08-27,0.09900786027,1.457137155e+11,101263,46392,23828.34993,1.442680318e+10,102620,8509375432,0.001,82921.2184
2024-08-28,0.09964380974,1.457274455e+11,68481,43436,22114.48017,1.452083785e+10,69854,8916587652,1.67136004,127646.0568
2024-08-29,0.1003180611,1.457411455e+11,79699,46035,28470.73503,1.462046913e+10,81069,8116335183,17.6456,100116.3846
2024-08-30,0.1016483163,1.457547355e+11,54988,51129,23637.54645,1.481572346e+10,56347,6979089975,12.42404,123859.1225
2024-08-31,0.1012760777,1.457681855e+11,42431,41185,20369.62815,1.476283007e+10,43776,7326799460,61.28230007,167370.2362
2024-09-01,0.09536945932,1.457819355e+11,59963,46014,20276.49672,1.390314437e+10,61338,7521587870,1.501,122625.2547
2024-09-02,0.09912681422,1.457956855e+11,68818,43750,20576.26479,1.445226183e+10,70193,7750426838,1.501,110415.9508
2024-09-03,0.09695661872,1.458093455e+11,121971,42413,20669.75068,1.413718112e+10,123337,8653711245,1.501,70163.14038
2024-09-04,0.09812664074,1.458229555e+11,87032,44145,22694.38893,1.430911676e+10,88393,8243892866,1.501,93264.0918
2024-09-05,0.09835453729,1.458365755e+11,64325,41656,20984.7076,1.43436889e+10,65687,7719513172,0.04980081,117519.6488
2024-09-06,0.09231077729,1.458503055e+11,59204,48503,23670.60361,1.346355507e+10,60577,7932182783,1.501,130943.8035
2024-09-07,0.09505246187,1.458638055e+11,73189,41474,20035.78917,1.386471381e+10,74539,4850314067,0.001,65070.82288
2024-09-08,0.09608330075,1.458773755e+11,106881,41933,20943.05649,1.401637974e+10,108238,5405362193,0.001,49939.59786
2024-09-09,0.1038668177,1.458910955e+11,152872,45165,22196.83014,1.515324382e+10,154244,8965099671,4.51116,58122.84219
2024-09-10,0.1027874392,1.459047255e+11,142926,44093,22054.85084,1.49971731e+10,144289,8781157897,1.501,60858.1243
2024-09-11,0.1013895962,1.459184955e+11,181727,39496,20957.6347,1.479461733e+10,183104,8339212495,1.501,45543.58449
2024-09-12,0.1028411213,1.459321055e+11,179041,45260,24706.63514,1.500782136e+10,180402,7255027245,0.001,40215.89142
2024-09-13,0.1068492962,1.459457255e+11,460004,50457,27846.59549,1.559419805e+10,461366,7634168569,0.001,16546.88158
2024-09-14,0.1054616454,1.459595055e+11,455736,50001,26683.74409,1.539312961e+10,457114,5213313169,0.001,11404.84249
2024-09-15,0.1028790327,1.459730855e+11,347737,44598,23837.69165,1.501756983e+10,349095,5407400123,0.001,15489.76675
2024-09-16,0.09965664726,1.459865655e+11,182977,42945,23498.79364,1.454853166e+10,184325,5961114225,0.001,32340.23722
2024-09-17,0.100982596,1.460002155e+11,231908,54405,24389.27121,1.474348077e+10,233273,6070844729,0.001,26024.63521
2024-09-18,0.103164311,1.460138755e+11,144843,42887,23331.5795,1.506342086e+10,146209,6569938623,0.001,44935.25449
2024-09-19,0.1051848503,1.460275455e+11,108042,45873,23723.40928,1.535988552e+10,109409,7022712844,0.001,64187.70708
2024-09-20,0.1053848986,1.460412555e+11,232035,45661,25950.00223,1.53905429e+10,233406,5638267185,0.001,24156.4792
2024-09-21,0.1100259334,1.460548855e+11,189890,43035,23120.84043,1.60698251e+10,191253,7347353162,0.001,38416.93026
2024-09-22,0.1062785395,1.460685255e+11,90011,42049,21601.34653,1.552394955e+10,91375,6274722735,0.001,68670.01626
2024-09-23,0.1081162503,1.460822955e+11,75003,42212,19173.55409,1.579387002e+10,76380,6508703740,0.001,85214.76486
2024-09-24,0.1097094354,1.460959155e+11,55639,45241,21534.53912,1.60281004e+10,57001,1.010048971e+10,64.49516792,177198.4651
2024-09-25,0.1084004981,1.461096955e+11,79454,43521,21020.3929,1.583836377e+10,80832,6359870286,0.001,78680.10548
2024-09-26,0.1178879042,1.461233655e+11,151809,55057,25263.80073,1.722617731e+10,153176,1.027931273e+10,0.001,67107.85453
2024-09-27,0.1238045623,1.461371755e+11,71752,53937,26190.21136,1.809244904e+10,73133,1.098815015e+10,12.95583621,150248.8637
2024-09-28,0.1283297212,1.461508155e+11,114338,50124,24166.62069,1.875549341e+10,115702,1.00446532e+10,0.001,86814.86229
2024-09-29,0.1248519887,1.461644255e+11,224819,51531,24002.64707,1.82489192e+10,226180,5658681545,0.001,25018.48769
2024-09-30,0.1143165082,1.461782055e+11,502958,57848,31158.20662,1.671058203e+10,504336,8644911594,0.001,17141.17492
2024-10-01,0.106925449,1.461919355e+11,569493,81689,38510.65757,1.563163834e+10,570866,1.100323312e+10,0.001,19274.63384
2024-10-02,0.1048823001,1.462055355e+11,257789,54305,26860.48119,1.533437284e+10,259149,1.226315232e+10,0.001,47320.85527
2024-10-03,0.1050960035,1.462192655e+11,100923,44678,22357.47508,1.536706043e+10,102296,1.376498472e+10,0.001,134560.3417
2024-10-04,0.1090611423,1.462328255e+11,65182,42292,20842.20666,1.594831899e+10,66538,1.407577157e+10,0.001,211544.8552
2024-10-05,0.1094605833,1.462464255e+11,53078,40555,19134.26821,1.600821904e+10,54438,9302954978,0.001,170890.8295
2024-10-06,0.1114722329,1.462600955e+11,66701,42484,19069.04726,1.630393944e+10,68068,9819552879,0.001,144260.9285
2024-10-07,0.1093284611,1.462738155e+11,552618,51412,28433.01932,1.599189114e+10,553990,1.098612621e+10,0.001,19830.91069
2024-10-08,0.1068900784,1.462874755e+11,123156,47397,23095.44566,1.563667973e+10,124522,1.201291261e+10,0.001,96472.21065
2024-10-09,0.1078350636,1.463012355e+11,70078,47350,21838.45261,1.577640304e+10,71454,1.196798433e+10,0.001,167492.1534
2024-10-10,0.1059600336,1.463147655e+11,171785,133884,23107.4859,1.550351747e+10,173138,9527147659,0.001,55026.32385
2024-10-11,0.1108279431,1.463284055e+11,61632,59086,21449.94377,1.62172762e+10,62996,9777573282,5.30599705,155209.4305
2024-10-12,0.1113712233,1.463419155e+11,48371,48374,21528.18936,1.629827815e+10,49722,7863286445,17.71750196,158145.0152
2024-10-13,0.1112367158,1.463556155e+11,49507,53771,19763.54343,1.6280118e+10,50877,9073051118,21.35277718,178333.0605
2024-10-14,0.1167181653,1.463693055e+11,61654,46968,22406.90454,1.70839568e+10,63023,1.542963766e+10,6.6449691,244825.5028
2024-10-15,0.1168977703,1.463829855e+11,76724,46389,22535.50538,1.711184461e+10,78092,1.606609348e+10,0.001,205732.8982
2024-10-16,0.1259322592,1.463967955e+11,64804,50045,27193.31361,1.84360792e+10,66185,2.245068437e+10,21.23204,339211.0655
2024-10-17,0.1290125009,1.464105055e+11,83222,46828,23101.05814,1.888878547e+10,84593,1.752577008e+10,0.001,207177.5451
2024-10-18,0.1374617988,1.464244255e+11,252669,55303,33640.64552,2.012776492e+10,254061,1.848572047e+10,0.001,72760.95294
2024-10-19,0.1446788367,1.464382155e+11,99694,48586,27153.7166,2.118651067e+10,101073,1.289487067e+10,0.001,127579.7758
2024-10-20,0.1422646762,1.464519055e+11,189303,47665,26930.59985,2.083493292e+10,190672,8869735083,0.001,46518.28838
2024-10-21,0.1437566417,1.464655955e+11,130251,57555,25109.33715,2.105540213e+10,131620,1.355993881e+10,0.001,103023.3917
2024-10-22,0.1397318044,1.464792455e+11,87092,45959,23782.44407,2.046780928e+10,88457,1.173359108e+10,46.1254742,132647.4002
2024-10-23,0.1395591133,1.464929455e+11,100229,46208,23712.32456,2.044442558e+10,101599,9800002543,1.101,96457.66733
2024-10-24,0.1421598731,1.465067055e+11,110428,50443,25142.62266,2.082737465e+10,111804,9018210077,0.001,80660.88939
2024-10-25,0.1303294901,1.465203855e+11,183162,46137,26768.40555,1.909592713e+10,184530,9319198876,0.001,50502.35125
2024-10-26,0.1373709031,1.465341955e+11,337680,44550,31305.68833,2.012953476e+10,339061,8163668499,6.6173,24077.2855
2024-10-27,0.1445047942,1.465477055e+11,365063,46059,29392.91459,2.117684602e+10,366414,8104240279,2.2538,22117.7146
2024-10-28,0.1610791252,1.465613655e+11,902705,85989,43496.69617,2.360797653e+10,904071,1.632927197e+10,0.001,18061.93537
2024-10-29,0.1755900774,1.465750655e+11,965690,94008,69395.85023,2.57371271e+10,967060,1.718589531e+10,0.001,17771.28131
2024-10-30,0.1686488762,1.465888355e+11,962643,74368,60168.39057,2.472204237e+10,964020,1.673015571e+10,0.001,17354.57326
2024-10-31,0.1617096371,1.466025655e+11,900878,67769,77204.10292,2.370704766e+10,902251,1.135399305e+10,0.001,12584.07367
2024-11-01,0.1590934635,1.466162055e+11,860889,64742,99873.77178,2.332567993e+10,862253,1.21150945e+10,0.001,14050.51012
2024-11-02,0.158537499,1.466300455e+11,657562,65830,37758.47942,2.324636069e+10,658946,8322236785,0.001,12629.61879
2024-11-03,0.1514391045,1.466436155e+11,774581,71942,34168.08299,2.220757781e+10,775938,9153193398,0.001,11796.2948
2024-11-04,0.1576651359,1.466573155e+11,859417,81578,40477.62983,2.312274558e+10,860787,1.131209422e+10,0.001,13141.57187
2024-11-05,0.1709042535,1.466709255e+11,866710,74048,51277.04529,2.506668502e+10,868071,1.498509815e+10,0.001,17262.52594
2024-11-06,0.1969853629,1.466847255e+11,668185,95395,65841.37424,2.889474387e+10,669565,2.892109347e+10,0.001,43193.85491
2024-11-07,0.1927855456,1.466983755e+11,672530,70206,46443.38838,2.828132636e+10,673895,1.853534598e+10,0.001,27504.79819
2024-11-08,0.2021619992,1.467122055e+11,650023,70915,40524.11381,2.965963277e+10,651406,1.377626268e+10,0.001,21148.50444
2024-11-09,0.2183852642,1.467257455e+11,677018,59469,37988.28885,3.204274069e+10,678372,1.373238334e+10,0.001,20243.14586
2024-11-10,0.2762069669,1.467392955e+11,765787,99780,64659.99449,4.053041573e+10,767142,2.504764443e+10,0.001,32650.59719
2024-11-11,0.3444652401,1.467528355e+11,855400,115169,79603.80562,5.055125071e+10,856754,5.406502745e+10,0.001,63104.49377
2024-11-12,0.3850403852,1.467665055e+11,712460,154980,106617.6059,5.65110318e+10,713827,6.221527082e+10,0.001,87157.3516
2024-11-13,0.3994620543,1.467803155e+11,925541,133528,97228.27046,5.863316635e+10,926922,3.167419852e+10,0.001,34171.37421
2024-11-14,0.3608371063,1.467940655e+11,1117425,106945,77932.81187,5.296874581e+10,1118800,2.309860449e+10,0.001,20645.87459
2024-11-15,0.3795575262,1.468077155e+11,1095174,86729,63301.99255,5.572197332e+10,1096539,3.282318224e+10,0.001,29933.43807
2024-11-16,0.3633116248,1.468213855e+11,1293585,870961,62429.06376,5.334191611e+10,1294952,1.015035727e+10,0.001,7838.404257
2024-11-17,0.3649878811,1.468350355e+11,1452731,939956,60208.73622,5.359300847e+10,1454096,1.810457903e+10,0.001,12450.74536
2024-11-18,0.3712216987,1.468486555e+11,1171408,358419,56838.06922,5.451340734e+10,1172770,2.379931307e+10,0.001,20293.24852
2024-11-19,0.3903474085,1.468623755e+11,1178237,1110906,59606.64649,5.732734767e+10,1179609,2.184173683e+10,0.001,18516.08188
2024-11-20,0.378922041,1.468758255e+11,1279688,1186905,53598.80372,5.565448757e+10,1281033,1.152795512e+10,0.001,8998.952501
2024-11-21,0.3872110643,1.468896155e+11,1407835,1582572,59205.525,5.687728434e+10,1409214,2.409783387e+10,0.001,17100.19477
2024-11-22,0.4114694224,1.469031255e+11,1439652,1649440,62289.24004,6.044614419e+10,1441003,2.06676816e+10,0.001,14342.56667
2024-11-23,0.4308875428,1.469168555e+11,1462624,1477757,70099.9451,6.330464285e+10,1463997,2.940764472e+10,0.001,20087.23018
2024-11-24,0.4309145373,1.469306155e+11,898547,613503,49214.87796,6.331453818e+10,899923,1.186459913e+10,0.001,13184.01589
2024-11-25,0.3936163544,1.469443355e+11,115079,83375,35901.91324,5.783969363e+10,116451,2.865633063e+10,0.001,246080.5886
2024-11-26,0.3846259444,1.469580055e+11,66447,81860,32317.70077,5.652386164e+10,67814,1.795525245e+10,50.7963145,264772.0596
2024-11-27,0.4020030223,1.469715855e+11,131906,82746,35176.39779,5.908302156e+10,133264,1.171452294e+10,1.501,87904.63243
2024-11-28,0.4025279563,1.469853055e+11,297423,122848,38683.21989,5.916569462e+10,298795,1.019427303e+10,0.001,34117.95055
2024-11-29,0.4256427399,1.469989355e+11,121680,108464,33687.94679,6.256902966e+10,123043,1.467542543e+10,0.001,119270.7056
2024-11-30,0.4223112848,1.470125155e+11,112158,92386,34117.51416,6.208504429e+10,113516,1.176758842e+10,0.001,103664.5796
2024-12-01,0.4425318581,1.470260855e+11,85729,77673,35374.30317,6.50637268e+10,87086,1.15395122e+10,17.10578251,132507.0873
2024-12-02,0.4239659424,1.470396055e+11,287250,162824,44042.13694,6.233978491e+10,288602,2.843323451e+10,0.001,98520.57336
2024-12-03,0.4088905558,1.470531955e+11,339446,239634,43382.06623,6.012866283e+10,340805,1.307403985e+10,0.001,38362.23015
2024-12-04,0.4271356701,1.470665955e+11,230563,89442,37801.58097,6.281738881e+10,231903,1.721561352e+10,5.00585,74236.26914
2024-12-05,0.42862696,1.470803255e+11,226545,95764,39234.65917,6.304259279e+10,227918,1.960535215e+10,0.001,86019.32339
2024-12-06,0.4356110444,1.470937555e+11,253389,127517,33891.98071,6.407566444e+10,254732,1.220318e+10,0.001,47905.95605
2024-12-07,0.4547310389,1.471075255e+11,236578,127601,33405.83242,6.689435788e+10,237955,1.348189851e+10,0.001,56657.34491
2024-12-08,0.4654206982,1.471211655e+11,302227,132254,35465.23086,6.847323556e+10,303591,1.2047529e+10,0.001,39683.41947
2024-12-09,0.4143735897,1.471348155e+11,261089,117908,35524.44545,6.096878165e+10,262454,1.952571502e+10,0.001,74396.71341
2024-12-10,0.3943821299,1.471483955e+11,113672,87840,32623.86687,5.803269762e+10,115030,2.234153536e+10,86.72627866,194223.5535
2024-12-11,0.4155129685,1.471621055e+11,84636,76549,27131.98755,6.114776329e+10,86007,1.352952051e+10,835.65008,157307.2018
2024-12-12,0.4059729224,1.471758655e+11,111777,75610,29571.45453,5.974941622e+10,113153,1.206818651e+10,408.25612,106653.7035
2024-12-13,0.4071463578,1.471895855e+11,144717,81434,27749.91303,5.992770363e+10,146089,2.313459952e+10,0.001,158359.6268
2024-12-14,0.3981316159,1.472032155e+11,74542,70943,24773.20585,5.860625404e+10,75905,1.000625638e+10,247.3070666,131826.0507
2024-12-15,0.4069750283,1.472168955e+11,82130,71697,25146.03211,5.99136002e+10,83498,1.861201312e+10,307.0535532,222903.6997
2024-12-16,0.4017695607,1.472307455e+11,168449,77219,28496.03165,5.915283193e+10,169834,1.488489953e+10,2.944825,87643.81413
2024-12-17,0.3938599122,1.472444555e+11,87808,75339,25372.30646,5.79936883e+10,89179,9215817447,121.9616526,103340.6682
2024-12-18,0.3585414778,1.472580455e+11,135114,79600,26494.41519,5.279811724e+10,136473,1.363688593e+10,0.001,99923.69138
2024-12-19,0.3161931916,1.472717055e+11,62504,75720,28021.47677,4.656631058e+10,63870,1.26284103e+10,98.48465145,197720.5308
2024-12-20,0.3178278315,1.472853255e+11,46226,83264,29255.17511,4.681137561e+10,47588,2.957620961e+10,975.9392091,621505.6235
2024-12-21,0.3203840148,1.472989955e+11,91756,120666,23806.75362,4.719224354e+10,93123,1.490605467e+10,0.0125,160068.4543
2024-12-22,0.3123444223,1.473125855e+11,35728,68065,19826.87564,4.601226441e+10,37087,1.149908013e+10,469.806,310056.8967
2024-12-23,0.3240674174,1.473262255e+11,38035,78898,23218.04987,4.77436294e+10,39399,1.335867584e+10,880.4428316,339061.2918
2024-12-24,0.3369102165,1.473399455e+11,35910,70867,22963.09128,4.964033293e+10,37282,1.054034797e+10,946.3356029,282719.4885
2024-12-25,0.3341667469,1.473535555e+11,37314,68461,20788.15717,4.924065828e+10,38675,9327797816,405.4000908,241184.1711
2024-12-26,0.3116107925,1.473672355e+11,54933,79813,22516.83289,4.592122103e+10,56301,9854049343,46.6731174,175024.4106
2024-12-27,0.3107743858,1.473808355e+11,39119,78549,23089.18876,4.580218863e+10,40479,1.199137534e+10,557.9445027,296236.946
2024-12-28,0.3238200432,1.473945255e+11,33160,68956,21345.44703,4.772930161e+10,34529,8416477811,877.3971439,243750.9865
2024-12-29,0.3138641275,1.474081055e+11,34588,70757,19656.637,4.626611641e+10,35946,8088733411,606.6176131,225024.5761
2024-12-30,0.3129331282,1.474217355e+11,38639,75900,22844.32786,4.613314485e+10,40002,1.173456987e+10,492.7411793,293349.5792
2024-12-31,0.315561994,1.474353155e+11,38375,79190,23726.81299,4.652498214e+10,39733,9066128538,383.1894378,228176.2902
2025-01-01,0.3243716887,1.474489355e+11,34975,65714,20014.8206,4.782826019e+10,36337,7701560100,310.0919393,211948.1548
2025-01-02,0.3385352261,1.474626555e+11,34954,75852,22433.53381,4.992130341e+10,36326,8166640850,539.7278948,224815.3072
2025-01-03,0.3800953207,1.474763455e+11,43941,79320,24865.72913,5.605506883e+10,45310,1.234361547e+10,322.1580966,272425.8547
2025-01-04,0.3941598711,1.474900055e+11,41243,78231,24067.93831,5.813464154e+10,42609,8921426835,329.191039,209378.9301
2025-01-05,0.3823120925,1.475037055e+11,36698,71968,21404.44509,5.639245029e+10,38068,7603974900,376.023206,199747.1603
2025-01-06,0.3872002944,1.475174855e+11,37520,76805,22574.0351,5.71188138e+10,38898,8247982118,415.9055858,212041.2905
2025-01-07,0.3495773435,1.475308755e+11,87926,77397,23678.00284,5.157345154e+10,89265,1.24456711e+10,0.001,139423.8626
2025-01-08,0.3424043774,1.475444955e+11,49026,74107,21753.24457,5.051988112e+10,50388,1.099972544e+10,55.82446051,218300.497
2025-01-09,0.3209218955,1.475580855e+11,36781,72788,21184.69946,4.735462048e+10,38140,1.018931944e+10,337.270672,267155.7274
2025-01-10,0.3342732545,1.475718255e+11,70068,86645,21949.10756,4.932931437e+10,71442,1.695017162e+10,0.806325,237257.7982
2025-01-11,0.3417145447,1.475854155e+11,47144,70608,20459.32339,5.043208305e+10,48503,6158868490,44.71583674,126979.1248
2025-01-12,0.3351709904,1.475989955e+11,35942,72398,19445.02015,4.947090149e+10,37300,6967507641,190.8201531,186796.4515
2025-01-13,0.3378667279,1.476127055e+11,37228,71748,21125.86737,4.987342179e+10,38599,9091477488,283.0173604,235536.6069
2025-01-14,0.356522672,1.476261655e+11,47696,74859,23737.0805,5.263207497e+10,49042,8723186566,79.54036821,177871.7541
2025-01-15,0.3854812227,1.476399155e+11,60199,83982,26088.24569,5.691241513e+10,61574,1.000751996e+10,25.2117439,162528.3392
2025-01-16,0.3770884604,1.476534454e+11,42029,79992,27509.5548,5.567841041e+10,43382,1.158319102e+10,474.2331,267004.5415
2025-01-17,0.4146882037,1.476669554e+11,86715,120922,32090.08115,6.123574446e+10,88066,1.550186887e+10,0.001,176025.5816
2025-01-18,0.3960279505,1.476806253e+11,90405,114652,31713.43782,5.848565538e+10,91772,1.162678977e+10,0.001,126692.1258
2025-01-19,0.3570086005,1.476943353e+11,136251,168399,36479.61716,5.272814794e+10,137622,2.309604679e+10,0.001,167822.3452
2025-01-20,0.3564267745,1.477078953e+11,77542,102090,31163.26893,5.264704869e+10,78898,1.409918885e+10,27.15484933,178701.4734
2025-01-21,0.3710759565,1.477215953e+11,66895,105236,31214.72995,5.481593227e+10,68265,1.781715606e+10,126.9404098,260999.869
2025-01-22,0.3622136661,1.477352453e+11,62030,101659,26565.568,5.35117248e+10,63395,1.29472166e+10,28.70679088,204230.8793
2025-01-23,0.3527489373,1.477488253e+11,60716,84781,25196.65044,5.21182411e+10,62074,1.120687247e+10,21.38042599,180540.5237
2025-01-24,0.3500499909,1.477624253e+11,72184,90349,27043.93288,5.172423561e+10,73544,9367947787,1.8103163,127378.8179
2025-01-25,0.3547449716,1.477759253e+11,92975,87654,25495.50206,5.242276641e+10,94325,9573294108,0.16,101492.6489
2025-01-26,0.3367583456,1.477895052e+11,73847,92786,25260.98389,4.976934928e+10,75205,7843253281,0.02,104291.6466
2025-01-27,0.3323983075,1.478032152e+11,79960,90476,28479.0615,4.912953858e+10,81331,1.4081315e+10,0.03,173135.8892
2025-01-28,0.3181877886,1.478168752e+11,91555,85123,26017.71206,4.703352464e+10,92921,9025441289,0.501,97130.2643
2025-01-29,0.3258392141,1.478305352e+11,133574,95999,24556.4291,4.816898541e+10,134940,9090693059,0.001,67368.40862
2025-01-30,0.3321620591,1.478441252e+11,84163,107754,26043.31646,4.910820907e+10,85522,8243296383,0.01,96388.0216
2025-01-31,0.3286111041,1.478577952e+11,66286,84020,25645.58982,4.858771334e+10,67653,9236200363,14.59435314,136523.1455
2025-02-01,0.3076264185,1.478714452e+11,55750,83527,24120.61232,4.548916308e+10,57115,9519080484,17.8103,166665.1577
2025-02-02,0.2628940466,1.478848752e+11,57608,86966,26191.73888,3.887805327e+10,58951,2.018290331e+10,53.65943019,342367.446
2025-02-03,0.2857255133,1.478986152e+11,64982,95193,29946.42556,4.225840775e+10,66356,2.287328656e+10,26.12436,344705.6266
2025-02-04,0.2636514699,1.479123152e+11,54253,81399,22905.27807,3.899729932e+10,55623,1.637807865e+10,25.43264662,294447.9559
2025-02-05,0.2559119488,1.479259652e+11,40424,74690,20070.02676,3.785602203e+10,41789,1.361058877e+10,198.8437194,325697.8815
2025-02-06,0.2480384349,1.479396052e+11,41432,73354,20290.58013,3.669470814e+10,42796,1.155844627e+10,181.045157,270082.3973
2025-02-07,0.2456744349,1.479530952e+11,40021,73991,20662.31869,3.634829305e+10,41370,9033797785,259.4782662,218365.9121
2025-02-08,0.2532782263,1.479666952e+11,40147,70803,18775.87603,3.747674212e+10,41507,7220060634,257.092225,173948.0241
2025-02-09,0.2483258213,1.479802852e+11,44862,74538,18544.63515,3.674732586e+10,46221,7358313272,233.81115,159198.4871
2025-02-10,0.2543638929,1.479939252e+11,46124,76646,19798.40463,3.764431094e+10,47488,8990754933,85.63253204,189326.8812
2025-02-11,0.2535120534,1.480076352e+11,40921,73343,19547.55422,3.752171952e+10,42292,9018386621,175.3068801,213240.9586
2025-02-12,0.2637102416,1.480213452e+11,39894,71133,19556.64669,3.90347447e+10,41265,8680767109,262.3820228,210366.3422
2025-02-13,0.2619702321,1.480350452e+11,43617,84793,20949.20472,3.878077515e+10,44987,8050125642,132.434655,178943.3757
2025-02-14,0.2714847727,1.480487952e+11,45240,77078,22201.0601,4.019299351e+10,46615,1.005911587e+10,142.702105,215791.3949
2025-02-15,0.2718848891,1.480624252e+11,42622,78532,20065.62706,4.025593605e+10,43985,7995377099,115.503243,181775.0847
2025-02-16,0.2658260692,1.480759952e+11,40627,69300,17310.90705,3.936245975e+10,41984,5630504678,92.75576832,134110.725
2025-02-17,0.2580696782,1.480896252e+11,44695,74155,19094.05267,3.821744191e+10,46058,6848358419,100.1197752,148689.8784
2025-02-18,0.2505401063,1.481032852e+11,43489,75696,18936.24251,3.710581281e+10,44855,7944087834,90.91952872,177105.96
2025-02-19,0.2546382792,1.481170952e+11,40675,73341,18834.72244,3.771628223e+10,42056,6023187682,84.19451929,143218.2728
2025-02-20,0.2547644803,1.481308651e+11,58913,80111,20962.51967,3.773848287e+10,60290,8215345544,0.03,136263.8173
2025-02-21,0.2391632588,1.481445751e+11,62083,82214,22046.38746,3.543073936e+10,63454,1.002878603e+10,0.02,158048.1299
2025-02-22,0.246935803,1.481581151e+11,70827,80402,20953.67844,3.658554314e+10,72181,1.53226462e+10,0.01,212280.88
2025-02-23,0.2425772407,1.481717251e+11,67323,91788,18810.25551,3.594308823e+10,68684,1.647004947e+10,0.01,239794.5587
2025-02-24,0.211034609,1.481855251e+11,51415,84684,22089.99941,3.127227436e+10,52795,1.960793758e+10,32.85575365,371397.6244
2025-02-25,0.2117782797,1.481992751e+11,95818,103150,24334.2303,3.138538754e+10,97193,2.756529184e+10,0.001,283613.9623
2025-02-26,0.2029798737,1.482129651e+11,128252,88727,22249.052,3.008424894e+10,129621,1.491182598e+10,0.001,115041.7446
2025-02-27,0.2065479251,1.482263751e+11,80577,87414,21299.47759,3.061585023e+10,81918,1.516056771e+10,0.001,185070.0422
2025-02-28,0.2015708696,1.482399751e+11,119154,82758,25969.53285,2.98808607e+10,120514,1.681501912e+10,0.001,139527.5165
2025-03-01,0.2059359757,1.482536051e+11,87337,81566,21450.66452,3.053075083e+10,88700,1.303818702e+10,0.001,146991.9619
2025-03-02,0.2394313728,1.482673351e+11,45521,74531,22683.3549,3.549985159e+10,46894,1.303872053e+10,153.9516262,278046.6697
2025-03-03,0.1997469599,1.48280955e+11,47479,76476,21891.63118,2.961866997e+10,48841,1.363624766e+10,80.99661521,279196.7334
2025-03-04,0.1987453466,1.48294705e+11,45420,74922,20560.26301,2.947288254e+10,46795,9780087337,121.533001,208998.5541
2025-03-05,0.2047586059,1.483082948e+11,59754,73020,20926.61642,3.036739969e+10,61113,7921099940,85.5853025,129613.9928
2025-03-06,0.2022629174,1.483218447e+11,63964,91497,22145.39844,3.000000902e+10,65319,8836367815,27.62226598,135280.2066
2025-03-07,0.1975396307,1.483356545e+11,54093,78530,21725.27113,2.930217041e+10,55474,1.588135731e+10,123.61264,286284.6975
2025-03-08,0.1920734196,1.483492345e+11,270603,269398,21472.8969,2.849394477e+10,271961,1.565036848e+10,0.01,57546.37056
2025-03-09,0.1677160134,1.483629445e+11,41580,78837,21774.71016,2.488284159e+10,42951,2.113540542e+10,124.4109371,492081.8006
2025-03-10,0.1550070482,1.483766945e+11,80921,106300,23451.40811,2.299943343e+10,82296,2.649656805e+10,0.02,321966.6576
2025-03-11,0.1646540706,1.483901545e+11,49489,81860,22417.10898,2.443304297e+10,50835,3.098006674e+10,57.21036,609423.9548
2025-03-12,0.1718846523,1.484038044e+11,374953,391453,24289.45508,2.550833632e+10,376318,3.611368629e+10,0.001,95965.87538
2025-03-13,0.1651059374,1.484174344e+11,135501,142561,23098.23621,2.450459964e+10,136864,6.708161501e+10,0.001,490133.3807
2025-03-14,0.1721126209,1.484311544e+11,257721,278794,26179.74717,2.554687501e+10,259093,5.414091289e+10,0.0125,208963.2406
2025-03-15,0.176025776,1.484448244e+11,156046,228097,21657.03572,2.613011541e+10,157413,5.135488079e+10,0.0125,326242.9456
2025-03-16,0.168020621,1.484583244e+11,144880,174839,19813.88191,2.494405986e+10,146230,4.20481199e+10,0.0125,287547.8349
2025-03-17,0.1735250379,1.484719944e+11,45392,73492,18665.35675,2.576360845e+10,46759,4.286722197e+10,23.96284824,916769.4342
2025-03-18,0.1680505321,1.484858044e+11,43017,70357,18431.61681,2.495311844e+10,44398,4.713285258e+10,322.4209657,1061598.554
2025-03-19,0.1777185066,1.484994044e+11,48550,71363,19986.91896,2.639109238e+10,49910,4.146703198e+10,229.4258972,830836.1447
2025-03-20,0.1691775485,1.485131944e+11,51672,80550,20527.33536,2.512509815e+10,53051,3.51273149e+10,143.3351749,662142.3705
2025-03-21,0.1672031024,1.485267744e+11,47431,68882,20795.2672,2.483413747e+10,48789,4.502030457e+10,271.8846349,922755.2229
2025-03-22,0.1670378683,1.485405944e+11,38074,66948,17277.82709,2.481190424e+10,39456,4.13134785e+10,268.54789,1047077.213
2025-03-23,0.1719829641,1.485542544e+11,35064,68361,16797.75301,2.5548801e+10,36430,3.461707403e+10,169.65015,950235.3563
2025-03-24,0.1825666802,1.485679144e+11,61369,81554,21565.7337,2.712355091e+10,62735,4.293909653e+10,0.02,684452.0049
2025-03-25,0.1904231047,1.485815844e+11,40182,71450,20817.69095,2.829336659e+10,41549,4.836119433e+10,159.1840942,1163955.675
2025-03-26,0.1945555382,1.485953744e+11,43263,72885,20877.79754,2.891005304e+10,44642,4.283200672e+10,140.5532195,959455.372
2025-03-27,0.1908127536,1.486089544e+11,40521,73008,20113.85969,2.835648379e+10,41879,3.765708601e+10,152.9205767,899187.8033
2025-03-28,0.1803084838,1.486226844e+11,42392,77362,21588.15717,2.679793087e+10,43765,4.259297812e+10,144.1227998,973220.1102
2025-03-29,0.1689214932,1.486364244e+11,42551,65929,19221.59351,2.510788675e+10,43925,3.855232407e+10,86.29545055,877685.2378
2025-03-30,0.1661372219,1.486500844e+11,40241,64811,18327.06122,2.469631206e+10,41607,3.61248661e+10,65.3754714,868240.1062
2025-03-31,0.1662724756,1.486637844e+11,36856,70599,19607.26378,2.471869545e+10,38226,3.622646845e+10,220.0222372,947691.8445
2025-04-01,0.1741832345,1.486775044e+11,36538,67301,19017.58612,2.58971286e+10,37910,3.708938737e+10,203.6649401,978353.6633
2025-04-02,0.1641474235,1.486910144e+11,35298,65568,19047.51261,2.44072469e+10,36649,3.916060489e+10,200.4589412,1068531.335
2025-04-03,0.161390648,1.487047844e+11,27051,66941,18520.45774,2.399956151e+10,28428,4.443389967e+10,970.9521203,1563032.914
2025-04-04,0.1708819623,1.487185943e+11,37894,67446,19257.9892,2.541332523e+10,39275,3.624680883e+10,245.618745,922897.7424
2025-04-05,0.1685548413,1.487323543e+11,39116,63733,18105.4182,2.506955837e+10,40492,3.352406255e+10,115.6378712,827918.1702
2025-04-06,0.1483588082,1.487461243e+11,42162,66060,17384.41179,2.206779773e+10,43539,4.361712555e+10,256.86128,1001794.381
2025-04-07,0.1495406517,1.487599943e+11,52173,77288,23644.02281,2.224566649e+10,53560,5.712979111e+10,122.009685,1066650.319
2025-04-08,0.1419196403,1.487736642e+11,50199,71901,22287.11275,2.11139049e+10,51566,5.103045792e+10,357.9340725,989614.4343
2025-04-09,0.1607038493,1.487873742e+11,54702,102779,29654.20662,2.391070375e+10,56073,3.626217548e+10,443.4251439,646695.8336
2025-04-10,0.153708939,1.488010041e+11,51376,86329,22545.63171,2.287204446e+10,52739,9558092040,346.54113,181233.8505
2025-04-11,0.1599095246,1.488146541e+11,46976,68324,20714.44714,2.379688059e+10,48341,1.336972228e+10,246.495605,276571.0738
2025-04-12,0.1677351287,1.488282441e+11,60249,67244,20243.38182,2.496372468e+10,61608,1.103062876e+10,18.43472257,179045.396
2025-04-13,0.1624893194,1.488418741e+11,50213,67817,18319.92926,2.418521482e+10,51576,8761000264,9,169865.8342
2025-04-14,0.1588327562,1.48855494e+11,43729,64135,16968.45945,2.364312839e+10,45091,9586909431,100.5808875,212612.4821
2025-04-15,0.1537205968,1.48869134e+11,40045,66419,17582.18486,2.288425213e+10,41409,8474317986,106.2494861,204649.1822
2025-04-16,0.1547115631,1.48882864e+11,41914,61979,17147.50215,2.303390062e+10,43287,7935241274,53.45497723,183316.9606
2025-04-17,0.1559081183,1.48896374e+11,42084,62802,17518.59374,2.321415349e+10,43435,8756013225,33.2157387,201588.8851
2025-04-18,0.1576239322,1.48910134e+11,29982,55733,16216.10817,2.347180087e+10,31358,7376522715,371.7540095,235235.7521
2025-04-19,0.1572567538,1.48923714e+11,24189,55523,14698.18766,2.341925983e+10,25547,6416598568,821.2931868,251168.3786
2025-04-20,0.1550598996,1.48937454e+11,23992,53056,13460.52726,2.309422666e+10,25366,6079846446,847.6926519,239684.8713
2025-04-21,0.158824727,1.48951144e+11,25587,56361,15703.72079,2.365712479e+10,26956,8708770514,829.9967302,323073.5463
2025-04-22,0.1782770824,1.48964784e+11,38695,61185,19024.23294,2.655700708e+10,40059,8399840290,196.1855349,209686.7193
2025-04-23,0.1788285516,1.489782839e+11,39518,66587,18547.9096,2.664157074e+10,40868,1.066278736e+10,193.9983888,260907.9809
2025-04-24,0.1821922691,1.489920139e+11,55699,61903,17282.71315,2.71451931e+10,57072,9562511149,0.01,167551.7092
2025-04-25,0.1820988377,1.490055939e+11,42266,62283,17701.89809,2.713374547e+10,43624,7850446098,88.78349642,179957.0442
2025-04-26,0.1817661493,1.490193539e+11,56746,59663,16430.42929,2.708667414e+10,58122,7604023286,30.02061063,130828.6584
2025-04-27,0.1797696865,1.490330939e+11,69011,62587,16162.15175,2.679163258e+10,70385,8167988174,0.01,116047.2853
2025-04-28,0.1788760403,1.490468239e+11,41936,67054,16623.48909,2.666090568e+10,43309,6516159327,565.49278,150457.3952
2025-04-29,0.1739268625,1.490606139e+11,50238,66071,18087.77802,2.59256449e+10,51617,6408983567,94.18099,124164.2011
2025-04-30,0.1725610118,1.490742339e+11,42285,64473,16880.20719,2.572440064e+10,43647,1.235926888e+10,320.67058,283164.224
2025-05-01,0.1807446164,1.490880639e+11,47206,62784,18150.51209,2.694686493e+10,48589,1.152322878e+10,165.0238388,237157.1503
2025-05-02,0.181349763,1.491018339e+11,42900,61414,17942.66998,2.703958224e+10,44277,1.247074227e+10,93.3925379,281652.8282
2025-05-03,0.1757988225,1.491155239e+11,55755,58438,15745.94506,2.621433352e+10,57124,9299887311,49.86439367,162801.7525
2025-05-04,0.1705197646,1.491291239e+11,44185,58144,14932.01688,2.542946311e+10,45545,8425974131,241.9627662,185003.2744
2025-05-05,0.1709435894,1.491427639e+11,47987,61567,15861.30015,2.549499941e+10,49351,8677091640,405.14362,175824.0287
2025-05-06,0.1718711747,1.491563739e+11,48780,62459,17023.9835,2.56356812e+10,50141,9567970966,199.753157,190821.3033
2025-05-07,0.1722425302,1.491698239e+11,57052,62019,17984.12337,2.56933879e+10,58397,8586295580,5.1949,147033.1623
2025-05-08,0.196684925,1.491835639e+11,59932,70909,20472.61921,2.934215809e+10,61306,1.299981733e+10,45.87699079,212048.0431
2025-05-09,0.20501239,1.491972939e+11,71891,71330,21446.785,3.058729382e+10,73264,1.35381538e+10,0.01,184785.8949
2025-05-10,0.2482038459,1.492109239e+11,55516,76889,22300.19645,3.703472517e+10,56879,9849185799,29.18926436,173160.3193
2025-05-11,0.2317060098,1.492247439e+11,42938,68345,20231.87646,3.457626998e+10,44320,9155326271,96.51922457,206573.2462
2025-05-12,0.2317920394,1.492385139e+11,43670,74763,21280.51557,3.459229951e+10,45047,1.395240842e+10,159.0086928,309730.0245
2025-05-13,0.2407512752,1.492520539e+11,454776,469632,25377.87184,3.593262231e+10,456130,9743844673,0.0125,21361.99038
2025-05-14,0.2324274659,1.492658439e+11,661683,674632,26262.63795,3.469348185e+10,663062,1.185753687e+10,0.0125,17882.99868
2025-05-15,0.2181190486,1.492795339e+11,70246,79812,19779.06897,3.256070992e+10,71615,1.634814963e+10,0.01,228278.2884
2025-05-16,0.2222190681,1.492933739e+11,53235,75495,18260.26802,3.317583443e+10,54619,9932467806,20.01958574,181850.0486
2025-05-17,0.2146679935,1.493069439e+11,36523,64559,16112.18845,3.205142207e+10,37880,8705058742,238.9173959,229806.197
2025-05-18,0.2308679465,1.493203839e+11,34971,59241,15588.47716,3.447329041e+10,36315,7805738532,137.5355603,214945.299
2025-05-19,0.2241595305,1.493341639e+11,49921,61637,17148.76651,3.347467608e+10,51299,9696592649,7.194212,189021.0852
2025-05-20,0.2264146926,1.493479839e+11,37607,61279,17714.55812,3.381457787e+10,38989,1.279299747e+10,120.2023495,328118.1223
2025-05-21,0.2348278256,1.493616439e+11,36541,62994,18769.94512,3.507427007e+10,37907,1.283863956e+10,169.9485946,338687.8298
2025-05-22,0.2444285536,1.493752939e+11,38781,66915,18742.14524,3.651158704e+10,40146,1.312688467e+10,295.9927618,326978.6446
2025-05-23,0.2256100026,1.493888439e+11,37291,65379,19335.35679,3.370361747e+10,38646,1.334064514e+10,270.5166055,345201.1888
2025-05-24,0.2252160735,1.494025839e+11,37121,57549,15405.29323,3.364786332e+10,45845,9904192330,68.8900443,216036.4779
2025-05-25,0.2244057767,1.494161039e+11,33875,57545,14116.33849,3.352983686e+10,43979,1.005159674e+10,170.8913081,228554.4633
2025-05-26,0.2257232566,1.494296539e+11,42566,68969,15947.53704,3.372974812e+10,43921,8575688982,49.73033388,195252.5895
2025-05-27,0.2260148665,1.494432839e+11,35842,59552,15475.02822,3.377640387e+10,42106,9857092269,324.32313,234101.8446
2025-05-28,0.2208324577,1.494568839e+11,45327,58492,15641.18784,3.3004931e+10,47313,7857566383,179.3757525,166076.2662
2025-05-29,0.2156177063,1.494704839e+11,40185,62003,16435.78224,3.222848291e+10,46521,1.168950571e+10,147.13008,251273.7411
2025-05-30,0.1931465591,1.494839439e+11,37775,58347,16703.85146,2.887230942e+10,44985,1.300245414e+10,183.6348925,289039.772
2025-05-31,0.19286325,1.494976239e+11,38743,59204,15669.07421,2.883259762e+10,40111,1.754093868e+10,475.78558,437309.932
2025-06-01,0.1939439426,1.495112139e+11,31141,55220,13935.41313,2.899679429e+10,32500,6556739025,400.10323,201745.8161
2025-06-02,0.1954030915,1.495249439e+11,31852,59580,15702.38522,2.92176363e+10,33617,8176483659,294.3406485,243224.6678
2025-06-03,0.1932830922,1.495385839e+11,34658,56492,15027.11076,2.89032799e+10,39547,8148239325,170.1419367,206039.3791
2025-06-04,0.1882462117,1.495521439e+11,33370,58011,15975.35523,2.815262454e+10,34726,1.652288145e+10,261.6648563,475807.2178
2025-06-05,0.1717809369,1.495658439e+11,34002,58349,16918.01932,2.569256079e+10,44236,2.564781562e+10,272.6391439,579795.0905
2025-06-06,0.1792110472,1.495794839e+11,39467,56812,15228.08599,2.680629594e+10,40831,2.34097321e+10,101.889015,573332.3235
2025-06-07,0.1849759166,1.495930939e+11,34185,55625,14185.05643,2.767111965e+10,39611,1.00750106e+10,110.8048645,254348.8071
2025-06-08,0.1842473275,1.496067539e+11,33412,52575,12814.26259,2.756464458e+10,39560,7682131788,102.3404287,194189.3779
2025-06-09,0.1943602277,1.496205739e+11,29217,52827,13933.02283,2.908028881e+10,30599,8474342966,377.7098021,276948.3632
2025-06-10,0.1977415338,1.496341239e+11,36212,55349,14756.81932,2.958888116e+10,37567,8384166730,136.2567987,223179.0329
2025-06-11,0.1929622057,1.496477239e+11,27593,55156,16433.94767,2.887635487e+10,28953,1.246932382e+10,772.9315811,430674.6733
2025-06-12,0.1817768789,1.496614139e+11,25960,50560,14044.22002,2.720498471e+10,27329,1.089676318e+10,679.0744579,398725.2802
2025-06-13,0.1799640054,1.496751739e+11,28037,53601,15055.936,2.693614379e+10,29413,1.133830438e+10,1000.761623,385486.1584
2025-06-14,0.178271836,1.496888739e+11,24235,49426,12759.55284,2.668531038e+10,25605,1.077442189e+10,797.8349025,420793.6686
2025-06-15,0.1755218818,1.497025139e+11,28493,49990,12585.52841,2.627606694e+10,29857,6248337620,363.3168365,209275.4671
2025-06-16,0.1743900091,1.497161339e+11,53782,66936,15166.39815,2.610899795e+10,61047,9814077364,0.001,160762.6479
2025-06-17,0.1697639426,1.497297039e+11,49877,66687,15123.04633,2.541870484e+10,51234,1.325594213e+10,0.001,258733.3047
2025-06-18,0.1705425304,1.497434739e+11,170358,165749,26766.29815,2.553763095e+10,171735,9274737155,0.001,54006.09751
2025-06-19,0.1709966636,1.497571039e+11,168739,140130,24820.9349,2.560796511e+10,170102,7465036014,0.001,43885.64516
2025-06-20,0.1622413768,1.497707739e+11,116713,96255,15666.54321,2.429901656e+10,118080,1.083321692e+10,0.001,91744.72323
2025-06-21,0.1531438763,1.497845539e+11,679324,517026,23815.33747,2.293858719e+10,680702,6522826179,0.001,9582.498919
2025-06-22,0.1511172836,1.497981239e+11,34744,57808,17414.09628,2.263708557e+10,36101,6671955689,107.9320558,184813.5977
2025-06-23,0.1645156277,1.498118639e+11,34822,61912,31962.0712,2.464639282e+10,46119,1.118224481e+10,125.44334,242465.032
2025-06-24,0.1654142984,1.498256039e+11,33770,69896,13855.89603,2.478329714e+10,35144,8092661733,169.1782468,230271.5039
2025-06-25,0.1643923628,1.498392939e+11,34122,59469,14591.89807,2.463243556e+10,35491,8318355262,239.1261721,234379.2866
2025-06-26,0.1600134549,1.498530239e+11,37669,60142,14380.98674,2.397850008e+10,39042,7537544652,274.2674266,193062.4623
2025-06-27,0.1610084224,1.498667439e+11,32558,52320,15019.37729,2.4129808e+10,33930,7234274172,304.3128401,213211.7351
2025-06-28,0.1637701887,1.498804738e+11,35039,63184,13780.73398,2.454595347e+10,36412,6574569759,134.6263581,180560.5229
2025-06-29,0.1695017907,1.498941738e+11,43685,62384,15116.0682,2.540733087e+10,52695,7869751886,13.917278,149345.3247
2025-06-30,0.1651741453,1.499077238e+11,38000,119768,18508.3187,2.476088015e+10,39355,9388967828,162.4213506,238571.1556
2025-07-01,0.1575087333,1.499215238e+11,35007,59579,14907.93912,2.361394931e+10,36387,7415474699,252.5590581,203794.6162
2025-07-02,0.1692086857,1.499351038e+11,33494,55938,14788.69828,2.537032186e+10,34852,8799829842,297.8423632,252491.3877
2025-07-03,0.1720798695,1.499487938e+11,32896,58391,15640.57144,2.580316887e+10,34265,1.046524755e+10,355.4553,305420.9121
2025-07-04,0.1629394408,1.499625138e+11,30897,52613,14710.73333,2.443480813e+10,36641,9962344758,297.8452507,271890.635
2025-07-05,0.1643429585,1.499763038e+11,30615,51012,12458.16699,2.464754947e+10,31994,6329744518,156.5706234,197841.6115
2025-07-06,0.1718565379,1.499900138e+11,29976,51727,13441.77703,2.577676449e+10,35316,6178021982,206.7367271,174935.4961
2025-07-07,0.1677187905,1.500035538e+11,37689,57537,15187.75296,2.515841462e+10,39043,7770425303,153.134155,199022.2397
2025-07-08,0.1710232028,1.500170338e+11,72070,71097,14513.32754,2.56563936e+10,83418,7131161715,0.001,85487.0857
2025-07-09,0.1813104608,1.500306038e+11,69307,58989,15418.06814,2.720211792e+10,70664,9625225341,0.01,136211.159
2025-07-10,0.1943801736,1.500443238e+11,40919,61054,16511.15307,2.91656417e+10,42291,1.330113075e+10,211.2676766,314514.4533
2025-07-11,0.2012680585,1.500579538e+11,53121,68546,19503.55405,3.020187303e+10,62287,2.294234924e+10,97.22965344,368332.8662
2025-07-12,0.1970001094,1.500715338e+11,34147,56198,14821.44255,2.956410858e+10,35505,1.793256973e+10,282.777747,505071.6723
2025-07-13,0.1981754981,1.500850838e+11,44334,56848,13864.58127,2.974318625e+10,45689,1.701765029e+10,6.79837819,372467.121
2025-07-14,0.1972418332,1.500985438e+11,39914,68357,15975.27401,2.960571194e+10,41260,1.932566642e+10,195.8030838,468387.4557
2025-07-15,0.1986823684,1.501122638e+11,35680,57197,15978.05366,2.982466009e+10,42886,2.029008824e+10,236.2764361,473116.8269
2025-07-16,0.2128098937,1.501259638e+11,44808,66017,16740.68837,3.194829039e+10,46178,1.960961102e+10,94.18492435,424652.6706
2025-07-17,0.2192550711,1.501394438e+11,52187,63646,18927.90571,3.291883443e+10,53535,1.921271664e+10,8.81471807,358881.4167
2025-07-18,0.2353881056,1.501530838e+11,54600,76457,21559.26338,3.534424995e+10,65093,2.555678581e+10,167.6818125,392619.5722
2025-07-19,0.2413750155,1.501665338e+11,44021,60967,17098.31538,3.624644942e+10,45366,1.283268984e+10,117.4582687,282870.2076
2025-07-20,0.272872521,1.501801538e+11,60988,64644,18802.29259,4.098003718e+10,78084,1.550479348e+10,0.02,198565.5638
2025-07-21,0.2713646016,1.501937938e+11,73030,71882,19678.32372,4.075727902e+10,99058,1.385744126e+10,0.01,139892.1971
2025-07-22,0.2699061615,1.502075238e+11,45351,70177,17244.45862,4.054193618e+10,46724,1.349169924e+10,152.4694184,288753.087
2025-07-23,0.2410352692,1.502212638e+11,48012,70227,17199.76905,3.620862277e+10,49386,1.732210209e+10,138.35599,350749.2425
2025-07-24,0.2320899265,1.502348438e+11,49257,64205,15812.39965,3.486799386e+10,68495,2.319170179e+10,49.56992,338589.7042
2025-07-25,0.2363097605,1.502483338e+11,38325,59282,15901.6006,3.550514778e+10,45767,1.576983164e+10,252.5964773,344567.7375
2025-07-26,0.2359164083,1.502619538e+11,87990,56508,14868.48621,3.544926044e+10,132423,1.019249116e+10,0.001,76969.19084
2025-07-27,0.2405292365,1.502755438e+11,82008,58796,14459.66382,3.614566181e+10,100041,9803868555,3.6443,97998.50616
2025-07-28,0.2259002517,1.502892538e+11,42583,57840,15158.50677,3.395038027e+10,50583,1.193202289e+10,934.6597385,235889.9807
2025-07-29,0.2236153536,1.503028038e+11,45999,60104,14727.96267,3.361001462e+10,47354,1.107667761e+10,606.0315657,233912.1851
2025-07-30,0.2197634249,1.503165438e+11,35351,60391,14623.70994,3.303407849e+10,41376,1.014693836e+10,202.4426725,245237.296
2025-07-31,0.2101233337,1.503301138e+11,34722,56537,13881.10985,3.158786467e+10,36079,7984583718,197.3315,221308.3433
2025-08-01,0.2007524638,1.503438438e+11,48324,57808,16023.29203,3.018189706e+10,49697,1.243165078e+10,74.03258999,250148.918
2025-08-02,0.1910263267,1.503575138e+11,42937,54863,13552.45675,2.872224356e+10,49608,1.113333261e+10,101.35917,224426.1533
2025-08-03,0.1991087084,1.503711338e+11,133775,83305,14558.312,2.994020223e+10,135137,8864073487,8.42096,65593.23862
2025-08-04,0.2105913474,1.503848338e+11,52553,59238,13504.22363,3.166974478e+10,53923,1.037843342e+10,18.565,192467.6561
2025-08-05,0.1998008149,1.503983238e+11,72593,54606,13589.38246,3.004970765e+10,73942,9502911444,0.07959,128518.4529
2025-08-06,0.2051910247,1.504119238e+11,70280,61194,12606.30413,3.086317678e+10,78228,9571268672,0.08956,122350.9315
2025-08-07,0.222218587,1.504254838e+11,99831,68135,15268.28684,3.342733845e+10,101187,1.5677188e+10,0.001,154932.8273
2025-08-08,0.230698745,1.504391038e+11,49782,59903,15523.0784,3.470611245e+10,51144,1.373778834e+10,4.001403,268609.9707
2025-08-09,0.2404790309,1.504527138e+11,40864,56528,15518.4396,3.61807228e+10,42225,1.140187036e+10,96.39987786,270026.5332
2025-08-10,0.23371929,1.504662938e+11,44191,51850,12851.48052,3.516687535e+10,57006,1.189133075e+10,16.9548754,208597.8801
2025-08-11,0.2227862061,1.504799738e+11,113939,66459,14452.50772,3.352486246e+10,161279,1.723466752e+10,2.187,106862.4403
2025-08-12,0.2359748807,1.504936338e+11,50318,59241,14956.90084,3.551271729e+10,51684,9505463138,168.355,183915.0054
2025-08-13,0.2455518992,1.505072338e+11,74743,97388,16579.02088,3.69573371e+10,76103,1.430142137e+10,0.01,187921.9133
2025-08-14,0.2238455599,1.505207838e+11,50300,58878,15654.66021,3.369340912e+10,59162,1.906882638e+10,409.1174544,322315.4455
2025-08-15,0.2281502715,1.505343238e+11,27378,53166,14383.19846,3.434444685e+10,28732,1.456088692e+10,878.5960528,506782.9222
2025-08-16,0.2306511853,1.505480038e+11,27070,51236,13042.21802,3.472407552e+10,28438,8204338178,456.1299536,288499.1271
2025-08-17,0.2353278215,1.505617538e+11,36123,54636,12982.97605,3.543136952e+10,44217,1.138277716e+10,151.5731841,257429.8836
2025-08-18,0.2229966491,1.505754438e+11,35655,56180,14089.6617,3.357781941e+10,37024,1.140345299e+10,235.6810931,308001.6473
2025-08-19,0.2101824273,1.505888838e+11,38435,59563,13438.11114,3.165113712e+10,44097,1.116635209e+10,193.9814629,253222.4889
2025-08-20,0.2216973082,1.506026838e+11,53258,58278,14119.37362,3.338820961e+10,61402,1.274765734e+10,383.929031,207609.8066
2025-08-21,0.2148299104,1.506163338e+11,52273,54593,14281.83427,3.235689349e+10,53638,1.019056591e+10,575.653565,189987.8055
2025-08-22,0.2405615046,1.506300138e+11,36714,57762,15300.14456,3.623578276e+10,38082,1.344617907e+10,386.8550421,353084.8975
2025-08-23,0.2360510196,1.506436438e+11,37510,54989,14600.35728,3.555958571e+10,38873,1.331360257e+10,406.6184316,342489.7119
2025-08-24,0.2322083793,1.506573038e+11,34128,54358,12434.90689,3.498388834e+10,35494,1.044574937e+10,335.3594041,294296.2014
2025-08-25,0.2094716076,1.506711038e+11,38191,61480,13683.26715,3.156131833e+10,56023,1.397057438e+10,37.7298665,249372.1218
2025-08-26,0.2186675201,1.506847138e+11,73092,58042,13300.49759,3.294985268e+10,87387,1.607023813e+10,0.05539986,183897.3546
2025-08-27,0.2194638127,1.506985838e+11,134407,101620,13748.79747,3.307288577e+10,142150,1.184758001e+10,0.1074,83345.6209
2025-08-28,0.2243749576,1.507120638e+11,67885,90894,15068.48576,3.381601293e+10,69233,1.345963365e+10,2.24494708,194410.6661
2025-08-29,0.2138473503,1.507256138e+11,55183,63997,15577.56512,3.223227313e+10,56538,1.127496096e+10,24.51869555,199422.7061
2025-08-30,0.215893065,1.507391938e+11,50760,52495,12326.27799,3.254354656e+10,56455,8501571619,0.08,150590.2333
2025-08-31,0.2139967012,1.507528738e+11,50740,72149,11839.36894,3.226061769e+10,52108,9394326922,0.63490445,180285.6936
2025-09-01,0.2095725566,1.507665338e+11,52363,56429,13573.29084,3.159652793e+10,62987,1.243380609e+10,0.147,197402.7354
2025-09-02,0.2147716132,1.507802038e+11,30712,53241,12619.86569,3.238330761e+10,32079,9493441799,211.4117847,295939.4557
2025-09-03,0.2206597438,1.507940238e+11,149944,67901,13485.71813,3.327417065e+10,151326,1.168657434e+10,0.06879992,77227.80184
2025-09-04,0.2129076229,1.508078238e+11,49299,69882,12334.70804,3.210813529e+10,58960,1.12293093e+10,1.002841,190456.3993
2025-09-05,0.2181574056,1.508213838e+11,47938,76475,14222.16276,3.290280179e+10,49294,9522486782,1.03600006,193177.4005
2025-09-06,0.2165138128,1.508350038e+11,33817,48760,11757.6478,3.265786178e+10,44055,1.370499561e+10,66.97324043,311088.3125
2025-09-07,0.2285814062,1.508486638e+11,35345,56606,11811.84055,3.448119969e+10,36711,7807206890,45.42184142,212666.6909
2025-09-08,0.2423056654,1.508623738e+11,39993,64358,15037.76344,3.655480786e+10,45396,1.546638973e+10,294.8432826,340699.3949
2025-09-09,0.2408517076,1.508760438e+11,42223,59684,14559.45465,3.633875278e+10,44121,1.293808611e+10,116.2384621,293240.9989
2025-09-10,0.2450931613,1.508896738e+11,36569,58711,13284.75326,3.698202715e+10,37932,1.108181535e+10,276.3947476,292149.5137
2025-09-11,0.255938764,1.509032038e+11,40616,61458,15076.02283,3.862197947e+10,41969,1.386557257e+10,333.024428,330376.5295
2025-09-12,0.2757186836,1.509166538e+11,74104,68821,18737.52323,4.161054112e+10,75449,1.299393928e+10,0.291,172221.4911
2025-09-13,0.2895443152,1.509302937e+11,62704,65909,18702.99378,4.370100854e+10,84643,2.63547533e+10,5.43598425,311363.6485
2025-09-14,0.2785688507,1.509439737e+11,40903,58016,15817.70909,4.204828928e+10,42271,1.49411602e+10,99.50684269,353461.2429
2025-09-15,0.2683529995,1.509574636e+11,34438,79458,13944.26349,4.050988816e+10,35787,1.671877572e+10,198.6031706,467174.5527
2025-09-16,0.2700212412,1.509713636e+11,34153,63602,13219.73937,4.0765475e+10,42286,1.742125643e+10,110.9959603,411986.3887
2025-09-17,0.2818887438,1.509850736e+11,34289,55752,13713.98963,4.256099274e+10,35660,9527327124,538.5779324,267171.2598
2025-09-18,0.2782709673,1.509988136e+11,34704,56059,14531.83807,4.201858594e+10,36078,1.045037498e+10,341.2487548,289660.5959
2025-09-19,0.2648950752,1.510123536e+11,65445,52480,13428.97391,4.000242878e+10,66799,1.281293197e+10,0.2442,191813.2303
2025-09-20,0.267465174,1.510258936e+11,27491,51487,11605.23636,4.039416692e+10,32537,1.232597846e+10,333.349317,378829.5929
2025-09-21,0.2612713983,1.510396036e+11,30375,54670,11566.51958,3.946232844e+10,35942,1.021382845e+10,126.0634781,284175.2949
2025-09-22,0.2411915442,1.510532336e+11,31728,55076,13558.97584,3.643276268e+10,38293,1.404773068e+10,322.145895,366848.528
2025-09-23,0.237798687,1.510668136e+11,30110,53949,11938.71413,3.592348992e+10,31468,1.374494329e+10,251.7713611,436791.1304
2025-09-24,0.2410178801,1.510806236e+11,73853,56990,12208.52959,3.641313163e+10,111000,1.748166433e+10,0.3726,157492.4715
2025-09-25,0.2227983276,1.510943036e+11,47577,61112,15871.40046,3.366355816e+10,48945,1.740457517e+10,0.2006618,355594.5484
2025-09-26,0.2322136007,1.511079236e+11,37344,53575,12516.56703,3.508931504e+10,57597,1.640040676e+10,68.31947267,284744.1144
2025-09-27,0.2309466863,1.511214636e+11,33103,49386,11523.05985,3.490100125e+10,38450,9897188737,114.5164399,257404.1284
2025-09-28,0.2369872506,1.511351736e+11,28332,48962,10605.73246,3.581710927e+10,29703,8935350287,219.8087306,300823.1588
2025-09-29,0.2354677175,1.511488036e+11,45774,59489,11941.11934,3.559066379e+10,53505,1.204866914e+10,2.101864,225187.7235
2025-09-30,0.2324480786,1.511624536e+11,37218,54281,12919.84844,3.51374219e+10,38583,1.455892e+10,75.1641096,377340.2794
2025-10-01,0.247749524,1.511761136e+11,34294,56814,13572.97779,3.745381019e+10,35660,1.183875976e+10,256.6282363,331989.898
2025-10-02,0.2616892743,1.511897936e+11,39953,61043,14137.67515,3.956474737e+10,52578,1.678821802e+10,148.1263708,319301.191
2025-10-03,0.2588368613,1.512034636e+11,36045,55507,13286.54846,3.913702994e+10,37412,1.064405056e+10,171.8275674,284508.9959
2025-10-04,0.2508550776,1.512172036e+11,36529,52082,12141.53614,3.793360336e+10,42615,1.008330389e+10,115.5618945,236613.9597
2025-10-05,0.2531919254,1.512307036e+11,43883,67490,12581.8135,3.829039303e+10,45233,1.004833293e+10,1.99887,222146.0643
2025-10-06,0.2666533568,1.512442936e+11,44471,65728,14131.37022,4.03297986e+10,45830,1.167663765e+10,5.356779,254781.5327
2025-10-07,0.2477381077,1.512578536e+11,44635,67155,13447.36886,3.747233442e+10,45991,1.420228496e+10,3.816072,308805.7438
2025-10-08,0.2558410319,1.512714436e+11,47294,66719,13344.07622,3.870144223e+10,62889,1.631386781e+10,3.19315899,259407.3336
2025-10-09,0.2484648764,1.512849036e+11,49601,61356,12587.01305,3.758898487e+10,58332,1.122711742e+10,42.62274874,192469.2694
2025-10-10,0.1950544862,1.512985136e+11,59290,70371,15664.14094,2.951145384e+10,60651,1.853240954e+10,0.45623945,305558.1861
2025-10-11,0.1854213995,1.513121536e+11,45797,67654,15676.71559,2.805651128e+10,69800,3.90226916e+10,75.311228,559064.3496
2025-10-12,0.2072847313,1.513258036e+11,39821,62687,12913.37097,3.136752854e+10,41186,2.121717475e+10,68.98963797,515155.0223
2025-10-13,0.2143565293,1.513394536e+11,38430,56149,12456.11819,3.244060003e+10,39795,2.88350038e+10,149.4341442,724588.6115
2025-10-14,0.2047514316,1.513533336e+11,44625,61163,13095.01962,3.098981173e+10,52554,2.734817046e+10,17.84592876,520382.2822
2025-10-15,0.1962058874,1.513669836e+11,31348,57243,12343.68542,2.969909335e+10,41840,2.652159143e+10,193.8125857,633881.2482
2025-10-16,0.1882597418,1.513806736e+11,37746,63955,12416.24973,2.849888653e+10,44811,2.110896097e+10,77.86048023,471066.5008
2025-10-17,0.1850466643,1.513941736e+11,32705,67351,13404.84985,2.801498682e+10,45617,2.097231119e+10,293.0409292,459747.7079
2025-10-18,0.1895118203,1.514079036e+11,29742,52943,10803.85514,2.869358743e+10,35445,1.309995829e+10,199.9670416,369585.5069
2025-10-19,0.1954500396,1.514215336e+11,27590,54822,10976.84012,2.959534474e+10,28953,1.010650513e+10,258.4438884,349065.9042
2025-10-20,0.1999958304,1.514350736e+11,29866,54502,10842.30258,3.028638329e+10,40742,1.524223443e+10,186.5672616,374116.0089
2025-10-21,0.1947819876,1.514487636e+11,35169,58827,11500.79924,2.949949119e+10,49410,1.661552333e+10,51.59848043,336278.5535
2025-10-22,0.189764225,1.514624636e+11,37055,57714,11466.9246,2.874215702e+10,38425,1.393629485e+10,28.40034,362688.22
2025-10-23,0.1947175007,1.514760936e+11,36535,62939,11846.59783,2.949504637e+10,37898,1.358068567e+10,42.06987289,358348.3474
2025-10-24,0.1976685796,1.514898636e+11,35074,63750,12530.69588,2.994478616e+10,36451,1.107312891e+10,85.91145405,303781.2107
2025-10-25,0.1966923822,1.515035436e+11,30051,50494,9730.499587,2.979959291e+10,36243,1.373645389e+10,90.45192468,379009.8472
2025-10-26,0.2059650116,1.515172136e+11,38598,54211,11236.43226,3.120724466e+10,39965,1.393082994e+10,49.79260305,348575.7523
2025-10-27,0.2004029663,1.515304436e+11,40440,58666,12657.13891,3.036715038e+10,47068,1.582026681e+10,6.5956963,336115.1273
2025-10-28,0.1936841418,1.515440736e+11,42271,59235,13035.84709,2.935168384e+10,52358,1.338847153e+10,0.0775415,255710.1404
2025-10-29,0.1928112341,1.515578236e+11,34409,57563,12085.22531,2.922205101e+10,44061,1.374247835e+10,75.0895106,311896.6512
2025-10-30,0.1820285661,1.515712136e+11,33908,56543,12947.46772,2.759029067e+10,36964,1.419842358e+10,164.7363878,384114.9113
2025-10-31,0.1864854289,1.515847236e+11,32599,53304,12502.11646,2.826834219e+10,33950,1.277660599e+10,305.6579033,376335.9643
2025-11-01,0.1871160671,1.515985136e+11,32300,52133,11103.05391,2.836651764e+10,33679,1.065059764e+10,213.3865865,316238.5354
2025-11-02,0.1858403064,1.516121236e+11,40998,59169,10421.45974,2.817564351e+10,42359,7789479350,38.90838776,183891.9557
2025-11-03,0.1667366035,1.516256936e+11,40181,61104,12490.76508,2.528155315e+10,55996,2.319250189e+10,32.09850314,414181.4039
2025-11-04,0.162668831,1.516394536e+11,48813,59299,13498.64655,2.466701266e+10,67070,2.367044171e+10,1.5870172,352921.4509
2025-11-05,0.1675063452,1.516531036e+11,52696,67490,12447.74813,2.540285712e+10,54061,1.680034598e+10,0.02,310766.4672
2025-11-06,0.1610380965,1.516669136e+11,34114,58081,11769.15611,2.442415107e+10,45594,1.637043415e+10,110.7385846,359047.992
2025-11-07,0.1789419729,1.516806036e+11,37792,58856,13465.71394,2.714202645e+10,61721,2.696125594e+10,67.68061118,436824.6779
2025-11-08,0.1760450895,1.516941936e+11,30342,56263,11219.07014,2.67050179e+10,42530,1.594234929e+10,199.9185688,374849.5014
2025-11-09,0.1791298991,1.517077936e+11,31066,50925,10032.58127,2.717540176e+10,49309,1.39181479e+10,81.13142806,282263.8443
2025-11-10,0.182177525,1.517215036e+11,33066,51053,12176.98981,2.764024802e+10,37792,1.517932124e+10,154.501432,401654.3511
2025-11-11,0.1723042772,1.517352236e+11,36214,48961,11931.03389,2.614462803e+10,45327,1.99861914e+10,115.887921,440933.47
2025-11-12,0.1700945496,1.517489936e+11,32395,51753,11250.8704,2.581167672e+10,54079,2.379246349e+10,117.1735716,439957.5342
2025-11-13,0.1642942648,1.517625436e+11,33624,54473,11904.48512,2.493371553e+10,43703,1.644769158e+10,166.4103491,376351.5451
2025-11-14,0.1573430068,1.517762236e+11,34911,54260,12621.07133,2.388092738e+10,62354,2.564358971e+10,167.0119774,411258.1344
2025-11-15,0.163361804,1.517898536e+11,29978,46883,10663.13437,2.479666432e+10,42674,1.604612281e+10,193.8234946,376016.3756
2025-11-16,0.158685617,1.518036136e+11,33539,52725,11681.39395,2.408905009e+10,50732,1.401629741e+10,110.1413088,276281.1916
2025-11-17,0.1517211889,1.518173236e+11,31871,50933,10996.2385,2.303390484e+10,50239,1.97429004e+10,166.2322622,392979.5657
2025-11-18,0.1615833874,1.518309936e+11,33599,53101,11641.09382,2.453336626e+10,58434,2.839790519e+10,121.7678275,485982.5647
2025-11-19,0.1543256403,1.518446236e+11,28758,47375,11419.1831,2.343351876e+10,52848,2.359028587e+10,446.7064431,446379.9172
2025-11-20,0.1498568339,1.518582136e+11,29384,47932,11798.84936,2.275699109e+10,42489,2.052067167e+10,428.9235372,482964.336
2025-11-21,0.1397591997,1.518718336e+11,35672,57551,12816.02705,2.122548592e+10,64651,2.539306605e+10,200.5567178,392771.4351
2025-11-22,0.1403693811,1.518854436e+11,25960,45082,10721.37183,2.132006571e+10,40537,1.409813765e+10,595.0431478,347784.4353
2025-11-23,0.1452576348,1.518990736e+11,24844,45686,10089.95294,2.206450017e+10,44651,1.581927368e+10,550.7030684,354287.1085
2025-11-24,0.1521174476,1.519127336e+11,31366,51081,11173.90644,2.31085773e+10,92451,3.915831105e+10,103.6814509,423557.4634
2025-11-25,0.1536343095,1.519264736e+11,30480,49294,11079.09083,2.334111887e+10,95575,4.178654862e+10,257.9665087,437212.1227
2025-11-26,0.154749949,1.519400336e+11,31201,50357,11624.78979,2.351271245e+10,63549,2.591803558e+10,215.5874372,407843.3269
2025-11-27,0.152709622,1.519536736e+11,32608,53140,11104.49068,2.320478806e+10,45019,1.7919873e+10,149.7252425,398051.3338
2025-11-28,0.150379118,1.519671436e+11,30440,51522,12068.01005,2.285268502e+10,36041,1.249533601e+10,348.9967859,346697.8166
2025-11-29,0.1485032989,1.519807336e+11,24652,43473,9704.667413,2.256964031e+10,26011,9533853303,584.3254405,366531.5944
2025-11-30,0.1469577425,1.519944836e+11,25706,45776,10189.35808,2.233676619e+10,27081,6513471918,414.0928486,240518.1462
2025-12-01,0.1359481224,1.520080736e+11,31111,50822,12010.39198,2.06652122e+10,32470,9457446895,419.6834099,291267.2281
2025-12-02,0.1463284166,1.520216136e+11,32496,57951,16364.18019,2.2245082e+10,33850,9565987561,194.0988135,282599.3371
2025-12-03,0.1520375516,1.520353236e+11,31626,71696,12599.81992,2.311507836e+10,32997,1.387593439e+10,181.1962461,420521.0895
2025-12-04,0.1475638405,1.520489536e+11,25948,49763,11491.68537,2.243692755e+10,27311,9504541834,499.9769295,348011.4911
2025-12-05,0.1394176976,1.520626036e+11,26418,45420,11241.83818,2.120021809e+10,27783,1.23816459e+10,563.3036041,445655.469
2025-12-06,0.1394760131,1.520764036e+11,24040,46531,10466.15779,2.121101046e+10,25420,9048584885,531.6809986,355963.2134
2025-12-07,0.1381969459,1.520898436e+11,23028,42270,9793.609699,2.101835189e+10,24372,8805182465,531.8168636,361282.7205
2025-12-08,0.142533986,1.521036436e+11,24955,43911,10117.96228,2.167993861e+10,26335,1.036724452e+10,408.2736855,393667.9143
2025-12-09,0.1482904086,1.521172636e+11,26847,46261,10779.50212,2.255753117e+10,28209,1.015444047e+10,348.4011734,359971.657
2025-12-10,0.1438270391,1.521308636e+11,36594,54848,10383.18937,2.188053166e+10,37954,1.081730076e+10,39.11404801,285010.8226
2025-12-11,0.140579806,1.521444136e+11,32069,53510,11202.70121,2.138843214e+10,33424,1.142709984e+10,88.17790994,341883.0733
2025-12-12,0.1370352978,1.521578536e+11,32608,51994,10860.99272,2.085099678e+10,33952,8103369614,37.43764341,238671.3482
2025-12-13,0.1390621529,1.521714336e+11,30584,49052,10069.41263,2.116128717e+10,31976,8117952047,76.94946533,253876.4088
2025-12-14,0.1340428495,1.521848736e+11,34879,52588,9467.675216,2.039929411e+10,36223,6592182508,5.3380803,181988.8609
2025-12-15,0.1295220467,1.521985636e+11,37396,58024,10949.09254,1.971306946e+10,38765,9258957261,11.68397031,238848.3751
2025-12-16,0.1316028658,1.522121536e+11,33487,58235,10254.25279,2.003155562e+10,34846,8852206159,50.05761339,254037.9429
2025-12-17,0.1261020495,1.522256636e+11,36019,54583,10688.45743,1.919596816e+10,37370,1.073957613e+10,19.7178,287384.9647
2025-12-18,0.1221704697,1.522395336e+11,38084,56546,10785.34303,1.859917533e+10,39471,1.242211563e+10,6.64214458,314714.9967
2025-12-19,0.1322717308,1.522532436e+11,36448,55772,11605.40522,2.013880004e+10,37819,1.332802647e+10,7.85027418,352416.1526
2025-12-20,0.1319882036,1.522668036e+11,32704,51808,10042.26055,2.009742188e+10,34060,1.134316241e+10,47.67194057,333034.7156
2025-12-21,0.1309892737,1.522805336e+11,30034,49811,9088.609176,1.994711649e+10,31407,9067987439,69.49520057,288725.0434
2025-12-22,0.1323205338,1.522941436e+11,33220,49616,11683.97704,2.015164238e+10,34581,1.100902686e+10,103.4793851,318354.7861
2025-12-23,0.1292686128,1.523079036e+11,33573,48912,10987.07239,1.968863141e+10,34949,1.001276461e+10,75.60468275,286496.4553
2025-12-24,0.1285590497,1.523216136e+11,32256,52241,11162.09397,1.958232189e+10,33627,9793136341,89.33381129,291228.3683
2025-12-25,0.1236346897,1.523352136e+11,32684,51555,10176.45204,1.883391687e+10,34044,7829861381,34.87860347,229992.4034
2025-12-26,0.1219423765,1.523486836e+11,39388,57149,10850.88392,1.857776053e+10,40735,1.130279844e+10,9.771389,277471.4236
2025-12-27,0.1240527103,1.523623836e+11,46509,65406,10521.75179,1.890096663e+10,47879,1.077611599e+10,0.0815895,225069.7799
2025-12-28,0.1236323966,1.523759536e+11,29677,47904,9933.75327,1.883860433e+10,31034,1.021125437e+10,154.2148184,329034.4259
2025-12-29,0.1227510905,1.523894936e+11,34541,56221,12450.48983,1.870597652e+10,35895,1.261676722e+10,81.90145706,351490.9381
2025-12-30,0.123210844,1.524031336e+11,33570,52526,11994.7184,1.877771872e+10,34934,1.303839109e+10,161.8531374,373229.2635
2025-12-31,0.1172966051,1.524168536e+11,36291,55862,12244.21926,1.787797948e+10,37663,1.578695369e+10,57.53730942,419163.4679
2026-01-01,0.1266330552,1.524303431e+11,47665,64482,10648.45612,1.930272004e+10,49014,1.225821207e+10,0.0788525,250096.1372
2026-01-02,0.1420945498,1.524438831e+11,32626,48462,12410.70705,2.166144494e+10,33980,1.49064432e+10,211.4151383,438682.8486
2026-01-03,0.143133369,1.524575831e+11,28913,45413,10515.40558,2.182176749e+10,30283,1.321229524e+10,202.3037545,436294.1333
2026-01-04,0.1493594522,1.524711031e+11,46875,64658,13392.61125,2.277300043e+10,48227,1.121197627e+10,381.6396532,232483.3863
2026-01-05,0.1520871394,1.524847031e+11,33421,53105,11459.40304,2.31909623e+10,34781,1.075148859e+10,94.91009643,309119.5936
2026-01-06,0.1504686225,1.524983331e+11,34187,55465,10786.83204,2.294621411e+10,35550,1.108439933e+10,48.15777668,311797.4495
2026-01-07,0.146333834,1.525121631e+11,24135,43433,10029.63426,2.231768955e+10,25518,8956868436,455.5419766,351001.9765
2026-01-08,0.142169526,1.525259331e+11,23925,45151,10388.51589,2.168453961e+10,25302,1.042376054e+10,515.5392265,411973.7782
2026-01-09,0.1405478078,1.525395431e+11,22867,39172,9691.601627,2.143909838e+10,24228,1.17773499e+10,499.5647831,486104.9156
2026-01-10,0.1394589517,1.525532331e+11,21366,37680,9461.145808,2.127491396e+10,22735,1.021416772e+10,516.452574,449270.6279
2026-01-11,0.1374936446,1.525670031e+11,34712,52190,9262.27834,2.09769933e+10,36089,7468884239,3.07887,206957.3621
2026-01-12,0.1365708202,1.525806231e+11,32140,50049,9786.91447,2.083806084e+10,33502,9073021669,48.28016975,270820.2994
2026-01-13,0.1483774625,1.525943631e+11,27707,43192,10629.69964,2.264156438e+10,29081,1.092661991e+10,293.5992111,375730.5425
2026-01-14,0.1471999758,1.526081431e+11,29526,45771,10951.64205,2.246391497e+10,30904,1.307713703e+10,276.2246077,423153.541
2026-01-15,0.1399507918,1.526220031e+11,34285,50544,11040.17145,2.135957018e+10,35671,1.161423844e+10,54.50277992,325593.2954
2026-01-16,0.1380699892,1.526355831e+11,42813,58997,10536.21995,2.10743933e+10,44171,1.112757948e+10,0.1831785,251920.4791
2026-01-17,0.1377795073,1.526489931e+11,37973,51890,9183.716055,2.103190306e+10,39314,1.02272273e+10,0.144535,260142.1197
2026-01-18,0.1329676441,1.526625731e+11,41573,57724,8571.214062,2.029918269e+10,42931,1.097379063e+10,0.0870605,255614.6054
2026-01-19,0.1291566602,1.526762931e+11,32596,45026,9476.802298,1.97191601e+10,33968,1.089828277e+10,19.05345455,320839.6954
2026-01-20,0.1232872742,1.526900031e+11,40257,55729,9638.178323,1.882473428e+10,41628,1.603997399e+10,0.1037325,385316.9499
2026-01-21,0.12679688,1.527036731e+11,30208,45844,9216.622647,1.936234931e+10,31575,1.06733288e+10,90.82279319,338030.9991
2026-01-22,0.1241483513,1.527172731e+11,29718,46634,9611.284854,1.895959767e+10,31078,1.076949764e+10,40.07438184,346531.2325
2026-01-23,0.1245256639,1.527308431e+11,43879,58161,10079.89744,1.901890963e+10,45236,7074962719,0.0726455,156401.1566
2026-01-24,0.1241301705,1.527444531e+11,38107,54676,8892.250062,1.8960195e+10,39468,8427679342,0.0810385,213531.9586
2026-01-25,0.1191438368,1.527582431e+11,30992,43109,9105.17582,1.820020319e+10,32371,1.019902823e+10,30.40817701,315066.8262
2026-01-26,0.1223916153,1.527719131e+11,25144,43664,9378.294661,1.869800122e+10,26511,8205711239,255.793298,309521.0003
2026-01-27,0.1260944689,1.527856831e+11,48495,65050,9903.038717,1.926542956e+10,49872,9048184750,0.07511,181428.1511
2026-01-28,0.1249474493,1.527992931e+11,41814,54218,10426.6973,1.909188192e+10,43175,9625337640,0.535007,222937.7566
2026-01-29,0.1169707484,1.528129931e+11,51371,62485,10884.29582,1.787465016e+10,52741,9632267478,0.2513595,182633.3873
2026-01-30,0.1155489457,1.528265631e+11,64742,79967,12242.89529,1.765894824e+10,66099,9634719116,0.07213,145761.9497
2026-01-31,0.1038703735,1.528403431e+11,71261,87726,12196.48418,1.587558352e+10,72639,1.063772212e+10,0.0659135,146446.4285
2026-02-01,0.1042596499,1.528539831e+11,45970,64307,10310.42078,1.593650277e+10,47334,2.012878437e+10,0.0776065,425250.0184
2026-02-02,0.1079985753,1.528676231e+11,70966,87142,11303.16414,1.65094855e+10,72330,2.382710429e+10,0.0657695,329422.1525
2026-02-03,0.1057923119,1.528812431e+11,29091,46538,10797.07163,1.617366014e+10,30453,2.195573339e+10,290.4233254,720971.1159
2026-02-04,0.103788637,1.528949331e+11,36083,54326,10908.99627,1.58687567e+10,37452,2.006485739e+10,20.96769125,535748.622
2026-02-05,0.08910717276,1.529084631e+11,61990,79385,15102.43966,1.362524084e+10,63343,2.685703473e+10,0.095092,423993.7282
2026-02-06,0.09862992042,1.529221531e+11,61228,76598,12815.23224,1.508269979e+10,62597,2.552880042e+10,0.094904,407827.8578
2026-02-07,0.09811331812,1.529356531e+11,62694,78862,9843.788163,1.500502438e+10,64044,1.733860368e+10,0.065808,270729.556
2026-02-08,0.09676553943,1.529494231e+11,41505,59940,9296.586673,1.480023343e+10,42882,1.682349228e+10,0.2624335,392320.6072
2026-02-09,0.09626556553,1.529631631e+11,27296,43902,9587.661568,1.47250854e+10,28670,1.897432485e+10,313.5363245,661818.0972
2026-02-10,0.09271529505,1.529767931e+11,27518,46436,10057.0518,1.418328851e+10,28881,1.59636211e+10,219.9079783,552737.8243
2026-02-11,0.09087676715,1.529903531e+11,27690,44833,9918.278663,1.390326869e+10,29046,1.459494084e+10,240.868974,502476.7898
2026-02-12,0.09301189351,1.530039531e+11,60766,76701,10237.00981,1.423118739e+10,62126,1.461367069e+10,0.066077,235226.3254
2026-02-13,0.09662204142,1.530176531e+11,52649,60320,10911.38648,1.478487801e+10,54019,1.287812558e+10,0.63740875,238399.9256
2026-02-14,0.1110275599,1.530312931e+11,44249,59567,10333.89793,1.699069106e+10,45613,1.285597687e+10,0.22292,281848.9657
2026-02-15,0.1023997687,1.530448031e+11,40763,45617,10377.69395,1.567175243e+10,42114,1.421275145e+10,793.4097412,337482.8193
2026-02-16,0.1008801732,1.530583431e+11,56619,60872,9646.710873,1.544055215e+10,57973,7030651007,0.9011435,121274.5762
2026-02-17,0.1006075105,1.530718431e+11,62905,68400,9658.093514,1.540017705e+10,64255,7925811969,0.2410435,123349.342
2026-02-18,0.09835888249,1.530854631e+11,53077,68004,9517.238297,1.505731507e+10,54439,8844286141,0.0700945,162462.3182
2026-02-19,0.09820271932,1.530991731e+11,55768,69483,9868.845578,1.503475512e+10,57139,1.053241024e+10,0.0750295,184329.6214
2026-02-20,0.100137765,1.531125031e+11,43555,65019,11130.82966,1.533234385e+10,44888,9586136813,0.237186,213556.7816
2026-02-21,0.0986421794,1.531260731e+11,28266,44558,9284.355223,1.510468957e+10,29623,7067032995,108.2262385,238565.7427
2026-02-22,0.09533261716,1.531397931e+11,41878,58006,8106.247737,1.459921727e+10,43250,8680815457,0.0771545,200712.4961
2026-02-23,0.09280709747,1.531532431e+11,38331,54718,9236.486016,1.421370796e+10,39676,9156365740,0.275591,230778.4489
2026-02-24,0.0915163575,1.531669231e+11,68259,83023,10076.55592,1.401727889e+10,69627,9983650942,0.0656,143387.6361
2026-02-25,0.100902522,1.531805031e+11,56842,71026,10932.74656,1.545629909e+10,58200,1.097012283e+10,0.0702775,188490.083
2026-02-26,0.09699800592,1.531942231e+11,50528,68509,10748.30275,1.485953416e+10,51900,1.158816337e+10,0.0755675,223278.6776
2026-02-27,0.09327725615,1.532078431e+11,24453,38738,10451.43571,1.429080722e+10,25815,7357630753,968.3935583,285013.7809
2026-02-28,0.09402365376,1.532214631e+11,24236,38695,10066.05549,1.440644179e+10,25598,9092811419,1000.00216,355215.6973
2026-03-01,0.0920675093,1.532350831e+11,52681,67741,9006.447632,1.410797244e+10,54043,1.068178535e+10,0.0700125,197653.449
2026-03-02,0.09368066497,1.532487431e+11,32032,47096,9485.871612,1.435644416e+10,33398,1.135423016e+10,1.98810406,339967.3681
2026-03-03,0.09012018974,1.532623931e+11,32270,36559,9923.495884,1.381203594e+10,33635,1.019589443e+10,6.11498625,303133.4751
2026-03-04,0.09927700269,1.532760031e+11,35063,53391,10974.385,1.521678217e+10,36424,1.601345552e+10,2.56415992,439640.224
2026-03-05,0.09363532687,1.532895131e+11,59779,75983,10327.29164,1.435331366e+10,61130,1.867232652e+10,0.0653015,305452.7485
2026-03-06,0.09128604844,1.533032231e+11,41826,59161,9889.642245,1.399444545e+10,43197,8798607933,0.154106,203685.6248
2026-03-07,0.08992588424,1.533168331e+11,25306,41673,8805.875683,1.378715178e+10,26667,6526388811,230.893,244736.5212
2026-03-08,0.08929144603,1.533304831e+11,54797,70550,8659.677253,1.369110055e+10,56162,8702186937,0.065772,154947.953
2026-03-09,0.09050730682,1.533440231e+11,41768,57683,9505.132398,1.387875455e+10,43122,1.174576657e+10,0.0724905,272384.5502
2026-03-10,0.09457948195,1.533576331e+11,72936,105607,10378.22932,1.450448549e+10,74297,1.65601171e+10,0.0657877,222890.791
2026-03-11,0.09310880255,1.533712531e+11,48298,62834,9534.286403,1.428021372e+10,49660,1.217610638e+10,0.13356864,245189.4156
2026-03-12,0.09485076234,1.533850131e+11,96254,111725,9369.525061,1.454868542e+10,97630,9155937479,0.06418534,93782.00839
2026-03-13,0.09593845645,1.533984531e+11,97132,114789,11499.59239,1.471681081e+10,98476,1.485513455e+10,0.0652095,150850.3041
2026-03-14,0.0958624208,1.534120331e+11,62508,77196,10537.60592,1.470644887e+10,63866,1.184804701e+10,0.0689375,185514.1548
2026-03-15,0.09725969337,1.534257231e+11,61246,76178,8939.349075,1.492213878e+10,62615,1.122172047e+10,0.06787584,179217.7667
2026-03-16,0.1030092572,1.534392431e+11,83472,98579,10762.87023,1.580566246e+10,84824,1.650811403e+10,0.06484628,194616.076
2026-03-17,0.1003715291,1.534528931e+11,73217,87152,10076.59033,1.540230152e+10,74582,1.351620441e+10,0.06305084,181226.0922
2026-03-18,0.09509555023,1.534665431e+11,43777,58421,9299.340179,1.459398536e+10,45142,1.035380108e+10,0.175334,229360.7079
2026-03-19,0.0934741504,1.534801631e+11,24693,42432,9192.678053,1.434642785e+10,26055,1.499039118e+10,226.2270573,575336.4491
2026-03-20,0.0941127171,1.534938231e+11,24894,35589,9262.361783,1.444572075e+10,26260,9830268601,318.9332891,374343.8157
2026-03-21,0.09291533544,1.535075731e+11,22801,33900,8025.966792,1.426320765e+10,24176,8528341261,209.436203,352760.6412
2026-03-22,0.09031638424,1.535213131e+11,21708,35261,7745.255845,1.38654899e+10,23082,8902527813,329.466168,385691.3531
2026-03-23,0.09397291929,1.535350031e+11,96478,114113,9221.899229,1.442813245e+10,97847,9711255550,0.06349934,99249.39497
2026-03-24,0.09510076746,1.535484731e+11,54841,69926,9154.53426,1.460257763e+10,56188,1.109813912e+10,0.06535592,197517.9597
2026-03-25,0.09606914654,1.535620331e+11,57518,71180,9287.26633,1.475257346e+10,58874,1.265358405e+10,0.06995854,214926.5219
2026-03-26,0.0919205149,1.535756931e+11,72638,87367,10139.95549,1.411675678e+10,74004,8291096152,0.06320437,112035.7839
2026-03-27,0.08994422298,1.535891731e+11,25354,40485,9435.416414,1.381445883e+10,26702,1.023487146e+10,327.2185709,383299.8076
2026-03-28,0.09086354146,1.536028531e+11,52934,65942,9469.772175,1.395689921e+10,54302,1.107215419e+10,0.18597741,203899.5651
2026-03-29,0.09033754675,1.536164531e+11,48821,64228,8517.055649,1.387733351e+10,50181,9689659681,0.07027858,193094.1926
2026-03-30,0.09070348826,1.536299531e+11,39439,54412,10311.28492,1.393477265e+10,40789,1.071763838e+10,0.4964074,262758.0568
2026-03-31,0.09208990165,1.536434831e+11,48326,39118,10660.09685,1.414901325e+10,49679,9395121215,2.051,189116.5526
2026-04-01,0.09237549175,1.536571531e+11,24530,40303,10059.9711,1.419415508e+10,25897,1.164803767e+10,539.4006383,449783.2826
2026-04-02,0.09035404973,1.536705631e+11,35010,53947,9561.195696,1.38847577e+10,36351,1.240760031e+10,0.44960934,341327.6199
2026-04-03,0.09145575181,1.536841431e+11,36153,53694,9320.692039,1.405529885e+10,37511,1.162376173e+10,0.14608418,309876.0824
2026-04-04,0.09194602202,1.536977031e+11,19848,33945,8367.221476,1.413189239e+10,21204,1.03217273e+10,681.5161618,486782.0835
2026-04-05,0.0921702,1.537111531e+11,27075,41817,7974.267633,1.416758772e+10,28420,8798053522,19.61446233,309572.6081
2026-04-06,0.09046609971,1.537244931e+11,69392,86128,9254.885988,1.390685532e+10,70726,1.235510996e+10,0.06069772,174689.7882
2026-04-07,0.09535055731,1.537380131e+11,56813,72203,9621.082471,1.465900523e+10,58165,1.105208831e+10,0.06521372,190012.6933
2026-04-08,0.09239727897,1.537515531e+11,53740,67486,9468.284047,1.420622514e+10,55094,1.303169157e+10,0.06426822,236535.5859
2026-04-09,0.09264732415,1.537650831e+11,23429,38380,9563.410474,1.42459235e+10,24782,1.233888581e+10,484.1349781,497897.0952
2026-04-10,0.09369434154,1.537785731e+11,38570,53710,9931.324883,1.440818215e+10,39919,8771013501,0.85288092,219720.2711
2026-04-11,0.09313984039,1.537922231e+11,20875,34928,9741.496295,1.432418311e+10,22240,7135917864,751.9308784,320859.6162
2026-04-12,0.09072226668,1.538056331e+11,48907,61282,8231.761912,1.395359566e+10,50248,8385468202,0.067912,166881.6311
2026-04-13,0.09412658872,1.538192731e+11,26981,40148,9000.772807,1.447848345e+10,28345,1.122753756e+10,85.91636002,396102.9304
2026-04-14,0.09306333479,1.538328531e+11,73356,60336,10273.24122,1.431619831e+10,74714,1.562889897e+10,2.359285,209183.0042
2026-04-15,0.09482190095,1.538464631e+11,26189,37197,9516.086969,1.458801408e+10,27550,1.314270857e+10,208.4204189,477049.3127
2026-04-16,0.09931993784,1.538601031e+11,45563,39513,11100.68295,1.528137587e+10,46927,2.165676189e+10,33.33692975,461498.9641
2026-04-17,0.0994800354,1.538736231e+11,26141,37711,11018.63002,1.530735347e+10,27493,1.045896324e+10,425.2966515,380422.771
2026-04-18,0.09497216666,1.538872131e+11,21949,35662,8651.648766,1.461500205e+10,23308,6668039972,568.5390273,286083.7469
2026-04-19,0.0930018416,1.539008531e+11,23385,34742,8296.572135,1.431306276e+10,24749,6443494900,177.6747036,260353.7476
2026-04-20,0.09519142732,1.539144431e+11,32542,47079,9002.952928,1.465133552e+10,33901,7579131817,0.45245882,223566.6151
2026-04-21,0.09495349255,1.539280631e+11,24614,38984,9288.795932,1.461600719e+10,25976,1.825895185e+10,309.5880105,702916.2244
2026-04-22,0.09588172619,1.539417331e+11,41492,53574,9601.802492,1.47601991e+10,42859,2.224537947e+10,0.26292342,519036.3628
2026-04-23,0.09719101696,1.539553931e+11,23436,38350,15047.40266,1.496308122e+10,24802,2.195814395e+10,468.5831311,885337.632
2026-04-24,0.09831904811,1.539688731e+11,25229,38331,13899.40089,1.513807304e+10,26577,2.338598643e+10,422.1499757,879933.2669
2026-04-25,0.09804379943,1.539823631e+11,34065,37324,9997.105851,1.509701592e+10,35414,1.902638956e+10,5.272582,537256.1575
2026-04-26,0.09921808268,1.539961131e+11,54813,34524,9087.471305,1.527919908e+10,56188,1.761912783e+10,70.4382175,313574.5681
2026-04-27,0.09892266146,1.540097031e+11,23562,38143,10830.42067,1.523504972e+10,24921,1.788907171e+10,669.9541068,717831.2152
2026-04-28,0.09922676193,1.540234531e+11,40789,36251,10185.38498,1.528324851e+10,42164,1.804073624e+10,40.03459666,427870.6063
2026-04-29,0.1038265516,1.540371631e+11,30699,39534,12363.19979,1.599314745e+10,32070,2.492038059e+10,400.3743651,777062.0701
2026-04-30,0.1063958664,1.540507231e+11,28594,41805,12226.29511,1.639036015e+10,29950,1.586416833e+10,309.5681919,529688.4251
2026-05-01,0.1083224726,1.540641831e+11,27837,39736,12066.32002,1.668861324e+10,29183,1.708972219e+10,467.3314733,585605.3934
2026-05-02,0.1085097384,1.540777331e+11,24604,35603,9292.65803,1.671893451e+10,25959,1.360285111e+10,393.9993011,524012.9091
2026-05-03,0.1084978623,1.540912831e+11,24741,33689,8638.832185,1.671857481e+10,26096,1.018721663e+10,201.9412931,390374.6411
2026-05-04,0.1101396536,1.541049831e+11,28307,36130,10520.89571,1.697306946e+10,29677,1.509013669e+10,197.8739309,508479.1822
2026-05-05,0.1149201806,1.541187131e+11,70780,37168,11115.66739,1.771135035e+10,72153,1.198908016e+10,88.57871583,166161.9081
2026-05-06,0.1123452277,1.541321731e+11,65714,38376,11832.11667,1.731601408e+10,67060,1.153659048e+10,57.92925916,172033.8574
2026-05-07,0.1077409648,1.541456931e+11,48034,41161,10748.89884,1.66078057e+10,49386,1.005062776e+10,35.172855,203511.6787
2026-05-08,0.1093928766,1.541593431e+11,22491,36025,9494.233233,1.686393399e+10,23856,1.192485926e+10,871.1465124,499868.3461
2026-05-09,0.1087178067,1.541729431e+11,22299,34896,9176.635121,1.676134423e+10,23659,1.265119887e+10,563.9321979,534730.9216
2026-05-10,0.1123337811,1.541865031e+11,23035,34110,9212.836869,1.732035289e+10,24391,1.036589656e+10,413.8188415,424988.5843
2026-05-11,0.1112364884,1.542001131e+11,24953,35769,9878.974684,1.715267909e+10,26314,1.218302873e+10,429.017019,462986.575
2026-05-12,0.1100640268,1.542137431e+11,24821,37036,9720.023687,1.697338555e+10,26184,1.546217402e+10,409.6416551,590519.9364
2026-05-13,0.1130969527,1.542275231e+11,28077,37199,9811.22144,1.744266289e+10,29455,1.902380899e+10,260.2326399,645860.0915
2026-05-14,0.1155254156,1.542410931e+11,26099,39944,11411.5561,1.781876637e+10,27456,1.539899989e+10,437.7245751,560861.0102
2026-05-15,0.1133961291,1.542546631e+11,23559,38847,10590.14019,1.749188168e+10,24916,1.315294314e+10,849.6270428,527891.4409
2026-05-16,0.1093525467,1.542683331e+11,21045,33154,8515.600993,1.68696351e+10,22412,1.228751252e+10,785.4163406,548255.9577
2026-05-17,0.1086067202,1.542820331e+11,20115,32401,8114.251407,1.67560656e+10,21512,1.235907417e+10,742.1596514,574519.9967
2026-05-18,0.1047409176,1.542956231e+11,23680,35611,9506.369265,1.616106515e+10,25039,1.339598013e+10,484.0401021,535004.5982
2026-05-19,0.1030075321,1.543093931e+11,21831,33143,9348.548587,1.589502976e+10,23208,1.234798802e+10,504.8020272,532057.3948
2026-05-20,0.1034398677,1.543228931e+11,22881,33773,8758.076332,1.596313964e+10,24231,1.123781103e+10,356.0222523,463778.2607
2026-05-21,0.1054285248,1.543365231e+11,28726,39181,10156.47185,1.627147195e+10,30089,1.33782072e+10,101.6250907,444621.1971
2026-05-22,0.1027077528,1.543501331e+11,23433,35046,9444.200088,1.585295531e+10,24794,1.21790372e+10,634.2974515,491209.0505
2026-05-23,0.1029767868,1.543638631e+11,21784,33379,8487.882089,1.589589462e+10,23168,1.047431707e+10,571.7862607,452102.7741
2026-05-24,,,,,,,20948,9119337103,760.1928825,435332.113
2026-05-25,,,,,,,21704,9630037710,760.5897056,443698.7519
2026-05-26,,,,,,,21771,1.038901241e+10,713.9162333,477195.0031
2026-05-27,,,,,,,22336,1.089831172e+10,793.0592302,487925.847
2026-05-28,,,,,,,23238,1.085324741e+10,905.4478215,467047.3967
2026-05-29,,,,,,,23816,1.036027039e+10,909.5263254,435013.0327
2026-05-30,,,,,,,24742,8975088929,373.6390129,362747.1073
2026-05-31,,,,,,,45104,7666592496,2.04484313,169975.889
2026-06-01,,,,,,,25997,1.327168075e+10,572.4185373,510508.1644
2026-06-02,,,,,,,24783,1.333689497e+10,981.7855582,538146.9141
2026-06-03,,,,,,,53389,1.626562624e+10,2.35168549,304662.5005
2026-06-04,,,,,,,25285,1.550530377e+10,824.2239918,613221.4266
2026-06-05,,,,,,,34808,2.094786252e+10,149.7540699,601811.7249
2026-06-06,,,,,,,34512,1.716451247e+10,6.62546068,497349.1095
2026-06-07,,,,,,,24134,1.458288996e+10,592.573223,604246.7044
2026-06-08,,,,,,,25028,1.457154442e+10,604.8987243,582209.702
2026-06-09,,,,,,,22894,1.722205619e+10,920.3693837,752251.9522
2026-06-10,,,,,,,23025,1.379013411e+10,994.6974459,598920.0482
2026-06-11,,,,,,,25516,1.745427209e+10,741.53245,684052.0494
2026-06-12,,,,,,,44607,1.854086781e+10,3554.3027,415649.2885
2026-06-13,,,,,,,41835,1.770793389e+10,164.8494497,423280.3606
2026-06-14,,,,,,,34928,1.464754849e+10,3269.0063,419364.0773
2026-06-15,,,,,,,25547,1.954550544e+10,1010.339152,765080.2615
2026-06-16,,,,,,,25274,1.537973005e+10,861.7462073,608519.8249
2026-06-17,,,,,,,25645,1.288880828e+10,616.816944,502585.6221
2026-06-18,,,,,,,25661,1.611846221e+10,989.9573879,628130.7124
2026-06-19,,,,,,,23886,1.392596758e+10,894.9383497,583017.9845
2026-06-20,,,,,,,22607,1.312499188e+10,901.4778512,580572.0299
2026-06-21,,,,,,,23711,1.209261396e+10,604.6357212,510000.1671
2026-06-22,,,,,,,26705,1.274645917e+10,388.2558567,477306.0912
2026-06-23,,,,,,,26748,1.399227447e+10,607.688271,523114.7925
2026-06-24,,,,,,,32548,1.520902298e+10,560.0759308,467279.8015
2026-06-25,,,,,,,52294,1.360895346e+10,433.475621,260239.2905
2026-06-26,,,,,,,34416,1.592749854e+10,306.86249,462793.4256
2026-06-27,,,,,,,28381,1.394015061e+10,481.8830731,491178.9791
2026-06-28,,,,,,,25845,1.145149683e+10,496.4867048,443083.6459
2026-06-29,,,,,,,29212,1.732699103e+10,596.0383345,593146.3451
2026-06-30,,,,,,,38104,1.857851298e+10,148.9139289,487573.8238
2026-07-01,,,,,,,30155,1.529929214e+10,819.1324762,507355.0701
2026-07-02,,,,,,,29194,1.831247516e+10,599.930625,627268.4509
2026-07-03,,,,,,,32326,1.615667633e+10,350.993522,499804.3781
2026-07-04,,,,,,,27748,1.43064424e+10,422.3824194,515584.6333
2026-07-05,,,,,,,26183,1.094463874e+10,482.2558664,418005.528
2026-07-06,,,,,,,28608,1.557595478e+10,459.9400738,544461.5065
2026-07-07,,,,,,,28668,1.53119387e+10,448.59833,534112.5542
2026-07-08,,,,,,,27029,1.434712221e+10,616.2185699,530804.7732
2026-07-09,,,,,,,27361,1.312892742e+10,636.2340847,479840.9202
2026-07-10,,,,,,,28218,1.271765892e+10,492.2215636,450693.1364
2026-07-11,,,,,,,26941,1.087076935e+10,591.5214455,403502.8156
2026-07-12,,,,,,,24666,1.057494846e+10,554.1756786,428725.7138
2026-07-13,,,,,,,26121,1.110364411e+10,466.0256193,425084.9549
2026-07-14,,,,,,,27273,1.229346858e+10,580.418484,450756.0069
2026-07-15,,,,,,,28606,1.445547016e+10,614.20056,505330.0063
2026-07-16,,,,,,,27619,1.425877008e+10,469.9827725,516266.7035
2026-07-17,,,,,,,27316,1.30478836e+10,471.2613811,477664.5042
2026-07-18,,,,,,,26118,1.121570492e+10,553.4360273,429424.3403
2026-07-19,,,,,,,25976,1.435529513e+10,511.09851,552636.8623
2026-07-20,,,,,,,26839,1.739497604e+10,523.397108,648123.1059
2026-07-21,,,,,,,27612,2.099256341e+10,430.6667117,760269.5717
2026-07-22,,,,,,,27064,1.391562348e+10,577.3785322,514174.6778
2026-07-23,,,,,,,30024,1.410154218e+10,384.1212361,469675.6654
2026-07-24,,,,,,,30137,1.629130883e+10,399.1943211,540575.0019
2026-07-25,,,,,,,28483,1.634480544e+10,479.6307393,573844.2383
2026-07-26,,,,,,,25059,1.33268802e+10,845.6936605,531820.1126
2026-07-27,,,,,,,25248,1.47302985e+10,808.8200622,583424.3704
2026-07-28,,,,,,,27414,1.400627317e+10,610.823593,510916.8007
2026-07-29,,,,,,,27000,1.415640165e+10,631.7268986,524311.1722
2026-07-30,,,,,,,33417,1.871646027e+10,262.7025343,560087.9872
2026-07-31,,,,,,,34665,1.912283686e+10,151.6459565,551646.8154
2026-08-01,,,,,,,28434,1.642301387e+10,423.4821882,577583.6628
2026-08-02,,,,,,,27051,1.756822075e+10,418.4650414,649448.1073
2026-08-03,,,,,,,30353,1.825287516e+10,427.54887,601353.2488
2026-08-04,,,,,,,28604,1.882773436e+10,458.8311638,658220.3313
2026-08-05,,,,,,,28025,1.709365891e+10,440.34,609943.226
2026-08-06,,,,,,,30769,1.506221933e+10,1168.337066,489525.7997
2026-08-07,,,,,,,36321,1.79412027e+10,1971.390755,493962.2449
2026-08-08,,,,,,,34703,1.509141448e+10,1789.37518,434873.4831
2026-08-09,,,,,,,34140,1.398385134e+10,1611.996155,409603.1441
2026-08-10,,,,,,,29344,1.67255154e+10,499.196799,569980.7594
2026-08-11,,,,,,,27831,1.824366768e+10,323.9198361,655516.0676
2026-08-12,,,,,,,26681,1.929590319e+10,384.5836221,723207.6456
2026-08-13,,,,,,,27759,1.993551285e+10,385.2148511,718163.9415
2026-08-14,,,,,,,28189,1.965583483e+10,415.225,697287.4112
2026-08-15,,,,,,,27540,1.780576058e+10,400.5498718,646541.7786
2026-08-16,,,,,,,25698,1.577159451e+10,438.15595,613728.4813
2026-08-17,,,,,,,37097,1.679439267e+10,30.764098,452715.6554
2026-08-18,,,,,,,26299,1.774063829e+10,389.5098008,674574.6338
2026-08-19,,,,,,,27940,1.956720213e+10,456.93045,700329.3531
2026-08-20,,,,,,,31716,2.10048007e+10,495.04,662277.7367
2026-08-21,,,,,,,35694,2.08082456e+10,476.16774,582961.9991
2026-08-22,,,,,,,37317,2.055993915e+10,383.2879784,550953.6981
2026-08-23,,,,,,,34410,1.530205155e+10,268.6087752,444697.8074
2026-08-24,,,,,,,33540,1.712974708e+10,355.3634585,510725.9118
2026-08-25,,,,,,,33209,1.652408218e+10,373.293766,497578.4331
2026-08-26,,,,,,,30621,1.573006324e+10,422.3834833,513701.8136
2026-08-27,,,,,,,24581,1.484995826e+10,911.5422573,604123.4391
2026-08-28,,,,,,,26788,1.420982603e+10,567.3559428,530454.9063
2026-08-29,,,,,,,24929,1.371791608e+10,559.3445128,550279.437
2026-08-30,,,,,,,23948,1.006566786e+10,760.583135,420313.5069
2026-08-31,,,,,,,28956,1.241924889e+10,231.5963957,428900.7076
2026-09-01,,,,,,,25109,1.264128068e+10,665.2942183,503456.1585
2026-09-02,,,,,,,28161,1.346142124e+10,241.119073,478016.4495
2026-09-03,,,,,,,26020,1.575215019e+10,752.8677676,605386.2486
2026-09-04,,,,,,,25320,1.378330144e+10,1145.153137,544364.1959
2026-09-05,,,,,,,29565,1.339249348e+10,261.5365817,452984.728
2026-09-06,,,,,,,27090,9892757673,323.82817,365181.1618
2026-09-07,,,,,,,27696,1.152351523e+10,277.6274532,416071.4627
2026-09-08,,,,,,,31868,1.290702567e+10,62.40525,405015.2401
2026-09-09,,,,,,,25079,1.297738867e+10,819.6251837,517460.3721
2026-09-10,,,,,,,26781,1.053373599e+10,463.0228798,393328.7029
2026-09-11,,,,,,,27158,1.180366943e+10,384.058,434629.554
2026-09-12,,,,,,,25458,8078894229,375.0490766,317342.0626
2026-09-13,,,,,,,23996,8584388312,345.1080549,357742.4701
2026-09-14,,,,,,,24076,1.206040399e+10,730.6481686,500930.5528
2026-09-15,,,,,,,25060,1.270233888e+10,951.2918439,506877.0503
2026-09-16,,,,,,,26465,1.713237468e+10,452.162932,647359.7082
2026-09-17,,,,,,,25115,1.450611814e+10,677.6156666,577587.8215
2026-09-18,,,,,,,25675,1.562997881e+10,822.2511803,608762.5631
2026-09-19,,,,,,,25140,1.281489562e+10,729.0317904,509741.2738
2026-09-20,,,,,,,23622,1.164501668e+10,673.0794869,492973.3586
2026-09-21,,,,,,,27579,2.239188761e+10,802.4492184,811918.0395
2026-09-22,,,,,,,27607,2.149299126e+10,545.0448769,778534.1132
2026-09-23,,,,,,,25367,1.36108124e+10,634.9537179,536555.8561
2026-09-24,,,,,,,25333,1.552597179e+10,973.1929522,612875.3715
2026-09-25,,,,,,,23395,1.564321845e+10,1025.736642,668656.4842
2026-09-26,,,,,,,27034,1.374381577e+10,333.598255,508390.019
2026-09-27,,,,,,,15793,6760223777,544.5472145,428051.9076
