date,price_usd,supply,tx_count,active_addresses,fees_native,market_cap_usd,bc_tx_count,bc_sum_value,bc_median_value,bc_mean_value
2015-07-30,,72049301.59,0,9206,0,,17113,72049306.59,20,4210.208999
2015-07-31,,72085493.31,0,424,0,,7374,36191.71875,5,4.908017
2015-08-01,,72113195.5,0,413,0,,5627,27702.1875,5,4.923083
2015-08-02,,72141422.69,0,432,0,,5752,28227.1875,5,4.907369
2015-08-03,,72169399.41,0,444,0,,5723,27976.71875,5,4.888471
2015-08-04,,72197877.84,0,411,0,,5826,28478.4375,5,4.888163
2015-08-05,,72225406.44,0,411,0,,5606,27528.59375,5,4.910559
2015-08-06,,72252481.91,0,396,0,,5527,27075.46875,5,4.898764
2015-08-07,,72279919.56,2050,1390,37.31841351,,7648,2036197.635,5,266.239231
2015-08-08,1.19999,72307863,2881,1208,68.09997007,86768712.52,8595,13611231.48,5,1583.622045
2015-08-09,1.19999,72335041.28,1329,1113,14.0989497,86801326.19,6873,1192647.655,5,173.526503
2015-08-10,1.19999,72362858.62,2037,1430,31.16514444,86834706.72,7707,1698759.407,5,220.417725
2015-08-11,0.99,72390886.44,4963,2697,11.31144859,71666977.57,10681,1513770.658,5,141.725555
2015-08-12,1.288,72418257.37,2036,1219,32.5869924,93274715.5,7634,774891.2235,5,101.505269
2015-08-13,1.8848,72446525.5,2842,1606,24.92916911,136547211.3,8632,1816146.908,5,210.397
2015-08-14,1.795044162,72477632.22,3174,1893,14.35483411,130100550.6,9538,2326570.154,5,243.926416
2015-08-15,1.782222443,72506144.87,2284,1601,8.836593028,129222078.7,8107,4659803.044,5,574.787596
2015-08-16,1.533073776,72533239.41,2440,1542,6.677237925,111198807.2,7957,1735690.104,5,218.133732
2015-08-17,1.29638,72561358.31,2512,1522,7.64281184,94067093.69,8236,2272889.064,5,275.970017
2015-08-18,1.084186569,72587521.12,2494,1544,11.90607134,78698415.5,7832,1574893.634,5,201.084478
2015-08-19,1.24,72614803.16,3246,1592,15.43095067,90042355.91,8799,1176882.154,5,133.751808
2015-08-20,1.5218,72635860.19,2303,1378,6.855566943,110537252,6584,438408.8429,5,66.587005
2015-08-21,1.43588,72662551.12,3919,1613,7.855041725,104334703.9,9345,613548.0888,5,65.655226
2015-08-22,1.4,72690101.59,3579,1594,42.54717183,101766142.2,9173,522161.271,5,56.923719
2015-08-23,1.35,72716357.22,4190,1794,8.049767673,98167082.24,9523,524098.6435,5,55.035036
2015-08-24,1.23804,72743690.5,4432,1622,8.87628542,90059598.59,9993,489632.8208,5,48.99758
2015-08-25,1.27119,72770426.59,4487,1779,8.259755825,92505038.58,9919,433199.6139,5,43.673719
2015-08-26,1.18,72796564.56,4156,1715,7.447729279,85899946.18,9462,465533.9129,5,49.200371
2015-08-27,1.13646,72821097.37,5590,1751,8.670963043,82758264.32,10564,297316.6634,5,28.144326
2015-08-28,1.295,72845322.53,4758,1697,9.925148371,94334692.68,9668,324687.21,5,33.5837
2015-08-29,1.179,72867847.53,4139,1537,5.507451526,85911192.24,8700,452975.5632,5,52.066157
2015-08-30,1.32,72889301.12,4572,1768,5.634173742,96213877.48,8906,437376.3274,5,49.1103
2015-08-31,1.30651,72910594.56,5196,1662,7.424533814,95258420.9,9500,406150.0854,5,42.752641
2015-09-01,1.36,72930933.78,5153,1709,7.843769856,99186069.94,9262,1440176.037,5,155.492986
2015-09-02,1.308280871,72949324.87,5195,1645,8.153735331,95438206.27,8907,295955.2562,5,33.227266
2015-09-03,1.23357,72966705.81,4777,1570,6.970025674,90009539.29,8286,574173.5633,5,69.29442
2015-09-04,1.23357,72989787.69,5642,1583,9.733856361,90038012.4,10317,199640.2544,5,19.350611
2015-09-05,1.362871072,73015416.75,5519,1641,9.141228324,99510599.29,10714,193114.0867,5,18.024462
2015-09-06,1.34,73041585.03,5521,1732,8.055487735,97875723.94,10844,322410.8427,5,29.731727
2015-09-07,1.27561,73067045.5,5702,1791,9.256422396,93205053.91,10879,227992.121,5,20.957084
2015-09-08,1.263493787,73092934.25,5622,1697,10.3799263,92352468.32,10893,289586.5336,5,26.584645
2015-09-09,1.21,73119365.66,5604,1712,9.840601069,88474432.44,10984,1172279.289,5,106.726082
2015-09-10,1.1857,73145809.87,5341,1676,7.925807171,86728986.77,10727,232455.7154,5,21.670152
2015-09-11,0.9277157084,73173048.47,6460,1839,8.876728153,67883786.49,12012,753688.3804,5,62.74462
2015-09-12,1.14639,73199450.81,5596,1693,11.35483319,83915118.42,10961,244147.9394,5,22.27424
2015-09-13,0.88557,73225622.22,6057,1760,9.578725674,64846414.27,11381,250367.0147,5,21.998683
2015-09-14,0.955,73251210.34,5572,1781,9.901548419,69954905.88,10783,293024.3898,5,27.174663
2015-09-15,0.95,73276825.66,5409,1646,8.426997145,69612984.37,10629,629061.102,5,59.18347
2015-09-16,0.93634,73303143.78,5872,1680,15.14661708,68636665.65,11240,581607.1156,5,51.744405
2015-09-17,0.875,73328579.41,5368,1669,8.556523791,64162506.98,10548,321179.8378,5,30.449359
2015-09-18,0.85226,73354473.62,5802,1643,11.83482107,62517083.69,11094,433712.4689,5,39.094327
2015-09-19,0.8836894798,73381660.81,5205,1551,7.982204373,64846601.67,10773,417937.1198,5,38.794869
2015-09-20,0.94116,73409643.47,6402,1636,10.96964547,69090220.05,12096,159565.1092,5,13.19156
2015-09-21,0.94116,73436295.34,6305,1699,10.18074194,69115303.73,11720,184372.5735,5,15.731448
2015-09-22,0.80588,73462665.66,6804,1712,11.40414518,59202093,12153,221020.811,5,18.186523
2015-09-23,0.91,73489745.97,7404,1878,10.7002671,66875668.83,12903,158199.2302,5,12.260655
2015-09-24,0.8,73516131.75,6224,1754,10.31950627,58812905.4,11586,333119.2994,5,28.751882
2015-09-25,0.68233,73543135.19,5851,1701,9.836594916,50180687.43,11343,689128.2193,5,60.753612
2015-09-26,0.77032,73569045.5,5907,1556,9.289146479,56671707.13,11175,277263.1035,5,24.811016
2015-09-27,0.7007699053,73594056.59,5760,1537,8.42387045,51572500.07,10840,407923.0857,5,37.631281
2015-09-28,0.6042080655,73618770.81,6123,1692,9.272346609,44481055.09,11136,738482.3126,5,66.314863
2015-09-29,0.68163,73643135.5,5738,1676,8.877328421,50197370.45,10692,428590.3122,5,40.08514
2015-09-30,0.7136443139,73668233,5870,1633,8.385327116,52572915.59,10983,534865.5449,5,48.699403
2015-10-01,0.6547225552,73695655.03,6421,1622,8.767949463,48250207.57,12004,565956.7284,5,47.147345
2015-10-02,0.66467,73722568.16,6063,1521,9.765296663,49001179.38,11530,175768.4129,5,15.244442
2015-10-03,0.6796,73749021.91,6112,1528,9.791648364,50119835.29,11481,149437.0957,5,13.016035
2015-10-04,0.60954,73774502.06,6624,1520,9.431925786,44968509.99,11791,303028.929,5,25.700019
2015-10-05,0.60777,73800638.94,6279,1577,11.48677351,44853814.33,11580,190068.0824,5,16.413479
2015-10-06,0.65114,73825675.5,6458,1555,9.995299954,48070850.34,11530,531687.7213,5,46.113419
2015-10-07,0.6,73851809.09,7121,1512,12.18298992,44311085.46,12420,336341.5858,5,27.080643
2015-10-08,0.633798841,73878587.53,6926,1460,11.97293337,46824163.15,12348,340217.0189,5,27.552399
2015-10-09,0.6351908475,73904038.94,6763,1490,11.30921838,46943169.12,11913,249712.7667,5,20.961367
2015-10-10,0.6351908475,73929538.62,6529,1408,11.38281162,46959366.29,11695,154000.1511,5,13.168033
2015-10-11,0.59931,73956045.66,6023,1434,8.998794599,44322597.72,11397,179425.0085,5,15.743179
2015-10-12,0.63,73982849.41,6593,1483,10.70380732,46609195.13,12025,297688.3879,5,24.755791
2015-10-13,0.6016393437,74009517.69,6818,1624,12.3232488,44527037.65,12227,437884.9366,5,35.81295
2015-10-14,0.4832363022,74035393.31,6830,1708,11.83199852,35776589.69,12084,1018399.303,5,84.276672
2015-10-15,0.559861986,74061003.78,6499,1636,18.87034386,41463940.66,11688,825469.7412,5,70.625406
2015-10-16,0.525,74086445.19,6795,1508,21.17944655,38895383.72,11951,385584.1687,5,32.263758
2015-10-17,0.52299,74112895.81,6567,1513,12.29146245,38760303.38,11935,270315.8866,5,22.649006
2015-10-18,0.505,74138744.09,6481,1468,13.1130126,37440065.77,11723,207978.5612,5,17.74107
2015-10-19,0.4994797253,74164710.81,6604,1581,11.69921914,37043769.38,11870,540699.8797,5,45.551801
2015-10-20,0.4400347165,74190903.31,5897,1462,11.5270198,32646573.11,11219,527802.4859,5,47.045413
2015-10-21,0.42,74216949.72,6182,1638,10.15585773,31171118.88,11461,723090.7652,5,63.09142
2015-10-22,0.5461835137,74242280.5,5979,1542,13.20050484,40549909.63,11119,644599.5979,5,57.972803
2015-10-23,0.56491,74269835.34,6888,1684,13.74794139,41955772.68,12482,800510.8707,5,64.133221
2015-10-24,0.55606,74296954.09,6361,1807,10.69663822,41313564.29,11868,126994.5573,5,10.700586
2015-10-25,0.624364858,74323768.31,5830,1725,9.079512126,46405149.05,11277,288643.7807,5,25.595795
2015-10-26,0.7005195441,74349680.5,5938,1779,10.77326712,52083404.29,11212,741395.7762,5,66.125203
2015-10-27,0.83,74377209.87,6784,1850,18.90289758,61733084.2,12380,1920946.883,5,155.165338
2015-10-28,0.99,74403554.56,7346,1825,10.89869663,73659519.02,12711,1006504.724,5,79.183756
2015-10-29,1.179406721,74431065.34,7836,2100,12.55075174,87784498.73,13447,545284.6272,5,40.550653
2015-10-30,1.120673366,74458785.5,7941,2368,13.46632166,83443977.76,13582,1237106.107,5,91.084237
2015-10-31,0.8893425716,74486537.06,7557,2097,15.4824256,66244048.42,13240,304184.9311,5,22.974693
2015-11-01,0.99,74514717.22,6915,2234,16.17026107,73769570.05,12698,173720.7002,5,13.68095
2015-11-02,0.9878,74541851.44,6558,2160,10.39601397,73632440.85,12113,379034.94,5,31.291583
2015-11-03,1.047362653,74569457.22,7399,2192,12.24035099,78101264.58,13057,622790.0382,5,47.69779
2015-11-04,0.799,74597173.62,7037,2164,9.392856951,59603141.73,12711,833005.0801,5,65.534189
2015-11-05,0.87638,74624465.03,7498,2042,10.59389052,65399388.66,13074,371479.2383,5,28.413587
2015-11-06,0.9596528346,74651887.22,7882,1938,15.93627016,71639895.18,13474,965615.8363,5,71.665121
2015-11-07,0.9118501929,74678602.53,10996,2265,32.07991979,68095698.12,16468,452715.8115,3.293185,27.490637
2015-11-08,1,74705891.59,12413,2426,29.52687888,74705891.59,18004,924007.8047,2.568914,51.322362
2015-11-09,0.998,74732951.12,7689,2194,11.26310292,74583485.22,13222,974043.513,5,73.668395
2015-11-10,0.9019146698,74760395.19,8151,1976,15.35119263,67427497.14,13778,918591.9147,5,66.670918
2015-11-11,0.7500473407,74788214.25,10217,2182,23.07679133,56094701.22,15947,329246.1194,3.75,20.646273
2015-11-12,0.88,74816246.28,9534,1947,25.8891012,65838296.73,15306,309002.6001,4.94895,20.188331
2015-11-13,0.8999842198,74844431.44,7891,1958,14.58330246,67358807.23,13691,494339.7601,5,36.106914
2015-11-14,0.88,74872789.09,7211,1906,18.53403351,65888054.4,13051,311994.1039,5,23.905762
2015-11-15,0.91,74900909.25,7170,1894,11.48397409,68159827.42,12926,203690.0942,5,15.758169
2015-11-16,0.9144272355,74928304.41,7442,1999,10.26963597,68516482.26,13058,463403.6682,5,35.488104
2015-11-17,0.9992846289,74956098,7145,2032,9.596829651,74902476.57,12823,1185058.641,5,92.416645
2015-11-18,0.9967536072,74983350.03,7373,1979,10.3214754,74739924.63,12937,226273.8275,5,17.49044
2015-11-19,0.94,75009913.47,8876,1983,15.86393951,70509318.66,14299,301014.8774,5,21.051464
2015-11-20,0.92,75035043.94,6348,1861,11.98689924,69032240.42,11472,219717.327,5,19.152487
2015-11-21,0.96,75061826.12,6822,1841,11.24491006,72059353.08,12279,160887.9023,5,13.102688
2015-11-22,0.97,75088814.72,7083,2128,11.24171533,72836150.28,12591,283032.5471,5,22.478957
2015-11-23,0.92,75116087.06,8260,1877,13.31608472,69106800.1,13832,711877.614,5,51.465993
2015-11-24,0.910014782,75142935.19,7152,1944,12.96649103,68381181.78,12637,420500.4749,5,33.27534
2015-11-25,0.87,75169407.06,7098,1829,12.45963099,65397384.14,12502,214834.565,5,17.184016
2015-11-26,0.8588327195,75195945.5,7278,1916,9.30701048,64580738.37,12704,997230.4559,5,78.49736
2015-11-27,0.88,75223832.37,6639,1757,9.399192619,66196972.49,12341,706961.3066,5,57.285577
2015-11-28,0.9075577861,75251033.47,6817,1749,14.56713057,68294661.34,12396,147909.548,5,11.932038
2015-11-29,0.87,75278384.41,6853,1758,9.090792117,65492194.43,12453,217697.005,5,17.481491
2015-11-30,0.88,75305744.41,8986,1883,20.81575154,66269055.08,14582,263001.3758,4.94874,18.036029
2015-12-01,0.8632933957,75333287.22,6794,1880,13.07438894,65034729.33,12438,250704.2561,5,20.156316
2015-12-02,0.82,75359294.25,6502,1789,11.43812253,61794621.28,11827,320749.9958,5,27.120148
2015-12-03,0.83,75387357.53,6971,1868,10.66607761,62571506.75,12713,249372.792,5,19.615574
2015-12-04,0.84,75414036.91,6898,1869,12.37234232,63347791,12338,194619.3827,5,15.773981
2015-12-05,0.86993,75440618.78,6784,1833,13.08482451,65628057.5,12202,170545.6584,5,13.976861
2015-12-06,0.82499,75466874.56,9103,2210,17.14740422,62259416.84,14469,265625.9572,4.955142,18.35828
2015-12-07,0.7899439801,75493593.47,7141,2057,9.642772252,59635709.7,12605,478414.3809,5,37.954334
2015-12-08,0.79461,75519905.97,6697,1856,9.146200894,60008872.48,12072,203675.3054,5,16.871712
2015-12-09,0.80511,75548230.03,7001,1856,10.13698943,60824635.48,12811,273450.7825,5,21.344999
2015-12-10,0.84374,75575707.37,7444,1881,11.34093504,63766247.34,13055,244320.5264,5,18.714709
2015-12-11,0.8998001052,75602730.19,8105,1905,16.85244379,68027344.58,13621,346209.2614,5,25.417316
2015-12-12,0.96,75629936.75,8205,2244,23.12314318,72604739.28,13767,513033.3087,5,37.26544
2015-12-13,0.91994,75657844.09,7426,2095,18.73210971,69600677.1,13105,351384.2258,5,26.812989
2015-12-14,0.99,75684552.69,15550,2300,74.65243956,74927707.16,21004,335506.2956,1.074452,15.973448
2015-12-15,1,75711567.22,21098,2273,114.4078583,75711567.22,26613,562314.5673,0,21.129319
2015-12-16,0.8671,75738024.56,10304,2245,44.21678187,65672441.1,15693,1485180.004,3.75,94.639648
2015-12-17,0.94,75764907.69,9612,2560,32.40107521,71219013.23,15092,466370.7715,4.952079,30.901853
2015-12-18,0.9,75791579.25,9032,2345,32.18142145,68212421.32,14466,264013.7843,4.545632,18.250642
2015-12-19,0.8935209445,75818273.78,9314,2272,28.51623093,67745215.6,14753,254597.5988,4.402883,17.257344
2015-12-20,0.96,75844709.87,9879,2290,34.42717002,72810921.48,15273,231969.4236,3.75,15.188203
2015-12-21,0.91,75871167.69,12063,2435,39.119194,69042762.6,17457,260699.6784,2.556846,14.933819
2015-12-22,0.88,75898542.06,21027,2407,59.16252572,66790717.01,26612,265075.3037,0,9.960743
2015-12-23,0.87093,75925941.44,22740,2301,81.42599075,66126180.18,28340,170918.181,0,6.030987
2015-12-24,0.87,75952628,13494,2305,45.75463786,66078786.36,18934,152313.8073,1.712997,8.04446
2015-12-25,0.8659249047,75979431.59,9521,2223,26.5940593,65792482.06,14972,95439.08575,4.301669,6.374505
2015-12-26,0.853,76005991.75,10726,2364,31.29618519,64833110.96,16135,171832.7823,3.579069,10.649692
2015-12-27,0.86893,76032845.5,21867,2279,86.63434503,66067220.44,27353,106335.7683,0,3.887536
2015-12-28,0.842445938,76059903.47,12368,2507,36.40049069,64076356.73,17888,469046.9496,2.157113,26.221319
2015-12-29,0.86,76086564.56,11358,2462,33.18921105,65434445.52,16802,312946.7232,2.916793,18.625564
2015-12-30,0.8965155172,76113300.81,21767,2447,76.132284,68236755.25,27215,241999.7546,0,8.892146
2015-12-31,0.94884,76140209.09,10301,2658,25.06732465,72244876,15790,416480.3847,4.906786,26.376212
2016-01-01,0.92037,76166279.41,8233,2433,15.65089494,70101158.58,13552,370633.72,5,27.349005
2016-01-02,0.94999,76193663.31,9164,2486,19.35979081,72383218.21,14764,286643.276,5,19.415015
2016-01-03,0.9570629281,76221339.09,9258,2528,19.44831668,72948617.98,14921,398515.2231,4.999765,26.708345
2016-01-04,0.95,76248759.72,9474,2623,21.3104319,72436321.73,15086,181567.4074,5,12.03549
2016-01-05,0.9426,76276598.94,16430,2620,60.3564445,71898322.16,22139,1064190.76,1.089122,48.068601
2016-01-06,0.95,76304224.41,17074,2743,66.53391845,72489013.19,22739,289566.5379,1.079756,12.734357
2016-01-07,0.9399474833,76331246.59,22075,2788,65.5065476,71747363.14,27614,377317.5231,0.015157,13.663994
2016-01-08,0.985,76359243.31,10919,2696,26.04950754,75213854.66,16650,224317.7589,3.75,13.472538
2016-01-09,0.9699100456,76386839.09,11793,2767,39.30051752,74088362.59,17445,238429.2539,3.285924,13.667484
2016-01-10,1,76414127.06,10320,2909,26.32605277,76414127.06,15896,168216.1923,4.189067,10.582297
2016-01-11,1.070906733,76441132.22,10893,3053,25.51356511,81861323.16,16389,531588.2886,4.382869,32.435676
2016-01-12,1.17745,76467033,10862,3070,25.63072227,90036108.01,16121,1016383.866,4.600069,63.047197
2016-01-13,1.13743,76493568.31,17665,2908,60.31260944,87006079.41,23069,449821.3678,1.041253,19.498954
2016-01-14,1.165920696,76520487.53,10653,2835,26.77617641,89216820.09,16130,359446.0361,3.75,22.284317
2016-01-15,1.290891047,76547284.87,9875,3217,23.16012422,98814204.74,15322,972209.8149,5,63.451887
2016-01-16,1.21179,76573808,10664,2774,22.65025706,92791374.8,16054,597763.806,3.75,37.234571
2016-01-17,1.310936879,76600407.84,9747,2667,17.0397022,100418299.6,15162,397576.152,4.469218,26.22188
2016-01-18,1.466244182,76627028,12916,3137,30.91880998,112353934,18321,2292589.572,3.02073,125.134522
2016-01-19,1.353046598,76653120.81,13420,2933,35.57695823,103715244.4,18718,1266853.999,2.007534,67.681056
2016-01-20,1.45662153,76679663.31,10610,3455,19.01349187,111693248.5,16008,626778.8293,4.95,39.1541
2016-01-21,1.49593,76705582.53,10734,3047,20.29597583,114746182.1,15992,520958.6525,4.173958,32.576204
2016-01-22,1.52,76731837.53,13848,3114,31.18132507,116632393,19179,945310.9475,2.047303,49.288855
2016-01-23,2.012250536,76757607.22,11025,3519,17.43280341,154455536.3,16255,1169640.845,4.836813,71.955758
2016-01-24,2.101384785,76784846.44,12798,3936,23.73088258,161354508,18345,1947922.583,4.033355,106.182752
2016-01-25,2.53372159,76810547.22,17121,4148,40.19124286,194616541.8,22347,2165227.16,1.537609,96.891178
2016-01-26,2.380586704,76837532.69,16511,4417,37.89805755,182918408.7,21990,1472137.979,2.146871,66.945793
2016-01-27,2.401309818,76863637.22,18747,4172,56.86014672,184573406.7,24047,1242673.532,1.128019,51.676863
2016-01-28,2.546453319,76890198.16,16765,4568,41.35601104,195797300.3,22158,948523.4758,1.387182,42.807269
2016-01-29,2.487635451,76916362.37,16395,4424,37.41034343,191339869.8,21715,889683.9985,1.615815,40.970942
2016-01-30,2.44067,76942555.5,14661,4449,35.42928217,187791386.9,19974,1016239.055,2.057332,50.878094
2016-01-31,2.24267178,76968237.37,14166,4497,33.88376937,172614493.9,19390,1120845.16,2.290883,57.80532
2016-02-01,2.167397367,76994668.62,14199,4303,32.53922742,166878042.1,19574,626417.1847,2.318425,32.002513
2016-02-02,2.44653,77020533.31,14291,4261,29.46292784,188433045.4,19540,645162.2061,2.028879,33.017513
2016-02-03,2.53,77047835.03,14274,4423,27.72917548,194931022.6,19820,647697.1291,2.498258,32.678967
2016-02-04,2.55007,77074397.37,14371,4210,32.71750186,196545108.5,19768,356524.996,2.253974,18.035461
2016-02-05,2.56451,77100955.97,15249,4808,38.97437149,197726172.6,20650,603082.4413,1.999804,29.204961
2016-02-06,2.54902,77127301.75,31418,3957,240.7828361,196599034.7,36782,260616.3518,0,7.085432
2016-02-07,2.898071101,77153986.44,14264,4143,53.12073391,223597738.4,19685,922326.4804,2.665367,46.854279
2016-02-08,3.183772193,77180638.31,14719,4647,37.81242736,245725570.1,20134,1500021.643,2.710686,74.501919
2016-02-09,3.893476765,77207112.53,15517,4872,50.16692548,300604098.7,20891,1593115.592,2.648146,76.258465
2016-02-10,4.377682845,77233273.78,17141,6143,58.88424437,338102777.7,22462,1962957.513,3.062822,87.390148
2016-02-11,5.871940323,77259751.59,21440,8046,46.52354727,453664650.7,26825,1823412.87,1.792191,67.974385
2016-02-12,5.470403844,77286250.5,18109,6614,33.06554542,422787001.8,23499,2129092.719,2.867844,90.603546
2016-02-13,5.218790624,77313135.19,19327,6183,36.11858571,403481065,24798,1319043.233,1.922009,53.191517
2016-02-14,5.155843983,77339464.25,16624,5643,27.7730443,398750211.4,21984,945875.4912,2.004796,43.025632
2016-02-15,5.152687376,77365689.56,17159,5776,30.72534296,398641211.9,22492,758820.1767,1.989212,33.737337
2016-02-16,4.262366795,77392135.34,17549,5797,33.29452081,329873667.9,22923,1326311.677,2,57.859428
2016-02-17,3.810980289,77417807.37,19990,5846,41.01939368,295037737.9,25220,779730.3953,1.287474,30.917145
2016-02-18,4.366827736,77444022.22,16969,5678,29.26992335,338184704.2,22295,1153168.901,2.058707,51.723207
2016-02-19,4.585640583,77470677.69,18412,6183,37.03600329,355252683.6,23840,520776.0787,1.67364,21.844634
2016-02-20,4.350489201,77497238.47,16714,5328,26.7916449,337150899.1,22110,1218619.699,1.96548,55.116223
2016-02-21,4.624428605,77523775.03,17119,6463,28.14068031,358503162.9,22512,503598.601,2.213761,22.370229
2016-02-22,5.593708536,77550532.84,18190,6109,32.54911106,433795077.5,23623,831259.3731,1.975509,35.188561
2016-02-23,5.609936197,77576702.84,18482,6178,94.16436625,435200353.3,23807,1576548.487,1.921854,66.222056
2016-02-24,6.234281009,77603129.72,19540,6145,52.03207134,483799717.9,24909,2121193.138,1.77059,85.1577
2016-02-25,6.072274345,77629953.47,19503,6740,31.61284309,471390374.8,24951,949595.4723,1.754824,38.058413
2016-02-26,5.875550437,77656607.53,21068,6649,50.86164043,456275314.3,26489,4038455.62,1.293571,152.457836
2016-02-27,6.310733888,77682803.62,18981,6033,28.37474469,490235501.3,24300,2198924.18,1.563541,90.490707
2016-02-28,6.498836068,77709229.41,19063,6648,29.3587208,505019542.9,24433,805801.357,1.91768,32.980042
2016-02-29,6.333253431,77734458.94,20358,7332,32.94419021,492312028.7,25483,736774.8628,1.658103,28.912407
2016-03-01,7.5263757,77760940.03,21778,7800,33.95084033,585258049.4,27161,1330197.932,1.929005,48.974557
2016-03-02,8.518787908,77787584.25,23562,8668,39.07876264,662655932.1,28975,3625504.595,1.792163,125.125266
2016-03-03,9.284910244,77813695.5,24837,9175,35.33273109,722493178.5,30139,2124687.766,1.646002,70.496293
2016-03-04,9.978698143,77839577.06,24287,9118,33.96317959,776737643.1,29547,1537101.016,1.49397,52.022236
2016-03-05,10.75100628,77866163,27115,10229,33.89815281,837139607.1,32519,2890409.8,2.039941,88.883723
2016-03-06,10.98440672,77891562.69,27661,9887,37.69212263,855592604.7,32826,1638559.06,1.248624,49.916501
2016-03-07,9.476884016,77917548.16,23271,8216,30.37725763,738415566.7,28544,1504991.95,1.504937,52.725335
2016-03-08,9.772849628,77943371.28,24105,9667,33.34788394,761728847,29342,2172912.918,1.31158,74.054697
2016-03-09,11.81709865,77969112.06,24557,9456,26.06417143,921368689,29783,1150573.13,1.328429,38.631875
2016-03-10,11.16565112,77995742.06,24814,9951,20.34666205,870873245,30210,883976.7476,1.805036,29.261064
2016-03-11,11.1229054,78022044.56,23124,9615,19.2479048,867831820.5,28453,966848.8378,1.164313,33.980559
2016-03-12,13.28365882,78048414.72,27887,10129,24.29392528,1036768512,33231,1553648.01,1.578575,46.752972
2016-03-13,14.34005449,78075665.19,28127,10304,25.64171478,1119609293,33664,2010026.413,1.228623,59.708484
2016-03-14,12.31138585,78102073.16,28528,10624,27.78870853,961544758.2,33895,1659103.22,1.377997,48.948317
2016-03-15,13.04229902,78133296.75,29273,10566,24.0129654,1019037820,35643,1327168.348,1.255278,37.235035
2016-03-16,12.70282095,78164786.91,27596,9828,23.87278595,992913292.8,34022,1146329.371,1.435011,33.693768
2016-03-17,11.05033061,78196811.44,33531,10415,31.66809802,864100619.1,40090,1776100.452,1.32637,44.30283
2016-03-18,10.84613985,78228094.25,31821,10940,27.43268868,848472850.2,38217,2387112.315,1.28142,62.462054
2016-03-19,10.50163306,78260173.31,34779,9708,44.28537964,821859623.3,41355,824283.785,1.063529,19.931901
2016-03-20,10.24057179,78291760.97,32447,10253,35.72885385,801752398.6,38899,587340.5355,1.109464,15.099117
2016-03-21,11.83476552,78323155.19,32511,10528,32.46238907,926936176.7,38924,922933.8137,1.119143,23.711176
2016-03-22,11.29600894,78354867.06,32890,9934,26.1394891,885097278.9,39365,717260.4484,1.091375,18.220766
2016-03-23,12.40522757,78386161.12,31786,10346,32.65829833,972398166.7,38182,604605.3069,1.102998,15.834825
2016-03-24,11.16782094,78418232.22,36947,10342,41.40978263,875760776.1,43515,986330.5149,1.043172,22.666449
2016-03-25,10.65611213,78450122.06,36762,10173,40.35489183,835973297.1,43279,586228.3059,1.04054,13.545329
2016-03-26,11.00213229,78482050.5,36646,9995,35.05642051,863469902.3,43183,365448.6035,1.031721,8.462789
2016-03-27,10.38643971,78513681.28,29974,10785,19.20990776,815477616.8,36429,1205008.46,1.118841,33.078274
2016-03-28,11.65682228,78544994.72,33613,11015,26.38212609,915585044,39998,824684.7927,1.074357,20.618151
2016-03-29,11.68895052,78576432.53,33915,12530,23.91278989,918476032,40327,1324450.036,1.085598,32.842761
2016-03-30,11.8662581,78608133,36767,12999,37.37748142,932784394.7,43249,1397694.115,1.076827,32.317374
2016-03-31,11.380502,78639521.91,32259,12255,25.0216633,894957236.4,38657,929545.2094,1.076555,24.045974
2016-04-01,11.63468257,78671406.59,33320,11105,24.23740989,915316842.7,39831,414567.3941,1.060361,10.408159
2016-04-02,11.62532648,78702487.84,29358,11011,18.06566395,914942115.6,35702,407218.0705,1.088453,11.40603
2016-04-03,11.60973994,78734217.53,29588,10977,17.93687287,914083789.6,36081,250158.2025,1.085743,6.933239
2016-04-04,11.12544643,78766170.66,34907,11850,24.86941592,876308812.5,41441,471266.3807,1.066473,11.371984
2016-04-05,10.43644489,78797745.5,39173,12303,28.60692728,822368328.2,45621,720760.8525,1.02278,15.798883
2016-04-06,10.72407408,78829008.16,32078,12049,21.67913276,845368123.1,38455,620183.7486,1.06956,16.127519
2016-04-07,10.09231544,78860175.5,31893,11965,21.41271949,795881766.9,38249,755269.2975,1.066034,19.746119
2016-04-08,9.714492462,78892089.87,34010,11777,25.16753827,766396612.4,40532,581887.5844,1.041355,14.356251
2016-04-09,9.108830379,78923003.47,31923,12119,19.99806,718896251.6,38231,1338009.612,1.074688,34.998028
2016-04-10,8.871822924,78954777.69,32237,12983,19.44701295,700472806.6,38733,1212433.886,1.085544,31.302349
2016-04-11,8.695256715,78985748.62,30327,12213,18.65650291,686801361.1,36634,654582.7406,1.069473,17.868175
2016-04-12,7.494964174,79017134.56,34673,12764,22.90601215,592230592.6,41066,1121851.937,1.041297,27.318267
2016-04-13,8.045424461,79048620.66,36051,13109,32.96712421,635979706.2,42481,1169520.34,1.030373,27.530433
2016-04-14,8.455838275,79080021.75,34781,12455,31.7285716,668687874.7,41181,975358.1112,1.034059,23.684663
2016-04-15,8.210572013,79111755.19,34959,11977,23.37887423,649552763.1,41436,623628.7583,1.028313,15.050409
2016-04-16,8.574011391,79143286.44,30483,12022,17.22448278,678575439.4,36918,465028.6681,1.065224,12.596258
2016-04-17,9.338502452,79174785.81,40203,12623,30.2081937,739373931.4,46630,856341.2329,1.014589,18.364599
2016-04-18,8.987088524,79206649.09,33513,12628,20.09918782,711837167.1,40025,670458.9025,1.051407,16.751003
2016-04-19,8.747548649,79237975.66,32622,12548,19.10494585,693138046.9,39021,439963.0755,1.046685,11.275033
2016-04-20,8.505087213,79269807.06,32944,12843,23.84841061,674196622.4,39447,706571.0307,1.047504,17.911908
2016-04-21,8.151817165,79301180.97,37181,13765,30.38082605,646448728.3,43588,504745.7875,1.02018,11.579925
2016-04-22,7.906739117,79332757.69,31678,12957,20.57607956,627263418.5,38124,785876.4914,1.067425,20.613695
2016-04-23,8.412477365,79364451.28,31845,12726,19.51394475,667651650,38323,1045876.727,1.057227,27.291097
2016-04-24,8.007851146,79395945.03,34046,12833,22.48601452,635790909.4,40487,406797.9626,1.041243,10.047619
2016-04-25,7.519648953,79428083.31,35430,13365,23.86216618,597271303.5,42003,744999.7501,1.037212,17.736822
2016-04-26,7.432436472,79459371.12,32582,13516,21.65938348,590576728,38968,1194862.888,1.057853,30.662669
2016-04-27,7.792925085,79491246.12,33847,13354,20.45015272,619469326,40361,813662.8851,1.056184,20.159631
2016-04-28,7.254016844,79522928.62,34343,13144,22.63862385,576860663.7,40813,810221.3251,1.048705,19.85204
2016-04-29,7.449840876,79554612.22,37332,15158,23.43525292,592669201.9,43801,639849.899,1.03288,14.608112
2016-04-30,8.817115894,79586503.94,45769,19807,32.15245606,701723428.8,52282,2739960.152,1.024549,52.407332
2016-05-01,8.779748833,79617513,39578,15667,36.70066924,699021766.9,45890,1796396.814,1.035614,39.145714
2016-05-02,10.07125278,79649425.19,41748,17759,27.4278674,802169495.1,48266,1950735.523,1.044888,40.416349
2016-05-03,9.362546265,79681219.56,37821,15057,26.84099023,746019104.6,44323,1442184.45,1.0485,32.53806
2016-05-04,9.377364057,79712678.31,37484,14731,27.32274703,747494804.5,43908,1131313.775,1.036312,25.76555
2016-05-05,9.76751993,79744454.56,38707,14974,31.13481144,778905549.2,45208,1136555.297,1.03115,25.140579
2016-05-06,9.376137618,79776195.97,41271,14813,35.17488906,747992592.1,47758,2079425.181,1.021748,43.540877
2016-05-07,9.389553629,79807769.09,35864,14378,24.22782343,749359327.9,42320,1552755.169,1.041603,36.690812
2016-05-08,9.5025564,79839618.31,40063,14903,28.90090128,758680475.9,46573,1455753.49,1.036098,31.257456
2016-05-09,9.355568318,79871419.72,38560,15448,26.34193389,747242523.8,45049,2061300.156,1.039135,45.756846
2016-05-10,9.392068591,79903120.66,40684,15518,27.70144955,750455589.9,47166,2099871.072,1.034639,44.520864
2016-05-11,9.931943048,79934373.78,40811,17098,31.62682582,793903648,47201,3084828.335,1.04301,65.355148
2016-05-12,10.08661006,79966630.81,45002,18113,39.26253972,806592223.1,51594,3298737.108,1.044976,63.936448
2016-05-13,10.60198706,79998827.53,47739,18920,43.1908784,848146534.6,54342,8161931.456,1.08403,150.19564
2016-05-14,10.23169773,80030495.34,45745,16806,35.45133507,818847837.9,52237,5946725.15,1.053211,113.841246
2016-05-15,9.980708153,80062300.81,43073,16252,31.30520736,799078458.4,49563,1527932.853,1.025317,30.828095
2016-05-16,11.11417694,80093815.5,37424,15620,27.59843982,890176837,43855,1523840.9,1.077452,34.747256
2016-05-17,12.18612969,80126007.69,40309,17239,28.46673738,976425921,46890,1355639.519,1.044924,28.911058
2016-05-18,13.36694918,80158412.06,46033,19994,35.07004511,1071473420,52628,1852830.173,1.04058,35.206167
2016-05-19,14.49554691,80190315.66,44523,19769,33.14467512,1162402482,50993,2693723.982,1.030274,52.825368
2016-05-20,13.65531947,80222405.34,45177,20056,38.02796937,1095462574,51692,2294943.999,1.036762,44.396502
2016-05-21,14.00697616,80254241.12,43621,19027,35.79993114,1124119243,50087,1029662.273,1.01503,20.557475
2016-05-22,14.22510076,80286501.12,38895,16248,28.87608911,1142083568,45439,704567.4975,1.028299,15.505788
2016-05-23,13.33805352,80318581.75,43806,18526,29.63440934,1071293542,50335,1284296.083,1.04954,25.514971
2016-05-24,12.75345791,80350585.03,42911,17641,28.59580668,1024747804,49422,1794928.849,1.049352,36.318418
2016-05-25,12.52300162,80382942.06,46443,18653,32.73341817,1006635713,53029,1749148.374,1.021088,32.984751
2016-05-26,12.52695202,80414986.44,51147,24821,35.55839584,1007354677,57658,1314357.618,1.001521,22.795755
2016-05-27,11.20723462,80447308.16,49006,20485,37.99566145,901591856.8,55578,2647502.74,1.038441,47.635804
2016-05-28,11.87413581,80479626.75,70148,29324,80.97278645,955626017.9,76730,2245295.794,0.135729,29.262294
2016-05-29,12.38200896,80511595.97,45890,19701,38.78872291,996895302.9,52378,1037329.074,1.004594,19.804671
2016-05-30,12.68085955,80543603.16,42927,18014,31.85574682,1021362119,49432,1044592.354,1.01238,21.131906
2016-05-31,14.04674174,80575132.37,44386,18729,31.15423768,1131818075,50781,1052755.785,1.009627,20.731293
2016-06-01,13.91321921,80607280.34,42221,18033,31.20075421,1121506761,48743,820114.6838,1.015039,16.825281
2016-06-02,13.82794252,80639462.53,39666,17774,25.8601071,1115077853,46192,531760.676,1.018547,11.511965
2016-06-03,13.89057349,80671734.72,39834,17209,25.24008971,1120576660,46389,658777.8897,1.021451,14.201166
2016-06-04,13.72400736,80703876.28,37875,16879,24.38353275,1107580592,44397,497374.7535,1.009487,11.202891
2016-06-05,13.93269087,80735459.41,37896,16846,23.83880608,1124862198,44299,486666.0882,1.017597,10.985938
2016-06-06,13.99154092,80767831.28,38957,18113,25.86618627,1130066417,45525,512621.7466,1.018082,11.260225
2016-06-07,14.53642036,80799777.22,46141,21757,67.48211214,1174539527,52621,1033278.531,1.002416,19.636239
2016-06-08,14.50367024,80832080.19,40433,18505,28.43081219,1172361836,46987,2184435.923,1.011634,46.490219
2016-06-09,14.47920547,80864306.12,39854,17937,28.89476701,1170850904,46384,494491.6596,1.015549,10.660824
2016-06-10,13.94947896,80895470.34,40145,18752,28.89651161,1128449661,46458,926386.3573,1.011422,19.940298
2016-06-11,14.22958048,80927842.06,36901,15665,27.22463024,1151569242,43462,559469.5702,1.020108,12.872614
2016-06-12,15.77416002,80960062.69,42581,19526,29.164101,1277076984,49114,1132266.494,1.008229,23.053844
2016-06-13,17.67302421,80992286.91,46185,22543,36.90645282,1431378648,52716,1213341.133,1.016473,23.016563
2016-06-14,18.73749358,81024432.37,50335,22750,38.46921144,1518194781,56861,1446858.376,1.009913,25.445532
2016-06-15,18.40932921,81056299.41,43251,19951,30.45637591,1492192101,49711,950044.6188,1.011748,19.111356
2016-06-16,20.72886637,81088177.06,43392,20507,40.81529225,1680865987,49856,1514111.615,1.021852,30.369697
2016-06-17,15.45451763,81121589.72,66558,35310,229.3060042,1253695038,73460,4240514.779,0.733692,57.725494
2016-06-18,11.25958619,81155980.66,63083,34979,271.1949112,913782758.7,70202,5178580.016,1.003885,73.766844
2016-06-19,12.31845337,81189176.12,51035,24631,54.12748468,1000125081,57772,1847918.82,1.004304,31.986409
2016-06-20,11.69314814,81220890.97,47118,23734,51.76721771,949727909.9,53558,2646932.869,1.004333,49.421802
2016-06-21,13.05073803,81252879.41,47323,22409,82.84443513,1060410044,53812,1819308.748,1.010434,33.808607
2016-06-22,13.22615496,81285550.03,48615,25137,51.44506417,1075095281,55246,2096081.772,1.012091,37.940878
2016-06-23,13.79821217,81317398.16,41908,20580,31.97826969,1122034713,48363,1808794.639,1.018669,37.400381
2016-06-24,14.38460631,81349570.03,45331,21462,39.42674817,1170181538,51857,1155583.769,1.001426,22.284046
2016-06-25,14.3489549,81381255.97,36684,18544,28.30164822,1167735972,43104,1289166.458,1.02192,29.908279
2016-06-26,13.85083646,81413570.66,41613,22252,27.46798579,1127646053,48171,655026.1803,1.004228,13.597936
2016-06-27,14.06920941,81445665.5,39663,19552,27.65805652,1145876123,46170,684804.797,1.01316,14.832246
2016-06-28,12.18804331,81477826.91,43089,21499,32.10017793,993055283.1,49613,1591453.482,1.016141,32.077348
2016-06-29,12.71232855,81509696.91,49897,20187,56.85645211,1036178047,56368,1299850.963,0.896339,23.060087
2016-06-30,12.45677609,81541679.87,63952,19713,87.88741116,1015746448,70452,900900.7865,0.129828,12.787441
2016-07-01,12.27652637,81574301.28,40085,20006,45.45409621,1001449061,46709,892518.0847,1.012307,19.108054
2016-07-02,12.11150575,81606217.84,39257,19728,24.37560555,988374176.4,45738,494824.1004,1.01309,10.818665
2016-07-03,11.8082437,81638257.53,39757,20052,30.72687659,964004440.6,46256,546117.7943,1.01374,11.806421
2016-07-04,11.41856442,81670394.72,39950,20543,26.77288096,932558663.2,46467,1202503.869,1.015466,25.878664
2016-07-05,10.51968501,81701976.28,39270,20930,30.15888166,859479055.5,45681,3631607.708,1.017746,79.499304
2016-07-06,10.55904823,81734331.12,37900,19880,29.69207732,863036744.4,44467,1094152.707,1.024029,24.605948
2016-07-07,10.1132562,81766227.06,40433,20059,26.61330045,826922802.7,46903,1017873.661,1.014722,21.701675
2016-07-08,11.34970977,81798176.59,42506,20907,39.34748355,928385564.4,48995,722042.425,1.007228,14.737063
2016-07-09,10.95297404,81830974.72,40410,21237,49.11468467,896292541.4,47084,625013.421,1.013244,13.274433
2016-07-10,10.96154541,81862940.19,39358,20305,27.64605388,897344336.4,45839,696287.494,1.014982,15.189849
2016-07-11,10.56650381,81894925.5,38582,19487,28.54869326,865343042.3,45077,838517.582,1.017679,18.601894
2016-07-12,10.55334833,81926682.84,40811,21151,32.63863904,864600821.9,47252,897781.6568,1.010664,18.999866
2016-07-13,10.44727256,81958840.81,35740,18017,24.74975016,856246348.8,42261,974616.8784,1.021227,23.061851
2016-07-14,11.53636973,81990655.97,42809,20859,32.40964188,945874521.3,49267,961800.3557,1.00787,19.522203
2016-07-15,11.99350557,82022540.66,41110,20896,29.14697037,983737798.1,47588,3938520.176,1.012959,82.762885
2016-07-16,11.71866588,82054706.75,38062,19326,23.88086019,961571692.2,44590,814144.2154,1.006791,18.258448
2016-07-17,11.2566893,82086488.47,33914,16402,19.64701243,924022096.5,40358,796129.226,1.024239,19.726677
2016-07-18,11.08267701,82118986.59,39198,18988,25.65326528,910098204.5,45803,2893098.473,1.016169,63.163952
2016-07-19,11.67562511,82150760.5,44184,26614,29.21789857,959161482.4,50643,9784068.878,1.117929,193.196866
2016-07-20,12.50351007,82182671.59,50631,25428,75.58568767,1027571862,57120,14080768.2,0.506766,246.512048
2016-07-21,12.74559164,82215459.09,44882,22477,34.21052072,1047884668,51536,1792202.756,1.004328,34.775744
2016-07-22,14.82488289,82247149.72,48458,24563,37.41784761,1219304363,54887,3071434.553,1.004719,55.959235
2016-07-23,14.4444566,82279540.97,45006,22510,33.0563052,1188483259,51571,2662438.909,1.005308,51.626668
2016-07-24,12.72063053,82311020.97,58215,26999,37.34635349,1047048087,64596,12850681.66,1.048836,198.939279
2016-07-25,13.84029495,82343012.53,54856,25220,39.43033771,1139651580,61336,9844937.808,1.034951,160.508312
2016-07-26,11.96328494,82373782.53,61930,30114,45.48888508,985461031.9,68163,20827329.31,1.061269,305.551829
2016-07-27,13.06156389,82406727.84,53035,28854,38.24012561,1076360741,59720,12505117.2,1.002102,209.3958
2016-07-28,12.88820316,82439082.06,48555,24418,63.95126238,1062491638,55119,7674011.227,1.026975,139.226242
2016-07-29,12.87801282,82471021.44,47243,23504,45.68204827,1062062871,53726,5372713.244,1.001961,100.002108
2016-07-30,12.51876066,82502663.16,42011,20537,29.99046921,1032831094,48423,3796933.052,1.003707,78.411768
2016-07-31,11.94611594,82534882.69,48749,21395,30.3715109,985971277.8,55283,3656260.417,1.005314,66.137156
2016-08-01,11.00702945,82566477.06,45978,21697,30.44180227,908811644.8,52379,5474932.086,1.011393,104.525327
2016-08-02,8.356106622,82597832.22,49041,20299,33.96400381,690196292.8,55396,10193011.88,1.049776,184.00267
2016-08-03,10.54202449,82629536.12,49475,22724,33.0260361,871082593.5,55896,8789805.215,0.997184,157.252848
2016-08-04,11.26047174,82662392.69,46761,21846,32.41190047,930817536.9,53419,3716715.26,1.022045,69.576654
2016-08-05,11.16655372,82694624.72,43212,20746,29.4046126,923413968.9,49746,4227193.779,1.009077,84.975551
2016-08-06,10.99011149,82726210.81,41487,19499,26.05450904,909170279.8,47884,1844053.612,1.011985,38.510851
2016-08-07,11.02330068,82758505.66,42955,20085,27.69603243,912271891.3,49499,2131645.549,1.007021,43.064416
2016-08-08,11.30988489,82790681.59,42984,20439,53.89657543,936353079,49505,2159809.579,1.009691,43.62811
2016-08-09,12.30707385,82823348,47057,22799,31.4768204,1019313060,53684,3201542.008,1.004808,59.636801
2016-08-10,12.09459738,82855510.97,46290,21183,33.42224228,1002104046,52811,4854674.904,1.003606,91.925449
2016-08-11,11.70536061,82887707.06,48171,22502,32.08672164,970230501.1,54694,3925377.637,1.003267,71.769804
2016-08-12,11.79803669,82919819.09,44400,20078,30.19986677,978291067.7,50919,2328918.893,1.001312,45.737719
2016-08-13,11.57711733,82951818,41088,19446,25.07781385,960342929.8,47573,2028883.512,1.002139,42.647794
2016-08-14,11.26058884,82983783.16,40577,19439,24.19811888,934446262.2,47052,1642908.52,1.006601,34.916869
2016-08-15,11.15949328,83016115.81,42302,19883,27.15515556,926417786.4,48853,1465043.796,1.003548,29.988819
2016-08-16,11.1599375,83048153,48949,20876,31.16428493,926812197.4,55437,965939.1172,0.998949,17.424087
2016-08-17,10.80133834,83080147.53,44867,20012,28.70173901,897376783.2,51357,1797504.411,1.000755,35.000183
2016-08-18,10.75699655,83112936.59,47799,19717,36.0614908,894045572.3,54469,1218590.378,1.00079,22.372182
2016-08-19,10.74631385,83144778,42948,20028,29.83235875,893499879.5,49403,1057611.334,1.002002,21.407836
2016-08-20,11.29545668,83177006.12,41318,19626,26.60769533,939522269.3,47865,1582060.506,1.002555,33.052554
2016-08-21,11.1615503,83209705.97,42543,20155,29.01744247,928749318.4,49198,3585453.884,1.003856,72.878041
2016-08-22,11.08714305,83241995.66,44250,19998,29.90945609,922915913.2,50806,2267353.826,1.001743,44.627678
2016-08-23,10.9988015,83274182.69,48430,21902,72.11857086,915916205.6,54974,4515775.749,1.000311,82.143845
2016-08-24,11.01608796,83306456.12,46821,19911,30.00325878,917711248.3,53376,1033158.677,0.99953,19.35624
2016-08-25,11.33890937,83338591.75,49868,21375,32.48290393,944968738.9,56382,956775.001,0.99123,16.969512
2016-08-26,11.27947023,83370463.16,47292,19894,31.57593595,940374657.1,53759,1989479.383,0.999977,37.007373
2016-08-27,11.18379176,83402769.56,47938,19759,28.57993924,932759206.6,54499,996190.8994,0.998263,18.279067
2016-08-28,11.00711414,83434793.78,42607,20068,25.72725672,918376298.7,49105,861851.7789,1.002757,17.551202
2016-08-29,10.9581455,83466723.94,45510,21079,29.40689668,914640505.3,51989,1224312.201,0.918533,23.549447
2016-08-30,11.25098615,83498595.03,46979,20261,32.24637659,939441536.6,53444,889602.9167,1,16.645515
2016-08-31,11.60652581,83530733.31,45846,21843,29.99766426,969501612.4,52368,1124758.453,1.001517,21.477972
2016-09-01,12.11575115,83562478,47491,22184,31.74365594,1012422189,53934,2013915.84,1.003955,37.340376
2016-09-02,12.14188575,83594862.06,55413,22712,45.22987797,1014999264,61991,1787577.725,0.389964,28.836085
2016-09-03,11.89446262,83626358,44792,20236,27.18074981,994690589.6,51179,1282182.219,1.001307,25.052897
2016-09-04,11.75170669,83658217.69,48128,20979,49.33606776,983126836.8,54589,1515602.39,1,27.763879
2016-09-05,11.77405707,83690411.75,42667,20429,28.62886746,985375684.4,49201,845539.9905,1.006144,17.185423
2016-09-06,11.72588689,83722093.16,49102,20734,33.38026673,981715794.4,55524,998821.5394,0.904139,17.989005
2016-09-07,11.58640094,83754360.97,48701,19728,34.19942435,970411606.7,55241,913577.9378,0.405669,16.538041
2016-09-08,11.41000412,83786269.56,55970,22666,41.20653978,956001680.7,62449,1548098.382,0.493585,24.789803
2016-09-09,11.66033261,83818486.44,53918,20896,41.89687901,977351430.4,60456,727478.5756,0.473049,12.033191
2016-09-10,12.15128415,83850317.06,42875,20367,27.40706334,1018889029,49334,700870.0763,1.002016,14.206634
2016-09-11,11.66256646,83882670.03,43345,20742,28.54804571,978287213.8,49917,877719.6476,1.003131,17.583582
2016-09-12,11.90292442,83914907.06,45123,21974,35.02999901,998832796.7,51671,961782.4328,1.00185,18.613583
2016-09-13,11.93589375,83946811.91,42591,20755,30.39217184,1001980227,49065,989002.0692,1.003885,20.156977
2016-09-14,11.92193268,83979340.66,53859,20528,36.29935897,1001196046,60470,785622.6124,0.552204,12.99194
2016-09-15,11.97704125,84011523.47,52622,21252,36.22695515,1006209482,59167,649025.5117,0.462564,10.969383
2016-09-16,12.60655409,84043762.53,57532,21568,46.93201365,1059502238,64079,2301905.715,0.510064,35.922934
2016-09-17,12.80976952,84075917.53,46882,21193,35.28131815,1076993126,53418,831821.6926,1.000379,15.571936
2016-09-18,12.44342863,84105491.44,37893,19686,29.6452624,1046560680,43920,1595774.466,1.002851,36.333663
2016-09-19,13.0277881,84139768.31,40505,20994,27.61737771,1096155072,47586,956267.7587,1.022899,20.095569
2016-09-20,14.71652465,84172260.81,54067,24631,32.8255676,1238723151,60710,3718802.913,1.005548,61.255195
2016-09-21,13.77039792,84204344.56,44549,20955,30.17218606,1159527331,51111,4077253.256,1.012302,79.77252
2016-09-22,13.19667709,84235950.19,52657,17551,63.14613194,1111634634,59251,1918465.666,0.343686,32.378621
2016-09-23,13.36952722,84270227.06,35219,18092,49.03093137,1126653095,42313,2080711.893,1.164983,49.174294
2016-09-24,12.96137446,84303551.28,43418,18565,71.02947473,1092689896,50398,1372641.411,1.010614,27.236029
2016-09-25,13.08554991,84337945.5,38713,20158,67.14020109,1103608395,45843,2522208.77,1.039267,55.018406
2016-09-26,12.86214592,84370073.16,43514,23266,115.6392056,1085180192,50234,1483756.689,1.003826,29.536901
2016-09-27,13.09809112,84405360.66,46817,17521,98.5407521,1105549105,54306,1168448.747,1.008237,21.516016
2016-09-28,13.31834111,84437764.09,42797,18839,68.13269113,1124570945,49425,2526643.438,1.009365,51.120757
2016-09-29,13.13349603,84470077.53,40416,19818,41.27925801,1109387428,47004,2144111.35,1.036297,45.615508
2016-09-30,13.25969776,84501700.81,35836,17640,40.25902679,1120467013,42277,944620.9269,1.051133,22.343613
2016-10-01,13.23741489,84536179.41,53076,22028,91.3894999,1119040480,60363,858165.5695,0.953288,14.216748
2016-10-02,13.28397136,84571928.94,51105,22758,87.47521667,1123451082,58618,1835068.101,1.003154,31.305539
2016-10-03,13.50053057,84605211.59,47672,21671,65.92753264,1142215245,54537,643796.9171,1.003585,11.804773
2016-10-04,13.32603608,84637266.12,56662,40270,85.36779295,1127879262,63272,734353.9485,0.093711,11.606302
2016-10-05,13.08346682,84670347.69,41719,17560,64.16574449,1107781685,48770,1073614.989,1.00205,22.01384
2016-10-06,12.87298188,84703170.19,36826,18040,50.2581089,1090382375,43675,964515.6612,1.000557,22.08393
2016-10-07,12.69044818,84739741.44,43708,19625,53.56977025,1075385297,51639,972718.1894,1.009697,18.836891
2016-10-08,12.24350364,84775836.12,37690,19591,56.3805619,1037953258,45284,1087758.288,1.00306,24.020808
2016-10-09,12.08578726,84809261.75,43940,20008,60.02357006,1024986695,50869,2619727.592,1.035725,51.499491
2016-10-10,11.77324821,84842392.69,44940,51780,54.63668968,998870548.1,51795,2618359.06,1.016514,50.552352
2016-10-11,11.76477825,84874872.22,41053,2268294,39.19865461,998534050.7,47736,2332923.709,1.010188,48.87137
2016-10-12,11.82660739,84907964.87,30002,7157228,44.18646314,1004173165,36881,2661726.582,1.001514,72.170673
2016-10-13,11.95856936,84942791.12,32244,4981603,112.6585011,1015794259,39566,1055286.154,0.998308,26.67154
2016-10-14,11.90498188,84975704.87,42006,1015290,75.24662027,1011634227,48793,2667594.519,1.003474,54.671664
2016-10-15,11.95711926,85007912.06,33662,713710,69.082723,1016449742,40271,1192343.828,1.257138,29.608001
2016-10-16,11.96180171,85040842.37,34990,1183203,66.99710041,1017241694,41791,1632119.204,1.052942,39.054323
2016-10-17,11.9689211,85073216.44,38136,1078043,71.53950337,1018234615,44813,1867072.455,1.018025,41.663635
2016-10-18,12.55007316,85106540.5,51898,879126,96.86327472,1068093310,58775,2896822.371,1.000717,49.286642
2016-10-19,11.99250575,85139682.69,38497,14565,92.76412162,1021038135,45449,1094348.383,1.002828,24.078602
2016-10-20,12.06247161,85174219.25,43438,20948,54.94496562,1027411602,50578,761222.3279,1.012498,15.050463
2016-10-21,12.08190853,85206346.12,57780,23299,41.96456691,1029455280,64341,652318.7628,0.432118,10.138462
2016-10-22,12.04385859,85238048.78,37772,19093,27.6596726,1026595006,44238,533579.9195,1.016048,12.061574
2016-10-23,11.95701446,85269380.66,35364,17749,26.36303684,1019567217,41745,464233.4747,1.012657,11.120696
2016-10-24,11.92644316,85301442.53,52547,18902,48.59063005,1017342806,59100,683776.2968,0.867839,11.569819
2016-10-25,11.3266441,85333107.06,47610,19401,43.1961563,966537734,54063,1137255.656,1.001103,21.035748
2016-10-26,11.49404798,85365063.94,45158,19013,35.28918498,981190141,51670,963699.5631,1.002022,18.651046
2016-10-27,11.47589686,85396508.94,44353,18772,33.34429095,980001528.7,50755,957728.3863,1.002742,18.869636
2016-10-28,11.12836086,85427588,41522,18838,35.89208134,950669027.1,47847,1572130.853,1.008519,32.857459
2016-10-29,10.41333964,85457213.78,40011,17149,31.12248177,889894991.6,46040,1898110.042,1.012267,41.227412
2016-10-30,11.23650865,85489178,39435,15450,30.59147767,960599887.8,45961,2460227.873,1.007656,53.528598
2016-10-31,10.97698263,85521199.25,45031,19967,33.41482553,938764718.6,51559,1274802.902,1.008092,24.725129
2016-11-01,10.80720256,85551697.69,49025,20645,41.19268589,924574526.1,55226,2921614.556,1.000745,52.902882
2016-11-02,10.83408093,85582839.72,43519,21127,29.19753574,927211411.3,49852,4341672.254,1.001649,87.091235
2016-11-03,10.86886095,85614055.66,42346,19392,29.70314027,930527265.9,48706,9985367.263,1.0044,205.013084
2016-11-04,11.15419808,85644979.25,32572,13375,21.70136374,955301063.3,38867,1229560.969,1.023446,31.635088
2016-11-05,11.14252308,85676403.78,37690,16488,24.59806368,954651306.8,44091,896139.8453,1.00676,20.324779
2016-11-06,10.99391362,85708203.94,34391,15005,23.28271888,942268590.4,40866,546725.9794,1.016948,13.378505
2016-11-07,10.91568669,85741463,41941,18175,29.02982313,935926946.1,48726,674802.9285,1.007213,13.848929
2016-11-08,10.85880944,85773790.19,41569,16982,31.46834313,931401242.5,48154,708347.7761,1.013807,14.710051
2016-11-09,10.65746665,85804792.53,40517,17488,34.98542559,914461714.6,46824,2067850.859,1.017355,44.1622
2016-11-10,10.5204115,85836003.31,40164,16205,35.37743557,903030076,46515,1053107.484,1.004524,22.640169
2016-11-11,10.29005445,85867342.69,41070,17674,44.23578159,883579631.9,47446,3797773.434,1.005936,80.044122
2016-11-12,9.888410327,85899292.69,40882,16239,30.71775839,849407452.9,47392,1275294.959,1.009368,26.909499
2016-11-13,10.11767674,85931716.91,43673,17673,33.92647096,869429333.3,50271,1299031.964,1.00457,25.840583
2016-11-14,10.01722836,85963601.12,43876,16136,38.31456257,861117022.9,50374,566320.9393,1.004014,11.242326
2016-11-15,10.24172777,85995038.16,45330,17175,37.0273981,880737770.4,51729,1066253.529,1.002367,20.612297
2016-11-16,10.02258258,86026619.56,41684,16052,34.92424018,862208898.9,48106,1113419.869,1.005701,23.145135
2016-11-17,9.93872796,86057428.16,40738,15955,30.42880001,855301367.4,47021,3244476.276,1.003804,69.00058
2016-11-18,9.518194934,86090528.94,43785,16522,34.70116949,819426436.4,50539,1114906.592,1.004665,22.060322
2016-11-19,9.700485868,86122860.03,39289,15736,27.90021683,835433586.6,45870,893355.2831,1.008003,19.475807
2016-11-20,9.588912226,86155316.44,42125,16560,32.59646883,826135767.1,48729,672206.739,1.004062,13.794799
2016-11-21,9.537563177,86187131.75,42735,16573,35.25151168,822015214.1,49206,693486.8515,1.005137,14.093542
2016-11-22,9.853807032,86218309.25,53585,121548,38.09484581,849578581.9,59931,2620365.322,0.342816,43.723037
2016-11-23,9.790150089,86250931.12,64289,2201887,82.22907797,844409561.1,71042,2470580.315,0.202881,34.776334
2016-11-24,9.221381245,86283332.53,36861,1518571,58.89329241,795651504.3,43568,872401.8741,1.005203,20.023914
2016-11-25,9.413863073,86316764.25,58075,1707643,59.80974804,812574199.6,65017,1553940.161,0.124322,23.900521
2016-11-26,9.312056271,86349260.81,40804,2236731,72.59888123,804089175.7,47520,736167.0843,1.002097,15.491732
2016-11-27,8.914638512,86382967.53,44449,4138216,114.9160502,770072929.1,51501,746456.2128,1.000357,14.494014
2016-11-28,8.681694449,86416907.37,48388,4295076,122.2192756,750245185.1,55469,831145.6262,1.000211,14.983966
2016-11-29,8.168336608,86449885.34,47036,3154919,101.5894448,706151763.2,53867,1351173.005,1.000721,25.083502
2016-11-30,8.607217329,86481725.34,39178,159809,35.31984015,744367005,45675,1218433.627,1.001633,26.67616
2016-12-01,8.45638716,86513473.62,37121,14917,27.22313652,731591427.5,43595,1073599.293,1.008599,24.626661
2016-12-02,7.671242887,86545270.03,41642,18020,28.08175722,663909787.1,48118,3347272.722,1.003978,69.563837
2016-12-03,7.893981786,86577386.44,41357,19886,25.9100852,683440311.6,47890,4858504.126,1.007586,101.451329
2016-12-04,7.474491722,86608558.94,39643,21023,26.25906785,647354956.9,45982,1723574.887,1.003256,37.483687
2016-12-05,6.733519102,86639790.5,41613,20575,31.26022778,583390684.3,47963,3676784.247,1.005956,76.658763
2016-12-06,7.777003429,86671769.25,48200,18629,34.72419036,674046646.6,54713,6293393.188,1.003607,115.025555
2016-12-07,8.355389338,86703479.87,41757,15252,34.98683089,724441331.3,48206,2475963.42,1.002975,51.362142
2016-12-08,8.264269465,86735573.94,39587,15363,792.4889805,716806155.2,46130,2538355.89,1.006163,55.026141
2016-12-09,8.492425928,86767234.56,41444,16393,31.42794483,736864312.5,47890,2558665.134,1.005751,53.427963
2016-12-10,8.121862807,86798910.97,40564,16651,29.02731646,704968846.7,47008,1444634.247,1.004262,30.731668
2016-12-11,8.229698745,86830689.87,39164,15625,36.80282475,714590419.5,45627,1978849.569,1.005427,43.370144
2016-12-12,8.52116494,86862032.37,38741,16013,31.2366663,740165704.9,45124,1096014.827,1.009353,24.288955
2016-12-13,8.410061046,86893842.37,44664,14703,30.96445138,730782518.9,51146,1139489.415,1.000248,22.27915
2016-12-14,8.239893686,86925692.84,47294,16620,34.88665338,716258467.6,53781,1088450.526,1.000121,20.23857
2016-12-15,7.812548007,86957060.66,46102,17580,34.42786761,679356210.9,52485,2153467.886,1.000583,41.030159
2016-12-16,7.857508199,86988817.06,43953,16335,30.59438815,683515343.3,50413,1451555.379,1.000797,28.793275
2016-12-17,7.796804098,87020779.41,39442,15730,32.80170079,678483969.4,45953,3137908.781,1.002735,68.285178
2016-12-18,7.907392297,87052668.78,36640,13717,27.72324656,688359602.6,43132,2194443.503,1.007538,50.877388
2016-12-19,7.609914836,87084142.37,45599,17182,36.45135777,662702907.1,52002,1414121.839,1.000558,27.193605
2016-12-20,7.625589966,87115811.28,44241,16898,43.90159747,664309456.4,50683,1424024.416,1.001604,28.096688
2016-12-21,7.889925672,87147404.25,50793,16045,54.7473654,687586542,57214,2110539.582,1.000107,36.888516
2016-12-22,7.583892075,87178478.31,55173,23152,38.8444056,661152170.8,61491,3366244.774,0.403246,54.743699
2016-12-23,7.166979621,87209595.66,44391,17335,29.67366919,625029394.8,50724,6285303.577,1.00241,123.911828
2016-12-24,7.242660802,87240922.53,37757,15279,25.81752535,631856409.9,44127,2384676.189,1.004777,54.041204
2016-12-25,7.201348194,87272930.97,36601,13822,24.21790154,628482763.8,43118,1091894.618,1.00373,25.323406
2016-12-26,7.240331975,87304575.66,34565,13945,23.12041301,632114110.7,41001,862878.9127,1.00726,21.045314
2016-12-27,7.153741686,87335798.47,42370,14690,36.39813458,624777742.2,48714,1447896.694,1.001329,29.722394
2016-12-28,7.62361589,87367373.62,43386,15321,31.57530443,666055297.8,49807,2932828.097,1.001502,58.883854
2016-12-29,8.302594087,87399192.37,46546,15585,40.70029321,725640017.8,53024,4622907.287,1.003019,87.185186
2016-12-30,8.218935827,87430873.94,44561,15825,44.81091077,718588742.2,51006,3314352.616,1.000761,64.979662
2016-12-31,8.126329622,87462102.06,41220,15928,28.59880081,710745870.8,47569,6391641.081,1.003928,134.365681
2017-01-01,8.177851768,87493850.34,38730,13946,25.26222485,715511738.7,45178,1850464.545,1.005589,40.959417
2017-01-02,8.378456487,87525377.37,39652,15232,28.11834106,733327565.8,46063,2888853.79,1.00559,62.715277
2017-01-03,9.69747177,87556904.41,45883,14868,40.2453431,849080608.8,52303,5098916.389,1.001116,97.488029
2017-01-04,11.06863239,87589003.94,50673,18066,39.50458344,969490486.1,57207,7896570.695,1.005083,138.035043
2017-01-05,10.22479391,87620820.97,49596,18850,34.8575779,895904836.8,56068,8115635.579,1.003391,144.746301
2017-01-06,10.12583202,87652180.5,43804,17287,31.3190764,887551255.7,50186,7450092.761,1.009549,148.449623
2017-01-07,9.924744594,87684075.5,43622,16709,30.18449407,870242054.3,50118,4434041.771,1.005517,88.472041
2017-01-08,10.43859733,87715759.87,42727,15727,33.02422783,915629496.7,49173,2534124.746,1.002778,51.534882
2017-01-09,10.36482857,87747510.19,46188,17353,35.91916969,909487900.1,52648,4445791.35,1.004318,84.443689
2017-01-10,10.62836721,87778859.56,48179,16350,38.70940401,932945952.9,54553,4621711.811,1.000933,84.719664
2017-01-11,9.972434649,87810382.53,45221,16407,34.63413431,875683301.3,51635,4647110.535,1.003559,89.999236
2017-01-12,9.772264103,87841939.25,50589,18118,37.08306066,858414629.7,57012,4583079.57,1.000357,80.387981
2017-01-13,9.81302505,87873669.56,50833,17532,35.78273198,862306520.6,57285,2527341.492,0.989774,44.118731
2017-01-14,9.77886793,87905147.69,42044,16539,28.73932336,859612829.6,48439,969245.0356,1.002056,20.0096
2017-01-15,9.871377501,87936849.72,41748,16277,29.98149428,868057839.9,48202,616896.1205,1.000426,12.798144
2017-01-16,9.613635269,87968390.03,45375,16857,32.52371341,845696017,51793,836140.4912,1.002911,16.14389
2017-01-17,10.24363927,87999686.12,46671,17779,39.42237022,901437040.8,53044,1588846.35,1.00035,29.953366
2017-01-18,10.24175764,88031291.59,44994,16719,33.98421364,901595153.3,51422,904494.7663,1.002039,17.589646
2017-01-19,10.43457459,88063415.19,43628,16434,31.29528202,918904274.7,50169,1034607.292,1.004066,20.622442
2017-01-20,10.65083345,88094536.28,45775,18418,33.64778008,938280233.9,52113,2729808.674,1.001532,52.382489
2017-01-21,10.96216382,88126060.03,43302,16291,30.66392686,966052307.1,49716,977481.11,1.001806,19.661298
2017-01-22,10.70409294,88157637.84,47432,16436,35.76865561,943647549.1,53851,1011490.781,1.000073,18.783138
2017-01-23,10.79881084,88189136.28,46076,16840,35.01886118,952337800.5,52478,913946.6521,1.000907,17.415806
2017-01-24,10.54599321,88220556.75,50414,17693,41.16426041,930373392.2,56802,820712.0463,0.751202,14.448647
2017-01-25,10.51334967,88251980.34,46256,16459,37.75670634,927823928.1,52653,978840.9542,1.000231,18.590412
2017-01-26,10.62586501,88283765.03,46856,16994,36.45994764,938091370.1,53331,1101230.001,1.000086,20.648966
2017-01-27,10.53412348,88314879.87,46680,16409,35.3494287,930319849.7,53000,1056380.387,1.000547,19.931705
2017-01-28,10.56387358,88346407.84,45189,16621,33.34500901,933280283.9,51599,632152.6111,1.000541,12.251257
2017-01-29,10.49499527,88377527.84,42509,15710,30.61854593,927521736.3,48841,902496.9916,1.00143,18.478266
2017-01-30,10.5793408,88409456.28,45369,17322,32.79253846,935313767.6,51869,728684.1958,1.00047,14.048549
2017-01-31,10.7060902,88440870.19,43649,15900,32.00903823,946855933.5,50040,1309781.645,1.001426,26.174693
2017-02-01,10.72281057,88472202.37,44541,16645,38.11554111,948670666.5,50912,1301087.471,1.000698,25.555615
2017-02-02,10.82796256,88503617.22,43709,16639,35.45939736,958313854.1,50087,1261677.226,1.001708,25.189714
2017-02-03,10.95710676,88534890.5,42778,16220,34.05935512,970086247.2,49141,1670224.966,1.003368,33.98842
2017-02-04,11.39597693,88566651.28,45410,17283,32.97166173,1009303514,51873,1801014.711,1.002677,34.719694
2017-02-05,11.2444301,88598249.72,46542,17145,34.84082133,996236825.7,52957,776887.951,1.001407,14.670165
2017-02-06,11.33666012,88629876.44,47306,16440,35.86561362,1004766785,53739,1405821.513,1.002084,26.160173
2017-02-07,11.48690031,88661367.84,51866,16941,46.068715,1018444294,58281,1307730.349,1.000074,22.438365
2017-02-08,11.40079323,88693072.06,51089,17666,43.71374165,1011171375,57543,1226462.156,1.000172,21.313838
2017-02-09,10.98989481,88724503,47873,17228,40.68162167,975072955.3,54256,1369140.398,1.001287,25.23482
2017-02-10,11.37336879,88755999.41,52222,17116,46.21940355,1009454714,58623,1675815.98,1.001038,28.586322
2017-02-11,11.48352598,88787589.25,46560,16194,38.49593317,1019594588,52985,964731.2631,1.000596,18.20763
2017-02-12,11.46373796,88819158.94,45319,17549,40.33677657,1018199564,51736,1242876.426,1.001107,24.023435
2017-02-13,11.38886219,88850893,55990,18652,61.46315439,1011910575,62442,1241223.217,1.000188,19.878018
2017-02-14,13.09409656,88882357.06,58298,19469,49.83218435,1163834166,64699,3521777.123,1.00075,54.433254
2017-02-15,13.01426651,88914085.34,55320,19536,90.52776102,1157151603,61770,4228125.425,1.00082,68.449497
2017-02-16,12.88548199,88945625.19,49674,18484,39.21124029,1146107251,56077,2419880.744,1.002127,43.152821
2017-02-17,12.7742326,88976953,49406,18335,38.84667406,1136612293,55768,2617639.486,1.001434,46.93802
2017-02-18,12.89827522,89008164.72,49398,18471,44.65269893,1148051805,55740,2413759.321,1.001739,43.303899
2017-02-19,12.86141336,89039431.91,48227,17465,36.31267429,1145172939,54572,2376164.655,1.001003,43.541828
2017-02-20,12.70234358,89070819.72,50152,18807,41.03446799,1131408155,56529,2483724.364,1.000846,43.937171
2017-02-21,12.81274392,89102230.34,58434,19273,54.86547967,1141644060,64806,3823350.872,0.699229,58.996866
2017-02-22,12.7348606,89133223.94,50372,18605,50.95434761,1135099181,56659,2726549.867,1.000331,48.122097
2017-02-23,13.2532427,89164453.47,47601,18090,43.35249304,1181718142,53937,2631403.286,1.002955,48.786608
2017-02-24,13.1775699,89195717.06,54081,19912,41.33923814,1175382796,60427,5152668.509,1.001275,85.270963
2017-02-25,13.64543017,89227270.97,53245,18853,44.66242232,1217544495,59661,3221477.77,1.000357,53.996376
2017-02-26,14.65900731,89259091.12,51716,18893,39.37900438,1308449669,58186,3880139.445,1.001122,66.685104
2017-02-27,15.65684233,89290337.53,52642,20317,45.027386,1398004736,58991,9166008.567,1.002536,155.379779
2017-02-28,15.65335474,89322193.62,60277,23302,50.96269142,1398191983,66751,11345794.6,1.003921,169.971905
2017-03-01,17.26568435,89353338.47,59774,25905,54.94297165,1542746538,66111,11825530.87,1.002712,178.873877
2017-03-02,19.20456121,89384966.91,70779,32103,54.86269424,1716599068,77210,17358425.04,1.00204,224.820943
2017-03-03,19.65470319,89416268.31,64294,27002,46.4031228,1757450214,70653,16508564.19,1.01048,233.656946
2017-03-04,18.68422489,89447440.97,58756,23685,42.51942052,1671256103,65094,10716373.38,1.001644,164.629204
2017-03-05,19.30111122,89479002.84,57031,23431,43.43870349,1727044186,63444,9191501.17,1.001085,144.875814
2017-03-06,19.73103376,89510155.97,57020,23416,41.35169202,1766127909,63357,15348311.86,1.003611,242.251241
2017-03-07,18.83910784,89541224.72,62589,21977,43.80270862,1686876789,68903,10401540.34,1,150.959179
2017-03-08,16.67782018,89572550.66,55386,22169,40.31748409,1493874893,61752,11285671.54,1.006026,182.757992
2017-03-09,17.79808751,89603360.19,64266,25523,49.7685971,1594768446,70523,14904618.6,1.000166,211.344081
2017-03-10,19.180942,89634387.22,65132,25460,55.57275643,1719271983,71438,13544713.16,1.002428,189.600957
2017-03-11,21.44621625,89665622.69,64803,24761,47.96142906,1922988334,71152,15947752.97,1.001762,224.136398
2017-03-12,23.21961883,89696472.22,66646,26504,48.52902672,2082717895,72922,24162612.54,1.003415,331.348736
2017-03-13,28.54481373,89728084.72,81718,34982,76.36274961,2561271464,88158,18872139.23,1.010714,214.071771
2017-03-14,28.57624555,89759300.81,77155,31196,74.82260577,2564983820,83523,7909683.224,1.001259,94.70066
2017-03-15,34.67317201,89790674.72,81205,32623,64.30798953,3113327509,87600,7890099.368,1.001392,90.069627
2017-03-16,44.77658938,89822106.44,109950,45633,85.39888598,4021927577,116363,31625982.19,1.006908,271.787271
2017-03-17,44.1278453,89853948.31,106635,43985,88.9662026,3965061130,113141,16123941.29,1.015952,142.511921
2017-03-18,32.24166539,89885430.66,89920,36446,60.51984456,2898055979,96346,23581943.61,1.011143,244.763079
2017-03-19,43.34329767,89916425.19,84599,31968,57.00351035,3897274382,90898,5246480.096,1.000956,57.718323
2017-03-20,41.82704329,89948095.5,80264,32701,56.94921184,3762262885,86704,6628179.254,1.003038,76.446061
2017-03-21,42.39891905,89979108.78,84298,33443,64.21871893,3815016949,90600,13166647.84,1.001046,145.327239
2017-03-22,41.19906312,90010484.25,78821,31097,60.19647044,3708347622,85212,11461823.98,1.000762,134.509505
2017-03-23,43.14097575,90041465.19,82434,30922,60.99908204,3884476666,88754,11629885.85,1,131.035062
2017-03-24,52.98808171,90072306.12,87775,37091,73.2890179,4772758716,94054,15982129.09,1.011007,169.925033
2017-03-25,50.15731116,90103368.94,84394,34083,58.09245301,4519342713,90710,12138252.87,1.002774,133.813834
2017-03-26,50.38064277,90134541.28,79534,30560,58.10472858,4541036125,85870,9641698.513,1,112.282503
2017-03-27,48.84076556,90165546.59,94570,36649,77.73924607,4403754323,100871,11063233.23,0.470324,109.677045
2017-03-28,50.21658262,90196102.06,84348,33145,63.88207324,4529340011,90543,11041832.97,0.9988,121.95126
2017-03-29,52.95493531,90227370.34,93064,33690,69.32498441,4777984559,99421,13306589.57,0.635026,133.840834
2017-03-30,51.83798558,90258190.19,96209,39494,71.10513216,4678802762,102474,17292973.76,1,168.754745
2017-03-31,50.03191672,90289398.47,103102,45702,77.40067653,4517351664,109450,14707673.93,1.000017,134.378017
2017-04-01,50.68561014,90320249.41,80572,32819,57.22288136,4577936949,86840,9679429.721,0.999309,111.462802
2017-04-02,48.79426222,90350690.19,88948,36178,66.26708212,4408595269,95131,15209018.59,1.001309,159.874474
2017-04-03,44.12420267,90381876.44,100221,43803,74.78445755,3988028234,106560,17050710.49,1.002236,160.010421
2017-04-04,44.23347056,90412931.75,86279,36556,64.97985002,3999277755,92597,8468144.4,1.000376,91.451606
2017-04-05,45.3459529,90444167.06,87411,37087,68.31268605,4101276940,93759,12215649.37,1.0007,130.287752
2017-04-06,43.23082264,90474891.44,95177,41331,73.38862289,3911303985,101421,17330143.61,1.000898,170.873326
2017-04-07,42.4313813,90505965.97,92846,33358,72.41898772,3840293152,99165,5172525.013,0.384952,52.160793
2017-04-08,44.62471991,90536880.34,72144,30344,52.32712425,4040182927,78420,6795775.939,1,86.658709
2017-04-09,43.92107333,90567123.62,74557,29946,56.80567881,3977805278,80703,6817437.318,0.525218,84.475637
2017-04-10,43.98673918,90597160.81,75487,32259,63.03860792,3985073683,81587,8638098.002,1.000155,105.875912
2017-04-11,43.90880746,90627611.28,75891,31056,58.91527217,3979350334,82071,8570352.748,0.78062,104.426079
2017-04-12,46.35684535,90657825.19,80347,35689,80.68895926,4202610782,86491,7982817.748,0.999045,92.296513
2017-04-13,49.91329526,90688168.16,84124,34575,61.65846332,4526545314,90297,5904630.931,0.999381,65.391219
2017-04-14,47.10977398,90719157.84,81155,33338,62.89644005,4273759022,87465,7179654.219,0.808016,82.086025
2017-04-15,49.12345061,90749155.97,74820,31420,57.80525136,4457911681,80929,3588912.426,0.652748,44.346432
2017-04-16,48.17713195,90779659.41,70634,28167,55.11769542,4373503629,76844,1829762.794,0.531041,23.811394
2017-04-17,47.84908431,90810307.53,72546,30233,60.47329724,4345190062,78783,2428462.424,0.99998,30.824701
2017-04-18,49.89124251,90840827.37,83303,34926,73.74478176,4532161748,89507,8559245.019,0.885666,95.626543
2017-04-19,48.06689747,90870439.56,85734,35182,78.39648454,4367860101,91742,9720252.672,0.99005,105.952047
2017-04-20,49.34414597,90900861.75,85450,37459,71.79277396,4485425391,91623,11043342.33,0.537523,120.530242
2017-04-21,48.54415026,90931339.09,81278,36875,92.1973651,4414184588,87459,7785475.411,0.625362,89.018573
2017-04-22,48.61265654,90961329.41,73539,32677,74.92014406,4421871865,79617,6978453.159,0.675102,87.65029
2017-04-23,48.87079304,90991820.66,77073,31519,65.08920182,4446842435,83265,7031732.023,0.685558,84.450033
2017-04-24,50.10525821,91021603.62,80531,37171,72.97982447,4560660953,86579,8596487.459,1.000136,99.290676
2017-04-25,50.29492343,91052363.94,93033,35038,78.57420473,4579471673,99284,7890163.479,0.387119,79.470645
2017-04-26,53.5068268,91081696.12,89642,43652,74.78972386,4873492539,95597,11199208.61,0.630335,117.15021
2017-04-27,63.38397374,91111026.12,104494,50941,87.31269091,5774978887,110448,15293293.25,0.5,138.466004
2017-04-28,73.28969608,91140708.16,106193,43952,79.20596841,6679674802,112227,14553724.98,0.702034,129.681137
2017-04-29,70.47834514,91169925.81,91335,40604,70.2026858,6425505498,97262,14060152.42,0.91391,144.559565
2017-04-30,80.50402759,91199294.41,95202,43238,78.95863027,7341910513,101161,16164328.28,0.88163,159.788142
2017-05-01,78.36565993,91228651.91,112202,50352,105.5382141,7149193511,118166,24457504.88,0.894487,206.975821
2017-05-02,77.65780771,91258088.31,110354,48989,112.7346027,7086903075,116346,20313010.95,0.757985,174.591399
2017-05-03,81.15505075,91287640.97,97334,42085,77.31350609,7408453136,103344,22589968.59,0.774176,218.590035
2017-05-04,95.446198,91317064.41,114877,53852,92.43033996,8715866610,120852,22954673.08,0.9994,189.940366
2017-05-05,91.26194771,91346766.44,108514,51379,84.35330606,8336483822,114558,23315083.51,1.000582,203.522089
2017-05-06,95.52021344,91376469.87,95014,46305,84.36414639,8728299906,101054,15536138.37,0.999735,153.740954
2017-05-07,76.63553116,91406350.03,106631,53043,105.7335058,7004974186,112706,19911769.33,0.999686,176.670003
2017-05-08,89.39672222,91435775.97,117509,58390,95.60596395,8174058666,123487,19507956.77,1.001918,157.975793
2017-05-09,86.21678802,91465530.97,112933,57329,106.6666284,7885864294,118985,19549607.71,1.001291,164.303128
2017-05-10,88.04937333,91495145.81,109673,57321,104.9045369,8056090251,115696,18687174.72,0.990123,161.519627
2017-05-11,88.23983707,91524880.34,117189,58056,109.3933802,8076140530,123224,22874579.93,0.532943,185.634129
2017-05-12,85.48507316,91554770.03,107241,52550,109.0603735,7826566215,113323,18154927.49,0.836028,160.205144
2017-05-13,88.28327491,91584023.31,101332,48670,106.9235883,8085337508,107280,13440804.53,0.530863,125.287141
2017-05-14,89.48000167,91612240.81,101348,50833,106.3791366,8197463461,107086,12570736.61,0.675599,117.38917
2017-05-15,90.85140182,91640703.16,122792,61036,132.1233988,8325686345,128596,17000796.4,0.399251,132.203151
2017-05-16,88.25827288,91669421.12,116341,61723,137.1437676,8090584785,122189,21777674.37,0.99931,178.229418
2017-05-17,86.83205635,91697320.03,140135,68437,220.2194372,7962266860,145801,14279622.21,1,97.939124
2017-05-18,95.83543393,91725800.81,137409,68814,158.4985933,8790581923,143192,9494435.058,0.499,66.305625
2017-05-19,124.6081964,91754182.06,161568,84077,173.9858554,1.143332314e+10,167336,15098706.14,0.793311,90.229874
2017-05-20,124.6207778,91782834.09,130912,69003,155.5797697,1.143804817e+10,136730,9701795.108,0.373804,70.955863
2017-05-21,147.7317627,91811488.16,149699,73366,160.5231369,1.356347298e+10,155538,12890799.65,0.403723,82.87878
2017-05-22,153.6348578,91840257.37,176255,89303,182.63242,1.410986488e+10,182110,26290775.6,0.625111,144.367556
2017-05-23,169.0764121,91868833.47,187121,101993,253.7286422,1.553285275e+10,192943,16196993.65,0.415425,83.94704
2017-05-24,191.8746689,91897474.09,187293,102757,272.0906793,1.763279742e+10,193124,15648856.41,0.5,81.030097
2017-05-25,180.691296,91926313,183010,97544,218.689885,1.661028463e+10,188888,14636345.6,0.603091,77.4869
2017-05-26,164.6031456,91955276.75,169818,91512,206.0558265,1.51361278e+10,175722,16514232.24,0.554048,93.97931
2017-05-27,155.7260495,91984052.22,149450,79409,182.12726,1.432431307e+10,155320,12084603.78,0.681405,77.804557
2017-05-28,173.2167345,92012875.5,155271,80003,192.5255142,1.593816982e+10,161153,9927714.973,0.245843,61.604283
2017-05-29,193.8811404,92042412.84,158547,85386,192.6245581,1.784528797e+10,164573,10464192.52,0.418223,63.583896
2017-05-30,228.0737066,92072232.22,193618,108206,319.9258719,2.099925528e+10,199723,12014087.95,0.507661,60.153753
2017-05-31,229.1026516,92100980.66,214126,117434,634.0721771,2.110057889e+10,219996,23064532.7,1,104.840691
2017-06-01,220.9862857,92129050.03,199160,110181,253.2934708,2.035925657e+10,204896,16606752.83,0.500026,81.049668
2017-06-02,221.4670742,92155870.66,194911,102330,291.5978415,2.040949105e+10,200370,16332357.69,0.216314,81.510993
2017-06-03,224.3073896,92183397.06,175666,92861,228.1346958,2.067741716e+10,181277,15476046.98,0.416806,85.372369
2017-06-04,245.4687001,92210629.56,180136,97988,255.7138709,2.263482337e+10,185684,13833514.39,0.316741,74.500304
2017-06-05,248.0564267,92238419.41,190305,103393,219.924347,2.288033272e+10,195965,17115878.35,0.435591,87.341507
2017-06-06,264.4042356,92265903.16,200523,109053,265.0757626,2.439549559e+10,206119,20349325.95,0.4,98.726105
2017-06-07,256.9818762,92293673.94,207180,110230,277.9634687,2.371780149e+10,212844,17954143.82,0.218123,84.353535
2017-06-08,258.3728081,92321305.19,187700,101337,239.51528,2.385331487e+10,193341,15542212.97,0.250255,80.387569
2017-06-09,278.4289872,92348955.19,215831,112166,250.5084808,2.571262606e+10,221469,16070041.8,0.283184,72.561134
2017-06-10,344.9519871,92377113.94,213356,115271,214.5596411,3.186566902e+10,219088,11250866.21,0.495687,51.353183
2017-06-11,344.02691,92405040.66,240490,135899,313.8776096,3.17898206e+10,246187,12206885.37,0.478513,49.583794
2017-06-12,389.1937215,92433141.28,292941,158263,512.809391,3.597439825e+10,298686,26212553.66,0.790093,87.759566
2017-06-13,387.2515394,92461417.37,280054,154634,294.6420993,3.580582622e+10,285841,21434243.53,0.426269,74.986596
2017-06-14,341.4466369,92489686.12,250410,139341,254.7583744,3.158029227e+10,256183,13348770.72,0.430169,52.106388
2017-06-15,342.1193378,92517884.87,261617,142301,279.6205924,3.165215751e+10,267374,20790726.59,0.49974,77.758969
2017-06-16,352.6297323,92546255.81,248003,129910,257.5084865,3.263456141e+10,253789,18290812.32,0.249055,72.070942
2017-06-17,368.0372691,92574554.87,242022,127728,238.6603641,3.407088637e+10,247807,10287694.36,0.253052,41.514947
2017-06-18,350.5344631,92603142.37,245957,133592,251.8968996,3.246059279e+10,251792,9509805.908,0.208789,37.768499
2017-06-19,357.6813616,92631775.34,286209,152181,283.0211057,3.313265954e+10,292066,11123254.69,0.224222,38.08473
2017-06-20,349.2889135,92658480.97,308488,159337,720.031463,3.236458014e+10,313955,14521426.88,1,46.253211
2017-06-21,320.277859,92684635.5,221289,133149,913.3882188,2.968483662e+10,226636,5801159.325,1.018215,25.596813
2017-06-22,320.1459632,92711168.78,284225,168978,684.9430456,2.968110643e+10,289646,8464790.585,0.43313,29.224607
2017-06-23,325.9915363,92737271.28,276012,158543,469.9294504,3.023156553e+10,281338,10189784.67,0.316617,36.219013
2017-06-24,304.7689278,92763766.28,250570,146929,640.1856046,2.827151359e+10,255985,11357422.46,0.299494,44.367531
2017-06-25,276.2423451,92790149.41,231135,138239,411.7214897,2.563256847e+10,236521,4089831.55,0.222342,17.291621
2017-06-26,255.0334143,92816848.47,316788,175036,875.3109763,2.367139777e+10,322251,10618066.52,0.60684,32.949677
2017-06-27,281.0819213,92843430.81,252995,142785,332.032513,2.609660991e+10,258411,11702013.38,0.249699,45.284502
2017-06-28,317.7762584,92870070.34,274241,150010,773.2360915,2.951190347e+10,279691,10577708.67,0.190443,37.819267
2017-06-29,293.9992904,92897082.37,263791,144689,466.2823938,2.73116763e+10,269315,11194921.8,0.195942,41.568133
2017-06-30,276.8468785,92923938.62,252652,145470,352.3445023,2.572570234e+10,258132,9989336.427,0.204841,38.698559
2017-07-01,261.219362,92950618.62,240465,130618,315.7446432,2.42805013e+10,245910,9064701.558,0.201152,36.861866
2017-07-02,286.5332567,92977334.09,248617,128992,317.4682438,2.664109833e+10,254058,7106567.246,0.13825,27.972224
2017-07-03,276.3817277,93004465.34,302032,159480,425.9203162,2.570473482e+10,307576,24714739.51,0.12895,80.353277
2017-07-04,269.4048347,93031831.12,281465,151480,377.0470052,2.506322509e+10,287064,20175021.63,0.140055,70.28057
2017-07-05,266.2622816,93058591.44,271606,142843,409.0909709,2.477799287e+10,277081,7075897.694,0.125,25.537289
2017-07-06,266.6560131,93085518,258791,133953,304.7714335,2.48218131e+10,264287,8361876.991,0.1539,31.639381
2017-07-07,240.1614219,93112805.97,295389,154707,356.2938069,2.236210387e+10,300972,9145685.293,0.116115,30.387163
2017-07-08,244.1960693,93139869.25,248142,132014,360.2742075,2.274438996e+10,253662,7523421.698,0.124358,29.659238
2017-07-09,237.9607548,93166813.16,225189,120184,256.1128165,2.217004518e+10,230680,3459935.534,0.111663,14.998854
2017-07-10,203.6676054,93191246.75,302633,144224,261.5986725,1.898003807e+10,307614,10703010.36,0.12268,34.793639
2017-07-11,192.8919727,93215214.87,291677,147519,287.2903194,1.798046668e+10,296561,12879151.97,0.205485,43.42834
2017-07-12,220.3751148,93239149.09,283828,143779,330.3342288,2.054758819e+10,288704,12878385.29,0.139047,44.607575
2017-07-13,205.8616911,93262924.41,260745,141249,327.4218799,1.919926334e+10,265579,21705960.19,0.107824,81.73071
2017-07-14,197.2468349,93286695.66,249381,127907,275.8806088,1.840050546e+10,254215,25119160.12,0.141174,98.810692
2017-07-15,170.5746199,93310844.25,231961,116743,288.0406269,1.591646179e+10,236867,24557695.72,0.20137,103.677151
2017-07-16,155.1209585,93334853.94,249138,124854,276.7313205,1.447819201e+10,254015,25595423.12,0.166,100.763432
2017-07-17,189.2216587,93358372.22,248473,132893,281.5090484,1.766542605e+10,253257,22954604.42,0.179715,90.637591
2017-07-18,228.7876589,93382326.28,271055,147492,423.6779429,2.136472381e+10,275924,26549696.51,0.171242,96.221048
2017-07-19,191.6517059,93406809.87,270122,138440,324.8387505,1.790157446e+10,275106,23363421.6,0.146251,84.925162
2017-07-20,224.1071442,93431302.69,250065,138729,256.13319,2.093862242e+10,255055,20616263.54,0.134064,80.830658
2017-07-21,216.2140634,93455144.87,232560,130431,309.6415566,2.020631662e+10,237405,21033904.13,0.130672,88.599247
2017-07-22,231.9837748,93479452.22,205574,108987,224.8256033,2.168571619e+10,210506,4597893.571,0.118307,21.842102
2017-07-23,228.563603,93503935.5,260490,145759,288.4939977,2.137159639e+10,265463,6972619.54,0.106854,26.265881
2017-07-24,225.7141631,93527994.41,263095,130068,309.4402751,2.111059298e+10,267978,20918996.6,0.106651,78.062366
2017-07-25,204.2672465,93552687.06,242956,130009,355.4861377,1.910974979e+10,247975,23183928.1,0.181596,93.493006
2017-07-26,202.4566677,93577198.94,223010,119762,294.3839206,1.894532787e+10,227996,18973051.77,0.153575,83.216599
2017-07-27,202.8899844,93601554.72,225435,120388,263.9442453,1.899081798e+10,230378,21095055.11,0.175354,91.567142
2017-07-28,191.488124,93626239.87,246494,122826,281.9822899,1.792831303e+10,251522,24468616.38,0.130065,97.282211
2017-07-29,205.9949079,93650732.37,198773,104002,204.1749346,1.929157399e+10,203740,22169326.47,0.186294,108.811851
2017-07-30,196.7719152,93675450.03,206624,120731,208.0367153,1.843269771e+10,211645,14237191.09,0.119843,67.269206
2017-07-31,200.7608196,93699508.62,250090,147248,231.2010839,1.881119015e+10,254988,8770422.623,0.168363,34.395433
2017-08-01,225.7355347,93720925.34,218582,124859,263.5994019,2.115614319e+10,222928,9564342.729,0.202831,42.903281
2017-08-02,217.5846641,93742064.41,231068,126128,236.9954219,2.03968356e+10,235354,8979309.924,0.199309,38.152357
2017-08-03,224.0288983,93763027.69,236335,132391,236.5028087,2.100562779e+10,240592,7593017.15,0.137716,31.559724
2017-08-04,221.4710942,93784332.06,257160,135064,220.0283579,2.077051864e+10,261492,7816320.128,0.112765,29.89124
2017-08-05,248.9396661,93805523.62,261400,134502,236.0767088,2.335191573e+10,265704,9136523.784,0.145262,34.386098
2017-08-06,266.0311459,93826789.25,265127,135792,244.9784373,2.496084826e+10,269451,8684554.047,0.11,32.23055
2017-08-07,269.6460538,93848410.81,281172,152806,323.3490865,2.530585364e+10,285564,9807042.146,0.139035,34.342712
2017-08-08,294.5220355,93870046.12,318866,169229,339.0838202,2.764679706e+10,323265,10972178.15,0.120944,33.941745
2017-08-09,296.828835,93891771.12,280308,160410,268.527475,2.786978504e+10,284725,11130085.8,0.194497,39.090652
2017-08-10,301.4374112,93913239.25,338241,169210,313.1476575,2.830896372e+10,342610,23208121.07,0.117339,67.739182
2017-08-11,309.8649025,93935141.28,356682,170497,354.1621044,2.91072034e+10,361140,46517985.57,0.10855,128.808732
2017-08-12,309.2541212,93957058.47,338654,167082,344.9860955,2.905660755e+10,343109,27723366.3,0.099006,80.800464
2017-08-13,297.0431103,93979096.91,333011,166131,304.6405826,2.791584325e+10,337490,30409783.19,0.107154,90.105731
2017-08-14,299.8996556,94001135.03,410061,209225,345.515738,2.819090802e+10,414538,24209235.89,0.090401,58.400523
2017-08-15,286.2384911,94023355.66,413246,213108,383.7452491,2.691310345e+10,417770,19358080.1,0.189212,46.336693
2017-08-16,300.5814956,94045925.19,413624,188623,1168.463266,2.826846485e+10,418227,15439609.5,0.163467,36.916817
2017-08-17,301.5257788,94068458.16,428007,196255,690.5466421,2.836406511e+10,432606,15176098.87,0.117488,35.080648
2017-08-18,292.5709303,94090768.62,443356,206639,1018.695225,2.75282237e+10,447899,15675579.4,0.2,34.998023
2017-08-19,294.0063816,94113333,377418,192634,471.9183433,2.76699205e+10,382009,11777368.7,0.076976,30.830082
2017-08-20,297.9467304,94135465.5,309926,171234,293.1477911,2.804735416e+10,314422,10110024.03,0.102384,32.154315
2017-08-21,320.2680209,94158211.28,392880,192142,329.8688243,3.015586398e+10,397514,12440605.05,0.118293,31.296017
2017-08-22,314.6671404,94180730.81,364727,180890,325.3501223,2.963558124e+10,369321,11374742,0.099529,30.799066
2017-08-23,317.9114761,94203343.94,374711,200456,315.8813612,2.994832412e+10,379319,13052451.29,0.111416,34.410223
2017-08-24,324.4046785,94225872.53,352465,168031,322.8598952,3.056731389e+10,357060,11880103.34,0.110347,33.272008
2017-08-25,330.2298259,94244696.44,352621,175112,310.1367595,3.11224097e+10,356444,10358583.72,0.110657,29.060901
2017-08-26,332.4326204,94263259.09,306268,144211,297.916683,3.133618223e+10,310036,5373283.558,0.07,17.33116
2017-08-27,345.1593945,94281897.69,324173,151002,275.3354401,3.254228272e+10,327958,19586005.55,0.05,59.721079
2017-08-28,347.3121489,94300323.16,363799,176815,323.1205493,3.275164788e+10,367548,28104841.53,0.100669,76.465772
2017-08-29,373.2704737,94319403.31,394649,188218,516.1706156,3.520664835e+10,398539,21005969.96,0.10387,52.707439
2017-08-30,385.0963627,94338347.22,400220,199429,433.3801113,3.632935437e+10,404080,35653391.75,0.099086,88.233498
2017-08-31,388.6289831,94357109.56,384421,201738,737.5526008,3.666990754e+10,388241,16546679.61,0.199952,42.619609
2017-09-01,391.600977,94375942.69,390997,194535,515.416187,3.695771136e+10,394826,15520981.45,0.1,39.310941
2017-09-02,349.1008172,94394790.81,331797,170203,613.6621159,3.295329862e+10,335626,13698140.08,0.100257,40.813704
2017-09-03,352.8739889,94413432.84,302525,155252,296.6845437,3.331604465e+10,306305,10575085.68,0.099527,34.524692
2017-09-04,313.2596096,94432353.94,442592,217222,487.7674961,2.958184233e+10,446442,16213840.2,0.108102,36.31791
2017-09-05,321.6737997,94451455.19,444572,209290,615.8090011,3.038255848e+10,448463,15777614.82,0.106631,35.181531
2017-09-06,338.4246511,94470343.47,496376,219517,770.2774186,3.197109303e+10,500231,16162126.42,0.05,32.309326
2017-09-07,336.4140991,94489472.37,448347,203211,734.2395843,3.178759072e+10,452247,11437978.15,0.048006,25.291441
2017-09-08,310.0152124,94508739.56,463670,212715,758.749007,2.929914697e+10,467592,13197468.27,0.048167,28.224324
2017-09-09,305.2334737,94527779.09,383654,187363,441.0351204,2.885304237e+10,387528,19674396.16,0.01906,50.768967
2017-09-10,301.3287054,94546767.84,325128,168148,413.2975693,2.848965516e+10,328994,16976158.31,0.051882,51.600206
2017-09-11,298.0095219,94565613.94,365384,192744,393.332823,2.81814534e+10,369214,14904330.22,0.099186,40.367728
2017-09-12,293.9278711,94584926.44,404898,206092,519.9774662,2.780114607e+10,408829,15100150.84,0.100728,36.935127
2017-09-13,276.9573846,94603824.72,365679,184759,463.0586576,2.620122786e+10,369528,9663545.124,0.099069,26.15105
2017-09-14,225.3369079,94623114.41,380251,201842,408.7683296,2.132208002e+10,384180,14864393.36,0.109861,38.691221
2017-09-15,258.9002478,94642650.81,441767,211723,636.9715368,2.450300575e+10,445756,17662031.33,0.173185,39.622644
2017-09-16,255.1844956,94661988.78,373764,172971,660.8595493,2.415627186e+10,377704,9958634.905,0.1,26.366242
2017-09-17,259.5952849,94681208.31,289517,151929,371.1830681,2.457879525e+10,293420,11865938.29,0.05068,40.440114
2017-09-18,296.5900298,94700275.81,362764,191107,403.163138,2.808715763e+10,366653,18374756.72,0.063961,50.114841
2017-09-19,284.6862405,94719648.78,337752,174538,385.0734234,2.696538071e+10,341695,14728918.49,0.102959,43.105455
2017-09-20,284.78395,94738827.06,324984,182509,656.8346404,2.698009739e+10,328881,9572372.837,0.105045,29.105886
2017-09-21,258.7168553,94758167.22,317074,174750,325.903199,2.451553504e+10,321004,9246000.571,0.07173,28.803381
2017-09-22,263.5925193,94773910.81,271470,131621,306.1125194,2.498169391e+10,274658,8384369.013,0.093207,30.526579
2017-09-23,285.0988027,94788916.59,260107,131179,315.5243386,2.702420663e+10,263140,7456471.545,0.095,28.336519
2017-09-24,284.7107066,94804378,280929,132444,440.0896943,2.699182145e+10,284060,6545699.042,0.05,23.043368
2017-09-25,294.6061791,94819252.37,306614,147862,383.1482721,2.793433765e+10,309626,8286072.152,0.055,26.761552
2017-09-26,288.8733235,94834459.25,306075,159185,385.7751789,2.739514543e+10,309157,8535594.741,0.049025,27.609256
2017-09-27,310.3868907,94849870.34,309047,161803,422.7103634,2.944015634e+10,312178,9035227.206,0.053069,28.942549
2017-09-28,302.4739997,94864868.31,329208,166745,370.1604724,2.869415615e+10,332247,9613821.665,0.049226,28.935767
2017-09-29,291.4838349,94879720.81,326502,166723,330.886158,2.765590488e+10,329515,8183653.234,0.034688,24.83545
2017-09-30,301.6535748,94894652.22,295798,150248,371.9574814,2.862531107e+10,298827,6404106,0.039522,21.430814
2017-10-01,302.9212154,94909784.87,283871,133565,358.6133294,2.875018738e+10,286942,4495513.432,0.049553,15.666976
2017-10-02,296.3831312,94924874.09,306095,153749,356.9305788,2.813413141e+10,309160,7041319.612,0.069031,22.775649
2017-10-03,291.627102,94940052.53,327906,156587,381.2463957,2.768709238e+10,330990,22488557.36,0.057207,67.943314
2017-10-04,292.1531312,94955370.97,307399,144259,385.3871522,2.774150895e+10,310511,14949405.34,0.057966,48.144527
2017-10-05,295.1042659,94970848,314808,139560,418.9830779,2.802630238e+10,317943,9398799.978,0.050355,29.561273
2017-10-06,307.3656338,94985872.06,319882,141273,437.2553311,2.919539277e+10,322932,9402723.412,0.049542,29.116729
2017-10-07,311.5395278,95000887.22,291091,134989,316.2763451,2.959653154e+10,294136,7490895.807,0.052332,25.467457
2017-10-08,308.8112078,95016086.75,296829,141322,357.3478003,2.934203251e+10,299913,8496087.791,0.051611,28.328508
2017-10-09,296.1699223,95031295.5,328172,153436,379.8447617,2.81454114e+10,331258,10308985.42,0.02,31.120714
2017-10-10,297.8057554,95046779.87,349605,159757,417.7934975,2.830547808e+10,352752,11059341.07,0.050467,31.351604
2017-10-11,302.0372256,95062279.72,344305,164924,938.4151008,2.871234723e+10,347455,9832174.108,0.032967,28.297691
2017-10-12,302.722358,95077671.28,363411,163736,421.9570344,2.878213684e+10,366540,10890366.61,0.025221,29.711264
2017-10-13,336.1189354,95093104.72,379136,176192,474.9040483,3.196259312e+10,382273,13901790.02,0.098931,36.366131
2017-10-14,339.2399059,95108426.28,332169,153996,398.0496139,3.226457358e+10,335282,10030826.13,0.052579,29.91758
2017-10-15,335.2929068,95124003.31,328921,154242,386.38893,3.189440357e+10,332087,9215251.782,0.049026,27.749511
2017-10-16,334.3870351,95140176,408297,166773,337.1164751,3.181364137e+10,413353,7426253.017,0,17.965886
2017-10-17,315.6739103,95160321,505611,207471,322.8472441,3.003963063e+10,512525,11116130.81,0.001,21.688953
2017-10-18,313.2929196,95180700.66,470449,179137,299.3709448,2.98194396e+10,477409,14624167.46,0.00096,30.632367
2017-10-19,308.3611894,95201124.19,494184,183418,283.9296249,2.935633188e+10,501164,12389293.43,0,24.721036
2017-10-20,304.104844,95221601.81,546837,198225,491.6724184,2.895735036e+10,553834,11390821.51,0,20.567212
2017-10-21,299.9644892,95241745.03,462902,173297,230.0980114,2.85691414e+10,469756,10458050.26,0,22.262728
2017-10-22,294.8624833,95262127.03,435493,207996,196.1348006,2.808922734e+10,442433,9280102.949,0.000661,20.97516
2017-10-23,285.2722744,95282599.69,468168,197761,269.725566,2.718148392e+10,475157,12822705.27,0.002,26.986249
2017-10-24,297.2013451,95303129.16,492288,214936,357.0951441,2.832421818e+10,499309,12566256.12,0.00096,25.167293
2017-10-25,297.9639746,95323347.37,460419,192161,290.6658815,2.840292345e+10,467328,10193346.38,0,21.811974
2017-10-26,296.1367262,95343543.28,466406,197162,275.041131,2.823472477e+10,473306,9755007.21,0,20.61036
2017-10-27,297.0759798,95364016.78,486147,178047,297.4555437,2.833035873e+10,493136,10325568.62,0,20.938582
2017-10-28,295.0605243,95384459.53,484554,154861,241.1676281,2.814418863e+10,491534,12605751.93,0,25.645737
2017-10-29,304.3368568,95404750.97,494176,161233,242.5466925,2.903518203e+10,501108,11508735.33,0,22.966577
2017-10-30,306.1568469,95424849.56,532626,178292,295.6101972,2.921497106e+10,539503,10847184.41,0,20.105883
2017-10-31,304.7587902,95445483.75,519906,214027,330.6040312,2.908785016e+10,526955,11500910.15,0,21.825223
2017-11-01,290.5201312,95465714.34,527783,232914,370.4656949,2.773471186e+10,534698,14017670.22,0.00052,26.216051
2017-11-02,284.5071274,95486011.12,529277,250046,373.8648318,2.716645073e+10,536216,15731303.97,0.004861,29.337625
2017-11-03,305.859424,95506320.56,485790,211882,278.6957341,2.92115082e+10,492712,12456197.28,0.00152,25.280889
2017-11-04,300.03686,95526508.87,398758,174924,212.0775251,2.866147377e+10,405640,8470391.165,0.001,20.881548
2017-11-05,296.3086274,95547099.09,417102,168183,199.7490405,2.831142979e+10,424126,7961714.93,0,18.772051
2017-11-06,297.9873095,95567340.47,511663,195513,268.7983039,2.847785466e+10,518570,9665493.551,0,18.638744
2017-11-07,292.0590684,95587753.87,470418,187168,315.0444979,2.791727035e+10,477388,8001009.617,0,16.759972
2017-11-08,309.8271657,95608008.66,480413,215842,379.9288537,2.962195834e+10,487312,11346806.16,0.003507,23.284479
2017-11-09,319.4455769,95628319.12,467172,243554,324.9137747,3.054804357e+10,474112,18464972.72,0.008853,38.946436
2017-11-10,299.6642344,95648845.97,457427,233966,291.6887389,2.86625382e+10,464424,13557713.88,0.030118,29.192535
2017-11-11,316.1478261,95669265.75,394378,194696,232.9537621,3.024563039e+10,401332,12555706.51,0.019539,31.285087
2017-11-12,307.1768182,95689477.59,434380,213315,297.7995624,2.939358927e+10,441250,17234366.59,0.097233,39.058055
2017-11-13,315.5370403,95709898.78,443176,214384,309.3854351,3.020001819e+10,450143,11245130.52,0.033451,24.98124
2017-11-14,334.214479,95729946.94,475984,226170,335.9795272,3.199433434e+10,482825,10949122.15,0.030705,22.677206
2017-11-15,330.7840938,95750442.37,540593,258219,412.6625504,3.167272331e+10,547592,16679063.05,0.051451,30.458924
2017-11-16,329.6620605,95770663.78,491482,242563,353.5070828,3.157195436e+10,498387,15342740.47,0.018,30.784793
2017-11-17,332.2765888,95791028.91,508590,255402,373.4867643,3.182911633e+10,515525,15509964.63,0.049913,30.085766
2017-11-18,347.4298364,95811360.84,459679,206670,255.6096205,3.328772542e+10,466612,12809643.75,0.01,27.452452
2017-11-19,355.9324454,95831783.62,464563,207546,282.2871076,3.410964109e+10,471524,12704026.04,0.049625,26.94248
2017-11-20,369.5595336,95852191.97,530141,234513,371.5081441,3.542309136e+10,537114,16833211.06,0.001666,31.340109
2017-11-21,361.1971265,95872585.97,524044,237062,363.8857553,3.462890257e+10,531018,16417083.03,0.050518,30.916246
2017-11-22,380.8191072,95893088.53,546489,242021,365.4892339,3.651792037e+10,553481,16686605.12,0.050138,30.14847
2017-11-23,414.9802212,95913435.56,537068,250344,363.134861,3.980217871e+10,544017,16170523.69,0.050075,29.724298
2017-11-24,473.4505655,95933850.94,525529,242143,312.0030804,4.541993597e+10,532491,13808505.19,0.055074,25.931903
2017-11-25,466.8029047,95954161.5,561166,236910,289.4549522,4.479168131e+10,568097,16166072.21,0.01,28.456535
2017-11-26,472.2779755,95974526.81,542484,252960,355.1085678,4.532665522e+10,549447,15666164.61,0.01,28.512604
2017-11-27,477.6482466,95994798.56,608695,277958,369.1471538,4.585174722e+10,615633,19771728.6,0.051249,32.116096
2017-11-28,467.9242697,96015108.19,638989,309063,423.2037431,4.492779938e+10,645943,24256135.43,0.050681,37.551511
2017-11-29,429.0466905,96035533.22,663579,315598,444.2834575,4.12037277e+10,670590,27603629.79,0.089,41.163199
2017-11-30,438.5586002,96055949.34,655457,299340,423.1527423,4.212616269e+10,662448,25817443.66,0.067618,38.972785
2017-12-01,461.5862323,96076426.03,622720,290214,416.0732981,4.434755551e+10,629729,21320540.75,0.04,33.856692
2017-12-02,459.8570959,96096631.22,627785,284287,344.5045965,4.419071775e+10,634696,22522380.34,0.033688,35.485304
2017-12-03,464.3860728,96116967.75,693808,304550,407.152401,4.463538118e+10,700780,21221570.25,0.0322,30.282785
2017-12-04,466.9004284,96137394.09,701834,289747,804.106265,4.488659049e+10,708938,20617812.96,0.061318,29.082674
2017-12-05,458.0766654,96158030.53,693090,303039,1183.244509,4.404774998e+10,700308,9865234.421,0.056953,14.086994
2017-12-06,434.2336987,96178671.37,791746,394106,1540.650625,4.176402021e+10,799020,14257147.98,0.25,17.843293
2017-12-07,431.7498171,96199580.25,659068,330894,2239.289048,4.153415117e+10,666374,10915254.19,0.098432,16.380072
2017-12-08,462.9339857,96220011.09,766411,361582,2315.319813,4.454351324e+10,773495,9049506.932,0.05,11.699503
2017-12-09,483.0601788,96240577.22,707223,330732,2126.409908,4.648999044e+10,714360,6619384.807,0.031009,9.266175
2017-12-10,444.877737,96260969.53,716575,335622,1918.268035,4.282436229e+10,723642,6399313.52,0.02825,8.843204
2017-12-11,506.3383933,96281299.03,828899,394749,1531.823684,4.875091826e+10,835936,6581989.047,0.032361,7.873795
2017-12-12,683.9059562,96301868.44,872340,422384,1559.061195,6.586142141e+10,879498,13023974.28,0.06,14.808418
2017-12-13,701.598019,96322476.66,909631,458001,1445.2853,6.757965881e+10,916815,10687659.01,0.078802,11.657378
2017-12-14,698.0891975,96343264.31,942559,489334,1714.108153,6.725619207e+10,949804,12221328.44,0.118098,12.867211
2017-12-15,689.4642902,96364094.16,904346,452357,1455.136989,6.643960178e+10,911583,10129868.25,0.1,11.112393
2017-12-16,697.8278565,96384476.53,899857,426989,1468.251251,6.725977266e+10,906904,8326484.66,0.066578,9.181219
2017-12-17,729.3312247,96404823.47,876574,446682,1172.634386,7.031104797e+10,883613,8093198.236,0.059619,9.159211
2017-12-18,787.7285041,96425385.19,984021,518226,1161.928902,7.595702443e+10,991155,8703002.909,0.1,8.780668
2017-12-19,823.8472256,96446016.56,1092234,524427,1487.482223,7.945678316e+10,1099438,11299820.95,0.126699,10.277816
2017-12-20,797.2872507,96466647.94,986104,518097,1731.489837,7.691162852e+10,993343,13058083.49,0.201851,13.145594
2017-12-21,793.748969,96487062.75,1072665,558243,1760.206791,7.658650658e+10,1079805,13273288.14,0.2,12.292301
2017-12-22,682.3345459,96507634.03,1103523,597846,1640.148074,6.585049264e+10,1110694,14408708.91,0.25,12.972708
2017-12-23,725.15086,96528469.31,918881,490621,1207.05967,6.999770254e+10,926091,9541472.174,0.11209,10.302953
2017-12-24,688.8907937,96548973.47,758234,415698,1024.10605,6.651169896e+10,765294,7454853.595,0.090773,9.741163
2017-12-25,737.8946333,96569420.34,752361,423259,756.7676749,7.125805701e+10,759385,6288532.945,0.077,8.281087
2017-12-26,750.0030652,96589804.03,813510,465903,743.0628659,7.244264909e+10,820524,8880727.641,0.100065,10.823239
2017-12-27,740.7217335,96610337.16,912752,473086,826.1818048,7.156137641e+10,919822,10170250.73,0.118498,11.05676
2017-12-28,716.3525123,96630771.28,949503,493568,832.9628957,6.922169577e+10,956564,12659410.99,0.111524,13.234254
2017-12-29,747.1003413,96651232.5,1090191,580463,1007.437081,7.220816879e+10,1097286,14721595.66,0.206459,13.416371
2017-12-30,713.7828326,96671779.97,1136659,611071,972.7447595,6.900265693e+10,1143793,16351647.1,0.3,14.295985
2017-12-31,742.2554649,96692234.72,946981,492424,871.2215219,7.177033964e+10,954044,9076140.975,0.134687,9.513336
2018-01-01,756.0717656,96712858.69,908945,520683,768.4409065,7.312186183e+10,916064,8274519.068,0.100135,9.032687
2018-01-02,863.9183077,96733419.75,1153936,619409,1053.030166,8.356977229e+10,1161076,14015214.65,0.153104,12.070885
2018-01-03,943.6481262,96754018.97,1238030,648959,1240.294973,9.130174871e+10,1245235,14009631.85,0.338886,11.250593
2018-01-04,952.3545435,96774982.22,1349890,716438,1483.652749,9.216409402e+10,1357296,20268777.8,0.624903,14.933204
2018-01-05,958.5528463,96795899.72,1271577,703108,3180.85648,9.278398518e+10,1279014,18556611.02,0.372918,14.508528
2018-01-06,1006.157475,96816848.62,1226417,669883,3641.860338,9.741299591e+10,1233836,15441332.43,0.264203,12.514899
2018-01-07,1102.889537,96838028.81,1152722,614040,2910.38204,1.068016487e+11,1160208,12321131.84,0.20264,10.619761
2018-01-08,1134.69906,96858632.25,1215473,661636,2944.30486,1.09905399e+11,1222743,15176967.8,0.223087,12.41223
2018-01-09,1288.406875,96879368.06,1256240,715228,3091.626897,1.248200439e+11,1263583,16150941.47,0.284562,12.78186
2018-01-10,1231.767295,96900450,1177685,671853,3696.646402,1.193588051e+11,1185194,17400324.89,0.290284,14.681415
2018-01-11,1128.563876,96921481.41,1173965,668789,3132.478755,1.093820827e+11,1181446,15825000.01,0.254973,13.394603
2018-01-12,1257.231134,96942398.53,1118757,617412,2324.709276,1.218790017e+11,1126180,12542365.99,0.154437,11.137088
2018-01-13,1380.144541,96963077.62,1179321,654142,2411.655583,1.338230623e+11,1186628,9597376.338,0.105405,8.08794
2018-01-14,1361.915076,96984103.5,1081593,614264,2236.838276,1.320841127e+11,1088978,24905544.82,0.080614,22.870567
2018-01-15,1281.721398,97004517.37,1206420,714821,2227.026798,1.243327657e+11,1213588,11747094.68,0.203523,9.67964
2018-01-16,1061.187089,97025404.97,1277936,735111,2229.81191,1.02962107e+11,1285279,15302934.82,0.287442,11.906314
2018-01-17,1012.622891,97046248.22,1277083,718205,2069.225744,9.82712524e+10,1284395,16036132.09,0.41145,12.485359
2018-01-18,1018.766875,97066797.28,1205184,681654,2153.066739,9.88884377e+10,1212371,13812564.06,0.240811,11.393018
2018-01-19,1029.934385,97087435.97,1043257,543995,1866.326524,9.999368861e+10,1050452,9164312.35,0.107952,8.724161
2018-01-20,1151.945532,97108196.91,984489,470143,1776.83102,1.118633536e+11,991680,7832580.482,0.050358,7.898294
2018-01-21,1039.423233,97128471.56,1006530,612388,1323.960385,1.009575899e+11,1013539,7481267.681,0.19,7.381332
2018-01-22,992.0374357,97149036.19,972911,547707,1196.762657,9.637548074e+10,980018,8963662.21,0.123556,9.146426
2018-01-23,985.2127683,97169524.5,928494,527571,1439.10428,9.573265622e+10,935574,8634770.201,0.1,9.229382
2018-01-24,1047.1202,97190099.91,913668,510896,1292.593055,1.017697168e+11,920752,8636933.427,0.082858,9.380304
2018-01-25,1043.621772,97210437.47,788515,410985,1058.460298,1.01450929e+11,795523,4125575.759,0.050031,5.185992
2018-01-26,1040.468171,97230838.5,953429,480908,958.7589109,1.011655927e+11,960458,9982712.562,0.10551,10.3937
2018-01-27,1092.768236,97251261.56,831992,424637,816.4639799,1.062730895e+11,839018,6448388.054,0.090128,7.685637
2018-01-28,1214.831299,97271824.87,889104,448123,887.8234055,1.181688574e+11,896179,7345709.476,0.073595,8.196699
2018-01-29,1162.0083,97292381.62,936845,479352,1275.091189,1.130545549e+11,943950,7993289.997,0.100781,8.467917
2018-01-30,1051.933488,97312686.56,906578,466227,1062.581045,1.023664738e+11,913583,8522262.367,0.09911,9.328394
2018-01-31,1096.250057,97333220.44,877284,461713,1068.648285,1.067015485e+11,884383,8244733.732,0.10023,9.322583
2018-02-01,1019.171008,97353767.06,1008759,501671,1550.754475,9.92201369e+10,1015921,8313504.864,0.2,8.18322
2018-02-02,912.8209287,97374406.03,981133,499746,1202.446582,8.888539574e+10,988283,11149662.86,0.16,11.281852
2018-02-03,960.8938261,97394727.75,814486,433090,887.3781805,9.358599259e+10,821476,6256172.572,0.063008,7.61577
2018-02-04,836.6724573,97415043.19,800876,425727,844.7711172,8.150448356e+10,807878,5102388.999,0.065615,6.315791
2018-02-05,692.7628273,97435677,875761,457677,873.2099938,6.749981508e+10,882872,7228946.042,0.092344,8.187989
2018-02-06,789.0430207,97456058.62,888219,452196,925.6717158,7.689702289e+10,895245,8932521.765,0.101974,9.97774
2018-02-07,754.5365748,97476492.37,818625,418269,850.5918108,7.354957868e+10,825690,7055026.527,0.089487,8.544401
2018-02-08,808.4506335,97496874.47,681344,353159,654.7476574,7.882140993e+10,688371,3672733.164,0.04925,5.335398
2018-02-09,873.5673743,97517146.22,789807,399711,702.0943083,8.518779738e+10,796799,5174223.567,0.050037,6.493763
2018-02-10,850.7148495,97537836.56,848390,420048,761.9957778,8.297688595e+10,855537,5805185.73,0.049184,6.785429
2018-02-11,814.7832709,97557955.97,773496,382341,646.1928564,7.948859047e+10,780418,4018706.232,0.019033,5.149428
2018-02-12,867.5724404,97578446.81,829020,421764,642.8145243,8.465637123e+10,836098,4680487.53,0.010004,5.598013
2018-02-13,840.0907838,97598891.25,745822,365156,631.4701095,8.199192904e+10,752877,6467556.015,0.028532,8.590455
2018-02-14,920.4636815,97618943.81,746384,387178,642.0372003,8.98546924e+10,753298,4915667.299,0.050002,6.525528
2018-02-15,929.8692157,97639547.34,777318,400782,634.5970788,9.079200931e+10,784439,5524019.276,0.050015,7.042
2018-02-16,939.3394573,97659924.47,704758,346010,601.5821349,9.173582045e+10,711780,4374413.084,0.04,6.145738
2018-02-17,975.2318063,97680472.97,772079,349625,678.7687933,9.526110409e+10,779155,4213847.951,0.01,5.408228
2018-02-18,915.3109056,97700819.06,756092,343310,766.1450479,8.942662517e+10,763097,4182409.428,0.02,5.480836
2018-02-19,937.8401832,97721246.44,811384,392016,656.1792604,9.164691166e+10,818434,3834946.763,0.008,4.685713
2018-02-20,885.5531411,97741653.75,886897,392070,745.4169636,8.65554285e+10,893957,4476067.141,0.0025,5.007027
2018-02-21,840.667043,97762324.31,850504,363398,741.308288,8.218556409e+10,857675,4376730.924,0.009322,5.103018
2018-02-22,807.0768989,97782727.41,761893,343322,614.7200116,7.89181804e+10,768955,5689424.899,0.0084,7.398905
2018-02-23,855.767194,97803388.41,733084,329223,626.4113855,8.369693126e+10,740242,3177779.286,0.009273,4.292892
2018-02-24,834.0028463,97823870.53,732861,293520,626.7903093,8.158538646e+10,739963,2929956.075,0,3.959598
2018-02-25,842.31172,97844089.69,690582,294581,548.9540743,8.241522348e+10,697567,1902306.088,0.000204,2.727059
2018-02-26,865.8630392,97864425,737453,368611,546.3120018,8.473718846e+10,744510,2487365.035,0.010227,3.340942
2018-02-27,875.0529819,97884837.75,694583,355055,564.3951211,8.565441915e+10,701640,1572427.076,0.009004,2.241074
2018-02-28,851.3236464,97905406.87,720368,373014,749.0887785,8.334918798e+10,727502,1591915.683,0.021235,2.188194
2018-03-01,869.3022668,97925794.03,684404,342494,571.2593982,8.512711473e+10,691454,1725936.316,0.011526,2.496097
2018-03-02,855.3528577,97946469,744666,355811,734.40968,8.377879216e+10,751826,1581158.839,0.001,2.103091
2018-03-03,854.3875695,97966904.81,673465,309915,508.9603763,8.37017057e+10,680516,1063406.982,0.000111,1.562648
2018-03-04,861.1307224,97987125.09,643241,287392,553.9217985,8.437972382e+10,650217,1099199.132,0.001,1.690511
2018-03-05,851.6087531,98007442.59,752756,358287,633.9678971,8.346399598e+10,759769,1603345.149,0.008,2.110306
2018-03-06,812.3461929,98027888.62,712591,364952,516.0939389,7.963258212e+10,719660,1978463.585,0.015977,2.749164
2018-03-07,751.754232,98048505.56,783757,467576,610.1233862,7.3708379e+10,790882,2011773.156,0.059922,2.543708
2018-03-08,699.337429,98068805.16,690139,347207,540.6335665,6.858318606e+10,697144,1698908.214,0.01,2.436955
2018-03-09,725.3109068,98089180.22,650058,335308,500.781517,7.114515225e+10,657082,1839695.686,0.02,2.799796
2018-03-10,684.8805821,98109641.25,591377,318074,397.4806353,6.719338821e+10,598445,1164085.302,0.008,1.945183
2018-03-11,718.0546897,98130173.81,608899,288838,361.5728108,7.04628315e+10,615978,1110781.825,7e-05,1.803282
2018-03-12,696.7392312,98150534.25,677908,322689,513.4220003,6.838532777e+10,684941,1518699.198,0.007988,2.21727
2018-03-13,689.9021026,98170915.87,699093,333398,391.7314989,6.772832127e+10,706142,2751099.471,0.00041,3.895958
2018-03-14,612.3326315,98191325.91,671198,359709,421.5886443,6.012575298e+10,678264,1953030.172,0.01,2.879454
2018-03-15,611.1662759,98211821.72,654531,339262,393.5765835,6.002375333e+10,661626,1903168.284,0.01,2.876502
2018-03-16,604.4843019,98232355.12,654584,313390,420.4053323,5.937991661e+10,661677,1408816.554,0.0005,2.129161
2018-03-17,550.8650041,98252769,593203,279550,312.2690602,5.4124012e+10,600275,1255746.34,0.0005,2.091952
2018-03-18,538.2613282,98273102.06,684094,318550,363.7877793,5.289661044e+10,691101,2884545.104,0.0005,4.17384
2018-03-19,550.1382127,98293411.97,703891,356019,377.0538903,5.407496198e+10,710879,2352341.576,0.006925,3.30906
2018-03-20,555.6366672,98313822.28,661791,329322,379.9188371,5.462676455e+10,668824,1933725.849,0.000972,2.891233
2018-03-21,557.397839,98334114.56,697872,352609,442.7263801,5.481122296e+10,704853,1801663.623,0.001772,2.556084
2018-03-22,539.1140453,98354601.84,619453,345780,426.3799873,5.302434727e+10,626502,1569616.8,0.011702,2.505366
2018-03-23,537.5928597,98374835.53,677103,401205,450.0961312,5.288560916e+10,684057,2043919.89,0.015,2.987938
2018-03-24,525.082403,98395360.22,613203,354616,380.8766583,5.166567219e+10,620251,1220347.968,0.031522,1.967507
2018-03-25,522.2228019,98415690.28,526372,266883,333.9653283,5.139491753e+10,533354,1012658.356,0.008,1.898661
2018-03-26,489.8176005,98436122.81,626615,318207,434.5891108,4.821574548e+10,633638,1974424.493,0.01,3.116013
2018-03-27,450.5495944,98456390.72,584055,292427,360.7338911,4.43594869e+10,591041,2506592.193,0.0084,4.240979
2018-03-28,445.4580836,98476744.03,579858,272121,367.4733527,4.386726167e+10,586869,2483680.607,0.010001,4.232087
2018-03-29,385.3564702,98497146.09,583673,293419,388.4186038,3.795651254e+10,590726,2597604.926,0.025,4.397309
2018-03-30,392.4671277,98517639.47,633616,316912,353.2929658,3.866493499e+10,640686,2348058.731,0.013015,3.664913
2018-03-31,394.5123781,98538100.31,584396,273912,281.1633205,3.887450029e+10,591419,1525900.068,0.0009,2.580066
2018-04-01,378.0660903,98558305.31,545141,273312,250.9865218,3.726155316e+10,552065,1289453.254,0.001302,2.335691
2018-04-02,383.3976937,98578770.56,598505,306197,308.5365355,3.779487329e+10,605523,1461553.054,0.001,2.413704
2018-04-03,415.2149299,98599160.16,645977,327729,332.1683321,4.093984337e+10,652985,1696400.368,0.001302,2.597916
2018-04-04,378.5298773,98619459.84,628441,330922,283.2512147,3.733041203e+10,635408,1592479.404,0.0001,2.506231
2018-04-05,382.7007943,98640059.25,695871,372734,488.359097,3.774962902e+10,702938,1317909.446,8e-05,1.874859
2018-04-06,369.9367528,98660492.25,647981,350661,352.3550266,3.649814213e+10,654992,1338815.049,8e-05,2.044017
2018-04-07,384.5072496,98680745.25,535865,293326,242.7050239,3.794346194e+10,542802,902278.4733,0.0002,1.662261
2018-04-08,399.4155508,98701103.34,595733,309376,282.4335052,3.942275556e+10,602716,1268965.079,0.0002,2.105411
2018-04-09,396.1653971,98721400.22,609799,319374,307.4383903,3.911000272e+10,616782,1578904.045,0.001059,2.559906
2018-04-10,413.4526993,98741932.69,571388,339055,292.8202088,4.08251186e+10,578438,1287625.419,0.000908,2.226039
2018-04-11,429.7974267,98762171.72,609102,371762,326.0219873,4.244772725e+10,616063,1505139.299,0.00012,2.443158
2018-04-12,493.5652066,98782370.44,692606,353014,378.8765898,4.875554107e+10,699561,2286045.615,0.0004,3.267829
2018-04-13,496.3177443,98803003.59,730344,374208,442.2725197,4.903768387e+10,737478,2245503.637,0.001,3.044842
2018-04-14,503.221351,98823390,611188,301862,317.0222999,4.973003982e+10,618224,989284.8809,3.7e-05,1.600205
2018-04-15,531.26395,98843786.81,619985,302284,293.3000305,5.251214062e+10,627010,1191942.726,9.2e-05,1.900995
2018-04-16,510.9837583,98864372.16,664402,334786,333.9707749,5.051808845e+10,671507,1419156.467,0.001301,2.11339
2018-04-17,502.1266414,98884758.28,742823,339274,359.8391656,4.965267156e+10,749878,1469228.078,6.1e-05,1.959289
2018-04-18,524.9945938,98905009.78,703293,339669,421.5814719,5.192459544e+10,710292,1770282.771,0.0001,2.492331
2018-04-19,566.5825263,98925668.44,814318,360686,445.0729747,5.604955514e+10,821471,1836207.037,0,2.235267
2018-04-20,616.3173407,98946021.19,832220,369410,445.0125547,6.098214865e+10,839267,2198154.557,7e-05,2.619136
2018-04-21,605.3963311,98966560.78,746104,411088,347.8103127,5.99139928e+10,753192,1720313.967,0.0001,2.284031
2018-04-22,621.1391014,98987011.41,748858,414637,357.6569734,6.148470332e+10,755904,1281824.227,0.000159,1.69575
2018-04-23,642.5817294,99007490.16,802870,428031,390.6635178,6.362040425e+10,809954,3114254.558,0.000287,3.844977
2018-04-24,705.0070205,99027860.91,816357,417221,478.5096368,6.981533716e+10,823409,2740046.719,0.00021,3.327686
2018-04-25,614.5464717,99048447.28,799014,365985,455.2798465,6.08698738e+10,806132,2544840.364,0.0002,3.156853
2018-04-26,661.7967618,99069249.94,793873,358539,463.462969,6.556370881e+10,801063,2049251.448,0,2.558165
2018-04-27,648.9100009,99089619.84,764479,346176,486.7802802,6.43002453e+10,771548,2125895.557,0,2.755364
2018-04-28,682.5355506,99109887.84,775321,341856,518.9793615,6.764602186e+10,782342,1817711.704,0,2.323423
2018-04-29,688.3061102,99130618.59,756651,318879,546.6994679,6.823221048e+10,763844,1682415.393,0,2.202564
2018-04-30,667.0634077,99151166.44,778133,361168,566.5703318,6.614011496e+10,785274,2035196.065,0.001,2.591702
2018-05-01,671.5316823,99171615.66,713839,328660,444.8190941,6.65968819e+10,720954,1905514.434,0.001094,2.643046
2018-05-02,686.6118434,99192481.69,787722,363346,476.3513384,6.81067327e+10,794997,2692867.773,0.001091,3.387268
2018-05-03,778.3775441,99213097.78,839586,394992,569.7496083,7.72252474e+10,846768,2891150.84,0.001579,3.414336
2018-05-04,783.3912136,99233690.34,1000526,644295,545.7123579,7.773880111e+10,1007704,2608459.322,0.130276,2.588517
2018-05-05,811.3563922,99254405.62,789261,396427,428.6602544,8.053069645e+10,796465,1758615.622,0.002,2.208026
2018-05-06,784.8751797,99275029.97,691273,389642,383.3744288,7.791850699e+10,698425,1548557.721,0.005,2.217214
2018-05-07,747.8353121,99295750.78,789863,419460,443.7282341,7.425686878e+10,797044,2978123.594,0.000222,3.736461
2018-05-08,751.6712314,99316126.97,820098,410500,496.3102784,7.465307546e+10,827170,2136268.472,0.0001,2.582623
2018-05-09,748.3347896,99336656.34,831127,390605,522.4814705,7.433707582e+10,838269,2253383.123,9.9e-05,2.688138
2018-05-10,725.9431689,99357119.25,854827,390235,737.346626,7.2127622e+10,861941,2170349.15,1.1e-05,2.517979
2018-05-11,679.5324857,99377783.16,826099,392464,721.7511623,6.753043201e+10,833281,2220409.022,0.00042,2.664658
2018-05-12,685.7776403,99398394.09,788487,383918,498.4794577,6.816519615e+10,795643,1627225.113,0,2.04517
2018-05-13,731.4267344,99418836.66,762439,359287,522.0638708,7.271759503e+10,769517,1207351.736,0.0006,1.568973
2018-05-14,726.4218089,99439231.12,801788,398274,667.4935225,7.223482615e+10,808891,2193838.924,0.003237,2.712156
2018-05-15,706.4711707,99459796.5,779210,400914,673.4983669,7.026547887e+10,786346,1996384.979,0.000445,2.538812
2018-05-16,705.390607,99480231.47,807257,414046,718.1260497,7.017242086e+10,814351,1712695.563,0.00052,2.103142
2018-05-17,668.044737,99500881.12,835761,412529,790.2105624,6.647103996e+10,842940,1729894.533,0.001,2.052215
2018-05-18,693.6516838,99521576.72,831831,419826,747.6604025,6.903330927e+10,839056,1684053.268,0.001,2.007081
2018-05-19,693.8095807,99542286.09,846288,424160,663.3039379,6.906339177e+10,853519,1237640.626,0,1.450045
2018-05-20,713.5916914,99562943.91,777283,389190,604.6158069,7.104728954e+10,784487,1292210.27,0,1.647204
2018-05-21,697.845526,99583652.81,802211,397743,683.1888249,6.949400658e+10,809405,1680533.489,0.0006,2.076258
2018-05-22,643.6678767,99604180.5,822409,422824,769.998111,6.411201137e+10,829560,2234935.269,0,2.694121
2018-05-23,578.2299886,99625069.69,833377,410012,780.8703267,5.760620291e+10,840666,2761825.33,0.0006,3.285283
2018-05-24,600.6105728,99645420.09,811167,418876,718.8213981,5.984809284e+10,818253,2141985.219,0.0007,2.617754
2018-05-25,578.5942729,99666066.56,800838,394287,688.2782333,5.766621532e+10,808026,1840883.105,0.0003,2.278247
2018-05-26,584.2874115,99686779.59,761932,375954,596.3848044,5.82457304e+10,769126,1351846.547,0,1.75764
2018-05-27,570.3888428,99707202.28,776024,403522,546.7187057,5.687187573e+10,783128,1996458.816,0,2.549339
2018-05-28,513.5970751,99727874.81,861002,445032,862.6594072,5.121994481e+10,868193,2763382.872,0.00107,3.182913
2018-05-29,563.903261,99748524.19,812183,409323,825.6802638,5.624851806e+10,819380,2264084.443,0,2.763168
2018-05-30,556.7623846,99769203.84,817167,413796,867.2843499,5.554773984e+10,824399,2198961.84,0.0008,2.667351
2018-05-31,575.4698647,99789947.91,832842,416236,1073.93136,5.742610782e+10,840083,2297834.095,0.00132,2.735247
2018-06-01,578.827564,99810507.56,758242,371923,875.7634616,5.777307295e+10,765401,2501246.506,0.000519,3.26789
2018-06-02,591.8119591,99831219.56,768017,404528,602.9513988,5.908130963e+10,775269,1322961.546,0,1.706455
2018-06-03,618.2328428,99851704.22,809997,415409,590.8946015,6.173160296e+10,817175,1143761.634,0,1.399653
2018-06-04,589.8826707,99872509.41,807165,397194,738.6209742,5.891306257e+10,814479,2054490.809,0.00017,2.52246
2018-06-05,607.1803103,99892853.25,780654,380350,634.6733058,6.065297364e+10,787778,2093031.935,0.00012,2.65688
2018-06-06,605.4294448,99913479.09,754070,374278,809.1185128,6.049056217e+10,761308,2265780.032,0.0005,2.976167
2018-06-07,602.159334,99934282.59,775828,403581,631.6295473,6.017636105e+10,783139,2171886.172,0,2.773309
2018-06-08,600.1281806,99954974.16,720017,364344,547.8908297,5.998579678e+10,727286,2346134.289,0,3.225876
2018-06-09,595.9536233,99975789.94,769427,388714,439.1600615,5.958093426e+10,776756,1215893.704,0,1.565348
2018-06-10,521.2769173,99996245.62,771280,406267,439.1247735,5.212573466e+10,778443,1819302.703,0,2.337105
2018-06-11,529.3715289,100017060.3,768985,403546,473.3576376,5.294618412e+10,776309,2208782.112,8.4e-05,2.845236
2018-06-12,489.8360853,100037651.5,770199,355775,466.8333736,4.900205161e+10,777401,3000857.12,0,3.860115
2018-06-13,474.4509752,100058182.7,797637,385073,486.7650944,4.747270235e+10,804780,4125070.074,0,5.125711
2018-06-14,517.7222291,100078675.5,765916,372165,523.1928112,5.181295497e+10,773031,4100404.105,0.00028,5.30432
2018-06-15,486.4992463,100099202.8,763803,385201,601.6083195,4.869818673e+10,770939,3608793.122,0.000108,4.681036
2018-06-16,497.3220047,100119780.2,639775,310364,575.5698808,4.979176979e+10,646906,1634173.042,0,2.526137
2018-06-17,495.8307411,100140202.6,648548,321511,310.6739134,4.965259086e+10,655618,1203342.042,4e-05,1.835432
2018-06-18,516.850604,100160820.5,695753,344436,331.4533702,5.176818056e+10,702871,1611503.886,0,2.292745
2018-06-19,537.0747794,100181296.4,778765,375907,465.7939264,5.380484766e+10,785869,1959098.392,0,2.492907
2018-06-20,535.2689378,100201886,803076,388423,437.7374078,5.363495706e+10,810221,2092579.224,0,2.582726
2018-06-21,525.6111783,100222343.7,752035,384776,416.0302689,5.267798417e+10,759103,1882784.422,0,2.480275
2018-06-22,462.9670827,100242992,770457,383910,882.1732267,4.640920555e+10,777629,2427898.234,0.00012,3.122181
2018-06-23,475.2452405,100263641.2,675918,340250,347.1432827,4.764981825e+10,683062,1308800.78,0,1.916079
2018-06-24,454.3887683,100283997.9,671994,359869,514.9629244,4.55679223e+10,679038,2013104.486,0.00013,2.964642
2018-06-25,459.1942902,100304533.7,837265,492435,527.3968611,4.605926915e+10,844458,2434212.4,5e-05,2.882574
2018-06-26,432.4930815,100325174.2,732170,372838,388.5284561,4.338994377e+10,739368,1962393.233,3.2e-05,2.65415
2018-06-27,441.6751669,100345760.3,771938,382764,388.4721177,4.432023044e+10,779078,1956654.625,0,2.5115
2018-06-28,419.7914541,100366144.8,744784,393195,370.1612634,4.213284986e+10,751868,1823019.229,0.00015,2.424653
2018-06-29,436.7364211,100386520.2,735092,379509,392.3022174,4.384244957e+10,742182,2192702.945,0.00012,2.954401
2018-06-30,451.7234167,100407160.3,632981,261580,1998.55679,4.535626552e+10,640148,1266300.951,0,1.978138
2018-07-01,451.7984416,100427587.6,622633,197829,3237.253063,4.537302756e+10,629733,1028010.733,0,1.632455
2018-07-02,475.9894486,100448254.4,489559,235721,5862.526226,4.781230922e+10,496718,1447117.193,0.047144,2.913358
2018-07-03,461.7516902,100468746.7,573532,232199,4020.762462,4.639161363e+10,580666,1828135.425,0,3.148342
2018-07-04,465.7291502,100489218.8,447112,230552,2942.86512,4.68007585e+10,454226,1575360.422,0.047325,3.46823
2018-07-05,467.0586663,100509636.8,527586,253141,2561.443824,4.694389693e+10,534678,1675641.778,0.012735,3.133927
2018-07-06,468.5129646,100530058.2,459075,219912,3356.132066,4.709963561e+10,466151,1622888.96,0.043526,3.481466
2018-07-07,480.5334749,100550579.6,484105,217148,3015.040919,4.831791943e+10,491236,1140055.595,0.006,2.32079
2018-07-08,486.1320538,100570994.6,631505,272797,1382.161999,4.889078417e+10,638642,1291022.083,0.000491,2.021511
2018-07-09,471.7215625,100591644.7,651926,290889,1096.827246,4.74512478e+10,659088,1770722.667,0,2.686626
2018-07-10,433.1284392,100612003.6,691771,294141,734.2391122,4.357792008e+10,698820,1931962.143,0,2.764606
2018-07-11,446.3470754,100632678.3,643920,271336,838.9375287,4.491710164e+10,651065,1444572.301,0,2.218784
2018-07-12,423.881742,100653188.7,566058,257081,1363.060301,4.266504897e+10,573105,1328931.393,0,2.318827
2018-07-13,431.3536826,100673482.2,563317,239602,1531.902623,4.34258773e+10,570286,1268655.492,0,2.224595
2018-07-14,433.9191859,100693933.8,508951,229822,2932.261846,4.369302977e+10,515975,952942.2382,0.00094,1.846877
2018-07-15,448.7280678,100714546.4,453706,231420,3561.566983,4.519344381e+10,460781,817291.4258,0.01,1.773709
2018-07-16,477.3652858,100734925.2,703999,341295,583.1445101,4.808735637e+10,711032,1749476.432,0,2.460475
2018-07-17,499.4387598,100755664,701292,357364,506.7684905,5.032128389e+10,708467,1810322.127,0,2.555267
2018-07-18,479.0016411,100775993.3,746145,409849,478.4705163,4.82718662e+10,753204,2066134.01,0,2.743127
2018-07-19,468.4054468,100796423.9,734702,379165,431.9500706,4.721359398e+10,741769,1680404.558,0,2.265401
2018-07-20,447.5579719,100816608.7,671608,356950,558.2191419,4.512127691e+10,678570,1789328.257,0.0001,2.63691
2018-07-21,461.9867995,100837178.4,620634,319591,591.2097617,4.658544534e+10,627718,1110375.356,1e-05,1.768908
2018-07-22,457.1352779,100857948.7,675356,338502,367.8291677,4.610572639e+10,682532,1058727.65,0,1.551177
2018-07-23,448.9556733,100878384.1,758657,398296,558.4596575,4.528992285e+10,765717,1656156.02,0,2.162883
2018-07-24,478.0369877,100898948.6,784910,423877,475.6229721,4.823342947e+10,792040,1751089.394,0,2.21086
2018-07-25,472.6965085,100919718.2,787527,431947,443.4595071,4.770439842e+10,794733,1547656.244,0,1.947391
2018-07-26,463.4333387,100940142.1,725630,388974,390.9988004,4.677902706e+10,732669,1262439.981,3e-06,1.72307
2018-07-27,469.3117928,100960655.8,788715,416595,363.1461194,4.738202638e+10,795793,1379905.487,0,1.734001
2018-07-28,467.3217884,100981096.9,703973,382761,512.5395943,4.719066679e+10,710998,817856.6514,0,1.150294
2018-07-29,466.9187636,101001590.2,716354,359339,303.7594064,4.71595376e+10,723387,790167.3283,0,1.092316
2018-07-30,455.8956736,101022005.1,757712,376103,343.2327125,4.605549504e+10,764722,1580237.463,0,2.066421
2018-07-31,431.7985237,101042599.7,745063,374451,355.7223476,4.363004537e+10,752170,2863003.371,4e-05,3.806325
2018-08-01,419.0199267,101063027.5,757758,374393,747.8227231,4.234742238e+10,764816,1539445.522,0,2.012831
2018-08-02,410.9742084,101083578.3,779928,369948,333.9574573,4.154274356e+10,787046,1625623.17,0,2.065474
2018-08-03,417.2534956,101104095.1,753190,394710,344.0355467,4.21860371e+10,760288,1345939.082,0,1.770302
2018-08-04,406.4192195,101124697.4,720548,340854,401.410556,4.109902059e+10,727645,980351.2469,0,1.347293
2018-08-05,408.9499229,101145226.9,704249,320195,262.7422295,4.136333273e+10,711346,914999.9747,0,1.286294
2018-08-06,405.3780874,101165637.2,699536,348727,426.6788801,4.101033251e+10,706585,1250981.528,0,1.770461
2018-08-07,378.5596321,101186035.5,636342,323836,1344.326975,3.830494837e+10,643415,1403053.527,0.005004,2.180635
2018-08-08,354.3691943,101206594.5,565663,291558,2878.016385,3.586449935e+10,572760,2089462.867,0.080023,3.64806
2018-08-09,365.0011458,101227121.2,538530,284548,2484.608659,3.694801524e+10,545620,1635877.516,0.050167,2.998199
2018-08-10,330.6420038,101247565.9,613892,325203,1520.599826,3.347669806e+10,620938,1850999.486,0.029846,2.980973
2018-08-11,322.9020827,101268202.5,657312,336510,507.3081495,3.26997135e+10,664445,1681769.641,0.00015,2.531089
2018-08-12,317.9546406,101288554.9,641927,332668,362.4777797,3.220516606e+10,648990,1034789.121,0,1.594461
2018-08-13,284.3916178,101308953.7,694941,352269,526.7219968,2.881141722e+10,701980,2521361.234,0,3.591785
2018-08-14,276.2421417,101329287.3,690348,334805,599.4077824,2.799141934e+10,697332,3168826.11,0.000175,4.544214
2018-08-15,281.1496385,101349634.6,648565,328753,590.0925901,2.849441313e+10,655548,2354223.524,0,3.59123
2018-08-16,285.766308,101370062.2,716732,354449,524.7852013,2.896814843e+10,723747,1572444.804,0,2.172644
2018-08-17,314.9507148,101390564.9,607270,312809,1935.163008,3.193303089e+10,614337,1890409.133,0.031947,3.077153
2018-08-18,295.4338966,101411036.2,627522,305324,441.9532235,2.996025759e+10,634562,1133832.439,0,1.786795
2018-08-19,300.0650172,101431491.9,599660,304996,394.1787101,3.043604238e+10,606684,808056.1057,0,1.331923
2018-08-20,271.6171058,101451938.2,663769,336770,406.4102185,2.755608182e+10,670786,1478176.138,0,2.203648
2018-08-21,280.9408238,101472431.4,605639,300645,377.6185594,2.850774848e+10,612671,1491658.719,0,2.434681
2018-08-22,270.0811128,101492732.8,594918,306983,891.3464764,2.741127022e+10,601884,1760014.074,0.000106,2.924175
2018-08-23,275.2081277,101513076.7,599557,300126,599.9089978,2.793722376e+10,606543,1487311.413,0.000388,2.452112
2018-08-24,281.6849255,101533810.7,596227,316189,1055.963557,2.86005439e+10,603352,1455770.514,0.000961,2.412805
2018-08-25,278.4239132,101554233.9,577239,304696,333.5205168,2.827512722e+10,584237,1100358.009,0.000279,1.88341
2018-08-26,273.2899489,101574654.6,574072,320400,950.6227641,2.775933215e+10,581063,1003476.909,0.0002,1.726967
2018-08-27,284.2037548,101595198,645935,329885,376.4535855,2.887373674e+10,652987,1635501.944,0,2.504647
2018-08-28,296.6259889,101615586.1,613844,320916,380.6203823,3.014182371e+10,620847,1474334.761,0.001,2.374715
2018-08-29,288.5998548,101635856.3,546841,267879,530.7446625,2.933209338e+10,553791,1587055.067,0.000319,2.865801
2018-08-30,283.8843033,101656344.7,592847,287916,441.3912495,2.885864061e+10,599884,1454595.346,0.000219,2.424794
2018-08-31,282.2157653,101676775.7,577258,290044,447.8920557,2.869478907e+10,584249,1527019.129,0.00115,2.613644
2018-09-01,294.9402721,101697161.6,656254,322434,360.5635231,2.999458852e+10,663252,1191638.2,0,1.79666
2018-09-02,293.7880126,101717661.6,620267,333290,332.101884,2.988342963e+10,627280,938595.5512,0,1.496294
2018-09-03,288.6421382,101737989.1,631429,340844,372.2637422,2.936587071e+10,638403,1817137.164,0.00015,2.846379
2018-09-04,285.3060096,101758533.4,589521,316527,459.9784573,2.90323211e+10,596564,2952163.449,0.001092,4.948611
2018-09-05,234.2016791,101778862.9,626957,321744,362.3802098,2.383678059e+10,633925,2499145.62,0.001627,3.942336
2018-09-06,229.0947613,101799428.6,588959,303884,511.1588385,2.33217158e+10,595995,3065609.808,0.008,5.143684
2018-09-07,215.2796409,101819646.9,582184,305417,506.5995081,2.191969702e+10,589103,2592740.551,0.000886,4.401167
2018-09-08,196.648756,101839936.7,543337,281740,404.4954836,2.002669686e+10,550281,2140689.895,7e-05,3.890176
2018-09-09,195.5888317,101860203.6,565631,284904,433.0789371,1.992271821e+10,572570,2203993.728,0,3.8493
2018-09-10,196.1221119,101880640.3,561611,282579,448.3095812,1.998104634e+10,568606,2491164.777,0.002,4.381179
2018-09-11,184.3037098,101900885.4,557317,261353,512.2545276,1.878071122e+10,564223,2520417.483,0.0011,4.467059
2018-09-12,182.6687484,101921288.6,570673,261275,519.5831464,1.861783423e+10,577638,3804843.277,0.000655,6.586899
2018-09-13,212.6019655,101941711.4,555753,276678,535.6552614,2.167300821e+10,562732,2364937.389,0.002091,4.2026
2018-09-14,211.6978042,101962143.4,514394,258740,392.4331379,2.158516186e+10,521365,2157639.971,0.002,4.138444
2018-09-15,222.8130105,101982580.4,479695,244687,385.3834832,2.272304576e+10,486681,1461346.717,0.001,3.002679
2018-09-16,220.0224904,102003089.5,458432,228206,370.1968075,2.244297378e+10,465425,1239258.872,0.00065,2.662639
2018-09-17,196.8116669,102023565.8,553720,291307,442.1436325,2.007942805e+10,560714,1967766.198,0.00069,3.509394
2018-09-18,209.519993,102043747.5,500513,258463,543.0786263,2.138020526e+10,507407,1840098.364,0.001932,3.626474
2018-09-19,209.0851306,102064296.4,507255,235612,698.459808,2.134012674e+10,514278,1571245.7,0.007669,3.055246
2018-09-20,223.6520885,102084720.7,498146,261726,494.7573116,2.283146098e+10,505127,1913361.886,0.006796,3.787883
2018-09-21,246.7333489,102105440.1,544686,254561,680.1526918,2.519281717e+10,551777,2934236.731,0.022076,5.317795
2018-09-22,240.1762645,102125761.6,470309,231040,419.3769929,2.452818393e+10,477238,1591012.143,0.008,3.333792
2018-09-23,244.6507005,102146083.9,468627,228519,370.2980719,2.499011097e+10,475550,1413199.365,0.004,2.971716
2018-09-24,227.8000915,102166426.1,480337,226513,679.3868126,2.327352122e+10,487264,1910971.961,0.007918,3.921841
2018-09-25,217.6229401,102186844.1,519108,238299,514.7491823,2.223820146e+10,526061,1903812.204,0.006,3.618995
2018-09-26,215.0312618,102207447.3,493507,221050,535.1262979,2.197779636e+10,500526,1866304.229,0.004,3.728686
2018-09-27,228.4367352,102227961.7,504047,242499,569.9970431,2.335262181e+10,511048,1687386.752,0.005036,3.301817
2018-09-28,221.042024,102248376.7,500407,249548,620.865649,2.260118812e+10,507361,1713294.787,0.01,3.376875
2018-09-29,231.3260546,102268616.3,434315,222349,662.1583292,2.365739553e+10,441192,1448615.229,0.009693,3.283412
2018-09-30,232.2158805,102289127.4,479351,242254,522.1374114,2.375315979e+10,486342,1371925.69,0.005433,2.820907
2018-10-01,229.9181473,102309429.8,476308,235188,611.8068788,2.352279456e+10,483214,1274255.278,0.008,2.637041
2018-10-02,225.340538,102329944,490262,237819,646.2650811,2.305908464e+10,497244,1119047.326,0.001369,2.250499
2018-10-03,218.985656,102350237.2,559006,288662,444.7257819,2.241323385e+10,565918,1622905.74,0,2.86774
2018-10-04,220.9349065,102370609.1,559181,294709,441.2275467,2.261724095e+10,566103,1619817.471,0.000347,2.861348
2018-10-05,226.5332475,102390786.2,595361,315425,429.8314017,2.319491731e+10,602214,1504090.191,0,2.497601
2018-10-06,223.670021,102411278.2,596865,326444,290.7691987,2.290633274e+10,603820,1104902.09,0.000163,1.829853
2018-10-07,224.381154,102431799.5,497767,266999,314.1878292,2.298376537e+10,504726,997426.9308,0.000185,1.976175
2018-10-08,227.6293615,102452224.4,542842,281024,431.4967026,2.332113442e+10,549783,1650506.6,5.2e-05,3.002106
2018-10-09,226.3662575,102472577.3,537028,278759,387.4958371,2.319633382e+10,543951,1443207.177,0,2.653193
2018-10-10,223.637415,102492939.1,516772,259112,447.9409647,2.292125595e+10,523688,1509690.041,0.0002,2.882804
2018-10-11,190.5031733,102513424.4,570525,276591,471.9269088,1.952913265e+10,577490,3120478.075,0.000396,5.403519
2018-10-12,194.2336841,102533808.5,562140,277706,617.706521,1.991551936e+10,569060,2040512.244,0,3.585759
2018-10-13,196.6409004,102554245.6,541797,281709,341.1145822,2.016635919e+10,548741,1213698.897,0,2.211788
2018-10-14,192.0825617,102574706.9,511719,286828,295.7844661,1.970281246e+10,518671,1179294.076,0,2.273684
2018-10-15,204.8455953,102595024,562011,298338,409.7144918,2.101613877e+10,568918,3371982.411,0.00022,5.92701
2018-10-16,205.6789655,102615405,575450,304839,351.7551678,2.110583035e+10,582385,2268310.201,0.000331,3.894864
2018-10-17,203.5891844,102635802.3,580354,308025,382.899377,2.089553928e+10,587287,1950903.9,8.1e-05,3.321892
2018-10-18,199.1041677,102656241.7,565791,316673,362.9863773,2.043928558e+10,572742,2375234.721,2.5e-05,4.147129
2018-10-19,200.1854223,102676535.3,601119,287643,414.5677448,2.055434558e+10,608029,1694904.782,0,2.787539
2018-10-20,202.6205903,102696985.3,534080,344066,365.6828936,2.080852379e+10,541031,1458728.367,0.0006,2.696201
2018-10-21,202.1977925,102717340,508014,308778,331.5280219,2.076921941e+10,514943,1985531.685,0,3.855828
2018-10-22,200.9869679,102737590.7,577314,333040,399.5440083,2.064891684e+10,584206,1615498.456,0,2.765289
2018-10-23,201.1062086,102758166.6,556231,313343,407.2414001,2.066530529e+10,563235,1733454.887,0.0003,3.077676
2018-10-24,200.5486081,102778549.6,532709,323381,470.9444351,2.061209507e+10,539644,1663502.075,0.003,3.082592
2018-10-25,199.8627446,102798796.2,537236,314814,543.0080394,2.054564955e+10,544115,2232788.574,0.001166,4.103523
2018-10-26,200.6226616,102819296.1,551218,318269,480.7497307,2.062788084e+10,558193,1749476.097,0.001025,3.134178
2018-10-27,201.4184185,102839541.1,499165,308409,352.7770781,2.071377772e+10,506048,1015826.308,7e-05,2.007371
2018-10-28,202.4511032,102859850.2,509862,333518,332.8198702,2.082409013e+10,516761,1037281.973,0.000376,2.007276
2018-10-29,194.3213513,102880246.2,614695,333546,427.2276644,1.999182846e+10,621632,2006740.703,0.0003,3.228181
2018-10-30,195.658953,102900417.5,608397,359738,422.8317184,2.013338794e+10,615260,1689804.611,3.4e-05,2.746489
2018-10-31,196.8979319,102920922.6,585707,352140,423.3915605,2.02649168e+10,592681,1766667.328,0.000183,2.980806
2018-11-01,197.8192107,102941161.8,589096,317485,406.7283298,2.036373937e+10,595982,1643065.019,0,2.756904
2018-11-02,199.8503726,102961301.4,548534,267634,443.7313852,2.057685445e+10,555386,1904643.057,0,3.429404
2018-11-03,198.3546774,102981481.8,505015,278264,396.9843326,2.042685859e+10,511871,1115137.242,0,2.178551
2018-11-04,209.9895728,103001764.9,510848,299497,353.364413,2.16292966e+10,517746,1547078.094,7.8e-05,2.988102
2018-11-05,208.0755815,103022159,582354,291779,503.1924269,2.143639564e+10,589302,2377186.009,0.0006,4.033901
2018-11-06,218.0897557,103042410.7,597166,278348,508.6021176,2.247249419e+10,604065,1886850.606,0,3.123589
2018-11-07,216.7830564,103062892.2,564602,270280,467.8168061,2.234228878e+10,571575,2152657.028,0.000109,3.766185
2018-11-08,210.6431034,103083125.6,555392,288705,547.5882472,2.171374949e+10,562285,1750670.442,0.000418,3.113493
2018-11-09,208.1028559,103103372.9,547848,316813,411.3881521,2.145610636e+10,554734,1678895.474,0.0011,3.026487
2018-11-10,210.5648653,103123789,489120,329225,298.407836,2.171424674e+10,496077,1131024.986,0.0001,2.279938
2018-11-11,209.0642537,103144099.1,527799,355871,276.6102967,2.15637441e+10,534709,1141150.291,6.3e-05,2.134152
2018-11-12,208.2894123,103164409.4,571162,327353,443.3535503,2.148805421e+10,578060,1886859.883,0.00042,3.264125
2018-11-13,203.6197972,103184681.7,553590,336439,477.6172459,2.101044397e+10,560487,1725254.666,0,3.078135
2018-11-14,176.6737086,103204800.8,582181,336750,578.0498418,1.823357492e+10,589028,3006169.411,0.001758,5.10361
2018-11-15,177.5858998,103224808,563051,367079,628.5643454,1.833127041e+10,569846,3184910.544,0.00474,5.589072
2018-11-16,172.027223,103245086.9,552107,330177,543.543242,1.776096559e+10,558985,2261303.881,0.000225,4.045375
2018-11-17,172.3258343,103265107.3,505581,336902,408.4340858,1.779524577e+10,512368,1417603.654,0.000133,2.766769
2018-11-18,174.8875175,103285316.5,484801,311575,459.6931282,1.806331261e+10,491657,1919912.855,9.7e-05,3.904984
2018-11-19,146.8373746,103305230.1,622942,362855,632.8356542,1.516906877e+10,629708,4869190.496,0.00925,7.732458
2018-11-20,126.699694,103325245.7,625752,325428,650.5701754,1.309127702e+10,632552,5672967.619,0.001,8.968381
2018-11-21,134.8948387,103345472.6,579531,305267,526.8918096,1.394077086e+10,586393,3849588.568,0,6.564861
2018-11-22,124.9831067,103365408.7,568895,304552,501.9706126,1.29189299e+10,575657,2655753.225,0,4.61343
2018-11-23,121.4645269,103385530,559992,296227,527.5046085,1.255767449e+10,566819,3070982.222,0.000142,5.417924
2018-11-24,111.2079193,103405536.3,497091,285249,460.6956845,1.149951454e+10,503862,2295573.856,0,4.555957
2018-11-25,114.3281242,103425555,529038,306399,529.5330937,1.18244497e+10,535813,3982809.017,0.000646,7.433207
2018-11-26,105.9761932,103445602,557388,324681,520.8428368,1.09627711e+10,564190,3445675.042,0.0001,6.107295
2018-11-27,108.939133,103465351.4,565825,325795,484.2971161,1.127142567e+10,572524,2866748.835,0,5.007212
2018-11-28,120.8430357,103485244.7,622580,321224,644.5610578,1.250547111e+10,629333,3385923.248,0,5.380178
2018-11-29,116.4500678,103505344.7,555591,263790,736.8574209,1.205320441e+10,562400,3645356.005,0,6.481785
2018-11-30,111.6314486,103525266.5,599039,278002,889.6326785,1.155667546e+10,605796,17368833.92,0.001927,28.671094
2018-12-01,116.9740228,103545029.5,525757,310612,585.9184021,1.211207864e+10,532444,15505643.08,0.000279,29.121641
2018-12-02,114.8738489,103564659.7,492410,276777,514.3892108,1.189687108e+10,499040,1435619.888,0.000349,2.876763
2018-12-03,107.4360938,103584258,548100,269535,599.6450653,1.112868806e+10,554725,2298948.681,1.3e-05,4.144303
2018-12-04,108.3930742,103603918.5,565202,258028,608.9956876,1.122994723e+10,571849,2291043.902,0,4.006379
2018-12-05,101.1326888,103623626.8,595937,279019,651.568036,1.0479736e+10,602608,2906041.771,0,4.822441
2018-12-06,90.81281444,103643369.1,590923,283624,504.2197682,9412146042,597587,3838125.166,0,6.422705
2018-12-07,92.12891613,103662859.9,572417,313613,491.7059467,9550346923,579007,4921088.141,0.0016,8.499186
2018-12-08,90.59914202,103682399.6,552651,333138,351.1176294,9393536449,559250,2728053.338,0.000994,4.878057
2018-12-09,92.99399591,103701976.9,507555,289050,340.6541963,9643661213,514152,2387114.391,0.0003,4.642818
2018-12-10,89.33858884,103722005,555379,290286,403.8920435,9266377555,562136,2526828.851,0.000254,4.495049
2018-12-11,87.14203711,103741364.5,536006,282399,384.9648081,9040233838,542540,2591499.558,0,4.776606
2018-12-12,88.85423115,103760970.8,533920,314610,368.9459198,9219601288,540530,2360874.075,0,4.367702
2018-12-13,85.03007481,103780735.2,565689,303851,437.2470373,8824483679,572354,3015871.402,0,5.269241
2018-12-14,83.08653536,103800147.9,567306,297473,588.2778597,8624394662,573853,2725739.11,0,4.749891
2018-12-15,82.83019024,103819961.7,551916,378120,338.956378,8599427180,558602,1844351.528,6.1e-05,3.301727
2018-12-16,83.78539188,103839488,516697,372962,308.8249106,8700232192,523284,1795940.454,0.000386,3.432057
2018-12-17,93.84370105,103858553.5,570051,303060,392.5739418,9746471049,576480,3476412.487,0,6.030413
2018-12-18,100.2777051,103877422.1,556320,277282,662.0927348,1.041658951e+10,562678,3250337.964,0,5.776551
2018-12-19,99.94950497,103896218.2,597824,322980,449.8792085,1.038437558e+10,604157,4364591.127,0,7.224266
2018-12-20,114.0839749,103915024.7,602429,340424,445.5068438,1.185503906e+10,608760,4435049.799,0,7.285383
2018-12-21,107.8118621,103933854.3,606526,320212,425.3365536,1.120530236e+10,612868,4531274.651,0,7.393557
2018-12-22,115.2303159,103952892.7,495551,325282,325.7114363,1.197852467e+10,501965,2125682.763,0,4.234723
2018-12-23,129.6937954,103971762.2,543655,357263,362.0133636,1.348449246e+10,550014,2984594.194,0,5.426397
2018-12-24,140.3724494,103990807.2,615551,346049,440.5974996,1.459744433e+10,621965,3947378.381,0,6.346625
2018-12-25,127.9198144,104009886.7,535001,252176,439.2599119,1.33049254e+10,541422,2436317.798,0.000462,4.49985
2018-12-26,130.3094512,104029131.1,560047,288376,507.3454868,1.355597898e+10,566534,2162142.872,0,3.81644
2018-12-27,114.1173966,104048066.9,548411,297630,339.1474947,1.187369451e+10,554790,2851207.749,0,5.139256
2018-12-28,135.2220918,104067047.1,572189,314344,363.6774046,1.407216379e+10,578583,3012482.516,0,5.206656
2018-12-29,140.0987984,104086202.4,543746,314501,321.0541148,1.458235189e+10,550198,3801394.525,0,6.909139
2018-12-30,138.4017162,104105049.8,460395,247598,565.4777008,1.440831757e+10,466740,1644646.457,0.001,3.523689
2018-12-31,130.7904605,104124050.7,522040,286665,332.2533144,1.361843255e+10,528441,2119216.219,0,4.010318
2019-01-01,139.1546444,104142768.5,448168,227755,302.7395372,1.449194991e+10,454467,1685803.505,9.5e-05,3.709408
2019-01-02,154.4263688,104161888.1,589959,266633,346.5328971,1.608534215e+10,596405,2762725.413,0,4.632298
2019-01-03,147.0620868,104179821.4,596620,298379,328.0423784,1.532090193e+10,602664,2517371.57,0,4.177073
2019-01-04,153.442377,104197653.3,549398,264923,360.3244464,1.598833559e+10,555411,3841105.613,0,6.91579
2019-01-05,154.3017569,104215675.4,511189,257064,494.4826824,1.608066181e+10,517265,4193698.991,0,8.107448
2019-01-06,155.9402832,104233482.7,487372,266956,299.719299,1.625419882e+10,493370,2423810.957,0,4.912765
2019-01-07,150.3461318,104251524.4,550964,288553,336.3862761,1.567381342e+10,557050,2647127.163,0,4.752046
2019-01-08,149.0527627,104269302.3,553367,277503,312.9878546,1.554162757e+10,559356,2361264.173,0.000112,4.221398
2019-01-09,149.6298562,104287324.8,558847,279728,299.2979444,1.560449741e+10,564925,2213479.792,1e-05,3.918183
2019-01-10,126.9298039,104305171.6,582839,276872,365.2110384,1.323943498e+10,588857,3176498.668,0,5.394346
2019-01-11,124.9705742,104322969.2,541838,309317,331.2395423,1.303730136e+10,547833,3904825.55,0.00012,7.127766
2019-01-12,124.3293106,104340667.7,452707,267659,247.1068657,1.297260328e+10,458668,1504706.874,0.00011,3.280601
2019-01-13,115.3398954,104358625,481347,260303,266.1134797,1.203671289e+10,487395,1794056.533,0,3.680909
2019-01-14,128.3235839,104376633.9,577239,296695,507.8723391,1.339398374e+10,583307,3479402.408,0.002281,5.964959
2019-01-15,120.3298761,104394554.3,539896,277216,422.7306952,1.256178379e+10,545930,2404826.696,0.001728,4.405009
2019-01-16,122.4209138,104412158.2,507687,259885,432.1166909,1.278223181e+10,513605,2667906.357,0,5.194471
2019-01-17,122.6477516,104429862.3,517082,249911,329.7179088,1.280808781e+10,523031,2176364.836,0,4.161063
2019-01-18,119.4851914,104447655,538899,250566,369.6552893,1.247994805e+10,544871,1787017.559,0,3.279708
2019-01-19,123.4879912,104465664.6,539125,235309,331.1483997,1.290025507e+10,545170,1479334.05,0,2.713528
2019-01-20,117.5152317,104483428.8,537705,234174,307.1551589,1.227839435e+10,543669,1739367.032,0,3.199313
2019-01-21,115.9188431,104499569.9,582751,242165,355.5677709,1.211346925e+10,588169,1854232.295,0,3.15255
2019-01-22,117.9757198,104515654.7,605558,221052,486.4309336,1.233030959e+10,610961,1856807.633,0,3.039159
2019-01-23,116.3134366,104531413,533819,241743,344.2729887,1.215840788e+10,539107,1992691.122,0,3.696281
2019-01-24,116.326358,104547493.5,520130,232516,355.0825504,1.216162915e+10,525529,2393702.218,0,4.554843
2019-01-25,114.9673665,104563573.6,504903,242692,324.8543626,1.202139868e+10,510298,1984372.761,0,3.888655
2019-01-26,115.04004,104579578.1,464380,281294,272.3808017,1.203083885e+10,469754,1306120.779,0,2.780436
2019-01-27,111.8220769,104595424.3,488814,253559,270.2409489,1.169607758e+10,494133,1884443.639,0.000168,3.813636
2019-01-28,105.6671558,104610841,568564,275560,373.1450728,1.105393003e+10,573737,3266961.754,0.00055,5.69418
2019-01-29,104.2278758,104626304.8,566026,247558,328.5928283,1.09049775e+10,571219,2298923.873,0,4.024593
2019-01-30,107.669886,104641860.2,555347,244601,351.0083886,1.126677716e+10,560568,2387751.258,0,4.259521
2019-01-31,105.7392361,104657513.6,517057,226825,390.3859144,1.106640554e+10,522314,2372075.228,0,4.541474
2019-02-01,106.6349477,104672814.3,498856,233701,358.5584409,1.116178008e+10,503991,1971181.014,0,3.911143
2019-02-02,108.5711318,104688425.9,450314,230615,286.8860847,1.136614089e+10,455553,1236311,0,2.713869
2019-02-03,106.0217227,104703652,424378,217389,253.716463,1.110086156e+10,429484,1314226.024,0,3.060012
2019-02-04,106.0266756,104719046.7,416394,208209,266.9024157,1.11030124e+10,421554,1043611.1,0,2.475629
2019-02-05,106.1355865,104734465.5,414815,214341,269.8225206,1.111605392e+10,419990,1004286.063,0,2.391214
2019-02-06,103.3947122,104749767.8,429065,210354,283.6582111,1.083057209e+10,434194,1774933.997,0,4.087882
2019-02-07,103.2990538,104765166.5,428676,196941,302.8064798,1.082214256e+10,433838,1464087.771,0,3.374734
2019-02-08,117.5014851,104780637.7,471952,210686,327.477084,1.231188054e+10,477142,2169324.549,0,4.546497
2019-02-09,118.1039635,104795984.8,417129,193871,292.2933798,1.237682116e+10,422275,1173889.721,0,2.779918
2019-02-10,123.5778682,104809355.2,381151,171484,274.0939016,1.295211668e+10,385630,1463298.212,0,3.794565
2019-02-11,119.7266154,104822486.2,429007,195256,321.2202112,1.25500415e+10,433411,1924114.192,0,4.439468
2019-02-12,120.8287019,104835850,438111,207073,316.6904563,1.266717967e+10,442591,1553316.985,0,3.509599
2019-02-13,120.6902259,104848904.9,491354,206023,356.530882,1.265423802e+10,495731,1818616.549,0,3.668555
2019-02-14,119.6809132,104861988.4,474782,207805,395.4933456,1.254997853e+10,479169,1681703.512,0,3.509625
2019-02-15,120.3600254,104875052.3,468599,208673,408.3424294,1.262276397e+10,472982,1602610.726,0,3.388312
2019-02-16,121.8048811,104888333.8,454309,215553,360.4285482,1.277591102e+10,458766,1094444.946,0,2.385628
2019-02-17,132.8064901,104901323.2,447945,203761,358.4557704,1.393157653e+10,452301,1768418.389,0,3.909826
2019-02-18,144.415396,104914620.9,512455,248067,491.5818448,1.515128653e+10,516922,3021933.23,0.000113,5.846014
2019-02-19,143.1372957,104928151.4,533602,235079,4475.319097,1.501913184e+10,538143,2792304.678,0,5.188778
2019-02-20,147.1921435,104941570.9,530268,218723,465.0343006,1.544657476e+10,534771,2251759.663,0,4.210699
2019-02-21,143.6012835,104954910.6,544817,210293,449.9250979,1.507165986e+10,549291,2161703.427,0,3.935443
2019-02-22,147.0633042,104968202.6,530839,217612,426.4722352,1.543697071e+10,535295,2125774.295,0,3.97122
2019-02-23,157.5305,104981854.6,476225,211612,385.4804922,1.653784404e+10,480803,1546526.252,0,3.216549
2019-02-24,135.3831289,104995212.7,540201,217755,465.3831882,1.421458042e+10,544682,2895779.85,0,5.31646
2019-02-25,137.9248749,105008584.4,573756,231575,523.6293883,1.448329587e+10,578245,3740937.735,0,6.469468
2019-02-26,135.7259161,105022102.9,553925,239116,525.2215983,1.425422113e+10,558463,1898205.052,0,3.398981
2019-02-27,133.9967589,105035616.6,539516,235484,477.5621442,1.407443219e+10,544051,2938677.056,0,5.401473
2019-02-28,134.7547241,105048571.4,541458,233394,545.1417622,1.415579126e+10,546112,2372402.235,0,4.344168
2019-03-01,134.8645646,105061441,547622,268402,392.6540135,1.41690655e+10,554118,1871026.09,0,3.376584
2019-03-02,132.1972975,105075075.9,526912,279249,357.899073,1.389064107e+10,533788,1500807.741,0,2.811618
2019-03-03,129.6457838,105088673.6,492382,291044,331.5732771,1.362430345e+10,499240,1713632.117,0,3.432482
2019-03-04,125.1204395,105102318.8,620211,272293,428.5885393,1.315044833e+10,627099,2525080.033,0,4.026605
2019-03-05,135.707659,105116071.7,598085,270746,429.9624327,1.426505601e+10,605024,2353084.479,0,3.889242
2019-03-06,137.1823039,105129637.5,578932,266235,414.3721222,1.442192589e+10,585772,2220973.462,0,3.791532
2019-03-07,136.1424407,105143309.5,572685,279134,411.2237615,1.431446678e+10,579575,2145119.435,0,3.701194
2019-03-08,132.4414211,105156930.5,562361,272589,406.0610477,1.392713332e+10,569233,2425787.32,0,4.261502
2019-03-09,136.2969608,105170461,555854,284250,361.4021193,1.433441421e+10,562674,1840861.717,0,3.271631
2019-03-10,135.2256631,105184305.7,484038,248152,314.318252,1.422361748e+10,491021,1735603.443,0,3.534683
2019-03-11,132.0801075,105197820,536412,262743,349.9312312,1.389453937e+10,543234,2486516.077,0,4.577247
2019-03-12,132.6961651,105211479.2,564306,298223,356.5442989,1.396115982e+10,571203,2382039.275,0,4.170215
2019-03-13,131.1337124,105225067,573281,272122,347.0700142,1.379855368e+10,580153,2082199.305,0,3.589052
2019-03-14,131.3092826,105238690.3,573828,280348,322.9920768,1.381881693e+10,580711,2300991.387,0,3.962369
2019-03-15,135.6029427,105252247.4,553012,258613,331.6740741,1.427251448e+10,559861,2203527.287,0,3.935847
2019-03-16,140.6288776,105266061.2,504183,268643,273.0711946,1.480344803e+10,511171,1942136.202,0,3.799387
2019-03-17,138.1430523,105279633.7,494872,282235,310.6706602,1.454364995e+10,501727,1766454.316,0,3.520748
2019-03-18,137.0632162,105293114.2,573940,263811,2581.240509,1.443181287e+10,580759,2614787.819,0,4.502363
2019-03-19,137.9280771,105306734.9,635940,265142,432.0201258,1.452475546e+10,642828,1917036.347,0,2.982192
2019-03-20,138.6858925,105320490.9,630313,261950,390.60527,1.460646628e+10,637268,2908755.436,0,4.564415
2019-03-21,134.5865742,105334073.4,618318,237078,566.0264781,1.417655209e+10,625190,2511166.549,0,4.016645
2019-03-22,135.8933679,105347683.4,628700,247350,461.5168686,1.43160515e+10,635585,2093142.677,0,3.293254
2019-03-23,136.4750406,105361399.4,561778,241066,349.0025571,1.437920126e+10,568725,2579056.676,0,4.534804
2019-03-24,135.4194404,105375024.9,549073,260748,347.3544853,1.42698269e+10,555961,1799317.809,0,3.23641
2019-03-25,133.0931578,105388658,648670,294083,438.3410739,1.402650929e+10,655561,2890450.003,0.000237,4.409124
2019-03-26,133.1643399,105402211.8,629010,275745,456.0647557,1.403581596e+10,635873,2567350.68,0,4.037521
2019-03-27,139.2153074,105415947.9,625948,262880,501.6360863,1.467551359e+10,632895,2313841.478,0,3.655964
2019-03-28,137.3366119,105429546.3,634367,277318,434.039074,1.447933668e+10,641250,2349021.492,0,3.663191
2019-03-29,142.3689775,105443085.2,640352,257930,488.6820817,1.501182423e+10,647200,2608379.689,0,4.030253
2019-03-30,142.1077452,105456676.5,667967,249624,383.1621372,1.498621052e+10,674851,2539348.316,0,3.762828
2019-03-31,141.2767852,105470335.7,646230,241677,391.4468414,1.490050996e+10,653146,2180866.765,0,3.339019
2019-04-01,141.2956888,105484031.3,687574,296278,489.8405834,1.490443885e+10,694499,2464454.336,0,3.548535
2019-04-02,165.4668805,105497650.6,758900,336880,563.9391996,1.745636714e+10,765798,4132145.726,8.1e-05,5.395869
2019-04-03,160.2395728,105511202.5,746605,320514,666.422049,1.690707002e+10,753468,4182751.85,0,5.551333
2019-04-04,157.8657369,105524933.7,673520,283098,505.0407028,1.665877142e+10,680485,2926629.782,0,4.3008
2019-04-05,165.9389854,105538575.8,621924,290567,393.3190364,1.751296418e+10,628824,2709582.735,0,4.308968
2019-04-06,165.4087949,105552184.6,559039,281955,344.1237499,1.745925965e+10,565912,1886097.464,0,3.332846
2019-04-07,174.4636596,105565861.3,572886,287126,352.4886142,1.841740648e+10,579793,2422094.375,0.000349,4.177516
2019-04-08,180.7795012,105579580,668000,299606,449.9452452,1.908662381e+10,674937,3812200.302,0.000176,5.648231
2019-04-09,175.9578866,105593212.8,656914,296515,397.3507855,1.857995856e+10,663808,3369305.746,0.000178,5.075723
2019-04-10,177.474879,105606943.8,674070,300565,542.7287671,1.874257958e+10,681018,2863871.228,0,4.20528
2019-04-11,165.5503612,105620509.3,729032,314322,463.7960518,1.748551347e+10,735892,2958793.721,0,4.02069
2019-04-12,164.8918174,105634095.3,694793,320739,404.6139921,1.741819796e+10,701661,2530325.533,0.000629,3.606194
2019-04-13,164.1286593,105647795,614291,290028,332.2951753,1.733983095e+10,621213,1565240.624,0.00042,2.519652
2019-04-14,168.0130991,105661432.6,551055,245862,310.3546558,1.775250474e+10,557946,1744054.549,0,3.125848
2019-04-15,160.5574731,105675141.8,622058,294905,354.3720943,1.696693374e+10,628992,2569537.832,6e-05,4.085168
2019-04-16,166.6623402,105688801.1,656461,283757,412.8857185,1.761434292e+10,663374,2234505.936,0,3.368395
2019-04-17,166.3641397,105702375,681896,308498,433.0359324,1.758508468e+10,688760,2250039.757,0,3.266798
2019-04-18,173.5459521,105715973,697650,325334,450.4576693,1.834657918e+10,704527,2649189.37,0,3.760238
2019-04-19,173.6527835,105729673.3,693183,336310,372.532129,1.836025206e+10,700109,2325931.973,0,3.322243
2019-04-20,173.2153694,105743285.8,686824,369030,291.3266126,1.831636232e+10,693715,1894347.225,0.000247,2.730728
2019-04-21,169.9456011,105757007.7,631190,307683,311.1410047,1.797293825e+10,638122,2023312.223,0,3.170729
2019-04-22,171.5654147,105770660.8,719306,335022,360.044817,1.814658728e+10,726208,2423619.714,0,3.337363
2019-04-23,170.9374096,105784200.7,729268,356264,389.7007145,1.808247724e+10,736126,2764954.688,0,3.756089
2019-04-24,165.1421142,105797801.9,668917,344470,368.6226497,1.747167268e+10,675797,3500457.543,0,5.179747
2019-04-25,152.0454944,105811485.5,680812,299191,318.5854539,1.608815964e+10,687724,3174001.591,0,4.615226
2019-04-26,152.9609275,105825243,661061,307928,407.8620708,1.618712732e+10,668021,4542535.569,0,6.799989
2019-04-27,155.7267335,105838930.3,562687,258512,263.999823,1.64819509e+10,569601,1931587.8,0,3.391124
2019-04-28,153.2518472,105852531.7,593482,256712,276.4249862,1.6222096e+10,600360,2347947.27,0,3.910899
2019-04-29,152.5452088,105866212.8,628989,274907,308.4823046,1.614938353e+10,635903,3097030.705,0,4.870288
2019-04-30,159.9385015,105879861.5,707771,292816,332.8169715,1.693426639e+10,714671,2984225.895,0,4.175664
2019-05-01,158.2228597,105893550.7,703790,291650,347.0491201,1.675478041e+10,710709,2633704.963,0,3.705743
2019-05-02,159.1916195,105907195.2,626308,266188,779.2579866,1.685953793e+10,633203,2122710.863,0,3.352339
2019-05-03,164.6954521,105920677.7,670882,275199,377.2353694,1.744465389e+10,677702,2542938.309,0,3.752296
2019-05-04,162.0372658,105934506.9,623395,256938,312.5882711,1.716533785e+10,630381,1998638.534,0,3.170525
2019-05-05,161.4855964,105948142.3,637464,261416,322.436434,1.710909895e+10,644360,1885523.583,0,2.926196
2019-05-06,172.068616,105961710.1,706135,282859,394.6644749,1.823268481e+10,712999,3011289.972,0,4.223414
2019-05-07,170.0501148,105975331.7,658146,277792,469.3315534,1.802111732e+10,665042,3402168.382,0,5.11572
2019-05-08,169.5587642,105988904.8,686996,277410,396.1192518,1.797134771e+10,693866,3142812.661,0,4.529423
2019-05-09,170.2503147,106002516.9,718440,281070,385.0123157,1.804696187e+10,725334,2851640.462,0,3.931486
2019-05-10,172.221822,106016244.2,736762,310015,428.2896732,1.825831074e+10,743706,2870236.208,0,3.859369
2019-05-11,199.6065146,106029838.8,742337,320467,364.5488317,2.116424657e+10,749207,4518391.846,0,6.030899
2019-05-12,187.1841037,106043527.7,715827,286729,363.4289423,1.984966268e+10,722745,2890328.53,0,3.999099
2019-05-13,195.8252031,106057082.1,758695,320643,469.4208146,2.076864964e+10,765546,3974721.863,0,5.192009
2019-05-14,218.2148057,106070801.4,830785,355627,529.1455687,2.314621932e+10,837716,3540714.464,0,4.226629
2019-05-15,249.061431,106084542.3,847606,369579,661.2841997,2.642156793e+10,854551,4404546.335,0,5.154223
2019-05-16,263.3804702,106098122.2,908208,399571,907.4150803,2.79441733e+10,915083,7066080.342,0.000377,7.721792
2019-05-17,242.2637937,106111904.5,810320,357861,740.5106593,2.570707253e+10,817300,4623455.69,0,5.656987
2019-05-18,234.8412797,106125475.6,735420,318252,557.0792931,2.492264249e+10,742280,2296394.796,0,3.093704
2019-05-19,261.9740453,106139067.2,752431,330704,481.7238327,2.780568079e+10,759302,2399918.888,0,3.160691
2019-05-20,252.4174196,106152571.4,860161,331537,567.687032,2.679475816e+10,866990,3169722.667,0,3.656008
2019-05-21,256.8181622,106166086.6,812799,370207,465.3578097,2.726537925e+10,819641,2851620.803,0,3.47911
2019-05-22,244.5505143,106179746.7,873384,331007,640.8797565,2.596631165e+10,880290,2899875.047,0,3.294227
2019-05-23,245.8403849,106193282,846724,339775,552.5217223,2.610659731e+10,853566,3096507.54,0,3.627731
2019-05-24,248.839252,106206881.7,904057,350611,596.5604551,2.642844099e+10,910932,2498390.079,0,2.742675
2019-05-25,251.888461,106220650,839949,323361,444.6041204,2.675575606e+10,846901,1876200.167,0,2.215371
2019-05-26,268.2943396,106234302.6,763094,319134,359.5862463,2.850206205e+10,769999,2449498.404,0,3.181171
2019-05-27,272.6163311,106247887,941733,361711,616.2382353,2.896490915e+10,948605,3281284.668,0,3.459063
2019-05-28,271.2234985,106261396.6,910535,350001,598.3398851,2.882058774e+10,917374,2572865.428,0,2.804598
2019-05-29,269.3278109,106275239.2,947509,346909,665.4514696,2.862287752e+10,954502,3850681.326,0,4.034231
2019-05-30,254.2942018,106288632.7,891907,352640,693.3429599,2.7028583e+10,898676,3667077.045,0,4.080533
2019-05-31,266.5739226,106302385,870676,399069,621.6701571,2.833744374e+10,877629,3507004.981,0,3.995999
2019-06-01,265.1401444,106316018.8,956751,508448,597.6929016,2.818864458e+10,963663,1884966.606,0,1.956043
2019-06-02,269.9670415,106329552.1,890894,435046,421.1169515,2.87054746e+10,897740,1602885.371,0,1.785467
2019-06-03,251.0577586,106343050.8,889067,393251,530.9036574,2.669824797e+10,895900,2890805.583,0,3.226706
2019-06-04,239.4570409,106356619.4,891955,361274,538.3608689,2.546784136e+10,898814,3298817.374,0,3.670189
2019-06-05,246.3376002,106370285.4,799392,324986,517.5281719,2.620300084e+10,806314,3437397.152,0,4.2631
2019-06-06,247.4887542,106383985.3,824817,413745,489.3402773,2.632884e+10,831744,2053291.63,0,2.468658
2019-06-07,250.2259096,106397498.7,758454,311139,453.8309954,2.662341089e+10,765289,2058212.157,0,2.689457
2019-06-08,244.6264702,106410980,992653,276543,722.1502195,2.603094243e+10,999475,1278481.098,0,1.279153
2019-06-09,231.039578,106424475.1,715741,355087,350.7456388,2.458826582e+10,722558,1817297.372,0,2.515089
2019-06-10,246.7463252,106438231.3,963694,325166,767.522841,2.626324243e+10,970660,2509800.117,0,2.585663
2019-06-11,245.8009109,106451789.3,930038,381772,597.1942722,2.616594677e+10,936894,2211841.051,0,2.360823
2019-06-12,259.6566401,106465361.3,860682,480717,387.4623959,2.7644438e+10,867546,2461008.213,0.0008,2.836747
2019-06-13,255.3363004,106478933.2,749758,360497,393.6404176,2.718793688e+10,756618,2738981.034,0,3.620032
2019-06-14,264.7634231,106492556.8,825364,351579,509.0561454,2.819533389e+10,832252,2737376.921,0,3.28912
2019-06-15,269.0571874,106506153.2,938952,330124,650.0597106,2.865624603e+10,945834,3631678.916,0,3.839658
2019-06-16,269.8485187,106519849,888979,443504,387.6474401,2.874422346e+10,895907,2933698.413,0.0008,3.274557
2019-06-17,273.714095,106533488.1,944094,338539,720.7969449,2.915971728e+10,950996,2357032.345,0,2.478488
2019-06-18,263.7022519,106546962.1,850016,378719,486.2628338,2.809667384e+10,856829,2894830.347,0,3.378539
2019-06-19,268.9368381,106560528.3,886054,331466,568.0276388,2.865805156e+10,892915,3011446.707,0,3.372602
2019-06-20,272.1375003,106574156.1,985024,313165,777.3957174,2.900282443e+10,991921,2356042.822,0,2.375232
2019-06-21,294.8528928,106587625.6,777627,390272,409.1628904,3.142766974e+10,784439,3045202.783,0,3.882013
2019-06-22,308.0097697,106601328.1,758133,379012,383.7614175,3.283425052e+10,765054,2833707.02,0,3.703931
2019-06-23,306.5535074,106614985.2,773499,339193,402.1429299,3.268319766e+10,780413,2154541.411,0,2.760771
2019-06-24,309.7987503,106628668.4,809637,363545,479.5513557,3.303342821e+10,816556,2540761.048,0,3.111558
2019-06-25,316.17192,106642309.2,932194,350197,720.5668891,3.371730364e+10,939092,2893678.375,0,3.081358
2019-06-26,334.0350535,106655978,848601,388619,703.8050232,3.56268353e+10,855515,3741098.759,0,4.37292
2019-06-27,293.2150362,106669570.5,814118,357014,773.8478251,3.127712197e+10,820996,3714299.67,0,4.524139
2019-06-28,309.4461829,106683210.2,1004170,325663,752.3161747,3.301271217e+10,1011072,2708898.195,0,2.679234
2019-06-29,318.5297881,106696841.5,733337,310251,480.8485011,3.398612233e+10,740228,2582743.325,0,3.489119
2019-06-30,291.6606963,106710476.6,685958,275123,471.7333017,3.112325191e+10,692849,1980738.033,0,2.858831
2019-07-01,293.8623928,106724089.5,951985,309889,783.261354,3.13621963e+10,958869,2460814.296,0,2.566372
2019-07-02,290.5718343,106737728.5,895054,382288,586.4066195,3.101497755e+10,901949,2321356.331,0,2.573711
2019-07-03,302.0572104,106751276.5,753227,370570,417.4800163,3.224499278e+10,760076,2080465.222,0,2.737181
2019-07-04,283.4892028,106764907,747514,360399,378.3098124,3.026669838e+10,754406,1760226.512,0,2.333262
2019-07-05,287.858583,106778434.9,849080,319406,520.8944793,3.073708897e+10,855917,1648208.166,0,1.925664
2019-07-06,287.27413,106792219.3,754040,318241,458.9579226,3.067864188e+10,761013,1158873.453,0,1.522804
2019-07-07,306.1985906,106805911.3,582067,309297,292.5005177,3.270381952e+10,588978,1446157.598,0,2.455368
2019-07-08,313.3262905,106819573.2,809796,335258,533.5390685,3.346938061e+10,816704,1788605.67,0,2.190029
2019-07-09,308.3430541,106833245.8,771955,351558,442.1015634,3.294128928e+10,778862,4269704.73,0,5.481978
2019-07-10,288.7311578,106846860.9,736096,347412,375.4509741,3.085001786e+10,742984,2494648.621,0,3.357607
2019-07-11,267.5366046,106860543,975288,313587,731.7711987,2.858910685e+10,982214,3738125.922,0,3.805816
2019-07-12,275.8726002,106874040.7,726392,343689,422.0405233,2.948361949e+10,733221,1870673.798,0,2.55131
2019-07-13,268.6886293,106887692.1,587283,287614,310.6468393,2.871950748e+10,594184,1049613.174,0,1.766478
2019-07-14,230.3359763,106901471.8,613490,297781,405.8980607,2.462325487e+10,620450,2222166.225,0,3.58154
2019-07-15,230.578358,106914975.5,743294,360602,497.647511,2.46522795e+10,750120,3060520.723,0,4.080041
2019-07-16,199.001611,106928521.2,1003278,268611,1016.43091,2.127894798e+10,1010146,2569873.828,0,2.544062
2019-07-17,210.9313147,106942169.2,830029,312639,740.7263749,2.255745235e+10,836939,2927249.599,0,3.497566
2019-07-18,227.2417943,106955874,667874,308987,378.3359497,2.430484471e+10,674796,2409581.55,0,3.57083
2019-07-19,221.0313933,106969358.2,815548,296342,598.1784119,2.364358628e+10,822367,1992991.87,0,2.423482
2019-07-20,230.6720537,106983064.5,584085,293720,287.8711592,2.467800321e+10,591007,1394219.859,0,2.359058
2019-07-21,225.6720671,106996551,522416,284257,273.5197557,2.414613285e+10,529219,1127039.293,0,2.129627
2019-07-22,217.0136254,107010219.3,640666,332359,318.6834009,2.322267564e+10,647567,1657740.224,0,2.559952
2019-07-23,212.3614568,107023884.3,606795,295644,347.1014502,2.272774799e+10,613693,1581909.174,0,2.577688
2019-07-24,216.8484425,107037548,907213,268921,736.2524115,2.321092558e+10,914120,1579845.622,0,1.728269
2019-07-25,219.6386683,107051108.8,949864,271079,726.7728941,2.351256298e+10,956723,1667096.952,0,1.742507
2019-07-26,219.3653559,107064779.4,640260,314692,360.8547943,2.348630344e+10,647168,2567114.068,0,3.966689
2019-07-27,206.645765,107078460.5,577697,279933,335.0702884,2.212731038e+10,584603,1165630.824,0,1.993884
2019-07-28,210.9275406,107092025,572697,292897,261.5074777,2.258865745e+10,579540,989673.0595,0,1.707687
2019-07-29,210.840749,107105514.7,676990,304681,348.0353841,2.258220693e+10,683799,1728153.392,0,2.527283
2019-07-30,210.0295608,107119257.6,715782,331809,380.940768,2.249821063e+10,722719,1733758.768,0,2.398939
2019-07-31,218.0882405,107132781.4,684284,294035,409.4611949,2.33643998e+10,691110,1689551.603,0,2.444693
2019-08-01,217.3531949,107146313.3,877643,269308,706.7623306,2.328859351e+10,884488,2929945.179,0,3.312589
2019-08-02,217.667192,107160090.5,768312,299037,492.173487,2.332523599e+10,775270,1931117.798,0,2.490897
2019-08-03,221.8353165,107173765.5,783492,259678,574.2548007,2.37749262e+10,790401,1273074.112,0,1.610669
2019-08-04,222.7885219,107187363.3,569134,301295,262.5890463,2.388011425e+10,575998,984475.7395,0,1.709165
2019-08-05,232.2999088,107201011.9,718438,335179,367.2988894,2.490278529e+10,725332,2843364.537,0,3.920087
2019-08-06,225.7292683,107214614.4,732052,346542,399.6773924,2.420147646e+10,738918,2291129.434,0,3.100655
2019-08-07,226.0429168,107228304.7,742477,310904,372.3570851,2.423819876e+10,749388,1794260.878,0,2.394302
2019-08-08,220.5500413,107241825.7,692736,306119,390.582468,2.365218908e+10,699567,2170924.458,0,3.10324
2019-08-09,209.8178279,107255365.8,721762,326034,411.540538,2.250408788e+10,728596,1882688.05,0,2.583994
2019-08-10,206.3243793,107269096.6,630929,315155,321.574615,2.213222977e+10,637862,1384709.906,0,2.170861
2019-08-11,215.7897347,107282630.3,582507,293410,287.094949,2.315049032e+10,589337,1201080.09,0,2.038019
2019-08-12,210.9724977,107296309.4,712949,349597,379.6141379,2.263657039e+10,719851,1530059.284,0,2.125522
2019-08-13,208.5976283,107309873.3,698671,322202,442.1891111,2.238458508e+10,705517,1663014.097,0,2.357157
2019-08-14,186.3818141,107323549.3,736647,321012,423.5570304,2.000315782e+10,743553,2287897.386,0,3.07698
2019-08-15,188.0166365,107337059,689076,304059,495.1152141,2.01811528e+10,695896,2628561.194,0,3.777233
2019-08-16,185.5779369,107350730.5,718875,325186,380.9325359,1.992192709e+10,725781,2070085.013,0,2.852217
2019-08-17,185.5476665,107364376.2,641106,290153,285.6056344,1.992120946e+10,647988,1243843.846,0,1.919548
2019-08-18,194.7061621,107377934.7,627260,283406,292.731797,2.090714555e+10,634101,1252686.024,0,1.975531
2019-08-19,202.7670351,107391415.7,724461,295257,458.9417308,2.177543896e+10,731276,1734006.781,0,2.371207
2019-08-20,196.717822,107405038.5,733520,304960,469.5509736,2.112848524e+10,740400,2427894.858,0,3.279166
2019-08-21,186.4972846,107418668.9,731500,316421,559.5034338,2.003329007e+10,738384,1796143.568,0,2.432533
2019-08-22,191.5960932,107432126.7,737144,305383,489.3463366,2.058357575e+10,743932,1810959.2,0,2.434307
2019-08-23,194.6243048,107445842.1,733282,312715,457.9830696,2.091157232e+10,740217,1820729.045,0,2.459723
2019-08-24,191.1143513,107459130.5,684235,297544,392.3405554,2.053698202e+10,690941,1270092.252,0,1.838207
2019-08-25,186.3244889,107472943.5,677260,295058,511.208664,2.002484126e+10,684235,1248706.7,0,1.824968
2019-08-26,188.5698054,107486439.7,750845,309070,632.2801997,2.026869702e+10,757656,1886119.099,0,2.489414
2019-08-27,186.8832931,107499979.9,748158,308164,498.3509312,2.008995025e+10,754992,1621554.386,0,2.147777
2019-08-28,173.1757975,107513598,722262,303065,510.605809,1.861875308e+10,729142,1921394.102,0,2.635144
2019-08-29,168.7358823,107527351.5,724189,308537,517.0014163,1.814372253e+10,731133,2037654.154,0,2.786982
2019-08-30,168.372436,107540974.1,713194,288572,500.2150561,1.810693578e+10,720078,2046560.137,0,2.842137
2019-08-31,172.1776099,107554554.8,679773,282011,444.6884821,1.851848618e+10,686633,2479195.962,0,3.610657
2019-09-01,171.2114805,107568118.5,690235,275912,456.9460801,1.841689682e+10,697087,1232882.464,0,1.768621
2019-09-02,178.5801946,107581748.7,757539,319698,562.90574,1.921196961e+10,764418,1798367.379,0,2.352597
2019-09-03,179.2336739,107595232.3,751224,303296,552.0676186,1.928468878e+10,758028,2605188.409,0,3.436797
2019-09-04,174.7297753,107608696.7,714432,296005,536.6063661,1.880244338e+10,721225,1933085.507,0,2.680281
2019-09-05,174.5415397,107622328.5,769872,326386,683.6255817,1.878456692e+10,776754,1701907.367,0,2.191051
2019-09-06,169.2307034,107635890.2,768500,320381,729.9656799,1.821529741e+10,775355,1833995.16,0,2.365362
2019-09-07,178.2874944,107649491.8,677445,284448,678.3096661,1.919255816e+10,684314,1913948.873,0,2.796887
2019-09-08,181.6046403,107663009.4,675137,279927,726.6119531,1.955210209e+10,681965,1564685.592,0,2.294378
2019-09-09,181.3882417,107676531.1,756508,316921,832.3939312,1.953125664e+10,763329,1957124.499,0,2.563933
2019-09-10,179.5958057,107690027.7,691617,296904,916.9306935,1.934067728e+10,698434,1496764.524,0,2.143029
2019-09-11,178.0588556,107703575,705292,295327,868.7667288,1.917757531e+10,712130,1875428.088,0,2.633547
2019-09-12,180.8465082,107717215.3,723726,301354,962.0594398,1.948028227e+10,730612,1568509.129,0,2.146843
2019-09-13,181.5132595,107730587.3,623470,270785,871.1418101,1.955453006e+10,630227,1968215.697,0,3.123027
2019-09-14,188.5959505,107744211.1,628467,271533,955.7645875,2.03201219e+10,635351,1197542.406,0,1.884852
2019-09-15,189.4436084,107757733.7,633961,277976,969.7948929,2.041401391e+10,640796,1339126.366,0,2.089786
2019-09-16,197.4305357,107771456,733010,307380,1009.410963,2.127737629e+10,739942,2354126.462,0,3.181501
2019-09-17,209.2875827,107785017.2,681814,297547,1223.124741,2.255806569e+10,688661,2427700.214,0,3.525247
2019-09-18,210.7212236,107798713.5,708743,305563,1295.192443,2.271547682e+10,715658,2631124.484,0,3.676511
2019-09-19,221.5622011,107812126.6,692484,295149,1460.475047,2.388709207e+10,699268,1960855.354,0,2.804154
2019-09-20,217.1955701,107825784.3,717128,309840,1468.015631,2.341928271e+10,724027,1887824.041,0,2.607395
2019-09-21,215.5000298,107839353.1,596973,242789,1153.966243,2.323938381e+10,603829,1067792.934,0,1.76837
2019-09-22,211.0518019,107852819.3,576563,239625,895.1817594,2.276253186e+10,583358,1071013.21,0,1.835945
2019-09-23,201.226725,107866491.5,639394,251471,1314.774219,2.170562082e+10,646304,1805914.538,0,2.794218
2019-09-24,168.4383282,107879817.6,709522,296761,1541.682265,1.817109612e+10,716252,3348992.024,0,4.675718
2019-09-25,169.8466248,107893414.5,677675,278971,1627.783448,1.832533228e+10,684549,2787843.722,0,4.072526
2019-09-26,166.3346179,107906894.8,657676,265068,1219.393512,1.794865211e+10,664484,2776122.069,0,4.177861
2019-09-27,174.0836541,107920293.9,623632,268165,1239.590124,1.878715912e+10,630403,2191880.41,0,3.476951
2019-09-28,173.7988804,107933824.6,607857,248610,1214.596925,1.875877787e+10,614686,1613218.023,0,2.624459
2019-09-29,169.8533349,107947400.3,591986,231663,1131.885866,1.833522593e+10,598839,1292952.076,0,2.159098
2019-09-30,179.5087279,107960845.8,683924,285523,1014.741494,1.93799141e+10,690709,2643344.274,0,3.827001
2019-10-01,176.6351596,107974416.9,645073,339783,510.5192794,1.907207836e+10,651920,1711733.717,0,2.625681
2019-10-02,180.7314246,107987784.8,627137,327680,485.1057812,1.951678618e+10,633876,1259977.711,0,1.987735
2019-10-03,175.4671133,108001273.2,615189,288751,644.2882798,1.895067163e+10,621991,1017515.816,0,1.635901
2019-10-04,176.2040693,108014799.7,590197,268748,495.2066732,1.903264726e+10,597014,1137625.868,0,1.905526
2019-10-05,176.1848133,108028348.1,595118,272795,427.4365295,1.903295434e+10,601949,874621.666,0,1.452983
2019-10-06,169.8549542,108041928,571769,343035,390.6111906,1.835145674e+10,578617,972321.4445,0,1.680423
2019-10-07,181.0015704,108055323.5,629382,284288,438.5606626,1.955818324e+10,636137,1433992.254,0,2.254219
2019-10-08,180.6686698,108068687.7,710373,306302,466.7961299,1.952462606e+10,717109,1658810.858,0,2.313192
2019-10-09,194.2291315,108082111.5,751354,318125,569.6750944,2.099269465e+10,758125,1865460.249,0,2.460624
2019-10-10,191.5740997,108095480.7,706127,326182,498.8380434,2.07082944e+10,712874,1471688.848,0,2.064445
2019-10-11,180.9021725,108108902.9,702673,315705,469.9163813,1.95571354e+10,709443,1486498.371,0,2.095303
2019-10-12,180.319805,108122216.3,634450,279716,391.5045833,1.949657697e+10,641162,1234194.575,0,1.924934
2019-10-13,181.4745976,108135648.2,566845,250851,376.3722851,1.962387325e+10,573617,828697.3248,0,1.444688
2019-10-14,186.5206151,108149060.3,650601,300285,444.695851,2.017202926e+10,657362,2095905.808,0,3.188359
2019-10-15,180.2829499,108162651.1,690703,302212,466.9047481,1.94998818e+10,697558,1354952.005,0,1.942422
2019-10-16,174.9956763,108175986.8,694589,291507,455.4495658,1.893032998e+10,701313,1495558.497,0,2.132512
2019-10-17,177.0702299,108189291.9,703704,285894,431.5114959,1.915710279e+10,710417,1215733.45,0,1.711296
2019-10-18,173.1305787,108202601.7,733646,310446,462.7167823,1.873317906e+10,740359,1710462.711,0,2.310315
2019-10-19,171.6131327,108215936.8,665170,276993,413.3759871,1.857127592e+10,671889,893879.0747,0,1.330397
2019-10-20,175.1878466,108229314.9,612341,248121,445.6837162,1.896046062e+10,619082,1213848.772,0,1.960724
2019-10-21,174.1983669,108242513.6,678528,271474,464.133945,1.885566909e+10,685176,1373139.635,0,2.004068
2019-10-22,171.2616821,108255960.1,726230,274766,535.165153,1.854009782e+10,733006,1356440.412,0,1.850517
2019-10-23,161.3235584,108269380.5,736388,275838,689.6677427,1.746640172e+10,743154,2569426.616,0,3.457462
2019-10-24,161.0244646,108282581.7,724917,272369,534.2248257,1.743614475e+10,731577,2485136.204,0,3.396958
2019-10-25,181.1619445,108295505.5,741655,290755,563.5831453,1.961902435e+10,748178,1989454.199,0,2.659065
2019-10-26,179.7206023,108308697.2,716822,303660,558.2255476,1.946530429e+10,723476,2330216.321,0,3.220862
2019-10-27,184.5724846,108321626,642955,256776,443.9475942,1.999319164e+10,649474,1226132.789,0,1.887886
2019-10-28,182.8142206,108334773.5,721335,290065,534.4713218,1.980513719e+10,727966,3142437.033,0,4.316736
2019-10-29,190.8304954,108347873.8,707622,283366,552.4154422,2.067607843e+10,714233,1994193.602,0,2.792077
2019-10-30,183.2770038,108361056.5,717618,278695,562.5917046,1.986008977e+10,724272,1752755.506,0,2.420024
2019-10-31,182.4305672,108374175.4,744118,288701,535.2438287,1.977076229e+10,750736,1730522.474,0,2.305101
2019-11-01,183.3622677,108387409.8,705019,287405,491.6812305,1.987416126e+10,711697,1414773.373,0,1.987887
2019-11-02,182.9987688,108400442.7,590976,243269,392.1085068,1.983714756e+10,597552,950772.4726,0,1.591113
2019-11-03,181.9070137,108413604.7,571113,230486,411.1236153,1.972119507e+10,577746,1069608.05,0,1.851347
2019-11-04,186.0344328,108426645.8,670783,262207,479.9579876,2.017108955e+10,677365,1804792.892,0,2.664432
2019-11-05,189.2172514,108439774.3,739254,302907,507.6753798,2.051867603e+10,745877,2262887.57,0,3.033862
2019-11-06,191.5566607,108452860.8,707733,289661,463.9240703,2.077486785e+10,714336,1365421.935,0,1.911456
2019-11-07,186.7706224,108465892.2,857371,375764,660.6242297,2.025824219e+10,863948,1224347.889,0,1.417155
2019-11-08,184.0382231,108478946.6,699138,275241,500.7914609,1.996427257e+10,705726,1458406.463,0,2.066534
2019-11-09,184.9625798,108491828.2,604007,230831,415.8958837,2.006692843e+10,610502,857017.2351,0,1.403791
2019-11-10,189.0451047,108504456.2,609364,257611,403.3740499,2.051223627e+10,615732,817561.7305,0,1.327788
2019-11-11,184.4188453,108517090.9,710155,284231,498.6731826,2.00125966e+10,716527,1252318.297,0,1.747761
2019-11-12,186.5779264,108529797.4,708660,285556,481.2235465,2.024926455e+10,715070,1691267.76,0,2.365178
2019-11-13,188.0333561,108542472.2,713551,278616,492.6168645,2.040960533e+10,719945,1309853.623,0,1.81938
2019-11-14,184.7664638,108555120.3,679505,271266,497.2477432,2.005734571e+10,685881,1142271.947,0,1.665408
2019-11-15,179.9897891,108567730.8,683049,257911,479.6434873,1.954108296e+10,689410,1502056.35,0,2.178756
2019-11-16,182.2871172,108580347,596661,233167,379.9515059,1.979279844e+10,603023,863640.7019,0,1.432185
2019-11-17,183.829806,108593043.2,600168,242722,402.1115098,1.996263806e+10,606574,807059.5186,0,1.330521
2019-11-18,178.062372,108605629.1,734472,269423,618.2244434,1.933857593e+10,740819,1402486.784,0,1.893157
2019-11-19,175.4351999,108618080.9,735532,283555,514.5801945,1.905543473e+10,741817,1472492.892,0,1.984981
2019-11-20,174.4097203,108630709.5,689771,269725,508.5972062,1.894625167e+10,696139,1341743.846,0,1.927408
2019-11-21,160.7282969,108643479.8,762896,306522,764.8703163,1.746208147e+10,769338,1942963.247,0,2.5255
2019-11-22,149.7761625,108656018.1,794748,341671,1247.618683,1.627408142e+10,801068,3372095.782,0,4.2095
2019-11-23,152.3270563,108668698.1,631670,281447,426.8447517,1.655318289e+10,638060,1249393.226,0,1.958112
2019-11-24,141.5766195,108681323.7,596880,247215,426.1704399,1.538673442e+10,603243,1071410.004,0,1.776084
2019-11-25,146.5622418,108693750.2,762888,326634,983.4518906,1.593039971e+10,769153,2928005.067,0,3.806791
2019-11-26,147.9428786,108705564.8,679733,264714,685.8162157,1.608221417e+10,685681,1360251.249,0,1.983796
2019-11-27,153.2483223,108717448.6,674957,252198,549.5281341,1.66607666e+10,680946,2262442.072,0,3.322499
2019-11-28,151.0103925,108729225.3,623080,260028,545.1712436,1.641924298e+10,629013,2067616.282,0,3.28708
2019-11-29,154.256289,108740981.6,670568,280233,466.6496871,1.677398028e+10,676490,1399282.359,0,2.068445
2019-11-30,152.0162101,108752920.1,584871,255240,406.0698913,1.653220675e+10,590889,1319826.676,0,2.233629
2019-12-01,151.3802234,108764605.3,615069,244768,491.4427021,1.646481025e+10,620953,847899.5322,0,1.365481
2019-12-02,149.0527157,108776488,681210,283061,501.6883894,1.621343093e+10,687196,1726424.023,0,2.512273
2019-12-03,147.4653691,108788342,610528,250073,435.856745,1.604251301e+10,616506,1284213.205,0,2.083051
2019-12-04,145.6972447,108800061.6,661004,253029,486.0525538,1.585186919e+10,666914,1408596.066,0,2.112111
2019-12-05,148.0223999,108811850.3,617647,288568,417.5553097,1.610659121e+10,623589,1392590.051,0,2.233186
2019-12-06,148.7001867,108823629.7,573666,239911,372.493452,1.618209405e+10,579602,1422319.794,0,2.453959
2019-12-07,147.5151993,108835463.4,488124,207488,308.9737007,1.605488508e+10,494081,766584.0868,0,1.551535
2019-12-08,150.8384208,108847153.8,440672,200052,265.0985251,1.641833279e+10,446558,569736.8463,0,1.275841
2019-12-09,147.3754951,108858956.8,635462,269250,381.4354276,1.604314266e+10,641412,1167126.161,0,1.81962
2019-12-10,145.6963601,108870920.8,631603,249591,418.7381802,1.586209688e+10,637631,1570576.917,0,2.463144
2019-12-11,143.1304047,108882598.7,625349,250575,428.8727887,1.558441042e+10,631232,903957.4066,0,1.432053
2019-12-12,144.7342037,108894516.2,635638,325420,419.1275345,1.576076109e+10,641640,1194312.95,0,1.861344
2019-12-13,144.5997151,108905941,621511,346490,398.8141099,1.574776804e+10,627261,1105214.605,0,1.761969
2019-12-14,141.8424428,108916556.7,551143,320605,340.9025065,1.544899046e+10,556480,809785.2195,0,1.455192
2019-12-15,142.3045441,108927236.2,526996,327301,352.1632531,1.550084069e+10,532372,662452.7788,0,1.244342
2019-12-16,132.3799811,108937830.1,634682,308325,502.3408505,1.442118789e+10,640012,1569180.899,0,2.451799
2019-12-17,121.5059164,108948347.3,646999,285240,667.7058015,1.323786878e+10,652296,2681394.918,0,4.110703
2019-12-18,132.883688,108958762.8,663295,294956,570.3546729,1.447884224e+10,668540,3085403.632,0,4.615137
2019-12-19,127.8449477,108969176.1,620140,277875,431.4771758,1.393115862e+10,625380,3280375.709,0,5.245412
2019-12-20,128.2175628,108979520.6,614338,302200,438.2824558,1.397308853e+10,619539,1379435.402,0,2.226551
2019-12-21,127.0971411,108990036.3,545378,358805,342.874264,1.385232203e+10,550668,857474.2108,0,1.557153
2019-12-22,132.0604687,109000375.5,529935,298388,321.9179126,1.439464068e+10,535134,818420.5817,0,1.529375
2019-12-23,127.8143106,109010723.5,631635,295909,430.4602019,1.393313047e+10,636837,1824781.376,0,2.865382
2019-12-24,127.6564459,109021209.1,602814,307989,373.0316365,1.391726008e+10,608086,1223637.401,0,2.012277
2019-12-25,124.8810231,109031538.2,565093,314833,357.581626,1.361597004e+10,570287,1470671.515,0,2.578827
2019-12-26,125.3084299,109041898.8,586645,298790,365.6416181,1.366386913e+10,591854,1178004.419,0,1.990363
2019-12-27,126.1816295,109052324.8,580029,259478,355.3852858,1.376040004e+10,585273,1269229.027,0,2.16861
2019-12-28,128.0376017,109062818.7,516438,243589,305.4831784,1.396414174e+10,521715,999233.1106,0,1.915285
2019-12-29,134.6392437,109073220.3,480131,270245,293.6297124,1.468553589e+10,485359,1030106.374,0,2.12236
2019-12-30,131.2874667,109083644.3,584426,261226,352.9214646,1.432131533e+10,589670,1476283.943,0,2.503576
2019-12-31,128.5110798,109094014.2,554215,232196,373.9488337,1.401978956e+10,559436,2085501.239,0,3.727864
2020-01-01,129.9638753,109104318.8,466526,231794,300.1582975,1.417962009e+10,471712,628515.481,0,1.332414
2020-01-02,126.730877,109116174.5,505639,220624,289.9057476,1.382838849e+10,511609,1130452.489,0,2.209602
2020-01-03,133.8007671,109129828.2,581641,255934,341.810244,1.460165473e+10,588522,1866347.892,0,3.171246
2020-01-04,134.0503492,109143552.7,559074,240546,275.7886777,1.463073136e+10,565984,1146515.354,0,2.025703
2020-01-05,134.9821771,109157078.7,524664,229160,267.5858275,1.473426013e+10,531472,914459.7349,0,1.720617
2020-01-06,143.9888241,109170874.8,626525,274755,365.1304351,1.571938589e+10,633477,1684228.831,0,2.658706
2020-01-07,143.2489557,109184491.5,646478,276248,351.4165694,1.564056438e+10,653333,1418248.996,0,2.17079
2020-01-08,140.872484,109198099.7,653831,283219,423.904578,1.538300755e+10,660685,1955052.349,0,2.959129
2020-01-09,137.4736641,109211713.5,621399,282797,345.7563406,1.501373441e+10,628250,1354719.105,0,2.156338
2020-01-10,143.7894009,109225390.7,605095,329508,411.4383517,1.570545349e+10,611981,1337816.089,0,2.186042
2020-01-11,142.8460743,109239034.6,549612,281332,313.03714,1.560436725e+10,556483,1368436.399,0,2.45908
2020-01-12,145.447126,109252686.6,523951,231191,288.633168,1.589048927e+10,530830,1019927.538,0,1.921383
2020-01-13,143.9102222,109266314.7,565389,260729,343.6173252,1.572453963e+10,572251,1449292.43,0,2.532617
2020-01-14,166.0479769,109279961.1,671748,311555,505.1075903,1.814571646e+10,678623,2611973.938,0,3.848932
2020-01-15,165.8537794,109293528.9,698399,321562,406.7981215,1.812674483e+10,705234,2112128.446,0,2.994933
2020-01-16,164.0529333,109307143.5,693649,305282,342.6789285,1.793215751e+10,700499,1704458.817,0,2.433207
2020-01-17,171.0344023,109320906,676556,294423,369.7221735,1.869763582e+10,683493,1601148.136,0,2.342596
2020-01-18,175.0749784,109334502.2,628211,289993,344.9513797,1.91417356e+10,635058,1744819.711,0,2.747497
2020-01-19,166.7918224,109348250.7,615368,268612,324.5469507,1.823839401e+10,622294,1199715.048,0,1.927891
2020-01-20,166.927411,109361835.3,599266,257251,296.5852364,1.825548804e+10,606103,1078250.291,0,1.778989
2020-01-21,169.1716687,109375547.8,558962,287163,274.2652118,1.850324395e+10,565862,1001433.129,0,1.769748
2020-01-22,167.5452263,109389060.8,513767,271578,252.926558,1.832761494e+10,520570,937138.8437,0,1.800217
2020-01-23,162.1565256,109402827.2,552533,257068,255.8216276,1.774038234e+10,559466,1137192.401,0,2.032639
2020-01-24,162.2475907,109416404.3,497135,209083,251.4762478,1.775254799e+10,503968,1515148.741,0,3.006438
2020-01-25,160.5214552,109429997.3,435515,208109,190.1316308,1.756586241e+10,442362,466591.8897,0,1.054774
2020-01-26,167.159113,109443566.9,428839,194392,193.4301876,1.829448956e+10,435671,629308.5487,0,1.444458
2020-01-27,169.9343137,109457245,476541,238028,234.4886067,1.860054181e+10,483427,1096062.194,0,2.267276
2020-01-28,175.2761885,109470810.4,526284,230718,260.5392368,1.91876264e+10,533109,1206932.266,0,2.26395
2020-01-29,174.6767767,109484498.5,551529,230599,269.4126814,1.912439929e+10,558421,1281302.677,0,2.29451
2020-01-30,184.256749,109498005.2,566052,242946,309.1737778,2.017574645e+10,572855,1373738.296,0,2.398056
2020-01-31,180.1636704,109511656.1,583358,234054,305.3228302,1.973002191e+10,590242,1932408.143,0,3.273925
2020-02-01,183.5625077,109525181.7,545761,231516,274.2015644,2.0104717e+10,552570,1109996.778,0,2.008789
2020-02-02,188.3981085,109538825.5,530094,234423,278.1028242,2.063690753e+10,536964,1118780.128,0,2.083529
2020-02-03,189.3416441,109552489.6,621191,276784,322.0064169,2.074284849e+10,628073,1335810.573,0,2.12684
2020-02-04,188.276666,109566277.2,524476,233452,355.7287382,2.062877338e+10,531428,1586320.173,0,2.985014
2020-02-05,205.1250879,109579847,610780,273508,438.2495617,2.247757574e+10,617624,1594537.866,0,2.581729
2020-02-06,212.8496427,109593533.5,606505,285946,485.0008808,2.332694444e+10,613405,2331746.927,0,3.801317
2020-02-07,222.8630797,109607222.8,626252,284491,487.8203037,2.442740324e+10,633155,2424954.421,0,3.829954
2020-02-08,223.9733796,109620812.2,661649,345426,395.37445,2.455214377e+10,668497,1308127.592,0,1.956819
2020-02-09,228.4670531,109634378.9,628631,302335,368.3872633,2.504784347e+10,635462,1327880.324,0,2.08963
2020-02-10,224.1398316,109648109.9,668760,316498,391.8431036,2.457650889e+10,675668,1840389.12,0,2.723807
2020-02-11,237.6495393,109661778.6,709280,317953,425.5748924,2.606107117e+10,716169,1453258.829,0,2.029212
2020-02-12,266.6494553,109675397.5,798162,393036,591.9363729,2.924488501e+10,805028,2782956.009,0,3.456968
2020-02-13,267.9400019,109689027,764763,373243,542.1720188,2.939007811e+10,771636,2321622.912,0,3.008702
2020-02-14,284.8306491,109702741,771827,322936,523.0266226,3.124670292e+10,778743,1925482.361,0,2.472552
2020-02-15,265.0338465,109716351,699151,343022,498.2273296,2.907854653e+10,706012,1902678.355,0,2.694966
2020-02-16,261.1286905,109730077.3,661490,336916,593.2910855,2.865367139e+10,668406,1697143.943,0,2.539091
2020-02-17,266.6082334,109743658.7,695366,332194,480.5110829,2.925856297e+10,702216,2686589.32,0,3.825873
2020-02-18,283.5649883,109757278.1,733983,343606,449.1443309,3.112332128e+10,740849,2275914.951,0,3.072036
2020-02-19,261.077341,109771078.2,695837,332251,489.2541012,2.865874121e+10,702795,1791682.972,0,2.549368
2020-02-20,258.631871,109784657.6,689600,316659,515.092915,2.83938114e+10,696443,2284346.531,0,3.280019
2020-02-21,265.9094041,109798222,670542,322730,342.592642,2.919637978e+10,677375,1723328.08,0,2.544127
2020-02-22,261.7633758,109811894.5,605859,314161,306.1660212,2.87447322e+10,612747,939624.6468,0,1.533463
2020-02-23,274.9796476,109825534.7,606290,310961,361.7214899,3.019978683e+10,613162,1258993.194,0,2.05328
2020-02-24,264.3671675,109839069.6,687702,319585,409.2793079,2.903784371e+10,694517,1721752.081,0,2.479064
2020-02-25,248.5371322,109852596.8,670257,307754,475.9841574,2.730244938e+10,677077,1886189.893,0,2.785783
2020-02-26,225.7065572,109866291.6,704929,368261,847.8512826,2.479754242e+10,711829,2865993.692,0,4.026239
2020-02-27,226.398922,109879917.2,714482,366741,546.8213486,2.48766948e+10,721348,2700835.631,0,3.744151
2020-02-28,228.6739185,109893551.8,688694,386851,465.4875442,2.51297891e+10,695569,1820690.467,0,2.617556
2020-02-29,220.1022942,109907154.5,620465,293696,326.3070464,2.419081686e+10,627316,1165990.454,0,1.858697
2020-03-01,218.6236686,109920714.6,628500,321061,344.9356254,2.403126987e+10,635332,1672493.61,0,2.632472
2020-03-02,231.1949316,109934369.2,681477,331709,354.4882394,2.541626897e+10,688360,2540236.862,0,3.690274
2020-03-03,224.28357,109948055.8,661419,334835,373.6374125,2.465954248e+10,668318,1776185.65,0,2.657695
2020-03-04,224.1560268,109961778.9,663966,313112,377.3323099,2.464859546e+10,670883,1504257.59,0,2.242206
2020-03-05,227.8136058,109975204.8,720114,320575,434.5192403,2.505384797e+10,726878,1752070.878,0,2.410406
2020-03-06,244.330236,109988952.7,676799,331490,401.6016831,2.687362678e+10,683725,1888123.485,0,2.761525
2020-03-07,238.0598526,110002629.2,630992,289779,369.3379322,2.61872097e+10,637884,1201856.895,0,1.884131
2020-03-08,202.765955,110016354.8,662565,326707,681.2887252,2.230757124e+10,669482,1888966.135,0,2.821534
2020-03-09,200.1511011,110029871.3,784085,382701,747.9220605,2.202259989e+10,790904,3867091.867,0,4.889458
2020-03-10,200.8510905,110043529.2,760588,326143,470.5601128,2.210236285e+10,767473,2641836.923,0,3.442254
2020-03-11,194.2360094,110057210,713065,348052,587.1771344,2.137707326e+10,719962,2463091.3,0,3.421141
2020-03-12,110.3282016,110070841.2,760781,408227,5112.962877,1.214391796e+10,767660,9289345.882,0,12.10086
2020-03-13,134.7599857,110084261.8,847947,398976,4904.49897,1.483495354e+10,854719,8281191.412,0,9.688788
2020-03-14,122.0781513,110097871.6,681830,460071,585.9428708,1.344054462e+10,688689,3197012.963,0,4.642172
2020-03-15,123.7547341,110111536,657653,437327,523.3362916,1.362682385e+10,664540,3158063.003,0,4.752254
2020-03-16,110.3490587,110125140.3,784094,472866,1458.39806,1.215220558e+10,790952,6286968.065,0,7.948609
2020-03-17,117.7834638,110138801.8,763100,444516,759.5608266,1.297252957e+10,769984,3348630.639,0,4.348961
2020-03-18,117.6833437,110152509.4,768437,434102,613.7549305,1.296311562e+10,775346,2791036.822,0,3.599731
2020-03-19,137.357503,110166193.1,864017,464746,888.164144,1.51321532e+10,870914,3856913.225,0,4.428581
2020-03-20,131.5323233,110179802.7,822158,497117,723.8962252,1.449220543e+10,829024,3797650.384,0,4.580869
2020-03-21,132.5116334,110193589.8,857503,536497,517.4005252,1.460193258e+10,864489,1703770.356,0,1.970841
2020-03-22,122.4420555,110207098.7,746195,378553,500.3448474,1.349398369e+10,753044,1751694.83,0,2.326152
2020-03-23,135.5897706,110220928.7,801238,425569,590.3910789,1.494483043e+10,808246,2649695.517,0,3.278328
2020-03-24,139.4147922,110234517.5,791900,387085,561.4030519,1.536832235e+10,798789,4386292.222,0,5.491178
2020-03-25,136.095512,110248177.6,765389,380010,548.0428657,1.500428217e+10,772313,2328952.244,0,3.015555
2020-03-26,138.6082155,110261793.7,772649,410784,526.207264,1.528319046e+10,779512,2136980.307,0,2.741433
2020-03-27,133.6816147,110275531.8,748776,393140,491.5085932,1.474181115e+10,755700,1730897.33,0,2.290456
2020-03-28,131.0277665,110289119.7,667726,375565,402.6827219,1.445093702e+10,674572,1891736.799,0,2.804351
2020-03-29,125.1787455,110302883.2,607984,317430,351.9720782,1.380757654e+10,614917,1228381.129,0,1.997637
2020-03-30,132.9023205,110316442.4,724004,343106,453.4211429,1.466131119e+10,730840,1665797.994,0,2.279292
2020-03-31,133.5081334,110330027.8,731749,353106,500.5769091,1.472995606e+10,738599,2099577.379,0,2.842649
2020-04-01,135.8548065,110343772.6,683007,332003,457.728735,1.499073188e+10,689933,1442351.327,0,2.090567
2020-04-02,141.1517466,110357376.4,720554,339805,521.5962742,1.557713643e+10,727407,2247976.643,0,3.090397
2020-04-03,141.7272113,110371020.5,722688,326579,486.4307849,1.564257694e+10,729556,2219767.405,0,3.042628
2020-04-04,144.3362827,110384584,625952,324063,363.7336507,1.593250052e+10,632783,1201939.657,0,1.89945
2020-04-05,142.972633,110398174.7,614001,309080,352.4187936,1.578391771e+10,620844,981971.7782,0,1.581672
2020-04-06,169.6097243,110411698.3,771300,388114,641.6093076,1.872689772e+10,778115,2717398.166,0,3.492283
2020-04-07,164.2172595,110425476.2,783472,365110,581.9567178,1.813376908e+10,790420,2834203.121,0,3.585693
2020-04-08,173.2947843,110439098.3,830223,418777,511.2375212,1.913851973e+10,837083,1845550.3,0,2.20474
2020-04-09,170.2836049,110452719.3,727502,382622,490.259294,1.880828721e+10,734368,1545532.686,0,2.104575
2020-04-10,157.5505982,110466423.7,745643,375908,520.4045128,1.740405114e+10,752553,3107475.82,0,4.129245
2020-04-11,158.4316493,110479909.7,680523,387083,399.0579444,1.750351431e+10,687319,1010756.929,0,1.470579
2020-04-12,160.6493033,110493650.5,678530,365161,367.8105013,1.775072798e+10,685452,1093470.296,0,1.595254
2020-04-13,157.1986286,110507342,744306,379831,495.842263,1.737160261e+10,751211,2125315.954,0,2.829186
2020-04-14,159.0061584,110520945.5,813972,384356,525.3133946,1.757351097e+10,820830,1383556.941,0,1.685558
2020-04-15,152.9511407,110534618.7,792152,365728,493.2085691,1.690639601e+10,799046,1394640.765,0,1.745382
2020-04-16,172.9704403,110548254,790334,366904,693.8305144,1.912158018e+10,797213,2750783.568,0,3.4505
2020-04-17,172.2322206,110561806.6,785639,383745,528.0546989,1.904230547e+10,792473,1697644.62,0,2.142211
2020-04-18,188.1094149,110575358.7,783111,407052,584.2905697,2.080026603e+10,789941,1755896.726,0,2.22282
2020-04-19,181.2308144,110589013.2,741675,376420,513.1891469,2.004213693e+10,748558,1455038.779,0,1.943789
2020-04-20,171.0137633,110602688.7,828885,385538,662.0948318,1.891458202e+10,835780,2567452.73,0,3.071924
2020-04-21,171.4892329,110616268,812963,370990,697.2618035,1.896949894e+10,819809,2157739.688,0,2.632003
2020-04-22,182.5818042,110629991.5,790519,368604,657.7337282,2.019902345e+10,797449,1994033.618,0,2.500516
2020-04-23,185.6463264,110643635.9,826397,411521,693.255247,2.054058455e+10,833281,2185346.661,0,2.622581
2020-04-24,187.6218413,110657260.1,846807,390131,663.0019784,2.076171889e+10,853678,3422867.18,0,4.009553
2020-04-25,193.7852019,110670858,792299,385113,568.6306335,2.144637456e+10,799159,1478693.644,0,1.850312
2020-04-26,197.0624403,110684466.6,801949,397095,635.7432889,2.181175109e+10,808817,1392129.454,0,1.721192
2020-04-27,196.5657087,110698095.5,841193,390226,651.6498886,2.175944959e+10,848072,2091580.436,0,2.466277
2020-04-28,197.4664126,110711671.2,838453,403593,597.7488865,2.186183653e+10,845308,1316963.479,0,1.557969
2020-04-29,215.3839521,110725418.7,897881,426288,978.3420031,2.384847828e+10,904816,2699684.306,0,2.983683
2020-04-30,206.8848653,110739057.2,899459,416722,1276.050163,2.291023492e+10,906367,3154227.63,0,3.480078
2020-05-01,212.7136178,110752851.9,827138,403318,682.2625269,2.355863981e+10,834109,1475417.555,0,1.768855
2020-05-02,214.1338706,110766494.5,765990,397884,519.3015189,2.371885821e+10,772867,1230015.898,0,1.591497
2020-05-03,210.0905753,110780060.7,789689,400536,601.9769809,2.327384669e+10,796537,1270822.068,0,1.595434
2020-05-04,206.9619266,110793790.3,774035,362240,742.5712975,2.293009629e+10,780961,1705126.589,0,2.18337
2020-05-05,204.885417,110807409.7,785518,365620,779.2189453,2.270282233e+10,792378,1632779.794,0,2.060607
2020-05-06,202.7360756,110820862.2,833506,383615,942.9090444,2.246738668e+10,840292,2211632.735,0,2.631981
2020-05-07,212.9909728,110834498.5,877129,400810,1165.186071,2.360674765e+10,884017,3022311.271,0,3.418838
2020-05-08,212.4131289,110848249.5,887756,406408,1143.695987,2.35456235e+10,894702,2207693.412,0,2.467518
2020-05-09,210.7748711,110861774.5,894382,411314,941.9313417,2.336687624e+10,901209,1495574.393,0,1.65952
2020-05-10,187.5424868,110875500,879153,413692,1704.240857,2.079386701e+10,886086,3271490.114,0,3.692068
2020-05-11,185.7153723,110889120.9,887554,413435,1302.231222,2.059381437e+10,894431,2408888.555,0,2.693208
2020-05-12,189.8184594,110902698.3,880678,376965,1462.671688,2.105137934e+10,887538,2437189.309,0,2.746011
2020-05-13,199.9380226,110916377.5,856962,365096,1855.680809,2.217640118e+10,863869,2517744.951,0,2.914499
2020-05-14,203.532877,110930072.4,820300,363123,2249.151471,2.257791679e+10,827218,2286360.363,0,2.763915
2020-05-15,195.1219803,110943660.9,888691,377160,1703.919701,2.164754682e+10,895554,1946081.67,0,2.173048
2020-05-16,200.8197662,110957196.1,875030,374266,1381.230858,2.228239818e+10,881863,1281850.049,0,1.453571
2020-05-17,207.0725769,110970883.3,808464,374952,1485.007894,2.297902677e+10,815383,1372641.949,0,1.683432
2020-05-18,214.7481625,110984420.9,857645,380741,2001.364326,2.383370045e+10,864484,2123999.781,0,2.456957
2020-05-19,213.8204667,110997938.5,848038,398308,1785.353813,2.373363101e+10,854865,1614893.149,0,1.889062
2020-05-20,209.8047931,111011568,855377,385038,2065.609964,2.329075906e+10,862261,1688993.392,0,1.958796
2020-05-21,198.917557,111025203.2,867704,399018,2809.292172,2.208486218e+10,874593,2024445.788,0,2.314729
2020-05-22,207.0636777,111038690.1,916282,412238,1934.635729,2.299207953e+10,923102,1874462.214,0,2.030612
2020-05-23,206.9061973,111052504.1,868425,402293,1230.240037,2.297745132e+10,875410,1675142.287,0,1.913552
2020-05-24,202.3763064,111066062.7,825755,366123,1615.103252,2.247713954e+10,832608,1256522.773,0,1.509141
2020-05-25,204.292245,111079532.5,875607,383360,2085.507316,2.269268707e+10,882415,1545801.676,0,1.751785
2020-05-26,200.8604892,111093208,916975,398558,2141.285355,2.231423611e+10,923885,1907255.553,0,2.064386
2020-05-27,207.4980038,111106816.2,896217,374181,2325.220858,2.305444257e+10,903100,1545111.739,0,1.710898
2020-05-28,219.378571,111120337,907265,405005,2256.467456,2.437742075e+10,914095,2126161.217,0,2.325974
2020-05-29,220.7848263,111133940.1,949269,446558,1962.587622,2.453668766e+10,956144,2612244.212,0,2.732062
2020-05-30,243.5724013,111147573.2,881950,419608,1896.568443,2.707248131e+10,888840,2455045.431,0,2.762078
2020-05-31,231.4440475,111161256.6,850103,410575,1571.986221,2.572761115e+10,857020,2191168.607,0,2.55673
2020-06-01,249.074953,111174832,929874,417798,1797.136197,2.769086606e+10,936738,2118017.656,0,2.261057
2020-06-02,237.1796326,111188532.8,980902,458079,2084.439248,2.637165536e+10,987829,3755046.459,0,3.801312
2020-06-03,243.9341395,111202065.2,898364,417615,1621.421726,2.712598007e+10,905202,1529528.608,0,1.68971
2020-06-04,243.647766,111215605.5,930407,463567,1738.229046,2.709743383e+10,937244,1599331.891,0,1.70642
2020-06-05,240.312976,111229340.8,901995,561563,1820.203352,2.672985392e+10,908936,1912376.651,0,2.103973
2020-06-06,242.0197003,111242932.3,946196,452815,2061.88053,2.692298113e+10,953062,944529.9466,0,0.991048
2020-06-07,244.3846435,111256575.5,943786,395012,2242.188974,2.718939855e+10,950672,1153494.27,0,1.213346
2020-06-08,245.9683036,111270135.8,966206,439530,2268.498664,2.736892654e+10,973057,1594799.529,0,1.638958
2020-06-09,244.326141,111283847.8,923075,435346,2152.572192,2.71895531e+10,930004,1665468.028,0,1.790818
2020-06-10,247.7048795,111297302.5,939890,401804,13028.58819,2.75688849e+10,946684,1888013.17,0,1.994344
2020-06-11,230.9044009,111310904.5,925331,409119,15374.79829,2.570217773e+10,932202,2412695.256,0,2.588168
2020-06-12,237.1624427,111324600,889318,447397,2048.130099,2.640201408e+10,896240,1646985.942,0,1.837662
2020-06-13,238.0904079,111338243.7,833267,442706,1591.207928,2.650856785e+10,840157,858892.7448,0,1.0223
2020-06-14,232.1372771,111351911.5,785017,411251,1340.126565,2.584892953e+10,791912,1024759.257,0,1.294032
2020-06-15,231.1978397,111365538.5,912281,441200,2532.148961,2.574747193e+10,919160,2640457.797,0,2.872686
2020-06-16,235.1366212,111379074.7,904928,428801,2306.791403,2.618929929e+10,911765,1657274.082,0,1.817655
2020-06-17,233.687851,111392570.7,879736,395656,2423.167164,2.603109046e+10,886552,1644500.867,0,1.85494
2020-06-18,231.3310989,111406191.7,913845,469137,2227.178718,2.577171674e+10,920731,1856901.966,0,2.016769
2020-06-19,228.778224,111419912.7,945942,456847,2476.53167,2.549044974e+10,952877,1965820.225,0,2.063037
2020-06-20,228.9198308,111433541.7,941415,495418,1950.967532,2.550934752e+10,948299,1062835.589,0,1.120781
2020-06-21,227.5790336,111447219.6,987058,469431,1991.253869,2.536305053e+10,993965,1535427.259,0,1.54475
2020-06-22,243.2207582,111460805.9,1092083,446833,2846.216099,2.710958172e+10,1098943,2539677.787,0,2.311019
2020-06-23,242.921219,111474452.4,1119442,488474,3195.626347,2.707950987e+10,1126340,2410453.74,0,2.140076
2020-06-24,234.8237534,111488131,1070862,485009,3310.327331,2.618006137e+10,1077774,4209563.694,0,3.905794
2020-06-25,232.4214207,111501746.3,1041742,497757,2945.81853,2.591539428e+10,1048625,5667998.464,0,5.405172
2020-06-26,229.6941674,111515349.5,1017505,503140,2687.986423,2.561442536e+10,1024381,2823800.696,0,2.756592
2020-06-27,220.699442,111528800.2,1017138,488249,2518.039544,2.461434396e+10,1023933,1845240.763,0,1.802111
2020-06-28,224.4434607,111542541,997731,512464,2422.832912,2.503499392e+10,1004671,1367965.976,0,1.361606
2020-06-29,228.0203414,111556082.3,1056189,544440,2696.246475,2.543705598e+10,1063035,1584016.199,0,1.490088
2020-06-30,225.7227548,111569796.5,1111318,511173,3606.557485,2.518384181e+10,1118251,2015842.695,0,1.802675
2020-07-01,231.1459185,111583359.5,1044438,503129,3222.543484,2.579203811e+10,1051295,1862301.954,0,1.771436
2020-07-02,226.7015054,111596924.8,1039119,541706,2905.199004,2.529919086e+10,1045967,1834609.143,0,1.753984
2020-07-03,225.0988548,111610590.7,1022098,505502,3022.917815,2.512341614e+10,1029002,1829679.02,0,1.77811
2020-07-04,228.8662721,111624126,946287,529832,2248.859531,2.55469976e+10,953120,1218687.284,0,1.278629
2020-07-05,227.6672683,111637738.6,880075,563037,2104.098256,2.541625898e+10,886942,1036319.604,0,1.168419
2020-07-06,241.1790812,111651361.8,1020012,520949,2723.247349,2.692797285e+10,1026892,2272586.381,0,2.213072
2020-07-07,239.0134296,111665053.8,1064506,547398,2766.367004,2.668944748e+10,1071423,2293655.232,0,2.140756
2020-07-08,246.8441157,111678747.1,1092210,514234,3598.79059,2.756724157e+10,1099128,3190088.573,0,2.902381
2020-07-09,241.6518186,111692361.8,1070343,510551,3261.717337,2.699066235e+10,1077224,2457814.837,0,2.281619
2020-07-10,241.0337001,111705857.3,1034806,504988,2558.535356,2.692487612e+10,1041617,2474795.125,0,2.375917
2020-07-11,239.3070406,111719607.2,982930,568635,2248.096114,2.673528858e+10,989869,1118167.455,0,1.129612
2020-07-12,241.3095912,111733277.6,997960,566647,2110.058415,2.696231154e+10,1004861,1260157.45,0,1.254061
2020-07-13,239.3263738,111746950.4,1151834,528474,3601.214356,2.674399243e+10,1158732,2728084.505,0,2.354371
2020-07-14,240.6388179,111760498.4,1098661,519047,2991.335326,2.689391423e+10,1105503,3213031.033,0,2.906397
2020-07-15,238.3814396,111774146.9,1111360,520020,3588.577456,2.664488205e+10,1118249,1911472.919,0,1.709345
2020-07-16,233.5496741,111787656.5,1068620,446665,3865.754092,2.610797075e+10,1075436,2224014.48,0,2.068012
2020-07-17,232.8454272,111801203.8,1078101,474068,3972.430201,2.603239906e+10,1084935,1914221.146,0,1.764365
2020-07-18,235.909915,111814946,1071509,446411,3643.109447,2.637825439e+10,1078446,1373472.046,0,1.273566
2020-07-19,239.3581458,111828497.5,1082448,461740,3943.184193,2.676706182e+10,1089284,1652275.396,0,1.516845
2020-07-20,236.3612563,111842102.2,1143700,477316,5079.939728,2.643513979e+10,1150571,2260217.896,0,1.964431
2020-07-21,245.2505954,111855655.7,1120095,439255,5327.69946,2.743266617e+10,1126947,2376472.415,0,2.10877
2020-07-22,264.1991695,111869234.7,1138040,469922,5190.74289,2.955575889e+10,1144895,2960068.715,0,2.58545
2020-07-23,275.2238125,111883001.7,1147143,490259,5987.575656,3.079286627e+10,1154093,5145051.529,0,4.458091
2020-07-24,279.9075344,111896675.7,1146282,487179,5618.90911,3.132072261e+10,1153181,3095987.869,0,2.684737
2020-07-25,305.4021525,111910090.3,1175506,509434,6151.602366,3.417758248e+10,1182283,2896455.694,0,2.449884
2020-07-26,311.0399735,111923785.7,1137893,518269,5485.496428,3.481277135e+10,1144807,3393055.648,0,2.963867
2020-07-27,323.2338869,111937375.2,1261456,550501,7408.947483,3.618195286e+10,1268319,4947410.826,0,3.900762
2020-07-28,318.0155372,111951039.2,1222353,595098,5390.118729,3.560216988e+10,1229254,3284925.016,0,2.672292
2020-07-29,318.0259459,111964678.3,1163851,522641,5617.714565,3.560767274e+10,1170725,3080919.766,0,2.631634
2020-07-30,335.9640829,111978157.2,1164479,520204,5260.650226,3.762063889e+10,1171279,3445885.765,0,2.941985
2020-07-31,346.1799923,111991812.1,1218838,549742,5923.281011,3.876932465e+10,1225731,3414121.219,0,2.785376
2020-08-01,387.1858854,112005518.7,1171566,561652,4787.707586,4.336695592e+10,1178480,3091394.686,0,2.623205
2020-08-02,372.1806717,112019176,1125886,624503,5869.132001,4.169137217e+10,1132778,3330610.831,0,2.940215
2020-08-03,385.4878124,112032845.7,1176793,574214,5239.882104,4.318729659e+10,1183691,3256589.29,0,2.751216
2020-08-04,390.6628647,112046391.1,1164208,593325,4364.523551,4.377236412e+10,1171052,3397039.304,0,2.900844
2020-08-05,400.6011961,112059963.9,1182699,609752,4072.485598,4.489135557e+10,1189545,2457176.469,0,2.065644
2020-08-06,393.9959325,112073723.9,1215885,580876,4472.749497,4.415659136e+10,1222832,2517984.892,0,2.059142
2020-08-07,380.3300539,112087353.8,1249695,528137,5687.037008,4.26301893e+10,1256572,2894159.185,0,2.303218
2020-08-08,392.3601765,112100912.2,1182406,531429,5151.003834,4.398393368e+10,1189241,1677736.639,0,1.410763
2020-08-09,389.1831574,112114583.2,1229151,492442,6082.735959,4.363310749e+10,1236038,1899190.054,0,1.536514
2020-08-10,395.4078524,112128187.2,1289980,498832,9332.143404,4.433636568e+10,1296837,3315454.24,0,2.55657
2020-08-11,379.111339,112141807.8,1254244,471926,9978.837169,4.25142309e+10,1261110,3113342.165,0,2.468732
2020-08-12,387.2081748,112155515.7,1229214,438789,17753.88133,4.342753251e+10,1236127,4228947.475,0,3.421127
2020-08-13,424.7994601,112169108.5,1209139,485347,20263.76967,4.764937674e+10,1215992,4014349.228,0,3.301296
2020-08-14,438.0768656,112182755,1201546,519261,16401.40264,4.91446697e+10,1208422,4609513.932,0,3.81449
2020-08-15,432.6091984,112196341.5,1107833,599255,9106.110432,4.853716938e+10,1114680,2239824.755,0,2.009388
2020-08-16,432.9391728,112209957.1,1152369,548520,7887.333044,4.858008601e+10,1159231,2118030.429,0,1.8271
2020-08-17,432.8414642,112223368,1181976,525698,8615.110457,4.857492693e+10,1188733,3006783.683,0,2.529402
2020-08-18,423.3463321,112237118.1,1229256,465761,10289.91987,4.751517227e+10,1236186,2975661.544,0,2.407131
2020-08-19,406.8794278,112250781.5,1216891,474096,10761.36949,4.567253376e+10,1223777,3014404.902,0,2.463198
2020-08-20,416.2597876,112264425,1182994,465935,9115.819759,4.673116571e+10,1189868,3054833.784,0,2.567372
2020-08-21,387.240605,112278020.9,1256752,491572,12542.57113,4.347860875e+10,1263604,3175882.279,0,2.513353
2020-08-22,395.9125213,112291518.8,1102479,553364,7988.313003,4.445761832e+10,1109281,2199649.493,0,1.982951
2020-08-23,391.9476074,112305261,1122524,580967,6545.508371,4.401777836e+10,1129441,1539474.361,0,1.363041
2020-08-24,408.7921995,112318841.5,1162182,488056,7735.147337,4.591506625e+10,1169017,2927910.328,0,2.504592
2020-08-25,383.6049697,112332293,1138199,507718,8374.263921,4.309122587e+10,1144977,2854370.472,0,2.49295
2020-08-26,386.3438174,112346048.7,1166218,514309,7184.344914,4.340420133e+10,1173150,2878472.959,0,2.453627
2020-08-27,382.3491505,112359613.5,1136576,536809,7359.339848,4.296060278e+10,1143410,2342171.18,0,2.048409
2020-08-28,395.0397298,112373242.8,1131912,508615,7197.373138,4.439189547e+10,1138773,3491300.184,0,3.065844
2020-08-29,400.3681656,112386860.1,1130992,452427,7841.944389,4.499612101e+10,1137853,2808053.489,0,2.467853
2020-08-30,428.1964379,112400513.8,1142415,388718,16600.84115,4.812949962e+10,1149297,3566284.901,0,3.103014
2020-08-31,436.0907694,112414301.3,1235856,410572,18895.0601,4.902283917e+10,1242801,5569023.639,0,4.481026
2020-09-01,480.7491759,112427912.4,1245701,432937,35517.22401,5.404962623e+10,1252553,6926776.17,0,5.530126
2020-09-02,441.2141341,112441486.2,1181212,403519,37967.159,4.961077298e+10,1188052,6653686.121,0,5.600501
2020-09-03,383.542585,112454997.4,1149636,408643,30984.75758,4.31312804e+10,1156442,6491090.566,0,5.612984
2020-09-04,386.669076,112468858.5,1141207,473841,18017.47667,4.34882296e+10,1148196,6525885.701,0,5.683599
2020-09-05,331.4200885,112482452.9,1040906,401502,21819.80528,3.72789445e+10,1047746,6422283.922,0,6.129619
2020-09-06,353.2271296,112496259,1026667,542253,10035.00297,3.973673067e+10,1033624,5256007.387,0,5.085028
2020-09-07,352.806469,112509764.7,1051480,469447,8661.755119,3.969417282e+10,1058281,4236231.465,0,4.002936
2020-09-08,336.7165581,112523378.8,1026700,519031,7993.849043,3.788848483e+10,1033553,3922894.128,0,3.795542
2020-09-09,352.0539486,112536924.8,1052603,405626,9240.83795,3.961906873e+10,1059424,4379533.502,0,4.133882
2020-09-10,367.3808676,112550543.9,1120964,364825,13897.30146,4.134891647e+10,1127828,5869909.857,0,5.204614
2020-09-11,373.9666158,112564217,1074413,355438,11537.87059,4.20952593e+10,1081294,4987753.582,0,4.612764
2020-09-12,386.2160551,112577777.2,1034584,402902,8212.912709,4.3479345e+10,1041412,4385604.662,0,4.21121
2020-09-13,365.6416078,112591401,1042047,417497,9308.550822,4.116810088e+10,1048904,4587303.463,0,4.373425
2020-09-14,375.8010037,112604904.2,1079688,384069,15531.71551,4.231703602e+10,1086490,5533982.693,0,5.09345
2020-09-15,363.9365957,112618518.5,1089837,407614,14752.33782,4.098600023e+10,1096692,4497416.136,0,4.100893
2020-09-16,365.3220762,112631975.4,1035013,390534,11651.23904,4.11469471e+10,1041790,4838076.001,0,4.644003
2020-09-17,389.446111,112645754.6,1406016,498388,42763.25256,4.386945105e+10,1412961,6286182.621,0,4.448943
2020-09-18,382.2616763,112659205.7,1244808,478504,24732.1271,4.30652968e+10,1251584,6841247.108,0,5.466071
2020-09-19,385.2465697,112672825.9,1090001,480127,13538.32785,4.340681967e+10,1096863,3594934.082,0,3.277469
2020-09-20,371.2070257,112686544.2,1095309,464897,10157.6931,4.183003692e+10,1102215,3531289.51,0,3.203812
2020-09-21,342.4563905,112700267.3,1133662,484834,13563.36815,3.859492676e+10,1140571,5115822.191,0,4.485317
2020-09-22,343.5036625,112713717.9,1081497,430354,12151.0938,3.871757492e+10,1088269,3733884.374,0,3.431031
2020-09-23,320.5885909,112727369.5,1084100,453652,10063.46433,3.613910853e+10,1090980,4385401.197,0,4.01969
2020-09-24,349.144016,112740961.8,1087537,486348,8479.593769,3.936283219e+10,1094384,3589117.831,0,3.279578
2020-09-25,351.7139624,112754438.7,1034790,453864,7685.964086,3.965731039e+10,1041579,3096386.331,0,2.972781
2020-09-26,354.6010458,112767853.8,984559,489912,6278.130235,3.998759888e+10,991315,2349567.74,0,2.370153
2020-09-27,356.1219928,112781105,966479,487071,6376.072826,4.016383187e+10,973147,2628096.806,0,2.700616
2020-09-28,355.459934,112794411.6,1080187,432792,9050.854037,4.00938941e+10,1086884,3317738.432,0,3.052523
2020-09-29,359.7014398,112807677.7,1088234,426935,11274.11535,4.05770841e+10,1094907,3729776.906,0,3.406478
2020-09-30,359.9767525,112820989,1079040,411868,8845.797481,4.061293322e+10,1085740,3780699.152,0,3.48214
2020-10-01,352.360856,112834303.3,1018741,445018,7447.624885,3.97583917e+10,1025439,3848904.386,0,3.753421
2020-10-02,345.8012795,112847586.5,1002138,457319,6823.689646,3.902283981e+10,1008827,3411268.026,0,3.38142
2020-10-03,346.6529689,112860900.1,956528,469269,5560.363638,3.912356609e+10,963232,1886583.196,0,1.958597
2020-10-04,352.3394002,112874164.7,985452,471250,5898.282626,3.977001548e+10,992126,1814074.159,0,1.828472
2020-10-05,353.1917802,112887592.3,1027690,405915,6467.221107,3.987096968e+10,1034446,2550851.309,0,2.465911
2020-10-06,340.1035199,112901020.3,1083502,421913,8317.971754,3.839803442e+10,1090255,2704861.898,0,2.480944
2020-10-07,341.159964,112914204.7,1035384,426978,6123.201143,3.852180602e+10,1042023,3514152.826,0,3.372433
2020-10-08,350.5274964,112927425.7,1019446,428704,5987.751728,3.958416781e+10,1026115,3003172.884,0,2.926741
2020-10-09,366.247891,112940766.6,1049571,461741,5752.785535,4.136431757e+10,1056291,3298200.782,0,3.122436
2020-10-10,371.2828051,112954288.4,1036351,471663,4494.541296,4.193798505e+10,1043153,2354858.866,0,2.257443
2020-10-11,374.1454062,112967958,1004701,565035,3585.365603,4.226644252e+10,1011583,1986270.56,0,1.963527
2020-10-12,387.6709687,112981464.1,1092162,495534,5515.120626,4.379963363e+10,1098973,3317839.706,0,3.019037
2020-10-13,381.5442746,112995203.7,1127396,505669,5702.287881,4.311267301e+10,1134315,2673613.127,0,2.357029
2020-10-14,378.828993,113008813.4,1093927,497061,5932.708562,4.281101499e+10,1100777,3565913.367,0,3.239451
2020-10-15,377.5029103,113022455.2,1249576,620270,5823.950302,4.266630575e+10,1256441,2534706.401,0,2.01737
2020-10-16,366.2999499,113035947.4,1161135,647940,4743.680213,4.140506187e+10,1167923,2990624.397,0,2.560635
2020-10-17,368.3182694,113049535.5,1051772,653170,2589.454099,4.163820928e+10,1058613,1491948.601,0,1.409343
2020-10-18,377.9216524,113062918,995711,621057,2744.857556,4.272892479e+10,1002444,1427988.715,0,1.424507
2020-10-19,379.4630285,113076699.3,1128930,489485,4181.258995,4.290842678e+10,1135874,2281579.975,0,2.008656
2020-10-20,368.8438627,113090249.9,1105678,483042,4532.199098,4.17126446e+10,1112500,2365638.695,0,2.126417
2020-10-21,392.4731642,113103782.6,1159354,497821,5743.034746,4.439019944e+10,1166166,3783266.896,0,3.244192
2020-10-22,414.4364058,113117401.5,1189043,518298,4850.827674,4.68799693e+10,1195899,3773205.124,0,3.15512
2020-10-23,409.3399986,113130860.2,1132837,516755,4402.466179,4.630898614e+10,1139610,2945374.815,0,2.584546
2020-10-24,412.2688571,113144549.6,1012156,602310,2261.147611,4.664597415e+10,1019045,1827857.233,0,1.793696
2020-10-25,406.7428006,113157999.8,965206,585011,2346.400107,4.602620177e+10,971973,1472154.692,0,1.514605
2020-10-26,394.0107566,113171470.5,1086139,489903,4418.605407,4.45907767e+10,1092923,3322977.924,0,3.04045
2020-10-27,404.0454468,113185090.5,1078466,515413,3148.634087,4.573192048e+10,1085320,2767670.788,0,2.550097
2020-10-28,388.9033636,113198737,1139608,484504,4849.673848,4.402336957e+10,1146478,3536174.739,0,3.084381
2020-10-29,386.7884211,113212350.4,1107849,436247,5094.813369,4.378922626e+10,1114702,2282309.021,0,2.047461
2020-10-30,383.59637,113225819.4,1111013,486439,4618.596845,4.343301331e+10,1117788,3310767.374,0,2.961892
2020-10-31,386.5852361,113239373.7,1089587,521508,2992.672544,4.377667e+10,1096405,2031378.318,0,1.852763
2020-11-01,395.5777826,113252952.6,1050753,523516,2414.139494,4.480035186e+10,1057587,1565204.006,0,1.479977
2020-11-02,383.8483171,113266396.6,1156870,488898,4397.645831,4.347711571e+10,1163632,3350665.283,0,2.879489
2020-11-03,388.5481997,113279951.3,1119359,506039,3354.799839,4.401472113e+10,1126180,2956815.768,0,2.625527
2020-11-04,401.7956139,113293474.1,1137324,624330,2771.964515,4.552082097e+10,1144124,3388897.006,0,2.962002
2020-11-05,416.9973546,113307037.2,1128431,501094,3763.177025,4.724873478e+10,1135259,4017995.123,0,3.539276
2020-11-06,456.4478809,113320651.2,1171971,572052,4519.434581,5.172497111e+10,1178822,4304975.861,0,3.65193
2020-11-07,436.7721129,113334174.6,1131722,543961,4275.488754,4.95012069e+10,1138528,3638684.462,0,3.195955
2020-11-08,455.3757299,113347743,1016465,606394,2131.668036,5.161581118e+10,1023293,1611653.148,0,1.574967
2020-11-09,444.5479997,113361255.1,1147695,544077,3182.897314,5.03945192e+10,1154492,2792998.235,0,2.419244
2020-11-10,451.5016406,113374703.1,1157455,490166,3776.709144,5.118886445e+10,1164227,2601148.594,0,2.234228
2020-11-11,464.2159425,113388257.2,1096582,644638,3752.279972,5.263663666e+10,1103399,3108218.768,0,2.816949
2020-11-12,462.8664998,113401785.1,1099253,587186,4175.992024,5.248988734e+10,1106060,3985834.706,0,3.603633
2020-11-13,476.571341,113415364.2,1156377,521392,4109.253811,5.405051218e+10,1163208,3269327.853,0,2.810613
2020-11-14,462.5514588,113428960.3,1067063,570887,2791.589601,5.246673108e+10,1073904,1909986.314,0,1.778545
2020-11-15,449.3456436,113442557.5,1037428,502933,2520.817489,5.097491903e+10,1044269,1700784.923,0,1.628685
2020-11-16,462.2547316,113456033.2,1105512,496246,3540.927879,5.244558819e+10,1112291,2653952.827,0,2.386024
2020-11-17,482.695005,113469608.9,1173012,516399,5886.356957,5.477121344e+10,1179844,4122688.226,0,3.494266
2020-11-18,479.4918067,113483017.8,1120798,498949,6371.600162,5.441417725e+10,1127545,4182412.73,0,3.709309
2020-11-19,471.1500234,113496766,1122748,497408,3886.146956,5.347400394e+10,1129667,3015781.372,0,2.66962
2020-11-20,509.5629772,113510213.5,1162871,528075,5098.65548,5.784060235e+10,1169640,3643779.898,0,3.1153
2020-11-21,547.3534804,113523879.8,1172183,576466,5071.950928,6.213769071e+10,1179061,4446113.986,0,3.770894
2020-11-22,565.1310609,113537414.3,1148006,555649,4852.224582,6.416351938e+10,1154815,3522769.204,0,3.050505
2020-11-23,607.2141186,113550886.3,1213632,555903,5825.958416,6.894970137e+10,1220416,4525255.29,0,3.707961
2020-11-24,604.5735307,113564569.1,1240072,543359,7166.078127,6.86581325e+10,1246959,5125262.702,0,4.110209
2020-11-25,568.2473563,113578074.9,1205924,544008,4578.870014,6.45404408e+10,1212726,2942133.444,0,2.42605
2020-11-26,518.3973562,113591626.1,1173330,550015,11194.82995,5.888559866e+10,1180146,5073202.876,0,4.298793
2020-11-27,517.0418172,113604975.3,1102889,557982,3124.361353,5.873852286e+10,1109985,3237738.541,0,2.916921
2020-11-28,540.8292101,113618686.2,992335,688339,2243.440487,6.144830428e+10,999232,1722829.56,0,1.724154
2020-11-29,574.8735552,113632234,993930,738443,1962.351069,6.532416633e+10,1000747,1787246.524,0,1.785912
2020-11-30,613.4694924,113645913.2,1183915,526155,6022.470625,6.971830066e+10,1190800,3306421.122,0,2.776638
2020-12-01,588.2515552,113659637.3,1172361,557804,6541.401465,6.68604584e+10,1179189,4105682.538,0,3.481785
2020-12-02,598.9264098,113673367.7,1071389,463102,3155.093081,6.808198201e+10,1078125,2460751.191,0,2.282436
2020-12-03,617.55427,113687338.1,1114178,497766,3488.168407,7.020810109e+10,1121030,2409826.668,0,2.149654
2020-12-04,572.1771763,113701150.5,1134337,490688,3936.325226,6.505720322e+10,1141098,2651443.731,0,2.32359
2020-12-05,594.9156955,113715051.4,1055722,561873,2662.916849,6.765086892e+10,1062525,1847158.602,0,1.738461
2020-12-06,602.2467767,113729070.6,1034515,503912,2648.307255,6.849296617e+10,1041370,1625967.888,0,1.561374
2020-12-07,591.8200953,113742885.2,1102501,502915,3570.713221,6.731532513e+10,1109249,2763762.935,0,2.491562
2020-12-08,554.3185453,113756767.4,1149816,496764,4845.224403,6.305748583e+10,1156597,2575169.715,0,2.226506
2020-12-09,574.2140724,113770884.3,1150822,495314,5024.915425,6.532884281e+10,1157715,3383852.891,0,2.922872
2020-12-10,560.4503169,113784620,1092429,461398,4250.053824,6.377062634e+10,1099123,3022477.695,0,2.749899
2020-12-11,545.4836575,113798557.3,1122160,482121,4829.411382,6.207525327e+10,1128958,2982890.136,0,2.642162
2020-12-12,568.5454233,113812512.1,1092064,508542,3106.768214,6.470758285e+10,1098700,1765248.952,0,1.606671
2020-12-13,590.5227306,113826373.7,1142703,567529,3321.300573,6.7217061e+10,1149450,1682090.114,0,1.463387
2020-12-14,586.4701813,113840402.1,1241593,540147,4749.089317,6.676400125e+10,1248429,2130450.111,0,1.706505
2020-12-15,589.0008168,113854324.1,1215285,525004,6519.638016,6.706028992e+10,1222057,2457402.449,0,2.010874
2020-12-16,636.2050111,113868378.3,1261767,568398,6414.620451,7.244363287e+10,1268607,3283603.603,0,2.588354
2020-12-17,642.7881502,113882432.6,1342281,630990,11024.41893,7.320227822e+10,1349117,4905222.885,0,3.635877
2020-12-18,652.0101306,113896403.5,1193950,553060,5561.513983,7.426160894e+10,1200742,3057516.061,0,2.546356
2020-12-19,659.714045,113910383.2,1162872,545505,4889.283132,7.514827964e+10,1169665,3028882.377,0,2.58953
2020-12-20,638.5619234,113924988.2,1074305,486929,3415.530312,7.274815962e+10,1081153,1814715.398,0,1.6785
2020-12-21,612.5464974,113938986.9,1146949,485930,6179.877798,6.979292734e+10,1153753,3483487.04,0,3.019266
2020-12-22,634.1758562,113952955.2,1147101,478231,5216.004398,7.226621296e+10,1153877,3085447.511,0,2.673983
2020-12-23,588.508848,113967162.5,1254308,535033,8973.283353,6.707068352e+10,1261208,2861784.413,0,2.269082
2020-12-24,611.8935716,113981041.1,1142743,524269,6673.366342,6.97442663e+10,1149465,2897773.75,0,2.520976
2020-12-25,625.8402925,113994955.3,1140417,474892,7100.311116,7.134263614e+10,1147164,1812036.398,0,1.579579
2020-12-26,635.8068541,114009195.9,1139562,464884,5203.245311,7.248782816e+10,1146471,2013441.145,0,1.756208
2020-12-27,688.4806854,114023215.3,1177372,507618,7559.859753,7.850278145e+10,1184161,3425783.088,0,2.893004
2020-12-28,730.5182969,114037394.3,1256783,544394,8873.285573,8.33064031e+10,1263649,3630388.827,0,2.872941
2020-12-29,731.9362957,114051223.9,1206703,519248,7421.205327,8.347823031e+10,1213391,4153166.072,0,3.422776
2020-12-30,751.2080637,114065322,1227653,521593,8986.764068,8.568678971e+10,1234472,3688692.452,0,2.988073
2020-12-31,739.0258499,114079355.9,1163876,488772,7765.748557,8.430759298e+10,1170663,3065830.626,0,2.618884
2021-01-01,730.9143206,114093437.8,1136712,510102,5188.673351,8.339252758e+10,1143516,2538180.311,0,2.219628
2021-01-02,775.2966224,114107659.6,1170839,514898,8012.065285,8.84672831e+10,1177712,2597561.154,0,2.2056
2021-01-03,990.365325,114121696.9,1234419,583017,13011.09341,1.130221714e+11,1241199,5877456.407,0,4.735305
2021-01-04,1030.318449,114135751.9,1275169,622704,20121.68931,1.175961709e+11,1281954,7674121.978,0,5.986269
2021-01-05,1101.559814,114149916.2,1258441,590568,10958.66624,1.257429604e+11,1265284,4813498.863,0,3.804283
2021-01-06,1199.3524,114164001.5,1280434,615398,9762.946782,1.369228692e+11,1287233,5678767.038,0,4.411608
2021-01-07,1220.214213,114177935.6,1298568,657941,10633.97917,1.393215399e+11,1305282,5680630.252,0,4.352033
2021-01-08,1219.880721,114192161.8,1288953,625530,11193.15128,1.393008167e+11,1295811,5985657.269,0,4.619236
2021-01-09,1286.970223,114206184.1,1231759,611578,7201.345915,1.469799582e+11,1238518,3242473.807,0,2.618027
2021-01-10,1265.436268,114220324.6,1210603,616426,6984.828712,1.445385413e+11,1217412,3415501.45,0,2.805543
2021-01-11,1082.905686,114234491.3,1280285,639489,19748.38004,1.237051802e+11,1287112,6847317.568,0,5.319908
2021-01-12,1038.839418,114248690,1165508,560454,6776.868852,1.186860426e+11,1172348,3722253.24,0,3.175041
2021-01-13,1127.926763,114262915.5,1126532,544430,5372.778087,1.288802004e+11,1133383,3925427.601,0,3.463461
2021-01-14,1212.619222,114276871.9,1184604,569396,6499.371431,1.385743315e+11,1191327,6678781.041,0,5.606169
2021-01-15,1167.646851,114291124.3,1227187,585279,7421.966136,1.334516714e+11,1234046,3781856.004,0,3.064599
2021-01-16,1231.509948,114305252.2,1193339,574480,6302.56929,1.407680552e+11,1200135,2904951.471,0,2.420521
2021-01-17,1242.049241,114319365.6,1133096,548826,4872.880895,1.419902813e+11,1139884,2446360.847,0,2.146149
2021-01-18,1252.156445,114333529.2,1217953,556478,5797.311327,1.431634655e+11,1224768,2915759.04,0,2.380662
2021-01-19,1386.085404,114347720.6,1252236,601609,7959.149669,1.584957065e+11,1259059,5507727.483,0,4.374479
2021-01-20,1367.82304,114361957.5,1213930,565813,6658.691192,1.564269203e+11,1220771,5821496.079,0,4.768704
2021-01-21,1132.694432,114376045.2,1178190,540818,9736.678615,1.295531096e+11,1184961,4458705.888,0,3.762745
2021-01-22,1235.372048,114390180.4,1182794,532997,10383.07923,1.413144314e+11,1189586,4673534.009,0,3.928706
2021-01-23,1232.761748,114404388.7,1140666,513612,6336.811105,1.410333542e+11,1147482,2492224.125,0,2.171907
2021-01-24,1387.230296,114418543.8,1117744,514921,6396.685656,1.587248704e+11,1124538,3136175.468,0,2.788857
2021-01-25,1325.607594,114432747.6,1207263,545219,8615.004048,1.516929192e+11,1214076,4052388.08,0,3.337837
2021-01-26,1361.849003,114446973.1,1194595,561115,6683.692815,1.558594963e+11,1201420,4030624.525,0,3.354884
2021-01-27,1245.938151,114461023.4,1140980,502563,7733.098276,1.426113559e+11,1147711,4007774.282,0,3.491972
2021-01-28,1341.774703,114475238.6,1190834,554633,7335.124632,1.535999793e+11,1197658,3429566.632,0,2.863561
2021-01-29,1383.408895,114489319.7,1293963,629039,10902.222,1.583855433e+11,1300710,5309738.183,0,4.082184
2021-01-30,1379.868542,114503294.1,1218241,602900,8642.494763,1.579994935e+11,1224936,3291659.139,0,2.687209
2021-01-31,1317.346364,114517705.9,1244924,571051,10261.03311,1.508594834e+11,1251829,3041779.207,0,2.429868
2021-02-01,1369.954994,114531902.5,1300451,577466,12133.38259,1.569035517e+11,1307255,3213240.551,0,2.458006
2021-02-02,1524.168252,114546110.6,1302891,606119,13774.19389,1.745875452e+11,1309705,5045217.966,0,3.852179
2021-02-03,1659.520054,114560300.8,1314906,631088,13710.00646,1.901151167e+11,1321723,4742564.434,0,3.588168
2021-02-04,1608.397524,114574593,1309863,636306,18797.5795,1.842814916e+11,1316715,5108201.172,0,3.879504
2021-02-05,1720.478466,114588700.3,1316904,608628,19744.59479,1.971473913e+11,1323663,4330808.246,0,3.271836
2021-02-06,1683.707794,114602911.8,1227828,631037,14069.80631,1.929578158e+11,1234628,3484307.213,0,2.822151
2021-02-07,1616.042662,114617257.7,1230638,617267,12582.48394,1.852263782e+11,1237504,2991650.052,0,2.417487
2021-02-08,1743.544791,114631418.2,1275739,628031,16517.11173,1.998650122e+11,1282511,4045778.627,0,3.154576
2021-02-09,1770.832821,114645625.3,1327544,602871,18354.15827,2.030182361e+11,1334336,3648514.354,0,2.73433
2021-02-10,1748.211806,114659921.4,1320357,615259,16946.1305,2.004498283e+11,1327184,3619009.916,0,2.726834
2021-02-11,1785.583089,114674176.2,1270521,612148,13602.1705,2.047602698e+11,1277324,3054018.297,0,2.39095
2021-02-12,1846.454201,114688470.1,1290300,594587,14025.28011,2.117670073e+11,1297118,3352221.827,0,2.584362
2021-02-13,1819.412803,114702577.1,1252364,563729,14523.66676,2.086913372e+11,1259089,2263812.716,0,1.797977
2021-02-14,1811.566679,114716934.9,1206665,555363,11680.62607,2.078173768e+11,1213514,2185455.414,0,1.800931
2021-02-15,1787.530622,114731166.6,1210500,570429,14269.45314,2.050854736e+11,1217287,2782059.151,0,2.285459
2021-02-16,1780.619896,114745361.9,1217916,569472,13460.13544,2.043178743e+11,1224683,2845443.563,0,2.323412
2021-02-17,1845.239942,114759704.8,1258503,583486,13849.54653,2.11759191e+11,1265343,3183456.693,0,2.515884
2021-02-18,1932.411527,114773889.7,1298425,601009,14406.59703,2.217903873e+11,1305182,3791390.589,0,2.904875
2021-02-19,1961.02429,114788329.2,1323618,628240,14951.12192,2.251027017e+11,1330500,3064212.062,0,2.303053
2021-02-20,1912.802535,114802591,1337507,643509,15925.49638,2.195946871e+11,1344290,3576951.975,0,2.660848
2021-02-21,1933.883847,114816871,1233518,604276,11338.02133,2.220424923e+11,1240310,2359434.134,0,1.902294
2021-02-22,1771.208598,114831134.3,1312178,621855,22368.80684,2.033898924e+11,1318960,4222581.221,0,3.201448
2021-02-23,1563.045624,114845464.6,1302882,627533,31702.76097,1.795087009e+11,1309697,7116455.779,0,5.433666
2021-02-24,1616.563837,114859706.2,1285208,623762,16301.9794,1.856780474e+11,1291974,3948124.693,0,3.055886
2021-02-25,1491.463857,114874015.1,1232758,617443,13131.67212,1.713304416e+11,1239562,3385349.79,0,2.731085
2021-02-26,1442.303123,114888395.9,1236241,605208,12724.11639,1.657038921e+11,1243073,4235995.492,0,3.40768
2021-02-27,1454.032169,114902690.8,1202432,566704,9481.603056,1.670722087e+11,1209222,2610393.448,0,2.158738
2021-02-28,1425.385867,114916939.6,1179859,581313,9587.082321,1.638009815e+11,1186624,3423618.626,0,2.885176
2021-03-01,1563.23598,114931200.2,1185925,579329,9272.588477,1.796645874e+11,1192691,3386960.033,0,2.839763
2021-03-02,1489.878894,114945642,1240182,595816,9933.724507,1.712550859e+11,1247042,3189139.354,0,2.557363
2021-03-03,1584.067005,114959799,1235048,559291,10186.82428,1.821040245e+11,1241764,2741391.251,0,2.207659
2021-03-04,1538.022776,114974202.2,1234903,598760,8932.718516,1.768329417e+11,1241747,3111302.721,0,2.505585
2021-03-05,1530.840292,114988573.5,1208640,523337,11007.32392,1.760291415e+11,1215455,2835848.049,0,2.333158
2021-03-06,1659.838346,115003021.2,1160519,540483,7843.716824,1.908864245e+11,1167371,2771376.72,0,2.374033
2021-03-07,1719.160637,115017308.3,1180104,499682,10461.9023,1.97733229e+11,1186874,5268488.349,0,4.438962
2021-03-08,1826.125047,115031662.3,1216417,533767,10860.45604,2.100621998e+11,1223224,3272266.63,0,2.675116
2021-03-09,1862.028637,115045930.5,1275347,574925,11010.83375,2.142188172e+11,1282116,3206696.034,0,2.501097
2021-03-10,1803.424491,115060314.1,1256065,582840,10727.3979,2.075025883e+11,1262895,3063203.415,0,2.425541
2021-03-11,1827.713461,115074470.6,1284767,623452,10620.44411,2.10323159e+11,1291483,3158106.939,0,2.445334
2021-03-12,1768.503645,115088800.1,1325679,592345,13597.56272,2.035349625e+11,1332472,3946127.048,0,2.961508
2021-03-13,1927.207566,115103187.8,1293352,591290,12999.05409,2.218277344e+11,1300176,2432279.373,0,1.870731
2021-03-14,1874.149062,115117661.9,1277890,586583,11927.85365,2.157476581e+11,1284758,1765473.382,0,1.374168
2021-03-15,1796.90511,115131919.4,1321388,592457,15017.50774,2.068811342e+11,1328145,3649141.89,0,2.747548
2021-03-16,1796.951728,115146303.2,1308992,587910,14933.7139,2.069123486e+11,1315812,3127942.279,0,2.377195
2021-03-17,1818.8674,115160665,1272298,568873,15502.62084,2.094619793e+11,1279104,2883355.126,0,2.254199
2021-03-18,1781.645207,115175023.1,1299760,593538,14353.83672,2.052010279e+11,1306559,2609225.592,0,1.997021
2021-03-19,1810.373835,115189375.6,1291231,594704,12608.01106,2.085358316e+11,1298027,2237079.614,0,1.723446
2021-03-20,1812.744969,115203794.9,1262309,578798,11257.63549,2.088350996e+11,1269138,1832855.136,0,1.444173
2021-03-21,1784.725639,115217988.3,1206064,586232,10816.93886,2.056324979e+11,1212779,2010034.741,0,1.657379
2021-03-22,1689.113768,115232329.2,1307460,569908,14989.82913,1.946405138e+11,1314247,2781128.031,0,2.116138
2021-03-23,1671.752135,115246709.6,1298959,600963,13061.67361,1.926639328e+11,1306170,2555405.586,0,1.956411
2021-03-24,1586.882413,115261059.4,1309468,598324,14029.33627,1.829057481e+11,1316264,2555419.537,0,1.941419
2021-03-25,1588.932124,115275438.1,1349663,631922,14548.15148,1.831648466e+11,1356468,4258562.625,0,3.139449
2021-03-26,1695.669078,115289865.1,1265836,583328,11651.0773,1.954934593e+11,1272664,2892828.785,0,2.27305
2021-03-27,1718.119092,115304197.2,1230764,585374,9393.141906,1.981063425e+11,1237543,1947597.264,0,1.573761
2021-03-28,1685.162509,115318544.7,1211918,572639,9804.159959,1.943304881e+11,1218704,1680660.097,0,1.379055
2021-03-29,1811.143223,115332952,1269901,576265,11888.53556,2.088844943e+11,1276719,3075978.405,0,2.409284
2021-03-30,1840.873997,115347368.9,1300973,575014,13279.09424,2.123399719e+11,1307795,3368298.126,0,2.575555
2021-03-31,1916.880019,115361643.3,1354603,604979,16824.29295,2.21134429e+11,1361353,3554744.994,0,2.611185
2021-04-01,1971.240783,115376005.8,1368006,650310,15538.19334,2.274338879e+11,1374798,3033782.509,0.002,2.206711
2021-04-02,2134.06884,115390271.9,1358619,658068,14621.8829,2.462507838e+11,1365363,4240469.862,0,3.105745
2021-04-03,2025.148878,115404692,1293333,599989,11764.40819,2.337116826e+11,1300156,4311003.965,0,3.315759
2021-04-04,2077.395582,115419176.5,1197875,598828,8861.749839,2.397712874e+11,1204727,2158088.201,0,1.79135
2021-04-05,2099.527289,115433551.7,1296946,615639,11723.79143,2.423558918e+11,1303742,3606282.88,0,2.766102
2021-04-06,2116.901262,115447900,1335799,618992,12228.08252,2.443918052e+11,1342584,2901660.769,0,2.161251
2021-04-07,1985.397891,115462290.2,1312638,613189,12230.85955,2.292385874e+11,1319442,3042138.121,0,2.305625
2021-04-08,2078.550036,115476601.7,1284449,623896,9614.434465,2.400238947e+11,1291228,2747715.025,0,2.127986
2021-04-09,2066.053604,115490833.4,1300882,604996,9338.468758,2.386102527e+11,1307608,2559999.787,0,1.957773
2021-04-10,2130.18779,115505305,1315016,686486,7988.993143,2.460479905e+11,1321860,2534265.402,0.000816,1.917197
2021-04-11,2144.372116,115519737.7,1256904,648055,6690.483671,2.477173045e+11,1263726,1851070.493,0,1.464772
2021-04-12,2142.8289,115534153.9,1347983,647933,8635.031459,2.475699239e+11,1354797,2607466.224,0,1.924618
2021-04-13,2297.891691,115548485.9,1350467,639677,9404.908629,2.655179056e+11,1357241,3412508.769,0,2.514298
2021-04-14,2430.298929,115562784.5,1386341,660253,10853.26994,2.808521113e+11,1393092,3897253.035,0,2.797556
2021-04-15,2519.582255,115577125,1197340,603417,7884.271801,2.912060732e+11,1204109,2477542.616,0,2.057573
2021-04-16,2428.352847,115591384.9,1426977,679755,14336.22793,2.806966685e+11,1433707,3731570.191,0.00355,2.602743
2021-04-17,2342.160614,115605699,1453000,690474,11693.61771,2.70767115e+11,1459757,2673260.501,0.009377,1.831305
2021-04-18,2243.482545,115620104.1,1396766,671586,13988.48724,2.593916854e+11,1403568,5577104.501,0.005,3.973519
2021-04-19,2168.625082,115634290.5,1476842,714304,15401.60924,2.507674227e+11,1483530,3273405.204,0.010001,2.206497
2021-04-20,2328.505109,115648864.4,1555560,765456,21627.73084,2.692889716e+11,1562748,2944268.788,0.024468,1.884033
2021-04-21,2363.995234,115663319.4,1565355,769062,14889.13641,2.734275357e+11,1572176,3494550.482,0.00774,2.222748
2021-04-22,2419.705227,115677594.7,1577266,765288,13169.12281,2.799056805e+11,1583997,5068527.8,0,3.199834
2021-04-23,2357.125066,115691928.9,1537100,752703,11486.33537,2.727003456e+11,1543859,4459321.009,0,2.888425
2021-04-24,2236.586527,115706336.8,1389103,896809,6351.769301,2.587872339e+11,1395910,2212567.37,0.000712,1.585036
2021-04-25,2300.556549,115721254.9,1389350,901912,5169.258985,2.662232908e+11,1396152,2011824.905,4.5e-05,1.440978
2021-04-26,2526.058879,115735622.8,1448466,746504,5693.145153,2.923549976e+11,1455242,2948458.875,0,2.026095
2021-04-27,2646.349339,115749991.9,1448293,763976,6042.241808,3.063149147e+11,1455068,3154101.929,0,2.167666
2021-04-28,2740.230643,115764423.3,1517604,733612,7236.849992,3.172212201e+11,1524415,3522412.205,0,2.310665
2021-04-29,2760.50726,115778785.4,1530717,732181,6652.47168,3.196081778e+11,1537485,3248945.946,0,2.113156
2021-04-30,2770.290058,115793084.3,1441230,718365,5210.401692,3.207804301e+11,1447963,3123531.969,0,2.15719
2021-05-01,2949.318641,115807527.4,1427568,805199,4908.598313,3.415532994e+11,1434375,2383343.895,0,1.661591
2021-05-02,2952.476797,115821855.2,1417458,769733,3862.553057,3.419613401e+11,1424207,1813107.174,9.6e-05,1.273064
2021-05-03,3430.648274,115836301.6,1488804,770331,6164.07865,3.97393608e+11,1495611,4075942.121,0.000218,2.725269
2021-05-04,3274.891528,115850730.6,1536119,783366,6403.313723,3.793985762e+11,1542910,4875460.879,0,3.159913
2021-05-05,3525.9241,115865209.5,1518877,787176,5578.410842,4.085319344e+11,1525694,3670397.289,0,2.405723
2021-05-06,3500.543104,115879579.1,1532197,771567,6142.596408,4.056414615e+11,1538960,3009543.438,0,1.95557
2021-05-07,3482.632393,115893926.5,1527890,753950,6347.754184,4.036159427e+11,1534643,3666760.744,0.000443,2.389325
2021-05-08,3886.766996,115908314.8,1710882,843893,13122.03026,4.505086127e+11,1717651,3458220.456,0.0113,2.013343
2021-05-09,3916.081413,115922686.8,1716600,890714,12144.0187,4.53962679e+11,1723357,2675702.775,0.011751,1.552611
2021-05-10,3954.283158,115937200.5,1716489,853625,22503.72157,4.584485193e+11,1723319,5020544.708,0.01304,2.9133
2021-05-11,4155.771998,115951586,1716051,864612,28202.4535,4.81868354e+11,1722815,4559339.587,0.02946,2.646448
2021-05-12,3975.502271,115965952.7,1624077,838261,26940.38004,4.610229084e+11,1630829,4663621.795,0.017624,2.859663
2021-05-13,3687.15909,115980541,1588560,878850,16479.16232,4.276387058e+11,1595425,5587955.092,0.006,3.502487
2021-05-14,4086.709764,115994948.5,1531689,805756,12221.28858,4.740376888e+11,1538475,3367562.52,0.00775,2.188896
2021-05-15,3672.601744,116009417.2,1472680,768274,8920.270007,4.260563881e+11,1479485,2384345.154,0.005048,1.611605
2021-05-16,3565.843001,116023820.1,1425115,745202,7728.84403,4.137227269e+11,1431877,2847980.853,0.004689,1.988984
2021-05-17,3280.030278,116038195.8,1446627,726563,8943.088142,3.806087955e+11,1453379,4455711.354,0.002314,3.06576
2021-05-18,3368.239629,116052641.8,1425053,687605,8250.402869,3.908931072e+11,1431839,3330123.244,0.00147,2.325767
2021-05-19,2535.736236,116067043.5,1461174,793162,30798.93959,2.94315408e+11,1467939,10061206.17,0,6.853967
2021-05-20,2777.925183,116081539.1,1459146,764072,12343.66754,3.224658307e+11,1465957,7850911.437,0.001485,5.355485
2021-05-21,2413.984384,116095876.6,1367394,697499,10973.20026,2.802536332e+11,1374120,5428094.159,0,3.950233
2021-05-22,2320.842202,116110341.9,1283663,686947,5302.534504,2.694737816e+11,1290453,4024673.759,0,3.118807
2021-05-23,2105.59848,116124754.5,1264253,751221,13635.52553,2.445121065e+11,1271016,6728661.581,0,5.293924
2021-05-24,2626.168464,116139224.9,1312739,693847,6355.702776,3.050011698e+11,1319527,6224032.96,0,4.716867
2021-05-25,2696.58638,116153503.3,1289446,652514,4776.783674,3.132179549e+11,1296134,5179509.492,0,3.996122
2021-05-26,2868.719532,116167859.2,1326432,685336,4592.754085,3.332530067e+11,1333164,4354778.114,0,3.266498
2021-05-27,2743.10335,116182209.1,1291385,720290,3632.65775,3.186998071e+11,1298109,4445868.987,0,3.424881
2021-05-28,2415.303002,116196674.7,1305078,644047,3766.053111,2.806501772e+11,1311860,4027358.256,0,3.06996
2021-05-29,2288.858132,116211179.7,1293425,794192,3095.523313,2.659909036e+11,1300229,3529713.512,0.001272,2.714686
2021-05-30,2391.712091,116225597,1280282,734624,2644.965246,2.779781656e+11,1287041,2712900.417,0,2.107859
2021-05-31,2699.214458,116239971.8,1297889,733140,3078.771052,3.137566125e+11,1304621,2298486.084,0.000374,1.761804
2021-06-01,2626.201548,116254412,1274354,677920,2835.006547,3.053075168e+11,1281118,3403210.95,0,2.656438
2021-06-02,2713.159868,116268962.5,1314178,648077,2966.323387,3.154562829e+11,1321001,2636731.197,0,1.99601
2021-06-03,2858.600998,116283321.6,1337711,683741,3057.505727,3.324076191e+11,1344435,2738429.666,0,2.036863
2021-06-04,2689.277425,116297921.3,1301803,711636,2606.231242,3.127573745e+11,1308646,2733144.783,0,2.088529
2021-06-05,2604.970538,116312277.7,1176676,826004,1837.055538,3.029900566e+11,1183386,1747369.055,5.2e-05,1.476584
2021-06-06,2706.098541,116326866.6,1134526,801579,1560.432702,3.147919641e+11,1141353,1191550.96,0.0001,1.043981
2021-06-07,2600.159112,116341274.1,1225549,655320,2102.204785,3.02505824e+11,1232288,2055181.71,0,1.667777
2021-06-08,2519.057635,116355745.6,1221063,614894,2852.4424,2.931068294e+11,1227834,3895727.111,0,3.172845
2021-06-09,2605.631105,116370159.5,1194275,626011,2373.718371,3.032177073e+11,1201018,3309554.037,0,2.755624
2021-06-10,2481.380757,116384533.7,1188556,653958,2000.593952,2.887943424e+11,1195273,1891295.249,0,1.582312
2021-06-11,2345.03142,116398989.1,1183286,612641,2281.276647,2.729592868e+11,1190045,2018721.463,0,1.69634
2021-06-12,2380.840334,116413392.4,1131777,689502,1912.181837,2.771616999e+11,1138509,1521592.821,0,1.336479
2021-06-13,2504.646392,116427838,1124736,668513,1466.300631,2.916105645e+11,1131485,1250177.492,0,1.1049
2021-06-14,2577.044739,116442357.4,1188556,632306,1929.348578,3.000771644e+11,1195347,2327122.03,0,1.946817
2021-06-15,2552.741036,116456950.5,1224101,624917,2035.563631,2.972844365e+11,1230924,1902550.911,0,1.545628
2021-06-16,2360.999387,116471300.7,1201109,587775,1937.69313,2.749886696e+11,1207806,2827782.98,0,2.341256
2021-06-17,2368.388596,116485824.1,1218956,584095,2110.158396,2.758836974e+11,1225748,2271202.833,0,1.852912
2021-06-18,2224.57532,116500155.3,1170182,575623,2085.18292,2.591633703e+11,1176862,2697871.802,0,2.292428
2021-06-19,2174.754703,116514637.1,1050189,577194,1486.772727,2.533907549e+11,1056955,1202015.826,0,1.137244
2021-06-20,2242.663456,116529123.2,1057288,640273,1710.911084,2.613356062e+11,1064048,1486644.971,0,1.39716
2021-06-21,1900.393078,116543361.8,1209567,642471,4129.552271,2.214781981e+11,1216203,3975225.647,0,3.268554
2021-06-22,1867.6238,116557894,1297644,664525,6598.895285,2.176862968e+11,1304425,5340724.76,0,4.094313
2021-06-23,1962.110044,116572353.4,1201974,627659,2152.922714,2.287277854e+11,1208715,2305374.13,0,1.907293
2021-06-24,1986.665408,116586731.8,1207012,655167,1909.340954,2.316188272e+11,1213710,2570943.332,0,2.118252
2021-06-25,1817.846982,116600966.6,1227331,630078,2461.550435,2.119627152e+11,1233952,3015371.063,0,2.44367
2021-06-26,1801.976275,116615438.3,1150460,681695,1489.398965,2.101382532e+11,1157200,1482793.186,0,1.281363
2021-06-27,1964.521919,116629931.5,1104703,707381,2486.766301,2.291220569e+11,1111457,1527318.427,0.00011,1.374159
2021-06-28,2079.278336,116644515.1,1404100,819820,2250.970115,2.425364133e+11,1410900,2546389.739,0.003887,1.804798
2021-06-29,2169.990233,116658929.1,1264320,675964,2244.094051,2.531487367e+11,1271031,2503454.179,0,1.969625
2021-06-30,2272.269058,116673454.5,1212214,624034,3057.199815,2.651134804e+11,1218978,2063788.261,0,1.693048
2021-07-01,2114.556084,116687763,1211710,614828,2147.393484,2.467428192e+11,1218362,2986941.099,0.000165,2.451604
2021-07-02,2149.999725,116702258.5,1181574,629288,1683.137203,2.509098237e+11,1188319,2846096.516,0,2.395061
2021-07-03,2215.903232,116716667.7,1122543,654247,1521.217754,2.586328413e+11,1129241,998316.1298,0,0.884059
2021-07-04,2325.917498,116731192,1105343,653685,1278.974287,2.715071219e+11,1112102,1071806.775,0,0.963767
2021-07-05,2218.632084,116745686.4,1147895,618615,1755.973173,2.590157255e+11,1154640,1614505.669,0,1.398276
2021-07-06,2318.106618,116760221.2,1355421,582960,4818.444373,2.706626415e+11,1362190,2043085.837,0,1.499854
2021-07-07,2317.079545,116774681.6,1290979,588423,3678.960373,2.705762262e+11,1297706,2231366.528,0,1.71947
2021-07-08,2118.924331,116789221.1,1262627,588538,3458.547731,2.474675223e+11,1269391,3256236.557,0,2.565196
2021-07-09,2153.773738,116803637.5,1223691,593720,2630.170203,2.515686071e+11,1230386,2441587.757,0,1.984408
2021-07-10,2117.063967,116818182.1,1139265,544549,1626.453573,2.47311564e+11,1146028,1472548.179,0,1.284915
2021-07-11,2140.192887,116832614.9,1101766,578124,1253.037604,2.500443313e+11,1108467,775231.1753,0,0.699372
2021-07-12,2033.031335,116846964.4,1191465,551183,2679.63607,2.375535401e+11,1198125,2518016.059,0,2.101631
2021-07-13,1939.640273,116861247.2,1183412,564378,2928.880711,2.266687814e+11,1190038,2167691.447,0,1.821531
2021-07-14,1992.442025,116875705.4,1223130,588607,4347.91988,2.328680671e+11,1229850,2607176.759,0,2.119914
2021-07-15,1912.874301,116890234.7,1259972,602431,4182.958733,2.235963259e+11,1266720,2049071.635,0,1.61762
2021-07-16,1878.107587,116904595.9,1199018,568019,3927.152838,2.195594085e+11,1205683,2807978.416,0,2.328952
2021-07-17,1896.966123,116918920.6,1164624,546153,2665.875888,2.217912315e+11,1171261,1197378.127,0,1.022298
2021-07-18,1892.688087,116933342.2,1168843,533205,2562.80438,2.213183437e+11,1175535,1166815.412,0,0.992582
2021-07-19,1822.209036,116947788.5,1195218,581805,2751.103105,2.131033169e+11,1201915,2219672.171,0,1.84678
2021-07-20,1785.333954,116962124.5,1192750,586375,3131.48924,2.088164522e+11,1199394,2218425.64,0,1.849622
2021-07-21,1985.492036,116976657.5,1195171,600059,2487.717693,2.322562217e+11,1201921,2743306.697,0,2.282435
2021-07-22,2020.922303,116991109.2,1202844,590183,3156.562393,2.364299418e+11,1209551,2194352.831,0,1.814188
2021-07-23,2112.716264,117005454.7,1203397,612742,3701.575022,2.471993272e+11,1210049,1874449.374,0,1.549069
2021-07-24,2179.337932,117020018.9,1225509,627527,2216.465956,2.550261659e+11,1232263,1399041.588,0,1.135343
2021-07-25,2187.444937,117034456.4,1128848,566614,1990.415682,2.560064291e+11,1135539,946825.4812,0,0.833812
2021-07-26,2241.159227,117048786.7,1260619,651897,3878.504005,2.623249683e+11,1267259,3048168.359,0,2.405324
2021-07-27,2286.2289,117063019,1318124,731645,4849.166892,2.676328571e+11,1324712,2328812.949,0.001753,1.757977
2021-07-28,2297.031344,117077263.5,1300283,691120,5164.437201,2.689301439e+11,1306878,1927910.382,0.001583,1.475203
2021-07-29,2384.454206,117091581.5,1259128,628698,3009.817989,2.791995139e+11,1265759,2232403.971,0,1.763688
2021-07-30,2451.304311,117105795.3,1242337,625795,3534.63293,2.87061941e+11,1248920,2166061.21,0,1.734347
2021-07-31,2544.375376,117120047.3,1212322,615234,4850.805467,2.979973644e+11,1218925,2070221.617,0.000509,1.6984
2021-08-01,2563.737531,117134285.5,1190618,609619,3692.386835,3.003015639e+11,1197209,1664804.52,0,1.390571
2021-08-02,2619.040999,117148700.7,1269470,647157,4105.103748,3.068172502e+11,1276153,1795104.15,0,1.406653
2021-08-03,2512.915292,117163021.3,1219663,597708,4922.655647,2.944207479e+11,1226298,2259776.583,0,1.842763
2021-08-04,2727.934254,117177330.5,1223841,605814,4188.447673,3.196520537e+11,1230470,2465877.436,0,2.004013
2021-08-05,2825.535309,117188634.9,1159663,527820,6253.961088,3.311206257e+11,1166311,2384387.17,0,2.044384
2021-08-06,2888.034255,117199084.3,1212021,528548,5312.087766,3.384749703e+11,1218771,2383813.009,0,1.955915
2021-08-07,3143.380301,117209578.1,1198433,515004,5386.023163,3.684342788e+11,1205256,1939618.245,0,1.6093
2021-08-08,3027.348082,117220027.4,1184278,528091,5474.532746,3.548658251e+11,1191068,1577378.672,0,1.32434
2021-08-09,3158.269216,117230453.1,1218594,515125,6446.174106,3.702453312e+11,1225402,2846068.102,0.000503,2.322559
2021-08-10,3141.723826,117239815.2,1212289,521466,7645.530104,3.683351206e+11,1219096,2074706.865,2.9e-05,1.70184
2021-08-11,3168.562989,117249032.4,1234409,524067,6777.540297,3.715109446e+11,1241099,1752414.315,0,1.411986
2021-08-12,3038.061527,117258773,1195283,527452,6522.560502,3.56239367e+11,1202100,1830941.897,0,1.523119
2021-08-13,3316.478942,117268649.8,1197050,522902,6870.413937,3.889190076e+11,1203832,2049522.067,0.001355,1.702498
2021-08-14,3268.963696,117279101.7,1159942,500097,6072.735958,3.833811257e+11,1166745,1486910.936,0.000107,1.27441
2021-08-15,3310.727393,117288287.7,1125295,490025,7635.231154,3.883095469e+11,1131989,1434200.846,0.001256,1.266974
2021-08-16,3157.773836,117298187.1,1253968,542706,6080.440484,3.704011463e+11,1260766,2585534.947,0.001711,2.050765
2021-08-17,3020.571401,117308585.8,1252163,530631,5751.675111,3.543389592e+11,1258995,2110887.312,0,1.676645
2021-08-18,3041.32006,117319205.9,1201544,513849,5279.306655,3.568052543e+11,1208252,2142545.201,0,1.77326
2021-08-19,3173.971823,117330511.3,1255453,563048,6206.941873,3.724037367e+11,1262355,1882601.068,0,1.49134
2021-08-20,3278.218724,117341615.7,1260054,562206,4717.247887,3.846714817e+11,1266829,2353063.664,0,1.857444
2021-08-21,3234.707278,117353110,1186758,529226,4017.839836,3.796029591e+11,1193502,1247377.293,0,1.045141
2021-08-22,3245.893479,117364716.9,1183893,512238,3998.629209,3.809533693e+11,1190706,1258811.378,0,1.057197
2021-08-23,3322.637851,117373873.1,1245624,538781,6649.918712,3.899908734e+11,1252360,2434483.239,0,1.943916
2021-08-24,3183.609092,117381389.4,1247051,521033,8796.999246,3.736964584e+11,1253869,2875408.796,0.001229,2.293229
2021-08-25,3228.703261,117387644.7,1184780,499356,10125.30097,3.790098712e+11,1191574,2341600.409,0.000206,1.965132
2021-08-26,3120.596535,117394032.5,1175063,498865,9971.381941,3.66339411e+11,1181860,1730459.269,8e-05,1.464183
2021-08-27,3270.013099,117397500.8,1119072,484937,13519.69735,3.838913654e+11,1125837,2110043.849,0.006114,1.8742
2021-08-28,3242.67175,117404345,1131721,507968,10023.65795,3.807037527e+11,1138473,1436884.666,0.004684,1.262116
2021-08-29,3230.914601,117410658.4,1147150,492972,11023.756,3.793438104e+11,1153938,1568323.452,0.005286,1.359105
2021-08-30,3238.360364,117415226.2,1198993,518590,12370.73733,3.802328148e+11,1205767,2144752.072,0.001456,1.778745
2021-08-31,3431.947753,117418946.3,1206314,552051,13552.44462,4.02975689e+11,1213102,2896507.525,0.002029,2.387687
2021-09-01,3793.829682,117422124.6,1225104,557664,15120.50255,4.454795418e+11,1231882,2786288.178,0.004155,2.261814
2021-09-02,3791.895936,117427286.8,1261258,567054,11645.60731,4.452720515e+11,1268103,3170363.46,0.001889,2.500084
2021-09-03,3918.582638,117428117.2,1198777,512273,16008.1935,4.601517811e+11,1205566,2509131.778,0,2.081289
2021-09-04,3886.230014,117432047.4,1189085,520028,12468.81531,4.563679473e+11,1195824,1564266.787,0,1.308108
2021-09-05,3954.617923,117436913.8,1136467,497385,11617.02937,4.644181241e+11,1143312,1204737.973,0.000287,1.053726
2021-09-06,3928.834011,117441095,1206493,526971,12226.6185,4.614065681e+11,1213281,1832148.79,0,1.510078
2021-09-07,3432.849631,117441626,1308071,558574,21131.62146,4.031594423e+11,1314835,3371684.651,8.2e-05,2.564341
2021-09-08,3507.776449,117442079.7,1178449,525184,16548.16918,4.119605612e+11,1185256,2614970.533,0,2.20625
2021-09-09,3432.863423,117443489.3,1219850,531348,16843.98861,4.031674585e+11,1226644,2486396.958,0,2.026991
2021-09-10,3204.176466,117449495.1,1244706,570843,10913.77216,3.763289083e+11,1251481,2389043.936,0,1.908973
2021-09-11,3259.209642,117458257.1,1249438,627702,6799.457326,3.828210839e+11,1256173,2293017.459,0.001,1.825399
2021-09-12,3417.719373,117467278.7,1211328,571552,6615.238341,4.01470194e+11,1218153,1248418.685,0.000603,1.024846
2021-09-13,3289.549854,117474947,1267491,631800,8811.061705,3.864396947e+11,1274222,1933863.353,0.003346,1.517682
2021-09-14,3419.675084,117483009.8,1231240,582576,8678.054137,4.017537214e+11,1237995,1622343.392,0.000255,1.31046
2021-09-15,3591.05804,117491481,1207590,573831,7350.47695,4.219187273e+11,1214384,2817105.471,0.00265,2.319781
2021-09-16,3567.720925,117498514.5,1224358,548933,9381.540034,4.192019089e+11,1231169,1673050.041,0.000279,1.358912
2021-09-17,3396.521017,117506330.4,1187578,524419,7912.291493,3.991127207e+11,1194366,2297306.989,0,1.923453
2021-09-18,3425.024345,117516074.2,1143196,536378,5675.515856,4.024954151e+11,1149961,1468436.175,0.00034,1.276944
2021-09-19,3319.990401,117525856.7,1128226,516797,7200.917714,3.901847163e+11,1135025,1150239,0.000526,1.013404
2021-09-20,2965.368165,117532644.4,1174559,495259,9331.6174,3.485275621e+11,1181329,2819265.912,0,2.386521
2021-09-21,2745.848173,117538259.1,1193295,524490,10725.89352,3.227422141e+11,1200117,2795882.548,0,2.329675
2021-09-22,3063.721332,117546743.9,1174030,534705,7241.07783,3.601304666e+11,1180789,2464922.203,0,2.087521
2021-09-23,3147.495074,117554735.5,1193053,534321,9503.84831,3.700029508e+11,1199773,2070506.619,0.005,1.725749
2021-09-24,2932.559323,117562828.2,1152685,506369,7640.784023,3.447599678e+11,1159444,3672695.418,0.001764,3.167635
2021-09-25,2932.49828,117573450.1,1121078,520155,5019.537963,3.447839402e+11,1127975,1087297.514,0.000139,0.963938
2021-09-26,3048.595617,117582099.6,1088537,473719,7482.458488,3.584602734e+11,1095424,3540695.028,0.002578,3.23226
2021-09-27,2952.496305,117589144.2,1133903,502882,17107.88004,3.471815139e+11,1140683,1748429.22,0.003348,1.532792
2021-09-28,2815.594708,117595701.8,1108122,495482,9418.926727,3.311018356e+11,1114816,1586746.656,0.004941,1.423326
2021-09-29,2843.271769,117602935.6,1135869,507212,8538.321083,3.343771067e+11,1142652,1505020.09,0.004341,1.317129
2021-09-30,3001.527513,117607218.3,1116157,499026,11775.65807,3.530013015e+11,1122850,1488860.77,0.007907,1.325966
2021-10-01,3299.44177,117614035,1207263,571554,9090.188011,3.880606598e+11,1214091,1968160.195,0.003298,1.621098
2021-10-02,3393.857028,117623078.8,1117899,520147,6712.862159,3.991959125e+11,1124625,1305405.355,0.003016,1.160747
2021-10-03,3420.439016,117632124.9,1130224,522882,6323.93977,4.023535097e+11,1136936,1120164.458,0.002737,0.985248
2021-10-04,3391.623321,117637501.4,1121513,495268,10441.14751,3.989820931e+11,1128221,1670783.342,0.005134,1.480901
2021-10-05,3520.414454,117640697.2,1235674,562663,13747.97411,4.141440106e+11,1242422,2474550.76,0.007308,1.991715
2021-10-06,3588.434081,117642095.8,1337833,663597,15037.74291,4.221509059e+11,1344621,2354299.105,0.012137,1.750902
2021-10-07,3589.307074,117643895.2,1344295,629637,14745.25814,4.222600651e+11,1350959,2411834.393,0.001809,1.785276
2021-10-08,3561.094105,117647076.6,1287034,600443,13093.14176,4.189523111e+11,1293811,2268794.246,0.01,1.753575
2021-10-09,3579.872037,117654437,1191856,585763,8056.781214,4.21187829e+11,1198557,987941.8799,0.001821,0.824276
2021-10-10,3432.001715,117661732.3,1137901,537497,8651.623785,4.038152671e+11,1144634,1144172.9,0.002348,0.999597
2021-10-11,3519.56701,117666602,1183486,538818,11220.13786,4.141354906e+11,1190238,1495177.307,0,1.2562
2021-10-12,3491.26025,117673160.8,1203566,546484,9273.661673,4.108276287e+11,1210281,1621903.469,0.000474,1.340105
2021-10-13,3597.562898,117678892.3,1189854,531985,10193.95991,4.233572168e+11,1196706,2033917.181,0.004475,1.699596
2021-10-14,3786.542237,117681577,1227097,554283,13596.40808,4.45606262e+11,1233822,3651621.409,0.0046,2.959601
2021-10-15,3861.712462,117684398.9,1302993,556421,15638.55244,4.544633097e+11,1309703,2832193.728,0.002507,2.16247
2021-10-16,3836.76805,117691342.7,1181031,583223,8752.975778,4.515543833e+11,1187838,1780387.987,0.003051,1.498847
2021-10-17,3836.397704,117699183,1144184,551918,7725.038217,4.515408754e+11,1150965,1475396.862,0.002942,1.281878
2021-10-18,3746.066066,117705154.9,1197673,571994,13205.98025,4.409312864e+11,1204359,1955013.65,0.002066,1.623281
2021-10-19,3875.044139,117713185.3,1243503,590941,7739.352435,4.561437887e+11,1250268,1775067.342,0,1.419749
2021-10-20,4153.386612,117720595.9,1259885,617867,8222.214422,4.889391469e+11,1266603,2123113.26,0.001643,1.676226
2021-10-21,4065.167432,117726747.4,1277275,614826,10046.09338,4.785789395e+11,1284066,2937379.468,0.002803,2.287561
2021-10-22,3975.543157,117733611.3,1256044,599968,9048.135671,4.680550526e+11,1262836,2264555.187,0.003936,1.79323
2021-10-23,4159.579539,117742352.4,1235169,613428,6795.407659,4.897586798e+11,1241880,1287771.879,0.004096,1.036954
2021-10-24,4076.593574,117750394.7,1261312,597172,7643.912497,4.800205022e+11,1268033,977534.6098,0.003655,0.770906
2021-10-25,4214.410589,117756255.8,1299495,601353,10212.73743,4.962732112e+11,1306272,1594406.761,0.004852,1.220578
2021-10-26,4130.632518,117759685.7,1344772,611277,12813.8416,4.864219872e+11,1351528,1706677.908,0.005697,1.262777
2021-10-27,3947.621928,117759379.9,1370504,619064,17164.85476,4.648695105e+11,1377214,2803689.186,0,2.035769
2021-10-28,4278.770269,117757184.5,1510502,692894,19171.1374,5.038559399e+11,1517257,1827130.44,0.01,1.204233
2021-10-29,4413.186821,117756181,1456333,711169,17671.28062,5.196800261e+11,1463065,2999990.405,0.006842,2.050483
2021-10-30,4311.34383,117756466.9,1379095,659889,16363.46556,5.076886172e+11,1385834,1342828.414,0.004225,0.968968
2021-10-31,4293.965507,117757786.2,1304184,627757,14964.52279,5.056478722e+11,1310874,1309612.243,2e-06,0.999037
2021-11-01,4325.78806,117758233.4,1341733,659285,16074.76734,5.093971601e+11,1348535,1904717.794,0.001344,1.412435
2021-11-02,4586.379504,117757244.7,1395656,676772,17655.6878,5.400794135e+11,1402377,2253753.678,0.001544,1.607095
2021-11-03,4598.852129,117757458.7,1417221,698045,16453.98205,5.415491394e+11,1423986,3054448.064,0,2.144999
2021-11-04,4535.601844,117759139.6,1352186,667719,14465.05943,5.341085705e+11,1358811,2067994.736,0,1.521915
2021-11-05,4476.897314,117761812.8,1339661,653772,13693.96842,5.272075433e+11,1346437,1970620.384,0,1.463582
2021-11-06,4511.642562,117766159.5,1255921,626349,11707.63141,5.313188178e+11,1262609,1282619.082,0.002898,1.015848
2021-11-07,4609.291091,117772011.4,1276998,635934,10117.63452,5.428454828e+11,1283803,944935.0837,0.004583,0.736044
2021-11-08,4811.156463,117775519.9,1329018,652985,12894.0644,5.666364536e+11,1335721,1934085.448,0.002054,1.447971
2021-11-09,4735.696747,117774428.7,1334145,615663,17509.7867,5.577439787e+11,1340844,1906370.957,0,1.421769
2021-11-10,4619.955129,117774062.4,1390746,667073,17010.62892,5.441108837e+11,1397493,1987564.741,0.002618,1.422236
2021-11-11,4727.746316,117774385.9,1347643,648381,16195.46126,5.568074189e+11,1354356,1897993.583,0.007,1.401399
2021-11-12,4662.7612,117775608.5,1345131,643077,15065.38436,5.491595376e+11,1351862,2072405.031,0.0075,1.533
2021-11-13,4644.942487,117778299.1,1300464,645914,13177.29814,5.470734256e+11,1307090,1228827.47,0.013555,0.940125
2021-11-14,4609.516567,117782678.2,1275744,643453,11392.16531,5.429212064e+11,1282399,1233855.273,0.01,0.962146
2021-11-15,4569.40777,117783567.7,1289636,606035,15416.78455,5.382011494e+11,1296289,3776220.003,0.005,2.9131
2021-11-16,4234.131465,117785226.9,1310153,609878,14651.75566,4.987181354e+11,1316774,2513943.345,0,1.909168
2021-11-17,4265.599006,117787806.6,1353219,695411,13499.09348,5.024355506e+11,1359965,2030925.921,0.006648,1.493366
2021-11-18,3985.674373,117789523,1284250,591158,14467.30497,4.694706833e+11,1290932,2239183.504,0.00095,1.734548
2021-11-19,4291.28635,117793049.6,1255788,609854,12140.16512,5.054837058e+11,1262369,2046722.794,0.006286,1.621335
2021-11-20,4413.144251,117798144.7,1160128,557039,10437.56727,5.19860205e+11,1166755,1422994.34,0.004123,1.219617
2021-11-21,4310.080434,117803146.4,1260939,607663,10668.71459,5.077410363e+11,1267597,1682165.443,0.004595,1.327051
2021-11-22,4096.772401,117804393.2,1221508,546020,14931.93888,4.826177868e+11,1228223,1917208.437,0.00327,1.560961
2021-11-23,4348.156228,117806903.3,1264994,580960,13693.92493,5.122428203e+11,1271665,1899450.628,0.002224,1.493672
2021-11-24,4261.969114,117809875.4,1342491,603666,13060.89348,5.021020504e+11,1349123,2175297.082,0,1.612379
2021-11-25,4526.042951,117813466.5,1301578,593203,12411.62963,5.332288094e+11,1308252,1724367.342,0,1.31807
2021-11-26,4052.008568,117818021,1297524,600396,11379.87856,4.773996305e+11,1304121,2754787.777,0,2.112371
2021-11-27,4086.923302,117822695.1,1213284,550277,12144.67521,4.81532318e+11,1220037,1153880.976,0.002668,0.945775
2021-11-28,4291.079171,117827031.6,1135653,527846,11449.81461,5.05605121e+11,1142295,1052922.495,0.002571,0.921761
2021-11-29,4448.409991,117830620.7,1247688,600952,12196.50136,5.241589103e+11,1254303,1958326.08,0.003988,1.561286
2021-11-30,4645.053627,117832455.4,1280926,626326,14869.57778,5.473380742e+11,1287578,2816412.415,0.001428,2.187372
2021-12-01,4584.534451,117834521.1,1221643,580963,13659.03576,5.402164217e+11,1228219,2645537.732,0.003529,2.153963
2021-12-02,4527.544757,117838813.4,1265286,608129,11669.44427,5.335205019e+11,1271867,2070016.563,0,1.627542
2021-12-03,4232.933151,117843636.2,1211488,565386,10838.54391,4.988242342e+11,1218115,2418751.501,0,1.985651
2021-12-04,4097.761261,117845365.9,1235697,552442,14360.44974,4.82902175e+11,1242216,3411521.191,0,2.746319
2021-12-05,4190.580693,117850860,1386491,827716,10216.57527,4.938635387e+11,1393126,1726271.046,0.011172,1.239135
2021-12-06,4341.941021,117855850.5,1244773,590752,10750.74267,5.117231517e+11,1251386,3213717.752,0,2.568127
2021-12-07,4303.762652,117861926.5,1224771,596211,9442.821735,5.072497571e+11,1231362,2323777.481,0,1.88716
2021-12-08,4427.312634,117869226.1,1296307,646033,8060.333937,5.218439138e+11,1302875,2002401.49,0.001152,1.53691
2021-12-09,4157.28748,117876331.4,1251338,607679,8478.797959,4.900457967e+11,1257965,1981426.869,0.00356,1.575105
2021-12-10,3931.613105,117883064,1237735,615402,9498.383158,4.634705995e+11,1244521,2138778.658,0.00246,1.718556
2021-12-11,4079.584985,117891098.5,1199384,580529,7728.595102,4.809467552e+11,1206225,1295114.973,0.002849,1.073693
2021-12-12,4140.987691,117900317.8,1181898,597666,6565.699339,4.882237647e+11,1188774,757301.7161,0.002797,0.637044
2021-12-13,3788.082337,117907789.2,1242978,610119,8881.745101,4.466444137e+11,1249802,2630728.774,0.000328,2.104916
2021-12-14,3850.763308,117915705.6,1214900,617851,7990.005956,4.540654728e+11,1221687,2346140.309,0,1.92041
2021-12-15,4015.642312,117922513.1,1258462,607023,9141.095383,4.735346332e+11,1265279,1950853.009,0,1.541836
2021-12-16,3973.451095,117927779.8,1155456,601543,10425.10954,4.685802657e+11,1162187,1975886.15,0.00377,1.700145
2021-12-17,3885.430082,117934692.5,1270355,615023,10099.1238,4.582270017e+11,1277192,1834739.294,0.008686,1.436541
2021-12-18,3965.871241,117943638.3,1159873,567903,6756.61514,4.677492833e+11,1166746,1265418.981,0.003581,1.084571
2021-12-19,3937.565862,117953540.7,1137581,565355,6439.495199,4.644498352e+11,1144380,864067.7552,0.002472,0.755053
2021-12-20,3939.674276,117962549.5,1201239,591470,7284.992227,4.647340218e+11,1208196,1539204.295,0.002239,1.273969
2021-12-21,4028.997879,117971262.6,1203638,597365,6958.755607,4.75305967e+11,1210446,1531266.277,0.0028,1.265043
2021-12-22,3984.712788,117979082.1,1233315,628066,7947.916104,4.701127573e+11,1240125,1547984.869,0.003712,1.248249
2021-12-23,4101.849561,117986707.8,1245242,593940,8583.231725,4.839637255e+11,1252046,1741712.958,0.001076,1.391093
2021-12-24,4045.164504,117995253.8,1298329,629177,7409.269644,4.773102122e+11,1305153,1536403.238,0,1.177182
2021-12-25,4099.921222,118003663.8,1299519,609518,7258.630975,4.838057253e+11,1306350,1384932.66,0,1.060154
2021-12-26,4070.352063,118013494.6,1206942,592616,5718.785211,4.803564714e+11,1213792,816433.4339,0,0.67263
2021-12-27,4044.388477,118021267.6,1252037,621784,8035.150891,4.773238548e+11,1258894,1720912.808,0.001234,1.367004
2021-12-28,3806.110236,118026807,1241032,595032,10411.69173,4.49223038e+11,1247841,2010534.498,0.00356,1.61121
2021-12-29,3638.663379,118030353.9,1252468,564074,12660.04515,4.294727262e+11,1259322,1662562.781,0,1.320205
2021-12-30,3708.037335,118035304,1255688,602454,10996.00464,4.376793141e+11,1262509,3387757.687,0.00356,2.683353
2021-12-31,3686.951792,118041602.3,1214585,578540,9315.933012,4.35213697e+11,1221342,2344148.625,0,1.919322
2022-01-01,3761.05964,118049177.8,1180989,581310,8173.678752,4.439899983e+11,1187885,1110214.787,0,0.934615
2022-01-02,3832.36561,118054804.9,1158900,551998,10295.01465,4.524291744e+11,1165801,862479.2567,0.00356,0.739817
2022-01-03,3765.44035,118060102.6,1209173,591354,10537.85426,4.445482741e+11,1216035,1202186.501,0.004573,0.988612
2022-01-04,3796.640461,118063057.3,1221316,601544,13243.28997,4.482429804e+11,1228183,1809919.181,0.007332,1.473656
2022-01-05,3545.758258,118064692,1249628,632107,14676.05053,4.186288566e+11,1256430,2179136.116,0.004891,1.734387
2022-01-06,3413.237503,118067192.3,1212495,607697,13357.22019,4.029913686e+11,1219241,2746229.11,0.008,2.252409
2022-01-07,3190.126812,118068474.8,1188490,589283,14991.46354,3.766534073e+11,1195242,2643258.643,0.012086,2.211484
2022-01-08,3092.880017,118072739.7,1183873,596125,11879.02556,3.65184817e+11,1190779,1470373.182,0.01,1.234799
2022-01-09,3154.840156,118073603.9,1108322,534489,15264.77317,3.725033469e+11,1115169,1056987.424,0.025661,0.947827
2022-01-10,3079.865776,118068986.9,1233195,524870,20877.38611,3.636366319e+11,1239977,1874425.704,0,1.511662
2022-01-11,3241.954265,118066947.2,1277649,591386,18392.75865,3.82767643e+11,1284532,1661165.832,0.004672,1.293207
2022-01-12,3372.84781,118064926.3,1283346,634922,19495.38546,3.98215028e+11,1290179,1823093.787,0.007794,1.413055
2022-01-13,3253.071535,118064523.7,1282921,658808,16461.30192,3.840723412e+11,1289748,2077687.703,0.01,1.610925
2022-01-14,3308.715726,118062142.2,1218460,593126,18664.63251,3.906340666e+11,1225241,1671908.435,0.01,1.364555
2022-01-15,3334.446716,118065062,1174849,616538,13418.88191,3.936816583e+11,1181693,1067022.856,0.01,0.902961
2022-01-16,3356.3325,118067845.8,1162954,591290,13079.73237,3.962749482e+11,1169797,1047722.491,0.010041,0.895645
2022-01-17,3211.120315,118070312,1198719,592963,14432.45293,3.791379776e+11,1205533,1532470.785,0.01,1.271198
2022-01-18,3165.796731,118074371.8,1169526,584159,12207.46718,3.737994602e+11,1176366,1550639.336,0.008416,1.318161
2022-01-19,3105.419498,118077991.9,1223143,606823,12636.50045,3.666816984e+11,1229969,2303705.417,0.008218,1.872978
2022-01-20,3011.875639,118080053.5,1190018,591925,14882.16395,3.556424365e+11,1196860,1890030.764,0.009528,1.579158
2022-01-21,2565.055648,118078370.1,1189898,567601,18182.71595,3.028775903e+11,1196666,4187963.746,0.005527,3.499693
2022-01-22,2400.82875,118078768.9,1204920,566830,16293.98114,2.834869033e+11,1211861,3738143.34,0,3.08463
2022-01-23,2533.494037,118082248.2,1077884,541674,12211.08991,2.991606716e+11,1084661,2310152.631,0.010707,2.129838
2022-01-24,2439.123031,118084782.8,1147109,550404,14013.31418,2.880233133e+11,1153951,3457196.616,0.001244,2.995965
2022-01-25,2458.382,118087292.4,1177640,571545,13903.45904,2.903036741e+11,1184470,2433298.364,0.008019,2.054335
2022-01-26,2467.107772,118089389.2,1146116,559574,13917.21881,2.9133925e+11,1152911,2789459.053,0.004227,2.419492
2022-01-27,2412.62447,118090211.3,1133684,537711,15283.15479,2.849073334e+11,1140515,2705571.027,0.001413,2.372236
2022-01-28,2545.549897,118092413.3,1137559,563345,13758.0488,3.006101305e+11,1144360,2273524.51,0.008997,1.986721
2022-01-29,2593.197288,118096908,1147157,564639,11558.534,3.062485815e+11,1153958,1599174.18,0.014403,1.385817
2022-01-30,2610.555299,118101746.7,1183850,581901,12824.10934,3.083111406e+11,1190728,1607318.555,0.01956,1.349862
2022-01-31,2686.267829,118105689.2,1177345,603862,11886.96295,3.172635134e+11,1184132,2160786.318,0.011851,1.824785
2022-02-01,2795.578153,118106759.3,1173199,596580,15307.63671,3.301766761e+11,1180032,2008180.379,0.018647,1.701802
2022-02-02,2686.64838,118108234.7,1152665,582512,14982.70866,3.173152976e+11,1159473,1606426.331,0.019,1.38548
2022-02-03,2670.653379,118112134.5,1111215,564022,12051.65649,3.154365713e+11,1117999,2534674.291,0.008344,2.267153
2022-02-04,2969.932183,118117445.2,1168994,600857,10738.63464,3.50800802e+11,1175918,2097225.133,0.00972,1.783479
2022-02-05,3017.609916,118125276.9,1235023,664334,13628.25844,3.564560069e+11,1241788,1298448.44,0.006339,1.045628
2022-02-06,3049.372191,118133557.9,1173884,631736,7528.103781,3.602331862e+11,1180760,902558.3083,0.005634,0.764388
2022-02-07,3145.373676,118138052.5,1163338,607608,11457.29373,3.715883206e+11,1170155,2083678.325,0.007281,1.780686
2022-02-08,3126.634352,118144799.6,1180780,610323,8957.799182,3.693955888e+11,1187559,1937082.105,0.003226,1.631146
2022-02-09,3241.723961,118151348.2,1205889,618614,9469.092612,3.830140566e+11,1212744,1783137.127,0.006668,1.470333
2022-02-10,3080.565482,118157961.8,1205676,623464,10972.8875,3.639933386e+11,1212491,2874097.699,0.004381,2.370407
2022-02-11,2924.080468,118166304.6,1183966,628135,7594.663506,3.455277834e+11,1190849,2248891.654,0.002285,1.888478
2022-02-12,2910.836175,118175254.3,1114648,593930,6661.708657,3.439888054e+11,1121441,1251262.109,0.002161,1.115763
2022-02-13,2880.696526,118185106.3,1115296,609734,5766.386411,3.40455425e+11,1122093,977160.1224,0.002256,0.870837
2022-02-14,2936.29826,118194564.2,1147522,616653,6323.1296,3.470544933e+11,1154327,1630963.625,0.001801,1.412913
2022-02-15,3175.258215,118203663.2,1192633,603711,7729.414507,3.753271526e+11,1199512,1886245.058,0.001622,1.57251
2022-02-16,3140.526479,118211362.9,1194693,574473,8237.980907,3.712459153e+11,1201441,1399092.492,0,1.164512
2022-02-17,2887.983293,118219467.2,1141997,571833,7748.348248,3.414158461e+11,1148821,1706594.861,0.002139,1.485519
2022-02-18,2784.718295,118225504.5,1252754,532857,9595.184303,3.292247252e+11,1259569,1688945.37,0,1.340892
2022-02-19,2757.595245,118234406.3,1150162,560677,7074.307041,3.260426366e+11,1156927,839271.0652,0.001774,0.725431
2022-02-20,2636.388942,118243485.8,1343869,573519,7500.098525,3.117358186e+11,1350768,1228421.182,0,0.909424
2022-02-21,2578.87217,118250033.3,1134349,539817,9088.069084,3.0495172e+11,1141132,1674296.963,0.01,1.467225
2022-02-22,2636.229239,118257031.4,1129213,550464,8819.960158,3.117526438e+11,1136009,1452164.251,0.007747,1.278303
2022-02-23,2591.792151,118264523.1,1147632,579757,9935.231552,3.065170627e+11,1154473,1521252.52,0.006067,1.317703
2022-02-24,2594.051763,118271553.2,1181182,581027,8945.247049,3.068025311e+11,1188056,3917309.694,0.003922,3.297243
2022-02-25,2788.59008,118281104.5,1137898,596415,6433.460826,3.298375146e+11,1144668,2142178.695,0.003025,1.871441
2022-02-26,2777.684192,118291930.9,1167802,623437,5447.88932,3.285776266e+11,1174648,1113379.038,0.002114,0.947841
2022-02-27,2614.482119,118302953.9,1125065,582203,4587.011263,3.093009576e+11,1131897,1113389.148,0.001917,0.983649
2022-02-28,2914.465065,118311264.2,1108112,559824,7428.106664,3.448140463e+11,1114903,1869736.645,0.001548,1.67704
2022-03-01,2969.53468,118320842.3,1161564,591290,6104.056646,3.513578448e+11,1168397,2163964.693,0.001823,1.85208
2022-03-02,2954.656857,118330729.8,1191369,615639,5619.727324,3.496267021e+11,1198126,1699835.201,0.002324,1.418745
2022-03-03,2836.953932,118341214.8,1167187,603657,5167.03552,3.357285746e+11,1174002,1597582.046,0.002302,1.3608
2022-03-04,2617.822504,118351969.6,1167450,606641,4983.688365,3.098244495e+11,1174349,1923650.432,0.002006,1.638057
2022-03-05,2662.886033,118363595.6,1077981,570463,3761.313501,3.151887656e+11,1084737,978318.7753,0.001697,0.901895
2022-03-06,2557.904164,118374151.2,1123245,588892,4960.952454,3.027897343e+11,1130043,732306.0597,0.00176,0.648034
2022-03-07,2501.000671,118385607.1,1174568,604545,4425.69442,2.960824828e+11,1181430,1712567.021,0.001559,1.449571
2022-03-08,2577.764863,118397158.6,1195626,662168,4800.109572,3.052000352e+11,1202438,1724828.47,0.001117,1.434443
2022-03-09,2726.971276,118408851.1,1178322,636798,3998.865185,3.228975358e+11,1185220,1420888.482,3.7e-05,1.198839
2022-03-10,2611.411408,118420966.4,1229591,705372,3539.727671,3.092458626e+11,1236450,1604739.956,0,1.297861
2022-03-11,2562.606975,118433467.9,1119334,587448,3299.893808,3.034984308e+11,1126049,1269368.83,0.001672,1.127277
2022-03-12,2578.182133,118446532.4,1120627,603452,2594.38155,3.053767336e+11,1127556,617275.9215,0.00155,0.547446
2022-03-13,2516.491952,118458829.2,1041827,554862,3535.026824,2.981006903e+11,1048544,794909.9996,0.001561,0.758108
2022-03-14,2589.377617,118471023.9,1097913,565713,3497.488249,3.067662176e+11,1104788,1174816.288,0.000927,1.063386
2022-03-15,2621.237019,118482609.7,1190207,637927,3899.120516,3.105710027e+11,1197004,2714113.622,0.001547,2.267422
2022-03-16,2768.915527,118493817.3,1236011,688363,4317.314364,3.280993705e+11,1242775,1778302.514,0.001165,1.430913
2022-03-17,2816.071124,118503180.1,1174532,576394,7221.239129,3.337133835e+11,1181349,1704412.014,0.001048,1.442768
2022-03-18,2945.90649,118513176.3,1265944,708137,6759.527657,3.491287352e+11,1272775,2028960.659,0.008709,1.594124
2022-03-19,2948.82828,118525431.5,1127607,602552,3239.634711,3.495111441e+11,1134422,1639854.949,2.8e-05,1.445542
2022-03-20,2861.815274,118538078,1119066,589913,2850.976455,3.392340821e+11,1125847,741736.5419,0.001252,0.658825
2022-03-21,2898.312575,118550003.1,1162829,622971,3530.289833,3.435949647e+11,1169589,1613930.306,0.001433,1.379912
2022-03-22,2976.634825,118561261.8,1220571,662271,4425.406711,3.529135808e+11,1227366,2129981.073,0.003233,1.735408
2022-03-23,3021.127167,118572817.8,1164437,615398,4006.96515,3.582235611e+11,1171267,1511886.064,0.001078,1.290812
2022-03-24,3110.073582,118583240.4,1151969,591502,5208.513792,3.688026033e+11,1158775,1929200.663,0.001201,1.664862
2022-03-25,3104.455543,118594013.4,1146814,587955,4824.857088,3.681698424e+11,1153654,2019359.359,0.002309,1.750403
2022-03-26,3145.640742,118606027.1,1123878,598766,3356.956898,3.73091951e+11,1130652,686501.828,0.001346,0.607173
2022-03-27,3288.739511,118616881.5,1122675,589698,6173.841299,3.90100025e+11,1129433,877002.2881,0.00149,0.776498
2022-03-28,3346.480372,118624762.4,1218023,600048,9491.674007,3.969754391e+11,1224864,1909551.123,3e-06,1.55899
2022-03-29,3398.672101,118635638.3,1199899,606799,5020.956331,4.032036339e+11,1206748,2217092.572,0,1.837246
2022-03-30,3389.049399,118645805.6,1152200,578060,5425.742455,4.020964962e+11,1158989,2038614.801,0,1.75896
2022-03-31,3281.787511,118656039.4,1167121,588465,5387.723293,3.894039081e+11,1173899,1972552.26,0.000949,1.680342
2022-04-01,3446.519837,118665067.9,1159493,565447,6737.810808,4.089815104e+11,1166323,2047498.657,0,1.755516
2022-04-02,3451.965558,118675006.2,1094668,540619,6305.861216,4.096620338e+11,1101375,1375104.365,0.002238,1.248534
2022-04-03,3521.532551,118685095.1,1060779,533294,5949.876314,4.179534256e+11,1067577,925286.2636,0.006557,0.866716
2022-04-04,3525.405897,118694089.5,1105170,522069,6549.428272,4.184448431e+11,1111863,1296342.564,0.004757,1.165919
2022-04-05,3425.354873,118698730.4,1087129,542184,13519.94865,4.065852745e+11,1093944,1497997.988,0.005967,1.369355
2022-04-06,3183.703369,118708353.5,1127174,553413,6090.201567,3.779321849e+11,1133972,1882149.083,0.002269,1.659784
2022-04-07,3238.188847,118717490.3,1127793,545393,7287.407289,3.844296531e+11,1134578,1823566.612,0.004746,1.607264
2022-04-08,3185.765966,118727277,1104419,539721,5748.037961,3.782373183e+11,1111179,1405274.283,0.004746,1.26467
2022-04-09,3257.963085,118738917.6,1085399,568479,3749.205365,3.868470103e+11,1092155,869940.7848,0.002066,0.796536
2022-04-10,3218.131776,118750676.2,1104239,564604,4403.816407,3.821553244e+11,1111019,715429.1403,0.004666,0.64394
2022-04-11,2985.298678,118761500.5,1113264,547339,4876.599348,3.545385506e+11,1120091,2251844.28,0.00096,2.010412
2022-04-12,3027.955011,118772212.8,1112524,531996,4917.488908,3.59636917e+11,1119331,1313338.166,0,1.173324
2022-04-13,3118.539259,118782785.7,1067983,511890,4853.149611,3.704287806e+11,1074693,1294969.997,0.000884,1.204967
2022-04-14,3019.787031,118793328.5,1117285,553038,5151.445377,3.587305527e+11,1124075,1281499.671,0.002125,1.140048
2022-04-15,3039.327266,118805144.9,1110994,550349,4174.605838,3.610877164e+11,1117786,1379877.999,0.000854,1.234474
2022-04-16,3065.655423,118817307.5,1059286,548320,3773.548939,3.64252923e+11,1066031,1147290.25,0.001167,1.076226
2022-04-17,2996.526885,118830010.9,1043251,528863,3006.366918,3.560773224e+11,1050053,1024752.716,0.001096,0.975906
2022-04-18,3058.249114,118841650.2,1103439,555385,3894.660807,3.634473713e+11,1110199,1468557.32,0.001167,1.322787
2022-04-19,3104.38072,118852848.5,1214496,651247,4386.767256,3.689644915e+11,1221246,1649551.369,0.001755,1.350712
2022-04-20,3078.536936,118861240.2,1241534,655981,7483.310609,3.659187183e+11,1248328,2516696.246,0.00296,2.016054
2022-04-21,2984.30084,118870353.6,1119925,544777,6232.939638,3.54744896e+11,1126557,1508963.672,0,1.339447
2022-04-22,2963.936885,118880579.5,1144822,572976,5752.443217,3.523545346e+11,1151567,1592387.008,0.004229,1.3828
2022-04-23,2941.414396,118892436.8,1051478,540859,3445.331663,3.497119252e+11,1058193,681810.6141,0.001436,0.644316
2022-04-24,2924.172237,118904322,1071778,559200,3510.842138,3.476967173e+11,1078506,749998.0265,0.001669,0.695405
2022-04-25,3012.215277,118914321.6,1149227,559293,5594.55491,3.581955363e+11,1155951,2115495.462,0,1.830091
2022-04-26,2801.382475,118924823.9,1125250,564643,4839.858462,3.331539176e+11,1131932,1705218.015,0.002226,1.506467
2022-04-27,2886.845577,118935217,1161504,572913,5443.776492,3.433476051e+11,1168257,1552148.959,0.00489,1.328602
2022-04-28,2934.099591,118945552.2,1155514,567858,5448.804119,3.48998096e+11,1162244,1780140.314,0.001902,1.531641
2022-04-29,2815.627258,118955947.1,1168081,556135,5330.061883,3.349356071e+11,1174831,2553207.898,0.000425,2.173255
2022-04-30,2729.732454,118966578.9,1211671,555823,4932.134596,3.247469315e+11,1218421,1138863.678,0,0.934705
2022-05-01,2829.091364,118909799.1,1154787,516314,81747.49396,3.364066857e+11,1161549,1710835.622,0.001955,1.472891
2022-05-02,2861.527809,118918420.7,1112065,508839,6906.372735,3.40288368e+11,1118767,2462405.239,0.001935,2.200999
2022-05-03,2780.92367,118927549.7,1077506,508627,6210.063159,3.30728438e+11,1084191,2655362.829,0.001938,2.449165
2022-05-04,2936.765347,118937769.8,1102254,557482,5048.041227,3.492923206e+11,1108857,1898203.4,0.001932,1.711856
2022-05-05,2746.635281,118947344.2,1187804,593851,6484.714025,3.267049723e+11,1194440,1942279.875,0.001,1.626101
2022-05-06,2697.481428,118958121.8,1116562,557019,5424.069168,3.208873243e+11,1123199,1993123.522,0.002452,1.774506
2022-05-07,2636.530886,118969953.3,1051489,536753,3294.490201,3.136679563e+11,1058145,1139609.131,0.000889,1.076988
2022-05-08,2519.636783,118982496.5,1087198,560544,2810.27447,2.997926747e+11,1093902,1405030.511,0.000907,1.284421
2022-05-09,2257.950582,118991734.5,1158340,558479,6330.30236,2.686774562e+11,1164919,3823096.911,0,3.281856
2022-05-10,2342.927396,119001385.9,1202934,576970,6103.486002,2.788116071e+11,1209581,3641426.031,0.003367,3.010485
2022-05-11,2068.275221,119003902.5,1210708,520754,14476.73813,2.461328228e+11,1217430,5302835.833,0,4.355762
2022-05-12,1958.453459,119000052.4,1327755,658062,21155.12535,2.330560642e+11,1334336,8268217.207,0,6.196503
2022-05-13,2016.051784,119008069,1342405,695591,7826.319444,2.399264298e+11,1349137,4603563.042,0.001989,3.412228
2022-05-14,2053.091694,119019579.8,1139785,567897,3939.580455,2.443581107e+11,1146370,1460149.017,0.000177,1.273715
2022-05-15,2138.964011,119032209,1089441,549377,2646.160864,2.546056113e+11,1096076,1232926.335,0.000732,1.124855
2022-05-16,2022.619465,119044873.7,1124352,573392,2743.443609,2.407824787e+11,1131021,3727256.155,5e-06,3.295479
2022-05-17,2092.880745,119056599.6,1135718,546736,3650.169081,2.49171265e+11,1142383,1900312.025,0.000859,1.663463
2022-05-18,1921.007928,119068978.4,1177913,605317,2934.269246,2.287324514e+11,1184569,2254436.012,0,1.90317
2022-05-19,2016.372262,119081128.2,1093367,538886,2843.671164,2.401118837e+11,1099828,2227024.578,0.00032,2.024884
2022-05-20,1962.03073,119093026.6,1112811,525097,3048.534936,2.336641779e+11,1119283,2651467.127,0,2.368898
2022-05-21,1973.774491,119105656.6,1094539,539737,2367.513119,2.350877067e+11,1100991,938462.7752,0.000672,0.85238
2022-05-22,2044.564549,119118023.4,1055644,512640,2385.018712,2.435444877e+11,1062081,1099735.807,0.000795,1.035454
2022-05-23,1970.620475,119130307.7,1085863,516478,2755.601126,2.347606235e+11,1092397,2266645.399,0,2.074928
2022-05-24,1977.804446,119142096.2,1100715,529361,3014.974468,2.356397675e+11,1107111,1632634.886,0.000395,1.47468
2022-05-25,1944.328363,119153637.6,1094639,508394,3561.119791,2.316737971e+11,1101188,1139662.087,0.0005,1.034939
2022-05-26,1807.681602,119163928.2,1071180,474789,4777.888069,2.154104406e+11,1077636,3296230.664,0,3.058761
2022-05-27,1721.278143,119174828.8,1093469,494939,4330.132828,2.051330281e+11,1100014,3153216.861,0,2.866524
2022-05-28,1793.658157,119187474.5,1069802,540979,2225.438603,2.137815858e+11,1076279,1077227.443,0.000906,1.000881
2022-05-29,1811.057558,119200088.4,1065407,525079,2240.96623,2.158782211e+11,1071881,995496.5332,0.001129,0.928738
2022-05-30,1996.4993,119211535.4,1070320,467010,3467.075998,2.380057469e+11,1076743,1889709.865,0,1.755024
2022-05-31,1947.317036,119221695.9,1149142,535077,5248.93265,2.321624396e+11,1155629,2202380.075,0,1.905785
2022-06-01,1827.637108,119231195.2,1091283,497974,5531.80838,2.179113568e+11,1097757,2240003.34,0.000746,2.040527
2022-06-02,1835.388975,119240151.8,1092776,469844,6006.002339,2.1885206e+11,1099261,2263309.006,0,2.058937
2022-06-03,1773.334506,119249154.8,1067485,471612,5973.016906,2.11468641e+11,1073951,1573222.448,0.002169,1.464892
2022-06-04,1799.048309,119258307.3,1029121,452819,5459.01365,2.145514561e+11,1035309,770414.4627,0,0.74414
2022-06-05,1805.689054,119267563.9,1007109,449159,5212.673826,2.153601347e+11,1013330,807400.2754,0,0.796779
2022-06-06,1857.054864,119276898.2,1044319,480143,4995.445844,2.21503744e+11,1050414,1551560.609,0,1.477094
2022-06-07,1812.557375,119286084.8,1050984,471285,5571.589482,2.162128728e+11,1057250,2092084.364,0,1.978798
2022-06-08,1794.501577,119293843.1,1042749,445135,6755.242568,2.140729895e+11,1048917,1416794.1,0,1.350721
2022-06-09,1787.182295,119301752.9,1022462,468652,6532.257817,2.132139805e+11,1028542,1409789.664,0,1.370668
2022-06-10,1662.503098,119310970.6,1079448,502689,5431.423575,1.983548582e+11,1085636,2768962.427,0,2.550544
2022-06-11,1529.500905,119321825.4,1031618,504859,3725.494099,1.825028399e+11,1037827,3363677.416,0,3.241077
2022-06-12,1449.376091,119332827.7,1021635,479435,3412.626136,1.729581473e+11,1027775,2642825.682,0,2.571405
2022-06-13,1192.163859,119339552.5,1109435,495554,8807.057387,1.422723015e+11,1115601,7707702.099,0,6.909013
2022-06-14,1205.544585,119348453.9,1086757,502774,5957.987374,1.438798822e+11,1092856,5626755.969,0,5.148671
2022-06-15,1228.524212,119356752.2,1097000,485344,6507.242519,1.466326599e+11,1103081,5165980.516,0,4.683229
2022-06-16,1062.056318,119367177.9,1100312,512976,4018.897033,1.267746655e+11,1106448,3896994.163,0,3.522076
2022-06-17,1087.012488,119377857.8,1110579,520393,3941.862823,1.297652222e+11,1116751,3494056.357,0,3.128769
2022-06-18,992.7900973,119387652.5,1058336,486081,5040.360875,1.185268791e+11,1064489,3938181.09,0,3.699598
2022-06-19,1124.368889,119399102.6,1018674,471524,2983.891596,1.342486363e+11,1024701,2523467.51,0,2.462638
2022-06-20,1122.384158,119410790.3,1042748,481392,2793.831069,1.340247794e+11,1048927,2759634.702,0,2.630912
2022-06-21,1124.800544,119420823.1,1012862,456202,3573.768609,1.343246067e+11,1018566,2354234.366,0,2.311322
2022-06-22,1052.485453,119431003.8,988683,458693,3178.420155,1.256993941e+11,994321,2234564.798,0,2.247327
2022-06-23,1144.748391,119439959.3,967965,439159,4358.624498,1.367287013e+11,973528,2278895.477,0,2.340863
2022-06-24,1233.920428,119449638.1,1019472,469974,3815.819481,1.473913485e+11,1025096,2159518.28,0,2.10665
2022-06-25,1242.463498,119459711.4,939290,411050,3132.03482,1.484243308e+11,944896,1308195.198,0,1.384486
2022-06-26,1204.220646,119469631.4,919721,392526,3214.955015,1.438677967e+11,925294,1106395.702,0,1.195723
2022-06-27,1194.901769,119478696.8,994102,452419,4355.666177,1.427653063e+11,999754,2198870.142,0.000608,2.199411
2022-06-28,1142.801527,119487957.5,976577,433686,4058.575208,1.365510202e+11,982122,1944956.797,0,1.980362
2022-06-29,1095.824952,119496685.9,1005566,434797,4976.362824,1.309474501e+11,1011168,3475761.995,0,3.437373
2022-06-30,1041.539052,119506121.3,1054433,444774,4757.804346,1.244702923e+11,1060357,3092275.08,0,2.916258
2022-07-01,1066.102963,119518360.1,1178620,528527,3574.179919,1.274188778e+11,1185435,2544175.561,0,2.146196
2022-07-02,1066.517563,119532097.5,1189382,557002,1887.7617,1.274830813e+11,1196197,1256757.871,0,1.050628
2022-07-03,1073.702279,119545769.7,1157052,501278,2103.298574,1.283565653e+11,1163932,816879.1051,0,0.701827
2022-07-04,1150.16231,119558797.5,1151999,498451,2624.112979,1.375120227e+11,1158793,1994021.181,0,1.720774
2022-07-05,1134.557018,119571324.7,1182504,495235,3262.220776,1.356604856e+11,1189330,1853263.061,0,1.558241
2022-07-06,1190.019844,119583755,1161432,506042,3402.090638,1.423070415e+11,1168281,1897141.443,0,1.623874
2022-07-07,1238.445098,119595348.9,1194330,523021,3985.409328,1.481122735e+11,1201064,3679499.15,0,3.063533
2022-07-08,1231.273202,119608158.7,1192819,512454,3012.663659,1.472703205e+11,1199688,2056121.785,0,1.71388
2022-07-09,1216.82492,119621440.9,1170747,525366,2907.689284,1.455583502e+11,1177455,878307.5942,0,0.745937
2022-07-10,1167.00219,119634972.2,1148902,530270,2101.087747,1.396142746e+11,1155716,1189810.279,0,1.029501
2022-07-11,1096.538213,119647517.8,1146369,475953,3229.415877,1.311980754e+11,1153169,1770373.885,0,1.535225
2022-07-12,1040.309136,119660602,1135896,490073,2765.792911,1.244840176e+11,1142748,2333007.452,0,2.041576
2022-07-13,1109.917399,119673098.4,1174882,518760,3305.025116,1.328272542e+11,1181597,2792497.123,0,2.363324
2022-07-14,1190.777155,119685137.5,1189567,546310,3796.408629,1.425183276e+11,1196411,2061994.265,0.000575,1.723483
2022-07-15,1235.44641,119697366.8,1217596,577324,3446.781727,1.478796821e+11,1224370,3196987.873,0.000776,2.611129
2022-07-16,1352.58444,119710547.4,1241502,619314,2675.316202,1.619186236e+11,1248291,1528163.119,0.000885,1.224204
2022-07-17,1345.298712,119724023.6,1245545,581176,2492.070463,1.610645747e+11,1252299,1376382.563,0,1.099085
2022-07-18,1568.517797,119736447,1213565,537891,3481.56601,1.878087481e+11,1220404,3143549.708,0,2.575827
2022-07-19,1545.684015,119748881.2,1175526,519793,3500.540438,1.850939315e+11,1182357,4036905.687,0,3.414287
2022-07-20,1523.173272,119761322.7,1191452,528020,3335.759505,1.824172458e+11,1198246,2200055.24,0,1.836063
2022-07-21,1578.50633,119774668.1,1204397,545645,2437.556529,1.890650718e+11,1211224,4898362.412,0,4.044142
2022-07-22,1536.587025,119788425.3,1201699,576567,1897.574881,1.8406534e+11,1208493,1538893.515,0,1.273399
2022-07-23,1550.448821,119802466.1,1144468,530546,1580.852434,1.857475923e+11,1151286,902839.2036,0,0.784201
2022-07-24,1603.324828,119816682.1,1122303,524671,1305.749725,1.921050612e+11,1129071,797496.292,0,0.70633
2022-07-25,1461.682909,119829987.4,1275861,640296,2273.947167,1.751534446e+11,1282587,1674998.632,0.000939,1.305953
2022-07-26,1431.206553,119843031.3,1679068,1093869,2612.996077,1.715201318e+11,1685843,1941941.314,0.05,1.151911
2022-07-27,1632.342053,119856418.8,1197448,567464,2413.159958,1.956466727e+11,1204248,2350015.848,0,1.951438
2022-07-28,1724.611372,119869518.1,1158611,535301,2680.251791,2.06728334e+11,1165401,2431919.63,0,2.086766
2022-07-29,1746.076361,119883224.8,1192330,562772,1926.846957,2.093252648e+11,1199103,2214955.718,0,1.847177
2022-07-30,1692.897312,119897600.7,1179749,573180,1177.666198,2.029743259e+11,1186534,1018024.367,0,0.857982
2022-07-31,1682.692504,119911954.8,1158621,559164,1119.772488,2.017749474e+11,1165373,776738.1252,2.7e-05,0.666515
2022-08-01,1635.839421,119925885.8,1342202,698752,2370.811481,1.961794915e+11,1349003,1716428.268,0.000589,1.272368
2022-08-02,1640.552286,119939807.3,1206185,571530,1733.392222,1.967675249e+11,1212968,1598830.775,0,1.318115
2022-08-03,1616.224509,119953739,1250888,613693,1534.482298,1.938721729e+11,1257604,1285882.041,0,1.022486
2022-08-04,1606.951183,119967619.1,1459603,877419,1613.055884,1.927821074e+11,1466364,1326649.552,0.007449,0.90472
2022-08-05,1725.628005,119981635.6,1207188,587625,1725.9113,2.070436705e+11,1214066,1565646.562,0,1.289589
2022-08-06,1695.534102,119995855.1,1148225,589391,1110.424055,2.034570644e+11,1154939,951562.025,0.000716,0.823907
2022-08-07,1697.483154,120010162.8,1166932,582020,1188.237265,2.037152296e+11,1173706,1161893.155,0.0005,0.989935
2022-08-08,1776.062396,120023687.1,1167115,541581,2050.172869,2.131695572e+11,1173861,1482976.301,0,1.263332
2022-08-09,1703.992249,120037005,1125139,522334,2145.391856,2.045421261e+11,1131833,1655258.192,0,1.462458
2022-08-10,1850.829961,120049550.9,1160380,533069,3164.57385,2.221913056e+11,1167078,2533470.109,0,2.17078
2022-08-11,1878.113096,120062377.7,1098707,503734,2584.305705,2.254907239e+11,1105371,1870034.136,0,1.691771
2022-08-12,1954.778561,120075726.2,1130848,534168,2002.916304,2.347214553e+11,1137513,1503982.63,0,1.322167
2022-08-13,1981.237541,120089831.2,1106236,532368,1293.500824,2.379264819e+11,1112955,1283274.061,0,1.153033
2022-08-14,1936.339892,120103747.5,1102367,512568,1376.401644,2.325616774e+11,1109028,941897.2034,0,0.8493
2022-08-15,1901.746086,120116938.7,1104408,494818,2265.147786,2.284319181e+11,1111044,1834451.923,0,1.651106
2022-08-16,1876.615794,120130865.4,1086312,525862,1471.081504,2.254394794e+11,1093035,1262380.989,0,1.154932
2022-08-17,1833.207302,120144541.1,1099261,537548,1520.422165,2.202498501e+11,1105855,2882112.044,0,2.60623
2022-08-18,1849.200675,120158360.7,1117868,538528,1485.991535,2.221969216e+11,1124552,1325914.279,0,1.17906
2022-08-19,1615.850713,120171666.4,1093309,502429,2033.833618,1.941794728e+11,1099925,2105387.929,0,1.91412
2022-08-20,1575.835173,120185665.1,1096088,497772,1359.639415,1.893927983e+11,1102794,1065498.676,0,0.966181
2022-08-21,1621.43778,120200037.1,1077250,528550,983.8135186,1.948968814e+11,1083963,833204.8588,0,0.768665
2022-08-22,1607.939644,120213591.4,1059940,484055,1673.844633,1.932961994e+11,1066540,1202743.545,0,1.127706
2022-08-23,1663.882415,120227392.4,1075718,485443,1583.449742,2.00044244e+11,1082423,1306201.476,0,1.206738
2022-08-24,1658.74535,120241071.6,1043820,496825,1482.714426,1.994493184e+11,1050399,1369565.37,0,1.303853
2022-08-25,1695.097936,120254425.2,1074563,514001,1757.093092,2.038430281e+11,1081085,1364069.92,0,1.26176
2022-08-26,1508.81156,120267991.3,1057768,488293,1685.648333,1.814617355e+11,1064362,1783271.879,0,1.675437
2022-08-27,1492.86256,120282017.6,1047949,500365,1074.657304,1.795645206e+11,1054542,1438834.434,0,1.364416
2022-08-28,1440.918437,120295976.8,1025044,482671,1070.840875,1.733366909e+11,1031594,1489255.757,0.000367,1.443645
2022-08-29,1550.282046,120309419.5,1083202,476802,1862.747434,1.86513533e+11,1089853,2289544.618,0,2.100783
2022-08-30,1529.587846,120322318.9,1051964,466380,2223.892904,1.840435567e+11,1058465,1962886.557,0,1.854465
2022-08-31,1551.729221,120335181.7,1035135,467317,2455.016006,1.867276177e+11,1041755,1884836.78,0.000134,1.80929
2022-09-01,1586.349167,120348054.3,1085160,491474,2227.313994,1.909140357e+11,1091710,1977358.773,0,1.811249
2022-09-02,1576.596041,120361667.9,1083220,516909,1611.335423,1.897617291e+11,1089849,2722069.359,0,2.497657
2022-09-03,1555.056348,120375650.8,1035586,528322,961.4688946,1.8719092e+11,1042126,910341.1912,0.000432,0.873542
2022-09-04,1576.030081,120389705.4,1113119,592327,1062.720776,1.897377972e+11,1119730,608436.2892,0.000584,0.543378
2022-09-05,1613.061006,120403298.2,1091350,529155,1314.994669,1.942178653e+11,1097824,1301589.142,0,1.185608
2022-09-06,1565.695436,120416578.8,1076929,506982,1852.328063,1.885356879e+11,1083511,3796781.669,0,3.504147
2022-09-07,1633.887147,120429416.8,1068296,481829,2305.713626,1.967680762e+11,1074824,2267506.594,0,2.109654
2022-09-08,1634.563877,120442217.3,1078689,508057,2472.472193,1.968704976e+11,1085265,1968726.017,0,1.814051
2022-09-09,1717.524122,120454665,1093966,519562,2319.385924,2.068837928e+11,1100327,2145500.085,0,1.949875
2022-09-10,1779.758395,120468069.5,998158,496883,1378.743419,2.14404058e+11,1004529,923385.6442,0.000134,0.919222
2022-09-11,1758.459619,120481581.5,1024482,491233,1207.698697,2.11861996e+11,1030854,887308.1768,0.0001,0.860751
2022-09-12,1710.772417,120494496.6,1068969,485852,1928.107213,2.061386612e+11,1075360,2791317.624,0,2.595705
2022-09-13,1574.043116,120507431.1,1093205,523705,2162.504814,1.896838923e+11,1099598,4623931.123,0,4.205111
2022-09-14,1633.759333,120520401.1,1109172,573357,1543.272705,1.969013301e+11,1115408,7601962.989,0.000397,6.81541
2022-09-15,1472.555479,120523833.3,1265640,646709,2298.817506,1.774780311e+11,1272453,6308664.93,0,4.957877
2022-09-16,1430.06414,120524518.6,1311849,666896,1435.674073,1.72357792e+11,1318941,4355360.07,0,3.302164
2022-09-17,1469.370189,120525546.8,1322077,698249,956.8687972,1.770966455e+11,1329207,1277752.17,0.000134,0.961289
2022-09-18,1337.858391,120526444.1,1156893,512039,1181.414931,1.612473145e+11,1164023,1432837.244,0,1.230936
2022-09-19,1379.441247,120527141.9,1138210,489805,1455.376046,1.662601109e+11,1145335,3305116.13,0,2.88572
2022-09-20,1323.408832,120527665.4,1149031,491038,1629.50786,1.595073769e+11,1156169,2437857.784,0,2.108565
2022-09-21,1249.130724,120528150,1100130,484980,1874.961712,1.505554152e+11,1107184,2694685.554,0,2.433819
2022-09-22,1328.669265,120528836.5,1118297,483507,1440.498357,1.601429607e+11,1125449,2682427.923,0,2.383429
2022-09-23,1330.955033,120529641.8,1119895,499931,1329.921003,1.604195333e+11,1127062,2398242.528,0,2.127871
2022-09-24,1317.007947,120530765,1109206,522080,911.6126576,1.587399753e+11,1116374,987831.9941,0,0.884858
2022-09-25,1294.549044,120531736.1,1107217,479298,1108.91117,1.560342437e+11,1114385,1052547.905,0,0.94451
2022-09-26,1334.386714,120532254.8,1141218,493645,1673.175858,1.608366395e+11,1148366,2046096.465,0,1.781746
2022-09-27,1330.52474,120532112.2,1214294,555088,2306.752502,1.603709572e+11,1221435,2257403.443,0,1.848157
2022-09-28,1339.136754,120532295.2,1109706,472581,2047.906377,1.614092265e+11,1116868,1618112.093,0,1.448794
2022-09-29,1333.642394,120532549.6,1129558,490188,1918.969873,1.60747318e+11,1136712,2827219.276,0,2.48719
2022-09-30,1327.075996,120532669.5,1225886,484535,2034.835822,1.599560124e+11,1233048,2129642.754,0,1.727137
2022-10-01,1311.222533,120533476.9,1158038,485677,1203.33012,1.58046211e+11,1165175,924777.8644,0,0.793682
2022-10-02,1276.553047,120534630.4,1163876,490309,886.4800533,1.538688497e+11,1171051,755797.9894,0,0.645401
2022-10-03,1324.409983,120534804.1,1307142,454753,1903.683226,1.596374979e+11,1314299,1720563.572,0,1.309111
2022-10-04,1362.843952,120535017.9,1185269,478071,1884.205776,1.642704202e+11,1192401,1171591.883,0,0.982549
2022-10-05,1352.557207,120535179.8,1169356,494940,2057.144451,1.630307261e+11,1176504,982940.1587,0,0.835475
2022-10-06,1351.35374,120535637.9,1202667,554370,1655.659531,1.628862851e+11,1209824,1427480.898,0,1.179908
2022-10-07,1332.540906,120536367,1180358,543473,1482.945874,1.606196396e+11,1187504,1434171.055,0,1.207719
2022-10-08,1315.459119,120536087,1180084,580345,2297.000878,1.585602948e+11,1187253,754670.6529,0,0.635644
2022-10-09,1320.934654,120534766.1,1068531,585311,3358.812116,1.592185495e+11,1075693,398238.8662,0,0.370216
2022-10-10,1292.049247,120532846.9,1123390,596926,4064.611996,1.557343741e+11,1130555,895454.9663,0,0.792049
2022-10-11,1278.543297,120531761.7,1130309,575645,3161.329246,1.54105076e+11,1137473,1305173.536,0,1.147433
2022-10-12,1294.633989,120531473.8,1074204,557899,2398.516902,1.560441427e+11,1081368,1079640.92,0,0.998403
2022-10-13,1288.201013,120530875.3,1124129,533764,2859.351455,1.552679957e+11,1131286,2283440.519,0,2.018447
2022-10-14,1297.322278,120530756.3,1071895,547755,2229.526935,1.563672354e+11,1079057,1414108.603,0,1.310504
2022-10-15,1274.996989,120530736.7,1037870,590641,2061.470861,1.536763265e+11,1045037,646549.8875,0,0.618686
2022-10-16,1305.609723,120530978.5,980678,495690,1841.875787,1.573664174e+11,987835,662446.6518,0,0.670605
2022-10-17,1332.369479,120530481.6,1073063,478307,2799.480327,1.60591135e+11,1080217,1204541.307,0,1.115092
2022-10-18,1311.29946,120529711.4,1062562,442717,3023.397926,1.580505455e+11,1069730,1339363.949,0,1.252058
2022-10-19,1284.664474,120528714.6,1088602,462799,3324.602226,1.548389578e+11,1095756,1217294.308,0,1.110917
2022-10-20,1281.908138,120527156.3,1155589,503252,3854.179736,1.545047425e+11,1162754,1243860.616,0,1.069754
2022-10-21,1299.875292,120525721.1,1116822,489561,3743.149915,1.566684069e+11,1123987,1693121.812,0,1.506354
2022-10-22,1314.306323,120525545.6,959417,503130,2287.091881,1.584074866e+11,966583,713078.2056,0,0.737731
2022-10-23,1363.860341,120525855.1,1009771,481224,1820.022216,1.643804339e+11,1016934,844367.0181,0,0.830307
2022-10-24,1344.553044,120525565.2,1039240,503643,2416.063692,1.620530155e+11,1046360,1709954.201,0,1.634193
2022-10-25,1461.290324,120525124.1,1048003,477854,2659.261674,1.761221977e+11,1055155,2699343.993,0,2.558244
2022-10-26,1571.259492,120524926.6,1104723,501034,2437.721941,1.893759349e+11,1111889,3066423.858,0,2.757851
2022-10-27,1514.782921,120525031.4,1111785,518491,2049.370112,1.82569259e+11,1118947,2227946.519,0,1.99111
2022-10-28,1555.967615,120525056.3,1059633,461379,2146.374352,1.875330844e+11,1066785,1751407.227,0,1.641762
2022-10-29,1618.894969,120525470.5,1038800,469781,1753.156701,1.951180779e+11,1045950,1552725.985,0,1.484513
2022-10-30,1589.51055,120526304.6,1033475,483185,1222.39493,1.915778328e+11,1040643,1085770.317,0,1.043365
2022-10-31,1571.203871,120525999.3,1063248,476136,2552.678153,1.893709166e+11,1070409,1685784.471,0,1.574898
2022-11-01,1580.255947,120526296.8,1071986,497231,1880.397512,1.904623973e+11,1079123,1275225.968,0,1.181724
2022-11-02,1519.577437,120526400.9,1015945,498423,2161.96659,1.831491993e+11,1023101,2052065.456,0,2.005731
2022-11-03,1529.796415,120526132.8,1093977,511457,3175.389635,1.843804459e+11,1101132,1666615.754,0,1.513548
2022-11-04,1644.765636,120525991.2,1014135,490402,2408.403095,1.982370087e+11,1021303,1989477.836,0,1.94798
2022-11-05,1627.350121,120526429.1,952067,527978,1606.519929,1.961386989e+11,959224,928914.0008,0,0.968402
2022-11-06,1574.974635,120526935.5,962845,482454,1580.280785,1.898268663e+11,970013,1171720.303,0,1.207943
2022-11-07,1567.463813,120526828.9,1106711,500251,2271.842489,1.889214429e+11,1113879,2639760.323,0,2.369881
2022-11-08,1331.867179,120523900.9,1132048,478828,5797.709434,1.605218278e+11,1139213,5363117.675,0,4.707739
2022-11-09,1092.99871,120520343.1,1219648,510134,6723.875852,1.317285796e+11,1226794,7125367.08,0,5.80812
2022-11-10,1297.560887,120518401.9,1184632,494968,4862.425613,1.563799645e+11,1191793,5507467.708,0,4.621161
2022-11-11,1280.901103,120517805.1,1118967,508830,3143.04931,1.543713895e+11,1126118,3160951.156,0,2.806945
2022-11-12,1252.0041,120518019.6,1033438,544637,2108.816759,1.508890546e+11,1040606,2381249.159,0,2.288329
2022-11-13,1220.147545,120518232.3,1133442,535954,2082.500767,1.470500253e+11,1140614,3194152.526,0,2.80038
2022-11-14,1240.724476,120518057.6,1192824,549655,2514.053659,1.495297038e+11,1199991,3094957.975,0,2.579151
2022-11-15,1249.54838,120517815,1136911,565783,2485.002926,1.505928404e+11,1144062,2419799.49,0,2.115095
2022-11-16,1214.793499,120517803.6,1083796,560372,2195.598745,1.464042443e+11,1090946,2637973.589,0,2.418061
2022-11-17,1199.722551,120517901.8,1103401,566821,2175.774524,1.445880445e+11,1110560,2245488.56,0,2.021943
2022-11-18,1209.478757,120518194.2,1008485,562812,1899.432811,1.457641957e+11,1015644,1938660.454,0,1.908799
2022-11-19,1218.606199,120518665.5,911890,535697,1556.926564,1.46864793e+11,919055,1354273.074,0,1.47355
2022-11-20,1139.642961,120519158,927233,511794,1627.563213,1.373488101e+11,934396,1285853.617,0,1.376133
2022-11-21,1107.641977,120519570,963954,501171,1795.530969,1.334925349e+11,971117,4116660.944,0,4.239099
2022-11-22,1134.773516,120519774.3,962924,491439,2017.828438,1.367626481e+11,970074,2683369.805,0,2.76615
2022-11-23,1183.166714,120520137.3,972566,527114,1736.535487,1.425954148e+11,979703,1713120.842,0,1.748612
2022-11-24,1202.6865,120520639.2,990202,617123,1594.539935,1.449485458e+11,997368,1394995.368,0,1.398677
2022-11-25,1199.061876,120521250.1,999123,622610,1430.779037,1.445124362e+11,1006279,1373852.822,0,1.36528
2022-11-26,1204.819364,120521917.7,934988,597731,1374.307151,1.452071402e+11,942147,961530.7417,0,1.020574
2022-11-27,1196.86665,120522603.9,881336,582750,1326.929096,1.442494853e+11,888495,873830.2172,0,0.983495
2022-11-28,1168.916997,120522910.7,1087721,613370,1822.17157,1.408812788e+11,1095249,1971218.347,0,1.79979
2022-11-29,1217.080838,120523467.9,1047387,573661,1534.050518,1.466868033e+11,1054539,1725888.599,0,1.636629
2022-11-30,1298.03942,120523914.1,1026508,525544,1713.687472,1.564447915e+11,1033659,1669959.087,0,1.61558
2022-12-01,1275.710936,120524341.5,984139,512900,1677.44649,1.537542204e+11,991302,1328389.3,0,1.340045
2022-12-02,1292.87129,120524808.9,1032952,574442,1624.01089,1.558230652e+11,1040119,1434654.833,0,1.379318
2022-12-03,1240.93125,120525336.5,963761,595930,1506.634008,1.495636566e+11,970924,694517.4844,0,0.715316
2022-12-04,1280.03347,120525879.8,962172,631536,1472.297029,1.542771601e+11,969326,818516.4899,0,0.844418
2022-12-05,1258.529617,120526194.5,1008205,541940,1784.854446,1.516857855e+11,1015349,1251325.678,0,1.232409
2022-12-06,1270.185643,120526380.1,1049066,543715,1936.921821,1.530908775e+11,1056236,1722531.252,0,1.63082
2022-12-07,1232.552454,120526434.7,972121,517420,2169.277911,1.485551529e+11,979196,2578091.122,0,2.632865
2022-12-08,1281.633052,120526586.5,923887,528926,1971.534713,1.544708569e+11,931048,1246163.394,0,1.338452
2022-12-09,1263.208619,120525039.2,1932711,1505651,3655.137571,1.522482683e+11,1939863,1501504.423,0.113573,0.774026
2022-12-10,1266.771442,120525183,1103199,733794,1893.693251,1.526778599e+11,1110364,649106.7218,0,0.584589
2022-12-11,1263.069667,120525314,1068092,723882,1922.297205,1.522318681e+11,1075252,516042.5337,0.001,0.479927
2022-12-12,1274.780235,120525323.2,1182001,671702,2096.184181,1.536432999e+11,1189157,1264866.24,0,1.063666
2022-12-13,1320.401907,120525176.5,1151038,554771,2347.46147,1.591416729e+11,1158189,2559502.573,0,2.209918
2022-12-14,1308.148141,120525278.4,1095120,562476,2048.698497,1.576649188e+11,1102283,1626611.473,0,1.475675
2022-12-15,1264.128305,120525195.7,1080176,538073,2194.349754,1.523593114e+11,1087332,1329698.485,0,1.2229
2022-12-16,1164.548224,120525048.7,1153272,559966,2450.745163,1.403572314e+11,1160432,2363419.983,0,2.036673
2022-12-17,1187.083559,120525357.6,1040618,537857,1785.561041,1.430736704e+11,1047781,1112573.903,0,1.061838
2022-12-18,1187.400887,120525652.5,916817,517630,1736.562204,1.431122667e+11,923979,712576.5624,0,0.771204
2022-12-19,1167.134736,120525897.1,994746,515433,1858.274545,1.406699611e+11,1001910,1053445.486,0,1.051437
2022-12-20,1217.788527,120526003.6,992470,464890,2036.424588,1.467751843e+11,999638,1516238.131,0,1.516787
2022-12-21,1212.376973,120526179.5,1029079,543410,1922.242781,1.461231648e+11,1036242,1140289.625,0,1.100409
2022-12-22,1216.846051,120526417.4,989565,522781,1869.604626,1.46662095e+11,996743,974282.9425,0,0.977467
2022-12-23,1219.86765,120526751.1,1044772,522082,1741.983245,1.470266847e+11,1051952,1500343.882,0,1.426247
2022-12-24,1220.580675,120527306.2,911507,598443,1420.316346,1.471133008e+11,918673,438927.6808,0,0.477784
2022-12-25,1217.782488,120527934.9,836424,570853,1393.857979,1.467768084e+11,843592,463170.3256,0,0.549045
2022-12-26,1224.377918,120528475.5,937653,530742,1509.158453,1.475724039e+11,944815,572850.7532,0,0.60631
2022-12-27,1211.575582,120528662.5,1025274,505048,1909.475271,1.460295843e+11,1032430,841365.9304,0,0.814938
2022-12-28,1188.107925,120528732.4,977389,507677,2039.360346,1.432011422e+11,984562,1019513.657,0,1.0355
2022-12-29,1200.920968,120528751,945627,505412,2059.187353,1.447455044e+11,952788,1019511.943,0,1.07003
2022-12-30,1198.58331,120528698.2,944771,528156,2129.640053,1.444636861e+11,951937,1199634.842,0,1.260204
2022-12-31,1195.330879,120528769.2,865806,519100,1977.861083,1.440717596e+11,872972,1029594.999,0,1.179414
2023-01-01,1200.005919,120529017.3,742785,522460,1811.432243,1.446355342e+11,749957,517663.7563,0,0.690258
2023-01-02,1214.837769,120529094,920276,473406,2070.695111,1.464232955e+11,927447,663991.784,0,0.715935
2023-01-03,1214.225738,120528939.9,948116,472981,2290.134653,1.46349341e+11,955284,710365.9326,0,0.743618
2023-01-04,1255.922117,120528621,1046389,507141,3192.376221,1.513745608e+11,1053559,1798459.645,0,1.707033
2023-01-05,1250.148103,120528183.1,1142818,626236,2583.473563,1.506780795e+11,1149971,1084768.847,0.001372,0.943301
2023-01-06,1269.252252,120527821.9,1028132,501852,2534.382457,1.529802093e+11,1035292,1014736.071,0,0.980145
2023-01-07,1263.504163,120527959,957607,577380,1931.21429,1.52287578e+11,964770,489033.278,0,0.506891
2023-01-08,1284.640028,120527805.5,1184114,784959,2276.966002,1.548348435e+11,1191279,745660.5217,0.000438,0.625933
2023-01-09,1320.621531,120527188.5,1093675,553880,2792.170737,1.591708002e+11,1100842,1396101.772,0,1.268213
2023-01-10,1335.656397,120526730.1,1061055,520294,2597.083245,1.60982298e+11,1068221,1144758.977,0,1.07165
2023-01-11,1380.514098,120526242.2,1083178,508868,2706.3056,1.663881765e+11,1090333,1078491.646,0,0.98914
2023-01-12,1417.144646,120525759.7,1085563,515485,2721.763845,1.708024351e+11,1092719,1825926.099,0,1.670993
2023-01-13,1449.884051,120524925.7,1076328,508590,3064.626127,1.747471675e+11,1083490,1775693.589,0,1.638865
2023-01-14,1551.580924,120524237.6,1107804,541020,3011.626277,1.87003108e+11,1114974,2242985.464,0,2.011693
2023-01-15,1552.31962,120523998.5,1000777,534997,2398.053281,1.870917676e+11,1007923,662885.9828,0,0.657675
2023-01-16,1577.951882,120523459.7,1057284,518753,2879.143362,1.9018022e+11,1064444,1420390.523,0,1.334397
2023-01-17,1570.190113,120522866,1018353,489795,2798.829126,1.892438125e+11,1025524,1464368.789,0,1.427922
2023-01-18,1519.978258,120521921.4,1118225,548397,3325.569321,1.831907001e+11,1125390,1593361.428,0,1.41583
2023-01-19,1550.324738,120521535.9,1007125,502409,2558.162194,1.868475186e+11,1014285,1329210.88,0,1.310491
2023-01-20,1658.07273,120521136.7,1024504,522810,2623.505983,1.998328101e+11,1031672,1375186.496,0,1.332969
2023-01-21,1628.125694,120521141.8,994076,544098,2210.686773,1.962235676e+11,1001239,1072497.959,0,1.071171
2023-01-22,1628.266895,120521319.1,889814,538685,1956.018163,1.96240874e+11,896974,724030.5416,0,0.807192
2023-01-23,1627.935556,120521178,947725,504730,2326.59676,1.962007109e+11,954890,1191967.018,0,1.248277
2023-01-24,1553.742055,120520642.5,1032293,487133,3065.790029,1.872579907e+11,1039459,1375065.734,0,1.322867
2023-01-25,1607.731887,120520306.4,1020705,495479,2657.008096,1.937643396e+11,1027863,1698464.432,0,1.652423
2023-01-26,1601.935064,120519942.6,1048864,498585,2746.665977,1.930651219e+11,1056030,934788.1693,0,0.885191
2023-01-27,1598.019244,120519563.2,1100192,545774,2648.645953,1.925925812e+11,1107345,1160407.141,0,1.047918
2023-01-28,1570.187426,120519740.3,964429,516329,1952.831093,1.892385808e+11,971598,808168.9385,0,0.831794
2023-01-29,1646.296841,120519525.3,998228,511731,2396.523189,1.984109138e+11,1005387,803470.2386,0,0.799165
2023-01-30,1565.988364,120519409.8,1074566,516109,2298.524237,1.887319934e+11,1081734,1608135.993,0,1.486628
2023-01-31,1584.821083,120518623.8,1086364,519408,3109.765041,1.91000456e+11,1093527,1167341.126,0,1.067501
2023-02-01,1641.902111,120517710.3,1064236,516810,3242.643566,1.978782829e+11,1071395,1244321.28,0,1.161403
2023-02-02,1646.337683,120516605.7,1104114,501303,3446.325352,1.984110293e+11,1111255,1591139.886,0,1.43184
2023-02-03,1665.60525,120515383.4,1072608,457501,3538.409056,2.007310553e+11,1079761,1367960.91,0,1.266911
2023-02-04,1671.046952,120514802.5,1064597,500595,2804.182241,2.013858934e+11,1071753,916995.1483,0,0.855603
2023-02-05,1631.121142,120514490.4,1069625,537665,2496.966069,1.965737331e+11,1076791,790994.0785,0,0.734585
2023-02-06,1614.274822,120513759,1077149,503555,3031.788349,1.945423269e+11,1084316,1023079.547,0,0.943525
2023-02-07,1672.722311,120512258.6,1142836,477571,3931.030685,2.015835437e+11,1149984,1251383.062,0,1.088174
2023-02-08,1650.232998,120510537.7,1121215,483612,4118.789208,1.98870466e+11,1128354,1443970.767,0,1.279714
2023-02-09,1545.624459,120508621,1082467,475694,4280.595382,1.862610721e+11,1089622,1508938.877,0,1.384828
2023-02-10,1514.249987,120507762.7,1071635,497617,3130.685113,1.824788781e+11,1078803,2324942.804,0,2.155113
2023-02-11,1540.18145,120507674.5,961493,509167,2236.009764,1.856036848e+11,968651,892456.4237,0,0.921339
2023-02-12,1513.773518,120507669.8,953020,494505,2176.614079,1.824213193e+11,960178,607349.0556,0,0.632538
2023-02-13,1506.222746,120506916.2,1054742,492362,3067.737183,1.815102582e+11,1061901,1667349.131,0,1.570155
2023-02-14,1557.426696,120503131.7,1141796,537767,6270.725255,1.876747943e+11,1148944,1475227.13,0,1.283985
2023-02-15,1672.843239,120500938.4,1160879,478642,4611.643925,2.015791801e+11,1168031,1623177.988,0,1.38967
2023-02-16,1643.895784,120498618.4,1138195,477690,4795.605241,1.980871708e+11,1145353,1706250.009,0,1.489715
2023-02-17,1696.045811,120496707.8,1066755,471665,4237.421994,2.043679365e+11,1073852,1014601.637,0,0.944824
2023-02-18,1690.936411,120495699.1,972865,456014,3218.300303,2.03750565e+11,979974,808035.6236,0,0.824548
2023-02-19,1683.20735,120494932.2,1002399,451883,3108.929915,2.028179556e+11,1009516,778908.0041,0,0.771566
2023-02-20,1700.884873,120493494.2,1059640,466024,3951.055597,2.049455616e+11,1066769,1140612.249,0,1.069221
2023-02-21,1655.094683,120491922.9,1084290,482474,3910.256993,1.994255408e+11,1091405,1244911.624,0,1.14065
2023-02-22,1641.941195,120489993.9,1080839,478581,4272.322328,1.978374846e+11,1087935,1471426.854,0,1.352495
2023-02-23,1649.392884,120487834.6,1093537,513684,4427.872986,1.98731777e+11,1100655,1153377.834,0,1.047901
2023-02-24,1608.299043,120486417.6,1095771,551238,3646.26688,1.937781901e+11,1102856,1264501.548,0,1.14657
2023-02-25,1593.903917,120485980.1,995229,569007,2568.073634,1.920430756e+11,1002341,781615.8932,0,0.77979
2023-02-26,1640.578514,120485602.3,982721,566024,2549.804026,1.976660904e+11,989840,847002.9554,0.000777,0.855697
2023-02-27,1633.629326,120485489.6,1034112,524438,2877.474594,1.968286292e+11,1041245,1524200.741,0,1.463825
2023-02-28,1606.662734,120484740.2,1044634,480872,3018.624716,1.935783421e+11,1051743,1120602.344,0,1.065472
2023-03-01,1661.707973,120483302.5,1081357,478680,3779.803614,2.002080643e+11,1088475,1176967.374,0,1.081299
2023-03-02,1647.854978,120482230.6,1088950,514379,3443.477209,1.985372435e+11,1096049,1080992.705,0,0.986263
2023-03-03,1569.168931,120480947.1,1092189,487088,3728.394835,1.89054959e+11,1099288,1434416.162,0,1.304859
2023-03-04,1565.883014,120480323.8,971157,462695,2828.275836,1.886580925e+11,978265,682200.111,0,0.697357
2023-03-05,1563.630098,120479454.2,940858,432041,3115.210068,1.883853007e+11,947978,569927.6542,0,0.601203
2023-03-06,1567.536063,120477735.5,1037182,460020,4026.691975,1.888531952e+11,1044294,1239008.482,0,1.186456
2023-03-07,1560.027892,120476213,1035152,444134,3943.181598,1.879462526e+11,1042268,1052352.464,0,1.009676
2023-03-08,1534.227617,120474604.5,1011772,449531,3923.955021,1.848354654e+11,1018877,1266801.4,0,1.243331
2023-03-09,1436.668908,120472675.5,1037747,460423,4263.12334,1.730793472e+11,1044860,1484447.742,0,1.420714
2023-03-10,1434.149219,120471252.4,1065950,464631,3932.054636,1.727737526e+11,1073032,2094429.152,0,1.951879
2023-03-11,1477.245618,120463739.2,1031282,412067,11346.36117,1.77954531e+11,1038396,4438896.699,0,4.274763
2023-03-12,1586.499928,120463103,974883,481016,3480.895639,1.911147043e+11,981992,2004383.972,0,2.041141
2023-03-13,1677.886561,120461692.4,1173725,584948,4028.764902,2.021210548e+11,1180850,2750049.736,0,2.328873
2023-03-14,1706.893044,120460342.8,1105574,510874,3815.007703,2.056129211e+11,1112692,2605114.841,0,2.341272
2023-03-15,1655.432401,120459315.8,1076742,494979,3470.21219,1.994122544e+11,1083843,2261546.122,0,2.086599
2023-03-16,1677.258186,120458630,1042763,467209,3124.789625,2.020402232e+11,1049882,1362839.975,0,1.298089
2023-03-17,1791.020454,120457885.7,1068367,504502,3113.774436,2.157425371e+11,1075483,1793399.754,0,1.66753
2023-03-18,1764.365253,120457860.5,1023641,504683,2271.33873,2.125316636e+11,1030762,1621254.238,0,1.57287
2023-03-19,1801.750501,120457836.8,992358,491964,2329.952665,2.170349678e+11,999472,958047.6066,0,0.958554
2023-03-20,1737.377341,120457520.5,1123422,524591,2718.190772,2.092801666e+11,1130554,1639679.086,0,1.450332
2023-03-21,1805.090594,120457404.5,1081542,512051,2425.6318,2.174365279e+11,1088657,1384357.475,0,1.27162
2023-03-22,1738.269255,120457170.2,1073049,515905,2536.672214,2.093869954e+11,1080174,2634037.794,0,2.438531
2023-03-23,1819.240906,120456644.5,1077305,518217,2789.33761,2.191396551e+11,1084409,1737080.438,0,1.601868
2023-03-24,1751.133011,120456071.4,1084231,491152,2841.020783,2.10934603e+11,1091352,1651609.325,0.000777,1.513361
2023-03-25,1742.469737,120456081.5,1052415,500188,2135.655732,2.098910766e+11,1059537,886329.5697,0.000777,0.836525
2023-03-26,1778.529346,120456090.5,1011463,484571,2284.318257,2.142346918e+11,1018585,686599.906,0.001378,0.674072
2023-03-27,1714.873059,120455041.5,1100122,497906,3370.842044,2.065651056e+11,1107237,1474240.37,0.0001,1.331459
2023-03-28,1774.920467,120454048.8,1149677,543283,3555.380057,2.137963565e+11,1156788,1314220.485,0,1.136095
2023-03-29,1794.748858,120452713.8,1165012,583946,3658.590615,2.161823706e+11,1172125,1339858.095,0,1.143102
2023-03-30,1791.796602,120451156.6,1187924,558559,3944.00185,2.158239731e+11,1195042,1091375.171,0,0.913253
2023-03-31,1824.001904,120450150.4,1150727,547486,3315.87846,2.197013035e+11,1157851,1781672.84,0.000645,1.538776
2023-04-01,1822.415958,120449756.9,1020143,500064,2601.725869,2.19509559e+11,1027257,781977.0939,5.3e-05,0.761228
2023-04-02,1794.755835,120449479.9,981226,508193,2472.491597,2.161774069e+11,988325,645608.2328,0,0.653235
2023-04-03,1811.185312,120448334.3,1052294,499715,3509.596866,2.181542538e+11,1059372,1562350.887,0,1.47479
2023-04-04,1868.191171,120447053.5,1068725,511592,3598.756807,2.250181218e+11,1075746,1438722.191,0,1.337418
2023-04-05,1911.125471,120445229.1,1123693,517726,4065.783512,2.301859451e+11,1130735,1932469.125,0,1.709038
2023-04-06,1872.087965,120443993,1036898,488852,3403.028785,2.254817497e+11,1043893,1188944.604,0,1.138953
2023-04-07,1866.342434,120443303.8,1043552,537161,2872.963392,2.247884487e+11,1050610,732363.676,0,0.697084
2023-04-08,1851.750107,120442937.7,924776,510447,2611.068024,2.230302227e+11,931838,617458.7882,5e-06,0.662625
2023-04-09,1861.13284,120442607.4,956899,518856,2460.74912,2.241596919e+11,963944,570920.6187,0,0.592276
2023-04-10,1912.115995,120441906.6,1016480,548020,2928.181429,2.30298896e+11,1023544,1033597.229,0,1.009822
2023-04-11,1891.723266,120440932.2,1084502,545041,3438.570793,2.278409137e+11,1091563,1143366.759,0,1.047458
2023-04-12,1921.77946,120440333,1021632,526191,2786.036678,2.314597581e+11,1028648,1774870.396,0,1.72544
2023-04-13,2010.863036,120438948.5,1094764,576453,3494.653757,2.421862297e+11,1101272,1748383.827,0,1.587604
2023-04-14,2102.230982,120437676.4,1166392,597355,3653.442212,2.531878147e+11,1173398,2075599.287,0,1.768879
2023-04-15,2094.488225,120436952.7,1056292,653705,2853.075707,2.522537793e+11,1063312,817620.3577,0,0.768937
2023-04-16,2119.367382,120436032.6,854249,559661,3129.246298,2.552481991e+11,861291,960502.2595,0.0001,1.115189
2023-04-17,2076.586368,120434392.5,1011979,457397,4183.919844,2.500924178e+11,1019044,1336195.489,0,1.311225
2023-04-18,2101.643482,120430969.6,1070108,442615,6368.508635,2.531029623e+11,1077176,1407763.01,0,1.306902
2023-04-19,1936.276726,120425386,1085066,414942,8768.994756,2.331768721e+11,1092147,2285019.915,0,2.092227
2023-04-20,1943.000659,120420385.4,1073576,428139,8112.43824,2.339768882e+11,1080603,1992822.891,0,1.844177
2023-04-21,1849.590967,120418093.4,1009840,488479,4912.82504,2.227242178e+11,1016938,2049602.033,0,2.015464
2023-04-22,1875.556418,120416045.3,862010,485507,4574.129915,2.258470866e+11,869147,881727.4348,0,1.014474
2023-04-23,1862.817309,120413581.4,867666,461961,5067.454064,2.243085037e+11,874797,868163.2433,0,0.992417
2023-04-24,1842.867721,120410845,940804,461974,5397.773495,2.219012595e+11,947935,1238999.975,0,1.307052
2023-04-25,1868.055646,120408701.9,976311,496299,4683.301459,2.249301554e+11,983434,1416883.573,0,1.440751
2023-04-26,1866.897031,120406347.6,978121,496218,4946.584512,2.247862528e+11,985246,1713356.596,0,1.739014
2023-04-27,1909.36529,120404373.4,939262,511244,4563.562313,2.298959313e+11,946372,1631096.049,0,1.723525
2023-04-28,1893.935268,120402292.9,987649,490402,4658.317406,2.280341488e+11,994770,1194846.459,0,1.201128
2023-04-29,1905.84894,120400435.7,887098,514443,4310.365857,2.294650428e+11,894211,675878.5951,0.000391,0.755838
2023-04-30,1885.55237,120397788.4,974972,447064,5317.539545,2.270163353e+11,982095,782409.9666,0,0.796674
2023-05-01,1831.773466,120392638.9,1102060,402269,8326.160569,2.205320414e+11,1109169,2543492.316,0,2.293151
2023-05-02,1872.311884,120385796.3,1127805,433988,10313.81271,2.25399757e+11,1134916,1371259.905,0,1.208248
2023-05-03,1905.096369,120379771,1117146,452868,9047.38853,2.293350646e+11,1124246,1221788.303,0,1.086762
2023-05-04,1877.045496,120373589.1,1110210,450578,9348.764905,2.259467032e+11,1117333,1471445.51,0.001992,1.316927
2023-05-05,1995.595141,120360871.5,1208548,484923,16720.44109,2.401915704e+11,1215677,1777566.214,0.006362,1.462203
2023-05-06,1900.324794,120348482.7,1145565,409974,16438.03701,2.287012056e+11,1152674,1887552.125,0.007746,1.637542
2023-05-07,1900.287292,120338815.9,1101487,418073,13465.99986,2.286783226e+11,1108599,943601.299,0.007366,0.851166
2023-05-08,1850.248277,120329329.9,1145960,443089,13212.10972,2.226391353e+11,1153075,1683163.6,0,1.459717
2023-05-09,1848.220074,120321609.3,1126707,454485,11172.22286,2.223808137e+11,1133819,1480908.359,0.004522,1.306124
2023-05-10,1842.462041,120313592,1086375,427186,11575.03,2.216732263e+11,1093482,2155502.066,0.001046,1.971228
2023-05-11,1795.59224,120305183.7,1099638,410160,12194.22528,2.160190542e+11,1106680,1724760.148,0,1.558499
2023-05-12,1807.864219,120300110.1,1070884,462843,8240.348863,2.174862646e+11,1077801,1923832.099,0,1.78496
2023-05-13,1799.58322,120297541.9,994500,502560,5314.840027,2.164854378e+11,1001580,752104.2685,0.000777,0.750918
2023-05-14,1799.90851,120295124.2,992354,517668,5109.269104,2.165202178e+11,999406,642633.668,0.000777,0.643016
2023-05-15,1819.310629,120290949.9,1091921,479793,7380.823735,2.188466037e+11,1099004,1337156.637,0,1.216699
2023-05-16,1824.286582,120286896.8,1072600,438043,6959.143874,2.194377719e+11,1079684,1241261.967,2.3e-05,1.149653
2023-05-17,1822.189584,120283270.9,1043585,444193,6463.277176,2.191789234e+11,1050658,1224845.487,0.001383,1.165789
2023-05-18,1803.805438,120279613.5,1054402,462762,6567.363386,2.169610209e+11,1061514,1093857.223,5e-06,1.030469
2023-05-19,1813.162292,120276710.6,1073998,452814,5791.977609,2.180811962e+11,1081082,1127172.484,0,1.042634
2023-05-20,1819.321943,120275044.1,1049772,567922,4103.38025,2.18819027e+11,1056882,731696.4584,0,0.692316
2023-05-21,1806.482852,120273351,1014742,505370,4337.977171,2.172717462e+11,1021837,811167.3807,0.000335,0.793832
2023-05-22,1818.205413,120270383,1075234,440862,5846.704909,2.186762614e+11,1082456,1072830.472,0,0.991108
2023-05-23,1854.562845,120266731.8,1113165,443649,6627.440492,2.230422123e+11,1120259,1461385.741,0.001,1.304507
2023-05-24,1801.1409,120264067.1,1054823,457564,5523.500814,2.166125301e+11,1061935,1280465.569,0,1.205785
2023-05-25,1806.938211,120262098.2,1062757,457571,4887.230883,2.173061806e+11,1069867,1016309.408,0.001538,0.94994
2023-05-26,1829.235364,120260714.9,1059510,455922,4147.022468,2.199851527e+11,1067044,1586615.758,0.000991,1.486926
2023-05-27,1830.77385,120259960.4,982620,484034,3344.024738,2.201687907e+11,989746,798788.4663,0.00195,0.807064
2023-05-28,1911.286774,120258843.6,968996,425747,3854.041976,2.298491372e+11,976271,893475.0623,0.001243,0.915192
2023-05-29,1894.858338,120256929.6,1082245,452819,4832.601471,2.278698457e+11,1089483,1281327.826,0,1.176088
2023-05-30,1900.832762,120253986.7,1190789,495825,5696.106111,2.285827176e+11,1197893,1143718.889,0,0.954776
2023-05-31,1872.942461,120251808.2,1098149,485068,4927.195029,2.252247177e+11,1105250,1729781.681,0,1.565059
2023-06-01,1861.877191,120249560,1071180,441316,5012.313855,2.23889913e+11,1078490,1843535.077,0,1.709367
2023-06-02,1906.95201,120248567.6,1102996,519377,4088.70327,2.293082477e+11,1110086,1518263.264,0,1.367699
2023-06-03,1891.891636,120247955.3,1003794,520912,3102.329177,2.274961009e+11,1010895,743155.156,0,0.735146
2023-06-04,1892.30731,120247556.7,962454,499026,2800.898051,2.275453306e+11,969544,624967.6422,0.000763,0.6446
2023-06-05,1812.742853,120245761.8,1151611,553237,4455.981465,2.179746454e+11,1158685,2865415.513,0,2.472989
2023-06-06,1883.153317,120244832.5,1095144,521356,3479.738571,2.264394553e+11,1102527,2153819.143,0,1.95353
2023-06-07,1831.892398,120244265.2,1071257,534812,3066.958743,2.202745554e+11,1078889,2075184.592,0.000777,1.923446
2023-06-08,1847.235475,120243684.6,1008582,506910,3136.365636,2.221183999e+11,1015659,1453776.168,0,1.431362
2023-06-09,1838.421964,120243408.3,1046976,568104,2826.908398,2.210581227e+11,1054936,970601.1776,0.000777,0.920057
2023-06-10,1752.900415,120242843.4,1204433,645859,3029.980712,2.107737302e+11,1211538,1608735.131,0,1.327845
2023-06-11,1751.833681,120242967.2,1106073,722848,2200.556805,2.106456799e+11,1113168,709285.2311,0,0.637177
2023-06-12,1742.452934,120243065.8,975959,527637,2329.550235,2.095178828e+11,983062,1603730.126,0,1.631362
2023-06-13,1736.924585,120243230.9,952433,532081,2225.928389,2.08853424e+11,959546,1398440.058,1e-06,1.457398
2023-06-14,1650.154496,120242830.6,1023424,526308,2841.102588,1.984192476e+11,1030520,1841070.565,0.000614,1.786545
2023-06-15,1663.843646,120242739.4,1110065,556918,2548.746061,2.00065118e+11,1117172,1580349.004,6.9e-05,1.414598
2023-06-16,1716.620021,120242599.3,1146585,570083,2733.517914,2.064108533e+11,1153705,1435376.037,0.000557,1.244145
2023-06-17,1727.576471,120242730.6,984217,559942,2423.02753,2.077285123e+11,991359,886833.3319,0.000925,0.894563
2023-06-18,1720.119038,120243096.8,1001818,597861,2038.968979,2.068324401e+11,1008944,571620.0282,0.0002,0.566553
2023-06-19,1734.983485,120243104.6,1046350,572877,2473.835077,2.086198006e+11,1053620,976301.0456,0,0.926616
2023-06-20,1789.799357,120243101.4,1072045,501731,2504.389608,2.152110255e+11,1079165,1366244.44,0,1.26602
2023-06-21,1894.311258,120242859.2,1091714,521987,2801.795215,2.277774019e+11,1098993,2021216.331,0,1.839153
2023-06-22,1874.360791,120243064.9,1052333,499018,2346.257031,2.253788862e+11,1059447,1853183.373,0,1.749199
2023-06-23,1891.577029,120243076.5,1054976,538476,2563.36789,2.274490415e+11,1062087,1167326.74,0,1.099088
2023-06-24,1876.106601,120243503.8,1004563,560995,1926.688636,2.255896312e+11,1011673,836681.6859,0,0.827028
2023-06-25,1899.800924,120244116.8,934895,558073,1729.357674,2.284398841e+11,942004,882107.1042,0,0.936415
2023-06-26,1857.568335,120244611.7,996984,542329,1928.780173,2.233625832e+11,1004089,1532898.601,0,1.526656
2023-06-27,1888.944042,120244705.7,1067370,498328,2674.968952,2.271355205e+11,1074467,1397718.051,0,1.300848
2023-06-28,1829.668586,120244670.6,1094481,502634,2655.651639,2.200078965e+11,1101625,1594553.396,0,1.447456
2023-06-29,1853.175437,120243285.3,1064346,446169,4241.032509,2.228319027e+11,1071478,1223937.319,0.000883,1.142289
2023-06-30,1934.617515,120242205.6,1129184,492936,3804.654031,2.326226771e+11,1136308,1860223.969,0,1.637077
2023-07-01,1923.135088,120242403.4,1015838,496384,2349.489561,2.312423851e+11,1022948,641238.1239,0,0.626853
2023-07-02,1935.597538,120242874.3,925771,495119,2030.83055,2.327418114e+11,932901,675499.083,0,0.724084
2023-07-03,1954.203823,120242732,1061564,493543,2797.930156,2.349788066e+11,1068871,1235192.067,0,1.155604
2023-07-04,1938.380631,120241687.2,931944,468826,3570.614067,2.330741576e+11,939161,872278.5556,0,0.928785
2023-07-05,1912.145852,120238468.1,760586,330408,5822.700407,2.29913488e+11,767720,923841.5508,0,1.203357
2023-07-06,1854.375476,120236297.2,914280,357008,4923.066427,2.229632409e+11,921397,1044340.637,0,1.133432
2023-07-07,1869.327562,120235010.8,1038341,410247,4100.765801,2.247586197e+11,1045463,1174152.902,0,1.123094
2023-07-08,1864.056578,120235033.4,1014086,441020,2585.623055,2.24124905e+11,1021199,712709.7391,0,0.697915
2023-07-09,1862.6328,120235252.4,954379,444382,2449.509974,2.239541249e+11,961606,571208.8374,0.000532,0.594015
2023-07-10,1880.338772,120235021.6,1057858,505778,2917.992544,2.260825729e+11,1064961,927150.4319,0.000475,0.870596
2023-07-11,1878.366975,120234762.5,1091428,493934,2915.82373,2.258450071e+11,1098542,911562.7985,6.7e-05,0.829793
2023-07-12,1871.590523,120233939.2,1041317,444909,3496.496257,2.250287012e+11,1048426,1081116.246,0,1.03118
2023-07-13,2002.01825,120232579.2,1121269,461538,4138.898136,2.407078178e+11,1128373,1804458.853,0,1.599169
2023-07-14,1935.137255,120232056.3,1110332,512709,3162.919657,2.326655313e+11,1117440,1548930.23,0,1.386142
2023-07-15,1930.717785,120232614.8,950700,495888,1973.504028,2.321352478e+11,957760,745047.9162,9e-05,0.777907
2023-07-16,1924.546247,120233002.6,946750,460558,2276.172411,2.31393974e+11,953853,544548.3391,9e-06,0.570893
2023-07-17,1912.28638,120232782,1036419,432935,3005.713157,2.299195114e+11,1043556,1124394.569,0,1.077465
2023-07-18,1897.399071,120231689.1,1175963,495815,3783.555862,2.281274951e+11,1183206,1327884.721,0,1.122277
2023-07-19,1889.516152,120231092,1093783,466872,3501.694663,2.271785903e+11,1100912,1197166.871,0,1.087432
2023-07-20,1891.976824,120230377.7,1049510,431813,3551.811913,2.274730882e+11,1056654,1064496.17,0,1.007422
2023-07-21,1892.110092,120229452.8,1110882,462143,3740.347905,2.27487361e+11,1118022,1189741.594,0,1.064149
2023-07-22,1861.284205,120229564.4,1004374,432180,2620.520862,2.237813892e+11,1011525,675899.0632,0,0.668198
2023-07-23,1887.971834,120229560.7,977305,424115,2788.909239,2.269900242e+11,984453,605286.429,0.000246,0.614845
2023-07-24,1849.924253,120228286.4,1036300,420593,4227.99589,2.22413223e+11,1043449,1083546.613,0,1.038428
2023-07-25,1857.553493,120227265.8,990249,389259,3982.912414,2.233285774e+11,997556,1115439.907,0,1.118173
2023-07-26,1871.168158,120226568.1,1029348,428906,3519.819523,2.24964126e+11,1036501,1196557.514,0,1.15442
2023-07-27,1859.041747,120225402,998420,414078,4102.781971,2.235040414e+11,1005566,778312.6147,0,0.774005
2023-07-28,1875.01527,120223577.5,1014601,423058,4772.719237,2.254210436e+11,1021745,969861.9817,0,0.949221
2023-07-29,1881.002765,120223398.9,991161,443989,2842.378949,2.261405458e+11,998310,499077.1009,0.002515,0.499922
2023-07-30,1861.506785,120223407.9,981157,449643,2728.94058,2.237966895e+11,988301,672734.9334,0.00249,0.680698
2023-07-31,1856.185145,120222982.9,1048101,532895,3021.404737,2.231561148e+11,1055260,1172686.425,0.000242,1.111277
2023-08-01,1866.989851,120222665.2,1068108,430764,3004.989318,2.244544957e+11,1075269,1317675.073,0,1.225438
2023-08-02,1838.295086,120222238.8,1042149,439016,3218.300755,2.210039508e+11,1049310,1128131.25,0,1.075117
2023-08-03,1835.916255,120221962.9,1049539,463901,2957.943695,2.20717456e+11,1056684,891884.8729,0,0.844041
2023-08-04,1826.273583,120222019,1075359,483717,2562.337835,2.195582973e+11,1082511,927200.8591,0,0.856528
2023-08-05,1835.380414,120222420.3,1124372,456526,2242.710608,2.206538756e+11,1131527,554778.8944,0,0.490292
2023-08-06,1826.942274,120222995.7,987506,470221,2002.530262,2.196404732e+11,994644,547383.7301,0,0.550331
2023-08-07,1825.865933,120222633.8,1047336,434031,3092.737548,2.195104114e+11,1054478,988630.1135,0,0.937554
2023-08-08,1856.70175,120222198,1098689,426439,3183.315108,2.232167655e+11,1105832,980321.8024,0,0.886502
2023-08-09,1855.325263,120221980,1076595,479009,2868.958826,2.230508766e+11,1083741,1007341.926,0.000343,0.929504
2023-08-10,1850.89056,120221730.9,1037733,435345,2954.95979,2.225172669e+11,1044879,894929.6748,0,0.856491
2023-08-11,1846.585418,120221866.7,1050203,462207,2498.451835,2.21999946e+11,1057351,870736.8208,0,0.823508
2023-08-12,1848.606408,120222484.5,972839,456717,1975.778618,2.222440551e+11,979985,703413.2652,0,0.71778
2023-08-13,1838.95695,120223119.2,920802,472123,1948.128612,2.210851407e+11,927959,519659.0756,0.0002,0.560002
2023-08-14,1843.842051,120223018.3,1009971,452925,2785.386772,2.216722565e+11,1017123,862826.4426,0,0.848301
2023-08-15,1827.122403,120222426.2,1056395,450149,3335.862627,2.196610882e+11,1063545,882900.087,0.000361,0.830148
2023-08-16,1806.941748,120221371.2,1076026,419867,3907.857733,2.172330146e+11,1083178,1140285.513,0,1.052722
2023-08-17,1688.898805,120219426.3,1065879,442604,4814.385487,2.030384455e+11,1073019,2034873.778,0,1.896401
2023-08-18,1660.654386,120218919,1081417,466951,3269.385216,1.996420752e+11,1088558,1932537.118,0,1.775318
2023-08-19,1668.862297,120219519.8,1041484,523589,1996.238722,2.00629824e+11,1048627,762338.4193,0.000412,0.726987
2023-08-20,1683.561797,120220076.1,943440,468619,2047.628303,2.023979273e+11,950582,744043.4084,0.0005,0.782724
2023-08-21,1667.287089,120219808.6,1010718,426008,2997.230368,2.004409347e+11,1017862,1180955.68,0,1.160232
2023-08-22,1631.887409,120218624.9,1040834,412243,3937.612466,1.961832603e+11,1047988,1382642.678,0,1.319331
2023-08-23,1678.894434,120218380.1,1045220,425302,2948.509279,2.018339693e+11,1052378,1398804.54,0,1.329185
2023-08-24,1656.640102,120218413.5,1055235,431316,2638.876052,1.991586448e+11,1062380,904766.7822,0,0.851641
2023-08-25,1652.968446,120218180.6,1025742,420800,3083.290343,1.987168592e+11,1032887,1007150.512,0.0003,0.975083
2023-08-26,1645.928422,120218961.2,990794,495985,1783.77292,1.978718051e+11,997939,484658.7486,0.000688,0.48566
2023-08-27,1656.753946,120219764,907110,500556,1719.821007,1.991745684e+11,914252,657064.1192,0.000598,0.71869
2023-08-28,1652.813919,120219138.2,995843,392699,3519.945573,1.986998649e+11,1002990,900725.8596,0,0.898041
2023-08-29,1726.954677,120217921.4,1019692,412991,4190.802614,2.076109016e+11,1026822,1293024.922,0,1.259249
2023-08-30,1705.043141,120217669.9,1027316,465457,2963.063355,2.049763136e+11,1034454,947114.0499,0,0.915569
2023-08-31,1645.676905,120217518.3,1010128,454064,2816.222875,1.978391934e+11,1017274,1344031.525,0,1.321209
2023-09-01,1628.753445,120217811,1006635,496632,2328.482772,1.958051737e+11,1013777,1102794.065,6.1e-05,1.087807
2023-09-02,1636.883365,120218725.8,1024172,580665,1626.808255,1.967840325e+11,1031296,684159.0862,0.00228,0.663397
2023-09-03,1635.564726,120219656.3,1038128,590095,1639.672631,1.966270293e+11,1045273,517013.399,0.006,0.49462
2023-09-04,1627.417724,120220173.8,952440,415077,2129.227422,1.956484416e+11,959602,1228947.012,0,1.280684
2023-09-05,1632.722543,120220984.7,994049,453263,2358.177184,1.962875119e+11,1001190,976623.888,0,0.975463
2023-09-06,1632.395921,120221154.2,1058940,472724,2582.73477,1.962485217e+11,1066073,947818.045,0,0.889074
2023-09-07,1646.081329,120221374.5,1017089,454333,2503.10763,1.9789416e+11,1024241,982094.874,0,0.958851
2023-09-08,1636.384994,120221906.6,1014297,455177,2322.276421,1.967293238e+11,1021436,936171.8169,0.00071,0.916525
2023-09-09,1634.676235,120223012.5,929400,472142,1550.349156,1.965257015e+11,936537,511993.7473,0,0.546688
2023-09-10,1617.417188,120224211.1,866548,480768,1387.551717,1.944527054e+11,873686,729505.2026,0.000334,0.834974
2023-09-11,1549.359649,120224179,1021616,506669,2842.16027,1.862704917e+11,1028759,1898239.311,0.000859,1.845174
2023-09-12,1594.009435,120224768.8,1092958,580314,2112.944583,1.916394157e+11,1100092,4158102.216,0.005,3.779777
2023-09-13,1607.719219,120225009.4,1627860,1146469,2432.136647,1.932880583e+11,1634991,1169044.501,0.032087,0.715016
2023-09-14,1627.523288,120225296.6,1071590,496984,2462.701939,1.9566947e+11,1078710,968752.8765,0.002029,0.898066
2023-09-15,1643.922881,120225762.1,1002709,451903,2261.108311,1.976418812e+11,1009800,992195.0697,0,0.982566
2023-09-16,1634.720329,120226886.4,922374,472439,1488.003197,1.965373353e+11,929454,654768.5854,0.000431,0.704466
2023-09-17,1620.580544,120228127.1,879624,479039,1283.619572,1.948393636e+11,886667,487093.9587,0.000131,0.549354
2023-09-18,1637.64761,120228667.6,979571,452238,2202.605448,1.968921902e+11,986683,941126.7457,0,0.953829
2023-09-19,1643.481288,120229573.7,1002911,453301,1802.740565,1.975950546e+11,1010048,1056990.632,0,1.046476
2023-09-20,1622.668679,120230268.8,1012663,462906,2031.637923,1.950938914e+11,1019813,1039069.114,0,1.018882
2023-09-21,1584.688287,120230508.8,1131119,607789,2474.382368,1.90527879e+11,1138259,945438.6854,0.005252,0.830601
2023-09-22,1593.625548,120231755.7,974991,485197,1406.494387,1.916043976e+11,982118,847351.4376,0,0.86278
2023-09-23,1592.933754,120233175.9,863503,529009,1128.577197,1.915234842e+11,870645,546755.9959,0.000358,0.62799
2023-09-24,1581.240782,120234636.4,883746,509942,1082.458561,1.901199105e+11,890886,565954.7463,6e-06,0.635272
2023-09-25,1587.551971,120235576.1,990751,463901,1805.787757,1.908802258e+11,997899,787728.2656,1e-06,0.789387
2023-09-26,1592.03694,120236292.8,1041222,461614,2066.840072,1.914206198e+11,1048368,835460.1448,0,0.796915
2023-09-27,1596.472066,120237300.4,1056862,480193,1683.863589,1.919554914e+11,1064008,846443.005,0,0.795523
2023-09-28,1652.894029,120238363.9,1030538,482888,1598.107258,1.987412738e+11,1037673,1082397.929,1e-06,1.043101
2023-09-29,1667.558006,120239621.1,1024678,488093,1412.995577,2.005065429e+11,1031817,1119947.139,0,1.085413
2023-09-30,1671.135272,120241042.3,977771,472166,1208.16951,2.00939047e+11,984931,863150.0944,0.000101,0.876356
2023-10-01,1731.54861,120242502.7,922694,474950,1164.053518,2.082057383e+11,929853,912511.4252,0,0.98135
2023-10-02,1663.192629,120243093.8,1016845,440326,2370.05772,1.999874272e+11,1024014,1721050.883,0,1.680691
2023-10-03,1656.902726,120244179.9,1002455,452017,1638.520583,1.992329095e+11,1009599,1083604.904,0,1.073302
2023-10-04,1648.970399,120245479.6,983598,470040,1380.271282,1.982812365e+11,990754,1278392.918,0,1.290323
2023-10-05,1613.011229,120246832.5,955796,482454,1280.294378,1.939594912e+11,962947,1237224.341,0,1.284831
2023-10-06,1645.726653,120248260.7,993544,496999,1178.635592,1.978957677e+11,1000694,1043736.383,0,1.043013
2023-10-07,1635.145891,120249904.9,996807,516225,941.3532909,1.966261378e+11,1003962,712442.4571,0,0.709631
2023-10-08,1632.990038,120251536.3,924403,478609,926.4424692,1.963695608e+11,931552,814114.6441,0,0.873934
2023-10-09,1579.554568,120252963.5,993579,459613,1222.00402,1.899461178e+11,1000721,1062768.913,0,1.062003
2023-10-10,1568.327937,120254456.5,1005950,454990,1115.151927,1.885984237e+11,1013100,1392725.228,0,1.374716
2023-10-11,1565.312415,120255895,1005828,486645,1168.996135,1.882380454e+11,1012963,1182267.937,0,1.167138
2023-10-12,1538.101052,120257316,1004069,478310,1249.230005,1.849679042e+11,1011213,924419.1256,0,0.914169
2023-10-13,1550.26081,120258755.5,1007291,477264,1270.775753,1.864324357e+11,1014429,980828.6713,0,0.966878
2023-10-14,1555.662291,120260479.2,898577,499942,838.3343533,1.870846925e+11,905729,511958.1957,0,0.565244
2023-10-15,1556.295976,120262175.5,921231,509670,894.2319238,1.871635398e+11,928385,537956.8415,0,0.579454
2023-10-16,1600.993885,120263301.1,1027904,445496,1647.243051,1.925408096e+11,1035070,1123631.257,0,1.085561
2023-10-17,1565.294394,120264680,1002389,469524,1314.656251,1.882496294e+11,1009539,1083986.909,0,1.073744
2023-10-18,1563.409309,120265969,1010682,443137,1391.706693,1.880249355e+11,1017825,1138231.967,0,1.118298
2023-10-19,1566.428419,120267295.4,997931,438038,1434.24815,1.883901093e+11,1005078,920149.0342,0,0.9155
2023-10-20,1605.573863,120268204.6,1087921,469116,1921.039647,1.930994858e+11,1095077,1440573.706,1.9e-05,1.3155
2023-10-21,1628.753199,120269626,987400,467937,1240.231827,1.958895381e+11,994547,813615.5448,0,0.818077
2023-10-22,1663.030041,120271050.9,980622,466832,1252.789631,2.000143707e+11,987766,639162.6419,0,0.647079
2023-10-23,1763.060743,120271125.9,1063574,443611,2831.495705,2.120453007e+11,1070715,1658754.106,0,1.549202
2023-10-24,1784.623182,120270590.5,1098323,462901,3408.391192,2.14637684e+11,1105466,2136078.976,0,1.932288
2023-10-25,1786.288157,120270236.5,1081158,452980,3209.843692,2.148372991e+11,1088285,1356585,0,1.246535
2023-10-26,1804.612829,120269931,1091779,446883,3195.920854,2.170406604e+11,1098928,1395217.539,0,1.269617
2023-10-27,1780.846738,120270267.3,1034649,431981,2511.584829,2.141829133e+11,1041806,1183766.894,0,1.136264
2023-10-28,1776.209957,120271127.1,991315,430136,1922.80128,2.136267734e+11,998460,706651.4024,0,0.707741
2023-10-29,1797.719451,120271952.5,1071556,442265,1913.888208,2.162152286e+11,1078697,647010.3354,0,0.599807
2023-10-30,1809.385648,120271933.8,1094713,451831,2868.348267,2.176183109e+11,1101852,1464638.29,0,1.329251
2023-10-31,1813.542698,120271657.7,1089606,443637,3155.785139,2.181177866e+11,1096741,1176848.044,0,1.073041
2023-11-01,1846.081043,120271188.9,1101380,448247,3347.91738,2.220303618e+11,1108531,1636242.219,0,1.476046
2023-11-02,1799.221124,120270745.6,1045341,430684,3280.990691,2.163936662e+11,1052472,1568342.816,0,1.490152
2023-11-03,1832.613557,120270713.5,1104674,449646,2870.748579,2.2040974e+11,1111813,1385716.342,0,1.246357
2023-11-04,1859.529324,120271299.1,1013882,424516,2186.402563,2.236480075e+11,1021017,683121.4761,0,0.66906
2023-11-05,1896.549588,120271585.1,1034459,412472,2533.25752,2.281010252e+11,1041593,920028.6218,0,0.88329
2023-11-06,1898.864993,120270699,1101645,425120,3835.366866,2.283778199e+11,1108785,1406109.498,0,1.268153
2023-11-07,1886.190892,120270064.9,1055975,452904,3442.54337,2.26852301e+11,1063125,1637379.333,0,1.540157
2023-11-08,1892.655215,120269307.5,1066274,435097,3961.77645,2.276283321e+11,1073427,1389388.622,0,1.294348
2023-11-09,2115.807185,120266306.2,1125199,465799,6046.715296,2.544603148e+11,1132350,2215393.279,0,1.956456
2023-11-10,2080.741058,120264467.6,1146191,503810,4882.090673,2.502392157e+11,1153344,2392138.612,0,2.074089
2023-11-11,2046.325085,120263674.2,1107685,477097,3645.383851,2.460985733e+11,1114828,1025084.075,0,0.9195
2023-11-12,2044.94616,120263034.2,1061494,445257,3553.407615,2.4593143e+11,1068638,1126045.599,0,1.05372
2023-11-13,2062.535737,120260400.8,1088278,404394,5953.369183,2.480413744e+11,1095430,1444379.304,0,1.31855
2023-11-14,1982.444374,120258761.2,1050000,411867,4655.040474,2.384063047e+11,1057160,1456128.842,0,1.377397
2023-11-15,2056.275915,120257438.2,1075386,432358,4277.555731,2.472824736e+11,1082534,1544667.188,0,1.426899
2023-11-16,1959.638862,120256064.9,1093005,447363,4309.976216,2.356584582e+11,1100160,1525038.073,0,1.386197
2023-11-17,1958.8521,120255416.3,1084679,442407,3511.912439,2.355625747e+11,1091828,1405542.231,0,1.287329
2023-11-18,1962.394011,120255405.1,1134614,435562,2846.092437,2.359884867e+11,1141728,1036381.087,0,0.90773
2023-11-19,2009.781618,120255566.9,983460,445712,2687.238782,2.416874278e+11,990599,938451.9634,0,0.947358
2023-11-20,2024.270342,120253669.2,1151945,478802,4803.594814,2.434259361e+11,1159092,1306465.696,0,1.127146
2023-11-21,1945.518124,120251704.7,1129495,454803,4885.304442,2.339518711e+11,1136638,1269459.759,0,1.116855
2023-11-22,2064.399857,120249841.2,1142003,468822,4870.089302,2.482437551e+11,1149145,1755741.699,0,1.527868
2023-11-23,2063.224401,120248675.7,1123339,472550,4073.524076,2.481000019e+11,1130484,1378888.48,0,1.219733
2023-11-24,2079.300624,120247969.8,1068410,459777,3578.917907,2.500316786e+11,1075544,1436830.717,0,1.335911
2023-11-25,2084.536676,120247912.8,985612,447357,2811.251468,2.506611844e+11,992757,747088.6743,0,0.752539
2023-11-26,2065.373631,120247659.5,989613,445942,3054.680189,2.48356345e+11,996748,721654.368,0,0.724009
2023-11-27,2027.241068,120246549.7,1077314,427313,4073.273861,2.437687438e+11,1084450,1453494.232,0,1.340305
2023-11-28,2049.738162,120244652.6,1155016,435397,5035.248096,2.464700533e+11,1162161,1316403.6,0,1.132721
2023-11-29,2028.845421,120242957.3,1151825,435185,4681.778498,2.439543734e+11,1158975,1198411.417,0,1.034027
2023-11-30,2051.045331,120240516.1,1119717,444493,5509.695627,2.466187491e+11,1126862,1477434.041,0,1.311105
2023-12-01,2086.10865,120238180.9,1119260,455498,5340.289642,2.508299092e+11,1126411,1632318.718,0,1.449132
2023-12-02,2164.749588,120236893.4,1210135,448231,4209.675762,2.602827656e+11,1217292,776444.8268,0,0.637846
2023-12-03,2193.554908,120235728.8,1030989,484971,4005.826479,2.637436729e+11,1038119,857634.5847,0,0.826143
2023-12-04,2238.020475,120233048.2,1158630,501479,5745.201125,2.690840237e+11,1165780,1728975.853,0,1.483106
2023-12-05,2291.508468,120229359.5,1197166,478540,6740.793616,2.755065953e+11,1204306,1525361.66,0,1.26659
2023-12-06,2231.623481,120225666.3,1126986,470269,6724.206571,2.682984199e+11,1134109,1588689.242,0,1.400826
2023-12-07,2354.397298,120222737.1,1159526,514384,5988.214067,2.830520875e+11,1166653,1418350.841,0,1.215744
2023-12-08,2359.297336,120220557.4,1182465,512163,5131.091033,2.836360408e+11,1189599,1413358.646,0,1.188097
2023-12-09,2341.960377,120219265.1,1120555,514381,4129.496642,2.815487554e+11,1127690,852693.3977,0,0.756142
2023-12-10,2351.047022,120218301.5,1129096,530417,3780.799791,2.826388796e+11,1136245,793485.9617,0,0.698341
2023-12-11,2221.864524,120216719.1,1087662,477448,4481.418478,2.671052634e+11,1094808,1649458.451,0,1.506619
2023-12-12,2201.240248,120214494.1,1076667,460872,5362.030409,2.646209829e+11,1083813,1344514.185,0,1.240541
2023-12-13,2260.868592,120211761.5,1081514,436280,5648.16666,2.71782996e+11,1088651,1391755.953,0,1.278423
2023-12-14,2319.55548,120209284.2,1157276,472896,5437.878491,2.788321039e+11,1164404,1156721.67,0,0.993402
2023-12-15,2221.463628,120205571.5,1162222,460372,7002.555359,2.670323049e+11,1169356,1481818.007,0,1.267209
2023-12-16,2224.698609,120202413.1,1056961,422688,6076.405855,2.674141412e+11,1064069,876162.0741,0,0.823407
2023-12-17,2200.067956,120200547.5,1081782,473059,4700.97843,2.644493728e+11,1088904,1146559.938,0,1.052949
2023-12-18,2215.894673,120196609.1,1137970,469668,7001.723112,2.663430259e+11,1145106,1955065.852,0,1.707323
2023-12-19,2176.076659,120193164.3,1153138,494272,6354.567145,2.615495394e+11,1160252,2112369.33,0.000862,1.820613
2023-12-20,2195.892093,120189675.5,1246531,548565,6375.355155,2.639235581e+11,1253647,2150591.48,0.0015,1.715468
2023-12-21,2237.718036,120187654.1,1242003,567353,4869.986619,2.689460814e+11,1249147,1765217.465,0,1.413138
2023-12-22,2326.301424,120186476.6,1205712,559864,4043.364026,2.795899716e+11,1212843,2203642.005,0,1.816923
2023-12-23,2311.023968,120186490.4,1121929,520957,2847.254078,2.7775386e+11,1129056,980018.6903,0,0.867998
2023-12-24,2268.219774,120186584.9,1140411,527103,2806.295707,2.726095886e+11,1147526,889169.6523,0,0.774858
2023-12-25,2274.25887,120186621.9,1102694,522614,2701.73544,2.733354908e+11,1109800,860834.7148,0,0.775667
2023-12-26,2229.4458,120187019.2,1116447,513646,2395.265453,2.679504451e+11,1123589,1659331.473,0,1.476814
2023-12-27,2378.566832,120186458.9,1137685,505094,3381.451423,2.858715247e+11,1144793,1681148.789,0,1.468518
2023-12-28,2351.436876,120185648,1185508,543618,3764.248662,2.826089648e+11,1192636,1839204.959,0,1.542134
2023-12-29,2295.943711,120185496,1110469,480676,3044.163956,2.759391337e+11,1117584,1752795.593,0,1.568379
2023-12-30,2293.754039,120185822.1,1090893,514594,2385.730816,2.756767149e+11,1098001,1021497.234,0,0.930325
2023-12-31,2279.075724,120186712.6,1061956,503085,1778.887531,2.73914619e+11,1069093,883696.3418,0,0.826585
2024-01-01,2347.438261,120187794.6,1101465,562773,1597.04013,2.821334275e+11,1108572,945496.8043,0,0.852896
2024-01-02,2357.630961,120188176.6,1128657,512753,2403.023206,2.833593663e+11,1135779,1486479.384,0,1.308775
2024-01-03,2207.34335,120186916.5,1092220,477192,4299.868493,2.652937909e+11,1099349,1677502.149,0,1.525905
2024-01-04,2272.180091,120186910.6,1116573,475972,2838.80863,2.730863053e+11,1123701,1427264.771,0,1.270146
2024-01-05,2267.643388,120187225.5,1069252,489211,2429.648189,2.725417671e+11,1076352,1516379.39,0,1.408814
2024-01-06,2238.93394,120187713.4,994947,483964,2130.380303,2.690923506e+11,1002005,751849.1898,0,0.750345
2024-01-07,2218.468663,120186923.6,1049831,523419,3441.932461,2.666309237e+11,1056914,677885.4966,0.01,0.641382
2024-01-08,2332.303092,120186722.9,1073535,508589,2952.763151,2.803118653e+11,1080624,1603920.488,0,1.484254
2024-01-09,2339.661537,120186884.9,1078832,512092,2745.639335,2.811966317e+11,1085959,1621462.545,0,1.493116
2024-01-10,2590.84571,120185176.2,1247106,624690,4788.38477,3.113812482e+11,1254246,2286938.32,0,1.823357
2024-01-11,2618.698978,120184143.5,1209246,596971,3843.933388,3.147260937e+11,1216372,2307767.778,0.000135,1.897255
2024-01-12,2519.141968,120183918.5,1209875,579744,3053.314911,3.02760353e+11,1217025,1998596.925,0,1.642199
2024-01-13,2580.017733,120184498,1212202,495542,2174.267845,3.100781361e+11,1219355,947256.0845,0,0.77685
2024-01-14,2479.101041,120183533.6,1961144,403225,3819.697164,2.979471232e+11,1968302,799988.455,0,0.406436
2024-01-15,2512.738068,120183525.7,1154132,522570,2788.805999,3.019897201e+11,1161291,1261679.481,0,1.086446
2024-01-16,2590.585864,120182431.1,1269778,460330,4092.493709,3.113429072e+11,1276944,1229994.478,0,0.963233
2024-01-17,2524.523267,120180981.8,1181029,452249,4445.034525,3.033996846e+11,1188172,1217809.439,0,1.024944
2024-01-18,2466.731013,120179747.2,1204406,499927,4142.597483,2.964511095e+11,1211559,1554344.044,0,1.282929
2024-01-19,2490.059428,120179026.3,1173934,526104,3657.122531,2.992529174e+11,1181097,1384907.82,0,1.172561
2024-01-20,2469.736059,120179693.2,1062400,538236,2096.777619,2.96812122e+11,1069566,671681.2606,0,0.627994
2024-01-21,2454.590069,120180640.1,1119258,546924,1735.861406,2.949942057e+11,1126330,747152.5609,0,0.663351
2024-01-22,2312.205734,120181060.6,1076456,516458,2318.948563,2.778833376e+11,1083540,1707806.818,0,1.576136
2024-01-23,2238.990278,120181806.6,1083406,525689,2028.373627,2.690858967e+11,1090523,2696726.243,0,2.472874
2024-01-24,2233.650315,120182877.8,1080129,498167,1673.77198,2.684465228e+11,1087270,1278145.602,0,1.175555
2024-01-25,2218.098188,120182674.2,1173661,544086,3053.639458,2.665769719e+11,1180799,3339545.76,0,2.828208
2024-01-26,2266.883143,120182996.1,1172353,548880,2510.385569,2.72440808e+11,1179494,1616305.898,0,1.370338
2024-01-27,2266.633586,120183971.6,1147736,604147,1654.016217,2.724130265e+11,1154862,772706.2636,0,0.66909
2024-01-28,2255.095843,120185076,1128110,569471,1546.869256,2.710288653e+11,1135248,720787.6471,2e-05,0.634916
2024-01-29,2314.92945,120185984.8,1115710,555438,1860.359439,2.782220757e+11,1122847,1463968.503,0,1.303801
2024-01-30,2348.322199,120185535.7,1190513,542307,3577.175507,2.822343614e+11,1197664,1642769.089,0,1.371644
2024-01-31,2284.195098,120185286.4,1137621,515245,3204.705334,2.745266421e+11,1144750,2173804.784,0,1.898934
2024-02-01,2300.171506,120184719.4,1127338,496021,3455.27019,2.764454671e+11,1134465,1499724.663,0,1.321966
2024-02-02,2306.20429,120184845.8,1108172,508866,2749.649273,2.771708069e+11,1115295,1264120.768,0,1.133441
2024-02-03,2294.859586,120185283.8,1054604,495027,2481.782302,2.758083506e+11,1061721,608086.0744,1e-06,0.572736
2024-02-04,2287.552485,120185971.7,1049649,543243,1994.632735,2.749317183e+11,1056760,775970.7403,0.000476,0.734292
2024-02-05,2296.795182,120186324,1120237,549186,2386.697087,2.760433698e+11,1127360,1706217.706,0,1.513463
2024-02-06,2374.237758,120184890.2,1080846,495537,4372.222458,2.853475043e+11,1087971,1503105.395,0,1.381568
2024-02-07,2424.698367,120183020,1143018,489939,4879.239912,2.914075723e+11,1150150,1995161.814,0,1.734697
2024-02-08,2421.889232,120179439.7,1052168,456068,6800.217404,2.910612909e+11,1059288,1679418.882,0.001,1.585422
2024-02-09,2490.790841,120174674.8,1075272,470607,8042.50943,2.993299793e+11,1082406,2062551.635,0.002988,1.905525
2024-02-10,2500.526341,120173302.6,1010940,472368,4402.186189,3.004965086e+11,1018062,774250.9343,0,0.760515
2024-02-11,2504.47119,120172745.8,1027275,507304,3473.550134,3.009691796e+11,1034395,633693.6615,0,0.612623
2024-02-12,2654.843724,120170843.6,984284,505729,5018.434991,3.190348098e+11,991419,1453243.978,0,1.465822
2024-02-13,2638.386541,120170484.6,1102512,522147,3911.274007,3.170561891e+11,1109640,1563875.916,0,1.409354
2024-02-14,2779.391977,120170103.6,1130386,550218,3289.146866,3.339998218e+11,1137505,1893976.303,0,1.665027
2024-02-15,2825.41836,120168806.7,1153897,534338,4361.18012,3.395271529e+11,1161027,1464007.925,0,1.260959
2024-02-16,2802.714106,120168343.6,1179007,545912,3350.246918,3.367975117e+11,1186137,1297972.467,0,1.094285
2024-02-17,2786.648204,120168685.9,1078511,535786,2444.335361,3.348678528e+11,1085624,759545.0945,0,0.699639
2024-02-18,2877.232267,120168745.2,1093072,504340,2771.59571,3.45753391e+11,1100168,834613.36,0,0.758624
2024-02-19,2948.520494,120167624.9,1146697,537690,4090.644573,3.543167048e+11,1153806,1577451.111,0,1.367172
2024-02-20,3014.126156,120166105.8,1149756,535843,4525.47623,3.621958025e+11,1156894,1865847.234,0,1.612807
2024-02-21,2965.023099,120164300,1100360,494220,4708.885278,3.562899251e+11,1107477,1688522.864,0,1.524657
2024-02-22,2972.48552,120161644.3,1082822,480307,5619.091333,3.571787477e+11,1089947,1549169.278,0.000512,1.421325
2024-02-23,2923.20722,120159730.9,1159988,525471,4894.349478,3.512517928e+11,1167128,1225754.655,0,1.050232
2024-02-24,2990.13752,120159203,1101339,542711,3373.572972,3.592925413e+11,1108500,874380.9966,3e-06,0.788797
2024-02-25,3111.731786,120158617.4,1102202,563938,3423.448237,3.739013891e+11,1109348,1122360.783,0.00073,1.01173
2024-02-26,3175.872391,120156810.5,1187460,566336,4727.6407,3.81602697e+11,1194600,1817893.052,0,1.521759
2024-02-27,3244.348833,120154154.7,1219667,571866,5698.409432,3.898219915e+11,1226817,2064795.137,3e-06,1.683051
2024-02-28,3376.601287,120150235.1,1227000,583458,7067.646805,4.056994385e+11,1234145,2205468.316,0,1.787041
2024-02-29,3350.236383,120145341.7,1236458,568518,7942.462903,4.02515295e+11,1243600,1819748.438,0,1.463291
2024-03-01,3438.1877,120142043.7,1205380,567634,6303.945783,4.130708968e+11,1212545,1532303.25,0,1.263708
2024-03-02,3420.339507,120139363,1210225,569559,5681.369098,4.109174097e+11,1217373,1028207.018,0,0.844611
2024-03-03,3482.483431,120136404.1,1182830,591186,5966.025757,4.183730369e+11,1189990,975217.3928,0,0.819517
2024-03-04,3630.730333,120130401.6,1267200,588463,9286.337371,4.361610929e+11,1274367,1690030.324,0,1.326172
2024-03-05,3552.950235,120123063.4,1303724,582912,10809.62076,4.267912663e+11,1310888,2521514.721,0,1.923517
2024-03-06,3820.764293,120117295,1218992,548248,9061.819735,4.589398716e+11,1226155,2374200.263,0,1.936297
2024-03-07,3868.688483,120112436.4,1228816,574568,8086.875131,4.646775994e+11,1235976,1796341.866,0,1.453379
2024-03-08,3895.416978,120108424.4,1212254,561713,7100.182995,4.678723958e+11,1219342,1889684.72,0,1.549758
2024-03-09,3914.197674,120105060,1160185,553560,6390.429172,4.701149465e+11,1167345,1028908.635,0,0.881409
2024-03-10,3872.303381,120101356.2,1157440,539361,6886.560944,4.650688877e+11,1164592,1108608.031,0,0.951928
2024-03-11,4072.90353,120096736.7,1245874,595781,7846.757729,4.891424228e+11,1253026,2245754.568,0,1.792265
2024-03-12,3971.095914,120092877.3,1232719,578377,7038.092319,4.769003343e+11,1239872,2026793.086,0,1.634679
2024-03-13,4004.597872,120089008,1277221,603003,6870.282041,4.80908186e+11,1284338,2049769.295,0,1.595973
2024-03-14,3882.895825,120085865.8,1300877,612536,6165.274696,4.66280907e+11,1307966,1885930.664,0,1.44188
2024-03-15,3736.920634,120083800.6,1312102,675933,5065.038761,4.487436323e+11,1319225,2036844.858,0,1.543971
2024-03-16,3519.479032,120082679,1275332,670469,4091.647849,4.226284709e+11,1282434,1177465.06,0,0.918149
2024-03-17,3638.452604,120082552.9,1204019,664906,3517.743365,4.369146773e+11,1211132,1221107.909,0,1.008237
2024-03-18,3529.949178,120081186.3,1281387,659801,4275.772963,4.238804849e+11,1288500,1888093.849,0,1.465343
2024-03-19,3165.832534,120079422.8,1377677,650497,4825.479549,3.801513432e+11,1384796,2225086.054,0,1.606797
2024-03-20,3519.072681,120078062,1370939,692050,4337.806594,4.225634275e+11,1378065,2496873.6,0,1.811869
2024-03-21,3489.542939,120077244.1,1331198,690508,3694.783478,4.190146992e+11,1338314,1694216.775,0,1.265934
2024-03-22,3316.856623,120077068.1,1323924,696307,3089.13191,3.982784186e+11,1331058,1528157.541,0,1.148077
2024-03-23,3354.718044,120077520.3,1297609,700773,2330.141496,4.028262241e+11,1304729,886493.5036,0,0.679446
2024-03-24,3455.312734,120077986.6,1230758,679695,2300.013182,4.14906996e+11,1237863,781339.4646,0,0.6312
2024-03-25,3595.953774,120077711,1279190,660352,3191.20256,4.317938979e+11,1286280,1686791.885,0,1.311372
2024-03-26,3593.265492,120076875.7,1315082,608189,3755.960235,4.314680937e+11,1322179,2008832.484,0,1.519335
2024-03-27,3498.332406,120075548.5,1272273,573286,4187.679902,4.200641824e+11,1279194,1978889.351,0,1.546981
2024-03-28,3566.15638,120074372.1,1287078,596032,4144.116876,4.282039881e+11,1294106,1465501.425,0,1.132443
2024-03-29,3516.303101,120074024.1,1304561,642512,3252.118796,4.222166633e+11,1311683,1238334.701,0,0.944081
2024-03-30,3506.181757,120074095.7,1239605,650692,2758.958414,4.210016038e+11,1246714,901573.2263,0,0.72316
2024-03-31,3644.726321,120074202.9,1245309,653977,2730.455767,4.376376077e+11,1252415,895633.4292,4e-06,0.715125
2024-04-01,3510.490591,120073929.8,1245715,611993,3236.025422,4.215184006e+11,1252835,1464402.983,0,1.168871
2024-04-02,3283.005762,120072288.4,1239577,546109,4714.079628,3.941980147e+11,1246700,1915884.076,0,1.536764
2024-04-03,3317.26652,120071343.5,1211600,537711,4043.388008,3.983086479e+11,1218751,1527560.47,0,1.253382
2024-04-04,3327.801803,120070874.5,1234719,569904,3478.806985,3.995720727e+11,1241865,1615928.459,0,1.301211
2024-04-05,3323.681474,120071235.6,1242174,599968,2594.613681,3.990785415e+11,1249316,1228586.76,0,0.983408
2024-04-06,3368.219363,120072331.2,1201522,628725,1741.352322,4.044299509e+11,1208665,712797.7819,0,0.58974
2024-04-07,3447.516908,120073199.7,1177838,622065,1991.162955,4.139543862e+11,1184966,845849.9964,0.000121,0.713818
2024-04-08,3700.184614,120073221,1221235,598540,2941.688615,4.442930849e+11,1228369,1709500.074,0,1.391683
2024-04-09,3499.244378,120072889.7,1226401,565994,3197.406406,4.201643843e+11,1233543,1833917.254,0,1.486707
2024-04-10,3541.315808,120073328.3,1207941,590235,2421.943506,4.252175758e+11,1215092,1245521.594,0,1.025043
2024-04-11,3504.104132,120073717.9,1213672,582348,2512.668791,4.207508111e+11,1220813,1520299.354,0,1.245317
2024-04-12,3234.931643,120073188.8,1322052,633107,3537.816199,3.884285578e+11,1329195,1445853.229,0,1.087766
2024-04-13,3030.380064,120071084.7,1162426,576579,5234.886194,3.638610214e+11,1169540,1676959.215,0,1.433862
2024-04-14,3158.850379,120072241.5,1133064,578258,1664.642419,3.792902455e+11,1140198,1269513.669,0,1.113415
2024-04-15,3103.088036,120073140.4,1187906,600397,2081.251477,3.725975252e+11,1195044,1622025.492,0,1.357294
2024-04-16,3088.467372,120074402,1178451,623665,1541.896077,3.708458727e+11,1185583,1322477.829,0,1.115466
2024-04-17,2984.858113,120075320.4,1245968,620637,2450.23616,3.584077943e+11,1253123,1309137.958,5.7e-05,1.0447
2024-04-18,3067.805941,120076497.7,1235484,609816,1644.37577,3.683713931e+11,1242636,1462844.617,0,1.177211
2024-04-19,3055.969496,120077779,1182165,580759,1573.803163,3.669540296e+11,1189301,1382332.189,0,1.162306
2024-04-20,3155.528942,120079459.9,1152540,635686,1029.711988,3.78914211e+11,1159689,728448.2708,2e-06,0.628141
2024-04-21,3147.659615,120081155.7,1133785,606734,1067.927901,3.779746042e+11,1140945,570799.3646,0,0.500286
2024-04-22,3205.797514,120082563.6,1178253,565977,1502.186201,3.84960384e+11,1185403,1102517.271,0,0.930078
2024-04-23,3217.77178,120083776,1199365,558590,1694.211829,3.864021856e+11,1206520,1144241.205,0,0.948381
2024-04-24,3133.02161,120084752.2,1171434,539490,2320.298261,3.762281239e+11,1178571,1202482.057,0,1.020288
2024-04-25,3158.318674,120086032.9,1186539,565454,1659.275246,3.792699603e+11,1193696,1153061.873,0,0.965959
2024-04-26,3129.839624,120087758.5,1177416,615496,1059.406821,3.758554248e+11,1184550,1034867.613,0,0.873638
2024-04-27,3253.063803,120089623.4,1103918,622222,871.0988917,3.906592072e+11,1111065,693905.6772,0,0.624541
2024-04-28,3262.869466,120091410.9,1140939,631340,1023.248329,3.918425976e+11,1148087,806294.6427,0,0.702294
2024-04-29,3220.450921,120092972.8,1224677,634789,1227.4213,3.867535249e+11,1231827,1212078.175,0,0.983968
2024-04-30,3012.437545,120093965.1,1262466,615440,1857.235368,3.617755692e+11,1269625,1274611.61,0,1.003928
2024-05-01,2970.35464,120095489.9,1206626,589497,1324.465724,3.567261956e+11,1213792,1637118.266,0,1.348763
2024-05-02,2988.55618,120097142.4,1223696,631566,1132.962632,3.589170572e+11,1230840,1051653.051,0,0.854419
2024-05-03,3107.406583,120098910.1,1194608,626688,1065.248218,3.731961439e+11,1201761,962037.6967,0,0.800523
2024-05-04,3116.855771,120100806.5,1163073,647201,851.207115,3.743368917e+11,1170230,525571.0461,0,0.449118
2024-05-05,3138.822023,120102715,1145911,634400,851.0038573,3.769810467e+11,1153062,552286.6722,0,0.478974
2024-05-06,3067.525786,120104575.6,1190232,605873,915.6624729,3.684238825e+11,1197379,983962.0252,0,0.821763
2024-05-07,3014.658218,120106416.5,1231931,605694,923.2563911,3.620797957e+11,1239077,1149190.616,0,0.927457
2024-05-08,2970.405999,120108392.5,1159221,588088,789.3388574,3.567706895e+11,1166368,997538.0798,0,0.855252
2024-05-09,3034.477902,120110405,1126649,579657,741.4777227,3.644723699e+11,1133801,971343.7823,0,0.856715
2024-05-10,2910.856275,120112245.4,1154535,611791,913.4729828,3.496294834e+11,1161688,993178.6348,0,0.854944
2024-05-11,2911.311182,120114266.7,1113685,595395,692.6160215,3.496900077e+11,1120839,441852.1109,0,0.394216
2024-05-12,2930.523811,120116376.6,1055429,617082,617.3530991,3.520039015e+11,1062578,462662.9173,0,0.435415
2024-05-13,2948.495371,120118014.1,1163122,575636,1251.557718,3.541674086e+11,1170277,1391860.889,0,1.189343
2024-05-14,2881.049243,120119774.2,1182521,583373,1080.304522,3.460709845e+11,1189640,818491.5178,0,0.688016
2024-05-15,3028.857889,120121504.5,1197067,613829,1162.769076,3.638309666e+11,1204235,1065146.562,0,0.884501
2024-05-16,2941.344862,120123473.6,1218766,604917,843.6492414,3.533245618e+11,1225922,1252741.547,0,1.021877
2024-05-17,3092.488754,120125362.1,1112590,569230,906.7978614,3.714863312e+11,1119735,907109.8119,0,0.810111
2024-05-18,3122.589255,120127494.1,1082308,641401,589.0035953,3.751088223e+11,1089454,498552.8062,2e-06,0.457617
2024-05-19,3070.155838,120129648.6,1022057,579016,600.3415488,3.688167418e+11,1029209,469350.0332,0,0.45603
2024-05-20,3661.911307,120130611.9,1124081,546790,2053.246938,4.39907646e+11,1131226,1598944.135,0,1.413461
2024-05-21,3796.885977,120131628.2,1198696,560062,1949.659284,4.561260944e+11,1205851,2580057.394,0,2.139615
2024-05-22,3740.967689,120132985.7,1188672,552922,1665.384846,4.494136177e+11,1195814,1791747.941,0,1.49835
2024-05-23,3766.94141,120134246.1,1156304,519468,1794.748596,4.525386665e+11,1163461,2348363.083,0,2.018429
2024-05-24,3728.02142,120135880.3,1164101,553536,1302.298673,4.47869135e+11,1171259,1817951.174,0,1.552134
2024-05-25,3748.067254,120137902.6,1157033,598267,821.750126,4.502849387e+11,1164186,871196.5982,0,0.748331
2024-05-26,3824.526891,120139842,1139013,533284,943.210906,4.594780564e+11,1146173,757331.2357,0,0.660748
2024-05-27,3887.71309,120140750.4,1159616,498242,2116.617627,4.670727678e+11,1166770,1202516.077,0,1.030637
2024-05-28,3844.943703,120141558,1105315,461484,2240.817571,4.61937527e+11,1112472,1496450.406,0,1.345158
2024-05-29,3769.946062,120142804.8,1172771,520099,1765.832119,4.529318937e+11,1179917,1282649.567,0,1.087068
2024-05-30,3747.585758,120143935,1149944,495167,1910.032684,4.502496999e+11,1157090,2061392.614,0,1.781532
2024-05-31,3755.483896,120145232.5,1175396,505517,1756.609932,4.512034857e+11,1182553,1172823.66,0,0.991773
2024-06-01,3813.362465,120147015.1,1119675,490287,1184.59788,4.581641175e+11,1126841,546462.0831,0,0.48495
2024-06-02,3781.311075,120148646.6,1076974,476034,1426.842639,4.54319408e+11,1084135,517194.1324,0,0.477057
2024-06-03,3767.485638,120149901.7,1152786,474371,1829.758366,4.526630289e+11,1159942,1108668.084,0,0.955796
2024-06-04,3812.189251,120151421,1164380,516994,1485.67747,4.580399555e+11,1171549,969832.0349,0,0.82782
2024-06-05,3863.331805,120152116.2,1178477,483558,2496.979821,4.641874918e+11,1185645,956394.1298,0,0.806645
2024-06-06,3811.857642,120152658.1,1154720,475215,2662.76982,4.58004828e+11,1161877,1112949.271,0,0.957889
2024-06-07,3679.919539,120153587.2,1184232,510663,2193.864991,4.421555331e+11,1191394,1019744.443,0,0.855925
2024-06-08,3680.019745,120155357.9,1156305,540011,1197.531053,4.421740897e+11,1163469,656890.9094,0,0.564597
2024-06-09,3705.63703,120157208.8,1142399,540061,1133.989543,4.452590023e+11,1149555,419835.022,0,0.365215
2024-06-10,3666.169295,120158711.2,1180168,511530,1558.379463,4.405221776e+11,1187326,910436.8509,0,0.766796
2024-06-11,3497.700453,120159854.6,1177067,504409,1955.811457,4.202831777e+11,1184229,1790076.778,0,1.511597
2024-06-12,3560.797529,120160693.7,1224208,532832,2205.681797,4.278679013e+11,1231364,1152646.501,0,0.936073
2024-06-13,3470.070022,120161759.2,1230853,535451,1976.044865,4.169697184e+11,1237996,1083917.823,0,0.875542
2024-06-14,3479.903977,120163273.4,1184071,532661,1453.515938,4.181566529e+11,1191233,1090671.81,0,0.915582
2024-06-15,3567.762313,120165319.8,1137118,574241,774.4435525,4.287212993e+11,1144255,528129.7434,0,0.461549
2024-06-16,3619.693972,120167465,1123092,588379,715.4506806,4.349694488e+11,1130255,457674.0866,0,0.40493
2024-06-17,3509.528888,120169263.7,1143178,520331,1152.018679,4.217375023e+11,1150328,1222087.943,0,1.062382
2024-06-18,3477.659195,120170818.3,1147395,490549,1414.876667,4.179131513e+11,1154532,1279827.803,0,1.108525
2024-06-19,3557.565304,120172560.5,1127592,511058,1175.900812,4.275217319e+11,1134740,1053480.108,0,0.928389
2024-06-20,3512.666828,120173820.3,1150083,504589,1710.080494,4.221305922e+11,1157231,1017541.637,0,0.87929
2024-06-21,3518.296628,120175846.6,1263722,663885,860.9442343,4.228142759e+11,1270880,944726.8871,0.000293,0.743364
2024-06-22,3496.201136,120178108.4,1316624,808983,502.483352,4.201668392e+11,1323770,455156.4702,0.000182,0.343833
2024-06-23,3419.960133,120180372.9,1095704,588860,553.1756715,4.110120843e+11,1102853,601531.2172,0,0.545432
2024-06-24,3347.672563,120182318.5,1158931,562076,978.1402887,4.023310503e+11,1166082,1357599.302,0,1.16424
2024-06-25,3392.701764,120184297.8,1193832,597376,938.5803191,4.077494793e+11,1200994,1162881.456,0,0.968266
2024-06-26,3368.95723,120186263.1,1248199,633829,931.5591147,4.049023801e+11,1255360,1084484.988,0,0.863884
2024-06-27,3443.802891,120188056.1,1173697,538256,1175.135307,4.139039753e+11,1180860,1352817.312,0,1.14562
2024-06-28,3372.748254,120190159,1175815,561733,846.5500972,4.053711488e+11,1182978,1406541.201,0,1.188983
2024-06-29,3373.51497,120192483,1142572,656977,431.8976374,4.054711407e+11,1149729,491146.7427,2.3e-05,0.427185
2024-06-30,3437.888732,120194743.6,1122964,580898,563.6731518,4.132161546e+11,1130130,693893.6971,0,0.613995
2024-07-01,3437.635779,120196731.9,1155552,547334,927.5338497,4.131925861e+11,1162716,1103898.958,0,0.949414
2024-07-02,3418.161057,120192695.7,1135937,539489,820.3012371,4.108379918e+11,1143088,1100680.15,0,0.962901
2024-07-03,3294.661667,120194375.9,1151881,498539,1287.9107,3.95999803e+11,1159044,1273553.326,0,1.098796
2024-07-04,3080.695622,120196109.4,1241195,572314,1180.031072,3.702876281e+11,1248350,1161613.417,0,0.930519
2024-07-05,2986.236311,120197632,1237133,569838,1414.984588,3.589385331e+11,1244299,1791431.855,0,1.439712
2024-07-06,3067.923952,120199938.6,1137910,613236,467.1294668,3.687642708e+11,1145076,566905.304,0,0.495081
2024-07-07,2932.872029,120202282.1,1028463,567737,406.6246845,3.52537911e+11,1035623,609910.8777,0,0.588931
2024-07-08,3020.465011,120204435.5,1137702,542605,694.8706928,3.630732917e+11,1144846,1091613.861,0,0.953503
2024-07-09,3064.175428,120206566.1,1151773,540111,738.0974155,3.683340062e+11,1158929,1127376.186,0,0.972774
2024-07-10,3101.147421,120208454,1175636,527292,1081.778437,3.727841369e+11,1182802,1069904.618,0,0.904551
2024-07-11,3096.831608,120210430.4,1191567,548429,921.1934869,3.722714605e+11,1198734,1121591.162,0,0.935646
2024-07-12,3130.374779,120212646.9,1187556,609220,621.5485227,3.763106381e+11,1194718,1083286.302,0,0.90673
2024-07-13,3181.857941,120214908.8,1144551,610493,571.0997737,3.825067623e+11,1151703,544960.9326,0,0.473178
2024-07-14,3256.671115,120217154.7,1083062,497263,648.2477205,3.915077353e+11,1090228,476351.6635,0,0.436928
2024-07-15,3487.988363,120218809.2,1156258,505297,1334.078606,4.193218075e+11,1163419,1356999.421,0,1.166389
2024-07-16,3446.726068,120220458,1199035,517949,1384.744741,4.143669867e+11,1206208,1356007.62,0,1.124191
2024-07-17,3394.099706,120221990.4,1187616,463312,1573.90411,4.080454223e+11,1194785,1130895.087,0,0.946526
2024-07-18,3431.120341,120223456.5,1182695,476042,1665.603481,4.125011472e+11,1189856,969341.8239,0,0.814672
2024-07-19,3507.492686,120225306.4,1143619,510183,1146.144707,4.216893828e+11,1150791,1110388.839,0,0.964892
2024-07-20,3520.566966,120227485,1106348,571318,657.893042,4.23268912e+11,1113511,582345.5836,0,0.522981
2024-07-21,3530.482129,120229445,1110007,533075,950.5254648,4.244679071e+11,1117173,586431.547,0,0.524925
2024-07-22,3441.938999,120231409,1151384,497445,1038.850865,4.138291754e+11,1158543,2316776.858,0,1.999733
2024-07-23,3482.728231,120233475.2,1153608,520567,878.543842,4.187405182e+11,1160773,1865560.743,0,1.607171
2024-07-24,3331.719995,120235594.7,1134655,531361,782.7972084,4.00591335e+11,1141818,2782470.846,0,2.436878
2024-07-25,3173.718196,120237715.3,1125280,504084,829.1125954,3.81600625e+11,1132442,3018309.684,0,2.665311
2024-07-26,3278.93203,120240024.6,1138693,540778,526.4000091,3.942588679e+11,1145853,2323584.964,0,2.027821
2024-07-27,3254.274057,120242189.8,1073935,494615,853.9039005,3.913010388e+11,1081096,739529.2737,0,0.684055
2024-07-28,3270.68861,120244598.8,1041777,536213,431.4546352,3.932826398e+11,1048953,455651.8455,0,0.434387
2024-07-29,3323.151599,120246923,1093737,512372,555.6812643,3.995987543e+11,1100909,2490926.073,0,2.262609
2024-07-30,3276.186406,120248763.2,1167025,503262,1158.944433,3.939573633e+11,1174164,2133463.701,0,1.817007
2024-07-31,3231.758607,120250576.9,1166240,488443,1211.346639,3.88620837e+11,1173404,1636756.313,0,1.394879
2024-08-01,3203.280025,120252316.1,1125933,435221,1350.418463,3.852018421e+11,1133098,1683303.087,0,1.485576
2024-08-02,2985.000338,120254405,1087561,454772,862.5149562,3.589594395e+11,1098901,1812581.263,0,1.649449
2024-08-03,2904.775633,120256765.7,1087774,546458,481.2971967,3.493189226e+11,1094939,862647.2491,0,0.78785
2024-08-04,2698.460066,120258843.1,1043193,566158,814.3843922,3.245136856e+11,1050371,1032005.253,0,0.982515
2024-08-05,2434.271172,120256204.2,1133164,449721,6602.876108,2.927362112e+11,1140333,5060505.042,0,4.437743
2024-08-06,2458.632311,120258361.1,1130468,502856,807.5375469,2.956710924e+11,1137632,2630770.938,0,2.312497
2024-08-07,2346.305408,120260462.7,1123175,484440,898.1089025,2.82167774e+11,1130346,2274727.05,0,2.012417
2024-08-08,2686.685751,120262435,1097066,451579,1081.716657,3.231073705e+11,1104241,1727570.298,0,1.564487
2024-08-09,2592.960815,120264643.6,1100553,482592,794.918402,3.118415082e+11,1107721,1502541.649,0,1.356426
2024-08-10,2606.882561,120267095.9,1051563,576076,375.6605155,3.135221949e+11,1058733,570837.8146,0,0.539171
2024-08-11,2559.003345,120269531,985147,500704,490.7078575,3.077701323e+11,992306,621500.9844,0,0.62632
2024-08-12,2728.855134,120271673.2,1060624,422856,907.6574306,3.282039729e+11,1067791,1590291.784,0,1.489329
2024-08-13,2702.504373,120274019,1088875,474971,612.3611427,3.250410624e+11,1096042,1080271.662,0,0.985612
2024-08-14,2666.778724,120276280.2,1278666,646570,722.4449055,3.20750225e+11,1285828,1398873.765,0.000552,1.087917
2024-08-15,2573.75497,120278422.1,1252405,603353,883.1035036,3.095671868e+11,1259558,1071679.962,0.000319,0.850838
2024-08-16,2594.497983,120280820.5,1111995,541263,408.8608523,3.120683461e+11,1119160,982238.117,0,0.877657
2024-08-17,2612.185518,120283281,1003438,565404,324.4769721,3.142022447e+11,1010594,425439.6679,0,0.42098
2024-08-18,2624.797284,120285548.9,1029131,519567,355.516798,3.15725182e+11,1036305,439792.0157,0,0.424385
2024-08-19,2631.958792,120288159.4,1042805,461113,443.981243,3.165934786e+11,1050168,1198622.973,0,1.141363
2024-08-20,2578.048407,120290575.6,1070613,463357,519.4356987,3.101149267e+11,1077770,1053869.54,0,0.977824
2024-08-21,2628.341217,120292901.1,1084041,488674,592.7835438,3.161707901e+11,1091199,1192089.819,0,1.092459
2024-08-22,2623.248943,120295347.8,1093186,506943,378.3685018,3.15564644e+11,1100345,1202489.893,0,1.09283
2024-08-23,2766.067447,120297748.5,1125193,510832,422.7870705,3.32751686e+11,1132346,1797303.814,0,1.587239
2024-08-24,2762.006742,120300216,1088203,556174,336.6124209,3.322700076e+11,1095353,698045.9539,0,0.637279
2024-08-25,2758.146441,120302704.1,973412,495871,270.7570376,3.318124752e+11,980895,508666.7563,0,0.518574
2024-08-26,2686.350255,120305077.1,1114163,538097,431.5850321,3.231815745e+11,1121319,1132554.074,0,1.01002
2024-08-27,2461.347413,120307467.9,1132797,531187,470.4788812,2.961184748e+11,1139962,1395547.923,0,1.224206
2024-08-28,2529.465137,120309874.7,1149274,496801,448.8736796,3.043196337e+11,1156433,1693980.247,0,1.464832
2024-08-29,2527.167635,120312261.7,1153728,534339,419.4835269,3.040492538e+11,1160877,1195282.982,0,1.029638
2024-08-30,2526.792246,120314685.7,1133892,525769,359.5185659,3.04010215e+11,1141049,1272241.55,0,1.114975
2024-08-31,2513.397989,120317181.7,1012648,539031,225.0283789,3.024049626e+11,1019809,545709.5739,0,0.53511
2024-09-01,2425.943204,120319688.7,1011212,548611,238.457905,2.91888731e+11,1018376,659720.2732,0,0.647816
2024-09-02,2538.607504,120321858.1,1086384,488354,731.8079786,3.054499717e+11,1093554,980309.4213,0,0.896444
2024-09-03,2439.805274,120324262.4,1129081,488483,517.3335335,2.9356777e+11,1136251,1609114.851,0,1.416161
2024-09-04,2452.927746,120326458.3,1108873,458154,858.2899567,2.951521083e+11,1116038,1564626.304,0,1.401947
2024-09-05,2367.166483,120328617.6,1121084,463343,946.8761326,2.848378705e+11,1129219,1276866.18,0,1.130752
2024-09-06,2220.582001,120330441.9,1124382,489148,1253.009809,2.672036136e+11,1131543,1617354.263,0,1.429335
2024-09-07,2269.687271,120332866,1115728,505206,506.9917705,2.731179742e+11,1122907,811112.6967,0,0.722333
2024-09-08,2300.068399,120335341.4,1085480,559292,332.7237839,2.767795162e+11,1092639,570263.5432,0,0.521914
2024-09-09,2362.042032,120337467.6,1158357,486100,907.9432944,2.842421564e+11,1165525,1300326.392,0,1.115657
2024-09-10,2389.516325,120339497.2,1166560,497278,1058.115181,2.875531931e+11,1173712,1565955.696,0,1.334191
2024-09-11,2342.307736,120341799.2,1170510,549027,656.6437845,2.818775271e+11,1177672,1708758.167,0,1.450963
2024-09-12,2362.331158,120344001.4,1168620,487221,804.1139455,2.842923842e+11,1175774,1177629.752,0,1.001578
2024-09-13,2442.7722,120346273.5,1158069,499824,681.2552319,2.939785312e+11,1165237,1307492.448,0,1.122083
2024-09-14,2417.185221,120348694.1,1095765,525764,448.3147765,2.909050846e+11,1102919,591116.3546,0,0.535956
2024-09-15,2319.290524,120351106.7,1086732,541610,455.0395531,2.791291814e+11,1093909,619840.3022,0,0.566629
2024-09-16,2295.19159,120352968.8,1101816,435137,1402.230708,2.762331218e+11,1110658,1442378.882,0,1.298671
2024-09-17,2337.065764,120354668.1,1144470,464540,1422.221749,2.812767745e+11,1151614,1333990.398,0,1.158366
2024-09-18,2358.794722,120356387.8,1132760,420578,1481.236132,2.838960124e+11,1139915,1387501.442,0,1.217197
2024-09-19,2468.433906,120357325,1178603,416530,2396.081548,2.970941019e+11,1185771,1866084.372,0,1.573731
2024-09-20,2554.733144,120358285.2,1156825,422622,2326.590551,3.074833003e+11,1163979,1588411.753,0,1.36464
2024-09-21,2604.743456,120359534.1,1082726,416815,1997.649133,3.135057087e+11,1089877,669605.1312,0,0.614386
2024-09-22,2581.108047,120361032.9,1063818,436396,1705.488096,3.106648304e+11,1070991,621760.0289,0,0.580546
2024-09-23,2647.937715,120361927.8,1135378,418609,3012.439005,3.187108881e+11,1142541,1606537.695,0,1.406109
2024-09-24,2655.488096,120361633.6,1144263,446356,3108.604737,3.196188853e+11,1151439,1576413.793,0,1.369081
2024-09-25,2574.792204,120361955.5,1151716,440864,3018.361116,3.099070246e+11,1158875,1550322.373,0,1.337782
2024-09-26,2629.708743,120362484.9,1151158,448101,2829.792193,3.165182789e+11,1158329,1341658.441,0,1.158271
2024-09-27,2698.198853,120363565.5,1202550,508839,2078.663917,3.247648344e+11,1209724,1614597.285,0,1.334682
2024-09-28,2674.697685,120365413.8,1113743,534530,1097.477214,3.219410936e+11,1120910,605953.8171,0,0.540591
2024-09-29,2656.300263,120367243,1116620,497779,1199.194917,3.197315393e+11,1123788,568692.7111,0,0.50605
2024-09-30,2596.254691,120368680.9,1195210,509251,1674.417891,3.125077524e+11,1209145,1791255.527,0,1.481423
2024-10-01,2449.827233,120369350.5,1266656,552048,2470.479735,2.948841128e+11,1273823,1826208.675,0,1.433644
2024-10-02,2368.07953,120370779.2,1156600,496823,1698.246326,2.850475782e+11,1163776,1613447.869,0,1.38639
2024-10-03,2349.507577,120372583.2,1161490,521417,1246.924777,2.828162962e+11,1168653,1299102.398,0,1.111624
2024-10-04,2415.128542,120374548.8,1139613,471079,1041.543905,2.907200086e+11,1146795,1224594.075,0,1.06784
2024-10-05,2414.331665,120376086,1099244,438550,1015.657069,2.906277961e+11,1106422,871754.8578,0,0.787904
2024-10-06,2438.502705,120378389.1,1069768,423173,1375.505383,2.935430274e+11,1076939,502523.7459,0,0.466622
2024-10-07,2426.58129,120378752.2,1154423,441087,2983.967504,2.921088277e+11,1161598,1424643.313,0,1.226451
2024-10-08,2439.589853,120379288.4,1156248,434713,3106.096828,2.936760905e+11,1163420,1208021.225,0,1.038336
2024-10-09,2367.17415,120379570.6,1182083,482632,3075.907262,2.849594077e+11,1189263,1448353.541,0,1.217858
2024-10-10,2382.123492,120380825.5,1154738,454242,1939.279566,2.867619925e+11,1161913,1196860.655,0,1.030078
2024-10-11,2437.693092,120381439,1227069,485939,2614.888024,2.934530024e+11,1234223,1726499.099,0,1.398855
2024-10-12,2478.24115,120382696.4,1159085,497572,1917.065665,2.98337352e+11,1166231,723298.9867,0,0.620202
2024-10-13,2465.138595,120384135.5,1060369,457774,1743.473809,2.967635785e+11,1067501,571330.205,0,0.535203
2024-10-14,2630.928643,120384647,1173591,498392,2696.300225,3.167234161e+11,1184315,1402941.499,0,1.184602
2024-10-15,2600.523004,120385465,1212877,516385,2306.550887,3.13065171e+11,1220257,1923602.839,0,1.576392
2024-10-16,2611.987194,120386640,1156834,491597,1917.822696,3.14448362e+11,1163993,1616148.618,0,1.388452
2024-10-17,2603.24427,120387195.1,1247886,543592,2517.514187,3.133972758e+11,1255050,1606409.467,0,1.279957
2024-10-18,2641.447438,120387348.4,1330449,573519,2946.387067,3.179968529e+11,1337617,1660184.694,0,1.241151
2024-10-19,2649.70135,120388722.1,1250641,599089,1553.636278,3.189941595e+11,1257812,755084.491,0,0.600316
2024-10-20,2746.116782,120390391,1177600,533726,1255.822107,3.306060731e+11,1184767,872103.7109,0,0.736097
2024-10-21,2667.326421,120392120.2,1185104,538679,1260.431042,3.211250831e+11,1192275,1545992.615,0,1.296675
2024-10-22,2623.283082,120393679.7,1181372,536229,1440.223098,3.158267031e+11,1188529,1523334.495,0,1.281697
2024-10-23,2521.682812,120395018.6,1137763,509138,1670.017797,3.035980489e+11,1145161,1393913.474,0,1.217221
2024-10-24,2532.13962,120396634.5,1132267,502403,1422.787272,3.048610884e+11,1148234,1448254.938,0,1.261289
2024-10-25,2415.209242,120398453,1143624,502861,1183.420353,2.907874564e+11,1150795,2709008.082,0,2.354032
2024-10-26,2480.579503,120400440.8,1098532,505976,863.6303679,2.986628655e+11,1105692,827588.2746,0,0.74848
2024-10-27,2508.494734,120402548.4,965098,431241,853.0871806,3.020291586e+11,972274,637096.6992,0,0.655265
2024-10-28,2566.185261,120404113.4,1053714,458684,1394.867684,3.089792611e+11,1061835,1613956.89,0,1.51997
2024-10-29,2635.219671,120405482.8,1173025,523376,1672.427976,3.172948968e+11,1180193,2352598.791,0,1.993402
2024-10-30,2660.86724,120406750.9,1106479,443016,1902.587514,3.203863789e+11,1113635,1878767.149,0,1.687058
2024-10-31,2517.786202,120408324.4,1085336,485178,1437.492085,3.031624177e+11,1092510,1594819.337,0,1.459776
2024-11-01,2512.496098,120410063.1,1101047,481430,1280.416926,3.025298136e+11,1108217,1583453.093,0,1.428829
2024-11-02,2488.87335,120412122.2,1073738,490886,864.5051928,2.99690522e+11,1082428,771459.0525,0,0.712712
2024-11-03,2454.596792,120414245.5,1114734,502616,849.2895409,2.955684208e+11,1121901,832317.5129,0,0.741881
2024-11-04,2396.669637,120416263.1,1121115,464007,979.5584994,2.885980016e+11,1128284,1474639.916,0,1.306976
2024-11-05,2428.973343,120418154.3,1105923,475308,1088.103047,2.924924868e+11,1113083,1927052.432,0,1.731275
2024-11-06,2722.984607,120418534.3,1195439,479645,2877.910782,3.278978153e+11,1202601,2608981.653,0,2.169449
2024-11-07,2891.875615,120419370.4,1223300,513491,2343.509865,3.482378408e+11,1230459,2300384.812,0,1.869534
2024-11-08,2960.266621,120420552.8,1228931,525242,1915.417133,3.56476943e+11,1236089,1918576.474,0,1.552135
2024-11-09,3139.986496,120422178.4,1154408,500755,1381.56899,3.781240138e+11,1161582,1497077.042,0,1.288826
2024-11-10,3187.536651,120422996.1,1211713,524956,2300.287853,3.838527136e+11,1218886,1991370.11,0,1.633762
2024-11-11,3370.239705,120422932.6,1276334,561074,3325.247691,4.058541489e+11,1283503,2319066.49,0,1.806826
2024-11-12,3255.132582,120422452,1288787,545638,3759.75619,3.919910472e+11,1300427,3283670.899,0,2.525071
2024-11-13,3190.90423,120420309.8,1270183,527943,5646.479604,3.842496761e+11,1277350,2611743.506,0,2.044658
2024-11-14,3056.410213,120419734.2,1284085,548302,3876.789147,3.680521054e+11,1291468,1972176.752,0,1.527081
2024-11-15,3097.459398,120420324.9,1244665,569301,2525.202067,3.72997067e+11,1251825,1982050.648,0,1.583329
2024-11-16,3134.38614,120421567.7,1241006,578354,1763.413144,3.774476926e+11,1248301,1279679.345,0,1.025137
2024-11-17,3070.191032,120423097.2,1204729,569177,1511.980696,3.69721913e+11,1212255,1085398.242,0,0.895355
2024-11-18,3188.888003,120424261.1,1229167,532913,1963.439693,3.840194815e+11,1242300,2070470.082,0,1.666643
2024-11-19,3111.792782,120425326.2,1222473,545199,2049.699571,3.747386608e+11,1234494,1960487.529,0,1.58809
2024-11-20,3073.429238,120426591.8,1243428,562785,1744.032369,3.701226083e+11,1250588,2042857.284,0,1.633517
2024-11-21,3365.32873,120427469,1266953,573282,2208.921303,4.052780214e+11,1274116,3000590.094,0,2.355037
2024-11-22,3325.375642,120428751.5,1301173,608783,1681.126288,4.004708368e+11,1308335,2715532.928,0,2.075564
2024-11-23,3397.371474,120429965.7,1277757,595219,1794.912752,4.091453301e+11,1284926,1489227.988,0,1.158999
2024-11-24,3363.87791,120431589.4,1207132,564490,1269.654215,4.051171633e+11,1214298,1009086.894,0,0.831004
2024-11-25,3429.902595,120432778.7,1292463,584087,1754.127526,4.130727003e+11,1300672,3146267.838,0,2.418956
2024-11-26,3324.46445,120434198.2,1265769,561936,1518.279343,4.003792106e+11,1272936,2124214.3,0,1.668752
2024-11-27,3669.229706,120435269.4,1275842,598038,1923.267353,4.419046679e+11,1282995,2550440.129,0,1.98788
2024-11-28,3584.207995,120437216.4,1256719,616324,1380.594941,4.316720339e+11,1263829,1847933.281,0,1.46217
2024-11-29,3595.614034,120438249,1279446,589287,1350.734151,4.330494584e+11,1286813,2042219.453,0,1.587037
2024-11-30,3713.200946,120439798.6,1232587,551474,1321.58541,4.47217174e+11,1240199,1276313.649,0,1.02912
2024-12-01,3716.081123,120440958,1228535,579646,1728.592979,4.475683705e+11,1236259,1181643.379,0,0.955822
2024-12-02,3637.086521,120440774.5,1341788,592286,3284.126124,4.380535174e+11,1348942,2922955.054,0,2.16685
2024-12-03,3623.911652,120440632.7,1349338,583738,3333.365952,4.364662124e+11,1356494,2836742.491,0,2.091231
2024-12-04,3844.661209,120440500.3,1339995,598566,3175.58919,4.630529196e+11,1347158,3228608.646,0,2.396607
2024-12-05,3794.686843,120440644.3,1344520,609650,2854.97974,4.570345283e+11,1351674,2870860.739,0,2.12393
2024-12-06,4013.467411,120440977.3,1330997,603641,2692.137108,4.833859373e+11,1338159,3403127.763,0,2.543142
2024-12-07,4006.193006,120442164.7,1243988,614603,1672.561649,4.825145578e+11,1251141,1272546.314,0,1.017109
2024-12-08,4001.646547,120443691.4,1224361,593007,1340.697886,4.819730816e+11,1231531,940455.1258,0,0.763647
2024-12-09,3714.176252,120443414.3,1329408,569276,3446.80462,4.473480691e+11,1336580,2355720.401,0,1.762499
2024-12-10,3632.352327,120443294.2,1379827,610919,3241.555492,4.374924798e+11,1386983,2254345.028,0,1.625359
2024-12-11,3836.846839,120443871.4,1297795,595689,2379.793805,4.621246874e+11,1304952,2798051.203,0,2.144179
2024-12-12,3877.049275,120444063.7,1350929,632555,2540.962316,4.669675696e+11,1358095,2138636.494,0,1.574733
2024-12-13,3905.452137,120445329.1,1280204,625658,1892.38562,4.703934679e+11,1288436,2161973.513,0,1.677983
2024-12-14,3868.602626,120446938.6,1238981,595321,1205.142506,4.659613431e+11,1246147,751182.8373,0,0.602804
2024-12-15,3947.671148,120448636.5,1199954,572588,1139.338128,4.75491607e+11,1207114,796559.9379,0,0.659888
2024-12-16,3995.177425,120449492.9,1288678,584730,2088.318121,4.812170949e+11,1295851,2075875.721,0,1.60194
2024-12-17,3877.738449,120450333.1,1319728,633135,2093.000639,4.670748879e+11,1326898,2246162.173,0,1.692792
2024-12-18,3636.537632,120451023.3,1288421,586437,2276.443228,4.380246791e+11,1295574,2024434.354,0,1.562577
2024-12-19,3429.870731,120451281.2,1281658,593388,2640.690215,4.13132324e+11,1288815,2429594.27,0,1.885138
2024-12-20,3471.524099,120451667,1327871,617940,2540.042055,4.181508647e+11,1335037,2932124.895,0,2.196287
2024-12-21,3328.836024,120453371,1257560,636495,1120.224425,4.009695207e+11,1264699,1341770.51,0,1.060941
2024-12-22,3278.34652,120455291.7,1254501,661932,913.3529942,3.948941863e+11,1261658,1227458.219,0,0.972893
2024-12-23,3422.516424,120456322.8,1306194,644736,1300.471026,4.122637431e+11,1313340,2289292.638,0,1.743107
2024-12-24,3494.748146,120458406,1263508,681144,944.4702353,4.20971791e+11,1270655,2166087.735,0,1.704702
2024-12-25,3490.753296,120460666,1206212,647401,752.6702863,4.20498467e+11,1213372,841794.964,0,0.693765
2024-12-26,3325.234358,120462524.1,1208665,575672,918.8534555,4.005661239e+11,1215818,1405038.641,0,1.155632
2024-12-27,3322.095071,120464438,1240371,597038,852.4458151,4.001943157e+11,1247529,1632769.549,0,1.308803
2024-12-28,3397.095417,120466500.8,1193108,559493,664.4086603,4.092361977e+11,1200447,638951.9731,0,0.532262
2024-12-29,3346.928369,120468611.3,1199862,563774,633.9004936,4.031998126e+11,1207032,820781.07,0,0.679999
2024-12-30,3355.467049,120470453.8,1240007,568891,941.3133533,4.042346379e+11,1248562,2115499.917,0,1.694349
2024-12-31,3332.454845,120471971.1,1248109,550052,1317.737418,4.014674039e+11,1255265,1998620.909,0,1.59219
2025-01-01,3350.890312,120472800,1040808,453472,2249.239322,4.036911383e+11,1047976,1606865.346,0,1.533304
2025-01-02,3447.587947,120473080.3,1086430,486772,2643.295668,4.153415397e+11,1093604,1600778.707,0,1.463764
2025-01-03,3606.250345,120474450.3,1236060,555276,1533.947956,4.344610281e+11,1243224,1453812.391,0,1.169389
2025-01-04,3657.791893,120476103.7,1161690,540771,1265.940257,4.406765154e+11,1169020,947931.7025,0,0.810877
2025-01-05,3638.223403,120477921.3,1142808,538968,1034.982946,4.383255927e+11,1149961,609212.687,0,0.529768
2025-01-06,3683.07598,120479025,1214663,518795,1811.218215,4.437334031e+11,1221817,1545173.697,0,1.264652
2025-01-07,3382.56746,120480510.2,1212018,549766,1389.918424,4.075334534e+11,1219190,1805956.166,0,1.481275
2025-01-08,3325.54302,120482148.4,1200637,528335,1224.031779,4.006685676e+11,1207805,2045456.35,0,1.693532
2025-01-09,3217.337152,120483927.7,1201934,538508,1091.999403,3.876374169e+11,1209093,2149243.957,0,1.777567
2025-01-10,3269.774003,120485857.4,1191720,549307,933.7664761,3.939615244e+11,1198878,1482363.655,0,1.236459
2025-01-11,3286.378928,120488101,1120421,578859,501.6335026,3.959695562e+11,1127581,564081.7661,0,0.500258
2025-01-12,3258.17218,120490433.9,1097434,539823,430.3510466,3.925785797e+11,1104606,949054.9759,0,0.85918
2025-01-13,3133.139489,120492208.6,1216397,554991,1112.425419,3.775188969e+11,1223549,2086242.383,0,1.705075
2025-01-14,3226.579567,120494151.1,1228551,599208,928.5485251,3.88783966e+11,1235708,1318003.142,0,1.066598
2025-01-15,3441.04207,120495855.2,1235101,570274,1121.773728,4.146313072e+11,1242265,1318034.698,0,1.060993
2025-01-16,3303.134427,120497402.1,1243708,556504,944.5858588,3.980191172e+11,1250874,1733122.416,0,1.385529
2025-01-17,3478.903433,120499366.5,1244622,545962,1155.003138,4.192056598e+11,1251784,1987112.534,0,1.587424
2025-01-18,3303.373113,120500385.7,1242402,519864,1975.840968,3.980577343e+11,1249563,1719351.717,0,1.375962
2025-01-19,3204.050897,120498706.5,1342035,591559,4916.21576,3.860839887e+11,1349330,2319962.474,0,1.719344
2025-01-20,3285.429271,120497522.2,1389309,629557,4405.348322,3.958860866e+11,1396860,2294392.646,0.000624,1.642536
2025-01-21,3322.641001,120498618.1,1266425,607071,1834.953807,4.003736491e+11,1273734,2254058.945,0,1.769647
2025-01-22,3239.675066,120500199.3,1272295,597537,1286.946743,3.903814911e+11,1279461,1965879.592,0,1.53649
2025-01-23,3335.841644,120501648.4,1272961,608180,1517.439282,4.019744171e+11,1280126,2185876.414,0,1.707548
2025-01-24,3310.427601,120503140.4,1372877,630744,1373.592371,3.989169219e+11,1380045,2003597.013,0,1.451835
2025-01-25,3323.465238,120505120.5,1401619,789004,788.4675629,4.004945789e+11,1408781,1092621.241,6.6e-05,0.775579
2025-01-26,3241.021019,120507082.8,1224985,608826,737.6433171,3.905659884e+11,1232148,727332.0473,0,0.590296
2025-01-27,3170.495775,120508764.8,1262797,554206,1336.143425,3.820725296e+11,1269971,2319177.058,0,1.826165
2025-01-28,3070.759658,120510757.9,1189629,549777,798.3409813,3.700595736e+11,1196791,2041124.07,0,1.705498
2025-01-29,3123.699374,120512984.6,1173714,544023,579.0512552,3.764463345e+11,1180875,1130291.175,0,0.957164
2025-01-30,3255.85057,120515238.7,1192475,543074,548.6533867,3.923796087e+11,1199641,1313529.591,0,1.094936
2025-01-31,3292.623817,120517363.6,1187266,539938,723.6462621,3.968183416e+11,1195126,2540311.599,0,2.12556
2025-02-01,3119.951377,120519678.8,1128799,533961,447.2482722,3.760155378e+11,1142631,910683.1684,0,0.797005
2025-02-02,2844.259487,120521454.2,1127284,489399,1143.698977,3.427942896e+11,1134438,1818256.537,0,1.602782
2025-02-03,2877.579885,120520634,1244916,500641,4394.858814,3.468077521e+11,1252073,5519462.63,0,4.408259
2025-02-04,2723.612948,120522867.2,1330098,567675,665.3480498,3.282576416e+11,1337251,3469125.472,0,2.594222
2025-02-05,2780.859384,120525231.4,1209086,605351,440.417052,3.351637208e+11,1216251,2944652.584,0,2.42109
2025-02-06,2685.131877,120527578.9,1333804,659801,484.7357512,3.236324442e+11,1340970,1994837.915,0,1.487608
2025-02-07,2612.952926,120529970.7,1330807,662264,424.4968495,3.149391397e+11,1337976,1935387.451,0,1.446504
2025-02-08,2637.159461,120532416.5,1203788,700649,277.3333912,3.178632026e+11,1210946,1875158.482,0,1.548507
2025-02-09,2623.443844,120534867.3,1187055,646027,319.2969856,3.162164556e+11,1194220,1535151.778,0,1.285485
2025-02-10,2658.916289,120540707.6,1356631,711876,382.8481749,3.205076509e+11,1363793,1663514.684,0,1.219771
2025-02-11,2603.966496,120539673.6,1325846,612087,463.8734934,3.138812716e+11,1333007,1737398.76,0,1.303368
2025-02-12,2738.6454,120542005,1275635,613684,467.6667126,3.301218075e+11,1282760,1782118.315,0,1.389284
2025-02-13,2674.911598,120544373.1,1321148,627574,409.1581052,3.224455418e+11,1328294,1687952.217,0,1.270767
2025-02-14,2725.082778,120546782.6,1349547,666254,331.9224674,3.284999611e+11,1356675,1838395.285,0,1.355074
2025-02-15,2694.224972,120549235.5,1171706,668614,218.2964228,3.247867608e+11,1178837,739711.521,0,0.627493
2025-02-16,2662.068318,120551704.6,1129295,685798,223.7060306,3.209168735e+11,1136438,791712.1031,0,0.696661
2025-02-17,2743.383116,120553238.3,1358017,675569,1423.005383,3.307237185e+11,1365161,1246415.463,0,0.913017
2025-02-18,2667.124301,120555641.4,1312465,606517,395.985153,3.215368808e+11,1319626,1660906.648,0,1.258619
2025-02-19,2718.183515,120558106.4,1257368,639839,283.0528252,3.276990573e+11,1264525,1255557.023,0,0.992908
2025-02-20,2740.716874,120560550.1,1323505,685150,296.9555967,3.30422334e+11,1330643,1290036.527,0,0.969484
2025-02-21,2655.739614,120562831.1,1357193,656153,559.3670419,3.201834865e+11,1364513,3009037.513,0,2.20521
2025-02-22,2766.358159,120565287.8,1185038,652109,277.8014955,3.335267675e+11,1192193,2082425.739,0,1.746719
2025-02-23,2821.859903,120567755.2,1119166,673471,294.7489885,3.40225314e+11,1126321,1782127.323,0,1.582255
2025-02-24,2519.495705,120570150.1,1304929,653722,405.1128014,3.037759753e+11,1312085,2432367.155,0,1.853818
2025-02-25,2499.373215,120572326.8,1397681,599245,804.6468519,3.013552441e+11,1404996,4099238.378,0,2.917616
2025-02-26,2330.428133,120574685.9,1289180,634182,432.3250162,2.809906402e+11,1296346,2827942.979,0,2.181472
2025-02-27,2298.496508,120577122.5,1302283,628254,293.8121954,2.771460951e+11,1309455,2765126.828,0,2.111662
2025-02-28,2229.928814,120579496.3,1342176,572524,638.4379504,2.688836931e+11,1349347,3477928.856,0,2.57749
2025-03-01,2208.953617,120581973.3,1121214,581077,256.3046798,2.663599861e+11,1128385,1579570.759,0,1.399851
2025-03-02,2519.349916,120584050,1142048,634334,896.1625403,3.037934164e+11,1149221,2239123.474,0,1.948384
2025-03-03,2153.599777,120586426.3,1328012,600837,491.1391187,2.596949007e+11,1335177,3281568.286,0,2.457778
2025-03-04,2170.064211,120588779.3,1347191,581765,670.581782,2.616853941e+11,1354357,2784105.096,0,2.055666
2025-03-05,2241.068945,120591247.1,1273243,648492,300.0050155,2.70253299e+11,1281004,1757968.404,0,1.372336
2025-03-06,2206.335533,120593702.2,1339568,650999,360.6535643,2.660701703e+11,1347467,1727923.819,0,1.28235
2025-03-07,2134.738767,120596143.5,1277137,584152,424.4515074,2.574412627e+11,1284783,2431376.13,0,1.892441
2025-03-08,2199.747154,120598622.8,1097056,614600,270.3098869,2.652864772e+11,1104208,725434.7383,0,0.656973
2025-03-09,2015.692201,120601080.3,1123093,616335,333.9667804,2.430946569e+11,1130253,1067015.895,0,0.94405
2025-03-10,1879.693134,120603133.5,1283100,573333,859.2312691,2.26696882e+11,1290257,3119148.216,0,2.417463
2025-03-11,1923.012496,120605485.6,1311724,560914,759.3049954,2.319258559e+11,1318881,2795710.248,0,2.119759
2025-03-12,1906.51853,120607952,1221476,586370,364.4629396,2.299412953e+11,1228636,2304809.133,0,1.875909
2025-03-13,1863.526307,120610426.6,1183406,607478,296.8374829,2.247607029e+11,1190575,1807728.744,0,1.518366
2025-03-14,1914.703552,120612914.1,1165047,624019,276.501158,2.30937975e+11,1172207,1527402.773,0,1.303015
2025-03-15,1939.642741,120615421.1,1002601,699041,201.9578956,2.339508259e+11,1009770,745758.5867,0,0.738543
2025-03-16,1884.698321,120617930.8,971166,616135,223.7985578,2.273284118e+11,978575,769567.2342,0,0.786416
2025-03-17,1927.874506,120620428,1139344,616869,250.978031,2.325410481e+11,1146505,1751561.443,0,1.52774
2025-03-18,1930.509277,120622930.9,1165679,621708,230.916629,2.32863687e+11,1172833,2009921.805,0,1.713732
2025-03-19,2056.965946,120625423.3,1211649,615315,376.6530676,2.481223879e+11,1218807,2189757.962,0,1.79664
2025-03-20,1978.204546,120627929.2,1210998,629660,268.2005913,2.386267178e+11,1218160,1791364.433,0,1.470549
2025-03-21,1966.105071,120630463.6,1117996,653476,210.8999802,2.371721662e+11,1125172,1481970.423,0,1.317106
2025-03-22,1978.732425,120632997.2,1047954,688574,191.2603922,2.387004232e+11,1055122,740491.4462,0,0.701806
2025-03-23,1997.884253,120635534.9,979935,644387,168.6986679,2.410158355e+11,987107,669419.8893,0,0.678163
2025-03-24,2073.910717,120638039.3,1227168,567021,274.5545269,2.501925226e+11,1234334,1645754.547,0,1.333314
2025-03-25,2065.107497,120640560.9,1243357,599874,240.2760153,2.491357267e+11,1250507,1143501.058,0,0.91443
2025-03-26,2005.432136,120643081.8,1306796,625606,257.069864,2.419415133e+11,1313972,1439740.406,0,1.095716
2025-03-27,2003.370262,120645602.1,1280595,604866,263.3598559,2.416978115e+11,1287757,1236816.439,0,0.960442
2025-03-28,1896.02686,120648118.1,1296364,565035,291.7982813,2.287520725e+11,1303524,2352216.003,0,1.804505
2025-03-29,1823.598823,120650655.3,1128659,538941,232.3603296,2.200183931e+11,1135812,810187.7415,0,0.713311
2025-03-30,1802.80019,120653202.1,1062800,573805,221.0818005,2.175136156e+11,1070437,615672.0653,0,0.57516
2025-03-31,1823.443486,120655715.7,1317669,534039,332.294924,2.200088789e+11,1325017,1948630.597,0,1.470646
2025-04-01,1908.28502,120658192.1,1300318,545849,403.0534408,2.302502206e+11,1307483,1482553.3,0,1.133899
2025-04-02,1795.489366,120660683.6,1302159,535608,424.5448106,2.166449743e+11,1310098,1425205.937,0,1.087862
2025-04-03,1813.543234,120663678.5,1292692,567408,325.0310482,2.188287977e+11,1300014,1533217.944,0,1.179386
2025-04-04,1812.997511,120665704.9,1256395,578300,317.1046736,2.187666226e+11,1263568,1405507.356,0,1.112332
2025-04-05,1802.975161,120668244.1,1068681,650544,199.6765514,2.175618469e+11,1075832,695997.5917,0,0.646939
2025-04-06,1569.100207,120670476.7,1113030,567708,785.9321308,1.8934407e+11,1120452,1730940.594,0,1.544859
2025-04-07,1560.238262,120672295.6,1433231,634899,1399.258454,1.882775328e+11,1440381,3719644.895,0,2.582403
2025-04-08,1471.090761,120674770.6,1428053,651117,423.2334886,1.775235401e+11,1435222,2056991.999,0,1.433222
2025-04-09,1662.909046,120676954.7,1426415,638161,920.4977132,2.006747996e+11,1433584,2809103.948,0,1.959497
2025-04-10,1522.268647,120679205.2,1329892,547468,739.1702315,1.837061705e+11,1337069,2074474.81,0,1.551509
2025-04-11,1565.570722,120681691.2,1302595,520203,410.0126281,1.889357224e+11,1309771,1845807.821,0,1.40926
2025-04-12,1646.450407,120684199.9,1169101,549318,340.1690153,1.987005501e+11,1176278,871139.0973,0,0.740589
2025-04-13,1593.31157,120686742.5,1105874,569981,382.3933524,1.922915832e+11,1113092,1034361.205,0,0.929268
2025-04-14,1623.453377,120689088.5,1251733,561545,466.4283587,1.959331083e+11,1258901,2067055.756,0,1.641953
2025-04-15,1590.803779,120691651.6,1238535,583041,294.7059935,1.919967355e+11,1245693,1662858.683,0,1.334886
2025-04-16,1577.762143,120694172.1,1213894,607438,276.6797011,1.904266956e+11,1221225,1516739.429,0,1.241982
2025-04-17,1584.569914,120696640.1,1164340,602395,240.7201627,1.912522647e+11,1172067,1551716.411,0,1.323914
2025-04-18,1589.175277,120699161.2,1117701,602813,217.324507,1.91812123e+11,1125065,1177687.036,0,1.046772
2025-04-19,1614.762281,120701711.5,1042005,698864,173.8722288,1.94904571e+11,1049172,1035537.575,0,0.987005
2025-04-20,1585.283222,120704260.3,1010667,680519,203.7936549,1.913504386e+11,1017966,1055951.14,0,1.037315
2025-04-21,1576.971645,120706786.5,1184491,577103,273.9509469,1.903511797e+11,1191659,1974394.36,0,1.656845
2025-04-22,1758.004772,120709063.4,1292920,578892,545.4884481,2.122071094e+11,1300263,3068735.468,0,2.360088
2025-04-23,1797.824888,120711391.4,1328925,560731,464.9735466,2.170179439e+11,1336089,2518761.925,0,1.885175
2025-04-24,1769.477408,120713684.2,1245757,513039,625.8831774,2.136001371e+11,1253116,2355529.267,0,1.879738
2025-04-25,1789.566585,120716094.3,1341665,576170,388.932593,2.160294887e+11,1348838,2231255.567,0,1.654206
2025-04-26,1820.050655,120718618.8,1206780,599602,240.1300779,2.197140014e+11,1213958,925258.2888,0,0.762183
2025-04-27,1793.400279,120721163.7,1118393,582298,216.5578034,2.165013686e+11,1125573,1001264.714,0,0.88956
2025-04-28,1799.892405,120723415.6,1277668,563618,297.7161519,2.172891588e+11,1284828,2445815.139,0,1.903613
2025-04-29,1792.946608,120726190.5,1288148,570943,255.8497431,2.164556138e+11,1295300,2001561.215,0,1.545249
2025-04-30,1795.28281,120728679.1,1296565,602015,266.4207048,2.167421224e+11,1303708,1542610.073,0,1.183248
2025-05-01,1838.205883,120731126.1,1250968,584302,284.3560191,2.219286662e+11,1258101,1414467.283,0,1.124288
2025-05-02,1841.311975,120733641,1264375,614894,249.1023744,2.22308299e+11,1271492,1322855.815,0,1.040396
2025-05-03,1835.438693,120736190.7,1085909,669340,174.4488216,2.216038761e+11,1093058,559917.3504,0,0.512249
2025-05-04,1809.268862,120738733.6,1263280,604025,196.300384,2.184488311e+11,1270773,760276.3795,0,0.598279
2025-05-05,1822.428312,120741273.3,1337825,590450,220.1352528,2.200423148e+11,1344967,1386778.765,0,1.031088
2025-05-06,1814.226817,120744272,1278812,586800,292.4618841,2.190574963e+11,1285936,1258569.963,0,0.978719
2025-05-07,1814.551909,120746052,1308305,569398,405.9566239,2.190999791e+11,1315343,1615567.078,0,1.228248
2025-05-08,2193.071281,120747646.3,1452571,576847,1362.241306,2.648081952e+11,1459661,2840560.136,0,1.946041
2025-05-09,2342.207997,120749574.2,1437369,600913,1018.650254,2.828206182e+11,1444447,3219377.998,0,2.228796
2025-05-10,2584.612397,120751686.6,1334495,500413,875.689579,3.120963062e+11,1341598,1513837.052,0,1.128384
2025-05-11,2507.644357,120753792.1,1289814,493699,907.4492158,3.028075653e+11,1296923,1408042.891,0,1.08568
2025-05-12,2493.586355,120755704.5,1383506,544829,1054.88152,3.01114777e+11,1390607,2627356.582,0,1.88936
2025-05-13,2676.50174,120757753.4,1397764,565467,879.7547614,3.232083371e+11,1404873,2479269.716,0,1.764764
2025-05-14,2603.059513,120760023,1395009,598472,562.6749631,3.143455267e+11,1402113,2496191.748,0,1.780307
2025-05-15,2540.686134,120762240.1,1422792,605477,626.0138898,3.06818949e+11,1430105,2678050.645,0,1.872625
2025-05-16,2546.704947,120764578.5,1405697,584362,516.9520732,3.075517494e+11,1412807,2187757.649,0,1.548518
2025-05-17,2474.610279,120767064.4,1368235,679394,269.662668,2.988514189e+11,1375367,1210026.944,0,0.879785
2025-05-18,2465.934262,120769545.3,1238571,619263,295.449648,2.978097595e+11,1246028,985052.9175,0,0.790554
2025-05-19,2526.457057,120771972.8,1374666,576938,401.287222,3.051252031e+11,1381788,2296630.036,0,1.662071
2025-05-20,2525.322908,120774367.1,1451264,618164,443.9609126,3.049942759e+11,1458691,1975625.634,0,1.354383
2025-05-21,2557.991766,120776637.7,1385790,596745,611.8790347,3.089456447e+11,1393221,2856861.606,0,2.050544
2025-05-22,2657.423597,120778767.3,1392142,548411,794.9101904,3.209603461e+11,1399293,2622308.139,0,1.874024
2025-05-23,2521.840424,120781065.5,1423961,565438,635.6027038,3.045905733e+11,1431108,3262650.468,0,2.279807
2025-05-24,2529.648854,120783575,1240515,569633,245.2581049,3.05540032e+11,1247652,737355.4682,0,0.590994
2025-05-25,2546.995367,120786093.9,1223203,540764,250.7860268,3.076416217e+11,1230339,979491.6794,0,0.796115
2025-05-26,2561.928045,120788550.8,1359517,545198,363.0363052,3.094515759e+11,1366653,1398814.992,0,1.023533
2025-05-27,2661.424367,120790661.6,1404749,537019,839.059228,3.214752102e+11,1411906,2185723.381,0,1.548066
2025-05-28,2677.118123,120792796.6,1387336,550788,676.803714,3.233765849e+11,1394467,2079580.978,0,1.491309
2025-05-29,2633.371229,120794991.7,1400670,553779,743.0063991,3.180980556e+11,1407812,2241750.939,0,1.592365
2025-05-30,2525.279634,120797171.2,1500885,584081,756.1436833,3.050466363e+11,1508039,2232257.621,0,1.480239
2025-05-31,2532.558734,120799615.5,1522834,639715,358.2035396,3.059321215e+11,1529988,942047.8671,0,0.615722
2025-06-01,2539.240563,120802067.8,1313002,597460,340.9278864,3.067455108e+11,1320145,848793.6342,0,0.642955
2025-06-02,2608.392635,120804323.6,1417405,594300,610.9338689,3.151051079e+11,1424534,2194373.966,0,1.540415
2025-06-03,2595.079086,120806533,1433678,587140,688.5966158,3.135025073e+11,1440828,2775992.183,0,1.926665
2025-06-04,2609.933745,120808773.3,1399775,557098,643.5518433,3.153028941e+11,1406914,2391768.286,0,1.70001
2025-06-05,2421.256822,120810830.4,1419398,550895,908.5696394,2.925140474e+11,1426536,2748047.502,0,1.926378
2025-06-06,2479.933815,120813192.6,1387542,568753,556.6999158,2.996087217e+11,1394688,2180734.375,0,1.5636
2025-06-07,2527.098921,120815698.8,1385771,645229,276.5255925,3.053132222e+11,1392934,743503.8862,0,0.533768
2025-06-08,2509.568725,120818229.9,1361016,635387,277.3481172,3.032016512e+11,1368171,982655.7595,0,0.718226
2025-06-09,2676.708372,120820536.4,1391388,683387,646.0346476,3.234013412e+11,1398533,1777487.014,0,1.270965
2025-06-10,2806.214377,120822700.5,1485125,618005,801.2891378,3.390543992e+11,1492281,3485990.117,0,2.336015
2025-06-11,2774.564753,120824952.9,1450971,613546,708.1695514,3.352366556e+11,1458122,2851152.83,0,1.95536
2025-06-12,2652.938596,120827220.8,1453409,620082,673.9552069,3.205471975e+11,1460572,2712150.15,0,1.85691
2025-06-13,2578.022247,120829571.8,1419247,567310,566.1017576,3.115013243e+11,1426401,2908663.029,0,2.039162
2025-06-14,2533.090641,120832125.6,1325700,648830,206.7344056,3.060787264e+11,1332859,663727.5899,0,0.497973
2025-06-15,2546.589776,120834677.2,1265510,597463,201.202008,3.077163535e+11,1272646,618439.764,0,0.485948
2025-06-16,2565.022304,120837092.2,1380852,568812,446.4022306,3.099498365e+11,1387997,1998134.418,0,1.439581
2025-06-17,2513.400395,120839500,1432126,611053,465.6351006,3.03718047e+11,1439265,1852173.464,0,1.286888
2025-06-18,2522.493568,120842358.1,1415169,591960,358.0754272,3.04824071e+11,1422322,1704448.529,0,1.198356
2025-06-19,2523.045245,120844463.5,1362756,547969,432.3945863,3.04896049e+11,1369916,1444866.503,0,1.054712
2025-06-20,2403.173042,120846933.6,1360603,558520,438.4849489,2.904160931e+11,1367752,2864783.933,0,2.09452
2025-06-21,2266.038545,120849479.4,1307499,593152,334.9403332,2.738495785e+11,1314653,1078128.463,0,0.820086
2025-06-22,2227.350175,120851841.4,1234821,501348,636.7470336,2.691793701e+11,1241965,1708295.192,0,1.375478
2025-06-23,2421.452083,120853960.4,1361464,529187,898.9935039,2.926420742e+11,1368614,2083232.152,0,1.522147
2025-06-24,2443.167712,120856099.1,1572073,631045,820.1155237,2.95271719e+11,1580119,2176234.173,0,1.37726
2025-06-25,2417.986077,120858257.4,1750940,728650,751.5954181,2.922335837e+11,1758103,1798123.56,0,1.022763
2025-06-26,2415.254819,120860683.3,1507750,633814,509.7848009,2.919093476e+11,1515307,1682133.771,0,1.110094
2025-06-27,2422.037596,120863196.3,1391865,595755,361.3038296,2.927352054e+11,1399020,1495558.312,0,1.069004
2025-06-28,2438.21842,120865770.6,1299686,646608,216.9416224,2.946971481e+11,1307088,733604.6878,0,0.561251
2025-06-29,2503.22452,120868355.1,1236650,630826,212.5563628,3.025606303e+11,1243790,718186.118,0,0.577418
2025-06-30,2488.963164,120870773.4,1427472,571982,496.4169125,3.008429026e+11,1434756,1828397.444,0,1.274361
2025-07-01,2400.704511,120873255.7,1410929,562902,415.8543167,2.901809703e+11,1418079,1980886.36,0,1.39688
2025-07-02,2579.958489,120875737.7,1428483,591077,411.4516164,3.118543856e+11,1435639,1787483.75,0,1.245079
2025-07-03,2590.320408,120878262.2,1453269,603372,349.9798305,3.131134294e+11,1460421,1818072.427,0,1.244896
2025-07-04,2510.087073,120880811.6,1451984,641639,281.6097108,3.034213627e+11,1459150,1202639.25,0,0.824205
2025-07-05,2518.458636,120883425.2,1277897,624984,215.5532,3.044399061e+11,1285044,615449.9105,0,0.478933
2025-07-06,2569.751325,120886036.7,1230437,605772,227.5678208,3.106470531e+11,1237589,544386.4635,0,0.439877
2025-07-07,2542.781285,120888500.4,1449589,605963,451.2102331,3.073930163e+11,1456746,1767720.06,0,1.213472
2025-07-08,2615.431126,120891022.7,1475362,610652,375.1655337,3.161821436e+11,1482521,1617074.746,0,1.09076
2025-07-09,2775.834937,120893365.5,1463328,588717,576.9651561,3.355800277e+11,1470472,2579915.782,0,1.754481
2025-07-10,2950.432764,120895538.9,1506901,599545,821.302404,3.566941591e+11,1514066,2929507.263,0,1.934861
2025-07-11,2958.642287,120897680.3,1512506,605839,866.4335629,3.576929893e+11,1519655,3828089.019,0,2.519051
2025-07-12,2940.395489,120900234,1404234,659420,283.1101252,3.554945028e+11,1411397,1132801.397,0,0.80261
2025-07-13,2969.639401,120902782.8,1312482,635664,322.4276073,3.590376675e+11,1319643,946835.4697,0,0.717494
2025-07-14,3011.784288,120904986.7,1478503,562169,809.2245462,3.641397392e+11,1485667,3019364.208,0,2.032329
2025-07-15,3132.865616,120907332.4,1465254,571938,617.6839878,3.787864243e+11,1472423,2781100.035,0,1.888791
2025-07-16,3366.307535,120909352.9,1488281,597741,992.522324,4.070180657e+11,1495446,3680967.096,0,2.461451
2025-07-17,3489.396373,120911129.9,1493699,624057,1232.172016,4.21906858e+11,1500873,3803957.842,0,2.534497
2025-07-18,3542.339099,120913248.2,1517614,648715,913.1691259,4.283157266e+11,1524784,5164461.619,0,3.387012
2025-07-19,3592.112911,120915789.5,1408928,630980,280.9753698,4.343431686e+11,1416076,1238258.215,0,0.874429
2025-07-20,3755.067153,120918241.7,1412561,595222,488.0765802,4.540561175e+11,1419720,1664359.352,0,1.172315
2025-07-21,3765.903901,120920642.9,1605423,657686,563.6513844,4.55375521e+11,1612582,3749443.957,0,2.325118
2025-07-22,3745.900836,120923119.8,1649941,676888,430.6183665,4.529660154e+11,1657088,3089988.704,0,1.86471
2025-07-23,3629.552798,120925621.5,1616678,646492,395.1246,4.38905928e+11,1623831,3470545.277,0,2.137258
2025-07-24,3709.509076,120928156.6,1645615,666804,347.2244143,4.485840945e+11,1652763,3117408.357,0,1.88618
2025-07-25,3722.55895,120930738.5,1645045,699650,289.2728693,4.501718028e+11,1652189,3286067.769,0,1.988918
2025-07-26,3743.358577,120933352.8,1432233,747490,185.0392789,4.526969033e+11,1439396,986400.5796,0,0.685288
2025-07-27,3863.501488,120935965.7,1478332,723786,193.7196134,4.672362835e+11,1485501,1373120.518,0,0.924348
2025-07-28,3790.904145,120938534.5,1611473,661817,280.9236732,4.584663916e+11,1618622,2788457.675,0,1.722736
2025-07-29,3790.871834,120940948.5,1713649,742843,465.9190993,4.584716353e+11,1720800,1954441.887,0,1.135775
2025-07-30,3800.858332,120943243.7,1820997,937809,612.6568097,4.596881356e+11,1828143,2306865.374,0,1.261863
2025-07-31,3701.447962,120945518.3,1808183,927593,581.4804213,4.476735422e+11,1815324,2024763.457,0,1.115373
2025-08-01,3482.302382,120948064.3,1758669,773917,331.2544891,4.211777324e+11,1765817,2533839.026,0,1.434939
2025-08-02,3393.520589,120950674.4,1642346,741189,205.0187524,4.104486039e+11,1649497,1118186.937,0,0.677896
2025-08-03,3504.170491,120953292.4,1515955,768049,159.6411471,4.238409579e+11,1523123,1020707.265,0,0.670141
2025-08-04,3719.132075,120955891.4,1728290,757996,220.0335559,4.498509353e+11,1735455,2447232.83,0,1.410139
2025-08-05,3614.080481,120958210.9,1878031,767010,337.3263811,4.371527091e+11,1885192,2478270.499,0,1.314598
2025-08-06,3682.017926,120960997.9,1833756,743146,236.8018862,4.453805625e+11,1840915,1784680.096,0,0.969453
2025-08-07,3904.243364,120963576,1766308,750439,276.6108845,4.722712388e+11,1773462,2332801.278,0,1.315394
2025-08-08,4016.255862,120966115.5,1711850,729403,314.0140282,4.858308706e+11,1719008,3193606.145,0,1.857819
2025-08-09,4261.920435,120968684,1645152,706918,308.7545269,5.155589063e+11,1652314,2110499.714,0,1.277299
2025-08-10,4248.713646,120971278.8,1670117,735445,250.3449261,5.139723228e+11,1677274,1646476.366,0,0.981638
2025-08-11,4227.642368,120973815.8,1723347,713282,339.270191,5.11434029e+11,1730491,3433703.552,0,1.984237
2025-08-12,4599.413918,120976264.2,1740117,745456,483.9453447,5.564199133e+11,1747282,4183012.405,0,2.394011
2025-08-13,4760.826762,120978653.1,1798606,754817,581.0624357,5.759584094e+11,1805771,4336308.687,0,2.401361
2025-08-14,4560.76501,120981020.3,1760523,744255,602.6674373,5.517660044e+11,1767669,4849892.893,0,2.743666
2025-08-15,4429.986553,120983548.1,1719513,768519,346.9802552,5.359554912e+11,1726680,3626560.278,0,2.100308
2025-08-16,4422.670586,120986162.8,1533046,810398,166.1585195,5.350819437e+11,1540209,1242876.896,0,0.806953
2025-08-17,4487.709704,120988775.7,1532247,768329,175.2671267,5.429625028e+11,1539593,970563.3466,0,0.630403
2025-08-18,4321.525884,120991371.6,1706017,731006,274.4715656,5.228673441e+11,1713186,3524488.37,0,2.057271
2025-08-19,4093.514781,120993771.5,1713301,720416,310.3059123,4.952897919e+11,1720477,2424226.594,0,1.409043
2025-08-20,4337.655897,120996529.7,1696970,727938,299.2503257,5.248413105e+11,1704139,2678977.037,0,1.572041
2025-08-21,4222.584616,120999131,1678588,708788,279.8782096,5.109290693e+11,1685745,2290369.506,0,1.358669
2025-08-22,4831.104977,121001496.2,1673545,732944,602.7986323,5.845709307e+11,1680716,3530046.765,0,2.100323
2025-08-23,4778.367525,121004096.9,1615078,760979,198.5334676,5.78202047e+11,1622236,2466240.8,0,1.520273
2025-08-24,4787.253757,121006691.9,1565111,746244,258.0348969,5.792897404e+11,1572285,3031533.825,0,1.928107
2025-08-25,4377.50717,121009263.4,1632504,697653,290.108115,5.297189182e+11,1639672,3654285.347,0,2.228669
2025-08-26,4601.967338,121011840.3,1599674,660167,261.7902595,5.568925367e+11,1606841,3343493.14,0,2.080787
2025-08-27,4507.035016,121014374.1,1525228,620154,327.6600025,5.454160214e+11,1532393,3122919.152,0,2.037936
2025-08-28,4504.045119,121016947.2,1629739,688849,255.3354436,5.450657905e+11,1636899,2169007.683,0,1.325071
2025-08-29,4366.79369,121019430.4,1715662,725037,268.9633726,5.284668851e+11,1722832,2413091.81,0,1.400654
2025-08-30,4372.107832,121022062,1483406,739460,134.8705911,5.291215049e+11,1490582,1203403.32,0,0.807338
2025-08-31,4396.614607,121024695.2,1577838,745961,140.7595877,5.320989429e+11,1585002,1212767.202,0,0.765152
2025-09-01,4300.581494,121026272.6,1692093,700659,1474.33877,5.204833484e+11,1699258,2369039.225,0,1.394161
2025-09-02,4322.335631,121028853.6,1721464,754357,218.8611151,5.231273263e+11,1728660,2257743.504,0,1.306066
2025-09-03,4455.872438,121031433.2,1646923,688264,220.5492557,5.393006271e+11,1654090,2389203.706,0,1.444422
2025-09-04,4316.902645,121034005.2,1651304,685311,244.4184499,5.224920172e+11,1658463,2699130.352,0,1.627489
2025-09-05,4308.769286,121036597.4,1644011,700882,234.957164,5.215187735e+11,1651173,2552643.391,0,1.545958
2025-09-06,4277.156373,121039219.3,1418127,640023,142.4690728,5.177036681e+11,1425273,734440.1879,0,0.515298
2025-09-07,4316.102848,121041854.6,1339101,658528,112.4920648,5.224290934e+11,1346262,584069.0762,0,0.433845
2025-09-08,4305.118467,121044437.2,1633704,719927,209.4078285,5.211106418e+11,1640863,2516085.81,0,1.533392
2025-09-09,4309.733676,121047026.5,1678636,716547,219.7393687,5.216804465e+11,1686433,2110140.335,0,1.251245
2025-09-10,4348.603781,121049536.3,1687034,726546,230.4826534,5.263964711e+11,1694156,1950461.733,0,1.151288
2025-09-11,4461.975691,121052140,1709635,735425,198.8974325,5.401317059e+11,1716791,1862642.801,0,1.084956
2025-09-12,4702.879131,121054602.7,1753023,739390,202.4928677,5.693051648e+11,1760188,2167755.48,0,1.231548
2025-09-13,4666.353638,121057358.1,1637457,723144,148.6845774,5.648964431e+11,1644624,910344.1387,0,0.553527
2025-09-14,4609.893686,121059997.6,1518453,719519,121.8867963,5.580737185e+11,1525624,882826.5405,0,0.578666
2025-09-15,4524.121467,121062451.1,1675545,745718,360.4434795,5.477012339e+11,1682698,2200838.759,0,1.307923
2025-09-16,4506.831493,121065008.5,1801312,756644,240.629793,5.45619593e+11,1808472,2483311.164,0,1.373154
2025-09-17,4595.04608,121067599.5,1687103,715362,288.4616792,5.563111987e+11,1694268,2157838.344,0,1.273611
2025-09-18,4586.336701,121069543.6,1843631,801787,420.5465737,5.552656912e+11,1850790,3042472.946,0,1.643878
2025-09-19,4463.600094,121072582.1,1721377,736420,195.021057,5.404195887e+11,1728536,2439742.309,0,1.41145
2025-09-20,4483.947474,121075198.7,1589396,718542,122.5657972,5.428948316e+11,1596548,672939.7642,0,0.421497
2025-09-21,4452.531989,121077832.1,1418164,763923,112.1525882,5.391029205e+11,1425310,809918.5955,0,0.56824
2025-09-22,4204.596555,121080411.8,1588927,669098,285.6900168,5.090942824e+11,1596076,2966508.885,0,1.858626
2025-09-23,4170.444181,121083022.8,1688051,709674,168.6467787,5.049699877e+11,1695219,1584716.317,0,0.934815
2025-09-24,4153.130787,121085637.9,1597810,658722,229.4618311,5.028844906e+11,1604971,2201678.793,0,1.371787
2025-09-25,3875.378595,121088039.8,1624004,589890,437.8908804,4.692619974e+11,1631152,3104756.843,0,1.903414
2025-09-26,4031.710049,121090654.8,1638605,647829,220.3306759,4.882024097e+11,1645748,2821183.106,0,1.714225
2025-09-27,4020.115265,121093277.6,1427746,624741,156.1934141,4.868089337e+11,1434900,708540.8564,0,0.493791
2025-09-28,4136.475681,121095887.2,1404703,677304,148.0840052,5.009101926e+11,1411853,649850.5122,0,0.460282
2025-09-29,4220.421316,121098070.1,1703608,671334,693.2599824,5.110848764e+11,1710767,1884702.371,0,1.101671
2025-09-30,4141.041442,121100636.2,1755868,700023,250.1170567,5.014827534e+11,1763023,2519215.542,0,1.428918
2025-10-01,4338.285243,121103210.8,1704159,742484,233.4966316,5.253802725e+11,1711299,2349983.216,0,1.373216
2025-10-02,4478.616865,121105776.7,1788467,690586,255.0461174,5.423863739e+11,1795615,2126992.666,0,1.184548
2025-10-03,4519.822904,121108366,1634980,708326,216.2568049,5.473883665e+11,1642144,1970592.475,0,1.200012
2025-10-04,4488.748689,121110998.3,1390296,790083,109.0189214,5.43636835e+11,1397648,946466.1327,0,0.677185
2025-10-05,4518.093879,121113634,1387207,702869,133.9934328,5.472027684e+11,1394370,1092260.718,0,0.783336
2025-10-06,4695.78451,121116162.4,1576776,739794,281.6044728,5.687353992e+11,1583927,2396476.658,0,1.512997
2025-10-07,4464.012533,121118712.6,1595109,690739,270.6491962,5.406754511e+11,1602267,2672028.777,0,1.667655
2025-10-08,4529.192213,121121226.5,1616085,695551,177.5572369,5.48581316e+11,1623225,3662607.541,0,2.256377
2025-10-09,4368.907943,121123915.5,1594069,675186,214.6115335,5.291792367e+11,1601224,1971381.794,0,1.231172
2025-10-10,3867.077589,121124027.2,1626874,666821,3592.944781,4.683960109e+11,1634022,2412341.964,0,1.476322
2025-10-11,3749.889795,121126349.2,1647316,639474,604.3584039,4.542104609e+11,1654473,2912694.042,0,1.760497
2025-10-12,4147.581496,121128924.5,1480041,691495,297.0370589,5.023920859e+11,1487201,1453628.352,0,0.977426
2025-10-13,4249.546766,121131512.5,1580074,672710,244.405207,5.14754027e+11,1587219,2218607.963,0,1.397796
2025-10-14,4135.180156,121134077.7,1571829,652820,286.6583956,5.009112344e+11,1578979,3387610.597,0,2.145444
2025-10-15,3984.267462,121136648.9,1634250,755770,236.3332433,4.826408089e+11,1641398,2344312.98,0,1.428242
2025-10-16,3890.106631,121139202.2,1569376,696528,264.4123445,4.712444136e+11,1576682,1946246.404,0,1.234394
2025-10-17,3838.557202,121141649.2,1649015,718971,427.3719502,4.650091502e+11,1656459,2305329.985,0,1.391722
2025-10-18,3888.668117,121144280.1,1357463,1082455,108.6699931,4.710898996e+11,1364699,646883.074,0,0.474012
2025-10-19,3988.23975,121146904,1276777,1038730,131.514906,4.831628983e+11,1284294,820222.4236,0,0.638656
2025-10-20,3982.147186,121149530.9,1454607,712270,153.1078602,4.824352637e+11,1461730,1969709.948,0,1.34752
2025-10-21,3881.402007,121152129.1,1561160,745734,203.6597405,4.70240117e+11,1568282,1850501.715,0,1.179955
2025-10-22,3799.057409,121154742.3,1545336,721508,193.7098801,4.602738213e+11,1552465,1599118.758,0,1.030051
2025-10-23,3856.095692,121157351.9,1571959,744666,152.5323205,4.671943427e+11,1579088,1856002.813,0,1.175364
2025-10-24,3932.931229,121159971.3,1567092,713773,188.014598,4.765138347e+11,1574230,2028010.599,0,1.288256
2025-10-25,3955.020629,121162620.1,1310607,760625,118.9265575,4.79200662e+11,1317760,619194.9987,0,0.469884
2025-10-26,4166.262191,121165267.3,1268621,818357,141.346037,5.04806272e+11,1275782,1311107.72,0,1.027689
2025-10-27,4118.914741,121167826.6,1592425,749297,267.2420718,4.99079947e+11,1599565,1865136.88,0,1.166028
2025-10-28,3984.367647,121170442.9,1644088,716806,178.5034943,4.827875923e+11,1651216,2019743.578,0,1.223186
2025-10-29,3902.844324,121173039.4,1562100,667632,218.3607735,4.72919509e+11,1569248,2159284.744,0,1.376
2025-10-30,3791.082451,121175610.7,1613405,640378,265.8365354,4.593867311e+11,1620546,2144856.656,0,1.32354
2025-10-31,3851.145131,121178231.6,1639231,734635,173.684594,4.666749565e+11,1646369,2090881.957,0,1.269996
2025-11-01,3871.697288,121180878,1360364,795039,104.4814385,4.691756769e+11,1367517,1250419.879,0,0.914372
2025-11-02,3892.967339,121183524.6,1440048,733519,115.6911554,4.717635033e+11,1447207,798393.2672,0,0.551679
2025-11-03,3595.684144,121186017.2,1582519,646200,404.3944874,4.357466404e+11,1589676,2257826.371,0,1.420306
2025-11-04,3282.721066,121188242.4,1613463,636651,875.1749457,3.978271962e+11,1620615,3699262.74,0,2.282629
2025-11-05,3428.016423,121190797.9,1575784,643948,297.0202885,4.154440456e+11,1582924,3121073.985,0,1.971714
2025-11-06,3303.66693,121193112.3,1649380,643147,587.4870929,4.003816773e+11,1656531,2340784.251,0,1.413064
2025-11-07,3438.065623,121195595,1586398,654646,390.4731188,4.166784088e+11,1593547,2398373.726,0,1.505054
2025-11-08,3405.302801,121198227.3,1491639,769665,140.3340283,4.12716663e+11,1498793,640467.2179,0,0.427322
2025-11-09,3576.407942,121200875.9,1458302,748910,127.982865,4.334637752e+11,1465464,844253.7636,0,0.5761
2025-11-10,3570.589058,121203479,1575024,655838,235.9909243,4.32767816e+11,1582169,1832841.757,0,1.158436
2025-11-11,3419.722965,121206094.6,1526371,620692,215.3015163,4.144912652e+11,1533508,1634518.594,0,1.065869
2025-11-12,3410.531326,121208716.8,1455050,620057,184.1062175,4.133861256e+11,1462201,1932740.94,0,1.321803
2025-11-13,3247.690088,121211277.4,1519021,619058,286.2559654,3.936566641e+11,1526159,2718582.868,0,1.781323
2025-11-14,3112.326786,121213835.9,1604455,652720,339.6025651,3.772570683e+11,1611611,2991247.095,0,1.85606
2025-11-15,3169.925435,121216478.8,1484873,811416,102.8695233,3.842471993e+11,1492026,861206.7685,0,0.577206
2025-11-16,3090.507584,121219116.1,1373141,666921,184.6815046,3.746285975e+11,1380297,1081077.685,0,0.783221
2025-11-17,3018.118726,121221686.5,1516435,618174,282.6478692,3.658614419e+11,1523558,2210469.846,0,1.45086
2025-11-18,3117.439519,121224280.8,1518529,612635,237.9386342,3.779093635e+11,1525654,2966889.841,0,1.944668
2025-11-19,3015.432883,121226851.5,1569897,616861,256.3749471,3.655514342e+11,1577014,2322559.83,0,1.472758
2025-11-20,2844.774338,121229377.7,1594628,621631,332.5474431,3.448702228e+11,1601757,2177632.704,0,1.359528
2025-11-21,2757.036797,121231845.3,1533133,588871,508.2935613,3.342406584e+11,1540255,3246183.992,0,2.107563
2025-11-22,2772.126193,121234485.1,1353840,705201,139.8066779,3.360772916e+11,1360941,1073556.758,0,0.788834
2025-11-23,2802.266999,121237132.9,1268889,609077,100.3579234,3.397388165e+11,1276009,4737684.127,0,3.712892
2025-11-24,2958.660757,121239754.6,1434689,598417,169.9549386,3.587073041e+11,1441794,2099432.155,0,1.456125
2025-11-25,2962.534652,121242372.4,1598545,674841,171.4376569,3.591847295e+11,1605643,1775927.522,0,1.106054
2025-11-26,3024.357957,121245013.4,1660505,896568,135.7026292,3.66688321e+11,1667627,1737356.726,0,1.041814
2025-11-27,3015.040065,121247660.7,1892795,1191046,125.6309099,3.655665549e+11,1899926,1209227.421,0,0.63646
2025-11-28,3035.431577,121250304.4,1689025,931800,130.5846946,3.680470027e+11,1696155,1709375.521,0,1.007794
2025-11-29,2991.328056,121252953.2,1364687,1020235,86.21856129,3.627073608e+11,1371846,776515.7726,0,0.566037
2025-11-30,3002.610255,121255609.6,1380993,1012934,87.19746441,3.640833368e+11,1388152,502014.0929,0,0.361642
2025-12-01,2804.791242,121258230.9,1846657,829868,194.8544078,3.40104024e+11,1853803,2449634.776,0,1.321411
2025-12-02,3003.379406,121260872.8,1804162,935509,143.172637,3.641924083e+11,1811306,2100125.883,0,1.159454
2025-12-03,3189.752512,121263025.1,1852396,951940,133.0568639,3.867990389e+11,1859489,1981885.807,0,1.065823
2025-12-04,3136.480438,121265800.6,1713350,901637,135.3982974,3.803478113e+11,1720115,1830566.203,0,1.064212
2025-12-05,3021.451985,121268364.1,1708608,955747,111.8622224,3.664065394e+11,1715679,1767742.371,0,1.030346
2025-12-06,3036.215722,121270987.1,1444550,922787,82.71933373,3.682048776e+11,1451661,586828.2942,0,0.404246
2025-12-07,3048.095623,121273549.7,1124281,448771,157.3023589,3.696533761e+11,1131416,618628.1299,0,0.546773
2025-12-08,3125.145341,121276121.7,1306645,547371,176.6050346,3.790055066e+11,1313770,1388788.543,0,1.057102
2025-12-09,3325.935757,121278704,1463824,608695,184.7708121,4.033651782e+11,1470946,1725389.621,0,1.17298
2025-12-10,3329.808326,121281288.9,1602340,636485,162.522302,4.038434454e+11,1609438,2054434.119,0,1.276492
2025-12-11,3237.478434,121283902.3,1611771,687587,138.4591664,3.92654018e+11,1618905,2167040.722,0,1.338584
2025-12-12,3087.798677,121286513,1458943,624410,124.4804218,3.745083345e+11,1466048,2176500.095,0,1.484604
2025-12-13,3114.866685,121289162.9,1283192,738346,84.98664921,3.777995727e+11,1290342,686463.5483,0,0.532001
2025-12-14,3060.695854,121291825.6,1197528,563924,89.48441207,3.712373877e+11,1204694,908115.8376,0,0.753815
2025-12-15,2962.213891,121294469,1559887,714987,147.7955241,3.593001609e+11,1567047,2046720.532,0,1.3061
2025-12-16,2958.275108,121297128.5,1645312,701311,124.3556754,3.58830276e+11,1652476,2072262.866,0,1.254035
2025-12-17,2826.687017,121299782.7,1644033,752887,139.4942467,3.428765209e+11,1651194,2684095.272,0,1.625548
2025-12-18,2826.574527,121302432.1,1703217,805052,159.4720153,3.428703647e+11,1710372,1785538.142,0,1.043947
2025-12-19,2980.47247,121305071,1693722,838094,157.9118062,3.615464246e+11,1700879,2308877.331,0,1.357461
2025-12-20,2975.458676,121307738.8,1617520,1041084,78.45113592,3.609461638e+11,1624691,478083.3502,0,0.294261
2025-12-21,3000.937194,121310407.7,1552206,918666,83.80019776,3.640449145e+11,1559384,546304.8048,0,0.350334
2025-12-22,3004.766141,121313069.6,1788353,960401,114.7389979,3.645174039e+11,1795514,1621194.157,0,0.902914
2025-12-23,2963.255383,121315727.1,1913481,1005297,103.7371088,3.594894813e+11,1920639,2265228.526,0,1.179414
2025-12-24,2946.731518,121318391.2,1875438,964140,97.64528093,3.574927272e+11,1882610,1564876.761,0,0.831227
2025-12-25,2905.214401,121321054.5,1578577,827696,79.76358102,3.524636746e+11,1585737,721966.6559,0,0.455288
2025-12-26,2926.08538,121323715.8,1732102,807816,107.4061989,3.550035512e+11,1739265,1723466.25,0,0.990916
2025-12-27,2942.305476,121326380.7,1643744,852559,71.59693435,3.569792742e+11,1650905,807985.1522,0,0.48942
2025-12-28,2946.084683,121329051.7,1621715,997133,79.98614988,3.574456609e+11,1628886,741968.3497,0,0.455507
2025-12-29,2933.906242,121331712.1,2230801,1099134,113.6933961,3.559758674e+11,2237962,1830936.189,0,0.818127
2025-12-30,2969.199491,121334368.4,2122776,1015969,122.3930805,3.602659449e+11,2129922,1743235.354,0,0.81845
2025-12-31,2968.128014,121337037.1,2130049,946109,106.4815389,3.60143859e+11,2137217,1813031.735,0,0.848314
2026-01-01,3000.888813,121339709.9,1941246,960971,79.28821711,3.641269779e+11,1948416,779493.5432,0,0.400065
2026-01-02,3124.261977,121342373.5,1987000,881815,133.2192663,3.791053636e+11,1994174,1682600.844,0,0.843758
2026-01-03,3125.245712,121345032.5,2020414,860816,90.37196915,3.792330425e+11,2027584,833406.7578,0,0.411034
2026-01-04,3140.117447,121347700.9,1727390,916193,93.94168137,3.810460327e+11,1734562,721274.5941,0,0.415825
2026-01-05,3229.654028,121350358.8,2084513,949801,149.9501212,3.91919675e+11,2091676,1943640.011,0,0.929226
2026-01-06,3291.037878,121352992.3,2008996,865713,181.1216403,3.993772943e+11,2016174,2118612.326,0,1.050808
2026-01-07,3163.428441,121355653.8,2030046,869485,128.7992913,3.838999268e+11,2037208,2157072.21,0,1.058837
2026-01-08,3109.107745,121358314.2,2060683,944970,128.6350052,3.773160748e+11,2067839,2243096.572,0,1.084754
2026-01-09,3085.003263,121360985.5,2086825,1053627,111.3254352,3.743990362e+11,2093999,1574991.277,0,0.752145
2026-01-10,3082.055324,121363646.5,1891622,1051047,67.12105897,3.740494729e+11,1898793,782314.293,0,0.412006
2026-01-11,3112.546716,121366319.5,1819598,1045369,78.3633934,3.777583393e+11,1826768,701182.4382,0,0.383838
2026-01-12,3091.072884,121368967.9,2164623,1049023,107.826486,3.751603256e+11,2171785,1693720.038,0,0.779875
2026-01-13,3322.298552,121371616.3,2319935,1111446,141.5714809,4.03232745e+11,2327081,1772837.698,0,0.761829
2026-01-14,3356.498628,121374275.1,2595176,1054406,144.2189673,4.073925878e+11,2602342,2277496.272,0,0.875172
2026-01-15,3314.540895,121376933.8,2812123,1154313,138.9533503,4.023088107e+11,2819294,1926220.864,0,0.683228
2026-01-16,3295.413684,121379619.4,2885524,1447500,95.53868667,3.999960588e+11,2892704,1649926.746,0,0.570375
2026-01-17,3306.925325,121382303,2398473,1147115,73.27861342,4.014022118e+11,2405645,657516.0057,0,0.273322
2026-01-18,3301.930962,121384996.7,1920802,1042313,105.219692,4.008048789e+11,1927984,603562.7694,0,0.313054
2026-01-19,3185.102602,121387678.6,2528438,1077619,117.6559992,3.866322109e+11,2535612,1584490.632,0,0.624895
2026-01-20,2937.817462,121390349,2288096,1022675,193.1712473,3.56622687e+11,2295265,2109697.482,0,0.919152
2026-01-21,2991.97559,121392997.2,2473536,1172885,188.0054789,3.632048843e+11,2480709,2802567.145,0,1.129744
2026-01-22,2947.892952,121395670.4,2372922,1041691,142.3670582,3.578614412e+11,2380080,2358732.264,0,0.991031
2026-01-23,2951.594619,121398338.6,2531327,1293503,123.4615636,3.58318683e+11,2538489,1597536.427,0,0.629326
2026-01-24,2950.662065,121401029.4,2268230,1116929,93.43403975,3.582134122e+11,2275402,503850.4232,0,0.221434
2026-01-25,2806.825643,121403720.5,2181909,959184,131.7801109,3.407590758e+11,2189083,1202286.319,0,0.549219
2026-01-26,2930.179468,121406407.4,2362952,935021,153.1779587,3.557425622e+11,2370122,2490818.12,0,1.050924
2026-01-27,3022.824059,121409095.5,2558259,1060898,115.3843753,3.669983347e+11,2565429,1634582.101,0,0.637157
2026-01-28,3008.43985,121411781.3,2726585,1260475,128.942862,3.652600411e+11,2733757,1789450.257,0,0.654575
2026-01-29,2818.534915,121414395.3,2625095,1342218,269.0484223,3.422107123e+11,2632265,1731725.037,0,0.657884
2026-01-30,2699.640466,121417005.4,2290086,1023587,318.9248678,3.27782261e+11,2297258,2185371.929,0,0.951296
2026-01-31,2444.243183,121419383.8,2047319,931538,700.1538416,2.967785011e+11,2054484,2420151.992,0,1.177985
2026-02-01,2270.227191,121422034,2538407,1386023,285.0270485,2.756556031e+11,2545568,2291888.447,0,0.900345
2026-02-02,2345.614465,121424651.2,2308687,1051590,385.5826562,2.848154182e+11,2315847,3836329.468,0,1.656556
2026-02-03,2231.428983,121427287.8,2563472,1282510,373.6847816,2.709563694e+11,2570621,3922511.007,0,1.5259
2026-02-04,2147.393389,121429925.1,2489539,1074456,373.3398246,2.607578184e+11,2496691,3454294.845,0,1.383549
2026-02-05,1850.037166,121432039,2263196,949329,1653.707516,2.246537853e+11,2270346,4511978.837,0,1.987353
2026-02-06,2064.076856,121434488.2,2418421,1041639,708.3739225,2.506501167e+11,2425579,5212150.006,0,2.148827
2026-02-07,2086.308937,121437172.1,2896853,1442042,295.4371613,2.533554575e+11,2904015,2147255.799,0,0.739409
2026-02-08,2093.812636,121439815.1,2317029,1190869,146.0035637,2.542722193e+11,2324138,1173596.865,0,0.50496
2026-02-09,2107.027685,121442496.5,2709180,1066560,178.5331738,2.558827022e+11,2716340,2511694.8,0,0.924661
2026-02-10,2017.256944,121445190.3,2843652,1058692,147.7992324,2.449861535e+11,2850808,2671375.328,0,0.937059
2026-02-11,1940.05835,121447874.8,2466399,1037196,345.8626997,2.356159636e+11,2473561,1820492.608,0,0.73598
2026-02-12,1944.856491,121450541.1,2190099,1014841,210.4805106,2.362038731e+11,2197266,2079737.264,0,0.946511
2026-02-13,2048.512335,121453241.4,2275538,1029444,152.2492149,2.487984632e+11,2282702,2383778.522,0,1.044279
2026-02-14,2086.639425,121455953.3,1932723,977442,101.5034834,2.534347806e+11,1939896,783114.5394,0,0.403689
2026-02-15,1960.282089,121458673.2,1747152,943110,145.4775504,2.380932617e+11,1754330,2009760.215,0,1.1456
2026-02-16,1996.391976,121461386.8,2005852,997885,131.5984108,2.424845379e+11,2013024,1179814.144,0,0.58609
2026-02-17,1992.430697,121464095.4,1957905,968265,167.2567936,2.420087922e+11,1965074,1970363.247,0,1.002692
2026-02-18,1951.873981,121466801.3,1996006,962057,158.4301829,2.37087889e+11,2003179,1638229.64,0,0.817815
2026-02-19,1947.861472,121469508.1,2010885,861710,147.4544573,2.366057749e+11,2018053,1612760.462,0,0.799167
2026-02-20,1967.105132,121472224.3,1869746,855281,161.9005639,2.389486358e+11,1876922,2063877.608,0,1.099608
2026-02-21,1974.539847,121474954.9,1686661,953814,98.74325921,2.398571389e+11,1693831,609385.5036,0,0.359768
2026-02-22,1952.792138,121477684,1728437,943941,92.20310939,2.372206663e+11,1735615,636899.1755,0,0.366959
2026-02-23,1856.814485,121480401.5,2027183,976428,155.8149134,2.25566569e+11,2034353,2129646.684,0,1.046842
2026-02-24,1855.420525,121483114.9,2068318,916689,171.4106687,2.254022649e+11,2075492,2156606.609,0,1.039082
2026-02-25,2057.286477,121485821.5,2363418,1203771,250.0163818,2.499311376e+11,2370580,2701807.747,0,1.139724
2026-02-26,2028.46235,121488530.7,2137694,915339,193.7537257,2.464349104e+11,2144867,2298052.515,0,1.07142
2026-02-27,1929.706129,121491249,2051384,915201,174.5169158,2.344424079e+11,2058557,1709645.586,0,0.830507
2026-02-28,1963.48861,121493959.4,2026162,969214,184.7111259,2.385520054e+11,2033318,1128679.785,0,0.555093
2026-03-01,1938.466588,121496686.3,1883259,879219,177.4793816,2.355172668e+11,1890435,1080389.97,0,0.571503
2026-03-02,2033.188392,121499391.4,2201428,1017565,218.976514,2.470311522e+11,2208588,2268233.89,0,1.027006
2026-03-03,1987.205453,121502090.2,2044346,894132,225.8335763,2.414496162e+11,2051515,1800407.962,0,0.877599
2026-03-04,2127.572802,121504786.1,2026089,909701,300.0229672,2.585102782e+11,2033254,2581266.985,0,1.269525
2026-03-05,2076.633287,121507500.2,2182628,940325,181.4909864,2.523265195e+11,2189799,2116658.719,0,0.9666
2026-03-06,1982.563799,121510198.7,2134644,1142040,164.7618598,2.409017212e+11,2141792,2088800.432,0,0.975258
2026-03-07,1970.385216,121512914.3,1913802,995819,91.74912729,2.394272499e+11,1920961,795201.5122,0,0.41396
2026-03-08,1942.911248,121515640.2,1724478,947982,108.9498197,2.360941042e+11,1731650,973053.9779,0,0.561923
2026-03-09,1997.008276,121518350.1,2131079,887358,157.0540876,2.426731508e+11,2138244,1800751.082,0,0.842164
2026-03-10,2034.954139,121521068.4,2257070,1013166,158.9210648,2.47289801e+11,2264222,1968898.068,0,0.869569
2026-03-11,2055.768027,121523789.5,2149499,1041032,150.9128729,2.49824721e+11,2156655,1955628.219,0,0.906788
2026-03-12,2078.937471,121526515.2,2210735,1086833,239.4654247,2.526460262e+11,2217895,1750891.845,0,0.789439
2026-03-13,2092.093321,121529235.2,2179905,971530,202.5700198,2.542505012e+11,2187077,1953325.615,0,0.893122
2026-03-14,2096.332511,121531990.4,2027263,1328988,85.03304814,2.547714626e+11,2034434,635734.3509,0,0.312487
2026-03-15,2177.812117,121534753.9,1777105,1019323,97.66223156,2.646798597e+11,1784280,640107.2961,0,0.358748
2026-03-16,2351.362262,121537461.8,2158939,877733,190.8042487,2.857786012e+11,2166097,2163819.631,0,0.998949
2026-03-17,2323.315258,121540176,2434980,931728,132.4963449,2.823761454e+11,2442128,1889626.796,0,0.773762
2026-03-18,2200.482826,121542885.2,2610981,1137623,142.0400304,2.674530315e+11,2618144,2288310.416,0,0.87402
2026-03-19,2138.021352,121545624.5,2648418,1241059,146.8620526,2.598671405e+11,2655592,1770696.147,0,0.66678
2026-03-20,2146.58038,121548358,2417921,964592,124.9052718,2.609133205e+11,2425096,1729270.15,0,0.713073
2026-03-21,2124.596598,121551113.5,2144976,1082656,68.71436147,2.582470822e+11,2152146,432392.5147,0,0.200912
2026-03-22,2058.152535,121553737.2,1852313,785908,345.7175813,2.501761323e+11,1859480,2454640.529,0,1.320068
2026-03-23,2148.12646,121556465.2,2495605,873087,224.3003,2.611186594e+11,2502771,1728868.298,0,0.690782
2026-03-24,2157.06026,121559214.4,2563255,953535,134.8430637,2.622105507e+11,2570435,1700275.664,0,0.661474
2026-03-25,2168.531795,121561970.3,2061186,943722,120.4369412,2.636109977e+11,2068356,1565439.253,0,0.756852
2026-03-26,2059.03193,121564725,2449787,981486,190.7828333,2.503056505e+11,2456953,2205708.227,0,0.897741
2026-03-27,1988.898681,121567474.3,2661907,830758,183.4612402,2.417853893e+11,2669068,2538877.19,0,0.951222
2026-03-28,1994.395159,121570243.9,2494325,953755,102.1083063,2.424591059e+11,2501507,566355.3546,0,0.226406
2026-03-29,1982.873236,121573011.9,1806814,998587,115.0605973,2.410638715e+11,1813987,538455.1904,0,0.296835
2026-03-30,2022.780238,121575776.1,2275599,909931,136.8048345,2.459210774e+11,2282768,1957230.892,0,0.857394
2026-03-31,2101.431893,121578511.9,2622649,1018941,189.730933,2.554889625e+11,2629815,1960871.478,0,0.745631
2026-04-01,2140.878644,121581257.7,2363070,996422,175.5807301,2.602907181e+11,2370236,1834756.918,0,0.774082
2026-04-02,2056.416514,121584015,2428667,999185,157.8366797,2.500273763e+11,2435845,1490927.349,0,0.612078
2026-04-03,2051.620352,121586780.9,2302049,843470,112.1702137,2.494499142e+11,2309228,747143.0533,0,0.323547
2026-04-04,2064.24039,121589558.3,2076522,711767,76.66146957,2.509900771e+11,2083704,435310.1521,0,0.208912
2026-04-05,2110.88525,121592340,2032528,729064,92.5657649,2.566674771e+11,2039704,488062.9944,0,0.239281
2026-04-06,2101.855189,121595121.5,2435658,976839,126.0665327,2.55575337e+11,2442828,1523359.412,0,0.623605
2026-04-07,2247.905102,121597894.4,2566181,1029903,208.1318698,2.733405273e+11,2573359,1628790.437,0,0.632943
2026-04-08,2188.630422,121600657.9,2423150,1003663,144.2387786,2.661388991e+11,2430329,1705690.755,0,0.701835
2026-04-09,2190.250526,121603443.5,2370057,935125,110.6926231,2.663420062e+11,2377228,1369227.28,0,0.575976
2026-04-10,2244.533124,121606232,2415730,1004472,121.6784137,2.729492159e+11,2422894,1946348.978,0,0.803316
2026-04-11,2286.848055,121609022,2864662,1012371,83.72191503,2.781013554e+11,2871834,583379.2493,0,0.203138
2026-04-12,2190.140218,121611800,3617817,776376,106.893059,2.663468943e+11,3624995,642972.7547,0,0.177372
2026-04-13,2373.184818,121614579.2,2526748,1025471,167.1239509,2.88613873e+11,2533929,1840085.791,0,0.726179
2026-04-14,2323.211012,121617357.1,2839336,1108733,155.1659551,2.825427831e+11,2846518,1512960.366,0,0.531513
2026-04-15,2356.776373,121620141.6,2504075,906454,140.5278977,2.866314762e+11,2511254,1608193.764,0,0.640395
2026-04-16,2349.62938,121622920.9,1872611,792094,164.5924626,2.857687882e+11,1879791,1343451.964,0,0.714682
2026-04-17,2422.265827,121625591,1888757,768094,433.0229897,2.946095129e+11,1895940,1749245.509,0,0.922627
2026-04-18,2353.923598,121628199.2,2129969,694369,499.3375756,2.863034883e+11,2137146,909093.607,0,0.425377
2026-04-19,2265.855907,121630804.2,1736671,575050,634.7153521,2.755978761e+11,1743846,1165869.027,0,0.668562
2026-04-20,2313.767512,121633295.7,1847934,700519,747.1263254,2.81431168e+11,1855118,2011233.599,0,1.084154
2026-04-21,2323.706373,121635998.5,1932624,814682,425.5772105,2.826463449e+11,1939806,2015959.414,0,1.039258
2026-04-22,2381.753203,121638240,1952492,636582,1156.468745,2.897122677e+11,1959660,1913169.089,0,0.976276
2026-04-23,2330.503185,121640653.9,1933746,726028,719.7462455,2.834839313e+11,1940929,1682268.2,0,0.866734
2026-04-24,2315.618225,121643465.2,2035895,862409,591.0169612,2.816798248e+11,2043078,2033571.596,0,0.995347
2026-04-25,2319.276423,121646198.3,2114944,1185408,357.4927811,2.821311597e+11,2122131,525029.8655,0,0.247407
2026-04-26,2368.822178,121648817.2,2387950,825950,620.1936735,2.881644161e+11,2395133,618930.2849,0,0.258412
2026-04-27,2297.936767,121651282.6,3161280,630904,778.7083821,2.79546955e+11,3168463,2015168.952,0,0.636008
2026-04-28,2287.490493,121653849.1,3627491,609636,562.4349657,2.782820233e+11,3634673,1480914.077,0,0.407441
2026-04-29,2254.103939,121656436.1,3241629,621351,514.4655221,2.742262517e+11,3248809,1940020.666,0,0.597148
2026-04-30,2256.6154,121659003.8,3197359,774202,468.846712,2.745375816e+11,3204535,1654004.017,0,0.516145
2026-05-01,2292.810316,121661714.2,2896417,771595,299.4397308,2.789472335e+11,2903595,1526402.505,0,0.525694
2026-05-02,2318.911207,121664466.5,3170691,600912,196.0332621,2.821290948e+11,3177881,453467.6211,0,0.142695
2026-05-03,2326.038636,121667224.5,2480596,751759,208.1317936,2.830026649e+11,2487774,545529.6878,0,0.219284
2026-05-04,2347.405376,121669903.5,2138093,665364,363.0728883,2.856085856e+11,2145257,1763730.511,0,0.822153
2026-05-05,2360.644309,121672663.4,2001403,897712,202.4858976,2.872258806e+11,2008581,1586829.85,0,0.790025
2026-05-06,2348.576846,121675340.2,2018650,936565,328.3718482,2.857638866e+11,2025827,2061445.359,0,1.017582
2026-05-07,2290.277876,121677952.7,1950229,834234,425.4688272,2.786763231e+11,1957402,1856046.366,0,0.948219
2026-05-08,2306.364172,121680483.2,1822874,711021,564.2932732,2.806395067e+11,1830061,1787935.733,0,0.976981
2026-05-09,2326.388855,121683237.3,1843847,975911,185.5038098,2.83082527e+11,1851019,1015253.965,0,0.548484
2026-05-10,2374.78948,121685963.2,1782298,774372,269.5571211,2.889785453e+11,1789472,1585116.295,0,0.885801
2026-05-11,2339.080451,121688580,1954445,753330,459.8011038,2.846393786e+11,1961612,1403878.256,0,0.715676
2026-05-12,2277.516486,121691222.8,1966401,852470,357.9553167,2.77153766e+11,1973581,1587194.268,0,0.80422
2026-05-13,2257.209162,121693990.2,2313802,976478,242.2967867,2.746887896e+11,2320961,1769550.479,0,0.762421
2026-05-14,2288.828377,121696710.5,1969580,776611,248.7469987,2.785428845e+11,1976755,1507293.732,0,0.762509
2026-05-15,2223.052386,121699266.9,1788096,901801,435.6886938,2.705438456e+11,1795276,1901120.249,0,1.058957
2026-05-16,2180.499462,121702020.1,1972251,936916,191.9074452,2.653711893e+11,1979434,824287.3215,0,0.416426
2026-05-17,2143.143349,121704782.7,1960969,842583,139.3427054,2.608307956e+11,1968145,611408.6679,0,0.310652
2026-05-18,2130.197243,121707546.9,1824281,871538,207.9436281,2.592610809e+11,1831459,1840624.85,0,1.005005
2026-05-19,2112.007501,121710317,1932741,927283,148.961207,2.570531023e+11,1939922,1479724.672,0,0.762775
2026-05-20,2125.168581,121713089.2,2086396,877720,277.1337673,2.586608331e+11,2093572,1211090.72,0,0.578481
2026-05-21,2132.13466,121715825.4,2320690,813850,150.7002842,2.595145299e+11,2327868,1218580.294,0,0.523475
2026-05-22,2066.76721,121718607.5,2311203,831264,157.1348707,2.515640268e+11,2318375,1442046.561,0,0.622007
2026-05-23,2116.168341,121721391.2,2673568,820999,117.4452075,2.575829545e+11,2680743,1495318.079,0,0.5578
2026-05-24,,,,,,,2545699,647849.7004,0,0.254488
2026-05-25,,,,,,,2224274,1074814.587,0,0.48322
2026-05-26,,,,,,,2374807,1271584.51,0,0.535448
2026-05-27,,,,,,,2171896,1523595.054,0,0.701505
2026-05-28,,,,,,,1975592,2153099.451,0,1.08985
2026-05-29,,,,,,,2311812,2101735.868,0,0.909129
2026-05-30,,,,,,,2670438,526391.8853,0,0.197118
2026-05-31,,,,,,,2119453,520973.3871,0,0.245806
2026-06-01,,,,,,,1983667,1858695.158,0,0.937
2026-06-02,,,,,,,1937984,3243313.047,0,1.67355
2026-06-03,,,,,,,1839399,2698965.032,0,1.467308
2026-06-04,,,,,,,1756229,2496429.145,0,1.421471
2026-06-05,,,,,,,1806226,4639621.121,0,2.568683
2026-06-06,,,,,,,1716091,1963425.792,0,1.144127
2026-06-07,,,,,,,1595126,1134615.676,0,0.711302
2026-06-08,,,,,,,2041004,2980098.577,0,1.460114
2026-06-09,,,,,,,2225947,2309441.776,0,1.03751
2026-06-10,,,,,,,2055414,1689123.35,0,0.821792
2026-06-11,,,,,,,2093153,1399666.166,0,0.668688
2026-06-12,,,,,,,2355555,1440502.701,0,0.611534
2026-06-13,,,,,,,2580366,637946.4887,0,0.247231
2026-06-14,,,,,,,2210832,861723.2374,0,0.389773
2026-06-15,,,,,,,1849619,2012562.413,0,1.088096
2026-06-16,,,,,,,1857703,1684082.09,0,0.90654
2026-06-17,,,,,,,2366193,1334104.06,0,0.563819
2026-06-18,,,,,,,2135531,1534104.155,0,0.718371
2026-06-19,,,,,,,1890116,1561883.486,0,0.826343
2026-06-20,,,,,,,2089802,814088.9327,0,0.389553
2026-06-21,,,,,,,2931566,600913.5941,0,0.20498
2026-06-22,,,,,,,2845705,1476661.839,0,0.518909
2026-06-23,,,,,,,2899134,1911959.7,0,0.659493
2026-06-24,,,,,,,2707770,2052704.681,0,0.758079
2026-06-25,,,,,,,2690434,1974512.31,0,0.733901
2026-06-26,,,,,,,2324874,2526780.107,0,1.086846
2026-06-27,,,,,,,1446782,1790082.109,0,1.237285
2026-06-28,,,,,,,1472024,604005.6286,0,0.410323
2026-06-29,,,,,,,1875909,1409212.618,0,0.751216
2026-06-30,,,,,,,2144158,1844544.198,0,0.860265
2026-07-01,,,,,,,2245887,1528847.492,0,0.680732
2026-07-02,,,,,,,1807305,1576964.968,0,0.872551
2026-07-03,,,,,,,1865145,1077316.303,0,0.577605
2026-07-04,,,,,,,1932252,801248.7591,0,0.414671
2026-07-05,,,,,,,2769596,568304.9582,0,0.205194
2026-07-06,,,,,,,2725768,1601767.395,0,0.587639
2026-07-07,,,,,,,2832479,1611983.949,0,0.569107
2026-07-08,,,,,,,2420387,1102817.78,0,0.455637
2026-07-09,,,,,,,2402989,1100821.534,0,0.458105
2026-07-10,,,,,,,2831104,1352393.872,0,0.477691
2026-07-11,,,,,,,3249793,796521.6496,0,0.245099
2026-07-12,,,,,,,2246622,676501.7111,0,0.30112
2026-07-13,,,,,,,2703021,1753694.105,0,0.64879
2026-07-14,,,,,,,2999190,1609866.888,0,0.536767
2026-07-15,,,,,,,2788127,1636271.839,0,0.586871
2026-07-16,,,,,,,2843774,1376350.174,0,0.483987
2026-07-17,,,,,,,2468601,1436564.295,0,0.581935
2026-07-18,,,,,,,2602253,489406.9457,0,0.18807
2026-07-19,,,,,,,1599356,471627.5493,0,0.294886
2026-07-20,,,,,,,2558494,1386256.88,0,0.541825
2026-07-21,,,,,,,2823417,1260495.203,0,0.446443
2026-07-22,,,,,,,2569153,1292755.205,0,0.503183
2026-07-23,,,,,,,2366797,1372413.025,0,0.579861
2026-07-24,,,,,,,2559611,999973.0278,0,0.390674
2026-07-25,,,,,,,2005403,546435.4896,0,0.272482
2026-07-26,,,,,,,1545894,691598.8326,0,0.447378
2026-07-27,,,,,,,1878591,1567513.987,0,0.834409
2026-07-28,,,,,,,1671387,1152415.729,0,0.689497
2026-07-29,,,,,,,1741235,1340586.533,0,0.769906
2026-07-30,,,,,,,1773380,1594841.408,0,0.899323
2026-07-31,,,,,,,1763827,1359180.307,0,0.770586
2026-08-01,,,,,,,1577327,496968.615,0,0.31507
2026-08-02,,,,,,,2572759,546151.659,0,0.212282
2026-08-03,,,,,,,2572789,1306564.7,0,0.50784
2026-08-04,,,,,,,2449490,1010503.452,0,0.412536
2026-08-05,,,,,,,2646137,1320830.357,0,0.499154
2026-08-06,,,,,,,2933344,1585368.023,0,0.540464
2026-08-07,,,,,,,2641796,1539948.895,0,0.582917
2026-08-08,,,,,,,1372088,535014.5202,0,0.389927
2026-08-09,,,,,,,2920839,512685.9741,0,0.175527
2026-08-10,,,,,,,2322430,1196715.703,0,0.515286
2026-08-11,,,,,,,2407715,1243614.997,0,0.516513
2026-08-12,,,,,,,2649949,1181149.821,0,0.445725
2026-08-13,,,,,,,2724133,988638.1287,0,0.362918
2026-08-14,,,,,,,2908342,939739.5747,0,0.323119
2026-08-15,,,,,,,2891273,435223.0292,0,0.15053
2026-08-16,,,,,,,1882849,462675.389,0,0.245732
2026-08-17,,,,,,,2725582,1304135.985,0,0.47848
2026-08-18,,,,,,,2864132,1089563.685,0,0.380417
2026-08-19,,,,,,,2475057,2498025.941,0,1.00928
2026-08-20,,,,,,,1982184,3120960.841,0,1.574506
2026-08-21,,,,,,,2009260,2802273.452,0,1.394679
2026-08-22,,,,,,,1764882,1236562.859,0,0.700649
2026-08-23,,,,,,,1685952,947742.7003,0,0.562141
2026-08-24,,,,,,,1867043,2558368.068,0,1.370278
2026-08-25,,,,,,,2001897,2230404.972,0,1.114146
2026-08-26,,,,,,,1905448,1806067.881,0,0.947844
2026-08-27,,,,,,,1939165,1866480.424,0,0.962518
2026-08-28,,,,,,,1910136,1825787.783,0,0.955842
2026-08-29,,,,,,,2041517,803573.5184,0,0.393616
2026-08-30,,,,,,,1801748,702202.8594,0,0.389734
2026-08-31,,,,,,,1845679,2187276.673,0,1.18508
2026-09-01,,,,,,,2020332,1419105.696,0,0.702412
2026-09-02,,,,,,,1938621,1332288.482,0,0.687235
2026-09-03,,,,,,,1888076,1806664.023,0,0.956881
2026-09-04,,,,,,,1982049,1510846.643,0,0.762265
2026-09-05,,,,,,,1736072,619740.7175,0,0.356979
2026-09-06,,,,,,,1867361,610337.2621,0,0.326845
2026-09-07,,,,,,,1943993,938895.1726,0,0.482973
2026-09-08,,,,,,,1892536,1394202.508,0,0.736685
2026-09-09,,,,,,,1924688,1276846.576,0,0.663404
2026-09-10,,,,,,,2103844,2471221.083,0,1.174622
2026-09-11,,,,,,,2104517,2485094.139,0,1.180838
2026-09-12,,,,,,,1578410,758809.7327,0,0.480743
2026-09-13,,,,,,,1483411,876107.3873,0,0.590603
2026-09-14,,,,,,,1916393,2061264.767,0,1.075596
2026-09-15,,,,,,,1901623,2284150.084,0,1.201158
2026-09-16,,,,,,,1963871,2033616.925,0,1.035515
2026-09-17,,,,,,,1962805,2075295.318,0,1.057311
2026-09-18,,,,,,,2055330,2407794.481,0,1.171488
2026-09-19,,,,,,,1752591,818756.228,0,0.467169
2026-09-20,,,,,,,1703289,715291.9322,0,0.419947
2026-09-21,,,,,,,2092378,2489498.329,0,1.189794
2026-09-22,,,,,,,2101235,1591331.763,0,0.757332
2026-09-23,,,,,,,1827580,1956223.688,0,1.07039
2026-09-24,,,,,,,1838627,2001838.262,0,1.088768
2026-09-25,,,,,,,2120508,1509061.767,0,0.711651
2026-09-26,,,,,,,1659883,604669.8439,0,0.364285
2026-09-27,,,,,,,1107920,572221.1486,0,0.516482
