date,price_usd,supply,tx_count,active_addresses,fees_native,market_cap_usd,bc_tx_count,bc_sum_value,bc_median_value,bc_mean_value
2011-10-07,,0,0,0,0,,1,50,50,50
2011-10-08,,100,0,2,0,,1,50,50,50
2011-10-09,,100,0,0,0,,,,,
2011-10-10,,100,0,0,0,,,,,
2011-10-11,,100,0,0,0,,,,,
2011-10-12,,200,0,2,0,,1,50,50,50
2011-10-13,,484450,92,9778,0.001,,9774,528299.4785,50,54.05151202
2011-10-14,,540550,62,1531,0.002,,1184,78618.38248,50,66.40066088
2011-10-15,,578650,448,1514,0.08,,1200,68782.91707,50,57.31909755
2011-10-16,,624400,1412,4843,0.90407077,,2330,244943.6132,50,105.1260142
2011-10-17,,663050,1589,3150,0.35674793,,2351,130143.7601,50,55.35676737
2011-10-18,,704350,1655,3743,0.37301134,,2477,203517.4712,50,82.16288704
2011-10-19,,736500,1392,2625,0.31726977,,2031,118240.4216,50,58.21783434
2011-10-20,,774450,1834,3722,0.31880384,,2610,155567.5875,48.8832718,59.60443965
2011-10-21,,816000,1694,3187,0.30560998,,2512,133240.9715,49.85891387,53.04178801
2011-10-22,,852400,1490,2869,0.48536862,,2233,171246.8739,50,76.68915085
2011-10-23,,893800,1593,3156,0.4345,,2390,169772.9213,50,71.03469512
2011-10-24,,923600,1433,2671,0.3391925,,2039,113515.395,47.89233079,55.67209169
2011-10-25,,949750,1256,2407,0.235,,1783,125085.8278,47.29319977,70.15469873
2011-10-26,,978600,1310,4208,0.32474311,,1887,217914.5862,48.09378081,115.4820277
2011-10-27,,999950,946,1877,0.14411365,,1360,88713.08171,47.75118193,65.23020714
2011-10-28,,1022500,1400,2639,0.27403041,,1839,117928.8374,45.74689046,64.12661087
2011-10-29,,1051500,1493,2902,0.69547838,,2102,146949.5336,47.48435717,69.90938803
2011-10-30,,1088300,1741,3202,1.74749645,,2485,228761.8132,47.01391855,92.05706769
2011-10-31,,1121300,1788,3718,0.89063483,,2439,433210.6485,43.96455218,177.618142
2011-11-01,,1165100,1986,3928,2.51761352,,2856,470623.7202,47.80249874,164.7842157
2011-11-02,,1227050,2346,4532,1.55931143,,3587,248629.0116,50,69.31391457
2011-11-03,,1272250,2031,3601,0.30832658,,2933,167309.4322,48.94883834,57.04378869
2011-11-04,,1318800,2130,3948,0.31920688,,3043,180096.102,48.6742545,59.18373381
2011-11-05,,1348450,1578,2811,0.23204635,,2185,121439.4793,48.58521304,55.57870904
2011-11-06,,1379800,1711,2989,0.36261991,,2343,120408.0549,47.08876745,51.39054841
2011-11-07,,1409000,1618,2800,1.34359582,,2192,126015.8882,48.31618896,57.4890001
2011-11-08,,1435700,1724,2987,0.29068562,,2268,142200.9633,47.8286107,62.69883742
2011-11-09,,1462850,1526,2673,0.85864076,,2048,127009.594,48.51056896,62.01640334
2011-11-10,,1489150,1454,2602,0.21656553,,2013,115335.9359,48.065896,57.29554687
2011-11-11,,1518000,2023,3339,1.24118895,,2580,165770.2415,49.99988081,64.25203157
2011-11-12,,1547050,1280,2390,0.18043287,,1876,152785.7754,48.19076736,81.44231099
2011-11-13,,1575000,1580,2869,0.32551137,,2131,153557.4862,49.77989265,72.05888607
2011-11-14,,1604300,1474,2847,0.19345751,,2046,161068.9936,49.75239386,78.72384831
2011-11-15,,1633900,4790,7053,13.35202327,,5415,233777.1694,3.93697581,43.17214577
2011-11-16,,1662350,22123,41071,43.63304254,,22563,537170.8077,0.01847438,23.80759684
2011-11-17,,1693500,15837,25375,46.01667632,,16482,175699.8143,0.0175,10.66010279
2011-11-18,,1724550,11667,11389,34.04790213,,12382,165584.8529,2,13.37302963
2011-11-19,,1754500,2502,3377,82.2742683,,3098,117442.2339,18.83292954,37.90904901
2011-11-20,,1786850,4292,2863,40.0934988,,4850,1845543.128,577,380.5243564
2011-11-21,,1816200,2517,3358,830.6449273,,3203,519306.8138,50,162.1313811
2011-11-22,,1843850,1761,3038,666.7204055,,2288,144812.6546,50,63.29224415
2011-11-23,,1873200,1593,2888,411.4906206,,2183,122076.5275,50,55.92145097
2011-11-24,,1898750,1199,2414,215.8715728,,1733,129206.2059,50,74.55637963
2011-11-25,,1927800,1328,2804,124.0830022,,1898,152954.7285,50,80.58731743
2011-11-26,,1956750,1522,2851,271.5385052,,2087,138892.6913,48.822554,66.55136141
2011-11-27,,1987050,1407,2783,84.13950653,,2015,117264.0885,48.238088,58.19557742
2011-11-28,,2016700,1291,2638,373.3292176,,1893,173459.4259,50,91.63202636
2011-11-29,,2045150,876,2047,25.87847847,,1452,120278.9956,50,82.83677385
2011-11-30,,2081150,1168,2290,24.42914749,,1890,137663.2421,50,72.83769422
2011-12-01,,2116700,1193,2333,33.71452892,,1897,156488.2957,50,82.49251224
2011-12-02,,2153850,1157,2355,37.06045986,,1900,151113.9889,50,79.53367834
2011-12-03,,2192300,1300,2580,20.26967198,,2083,192025.9201,50,92.1871916
2011-12-04,,2224100,969,2072,26.01976075,,1600,158316.5928,50,98.94787052
2011-12-05,,2250450,831,1796,13.58164793,,1366,119233.7353,50,87.28677547
2011-12-06,,2279850,954,3223,32.98467346,,1535,430803.5276,50,280.6537639
2011-12-07,,2308800,931,2009,11.93405502,,1507,148284.0943,50,98.39687745
2011-12-08,,2335600,975,1951,16.90151498,,1526,143249.9707,50,93.87285102
2011-12-09,,2361050,742,1656,17.37761537,,1249,274539.935,50,219.8077942
2011-12-10,,2389600,825,1735,9.05848349,,1392,96336.82794,50,69.20749133
2011-12-11,,2419600,848,1719,18.856275,,1446,110946.7979,50,76.72669285
2011-12-12,,2449450,779,1760,12.61501287,,1374,114987.9171,50,83.68844037
2011-12-13,,2467200,587,1444,9.55095198,,950,128916.6179,50,135.701703
2011-12-14,,2486100,602,1404,11.44962731,,980,67106.34973,50,68.47586707
2011-12-15,,2510300,729,1607,11.8299233,,1199,78715.15821,50,65.65067407
2011-12-16,,2540350,777,1891,13.00872154,,1374,89978.16298,50,65.48629037
2011-12-17,,2569850,669,1715,11.101,,1279,104398.3674,50,81.62499409
2011-12-18,,2601600,791,1942,23.72517357,,1409,160131.6209,50,113.6491277
2011-12-19,,2628550,739,1776,20.83399021,,1285,114720.1399,50,89.27637346
2011-12-20,,2656300,764,1869,15.84788426,,1323,133450.5284,50,100.869636
2011-12-21,,2688350,764,1904,13.61753582,,1409,93092.97347,50,66.07024377
2011-12-22,,2725950,798,2078,11.22117367,,1550,144116.0099,50,92.97807089
2011-12-23,,2745900,812,1740,12.05646144,,1200,107875.8382,50,89.89653183
2011-12-24,,2760050,618,1374,17.65102031,,909,71390.28371,50,78.53716579
2011-12-25,,2773800,588,1302,14.12740322,,869,58478.31514,50,67.29380338
2011-12-26,,2790250,630,1400,15.53059149,,945,65226.87364,50,69.0231467
2011-12-27,,2807450,708,1742,20.93328061,,1063,79043.72129,50,74.35909811
2011-12-28,,2829150,725,1652,20.52103011,,1145,89953.42855,50,78.56194632
2011-12-29,,2889150,1029,2824,22.02293936,,2228,191459.5099,50,85.93335275
2011-12-30,,2938650,928,2589,16.75715331,,1930,160311.8602,50,83.06314
2011-12-31,,2967150,700,1770,7.5239616,,1256,128897.5704,50,102.6254542
2012-01-01,,2995350,641,1683,22.56679206,,1213,153080.2866,50,126.1997416
2012-01-02,,3026950,727,1997,11.52765121,,1350,138869.4034,50,102.8662247
2012-01-03,,3058350,770,1954,13.63043221,,1412,105610.2894,50,74.79482252
2012-01-04,,3090050,725,1974,10.20108677,,1357,114938.8979,50,84.70073535
2012-01-05,,3121600,754,2018,17.96814807,,1391,115324.8787,50,82.90789264
2012-01-06,,3148500,662,1781,16.63352011,,1192,119557.7754,50,100.3001471
2012-01-07,,3170500,587,1515,10.82961503,,1037,58989.17037,50,56.88444587
2012-01-08,,3184450,507,1239,14.11062915,,778,55339.0659,50,71.12990475
2012-01-09,,3194400,427,1073,12.91100001,,629,34773.29439,50,55.28345689
2012-01-10,,3204100,456,1116,18.84997867,,651,100539.1509,50,154.4380198
2012-01-11,,3216350,483,1123,14.13111065,,681,38156.63117,50,56.0302954
2012-01-12,,3244400,779,1840,24.01559806,,1385,122845.0691,50,88.69680082
2012-01-13,,3295450,858,2486,19.10993993,,1889,148170.0155,50,78.43833536
2012-01-14,,3338100,720,2177,13.17380875,,1561,126891.5011,50,81.28859775
2012-01-15,,3354250,452,1307,11.21253811,,779,105029.6546,50,134.8262575
2012-01-16,,3370000,430,1442,13.10878269,,740,64520.89511,50,87.1903988
2012-01-17,,3382900,377,1079,9.91245979,,644,46258.15027,50,71.82942588
2012-01-18,,3394750,359,1090,12.51570555,,597,64089.41607,50,107.3524557
2012-01-19,,3403200,235,837,39.82630074,,402,37172.36735,50,92.46857548
2012-01-20,,3414050,251,892,7.61000001,,465,68008.28067,50,146.254367
2012-01-21,,3425350,283,951,9.62046558,,513,70249.65554,50,136.9388997
2012-01-22,,3445900,378,1278,18.30100288,,793,51940.64781,50,65.49892536
2012-01-23,,3473250,482,1648,14.02808457,,1025,75136.84672,50,73.30424069
2012-01-24,,3495250,437,1451,15.5150221,,878,96761.16525,50,110.2063385
2012-01-25,,3524050,521,1685,15.91050001,,1091,110279.7834,50,101.081378
2012-01-26,,3554100,582,1777,22.22206456,,1190,147568.8719,50,124.0074554
2012-01-27,,3586200,650,2004,20.34240591,,1292,421262.4292,50,326.0545117
2012-01-28,,3631400,797,2417,24.65908859,,1698,169825.532,50,100.0150365
2012-01-29,,3683000,661,2400,14.30670303,,1695,141763.8966,50,83.63651715
2012-01-30,,3731100,616,2257,12.12264691,,1570,205924.3824,50,131.162027
2012-01-31,,3749150,439,1361,10.21234343,,809,96236.98648,50,118.9579561
2012-02-01,,3772850,629,1869,64.85270972,,1099,218955.4312,50,199.2315115
2012-02-02,,3805700,867,2394,83.48048002,,1524,283320.2056,50,185.9056467
2012-02-03,,3842450,934,2430,100.5525201,,1663,185012.6639,50,111.2523535
2012-02-04,,3885650,990,2651,94.63493281,,1859,269024.0265,50,144.7143768
2012-02-05,,3929300,1056,2710,94.12312636,,1922,192445.9703,50,100.1279762
2012-02-06,,3959100,869,2295,66.92184708,,1470,166670.6802,50,113.3814151
2012-02-07,,3989800,1003,2411,81.44913473,,1617,135806.502,50,83.98670502
2012-02-08,,4021000,1037,2450,57.91987072,,1661,261448.6719,50,157.404378
2012-02-09,,4049350,936,2319,25.88164142,,1502,167797.4785,50,111.7160309
2012-02-10,,4076250,814,2189,16.96137936,,1362,127141.1197,50,93.34883972
2012-02-11,,4107450,870,2240,21.44994742,,1493,142871.7973,50,95.69443892
2012-02-12,,4137850,795,2256,19.29326914,,1398,160165.0363,50,114.5672649
2012-02-13,,4168700,730,2071,16.2450646,,1350,144841.1037,50,107.2897064
2012-02-14,,4198650,780,2058,16.89264325,,1380,215171.0197,50,155.9210288
2012-02-15,,4229450,602,1849,16.0228549,,1215,138243.7699,50,113.7808806
2012-02-16,,4257950,768,2078,23.0220445,,1338,137729.104,50,102.9365501
2012-02-17,,4287400,735,1981,17.16376636,,1325,139659.913,50,105.4037079
2012-02-18,,4317800,717,1991,11.54652951,,1327,109866.86,50,82.79341371
2012-02-19,,4349000,775,2042,22.94473283,,1398,110754.8443,50,79.2237799
2012-02-20,,4377450,798,1978,15.71970211,,1369,463386.3671,50,338.4852937
2012-02-21,,4409050,790,2111,19.54680986,,1408,280300.0618,50,199.0767484
2012-02-22,,4438250,702,1908,13.86451179,,1288,142315.9996,50,110.4937885
2012-02-23,,4470150,722,2428,36.71084159,,1367,1080381.516,50,790.3302971
2012-02-24,,4495050,591,1692,14.73866965,,1090,60453.28268,50,55.46172723
2012-02-25,,4522300,492,1772,35.25797529,,1040,235729.4577,50,226.6629401
2012-02-26,,4552750,498,1656,11.25886727,,1109,99624.62427,50,89.83284424
2012-02-27,,4574350,467,1449,18.8545352,,895,77161.57294,50,86.21404797
2012-02-28,,4598400,488,1502,23.47252559,,968,65783.27349,50,67.95792716
2012-02-29,,4617500,494,1473,34.01717299,,878,155513.7651,50,177.1227393
2012-03-01,,4641950,643,1711,23.5126838,,1130,103979.5218,50,92.01727592
2012-03-02,,4679600,857,2192,22.64773087,,1609,106546.0592,50,66.21880623
2012-03-03,,4727950,901,2294,16.47646825,,1867,134039.9528,50,71.79429716
2012-03-04,,4765100,605,1634,12.26031569,,1354,149913.5159,50,110.7189925
2012-03-05,,4789100,420,1333,8.71104368,,894,63987.62827,50,71.57452826
2012-03-06,,4812450,463,1442,24.95629201,,935,73439.71362,50,78.54514825
2012-03-07,,4829250,518,1372,16.34732981,,847,117801.7422,50,139.0811596
2012-03-08,,4849750,469,1403,35.65484132,,883,146956.3485,50,166.4284807
2012-03-09,,4869650,486,1541,12.0426743,,888,102396.8017,50,115.3117137
2012-03-10,,4888050,445,1422,15.7035002,,805,69645.63086,50,86.51631162
2012-03-11,,4910200,513,1563,15.7678795,,962,68858.90175,50,71.57889994
2012-03-12,,4930850,452,1522,30.73891745,,868,52919.03428,50,60.96662935
2012-03-13,,4963450,586,1914,25.94487191,,1235,149895.4949,50,121.3728703
2012-03-14,,5001350,748,2334,20.42437618,,1506,96265.6408,50,63.92140823
2012-03-15,,5034500,1028,2832,32.34100001,,1694,514680.2332,50,303.8254033
2012-03-16,,5064600,512,1674,21.52293307,,1108,198149.9786,50,178.8357207
2012-03-17,,5092750,444,1548,11.801572,,1005,105398.3894,50,104.8740193
2012-03-18,,5125300,578,1857,22.3703463,,1236,160075.0505,50,129.5105586
2012-03-19,,5161450,708,2185,21.26676244,,1426,263699.9455,50,184.9228229
2012-03-20,,5196500,673,1954,21.95193127,,1373,144071.4771,50,104.9318842
2012-03-21,,5232350,710,2092,24.55050002,,1425,146122.0872,50,102.5418156
2012-03-22,,5260850,576,1744,23.97860417,,1148,162104.7652,50,141.2062415
2012-03-23,,5286500,746,1799,11.16989508,,1262,329664.5664,50,261.2239037
2012-03-24,,5311950,514,1518,14.63142358,,1025,176118.0559,50,171.8224935
2012-03-25,,5335300,508,1492,23.547,,977,99491.44458,50,101.8336178
2012-03-26,,5362850,558,1581,20.43,,1102,87405.07479,50,79.31494989
2012-03-27,,5391850,635,1901,35.12001817,,1222,187126.9534,50,153.1317131
2012-03-28,,5421700,574,1725,14.20156327,,1170,83598.82709,50,71.45198896
2012-03-29,,5453450,519,1752,17.51195288,,1153,209278.8853,50,181.5081398
2012-03-30,,5482950,544,1893,25.59600008,,1135,164164.7057,50,144.6385072
2012-03-31,,5511200,502,1658,17.91150001,,1066,139898.7394,50,131.2370913
2012-04-01,,5540250,554,1845,26.91800044,,1130,126679.3513,50,112.1056206
2012-04-02,,5567350,496,1621,14.81100002,,1045,206630.9673,50,197.7329831
2012-04-03,,5594450,472,1522,12.52344945,,1006,69423.32722,50,69.00927159
2012-04-04,,5619800,511,1742,16.4131428,,1024,553613.311,50,540.637999
2012-04-05,,5643650,500,1541,18.01940199,,973,81418.09418,50,83.67738353
2012-04-06,,5671600,560,1663,24.91779695,,1116,70683.20943,50,63.33620916
2012-04-07,,5702350,479,1597,15.10634851,,1100,88019.43599,50,80.01766908
2012-04-08,,5733750,544,1686,20.71113609,,1174,82084.79297,50,69.91890372
2012-04-09,,5764750,466,1682,13.51,,1082,80213.68283,50,74.13464217
2012-04-10,,5797750,609,1917,29.9800374,,1266,107368.6751,50,84.80938004
2012-04-11,,5824000,561,1709,26.33826296,,1087,149672.3302,50,137.693036
2012-04-12,,5852750,535,1806,24.06272599,,1106,141200.901,50,127.6680841
2012-04-13,,5881450,576,1723,28.35847806,,1156,126654.2025,50,109.5624589
2012-04-14,,5909000,522,1853,26.01275456,,1070,212004.1286,50,198.1346996
2012-04-15,,5936400,474,1539,18.82834523,,1026,112283.4517,50,109.4380621
2012-04-16,,5965400,520,1635,27.0620728,,1097,118239.297,50,107.784227
2012-04-17,,5993150,521,1540,24.0228136,,1077,128076.7931,50,118.9199564
2012-04-18,,6020850,536,1649,20.72721547,,1083,155174.0309,50,143.2816537
2012-04-19,,6047950,481,1493,17.72728482,,1028,90969.1068,50,88.49134902
2012-04-20,,6074900,438,1443,12.31231338,,982,182514.2715,50,185.8597469
2012-04-21,,6100250,352,1374,15.27905922,,861,61765.58999,50,71.73703831
2012-04-22,,6127050,420,1532,12.6113969,,948,100603.5887,50,106.121929
2012-04-23,,6154500,460,1579,20.7697856,,1013,110503.1924,50,109.0850863
2012-04-24,,6186350,489,1679,47.3,,1116,103891.2633,50,93.09252981
2012-04-25,,6210900,453,1556,14.2232034,,947,86794.94425,50,91.65252825
2012-04-26,,6233850,488,1661,21.80734266,,949,101112.5613,50,106.5464292
2012-04-27,,6257850,476,1451,21.51846159,,962,61032.0396,50,63.4428686
2012-04-28,,6282350,487,1491,17.72441753,,979,59991.93569,50,61.27879028
2012-04-29,,6309200,496,1572,18.10842549,,1028,65531.40711,50,63.74650497
2012-04-30,,6339050,548,1982,17.70148146,,1149,151482.8119,50,131.8388267
2012-05-01,,6371750,555,2097,27.30787027,,1210,185948.8708,50,153.6767527
2012-05-02,,6401350,553,2095,53.5042181,,1146,255865.7819,50,223.2685705
2012-05-03,,6429700,525,1751,42.40076668,,1087,120234.5377,50,110.6113502
2012-05-04,,6453100,396,1481,17.1015402,,865,156970.7958,50,181.4691281
2012-05-05,,6476050,411,1567,11.20783645,,873,107029.2241,50,122.5993404
2012-05-06,,6504200,424,1458,15.7,,985,58910.30324,50,59.80741445
2012-05-07,,6530900,497,1605,16.93142246,,1029,97356.76216,50,94.61298557
2012-05-08,,6560600,503,1685,17.86230253,,1102,71827.04773,50,65.17880919
2012-05-09,,6588800,532,1740,17.65295992,,1096,127309.6129,50,116.1584059
2012-05-10,,6617350,519,1727,17.53052258,,1078,147933.6076,50,137.2296917
2012-05-11,,6646450,511,1659,26.52673359,,1103,65696.25521,50,59.56142811
2012-05-12,,6674450,459,1542,11.76177518,,1020,75445.38381,50,73.96606255
2012-05-13,,6703450,500,1691,18.94937309,,1082,79322.6413,50,73.31112874
2012-05-14,,6734000,548,1916,17.10155585,,1159,222652.9319,50,192.1077928
2012-05-15,,6760050,491,1769,15.7,,1009,104340.6539,50,103.4099642
2012-05-16,,6785150,503,1583,20.01,,1007,119524.5606,50,118.6937047
2012-05-17,,6810200,601,1734,25.7005,,1101,87661.80252,50,79.62016577
2012-05-18,,6832850,594,1616,34.01491855,,1048,170094.1562,50,162.3035841
2012-05-19,,6858600,552,1601,20.92500005,,1053,57522.86162,50,54.62759887
2012-05-20,,6888900,644,1854,23.2,,1263,99192.71391,50,78.53738235
2012-05-21,,6919750,725,2069,31.88169005,,1321,132032.1207,50,99.9486152
2012-05-22,,6951550,648,2026,26.341,,1298,85672.09565,50,66.00315535
2012-05-23,,6981600,681,1966,38.1701364,,1287,123913.8569,50,96.28116307
2012-05-24,,7014700,683,1933,34.76469622,,1336,75944.17169,50,56.84443988
2012-05-25,,7049000,766,2146,33.5,,1460,92533.88107,50,63.37937059
2012-05-26,,7076750,635,1825,25.12250996,,1195,79271.12167,50,66.33566666
2012-05-27,,7100750,663,1770,30.75434209,,1138,82198.43152,50,72.23060766
2012-05-28,,7126900,691,1935,37.44000007,,1207,153979.9928,50,127.5724878
2012-05-29,,7151450,680,1768,38.46314648,,1174,116914.3272,50,99.58630936
2012-05-30,,7180450,591,1844,31.01104993,,1176,75172.61307,50,63.92229002
2012-05-31,,7208950,626,1847,59.8315,,1198,112798.01,50,94.15526714
2012-06-01,,7236300,436,1650,17.60857369,,981,78617.17049,50,80.1398272
2012-06-02,,7266000,601,1908,78.61032276,,1196,128950.2669,50,107.8179489
2012-06-03,,7293850,605,1639,28.7205021,,1165,93256.11413,50,80.04816663
2012-06-04,,7321900,548,1711,69.01200006,,1108,110064.8493,50,99.33650657
2012-06-05,,7354150,587,2106,42.49251519,,1232,194253.4072,50,157.6732202
2012-06-06,,7386500,605,2032,39.32186798,,1242,124234.8548,50,100.0280634
2012-06-07,,7414100,510,1655,19.33933359,,1071,74788.75483,50,69.83077014
2012-06-08,,7443850,599,2025,20.30277776,,1190,122294.5583,50,102.7685363
2012-06-09,,7476050,610,1804,24.50602619,,1254,90186.62096,50,71.91915546
2012-06-10,,7503550,580,1904,25.03200454,,1134,92437.02977,50,81.5141356
2012-06-11,,7531000,583,1826,25.81515475,,1129,103941.0367,50,92.06469154
2012-06-12,,7560500,568,1678,35.2207684,,1159,138374.9519,50,119.3916755
2012-06-13,,7590750,633,2056,36.90533292,,1236,134557.6049,50,108.8653761
2012-06-14,,7620200,616,1770,23.32948299,,1205,75081.07513,50,62.30794616
2012-06-15,,7651750,687,2045,130.1781102,,1320,206525.3152,50,156.4585721
2012-06-16,,7680550,549,1721,32.6005,,1127,77436.34746,50,68.71015746
2012-06-17,,7708450,522,1657,20.8,,1082,119412.4838,50,110.3627391
2012-06-18,,7737650,564,1734,21.21080896,,1142,107480.937,50,94.11640716
2012-06-19,,7763950,561,1674,23.50000003,,1091,155787.8637,50,142.7936422
2012-06-20,,7790200,598,1710,22.9304,,1124,96102.2624,50,85.50023345
2012-06-21,,7820050,614,1735,27.34462051,,1206,89545.42763,50,74.24993999
2012-06-22,,7853100,725,2318,45.00342721,,1389,240725.9039,50,173.3087861
2012-06-23,,7887350,663,2359,27.86627318,,1350,319259.5136,50,236.4885286
2012-06-24,,7927500,673,2084,122.3157765,,1477,268726.0816,50,181.940475
2012-06-25,,7969600,765,2684,50.64545758,,1595,699926.8505,50,438.8256116
2012-06-26,,8001350,648,2193,24.16702,,1281,206811.6231,50,161.4454513
2012-06-27,,8032150,658,1866,39.5685676,,1285,148408.0306,50,115.4926308
2012-06-28,,8068200,671,2183,24.51025727,,1389,155653.5824,50,112.0616144
2012-06-29,,8100800,551,2080,25.93507866,,1209,134720.9545,50,111.4317241
2012-06-30,,8131850,471,1651,62.72881211,,1083,103072.796,50,95.17340347
2012-07-01,,8164500,630,2003,33.5150003,,1291,172913.5062,50,133.93765
2012-07-02,,8194700,567,1951,17.6297476,,1165,194398.8158,50,166.8659363
2012-07-03,,8226950,863,2408,57.24991165,,1513,533651.3167,50,352.7107182
2012-07-04,,8264900,882,2607,78.2652343,,1642,2363704.726,50,1439.527848
2012-07-05,,8301600,774,2283,96.18027662,,1507,442071.2851,50,293.3452456
2012-07-06,,8342400,735,2418,75.76875906,,1552,217236.1071,50,139.9717185
2012-07-07,,8384150,913,2794,64.07468963,,1748,264378.9975,50,151.2465661
2012-07-08,,8433850,1196,3722,166.242836,,2185,878155.1991,50,401.9016929
2012-07-09,,8480150,1149,3676,73.60038211,,2077,653219.7557,50,314.5015675
2012-07-10,,8510800,887,2532,50.52312785,,1498,374877.8961,50,250.2522671
2012-07-11,,8540800,678,2114,29.02169023,,1279,361348.7644,50,282.5244444
2012-07-12,,8567600,646,1898,26.95800574,,1174,120654.3439,50,102.7720135
2012-07-13,,8593500,688,2052,39.35089038,,1215,297368.9189,50,244.7480814
2012-07-14,,8623450,697,2104,32.56015061,,1295,130784.4381,50,100.9918441
2012-07-15,,8655850,770,2261,36.26755582,,1422,230573.0451,50,162.1470078
2012-07-16,,8685350,997,2719,105.3512324,,1579,227991.2228,50,144.3896281
2012-07-17,,8718300,1141,3017,69.12455894,,1803,323188.7544,50,179.250557
2012-07-18,,8751150,944,2626,38.672998,,1604,375125.0384,50,233.8684778
2012-07-19,,8782200,957,2606,42.58259189,,1578,282165.4783,50,178.8120902
2012-07-20,,8812450,869,2355,49.20917839,,1465,250701.4569,50,171.1272744
2012-07-21,,8844800,794,2195,37.06726502,,1445,206579.9496,50,142.9619028
2012-07-22,,8874300,685,2078,32.55118777,,1275,138539.1995,50,108.6581957
2012-07-23,,8906350,1010,2863,56.60869348,,1653,234830.9323,50,142.0634799
2012-07-24,,8941150,1152,2695,70.61512549,,1852,186406.7145,50,100.6515737
2012-07-25,,8975100,1051,2992,60.62001439,,1728,291578.8205,50,168.7377433
2012-07-26,,9001500,685,2510,34.2905319,,1210,252012.5986,50,208.2748749
2012-07-27,,9034300,1033,2851,49.35599465,,1692,332201.9824,50,196.336869
2012-07-28,,9066700,849,2422,46.73070976,,1493,187929.5227,50,125.8737593
2012-07-29,,9099650,994,2712,53.13193215,,1656,273353.1131,50,165.068305
2012-07-30,,9137000,961,2707,82.25148274,,1710,570708.4816,50,333.74765
2012-07-31,,9167450,1457,4802,516.6871872,,2051,1004427.726,50,489.7258536
2012-08-01,,9197600,1736,3581,110.0798196,,2338,366752.4959,47.0048747,156.8659093
2012-08-02,,9228750,1254,3094,78.80400204,,1886,538636.6291,50,285.5973643
2012-08-03,,9257200,926,2463,46.37527401,,1501,962542.6854,50,641.2676118
2012-08-04,,9283750,1037,3172,186.6922492,,1559,2234117.636,50,1433.045309
2012-08-05,,9308300,1341,3709,141.140265,,1838,1414497.483,39.28719845,769.5851378
2012-08-06,,9332450,709,2314,41.32754044,,1194,537046.975,50,449.7880863
2012-08-07,,9354750,607,1841,31.60340042,,1052,286732.9298,50,272.5598192
2012-08-08,,9380600,767,2329,41.07924355,,1270,313679.9969,50,246.9921236
2012-08-09,,9409600,740,2405,41.1940043,,1328,102791.9949,50,77.40361058
2012-08-10,,9437600,611,2232,35.5764529,,1176,305893.9096,50,260.1138687
2012-08-11,,9467050,675,2157,28.54792863,,1269,171173.8944,50,134.8888057
2012-08-12,,9496350,1064,2727,81.9245,,1643,367870.9277,50,223.9019645
2012-08-13,,9525250,738,2255,34.97171264,,1324,871385.217,50,658.1459343
2012-08-14,,9554400,643,2089,33.95085091,,1220,953821.4509,50,781.8208614
2012-08-15,,9585150,826,2375,45.9755548,,1448,477326.3632,50,329.6452784
2012-08-16,,9611850,950,2454,46.84314732,,1480,2064014.774,50,1394.604577
2012-08-17,,9639350,688,2335,29.12550087,,1232,606798.7893,50,492.5314848
2012-08-18,,9664550,612,1946,24.35636882,,1120,312772.8611,50,279.2614831
2012-08-19,,9692550,1097,2648,70.11201346,,1656,568385.2002,49.9995,343.2277779
2012-08-20,,9722900,832,2608,40.21430017,,1446,265417.3906,50,183.5528289
2012-08-21,,9751750,833,2368,42.25632746,,1401,129563.2505,50,92.47912244
2012-08-22,,9775450,654,1876,40.06367618,,1134,156115.0885,50,137.6676265
2012-08-23,,9804550,637,2146,36.32264036,,1212,1343670.697,50,1108.639189
2012-08-24,,9834200,655,2322,31.82338095,,1257,457426.2239,50,363.9031217
2012-08-25,,9866600,1211,2768,130.8131859,,1860,144463.0243,50,77.66829261
2012-08-26,,9896250,717,2154,65.77600403,,1299,432219.8069,50,332.7327228
2012-08-27,,9924300,1220,3170,83.3363476,,1786,204334.6686,45.67122317,114.4091089
2012-08-28,,9950750,762,2280,41.87256121,,1287,160726.4765,50,124.8845971
2012-08-29,,9982050,1039,2583,69.01315408,,1674,214832.7507,50,128.3349765
2012-08-30,,10011350,990,2665,62.80115813,,1563,185993.56,50,118.9977991
2012-08-31,,10040450,963,2520,46.76290137,,1547,295073.7056,50,190.7393055
2012-09-01,,10072250,1156,2607,84.49567477,,1767,225884.9719,50,127.8352982
2012-09-02,,10102350,3519,5472,523.554145,,4117,273679.6277,14,66.47549859
2012-09-03,,10129800,3335,5162,370.2864169,,3866,214490.5582,15.9,55.48126183
2012-09-04,,10158350,3322,4591,286.5783626,,3946,130298.1053,7.855001,33.02030038
2012-09-05,,10185450,2954,4954,344.8560154,,3491,600170.2012,50,171.9192785
2012-09-06,,10221000,1221,3146,98.13675344,,1942,111507.6488,50,57.41897467
2012-09-07,,10249300,705,2130,33.414266,,1255,160582.3771,50,127.9540853
2012-09-08,,10278650,1278,3061,228.5363743,,1869,166368.5849,50,89.01475919
2012-09-09,,10307550,2384,3422,209.1824222,,2973,180456.6721,37.71899464,60.69851063
2012-09-10,,10334300,2274,4303,196.0313704,,2717,169285.8909,28.15645362,62.30617994
2012-09-11,,10360700,2116,3491,169.2769158,,2713,157940.1288,35.0100069,58.21604451
2012-09-12,,10390350,1504,2918,100.8716021,,2088,119712.498,49.9,57.33357185
2012-09-13,,10417700,1451,3156,106.702711,,2013,442401.3791,50,219.7721704
2012-09-14,,10444400,1960,2926,167.0495044,,2456,388524.7942,48.02094994,158.1941345
2012-09-15,,10472000,2425,3611,218.69811,,2996,517606.8711,40.95217834,172.7659783
2012-09-16,,10499800,1400,3050,125.5500349,,1984,261876.3392,50,131.9941226
2012-09-17,,10529350,1439,3063,107.3633461,,2035,248849.9282,47.69614069,122.284977
2012-09-18,,10559600,784,2467,36.19719834,,1387,221031.3999,50,159.3593366
2012-09-19,,10589850,2643,4155,231.2947391,,3250,881677.1421,39.86628766,271.2852745
2012-09-20,,10621700,979,2632,47.50342119,,1610,118357.8662,50,73.51420263
2012-09-21,,10653600,1294,2902,81.56348403,,1941,179086.584,50,92.26511284
2012-09-22,,10684950,974,2620,57.29711084,,1595,582301.3802,50,365.0792352
2012-09-23,,10716400,1136,2731,60.92715038,,1764,196590.9295,50,111.4461051
2012-09-24,,10748150,1077,3514,101.5534531,,1716,235813.0628,50,137.4201997
2012-09-25,,10783150,916,2836,96.43080701,,1616,372872.7497,50,230.7380877
2012-09-26,,10812400,1089,2758,72.9921638,,1673,306522.0448,50,183.2170023
2012-09-27,,10838150,753,2401,36.85897634,,1269,562755.0696,50,443.4634118
2012-09-28,,10870150,1015,3122,61.0026475,,1625,541206.3159,50,333.0500406
2012-09-29,,10899250,877,2485,39.61800006,,1492,645004.0037,50,432.3083135
2012-09-30,,10929200,959,2693,53.84530619,,1554,385561.3638,50,248.1089857
2012-10-01,,10959150,856,2719,41.7273285,,1451,507854.8232,50,350.003324
2012-10-02,,10989850,1045,2813,58.56481736,,1665,431544.3408,50,259.1857903
2012-10-03,,11021000,987,2754,165.4503716,,1611,767643.3691,50,476.5011602
2012-10-04,,11055000,782,2468,28.07115734,,1455,587266.2006,50,403.6193819
2012-10-05,,11088350,1031,3112,58.81099167,,1689,271470.2568,50,160.7283936
2012-10-06,,11116950,1175,2669,75.49574793,,1758,491178.1432,50,279.3959859
2012-10-07,,11146350,1057,2855,71.64316603,,1651,1618187.527,50,980.1256978
2012-10-08,,11174900,1059,2859,69.99513833,,1624,642439.1873,50,395.5906326
2012-10-09,,11206750,1538,3570,130.4307486,,2178,856232.6225,47.82712003,393.1279259
2012-10-10,,11240900,1451,3261,92.94334502,,2123,485784.7596,50,228.8199527
2012-10-11,,11275150,1279,3079,76.74110228,,1940,537910.5043,50,277.2734558
2012-10-12,,11315050,1757,4500,162.9465654,,2589,882669.3248,50,340.9306005
2012-10-13,,11355700,1413,3452,83.22958135,,2219,764449.7323,50,344.5019073
2012-10-14,,11395450,1725,3883,132.5751126,,2531,365036.8343,50,144.2263272
2012-10-15,,11424700,2458,4799,246.8505181,,2950,352584.8942,26.06957572,119.5203031
2012-10-16,,11453500,2486,4563,249.6704974,,3147,360943.3275,39.88132076,114.6944161
2012-10-17,,11479350,1438,3268,109.9044853,,1862,528282.3753,50,283.7177096
2012-10-18,,11505350,1320,3893,100.0675897,,1937,311124.6439,50,160.6219122
2012-10-19,,11529350,1193,2858,91.30118804,,1670,224673.0265,50,134.5347464
2012-10-20,,11551200,1009,2619,69.74246133,,1454,544388.7778,50,374.4076876
2012-10-21,,11575700,1166,2808,94.9490061,,1651,435866.0262,50,264.0012272
2012-10-22,,11604000,1256,3514,96.22085828,,1820,204986.0409,50,112.6296928
2012-10-23,,11641650,1890,3929,126.0082386,,2626,321675.6522,50,122.4964403
2012-10-24,,11678300,1310,3495,84.56988719,,2054,244585.4942,50,119.0776505
2012-10-25,,11707300,984,2902,50.16201582,,1567,236750.348,50,151.0850977
2012-10-26,,11730400,1062,2821,82.59657027,,1528,701403.8849,50,459.0339561
2012-10-27,,11757000,1056,2660,65.80889714,,1561,536839.6134,50,343.9075038
2012-10-28,,11780750,921,2299,57.98271088,,1422,287429.9464,50,202.130764
2012-10-29,,11808300,1127,3236,77.55846469,,1628,385231.1867,50,236.6284931
2012-10-30,,11840500,1085,2776,62.454,,1772,341071.0497,50,192.478019
2012-10-31,,11873350,1072,2779,66.13296549,,1729,1301712.645,50,752.87024
2012-11-01,,11904650,1099,2839,66.13918015,,1726,754858.523,50,437.3456101
2012-11-02,,11935950,1039,2714,42.40378663,,1668,373350.5777,50,223.8312816
2012-11-03,,11971700,1627,3554,98.36090719,,2338,412572.0543,50,176.4636674
2012-11-04,,12004800,1176,2995,64.03424002,,1832,519953.348,50,283.8173297
2012-11-05,,12034000,1142,3451,82.04767636,,1727,643342.9792,50,372.5205439
2012-11-06,,12058600,921,2513,38.97654946,,1423,446848.821,50,314.0188482
2012-11-07,,12083400,1069,2999,52.86426888,,1554,182420.3823,50,117.3876334
2012-11-08,,12105700,871,2292,49.36901455,,1301,114991.2174,50,88.38679279
2012-11-09,,12129600,870,2334,37.19250801,,1351,172084.0017,50,127.3752788
2012-11-10,,12152200,1004,2466,55.81486902,,1484,265569.368,50,178.9550997
2012-11-11,,12176750,1011,2591,60.50220756,,1492,201534.7756,50,135.0769273
2012-11-12,,12199450,1002,2602,53.50157225,,1448,532724.3773,50,367.9035755
2012-11-13,,12232450,1129,3185,52.22382608,,1797,597795.1302,50,332.6628437
2012-11-14,,12264600,1059,2756,43.35965924,,1680,149856.0105,50,89.20000622
2012-11-15,,12299400,1088,3524,56.2630421,,1792,188908.7077,50,105.4178056
2012-11-16,,12326300,1173,2999,72.50284664,,1704,184406.6995,50,108.2198941
2012-11-17,,12350400,913,3380,52.6266017,,1420,192188.3743,50,135.3439256
2012-11-18,,12374550,776,2215,32.21032497,,1253,97247.79165,50,77.6119646
2012-11-19,,12398000,822,2579,37.52550975,,1297,174119.711,50,134.2480424
2012-11-20,,12424650,921,2583,42.09939448,,1451,171955.2516,50,118.508099
2012-11-21,,12451500,999,2747,48.20249909,,1526,143024.2789,50,93.72495342
2012-11-22,,12479100,1231,2890,59.76300305,,1795,160782.4734,50,89.57240858
2012-11-23,,12507150,954,2600,57.55127027,,1507,216681.098,50,143.7830776
2012-11-24,,12539450,1269,3014,57.96391343,,1920,184016.1252,50,95.84173188
2012-11-25,,12573350,1136,3234,58.5777364,,1819,391271.2392,50,215.1023855
2012-11-26,,12606250,1063,2807,69.36822577,,1724,144595.6188,50,83.8721687
2012-11-27,,12635550,958,2778,36.50435817,,1538,329672.0286,50,214.3511239
2012-11-28,,12670700,1112,2983,46.94084514,,1805,259707.709,50,143.8823873
2012-11-29,,12721850,1713,4120,68.362498,,2725,520450.6635,50,190.9910691
2012-11-30,,12773700,1610,4011,76.64175112,,2659,338594.0073,50,127.3388519
2012-12-01,,12812100,1404,3472,75.22561164,,2182,283927.3123,50,130.1225079
2012-12-02,,12831150,768,2065,49.38704059,,1152,177839.1701,50,154.3742796
2012-12-03,,12843850,636,1605,47.32750112,,892,260956.5457,50,292.5521812
2012-12-04,,12861200,777,2002,41.02055804,,1125,142847.5275,50,126.97558
2012-12-05,,12877399.9,688,2928,59.31300152,,1017,245322.9397,50,241.2221629
2012-12-06,,12894949.9,603,1689,25.78265021,,954,274200.8053,50,287.4222277
2012-12-07,,12929699.9,987,2546,43.07298131,,1660,164309.6824,50,98.98173639
2012-12-08,,12974899.6,1625,3684,70.59876181,,2534,248656.1707,50,98.12792843
2012-12-09,,13012749.6,2275,4492,141.2393314,,3015,399403.3101,39.58856254,132.4720763
2012-12-10,,13029449.6,1254,3013,91.504653,,1608,325548.6632,41.6600446,202.4556363
2012-12-11,,13046049.6,620,2198,32.43144072,,955,122928.4231,50,128.7208619
2012-12-12,,13062999.6,639,1789,35.65108239,,985,104273.4893,50,105.8614105
2012-12-13,,13079949.6,666,1877,34.38786585,,1005,214991.3236,50,213.921715
2012-12-14,,13097874.6,847,2185,61.76663522,,1205,115484.5416,50,95.83779386
2012-12-15,,13132174.3,1077,2771,53.69679113,,1754,134503.4636,50,76.68384468
2012-12-16,,13183524.1,1383,3503,49.56449922,,2403,210991.1836,50,87.8032391
2012-12-17,,13215524.1,1073,2865,46.610962,,1730,199760.3399,50,115.4684046
2012-12-18,,13234074.1,685,1871,32.07463,,1057,214014.3017,50,202.4733223
2012-12-19,,13253124.1,607,1778,35.49181855,,972,205299.9285,50,211.2139182
2012-12-20,,13272124.1,805,1977,41.46100005,,1191,209228.5877,50,175.6747168
2012-12-21,,13290574,820,2277,50.97759172,,1189,225288.4555,50,189.4772545
2012-12-22,,13312973.9,689,2179,34.72281184,,1138,233484.3728,50,205.1708021
2012-12-23,,13355073.6,1145,3040,47.25534806,,1984,181910.1746,50,91.68859604
2012-12-24,,13396123.5,1132,3096,35.35537235,,1952,239879.0314,50,122.888848
2012-12-25,,13424973.5,905,2350,40.07016828,,1480,114882.9099,50,77.62358773
2012-12-26,,13447673.5,668,2037,33.65217174,,1131,363488.5372,50,321.3868587
2012-12-27,,13467123.5,673,1898,55.83232602,,1043,321656.5503,50,308.395542
2012-12-28,,13488723.5,561,1634,24.28424389,,1009,216439.9122,50,214.5093282
2012-12-29,,13511723.5,590,1766,27.73028948,,1048,89429.22009,50,85.33322527
2012-12-30,,13544273.5,780,2243,41.05988729,,1426,176421.6096,50,123.7178188
2012-12-31,,13576923.5,803,2279,35.90400758,,1460,653378.0265,50,447.5191962
2013-01-01,,13609623.5,627,2206,25.68434385,,1289,140151.0739,50,108.728529
2013-01-02,,13634473.5,586,1822,20.49973633,,1087,89950.44841,50,82.75110249
2013-01-03,,13657923.4,625,2121,45.22535141,,1089,194756.9445,50,178.8401694
2013-01-04,,13682123.3,583,1871,27.67001559,,1057,117924.0599,50,111.5648627
2013-01-05,,13699923.3,667,1848,57.05819656,,1035,94347.01317,50,91.15653446
2013-01-06,,13722773.3,1015,2464,57.59708407,,1463,217655.2351,50,148.7732297
2013-01-07,,13755423.3,994,2618,38.81051892,,1643,193442.4301,50,117.7373281
2013-01-08,,13787173.3,884,2402,59.26050001,,1496,214206.6525,50,143.186265
2013-01-09,,13818673.3,928,2612,44.21727024,,1582,198327.1065,50,125.3647955
2013-01-10,,13843023.3,1042,2693,56.28618692,,1534,175587.6811,50,114.4639381
2013-01-11,,13865073.2,974,2569,155.2609497,,1415,269020.9411,50,190.1208064
2013-01-12,,13888273.2,820,2152,48.45093295,,1288,166662.5863,50,129.3964179
2013-01-13,,13911523.2,774,2446,77.79433212,,1221,147852.5017,50,121.09132
2013-01-14,,13945973.1,1233,2865,64.59811694,,1937,511311.2789,50,263.970717
2013-01-15,,13979073.1,975,2637,36.18332723,,1641,285772.631,50,174.145418
2013-01-16,,14011873,914,2398,46.04336906,,1566,151417.5246,50,96.69062873
2013-01-17,,14036073,774,2194,42.74921956,,1258,164136.5748,50,130.4742248
2013-01-18,,14057673,626,1960,33.02284699,,1065,375782.3537,50,352.8472805
2013-01-19,,14075872.9,817,1975,53.4614823,,1158,175750.3501,50,151.7705959
2013-01-20,,14095522.8,1145,2295,63.26366853,,1559,228074.3483,48.85260914,146.2952843
2013-01-21,,14115972.8,719,2009,67.72512626,,1113,152800.7538,50,137.28729
2013-01-22,,14147122.7,1216,2847,75.31026892,,1841,202259.41,50,109.8638838
2013-01-23,,14178922.5,1354,3264,79.40174277,,1996,190616.8671,50,95.49943241
2013-01-24,,14206722.3,1358,2948,76.49172495,,1904,172256.3307,50,90.47076192
2013-01-25,,14236622.2,1703,3885,113.2930911,,2308,192362.0528,41.18965742,83.34577679
2013-01-26,,14263722.2,1025,2579,42.51421751,,1573,128690.3956,50,81.81207605
2013-01-27,,14292172,1035,2647,44.7632372,,1606,151753.698,50,94.49171731
2013-01-28,,14319121.9,951,3526,72.35425465,,1479,211571.0638,50,143.0500769
2013-01-29,,14346571.9,1006,2713,43.15568564,,1562,185810.2206,50,118.9566073
2013-01-30,,14373071.8,1255,2896,93.56618423,,1791,151346.7347,50,84.50403945
2013-01-31,,14400771.7,984,2732,48.22667494,,1520,257988.6257,50,169.729359
2013-02-01,,14428821.7,847,2419,34.96369989,,1416,235769.1319,50,166.5036242
2013-02-02,,14460421.7,957,2521,61.8249672,,1589,145390.023,50,91.49781183
2013-02-03,,14490321.7,882,2498,41.32180351,,1479,121782.5493,50,82.34114221
2013-02-04,,14522021.7,1009,2780,50.2209932,,1649,152050.04,50,92.20742268
2013-02-05,,14549771.7,937,2520,51.25580831,,1492,200355.3964,50,134.2864587
2013-02-06,,14578971.7,1024,2676,50.54277212,,1608,249696.6448,50,155.283983
2013-02-07,,14608171.3,1423,3201,91.11835513,,1995,241380.6933,50,120.9928287
2013-02-08,,14638321.2,1254,3653,83.77851726,,1866,307815.3435,50,164.9599912
2013-02-09,,14667321.2,2003,3763,157.650794,,2588,381137.8834,48.86367219,147.2712069
2013-02-10,,14695871.1,1798,3663,123.4465897,,2371,319767.245,41.70000017,134.8659827
2013-02-11,,14723521.1,2065,3664,140.4365937,,2605,198388.1251,29.9,76.15666988
2013-02-12,,14748021.06,1210,3019,62.57138954,,1711,324069.6484,50,189.4036519
2013-02-13,,14770921.06,1214,2769,62.82961501,,1643,229454.229,49.99121201,139.6556476
2013-02-14,,14791921.06,1463,3032,106.4694643,,1901,251547.5872,36.41131934,132.3238228
2013-02-15,,14812470.96,1352,2959,91.0102319,,1778,315361.4772,39.88925095,177.3686599
2013-02-16,,14842270.96,1375,3111,71.97143637,,1958,193196.4481,50,98.67030034
2013-02-17,,14874520.56,1454,3368,59.88814165,,2098,228582.6757,50,108.9526576
2013-02-18,,14908620.16,1791,3832,80.39823165,,2482,350401.7075,50,141.1771585
2013-02-19,,14939320.06,1710,3842,86.21910656,,2318,315343.3243,50,136.0411235
2013-02-20,,14964019.96,1371,3446,126.2870773,,1856,890307.3533,50,479.6914619
2013-02-21,,14988066.36,1125,2949,91.70988493,,1606,1491252.59,50,928.5508034
2013-02-22,,15013566.26,1329,3202,102.9321496,,1833,282002.3227,50,153.847421
2013-02-23,,15040965.96,2099,3975,173.2343123,,2658,393491.6809,34.6708207,148.040512
2013-02-24,,15068515.86,1525,3320,92.14239194,,2081,365515.6252,48.7184047,175.6442216
2013-02-25,,15096665.76,1661,3659,111.0756802,,2219,262462.8646,48.925053,118.2797948
2013-02-26,,15123365.66,1634,3593,145.2875182,,2147,289092.3222,48.8817705,134.6494281
2013-02-27,,15151164.56,2544,4738,259.0982986,,3103,289066.9122,26.36313011,93.15723885
2013-02-28,,15182413.64,3022,5479,320.1496518,,3637,437743.7899,22.80959649,120.3584795
2013-03-01,,15219712.74,2239,4737,154.6264054,,3016,297328.6599,45.10956729,98.58377316
2013-03-02,,15258712.54,1771,3783,79.35190079,,2557,301089.8611,50,117.7512167
2013-03-03,,15300462.54,1808,3852,93.64306344,,2602,484947.7733,50,186.375009
2013-03-04,,15340861.94,2061,5001,182.3265953,,2895,1134927.903,50,392.0303639
2013-03-05,,15376559.04,2192,5035,201.4107167,,2897,1235617.171,50,426.5161102
2013-03-06,,15423407.43,2548,5318,173.9042129,,3502,780714.3301,50,222.9338464
2013-03-07,,15453157.13,2149,4480,175.4431062,,2738,1967993.714,50,718.7705309
2013-03-08,,15482506.43,2160,4300,187.3634163,,2736,1192605.309,44.32711154,435.8937532
2013-03-09,,15517756.02,2059,4363,119.7466678,,2769,3414908.371,50,1233.264128
2013-03-10,,15551154.57,6242,8978,608.4841763,,6763,3237887.699,44.371,478.7650005
2013-03-11,,15592954.57,13112,15908,1269.556665,,14089,2146997.46,20,152.3882078
2013-03-12,,15636354.57,3099,5984,142.3103605,,3962,811317.4824,46.20345396,204.7747305
2013-03-13,,15680504.57,3535,7006,163.4973111,,4429,1825535.652,48.84717984,412.1778398
2013-03-14,,15728454.57,3585,6952,200.2116611,,4534,1070493.368,46.63344009,236.1035219
2013-03-15,,15759904.57,3035,6111,191.7244301,,3654,612158.7658,38.96178412,167.5311346
2013-03-16,,15792154.57,3158,5950,179.1049538,,3818,699783.7083,38.40105396,183.2854134
2013-03-17,,15826454.47,3034,5992,191.9954874,,3703,1054232.851,41.76602031,284.6969623
2013-03-18,,15855754.47,2757,5541,172.7984,,3367,1477784.313,40.56790571,438.9023799
2013-03-19,,15878804.47,2953,5723,214.2078001,,3379,1822280.34,39.51946036,539.2957503
2013-03-20,,15897954.47,2920,5537,192.0862564,,3262,1027615.347,37.14274285,315.0261641
2013-03-21,,15914404.47,3188,6214,238.4928321,,3577,1049477.786,27.83138962,293.3960821
2013-03-22,,15928804.47,2473,4745,167.2000286,,2752,879291.915,30.48640635,319.5101435
2013-03-23,,15957004.47,3228,5962,201.926222,,3805,597616.6086,32.1256605,157.0608695
2013-03-24,,15988904.47,3792,6408,274.6491665,,4441,802776.5766,44.80000001,180.7648225
2013-03-25,,16029454.47,5002,8511,320.6087148,,5801,762053.6824,40.35389919,131.3659166
2013-03-26,,16064404.47,4310,7469,286.7540542,,4984,779392.7085,40.1579373,156.3789543
2013-03-27,,16100954.47,4383,7708,218.3849631,,5134,724338.3211,37.31542221,141.0865448
2013-03-28,,16133204.47,4223,7892,233.4188725,,4834,1293278.958,38.14426612,267.5380551
2013-03-29,,16160904.47,3979,7253,240.7325392,,4546,899305.7645,35.43217884,197.8235294
2013-03-30,,16190054.47,4530,8237,277.8621037,,5089,1020853.455,30.96819555,200.6000108
2013-03-31,,16223754.47,4450,8551,267.6927464,,5177,1249576.911,34.42458846,241.3708539
2013-04-01,1.516680303,16260829.47,6429,11649,417.9606725,24662479.77,7151,3088315.23,37.52246547,431.8717984
2013-04-02,4.614540685,16305879.47,9900,17131,628.3999241,75244144.22,10760,3609562.348,36.83491839,335.4611847
2013-04-03,4.614540685,16350654.47,9891,17130,614.3510284,75450760.28,10850,1698741.792,33.47337389,156.5660637
2013-04-04,5.400204405,16389254.47,9942,16542,688.156538,88505324.19,10650,1333843.723,30.81481043,125.2435421
2013-04-05,3.726268729,16428529.47,9281,16353,655.1009566,61217115.63,10037,1594041.566,31.90183025,158.8165354
2013-04-06,3.726268729,16458479.47,8701,15452,655.4572686,61328717.38,9325,1272349.698,32.33210249,136.4450079
2013-04-07,3.726268729,16488179.47,8268,14854,481.1045496,61439387.56,8866,790540.0987,29.10183367,89.1653619
2013-04-08,4.264811004,16526179.47,10799,18773,766.5677486,70481032.06,11636,1121369.054,27.89360199,96.37066462
2013-04-09,4.499870851,16560029.47,9447,17452,652.7216172,74517993.92,10041,2506016.185,29.65497927,249.5783473
2013-04-10,3.659096961,16596529.47,11404,19863,780.1179681,60728310.56,12162,1343514.277,27.50313457,110.4682023
2013-04-11,3.109019684,16634054.47,10703,18429,725.7980861,51715602.78,11418,2758596.97,33.51598434,241.6007156
2013-04-12,1.258393402,16661479.47,7940,14800,551.6652455,20966695.84,8524,3251412.617,32.34956415,381.4421184
2013-04-13,2.812113775,16695454.47,9995,17192,655.1620032,46949517.5,10648,1985534.888,30.43557561,186.4702186
2013-04-14,2.190506844,16729179.47,8989,15873,593.9505464,36645382.12,9635,1588510.002,29.96750741,164.868708
2013-04-15,1.872909397,16760604.47,8290,15658,558.4570422,31391093.61,8911,1217942.221,29.64332541,136.678512
2013-04-16,1.872909397,16792954.47,8034,14819,500.610784,31451682.23,8740,1235524.62,32.31336749,141.364373
2013-04-17,2.477739885,16827154.47,8714,15672,576.7915244,41693311.78,9297,1428065.475,30.80226438,153.6049775
2013-04-18,2.19789152,16857429.47,7766,14150,519.0800198,37050801.29,8478,899020.1688,30.17034663,106.0415391
2013-04-19,2.96889168,16885079.47,7771,14458,471.6919841,50129971.96,8335,1054464.76,31.26027694,126.5104691
2013-04-20,3.074461169,16915279.47,6785,12493,474.4389234,52005369.91,7373,755217.6499,29.20487146,102.4301709
2013-04-21,3.074461169,16946679.47,7728,15029,443.9813835,52101907.99,8289,1306317.278,33.21989065,157.5964867
2013-04-22,3.090902602,16979179.47,7852,14870,468.1133847,52480990.01,8377,726290.965,30.46432519,86.70060463
2013-04-23,3.423397257,17008529.47,8033,14695,587.0014134,58226953.13,8653,9835180.937,33.89774982,1136.620933
2013-04-24,3.747185326,17039279.47,8521,15771,557.0323192,63849338.01,9285,5402816.968,47.82002339,581.8865878
2013-04-25,4.670377839,17068579.47,9292,17830,601.0508237,79716715.32,9834,12962466.06,45.68432794,1318.127523
2013-04-26,4.670377839,17100479.47,7900,15423,470.3893023,79865700.37,8503,12134043.38,47.99592452,1427.030857
2013-04-27,4.670377839,17132979.47,9215,17413,559.2700288,80017487.65,9813,9838888.215,45.62646482,1002.638155
2013-04-28,4.670377839,17164579.47,8964,16969,581.027571,80165071.59,9806,10343319.55,44.59201584,1054.794977
2013-04-29,4.670377839,17197079.47,9449,18646,653.1397421,80316858.87,9925,8383694.469,45.10112359,844.7047324
2013-04-30,4.350047288,17228429.47,8998,17704,783.4703757,74944482.9,9726,9212376.471,43.14219128,947.1906715
2013-05-01,4.350047288,17260129.45,8950,16933,632.3178637,75082379.31,9624,17837336.21,45.4050158,1853.4223
2013-05-02,3.249675697,17286279.45,8115,15862,532.2585888,56174802.22,8554,3104862.465,44.94311521,362.9719973
2013-05-03,2.77938024,17306179.45,6163,12821,369.6176802,48100453.21,6678,1437487.841,34.16896284,215.2572388
2013-05-04,2.77938024,17327054.45,6323,12604,382.5718054,48158472.77,6586,1911621.77,40.7501154,290.2553552
2013-05-05,2.77938024,17349154.45,5832,12092,313.6425182,48219897.07,6390,1908071.108,37.43202188,298.6026774
2013-05-06,2.77938024,17381004.45,10610,18175,742.0536056,48308420.33,11273,3791492.745,40.62414806,336.3339612
2013-05-07,3.42073355,17418929.45,8771,16844,456.4612139,59585516.38,9471,2736260.313,39.34757655,288.9093351
2013-05-08,3.230465871,17455429.45,9007,16813,490.135354,56389169.11,9765,2095051.845,41.6790002,214.5470399
2013-05-09,3.347345639,17492479.45,12794,20473,948.4174897,58553374.81,13517,2771078.865,32.01880788,205.0069442
2013-05-10,3.347345639,17529479.45,10481,18002,705.378734,58677226.6,11243,2424374.694,33.91268928,215.6341452
2013-05-11,3.347345639,17560779.45,6971,14213,404.3506016,58781998.52,7626,5432115.234,48.04286601,712.3151369
2013-05-12,3.291982964,17591529.45,6936,13950,380.0153053,57911015.27,7539,2558223.667,44.72956595,339.3319627
2013-05-13,3.291982964,17620379.45,6588,13577,351.9699947,58005988.97,7173,2184700.834,40.62990401,304.5728194
2013-05-14,3.291982964,17649929.45,7235,14433,408.8459355,58103267.07,7809,2340655.822,39.84823838,299.7382279
2013-05-15,2.756357848,17677829.45,6516,13313,368.279271,48726423.95,7058,2391805.587,43.14294108,338.8786607
2013-05-16,2.055105308,17706329.45,7395,14544,463.4732751,36388371.64,8004,2242123.033,39.72246502,280.1253165
2013-05-17,3.257044753,17733029.45,6675,13214,388.6973777,57757270.53,7172,2131322.116,40.01341049,297.1726318
2013-05-18,2.772497765,17760554.45,5638,11868,298.1060148,49241097.52,6211,1848808.374,40.48738329,297.6667805
2013-05-19,3.061293915,17787704.45,5614,11897,277.1169175,54453391.4,6133,1738352.563,44.83386967,283.4424528
2013-05-20,3.061293915,17815104.45,6438,13370,371.1484186,54537270.85,6923,1587563.545,35.95543643,229.3172822
2013-05-21,3.061293915,17842004.45,6165,12700,354.7884937,54619619.66,6786,2137572.473,43.18623045,314.9974171
2013-05-22,3.061293915,17869904.45,5339,11302,280.49556,54705029.76,5877,2030967.316,50,345.5789206
2013-05-23,3.021381765,17900854.45,5964,12420,333.7723744,54085315.22,6558,2232241.149,48.08482318,340.3844386
2013-05-24,2.86465827,17933654.37,6000,12583,349.9027194,51373791.32,6653,2535200.261,50,381.0612146
2013-05-25,2.86465827,17965004.37,4985,10931,286.5103637,51463598.35,5707,1978118.123,50,346.6126027
2013-05-26,3.15,17993504.37,5218,11423,299.5840485,56679538.77,5708,1968783.754,49.71503746,344.9165652
2013-05-27,3.15,18021504.37,4867,10660,239.5275836,56767738.77,5440,1878790.634,49.54895754,345.3659253
2013-05-28,3.05,18050654.37,5111,11250,251.5168542,55054495.84,5698,1825998.117,46.66661186,320.4629899
2013-05-29,3.069,18080104.37,5103,11087,266.9028267,55487840.32,5654,1761725.486,48.97487638,311.5892264
2013-05-30,2.984784151,18110804.37,5220,11259,282.4564196,54056841.86,5864,2140670.51,50,365.0529519
2013-05-31,2.95034306,18140804.37,5071,11123,244.6720029,53521596.28,5700,2142466.48,50,375.8713123
2013-06-01,2.823037791,18169204.37,4266,9523,225.8488272,51292350.58,4828,1941732.41,50,402.1815266
2013-06-02,2.653815236,18197554.37,4533,9882,219.7395154,48292947.05,5062,1775379.881,50,350.7269619
2013-06-03,2.815536403,18225604.37,4467,9981,243.9669928,51314852.58,5105,1889825.31,50,370.1910499
2013-06-04,2.83,18252554.37,4549,10279,249.1869107,51654728.87,5078,1686724.398,50,332.1631347
2013-06-05,2.8,18282654.37,4712,10321,280.1464141,51191432.24,5257,1918461.957,50,364.9347455
2013-06-06,2.81,18312004.37,4473,9840,224.8360432,51456732.29,5131,1583441.053,49.26481495,308.6028168
2013-06-07,2.966354763,18344904.33,4893,10628,311.8719483,54417494.35,5468,2527683.411,50,462.2683634
2013-06-08,2.524671444,18377254.33,4440,9735,241.8844971,46396529.23,5090,1815163.624,50,356.6136786
2013-06-09,2.376260016,18404954.33,5056,10765,268.8514902,43734957.07,5658,1792092.608,47.99690432,316.7360566
2013-06-10,2.479493257,18433654.33,5433,11360,296.3967601,45706121.62,5994,2624370.768,47.27343703,437.8329609
2013-06-11,2.4599,18461804.33,4848,13896,305.450437,45414192.48,5361,1867152.673,48.0772201,348.2844009
2013-06-12,2.35,18493654.33,4595,10034,255.0050053,43460087.68,5166,1870491.192,50,362.0772729
2013-06-13,2.4,18524604.33,4478,9928,238.056122,44459050.4,5225,1750417.013,50,335.0080408
2013-06-14,2.3,18557004.33,4831,10660,247.7976063,42681109.96,5444,2580636.334,50,474.0331253
2013-06-15,2.192257071,18580304.33,3454,8389,184.1432607,40732803.55,3962,1444808.468,50,364.6664483
2013-06-16,2.15,18604104.33,3564,8364,192.7668821,39998824.31,4005,1428177.495,50,356.5986255
2013-06-17,2.162921737,18630204.33,4008,9117,222.1031099,40295673.92,4559,1619492.267,50,355.2297141
2013-06-18,2.48905839,18661154.33,4325,10194,255.5290165,46448702.76,4944,1534586.848,50,310.3937799
2013-06-19,2.348133873,18697204.33,4862,10389,268.261039,43903538.82,5562,1775733.581,50,319.2617009
2013-06-20,2.2,18731554.33,3962,9529,175.1550603,41209419.53,4576,1265920.986,46.4266689,276.643572
2013-06-21,2.592700158,18760854.33,4549,11121,142.9997287,48641269.98,5233,1150879.34,43.14258003,219.9272578
2013-06-22,2.778215549,18788404.33,5374,12714,158.2053095,52198237.06,5941,902414.9496,36.37721593,151.8961369
2013-06-23,2.999,18819954.33,4397,10499,104.3500009,56441043.04,4991,1078374.428,33.68439133,216.0638005
2013-06-24,2.783723001,18851154.33,4329,10498,103.2955934,52476391.91,4961,1055864.595,35.02390355,212.8330166
2013-06-25,2.469960281,18879004.33,4248,10302,111.7952047,46630390.85,4812,1872309.592,50,389.0917689
2013-06-26,2.747106955,18911504.33,4847,10853,149.5295412,51951925.08,5517,1958860.16,41.627314,355.0589379
2013-06-27,2.747914131,18942504.33,4710,11184,132.6478838,52052375.33,5276,1676676.614,44.51969109,317.7931413
2013-06-28,2.359499708,18972054.33,4150,10946,94.55544228,44764556.65,4808,1576732.478,48.1917843,327.9393672
2013-06-29,2.31,19002754.33,3933,9872,85.76125029,43896362.51,4519,1512452.37,50,334.687402
2013-06-30,2.64365969,19030854.33,3766,10010,85.59194652,50311102.46,4316,1531787.873,50,354.9091457
2013-07-01,2.667015921,19062104.33,5378,12942,147.6466262,50838935.73,5992,1752540.257,48.86200484,292.4800162
2013-07-02,2.75213399,19093804.33,4947,12028,78.41523634,52548707.9,5595,1576855.339,40.06968959,281.832947
2013-07-03,2.542635355,19123904.33,5438,12909,97.93224391,48625115.28,6046,1461983.792,33.40092004,241.810088
2013-07-04,2.5,19155054.33,4381,11474,64.33607223,47887635.83,4992,1600251.213,44.967251,320.5631436
2013-07-05,2.275521523,19180654.33,4028,10576,55.15646226,43645991.76,4520,1433421.365,39.73252729,317.1286205
2013-07-06,2.586843986,19206404.33,3403,9459,67.33657395,49683971.54,3966,1451830.471,47.29034444,366.0692061
2013-07-07,2.431546869,19235254.33,4045,10119,61.61650966,46771422.44,4616,1284370.466,42.90762343,278.2431685
2013-07-08,2.3501,19268204.33,4347,10853,67.55267251,45282207,4946,1446137.619,44.99135918,292.3852849
2013-07-09,2.34807103,19299604.33,4398,11154,72.01392736,45316841.82,4971,1387146.804,39.94205952,279.0478382
2013-07-10,2.726037989,19329204.33,4134,10684,68.54957998,52692145.32,4790,1487439.688,48.85214932,310.5302062
2013-07-11,2.683703971,19357854.33,4774,11169,96.98580593,51950750.55,5408,1624457.526,39.30140039,300.3804597
2013-07-12,2.664068267,19384854.33,4330,10474,115.843154,51642575.29,4868,1457263.863,39.54725786,299.3557648
2013-07-13,2.580503285,19411804.33,3765,9812,55.44985244,50092224.85,4288,1238418.199,45.07209823,288.8102143
2013-07-14,2.747206035,19439104.33,3420,9294,62.88753626,53403224.73,3943,4480657.61,50,1136.357497
2013-07-15,2.945113322,19471154.33,4340,10515,89.32156996,57344756.02,5010,1482095.674,44.94638846,295.8274799
2013-07-16,2.903097583,19502454.33,4643,11199,68.31552073,56617528.04,5260,1441221.624,44.24044341,273.9965065
2013-07-17,2.82,19533754.33,4290,10960,55.30238601,55085187.22,4924,1485813.765,47.0688185,301.7493431
2013-07-18,2.561318113,19563454.33,3866,10345,75.72207438,50108229.93,4475,1362185.161,50,304.3989187
2013-07-19,2.799228814,19589904.33,3903,10057,61.25475607,54836624.66,4412,1455585.428,44.99440434,329.9151015
2013-07-20,2.799,19617554.33,4204,9954,84.75188252,54909534.58,4700,1744420.81,39.83514683,371.1533639
2013-07-21,2.664356577,19643254.33,3520,9327,62.89181121,52336633.87,4060,1214253.967,44.51142327,299.0773319
2013-07-22,2.620860276,19670504.33,3713,9715,78.18389836,51553643.42,4268,1234891.403,44.86300283,289.3372547
2013-07-23,2.715156516,19701054.33,3838,9968,65.06727744,53491446.03,4499,1253546.596,43.95760168,278.6278275
2013-07-24,2.84,19731304.33,3622,9744,55.29670615,56036904.3,4195,1378092.643,49.00579334,328.5083774
2013-07-25,2.759082422,19758829.33,3691,9915,53.98072495,54516238.69,4244,1281862.049,44.94696198,302.0410106
2013-07-26,2.630419531,19789679.33,3471,8970,38.54382113,52055159.02,4078,1276133.825,50,312.9312959
2013-07-27,2.630419531,19816479.33,3397,8664,41.54215537,52125654.26,3974,1042271.63,40.91654305,262.2726799
2013-07-28,2.84840152,19844429.33,3204,8385,38.85797773,56524902.67,3730,1568477.818,48.81897872,420.5034365
2013-07-29,2.65,19871779.33,3745,9544,52.24359317,52660215.23,4297,1146229.518,44.83335827,266.7511096
2013-07-30,2.782547891,19899629.33,3659,9439,64.32917055,55371671.64,4198,1536337.968,50,365.9690253
2013-07-31,2.776442228,19924479.33,3854,9626,60.0888336,55319165.8,4314,1312858.016,46.71830619,304.3249921
2013-08-01,2.742531706,19950529.33,3504,9121,47.36699657,54714959.25,4073,1266715.701,44.94395165,311.0031183
2013-08-02,2.67,19978529.33,3708,9335,51.8374776,53342673.32,4302,1170940.593,44.78184664,272.1851682
2013-08-03,2.774085479,20006929.33,3630,9778,47.65551138,55500932.14,4161,1221443.127,50,293.5455726
2013-08-04,2.76390065,20034879.33,4074,9552,67.8553141,55374416.01,4665,1158010.666,39.56168673,248.2337976
2013-08-05,2.762206938,20067579.33,4341,10406,80.48595449,55430806.86,4970,1472050.04,44.83422593,296.1871308
2013-08-06,2.625455533,20097179.33,3852,10252,58.41079373,52764250.68,4360,1342152.486,43.76592605,307.8331389
2013-08-07,2.734343167,20127679.33,4209,10914,86.56253453,55035982.44,4902,1473349.322,42.32018146,300.5608571
2013-08-08,2.59,20156879.33,3858,9736,57.51957878,52206317.47,4459,1875289.497,45.02546825,420.5627937
2013-08-09,2.422564655,20185829.33,3468,8951,55.08243418,48901476.68,4034,519825.2324,34.84740795,128.8609897
2013-08-10,2.320056276,20211279.33,4091,10001,99.60249692,46891305.46,4576,552121.8982,29.7079431,120.6560092
2013-08-11,2.4,20240779.33,3529,9300,36.41614819,48577870.4,4108,341838.9794,34.24499495,83.212994
2013-08-12,2.31,20271879.33,3563,9379,33.50167879,46828041.26,4236,426006.1714,33.5169321,100.5680291
2013-08-13,2.48,20302479.33,3758,9839,39.45403195,50350148.74,4368,301192.9617,32.74160502,68.95443262
2013-08-14,2.391918287,20333079.33,4044,11171,65.43482938,48635064.3,4648,867566.8623,30.37219423,186.6538
2013-08-15,2.41,20363579.33,3912,10280,57.58391733,49076226.19,4510,321320.5686,32.20027259,71.2462458
2013-08-16,2.384177071,20390079.33,3268,8950,32.04927335,48613559.62,3767,1493216.709,32.3583522,396.3941356
2013-08-17,2.656329367,20417479.33,2971,8418,30.69252127,54235549.96,3549,208374.7572,32.07234145,58.71365375
2013-08-18,2.411018146,20444329.33,3507,9720,41.48539559,49291649.01,4066,378054.6357,33.9715035,92.97949721
2013-08-19,2.394506137,20474779.33,3840,9825,43.50092147,49026984.76,4459,304901.5601,30.618442,68.37891008
2013-08-20,2.454460157,20505679.33,4218,10616,71.5902045,50330372.92,4785,285335.0062,31.5258859,59.63114027
2013-08-21,2.377813216,20538429.33,4553,11129,52.48432966,48836548.7,5196,602230.3739,33.99466703,115.9026894
2013-08-22,2.35863967,20571729.33,3928,9918,31.70641926,48521296.88,4624,275014.6505,34.99099338,59.47548669
2013-08-23,2.47356911,20601079.33,4151,10177,38.47748861,50958193.46,4676,401351.6761,32.60245611,85.83226605
2013-08-24,2.476528169,20632029.33,4299,9990,82.76680174,51095801.82,4976,485505.7602,25.57558773,97.56948557
2013-08-25,2.3,20657829.33,3829,10576,57.63576288,47513007.46,4335,487657.9505,32.05249852,112.4931835
2013-08-26,2.48,20684429.33,3421,9739,54.36475353,51297384.74,3998,375781.4695,32.37726499,93.99236354
2013-08-27,2.3201,20711179.33,4007,10719,67.21951845,48052007.17,4502,396921.7447,33.77409438,88.16564742
2013-08-28,2.3901,20738029.33,3957,9364,47.72778178,49565963.91,4524,451539.4339,30.03806436,99.80977761
2013-08-29,2.3901,20768479.33,3639,9121,33.03424076,49638742.45,4258,306788.8034,34.27627217,72.0499773
2013-08-30,2.4001,20802079.33,4016,9837,42.68971518,49927070.61,4645,347041.1883,33.38341414,74.71285001
2013-08-31,2.41,20837379.33,3892,9757,33.85682564,50218084.19,4586,361031.8481,35.2443811,78.72478152
2013-09-01,2.429281883,20869679.33,3729,9250,38.82997184,50698333.91,4411,332360.4836,32.90312702,75.34810328
2013-09-02,2.41,20891929.33,3169,8234,37.99948176,50349549.69,3612,246295.8142,33.19843879,68.1882099
2013-09-03,2.399668615,20917079.33,3483,8251,36.57735018,50194058.79,3996,281052.4975,30.54068925,70.33345782
2013-09-04,2.828890074,20939779.33,3808,9599,46.49668372,59236333.91,4251,598337.5172,36.88072505,140.75218
2013-09-05,2.61,20968129.33,3761,9114,48.14730183,54726817.56,4341,361419.9341,34.36381172,83.25729879
2013-09-06,2.6,21005429.33,4325,10098,41.17305481,54614116.26,4996,492437.1046,34.8324521,98.56627394
2013-09-07,2.605739155,21039679.33,3791,9278,42.60173094,54823916.25,4550,460793.8976,33.47303768,101.2733841
2013-09-08,2.481871246,21069979.33,3831,9395,35.40857798,52292975.86,4437,360439.9854,32.748,81.23506544
2013-09-09,2.578558143,21093679.33,2590,7883,28.18514479,54391278.62,3042,425216.7937,35.06269626,139.7819835
2013-09-10,2.497862761,21116729.33,2660,7903,29.52706224,52746691.84,3130,325026.8587,33.50997227,103.8424469
2013-09-11,2.586348666,21141479.33,2477,7632,28.66287688,54679236.87,2954,268147.1365,34.83616319,90.77425069
2013-09-12,2.573648688,21169629.33,2713,8055,30.03097743,54483188.76,3319,325300.6891,35.68088093,98.01165683
2013-09-13,2.522673355,21197279.33,2665,7942,149.5049008,53473811.76,3207,315073.092,34.72344089,98.24542935
2013-09-14,2.52,21230929.33,2763,8088,34.43969466,53501941.92,3431,383537.4935,39.5025751,111.7859206
2013-09-15,2.52738185,21262679.33,2907,8497,31.59965451,53738909.83,3545,428453.6073,35.56406053,120.8613843
2013-09-16,2.588824664,21292579.33,2768,8248,28.50529555,55122754.53,3379,320928.3532,34.57225151,94.97731672
2013-09-17,2.534379125,21324029.33,2700,8250,26.17242199,54043174.81,3284,301511.4781,36.03438056,91.81226495
2013-09-18,2.558331815,21354779.33,2605,7850,24.38616793,54632611.36,3229,445538.8343,39.80258656,137.980438
2013-09-19,2.485074927,21385029.33,2712,7967,32.48833457,53143400.21,3349,219740.3348,34.04906831,65.61371598
2013-09-20,2.3969719,21411479.33,2484,7829,29.74135204,51322714.29,3009,366912.5194,36.64859315,121.9383581
2013-09-21,2.407181543,21439079.33,2249,7039,25.99202001,51607756.07,2811,223287.0006,38.08885428,79.43329795
2013-09-22,2.42,21466929.33,2469,7353,29.78975783,51949968.98,3017,270524.598,34.93916641,89.66675439
2013-09-23,2.349133425,21498091.83,3723,9871,62.39412646,50501886.09,4302,621339.4904,34.63923244,144.430379
2013-09-24,2.414061499,21526741.83,2851,8387,36.57874921,51966878.65,3468,806352.7414,35.45366935,232.5123245
2013-09-25,2.336306086,21560491.83,3156,8764,41.78190234,50371908.28,3833,507117.1317,37.37034993,132.3029303
2013-09-26,2.34,21588041.83,2653,8109,33.53810713,50516017.89,3146,367925.2983,35.64271156,116.9501902
2013-09-27,2.291556794,21615541.83,2643,8011,30.44839578,49533241.75,3243,397806.4332,37.963268,122.6661835
2013-09-28,2.001908193,21642291.83,3741,9185,62.69501294,43325881.33,4277,787563.0291,28.87318688,184.139123
2013-09-29,2.24982271,21667741.83,2609,7811,34.94611375,48748577.66,3111,360537.8756,35.61275698,115.8913133
2013-09-30,2.168752504,21695241.83,2761,8010,29.36781248,47051610.04,3327,404314.6349,34.85575477,121.5252885
2013-10-01,2.304752107,21723441.83,2942,8318,40.41031248,50067148.33,3488,314289.2253,34.85995686,90.10585586
2013-10-02,1.84999468,21752991.83,3342,8997,61.23148868,40242919.17,3894,599726.1661,34.95705808,154.0128829
2013-10-03,2.13999,21782041.83,3554,8758,95.91902932,46613351.7,4190,700420.3498,29.53858179,167.1647613
2013-10-04,2.06,21810841.83,3206,8291,69.64274311,44930334.17,3774,492433.1614,33.79010188,130.4804349
2013-10-05,2.051548505,21837391.83,3365,7989,124.3287589,44800468.58,3910,309197.5843,29.40898844,79.07866605
2013-10-06,1.995766219,21866191.83,4325,9578,149.9318209,43639806.99,4887,370559.9807,26.07614642,75.82565597
2013-10-07,1.99,21895241.83,2695,7987,33.34119648,43571531.25,3286,307352.391,36.78071663,93.53389866
2013-10-08,1.93580976,21924291.83,3345,8632,43.49818707,42441258.12,3905,398747.4376,30.45550826,102.1120199
2013-10-09,1.841529561,21951191.83,3107,9078,49.83735856,40423768.65,3650,522271.757,34.82122047,143.0881526
2013-10-10,1.939111183,21979041.83,3863,10106,58.42135489,42619805.81,4425,734645.1922,39.9,166.0215124
2013-10-11,1.948290269,22006241.83,3121,8264,46.82236019,42874546.81,3643,491553.9862,33.0826036,134.931097
2013-10-12,1.920544418,22034091.83,2490,7101,25.33802096,42317452.08,3071,268391.6552,36.73119299,87.39552431
2013-10-13,2.046244067,22062941.83,2660,7536,25.5481606,45146163.83,3253,514760.1241,37.16375956,158.2416613
2013-10-14,1.961144068,22093041.83,2978,8451,34.66932454,43327637.93,3540,387858.4092,38.6368968,109.5645224
2013-10-15,1.920222152,22125291.83,3223,9225,46.8203342,42485475.49,3836,377245.5025,37.97381909,98.34345737
2013-10-16,1.84,22155041.83,3170,10112,72.53408195,40765276.97,3824,405955.1031,37.88394218,106.1598073
2013-10-17,1.848267247,22181541.83,2474,7568,43.67110165,40997417.26,2993,333650.2194,34.75625184,111.4768524
2013-10-18,1.869973003,22211941.83,2710,8107,46.21531817,41535731.58,3333,318452.885,37.57963204,95.54542002
2013-10-19,1.78196947,22242941.83,3016,9674,76.83263851,39636243.27,3580,646500.7375,40.77979974,180.5867982
2013-10-20,1.847058723,22270141.83,2526,8688,41.9903643,41134259.73,3130,282076.2526,34.78328376,90.12020849
2013-10-21,1.714,22297991.83,2916,9933,62.5342152,38218758,3416,611028.447,39.86908191,178.8724962
2013-10-22,1.65,22324891.83,3024,11424,87.01550737,36836071.52,3617,982599.8482,39.31936837,271.661556
2013-10-23,2.185534191,22351841.83,2941,8671,43.66227944,48850714.55,3484,1238248.631,39.76414204,355.4100549
2013-10-24,2.260451884,22381891.83,3309,9203,42.5855301,50593189.55,3912,1037203.414,40.50031048,265.133797
2013-10-25,2.307713479,22414241.83,3859,10474,45.93746721,51725647.99,4498,993292.4557,39.86373042,220.8298034
2013-10-26,2.242443217,22445891.83,2616,7804,28.88616611,50333637.88,3244,369758.2886,41.69328021,113.9822098
2013-10-27,2.110618873,22480341.83,2790,8317,25.76023157,47447433.74,3472,348123.7452,39.50326973,100.2660556
2013-10-28,2.1366007,22509991.83,2726,7880,32.36422376,48094864.3,3339,588090.0861,39.74018066,176.1276089
2013-10-29,2.166938646,22537841.83,2444,7411,33.79325222,48838120.47,2979,344083.1785,39.1584622,115.5029132
2013-10-30,2.241965071,22563041.83,2775,8213,33.63733858,50585551.69,3258,767185.0904,39.54700803,235.4773144
2013-10-31,2.289102864,22589041.83,3142,8829,34.08037813,51708640.35,3692,411968.0809,34.38589758,111.5839873
2013-11-01,2.399855348,22616891.83,3912,9970,44.09978953,54277268.81,4463,529132.7609,30.21693106,118.5598837
2013-11-02,2.636695654,22642741.83,3190,8946,42.80486026,59702018.99,3682,347699.5798,35.64486733,94.43225957
2013-11-03,2.880104777,22673091.83,5618,14263,82.31660934,65300880.09,6240,1217550.923,36.63884693,195.1203402
2013-11-04,3.01082462,22704191.83,5847,13320,80.05629693,68358339.75,6455,1023394.558,24.596364,158.5429214
2013-11-05,2.91,22733491.83,4597,12006,62.17923908,66154461.23,5210,855396.4894,31.7516273,164.1835872
2013-11-06,3.350185839,22762891.83,4851,12743,59.46594906,76259917.86,5448,992369.5543,32.99377226,182.1530019
2013-11-07,4.221520164,22793391.83,7110,19954,169.7221854,96222763.22,7643,2031682.697,36.4,265.822674
2013-11-08,4.693700505,22825941.83,6740,17115,149.4950657,107138134.7,7449,1174039.056,28.08536278,157.6102908
2013-11-09,4.160850619,22859191.83,7179,16545,90.49518997,95113682.48,7841,1015063.903,22.02371617,129.4559243
2013-11-10,3.901570134,22890741.83,4910,13348,64.43935788,89309834.69,5523,829953.0556,32.69929246,150.2721448
2013-11-11,4.008,22920441.83,4576,13211,76.48061069,91865130.86,5134,615399.9438,30.50364761,119.8675387
2013-11-12,4.052968211,22948241.83,4350,15326,113.5109241,93008494.65,4941,626624.7102,30.21545974,126.821435
2013-11-13,4.142444468,22975941.83,5030,16999,140.5473109,95176563.14,5590,849350.2317,26.477794,151.9410075
2013-11-14,4.283857427,23005091.83,5288,15566,126.4163264,98550533.5,5841,1274238.958,26.665,218.1542472
2013-11-15,4.04866803,23035741.83,6916,15242,113.1707772,93264071.51,7532,139714747.2,26.6773865,18549.48848
2013-11-16,4.079531124,23066291.83,5923,13463,93.90196581,94099655.44,6553,104252600.7,24.968,15909.14096
2013-11-17,4.067758095,23097141.83,6905,15806,107.9641055,93953585.65,7544,95822874.03,29.28084201,12701.86559
2013-11-18,8.554449983,23127491.83,11755,28099,180.0681507,197842972.1,12337,76735626.7,41.42311772,6219.958393
2013-11-19,7.852909246,23160741.83,10330,25702,174.3281773,181879203.7,11003,54475928.39,35.65567126,4951.006852
2013-11-20,7.787408425,23191391.83,8120,21421,100.8598491,180600840.1,8690,64769521.89,35.59426042,7453.339688
2013-11-21,9.715223406,23221391.83,7908,19715,103.6408792,225601009.5,8505,64682554.82,32.08566083,7605.238662
2013-11-22,10.58858036,23249641.83,7857,20043,107.0091396,246180700.9,8444,70372796.28,30,8334.059247
2013-11-23,11.60887256,23281291.83,9003,22209,116.4013936,270269550,9634,26221839.6,27.93958008,2721.80191
2013-11-24,11.15865448,23311441.83,7521,19847,148.6709076,260124324.8,8129,26523748.33,28.7988793,3262.855004
2013-11-25,12.14135072,23341691.83,8796,22827,107.8843149,283399666.9,9395,33098145.14,30,3522.953181
2013-11-26,19.63026914,23370191.83,14192,38167,251.8416221,458763155.5,14625,44981106.15,38.20580763,3075.63119
2013-11-27,35.53095954,23399991.83,17095,41831,246.4710894,831424163,17743,53653257.07,31.97,3023.911236
2013-11-28,47.18047925,23433891.83,19443,48831,279.4918415,1105622247,20186,113498678.2,27.16326217,5622.643327
2013-11-29,37.40659936,23467241.83,14907,38549,197.5683335,877829713.3,15559,96841221.92,28.09074551,6224.128923
2013-11-30,40.29587721,23498491.83,13755,35934,203.6060981,946892341.6,14364,66997375.57,25.33419953,4664.256166
2013-12-01,34.94783328,23530291.83,13490,36658,187.6748642,822332716,14171,37936406.88,20.62466966,2677.045154
2013-12-02,33.18322736,23563991.83,13373,35221,167.0981253,781929298.6,14060,32849253.57,25.60433364,2336.362274
2013-12-03,37.9116093,23597291.83,13099,35318,161.0356832,894611308.4,13712,29298102.34,18.13804494,2136.676075
2013-12-04,43.78163549,23627391.83,14162,39247,173.4206385,1034445857,14687,22290423.54,18.24224709,1517.697524
2013-12-05,37.44436253,23658941.83,12878,36647,162.9248698,885893995,13565,43683053.45,20.59147803,3220.276701
2013-12-06,30.71942458,23694641.83,11231,33447,123.0272132,727885762.7,11945,33936516.84,17.96674999,2841.064616
2013-12-07,22.78913106,23728491.83,11494,33913,139.3091806,540751710.2,12180,39302458.47,22.5541905,3226.80283
2013-12-08,27.15131563,23763691.83,10935,32274,123.8269432,645215497.5,11718,11260803.11,19.52385382,960.9833682
2013-12-09,31.27800306,23798341.83,13586,37815,261.2121847,744364608.7,14225,19275993.22,16.83666868,1355.078609
2013-12-10,35.57677031,23827091.83,13576,39388,158.5347274,847690973.3,14171,23200026.1,14.99723762,1637.148126
2013-12-11,30.90873161,23859641.83,13271,39414,161.7776245,737471265.7,13822,15678379.31,15.9470581,1134.306129
2013-12-12,31.53988762,23892791.83,11843,35505,140.905034,753575969.4,12592,14469805.9,15.79536351,1149.126898
2013-12-13,30.50462852,23921641.83,10939,36557,142.6773313,729720797.6,11497,17534556.16,15.48367332,1525.141877
2013-12-14,29.38802771,23954641.83,10139,32233,108.1212136,703979677.9,10744,4386481.559,18.2808019,408.2726693
2013-12-15,31.00434549,23984341.83,11747,36228,115.3813839,743618820.6,12442,20955485.26,15.61241398,1684.253758
2013-12-16,23.80722524,24013591.83,14465,42740,110.601392,571696989.6,15015,35443907.3,16.30398099,2360.566587
2013-12-17,22.21224728,24044541.83,14866,43541,112.9591487,534083309,15519,31566680.91,21.69611804,2034.066686
2013-12-18,13.42447229,24076191.83,16453,46486,130.3016578,323210170.1,16954,93068067.29,26.69818809,5489.445989
2013-12-19,19.70017647,24103491.83,13144,38377,91.48930567,474843042.6,13797,143161815.3,20.9485,10376.3003
2013-12-20,16.77525659,24128891.83,12530,37187,92.40564777,404768351.8,13067,121036605.8,19.99013751,9262.769253
2013-12-21,15.95940072,24155841.83,9747,31081,57.96338717,385512759.5,10302,13888690,23.86415997,1348.154727
2013-12-22,16.69921975,24181291.83,9036,30114,48.06962738,403808706.3,9461,27179413.27,24.70342515,2872.784407
2013-12-23,17.44957167,24208691.83,9729,30759,54.88363368,422431303.1,10330,64039115.12,22.02005,6199.333507
2013-12-24,17.51,24235191.83,9845,31197,55.024132,424358209,10359,38060541.57,25.94456334,3674.152096
2013-12-25,20.81816394,24263741.83,11327,34970,54.25914481,505126555.2,11778,8307377.917,20.01067263,705.3301
2013-12-26,24.14005798,24292441.83,12571,37974,160.949885,586420954.2,13277,28495491.7,19.27196926,2146.229698
2013-12-27,22.4376429,24324891.83,11148,35236,60.56936321,545793236.5,11769,36964589.87,20.68733887,3140.843731
2013-12-28,21.70415839,24358391.83,9564,31952,45.28254995,528678394.4,10303,10333488.79,20.47029166,1002.959214
2013-12-29,23.30307603,24388241.83,9586,31698,38.49157736,568321053.7,10142,10315950.19,18.28878435,1017.151469
2013-12-30,23.50676499,24418841.83,11557,36915,46.41803157,574007976.3,12212,15024654.44,17.74472059,1230.318903
2013-12-31,23.78979991,24447641.83,8914,30354,37.97120808,581604507.5,9496,29085058.15,17.98087455,3062.8747
2014-01-01,23.87105296,24476291.83,9439,30379,33.66578035,584274858.6,9942,8426751.474,19.45456244,847.5911762
2014-01-02,25.31027241,24504241.83,11685,35498,41.93671534,620209035.9,12264,13766236.73,19.1623513,1122.49158
2014-01-03,24.26380405,24533241.83,11805,36795,41.52790277,595269772.5,12409,13454650.51,18.99912226,1084.265494
2014-01-04,24.29031335,24565791.83,10548,33794,35.21806439,596710781.2,11185,12052422.88,18.45824884,1077.552337
2014-01-05,26.20545112,24596341.83,11845,36588,38.36295335,644558233.6,12436,9436198.066,19.25232247,758.780803
2014-01-06,28.48548578,24628291.83,15818,46378,54.98301539,701548856.7,16526,46195355.33,16.27397073,2795.313768
2014-01-07,23.26195781,24660241.83,12620,38503,39.18863314,573645505.2,13193,60577453.93,18.30275,4591.636014
2014-01-08,23.78032455,24694591.83,11746,38155,38.84130744,587245408.5,12458,19092565.88,22.52050572,1532.554654
2014-01-09,23.81146963,24723891.83,10441,34027,25.33795659,588712199.6,11045,7371558.25,19.74333123,667.41134
2014-01-10,24.56543533,24754391.83,9276,32817,25.5786707,608102411.6,9882,6503454.897,19.46448643,658.1112018
2014-01-11,26.18681227,24782991.83,11067,35833,27.10807366,648987554.5,11634,5116604.853,16.42762301,439.7975635
2014-01-12,24.49234462,24812904.33,9346,31972,24.77264961,607726203.8,9949,4575174.445,19.77484441,459.8627444
2014-01-13,23.73304221,24840854.33,9950,32588,29.71157073,589549044.3,10512,5739317.055,19.02704884,545.9776499
2014-01-14,23.52371425,24867954.33,9452,32318,25.1592828,584986651.6,10015,6198796.896,18.61316735,618.9512627
2014-01-15,24.63306807,24898954.33,10576,34272,21.04624573,613337636.9,11125,8938576.463,17.5676188,803.4675472
2014-01-16,23.7224469,24925754.33,9358,32243,28.71657611,591299883.6,9943,5110903.774,16.19360785,514.0202931
2014-01-17,23.10112751,24956504.33,8934,30829,20.05476578,576523388.8,9561,5075886.94,21.72034909,530.8949838
2014-01-18,23.59903046,24987604.33,9322,31932,17.99982633,589683235.7,9961,6629495.016,19.58410546,665.5451276
2014-01-19,24.40612169,25015704.33,10106,33550,19.28396726,610536324.1,10616,5300880.447,17.95908171,499.3293563
2014-01-20,24.0481746,25042954.33,11539,38080,28.58041423,602237338.3,12046,7606373.153,16.28772749,631.4438945
2014-01-21,23.75582681,25064704.33,12202,38385,34.04791423,595432775.2,12596,8156295.659,19.87579189,647.5306176
2014-01-22,23.03236399,25083054.33,11558,36011,29.84650898,577722037.5,11914,7441878.314,20.01541097,624.6330631
2014-01-23,22.03399682,25102754.33,11457,35042,30.86594974,553114009.2,11941,9544790.977,19.16905682,799.3292837
2014-01-24,19.93386616,25127504.33,13581,38291,32.11380221,500888308.3,14101,13980444.76,20.02333042,991.450589
2014-01-25,21.81646201,25151554.33,11706,34928,24.30252622,548717929.6,12176,6609975.602,20.93146166,542.8692183
2014-01-26,22.25178932,25171804.33,12575,38475,27.06577301,560117686.9,12851,10042663.63,16.98717794,781.4694289
2014-01-27,19.45201175,25192904.33,13306,38774,27.43955292,490052671,13762,9304315.436,17.48477405,676.0874463
2014-01-28,20.93646702,25226004.33,12908,38320,25.72048472,528143407.8,13688,6495570.63,19.17068345,474.5449029
2014-01-29,20.69997925,25265154.33,12638,38686,22.34399553,522988170.3,13386,14348863.52,23.4214355,1071.930638
2014-01-30,20.9319377,25302904.33,12409,36819,22.70144116,529638817,13005,6313721.798,21.45497803,485.4841829
2014-01-31,21.0785133,25327804.33,10386,33188,18.54315879,533872460.5,11032,3939429.758,16.3892556,357.0911673
2014-02-01,22.31062573,25352404.33,11070,33137,21.07540733,565628004.3,11571,4503284.142,18.20082727,389.187118
2014-02-02,22.18968127,25376404.33,10657,34144,21.67599189,563094324,11021,5143933.967,16.04934007,466.7393128
2014-02-03,21.58552366,25401254.33,10446,35414,23.49658513,548299376.4,11053,7728774.502,16.56534106,699.2467658
2014-02-04,21.0839437,25437154.33,12920,39359,26.16728826,536315529.8,13665,8793616.945,19.87612985,643.5138635
2014-02-05,20.60242957,25474054.33,13048,39517,24.92714321,524827410.4,13793,7742467.702,17.12414024,561.3331184
2014-02-06,19.777032,25506104.33,12063,35641,21.53418312,504435041.6,12689,5215307.811,16.48498105,411.0101514
2014-02-07,18.3617985,25530154.33,10983,35030,26.55301698,468779549.6,11471,8551195.081,18.64031765,745.4620418
2014-02-08,17.87173068,25553504.33,10641,32852,18.65628204,456685347.3,11011,6092889.005,15.55968666,553.3456548
2014-02-09,18.02903713,25575654.33,10670,32977,17.56262985,461104421.6,11063,10575958.12,16.90535074,955.975605
2014-02-10,17.77147854,25596154.33,11637,34579,30.59107698,454881507.5,12144,30798637.77,20.70924672,2536.119711
2014-02-11,17.37903116,25620804.33,11843,36769,39.43078995,445264756.8,12333,8279806.724,22.87877194,671.353825
2014-02-12,17.21794624,25647654.33,11568,40604,25.37265034,441599933.4,12179,6454852.9,23.81734048,529.9985959
2014-02-13,15.19827464,25674804.33,11919,36408,20.99859713,390212727.6,12444,7394339.775,20.99629486,594.2092394
2014-02-14,16.87172594,25707554.33,11536,35993,24.38638194,433730811.4,12198,16910774.9,24.08117461,1386.356362
2014-02-15,16.27527002,25740854.33,9995,33199,17.79650414,418939354.8,10634,5336946.713,22.75129501,501.8757488
2014-02-16,15.56421235,25776804.33,11504,34075,20.46281151,401195656.2,12206,9281431.151,19.01041577,760.3990784
2014-02-17,15.42454362,25809304.33,11029,33382,17.41597613,398096740.5,11685,4674311.835,20.23845015,400.0266867
2014-02-18,15.56675197,25833354.33,10166,31178,15.9504327,402141419.5,10507,6092366.086,22.1037953,579.8387824
2014-02-19,15.57360333,25858554.33,9578,31104,18.25198111,402710867.8,10221,20664031.39,21.53252324,2021.72306
2014-02-20,15.21593854,25885004.33,10550,31675,18.30111067,393864634.9,11046,11136785.86,26.88050341,1008.21889
2014-02-21,14.35212023,25915654.33,10392,32433,19.44828424,371944586.7,11062,12742872.15,24.55057827,1151.950113
2014-02-22,15.32283455,25945204.33,10219,32574,15.21906463,397554073.2,10750,1897874.198,22.34675302,176.546437
2014-02-23,15.59010467,25980454.33,11298,35232,20.05142038,405038002.5,12020,3805300.069,22.22207468,316.5807046
2014-02-24,14.29700001,26011554.33,10560,31996,16.07492889,371887192.6,11154,4124981.932,21.5026601,369.8208653
2014-02-25,13.69469639,26041004.33,11640,43009,27.43088526,356623648.1,12173,9527233.384,25.95057692,782.6528698
2014-02-26,14.58543033,26068854.33,10373,35391,26.99175256,380225458.5,11015,2553513.978,22.8954255,231.8215141
2014-02-27,14.33795886,26094654.33,9555,31744,16.65957292,374144080.3,10097,3074009.941,23.8766391,304.44785
2014-02-28,13.56814146,26126104.33,9506,35378,21.0580103,354482679.3,10139,2982629.73,22.9118319,294.173955
2014-03-01,13.84093345,26157054.33,9438,34429,15.98151889,362038048.2,9947,3392184.846,25.71449241,341.025922
2014-03-02,12.84628235,26192054.33,9601,39161,16.27645584,336470525.2,10423,2626951.568,25.24834899,252.0341138
2014-03-03,14.72947128,26221454.33,12194,44605,112.1536236,386228158.5,12722,9341731.864,24.595424,734.2974268
2014-03-04,16.95232611,26251154.33,17103,53512,54.46945667,445018128.9,17776,22287846.49,23.81618425,1253.816747
2014-03-05,16.58620939,26283804.33,11393,37389,31.71961558,435948682.2,12007,10544886.47,21.74754355,878.2282396
2014-03-06,16.80069101,26318154.33,11266,42408,24.60705228,442163178.9,11945,4625958.173,21.96223124,387.2715088
2014-03-07,15.98094256,26350904.33,10636,40419,23.0220023,421112288.6,11220,3993200.144,21.31047722,355.9001911
2014-03-08,15.7233788,26385554.33,9642,32717,19.95997127,414870065.6,10423,4934291.011,23.06070025,473.4041073
2014-03-09,16.24560362,26418054.33,9957,33715,30.80162778,429177239.2,10610,4088552.663,20.67163785,385.3489786
2014-03-10,16.14064902,26445704.33,9268,32791,16.27250012,426850831.7,9802,2997615.146,20.17428484,305.816685
2014-03-11,16.28138965,26474804.33,9246,32461,19.24278044,431046605.1,9785,2311141.9,20.073931,236.192325
2014-03-12,17.43281808,26505354.33,12321,39654,23.07585983,462063020.2,13015,4219820.045,21.66481782,324.2274334
2014-03-13,17.30768422,26536504.33,10322,34304,17.91128949,459285437.2,10916,1269645.502,18.3213,116.3105077
2014-03-14,16.96280247,26567604.33,11004,34634,22.04311671,450661024.4,11624,2095570.456,12.12220944,180.2796331
2014-03-15,17.17272818,26599804.33,10196,33119,14.97046132,456791209.5,10840,3300674.093,16.72097229,304.49023
2014-03-16,17.64163768,26630054.33,11243,35978,12.55292394,469797770,11853,5498027.304,19.76999726,463.8511182
2014-03-17,17.27067373,26659754.33,13455,39070,17.01778756,460431918.9,14062,7245239.95,13.5742283,515.2353826
2014-03-18,19.50150949,26694454.33,17866,47088,28.35643158,520582154.4,18553,8726668.046,16.6409999,470.3642562
2014-03-19,17.61008055,26727354.33,19791,50004,32.72174368,470670862.6,20401,23013898.81,15.48699025,1128.076996
2014-03-20,16.50972503,26755104.33,12432,36710,16.12136228,441719415.7,12937,17724397.88,23.82266421,1370.054718
2014-03-21,15.66748905,26783954.33,11462,34988,15.41325097,419637311.2,12124,11463073.12,22.1789119,945.4860707
2014-03-22,15.55500284,26815104.33,9408,31667,11.0416813,417109024,10101,5246475.888,23.9640963,519.4016323
2014-03-23,15.12313141,26841954.33,9076,31702,17.19109626,405934402.6,9560,4763296.347,16.727077,498.2527559
2014-03-24,16.16181231,26868004.33,10623,33818,12.64157217,434235643.3,11061,5582810.937,20.30122313,504.7293136
2014-03-25,16.30000899,26894004.33,9888,32499,12.01022277,438372512.3,10470,4539511.938,17.78014013,433.573251
2014-03-26,16.24118202,26923104.33,10962,33916,14.61191267,437263038,11593,4964149.047,17.80969297,428.2022812
2014-03-27,12.98363638,26952954.33,11304,35428,18.91186615,349947358.4,11857,31352771.02,32.1016565,2644.241463
2014-03-28,13.73479581,26983854.33,10402,35374,12.82631446,370617729.3,10967,4990267.17,28.96690675,455.025729
2014-03-29,13.44075551,27013304.33,8350,28729,11.36350103,363079219.1,9012,2374290.197,20.00953423,263.4587436
2014-03-30,12.91496681,27040954.33,8738,32874,12.34597718,349233027.8,9295,4940996.34,29.09130772,531.5757224
2014-03-31,12.75896707,27069654.33,10248,33227,14.97371324,345380828.1,10789,4844950.775,22.55040364,449.0639332
2014-04-01,13.08047315,27099854.33,9386,31829,14.42074416,354478916.9,10073,3723791.116,26.25461096,369.6804443
2014-04-02,11.27126984,27130504.33,10876,33970,15.8189451,305795235.1,11393,7515522.564,29.74998607,659.6614205
2014-04-03,11.36313842,27161254.33,10478,33952,12.38038672,308637092.5,11063,12899215.63,29.999,1165.978092
2014-04-04,11.14854453,27193254.33,8483,29307,12.59872467,303165206.9,9191,13701039.57,28.45910259,1490.701727
2014-04-05,11.19287215,27222954.33,7729,26870,7.90089093,304703047.3,8341,5890522.893,26.25015674,706.2130312
2014-04-06,11.57555871,27248854.33,7866,26845,9.37522299,315420713,8376,4193942.233,23.5392861,500.7094357
2014-04-07,11.4196554,27275504.33,8678,28180,16.53402528,311476860.5,9174,4826283.738,22.24015971,526.0828143
2014-04-08,11.43572883,27302754.33,7610,27244,9.42495232,312226894.9,8178,4185058.592,25.4267223,511.745976
2014-04-09,11.2192805,27332954.33,7735,26876,18.27715214,306656081.5,8372,3627462.995,24.04877528,433.2851164
2014-04-10,8.599207084,27362854.33,9719,32078,11.93573927,235298850.8,10252,8955742.038,32.32821303,873.5604797
2014-04-11,10.81438438,27391054.33,9531,31314,12.24325875,296217390.2,10153,6122516.122,27.5001168,603.0253247
2014-04-12,10.9014142,27419354.33,8027,29057,10.98910765,298909738.5,8590,3146480.732,29.30889988,366.2957778
2014-04-13,10.51488853,27446104.33,8191,26636,8.4756652,288592727.7,8681,1750537.476,17.51647686,201.6515927
2014-04-14,11.47279339,27474654.33,9903,32571,12.54444382,315211032.7,10444,3305740.324,20.12474029,316.5205213
2014-04-15,13.311573,27504404.33,10360,41425,13.44320978,366126885.9,10873,2623112.856,28.09146514,241.2501477
2014-04-16,13.54694649,27531654.33,10504,33374,14.46465249,372969847.9,11189,4936199.587,22.31565472,441.1653935
2014-04-17,12.70962913,27559254.33,8280,28683,10.67158065,350267901.6,8867,3451798.915,23.3266823,389.2859947
2014-04-18,12.13644802,27584904.33,8345,28557,11.36595663,334782757.4,8803,3575027.859,20.22499129,406.1147176
2014-04-19,12.96963511,27608754.33,8029,26374,10.47250463,358075469.6,8537,2152238.634,24.1024742,252.1071376
2014-04-20,12.79589894,27636454.33,7879,26391,11.72985308,353633276.5,8394,2072679.64,24.20808725,246.9239504
2014-04-21,12.4747009,27664104.33,7848,26196,11.40981975,345101427.1,8388,1643284.852,24.49652108,195.9090191
2014-04-22,12.25421793,27693754.33,7516,25772,12.4244102,339365300.9,8125,2296248.906,22.988,282.6152499
2014-04-23,12.19995989,27723804.33,7156,24803,8.69142271,338229300.7,7821,2501518.381,30.649009,319.8463599
2014-04-24,12.76098813,27756854.33,6999,25318,7.97963153,354204888.7,7630,2429470.915,28.84345154,318.4103427
2014-04-25,11.22545171,27788904.33,8454,28627,11.39332306,311943003.5,9128,10368894.66,32.15872954,1135.943762
2014-04-26,10.72298506,27823854.33,7069,24443,17.74425233,298354774.2,7649,9880502.012,36.63607906,1291.737745
2014-04-27,10.15376399,27855454.33,6894,23081,6.30078082,282837709.2,7632,6254832.353,35.9106578,819.5535054
2014-04-28,10.33788535,27888704.33,7017,27404,10.66952217,288310228,7673,4843475.614,29.01870554,631.2362328
2014-04-29,10.49752939,27924404.33,5697,22089,5.92454349,293137255,6417,4085021.847,27.54078692,636.5937115
2014-04-30,11.02743751,27953854.33,7535,26334,11.55428199,308259381.7,8102,5454514.551,30.37056369,673.2306284
2014-05-01,11.30313868,27981904.33,5741,21761,5.92509202,316283345.2,6329,4156691.064,29.999019,656.76901
2014-05-02,10.78530824,28013254.33,5528,21214,6.11288363,302131582.6,6140,2352666.688,32.9836542,383.1704704
2014-05-03,10.20954135,28043204.33,5526,20781,7.45946993,286308254.2,6150,5329109.335,30.93597386,866.5218431
2014-05-04,10.44850923,28071704.33,5342,20880,9.83678067,293307461.9,5883,6311751.042,33.3338867,1072.87966
2014-05-05,10.32218796,28099904.33,5595,20501,6.90608992,290052494.2,6157,5713176.279,28.73162382,927.9155885
2014-05-06,10.41251619,28126354.33,6013,21237,6.95553164,292866119.9,6573,4401847.444,34.78055303,669.6862077
2014-05-07,10.69817934,28153754.33,5975,21521,9.41575377,301193912.9,6496,2997214.32,29.9990245,461.3938301
2014-05-08,10.64291023,28179354.33,8316,20597,13.51451012,299910338.3,8825,3746338.402,7.069296,424.5142665
2014-05-09,10.89178163,28208504.33,5923,21207,10.87719142,307240869.1,6471,3796018.908,25.93061643,586.6201373
2014-05-10,10.98858651,28237254.33,5754,18897,6.50782165,310287512,6383,4758053.784,20.27637501,745.4259414
2014-05-11,10.40420376,28267654.33,7415,20583,8.07085666,294102435.3,8000,9578501.023,22.83652512,1197.312628
2014-05-12,10.70193155,28299554.33,6954,19946,9.7752971,302859893.4,7605,4490646.976,21.81082157,590.4861244
2014-05-13,10.45672428,28329154.33,5735,19550,6.63780133,296230155.8,6360,5224425.438,26.76971668,821.4505405
2014-05-14,10.61295265,28361354.33,5288,19220,8.23738776,300997710.6,5879,3124101.211,30.12757329,531.4001039
2014-05-15,10.53550762,28392604.33,5884,20245,7.99406226,299130499.3,6517,3476409.145,28.76389068,533.4370331
2014-05-16,10.55543091,28422804.33,5324,19302,7.14692246,300014947.3,5969,5446655.342,29.35382109,912.4904242
2014-05-17,10.50001147,28452354.33,4272,16645,3.67432125,298750046.9,4845,1025797.679,29.85612272,211.7229471
2014-05-18,10.43818828,28480254.33,4430,16854,5.47774748,297282256.9,5007,1731457.076,30.95024894,345.807285
2014-05-19,10.36144214,28509904.33,9501,19627,10.64804209,295403724.1,10092,2186256.008,8.05412251,216.632581
2014-05-20,10.8379621,28539104.33,6872,20631,9.05085762,309305731,7416,5510625.136,16.97727359,743.0724294
2014-05-21,10.74058201,28565754.33,8059,19815,9.38953627,306812826.9,8638,4450480.644,10.27297514,515.2211906
2014-05-22,10.7202851,28594154.33,8828,25058,11.87288163,306537486.5,9354,4671212.469,9.16370051,499.3812774
2014-05-23,11.22425152,28621404.33,7639,23944,10.72232054,321253840.9,8151,13576685.21,33.03132771,1665.646573
2014-05-24,11.18392058,28652554.33,5339,17224,6.43672917,320447892,6006,3552547.811,27.36795914,591.499802
2014-05-25,11.49522988,28683054.33,6404,20234,8.23697481,329718303.1,7001,16678342.49,38.659284,2382.28003
2014-05-26,11.6984726,28718104.33,6931,20734,7.31773071,335957956.6,7651,4331552.976,25.0100515,566.1420698
2014-05-27,11.23166302,28749154.33,5773,19663,7.09087582,322900813.5,6378,5311044.226,37.60827585,832.7131116
2014-05-28,11.17732321,28776354.33,7178,19301,12.84005526,321642613.1,7735,4551683.327,25.9339,588.4529188
2014-05-29,10.8793673,28808604.33,5718,18670,5.72958367,313419388,6384,6348762.382,39.8191173,994.4803229
2014-05-30,11.44930936,28840504.33,6752,20244,7.34088828,330203856.2,7290,9314137.607,40.011294,1277.65948
2014-05-31,10.94407747,28869904.33,5267,17689,6.77100429,315954469.4,5900,6421594.988,36.78066304,1088.40593
2014-06-01,11.05730455,28898404.33,6207,21967,9.35749294,319538457.6,6819,18909167.96,36.87231268,2773.011872
2014-06-02,11.56224126,28927454.33,6919,19425,7.78629439,334466205.9,7528,20511218.27,45.82864975,2724.65705
2014-06-03,11.61533626,28959954.33,6329,17558,7.6830979,336379607.7,6949,9249541.141,35.67049807,1331.060748
2014-06-04,11.20395955,28992154.33,6576,17780,7.61130652,324826924.4,7217,5229395.737,30.8522567,724.5941162
2014-06-05,11.38031687,29021154.33,6192,18467,9.89269402,330269932.2,6787,5619696.402,24.64061903,828.0088997
2014-06-06,11.18346616,29052154.33,5281,19049,7.18770746,324903784.8,5903,2511746.489,24.9895,425.5033862
2014-06-07,11.2725979,29082354.33,4242,19329,6.2011608,327833686.2,4830,1556734.358,37.73702497,322.30525
2014-06-08,11.35011903,29113404.33,4446,21520,9.87137808,330440604.6,5088,2694518.572,37.16857392,529.5830526
2014-06-09,11.33159309,29146304.33,4743,21207,7.01271428,330274060.6,5382,2602322.917,42.76749868,483.5233959
2014-06-10,11.08500572,29175054.33,4837,19798,6.89876665,323405644.2,5423,2801846.356,33.84275569,516.659848
2014-06-11,10.88995125,29200804.33,4394,18381,6.45292292,317995335.6,4906,2368937.455,34.33089078,482.8653598
2014-06-12,10.24897763,29227354.33,4646,19328,7.43828666,299550500.6,5128,5849204.237,49.0113911,1140.640452
2014-06-13,10.16424691,29254754.33,4268,19193,6.17096341,297352546.4,4852,3573765.7,44.53087894,736.5551732
2014-06-14,9.838799276,29285104.33,4463,15752,5.02216545,288130263.3,5096,4339421.254,42.65594422,851.5347829
2014-06-15,9.906102646,29318204.33,4343,15083,6.89437881,290429141.5,4960,4350547.754,47.31959629,877.1265634
2014-06-16,9.648045197,29348754.33,4755,16337,8.1452394,283158108.2,5399,9782688.676,45.87539678,1811.944559
2014-06-17,9.663242658,29379504.33,4654,15546,9.18171992,283901279.5,5279,4313705.366,40.03065,817.1444148
2014-06-18,9.662691304,29411654.33,4657,24153,14.41161172,284195736.5,5252,5695129.389,31.22315335,1084.373456
2014-06-19,9.995617211,29446154.33,5774,33356,9.97984411,294332487,6500,8358644.012,21.3775438,1285.945233
2014-06-20,9.795742265,29477154.33,5067,19750,7.05526127,288750606.5,5699,4765618.016,29.61325313,836.2200414
2014-06-21,9.785178159,29505404.33,3639,13272,4.29153031,288715638,4213,2447583.878,46.93296563,580.9598571
2014-06-22,9.760445795,29533954.33,3907,13492,5.03640261,288264560.3,4454,2859990.708,41.7557968,642.1173569
2014-06-23,9.627572394,29564654.33,4107,13891,6.6889353,284635849.9,4701,3623795.026,41.2618809,770.8562063
2014-06-24,9.533916887,29594404.33,4426,15152,5.21395783,282150591.2,5034,3179643.802,35.55011699,631.6336515
2014-06-25,9.158157453,29625104.33,4018,14500,13.64766332,271311370,4648,3785726.545,50,814.485057
2014-06-26,9.07689033,29654954.33,4167,15126,5.7895184,269174768.2,4753,4298434.961,42.76717311,904.3624997
2014-06-27,9.260293091,29686804.33,4324,14384,4.82410178,274908509,4949,3188920.556,40.95118328,644.356548
2014-06-28,9.110021627,29720104.33,3765,13280,4.74985136,270750793.2,4448,3300968.308,49.00815229,742.1241699
2014-06-29,8.955885805,29748304.33,3885,13384,4.34288018,266422416.5,4436,4564183.263,46.56968175,1028.896137
2014-06-30,8.859455185,29779004.33,5180,15514,18.7129746,263825754.3,5786,7675235.745,46.91359153,1326.518449
2014-07-01,8.266762989,29809504.33,4824,14827,7.03800033,246428107.1,5439,7985087.187,47.04455042,1468.116784
2014-07-02,8.164691286,29840504.33,5548,17409,8.7959753,243638505.6,6177,21401440.08,50.001,3464.698086
2014-07-03,8.128923972,29872154.33,4369,15383,5.38667533,242828471.4,5011,7403433.556,44.99179153,1477.436351
2014-07-04,7.34553153,29903804.33,4073,13397,4.54154253,219659337.6,4698,10338430.13,50,2200.602412
2014-07-05,7.310509462,29935654.33,4734,14040,6.1731434,218844884.2,5371,11682291.99,50,2175.068328
2014-07-06,7.14445483,29966354.33,4343,13286,5.55411656,214093264.9,4976,11264361.26,44.85495911,2263.738195
2014-07-07,7.633661932,29998904.33,4962,18968,6.75673876,229001494,5583,16590062.96,45.06823272,2971.531966
2014-07-08,7.743582372,30034054.33,4359,19501,6.59826157,232571173.6,5074,5412136.586,45.58892889,1066.64103
2014-07-09,7.80124418,30065154.33,4294,18205,8.06073844,234545610.2,4919,6416662.777,46.5716507,1304.464887
2014-07-10,7.799363713,30096054.33,4326,17956,5.39008262,234730074,4962,3361645.996,40.099002,677.4780323
2014-07-11,7.919853507,30127004.33,4536,17275,6.9419039,238601460.9,5145,3628664.515,26.92268861,705.2797891
2014-07-12,8.6990981,30155104.33,4987,18107,6.80204726,262322210.8,5551,8793039.297,38.70109904,1584.045991
2014-07-13,9.042228641,30185204.33,4739,17965,6.2524224,272941519.1,5331,7537386.757,50,1413.878589
2014-07-14,8.691963013,30213654.33,5459,17765,8.66811558,262615965.9,6050,5194883.634,23.60180834,858.6584519
2014-07-15,8.680583826,30243004.33,4895,16252,7.4186979,262526934.2,5415,5251595.755,16.994,969.8237774
2014-07-16,8.346272529,30271954.33,5758,17845,7.45934331,252657980.8,6354,3261183.418,7.92024166,513.2488854
2014-07-17,8.804493918,30303404.33,6813,19400,7.11166448,266806139.1,7484,3588983.883,5.78050639,479.5542334
2014-07-18,8.911525358,30336804.33,7099,19995,9.32068979,270347201.1,7778,6476824.077,5.19303376,832.7107324
2014-07-19,8.950627887,30365704.33,6130,96795,258.8385132,271792119.9,6585,8669797.47,30.91554152,1316.597945
2014-07-20,8.633653236,30392754.33,7440,14773,8.94765062,262400501.7,8004,5578176.951,1.9975,696.9236571
2014-07-21,8.626155868,30421104.33,5572,13396,6.36518929,262417187.6,6187,3729899.16,7.45563055,602.8607015
2014-07-22,8.592634175,30449004.33,6232,13777,7.86052325,261637155.2,6806,1966497.435,5.39959,288.9358559
2014-07-23,8.480877009,30480154.33,5794,13050,7.18827158,258498440.1,6332,1909687.295,6.68648471,301.5930662
2014-07-24,7.891369544,30511354.33,8152,15724,9.52409378,240776372.3,8828,7768921.16,2,880.0318487
2014-07-25,7.571695178,30541654.33,6974,14424,7.71547506,231252096.8,7599,9111270.818,4.92160037,1199.009188
2014-07-26,7.611240347,30572204.33,6695,13537,7.20674906,232692395.1,7329,5855264.992,1.27870012,798.9173136
2014-07-27,7.745068828,30602554.33,4575,11222,5.66705551,237018889.6,5193,2592853.09,20.24426833,499.2977258
2014-07-28,7.63915479,30633854.33,4627,11204,11.27582085,234016755,5239,3324819.597,22.245,634.628669
2014-07-29,7.623218881,30664354.33,5540,11191,5.78207718,233761084.9,6174,2130078.296,9.09782164,345.0078224
2014-07-30,7.235093577,30692504.33,4843,11213,5.50636439,222063140.9,5368,2906623.662,14.9489,541.4723663
2014-07-31,7.550110933,30723054.33,5741,12048,8.76854992,231962468.4,6339,4206100.51,9.7993385,663.5274508
2014-08-01,7.742905942,30752004.33,5455,11335,8.17173738,238109877,6069,3114285.429,12.2899483,513.146388
2014-08-02,7.65483486,30779304.33,3819,10624,3.90421293,235610491.7,4365,2669782.975,34.42337986,611.6341294
2014-08-03,7.522279675,30808554.33,3996,10928,5.25321974,231750562,4579,1516692.248,28.20785344,331.2278331
2014-08-04,7.439121527,30836604.33,5140,12017,6.57041072,229397247.1,5637,8163978.815,12.85457381,1448.284338
2014-08-05,7.205407648,30866254.33,8404,14807,10.86530143,222403945,8981,7305844.467,5.9989,813.4778385
2014-08-06,7.173030592,30896954.33,8130,15627,31.13689711,221624798.6,8816,4236457.587,3.51670028,480.5419223
2014-08-07,7.168826337,30929704.33,8273,14666,9.03221177,221729679,8931,12767797.26,6.099165,1429.604441
2014-08-08,7.041172353,30961554.33,5310,11609,5.8288356,218005640.3,5973,6335709.734,17.28865521,1060.724884
2014-08-09,6.974757315,30992454.33,3873,10564,5.30949536,216164847.5,4457,2824866.419,43.55378923,633.8044467
2014-08-10,6.945637135,31021904.33,3880,10487,6.65790184,215466890.7,4489,2099439.187,21.08661298,467.6852722
2014-08-11,6.082876528,31052204.33,5729,12690,9.53503168,188886724.8,6285,12372212.57,28.13591457,1968.530242
2014-08-12,5.644525351,31081204.33,6468,12941,8.10241982,175438645.8,7103,18166823,34.1529,2557.626778
2014-08-13,5.065087672,31110404.33,6636,13522,9.38660751,157576925.4,7190,17064840.24,36.61617475,2373.413107
2014-08-14,5.05414009,31141754.33,5319,11752,6.57368471,157394789,5964,16278436.63,24.9985,2729.449469
2014-08-15,5.099580006,31169954.33,4203,10634,5.7588339,158953675.9,4780,10397334.06,23.26266502,2175.17449
2014-08-16,5.01552258,31199204.33,4286,10783,5.87527931,156480313.8,4868,6777738.123,29.49864232,1392.304462
2014-08-17,4.422850843,31226954.33,4730,10398,6.12379795,138112161.3,5249,7594218.203,19.22487,1446.793333
2014-08-18,3.863784288,31253904.33,5946,12889,12.60056637,120758344.5,6509,35162167.38,50.002,5402.084403
2014-08-19,4.938586234,31280904.33,5328,12130,7.11340449,154483443.5,5859,28454036.32,50.0011,4856.466346
2014-08-20,5.500834546,31309654.33,5686,11974,6.73837453,172229228.1,6262,43354471.95,42.85830176,6923.422541
2014-08-21,5.782877457,31339904.33,4526,12041,6.7744203,181234826.2,5156,23805844,50.00475,4617.114818
2014-08-22,5.315353371,31370404.33,3844,10828,5.78402831,166744784.4,4442,16136023.27,50.00919977,3632.603167
2014-08-23,4.858373457,31399054.33,3249,9589,3.88368243,152548332.1,3820,4550985.893,50.002,1191.357564
2014-08-24,5.442847851,31427104.33,3380,9692,4.00172707,171052947.2,3933,8444805.076,50.005,2147.166305
2014-08-25,5.209627228,31456054.33,3456,9780,4.03052011,163874317.1,3997,3740053.923,50,935.7152673
2014-08-26,5.531763438,31484004.33,3638,10504,5.09960525,174162064,4257,2920359.437,50,686.0134923
2014-08-27,5.399597134,31512454.33,3716,10350,5.89262219,170154558.1,4286,6979591.92,50.001,1628.462884
2014-08-28,5.241522535,31541254.33,3182,8935,4.47981015,165324195.3,3740,3824295.659,50.002,1022.538946
2014-08-29,5.399618113,31568954.33,3969,10037,4.6020714,170460297.6,4525,3106319.159,32.198355,686.4793721
2014-08-30,5.177977594,31595704.33,3594,9346,4.96956811,163601849.1,4144,2249690.696,45.19391875,542.8790289
2014-08-31,4.87499746,31624354.33,4067,10225,5.47566797,154168647,4600,8070434.562,36.65115651,1754.442296
2014-09-01,4.775620895,31652954.33,4285,9978,5.86031889,151162510.1,4879,5902117.975,29.999,1209.698294
2014-09-02,4.769248547,31683854.33,4023,9877,4.60413687,151108176.2,4659,6220640.773,45.01211424,1335.187974
2014-09-03,4.846335744,31713154.33,4177,9520,5.45126193,153692593.4,4756,6574859.826,19.72435058,1382.434783
2014-09-04,5.198390088,31740454.33,4768,10706,6.13047365,164999263.2,5315,3493441.844,27.129809,657.2797448
2014-09-05,4.93731797,31768654.33,3118,9852,6.142181,156851947.9,3679,2242493.387,50,609.5388385
2014-09-06,4.938088094,31798454.33,3597,9831,5.66249242,157023568.7,4199,1906551.066,41.21035229,454.048837
2014-09-07,5.108666148,31828554.33,3895,9516,4.77828688,162601458,4494,1251438.423,24.63633607,278.468719
2014-09-08,5.001539188,31858304.33,2966,8659,3.91307568,159340557.6,3567,2683597.901,50,752.3403143
2014-09-09,5.06260897,31887554.33,3522,9826,4.48624014,161434218.6,4095,2096417.213,42.26193702,511.9455954
2014-09-10,5.302068503,31915004.33,4359,10207,6.30462948,169215539.2,4927,2564564.056,37.69849328,520.5122906
2014-09-11,5.423799094,31944654.33,3973,10527,5.62497356,173261387.2,4548,3180758.409,50,699.3752
2014-09-12,5.344623037,31976104.33,3647,10245,5.57068474,170900223.8,4275,2744596.804,50,642.0109483
2014-09-13,5.440019523,32009404.33,3632,15775,6.38963081,174131784.5,4296,2331414.342,50,542.6942137
2014-09-14,5.386499018,32043454.33,3958,10387,6.80022741,172602035.3,4649,1664784.897,33.188,358.0952671
2014-09-15,5.174134481,32074954.33,3858,10365,6.46153747,165960127.2,4487,3353580.641,48.998,747.3992961
2014-09-16,5.098592887,32105254.33,4108,9807,5.37013672,163691621.4,4713,2143066.816,28.54021926,454.7139436
2014-09-17,5.079829055,32134354.33,4361,9667,6.82044831,163237026.8,4947,2889795.612,36.9385525,584.1511243
2014-09-18,4.77001238,32161704.33,3834,11557,8.01837543,153411727.8,4392,4414181.647,50,1005.050466
2014-09-19,4.362101807,32188854.33,4239,11374,5.82235076,140411059.6,4774,5805091.883,50.005,1215.980704
2014-09-20,4.327977911,32216254.33,4499,11152,6.35441339,139431237.1,4987,4778940.725,50,958.2796722
2014-09-21,4.272407778,32244054.33,4540,9890,5.00469804,137759748.5,5131,4934500.082,34.54182291,961.7033876
2014-09-22,4.272484445,32273454.33,5148,9433,5.66267316,137887831.6,5762,3197145.719,27.013755,554.8673584
2014-09-23,4.823503524,32303754.33,3903,10598,5.00165732,155817272.8,4490,2694336.519,48.6385159,600.0749486
2014-09-24,4.731782061,32337054.33,3533,9982,4.54728146,153011893.6,4219,2622550.605,50,621.604789
2014-09-25,4.482826467,32367804.33,3577,9404,4.48765216,145099249.9,4195,1617876.474,35.972,385.6678126
2014-09-26,4.46392344,32396904.33,3529,10040,5.35801707,144617300.6,4078,1528263.147,37.595,374.7580056
2014-09-27,4.444833083,32425804.33,3459,9412,3.96977569,144127287.8,4084,2256005.561,33.46043173,552.4009699
2014-09-28,4.212700952,32455504.33,3636,9961,7.06949129,136725334,4208,2141741.951,48.0957,508.9690949
2014-09-29,4.233946074,32484654.33,3425,9080,4.82861912,137538274.7,4004,2191425.868,50,547.3091578
2014-09-30,4.545083892,32513054.33,3024,9249,3.60300819,147774559.5,3610,2419642.649,50,670.2611215
2014-10-01,4.45595559,32544504.33,2562,31063,19.28088128,145016866,3153,1608667.543,50,510.202202
2014-10-02,4.294765739,32572754.33,2318,9863,4.18753531,139892349.3,2907,1366375.141,50,470.0292881
2014-10-03,4.173184995,32603754.33,2461,9902,3.42892627,136061498.3,3092,1757555.298,50,568.4202129
2014-10-04,3.906905278,32633404.33,3298,9513,4.64352281,127495619.6,3897,2766612.353,50.0043997,709.9338858
2014-10-05,3.736518753,32661804.33,3525,9357,3.69658699,122041444.4,4075,4176962.974,50.0091,1025.021589
2014-10-06,3.774324231,32690304.33,3316,8971,4.26654827,123383807.7,3879,2606530.355,50.003,671.9593592
2014-10-07,3.849974437,32716004.33,3775,9338,3.77054581,125955780.4,4296,2142231.101,48.91978375,498.6571464
2014-10-08,3.957210403,32742404.33,3405,8801,5.09153553,129568583,3944,2022855.929,46.9966223,512.8945052
2014-10-09,3.875537953,32771704.33,3995,10087,5.07519293,127007983.9,4551,15622845.58,50,3432.837966
2014-10-10,3.779035913,32802304.33,3411,9141,5.48948883,123961086.1,4050,1864084.634,50,460.2678108
2014-10-11,3.80245844,32832854.33,3643,9355,3.93332517,124845564,4259,1750440.079,46.80008758,410.9979053
2014-10-12,3.913885219,32862804.33,3038,8278,3.37647167,128621244.1,3619,853397.0134,36.996,235.8101722
2014-10-13,3.921837431,32890904.33,3061,9055,4.17873352,128992779.7,3628,3815628.23,43.92537066,1051.716712
2014-10-14,4.099149364,32916654.33,5338,11200,5.54044071,134930282.7,5860,15928125.92,11.96182523,2718.110226
2014-10-15,4.015036459,32946154.33,2597,8345,3.08329942,132280010.8,3184,5244429.644,50,1647.119863
2014-10-16,3.999384784,32976404.33,2746,8386,3.95308792,131885329.7,3355,1201275.027,50,358.0551496
2014-10-17,4.019581378,33005454.33,2574,9069,3.91537582,132668109.6,3160,1265057.082,50,400.3345197
2014-10-18,4.07405784,33034704.33,2628,8433,4.96861385,134585296.1,3212,1522254.99,50,473.9274565
2014-10-19,3.98625788,33062954.33,2620,10022,13.94814427,131797462.2,3190,918768.679,49.996,288.0152599
2014-10-20,3.900515877,33091404.33,3018,8640,2.793341,129073548,3575,1401013.594,50,391.8919145
2014-10-21,3.939032949,33120154.33,2511,7958,2.898623,130461379.2,3077,845429.4562,40.2387,274.7577043
2014-10-22,3.848713672,33149304.33,2429,8030,3.20041375,127582180.8,3013,2025450.534,50,672.2371503
2014-10-23,3.710391592,33179904.33,2789,8019,3.22018853,123110438,3414,1831618.81,50,536.5022875
2014-10-24,3.743769962,33209604.33,2691,8896,4.51544968,124329119.1,3288,1474780.188,50,448.5341205
2014-10-25,3.641799882,33237904.33,2551,7719,2.8110353,121045796.1,3114,1170908.937,50,376.0144305
2014-10-26,3.677911588,33268304.33,2148,7056,2.55596404,122357882,2761,1158547.718,50,419.6116328
2014-10-27,3.795669087,33296604.33,3012,8746,5.16325602,126382891.7,3557,1937230.701,50,544.6248809
2014-10-28,3.867427093,33328154.33,4001,7644,4.69623958,128894207,4647,1849917.617,5.06084869,398.088577
2014-10-29,3.690987026,33359804.33,2770,7901,3.61474119,123130605,3402,2017714.803,50,593.0966499
2014-10-30,3.803298869,33386404.33,2489,7690,4.82238473,126978473.8,3030,1463640.881,44.09236212,483.0497958
2014-10-31,3.713879171,33414004.33,2596,8670,3.31510175,124095574.7,3141,1793783.759,50,571.0868382
2014-11-01,3.551877782,33440854.33,2870,8024,3.16463367,118777827.5,3400,1500962.624,50,441.4595952
2014-11-02,3.556211285,33469904.33,2397,7569,3.25242459,119026051.5,2985,1300213.834,50,435.5825238
2014-11-03,3.574782269,33500104.33,2359,7575,4.27342402,119755579,2968,1050392.791,50,353.905927
2014-11-04,3.613374008,33529854.33,2248,7683,3.6492009,121155904.1,2843,1471617.51,50,517.6283891
2014-11-05,3.658893672,33563204.33,2607,8098,3.50577408,122804195.9,3272,980312.2882,40.76210185,299.606445
2014-11-06,3.703750586,33593554.33,2417,7681,5.34650949,124422146.5,3000,1088619.094,50,362.8730313
2014-11-07,3.570662349,33621754.33,2426,7971,3.76300988,120051932.3,3010,1591462.752,50,528.7251667
2014-11-08,3.602131741,33651054.33,7348,8112,2.83379434,121215530.9,7936,1634071.431,0.001,205.9061783
2014-11-09,3.678705279,33680154.33,2774,7828,2.98188547,123899361.5,3345,1311234.868,48.80784916,391.9984659
2014-11-10,3.685508119,33708204.33,3618,9020,3.67063321,124231860.7,4183,1852968.039,30.3022773,442.975864
2014-11-11,3.68893322,33739054.33,3051,8035,3.70125196,124461118.3,3664,1148435.609,28.19142679,313.4376662
2014-11-12,4.003634864,33767004.33,3897,9404,5.39010996,135190755.8,4440,4260680.506,50.001,959.6127265
2014-11-13,4.087368163,33798204.33,4559,10162,5.794252,138145704.3,5185,5125115.787,50,988.4504893
2014-11-14,3.977615146,33829404.33,3568,9279,4.40760994,134560351,4198,3712806.297,50,884.422653
2014-11-15,3.856296752,33859654.33,3294,8886,3.35654054,130572875,3916,2079563.746,50,531.042836
2014-11-16,3.885751335,33888654.33,3394,8886,3.63500785,131682883.8,3916,2407282.422,29.67161671,614.7299341
2014-11-17,3.841460744,33921554.33,3360,8532,3.03419202,130308319.3,4067,1961923.071,36.23218892,482.4005583
2014-11-18,3.723356486,33951354.33,3059,8731,3.19608023,126412995.3,3646,1296141.641,36.2541972,355.4968847
2014-11-19,3.748686275,33981654.33,3316,8731,4.82831547,127386561.2,3931,1075616.189,18.96840373,273.6240624
2014-11-20,3.605353225,34011054.33,3426,9606,4.59581022,122621864.4,4021,1536816.411,30.6261,382.1975655
2014-11-21,3.483578771,34041454.33,3364,9552,5.10914297,118586087.6,3953,1570355.752,36.43615969,397.2567041
2014-11-22,3.513199322,34072904.33,3286,12636,13.64356857,119704904.4,3935,1050479.126,31.72861303,266.9578466
2014-11-23,3.603954853,34101954.33,3202,8708,3.95315022,122901903.8,3758,927548.5896,27.89659588,246.8197418
2014-11-24,3.60024145,34132654.33,3325,9431,3.45983191,122885796.9,3932,1083156.872,48.3527645,275.4722461
2014-11-25,3.591725835,34165054.33,3312,8801,3.90110867,122711508.3,3994,1478472.953,50,370.1734985
2014-11-26,3.55196338,34191954.33,3422,8943,4.40484847,121448569.7,3942,1187353.454,35.30385193,301.2058482
2014-11-27,3.560320966,34221054.33,3005,8497,2.59256478,121837937.2,3586,1396471.197,37.66584567,389.4230889
2014-11-28,3.60891354,34248404.33,3051,8530,3.27188345,123599530.1,3594,1241029.829,50,345.306018
2014-11-29,3.577864771,34277104.33,3277,9432,4.03563794,122638844,3837,1481949.86,49.7072844,386.2261818
2014-11-30,3.566487015,34306254.33,4196,9849,4.81939164,122352810.6,4799,838474.7824,19.995,174.7186461
2014-12-01,3.560898141,34335804.33,2916,8990,4.80572827,122266301.8,3504,1215473.545,50,346.8817194
2014-12-02,3.630915085,34364954.33,3480,10506,17.37313293,124776231.1,4055,2036132.597,38.993,502.1288772
2014-12-03,3.617824096,34394254.33,3326,8870,30.24290573,124432362.1,3901,1114965.689,38.60308936,285.8153523
2014-12-04,3.563785995,34422804.33,5884,13325,115.4870606,122675508,6241,2169447.545,3.68185,347.6121688
2014-12-05,3.603499612,34449904.33,5003,13406,27.50070427,124140216.9,5783,1811282.338,1.28635,313.2080819
2014-12-06,3.565137003,34478954.33,3031,10378,4.40808789,122922195.9,3630,2075626.183,50,571.7978466
2014-12-07,3.723872364,34510754.33,3081,9065,4.03601854,128513644.3,3711,2895179.943,50.001,780.1616662
2014-12-08,3.649115419,34543554.33,3137,9080,4.10739384,126053416.7,3777,3488810.677,50.0011,923.698882
2014-12-09,3.505657844,34574454.33,3316,9588,4.20676818,121206207,3941,2378585.291,50,603.5486656
2014-12-10,3.481997803,34602454.33,2462,7149,3.80821186,120485669.9,3036,1612837.256,50,531.2375678
2014-12-11,3.455272784,34630104.33,2610,7396,7.2014463,119656457,3144,1845354.988,50,586.9449707
2014-12-12,3.481444063,34659354.33,2460,7590,2.78487531,120664603.3,3055,1329194.664,50,435.0882696
2014-12-13,3.459522641,34689304.33,2849,9221,4.60657009,120008433.7,3451,1727362.814,50.001,500.5397898
2014-12-14,3.537088778,34718554.33,2603,7605,2.9314598,122802608.9,3170,2041025.771,50,643.85671
2014-12-15,3.466397037,34747104.33,2935,8872,3.6014709,120447259.5,3514,1715197.532,50,488.1040216
2014-12-16,3.059369275,34776904.33,4063,10857,4.97269583,106395392.6,4644,4319988.138,50.004,930.2300039
2014-12-17,2.956211406,34804654.33,3027,8673,3.00457889,102889916.1,3609,2612723.064,50.0005,723.9465404
2014-12-18,2.835364353,34832054.33,2875,7742,3.67692805,98761565.19,3419,2702673.855,50.001,790.4866495
2014-12-19,2.876683238,34859854.33,2876,7879,2.85581862,100280758.6,3423,2048291.054,50,598.3906088
2014-12-20,2.947482574,34886404.33,3518,7775,4.25987358,102827068.8,4059,2056611.493,16.84794008,506.6793527
2014-12-21,2.846885149,34914154.33,3824,8523,5.53998228,99396587.45,4373,1846122.415,9.97800004,422.1638268
2014-12-22,2.887712677,34942304.33,4375,9838,5.06429482,100903335.2,4919,2540966.865,14.998,516.5616721
2014-12-23,2.915545529,34969204.33,3776,10281,3.51838864,101954307.3,4325,1788920.904,27.72154181,413.6233305
2014-12-24,2.811156748,35001154.33,3056,8553,5.64380014,98393731.17,3698,1203337.845,47.92277816,325.4023378
2014-12-25,2.724854891,35035004.33,3081,8940,4.01462657,95465302.9,3751,2009165.145,50,535.634536
2014-12-26,2.789201595,35065054.33,2749,9413,3.56537046,97803505.46,3372,1692604.94,50,501.9587604
2014-12-27,2.736373274,35095754.33,3183,9063,3.38751373,96035084.16,3798,3997503.992,32.3934933,1052.528697
2014-12-28,2.746918583,35123704.33,3310,9880,4.60505843,96481956.14,3837,2959294.547,20.51420261,771.2521624
2014-12-29,2.707578187,35148154.33,2873,9321,3.09970864,95166375.96,3378,1938830.96,50,573.9582474
2014-12-30,2.714149914,35175404.33,3400,10470,3.83082053,95471320.63,3950,1272320.617,21.07519891,322.1064853
2014-12-31,2.759865278,35201804.33,3054,8281,3.05379962,97152237.48,3571,1059444.88,26.7082803,296.6801679
2015-01-01,2.710128654,35230054.33,2828,7870,2.93932123,95477979.72,3413,1449169.022,38.68094163,424.6027019
2015-01-02,2.676439335,35259404.33,3193,9312,5.24248999,94369656.69,3782,1746256.453,8.7225,461.728306
2015-01-03,2.174180919,35288404.33,5262,12188,8.38739472,76723375.36,5781,12580494.08,38.09054,2176.179567
2015-01-04,1.964520022,35315704.33,4900,11113,6.92471801,69378408.24,5483,12102392.78,23.11381385,2207.257484
2015-01-05,2.101404533,35341554.33,4508,11570,4.83400142,74266902.48,5047,4039166.666,35.98922923,800.3104154
2015-01-06,2.145663427,35368454.33,4215,11298,4.79363713,75888798.91,4734,3942456.608,38.01373345,832.7960726
2015-01-07,2.159144769,35392554.33,4317,12335,6.24110387,76417648.53,4816,3547539.424,50,736.6153289
2015-01-08,2.033394598,35420404.33,5245,13066,5.98803305,72023658.82,5792,4955267.411,25.69285744,855.5365005
2015-01-09,2.038929227,35449704.33,4351,11628,5.51361225,72279438.23,4946,2906343,24.81753292,587.6148403
2015-01-10,1.680922779,35477854.33,6215,13480,10.25195517,59635533.49,6767,38840093.65,50,5739.632577
2015-01-11,1.768204864,35505104.33,5751,12930,6.77767538,62780298.16,6279,5516380.997,30.041,878.5445129
2015-01-12,1.732263486,35533704.33,4377,12322,7.2852406,61553738.54,4951,5749314.277,14.39888428,1161.243037
2015-01-13,1.581594447,35558954.33,5688,14333,7.69318225,56239844.71,6211,8071652.873,14.18361271,1299.5738
2015-01-14,1.159541927,35586104.33,5496,13311,7.46329131,41263579.98,6008,32441660.01,50.002,5399.743676
2015-01-15,1.300164211,35611254.33,4384,11804,7.24931744,46300478.4,4898,17957745.32,50,3666.34245
2015-01-16,1.404574491,35635854.33,4782,12023,5.80293305,50053211.95,5200,9187718.79,20.56559522,1766.868998
2015-01-17,1.321687008,35662954.33,6186,11419,7.29965612,47135263.4,6811,3490054.669,10.43949,512.414428
2015-01-18,1.350499002,35690254.33,5524,10869,6.73410497,48199652.84,6057,2806487.76,13.999,463.3461714
2015-01-19,1.367460204,35717554.33,5334,12272,6.63179349,48842334.14,5897,2497136.128,26.01438333,423.4587296
2015-01-20,1.337483024,35747254.33,5493,11980,5.93000646,47811345.8,6081,2839346.114,48.96871883,466.9209199
2015-01-21,1.394347996,35774304.33,5065,11881,7.81038749,49881829.54,5596,4427515.838,50.009,791.192966
2015-01-22,1.430221741,35805754.33,4652,10585,5.20866451,51210168.28,5321,2806030.366,50,527.350191
2015-01-23,1.444061403,35836054.33,3438,9459,5.53034866,51749462.88,4039,3271275.584,37.0100019,809.9221549
2015-01-24,1.88586843,35865704.33,4806,11669,6.73765536,67637999.5,5344,6164244.682,50,1153.4889
2015-01-25,2.262389518,35896254.33,6450,13807,11.34521545,81211309.52,7079,8289408.548,46.82020002,1170.98581
2015-01-26,2.115435644,35925404.33,5959,13721,8.69033021,75997880.84,6512,22187633.81,50,3407.191924
2015-01-27,2.115127369,35955804.33,7208,11884,8.64843479,76051105.81,7655,6984419.727,8.759183,912.3997031
2015-01-28,1.900288,35984554.33,7532,11174,7.83028986,68381016.77,8278,2581264.482,4.50016651,311.8222374
2015-01-29,1.935807358,36013454.33,4441,17201,9.42721801,69715109.87,4947,4521404.936,39.998,913.9690592
2015-01-30,1.915734418,36042754.33,5695,14264,7.61507066,69048344.99,6371,2511296.146,50.001,394.1761335
2015-01-31,1.86621999,36071054.33,5821,22076,7.68556837,67316522.65,6393,2691793.52,45.949,421.0532646
2015-02-01,1.831359112,36100354.33,4158,24425,7.01423112,66112712.86,4736,3033969.759,36.8028952,640.6186147
2015-02-02,1.881280444,36129304.33,11729,21617,10.57834301,67969353.68,12311,11227622.75,91.82910816,911.999249
2015-02-03,1.83182481,36158254.33,4320,12556,5.53656059,66235587.35,4928,2158780.017,9.12840671,438.0641269
2015-02-04,1.812928481,36184904.33,3669,24735,5.98666637,65600643.62,4076,2295942.531,19.999,563.283251
2015-02-05,1.742494711,36212554.33,4172,10095,4.41922476,63100184.38,4854,2408208.346,35.36960243,496.128625
2015-02-06,1.787736983,36241854.33,4800,12045,5.58592715,64790903.3,5362,1393447.899,10.49825,259.8746548
2015-02-07,1.823640124,36270254.33,13842,21514,4.76030523,66143891.1,13751,1442279.971,0.001,104.8854608
2015-02-08,1.794729085,36298504.33,19169,19323,4.80492226,65145981.44,20422,1314151.707,0.001,64.34980448
2015-02-09,1.743553089,36324454.33,18066,19197,23.70077032,63333614.55,18554,3143160.468,0.00251341,169.4060832
2015-02-10,1.771379149,36352204.33,8856,16474,6.74685731,64393536.76,9434,2072136.657,0.5,219.6456071
2015-02-11,1.733829098,36381454.33,9490,18534,5.21766351,63079224.13,9983,1682933.135,0.5,168.5798993
2015-02-12,1.768225668,36412254.33,5497,14061,7.56600341,64385082.75,6202,1101362.45,0.5,177.5818203
2015-02-13,1.829364462,36440204.33,7752,16943,9.09961001,66662414.78,8280,2210440.167,0.5,266.9613728
2015-02-14,1.961352683,36471454.33,5424,14158,7.8461736,71533384.81,6048,2737937.787,6.2681795,452.7013536
2015-02-15,1.83540531,36500054.33,4881,14066,8.50831481,66992393.53,5481,3145716.707,7.94485,573.9311635
2015-02-16,1.80403581,36528054.33,4252,14779,5.62136213,65897918.07,4821,1073387.04,3.0483,222.648214
2015-02-17,1.868805637,36555354.33,3510,11358,7.4649614,68314852.22,4064,978148.7283,4.33291122,240.6862028
2015-02-18,1.820416065,36584254.33,5383,12556,8.57463254,66598564.29,5911,1106360,0.27444728,187.1696837
2015-02-19,1.854375714,36610954.33,5037,12258,8.53601761,67890464.56,5617,1168640.147,1,208.0541476
2015-02-20,1.857061184,36639254.33,3733,11403,9.08367605,68041337.04,4246,1094653.803,2.98997785,257.8082438
2015-02-21,1.856719847,36669254.33,4319,10470,9.36525824,68084532.27,4963,839187.8554,2.71553779,169.0888284
2015-02-22,1.809779711,36699354.33,3954,9064,9.18881436,66417746.86,4553,1080386.764,21.4985203,237.2911846
2015-02-23,1.818427371,36727454.33,5177,12740,10.02922861,66786208.2,5695,2245589.199,1.36407347,394.3089023
2015-02-24,1.827474309,36757354.33,4962,12858,9.08977106,67173120.7,5478,1757516.657,3.12914,320.8318104
2015-02-25,1.805214057,36786404.33,5838,11912,10.84070079,66407334.19,6551,3589700.014,4.04,547.9621454
2015-02-26,1.799979726,36812854.33,6071,10424,10.67215335,66262391.44,6522,1720161.022,3.980875,263.7474734
2015-02-27,1.86984502,36841604.33,6464,14831,6.26151664,68888090.37,7049,2857863.855,0.30900011,405.4282671
2015-02-28,1.836578437,36870654.33,6439,14800,6.87760307,67715848.71,7026,1924108.52,0.21009907,273.8554682
2015-03-01,1.904524793,36899604.33,6180,14546,6.33196938,70276211.28,6804,1441663.121,0.4309125,211.8846445
2015-03-02,1.956687779,36926304.33,5069,14567,8.38938121,72253248.39,5626,2873702.718,2.75757504,510.7896761
2015-03-03,1.977555635,36955304.33,4408,14866,5.41861126,73081170.3,4967,28238716.71,6.858,5685.266098
2015-03-04,1.923145644,36983304.33,10385,19705,7.15909532,71124280.62,10754,4079704.833,1,379.3662668
2015-03-05,1.92457123,37009304.33,5578,15807,6.26064621,71227042.34,6297,2590734.455,1.50168213,411.4236072
2015-03-06,1.904477551,37038004.33,3868,13538,6.76689375,70538047.76,4431,2244379.717,3.95390029,506.5176523
2015-03-07,1.896022378,37067354.33,4690,23334,6.66704068,70280533.31,5268,2774017.673,2.38871581,526.5789052
2015-03-08,1.895054168,37097504.33,4329,13879,5.8136091,70301780.21,4946,55628455.49,5.37284164,11247.16043
2015-03-09,1.941932425,37127804.33,4187,12818,5.77379481,72099687.1,4796,2674451.61,4.40434541,557.6421205
2015-03-10,2.005026311,37159804.33,4563,14028,8.80526271,74506385.38,5202,3120527.981,7.37967716,599.8708152
2015-03-11,2.018508328,37189954.33,4410,15607,6.05639553,75068232.53,5011,2807624.627,6.51088525,560.2922825
2015-03-12,2.057812639,37217854.33,4187,11537,12.15555312,76587371.02,4735,2180785.511,4.91,460.5671618
2015-03-13,1.998262607,37246654.33,3905,14767,5.57524743,74428596.59,4470,2258523.223,5.28904862,505.2624661
2015-03-14,2.011352545,37276604.33,4428,23972,7.92798845,74976392.97,5059,2702330.815,3,534.1630392
2015-03-15,2.03293899,37302804.33,3599,12211,5.36785838,75834325.36,4083,1995282.164,6.34235406,488.6804223
2015-03-16,2.048941288,37331454.33,4102,15990,7.82838402,76489958.1,4705,2037567.46,6.14593741,433.0642849
2015-03-17,1.999319284,37356704.33,3790,13216,7.61586924,74687979.35,4293,4903452.44,6.45895596,1142.197168
2015-03-18,1.771516052,37378904.33,4008,14104,6.57264837,66217329.02,4448,3593824.463,8.01706827,807.9641329
2015-03-19,1.798549153,37400904.33,4081,12314,5.74909302,67267364.81,4532,4398658.101,8.71002317,970.5776922
2015-03-20,1.78785128,37427304.33,3793,12343,5.97369512,66914453.96,4328,2855535.752,4.5800305,659.7818281
2015-03-21,1.767030666,37460454.33,4170,26493,6.09992083,66193771.56,4825,2199735.046,3.5659,455.9036366
2015-03-22,1.805190833,37493204.33,4486,16965,10.33516331,67682388.73,5140,1776800.24,3.96257093,345.6809805
2015-03-23,1.769785256,37524554.33,4130,14944,5.99852676,66410402.97,4774,2526454.927,4.999,529.2113378
2015-03-24,1.677714644,37555304.33,3979,13282,7.18971417,63007084.01,4553,2535181.73,10.37215821,556.8156665
2015-03-25,1.695816358,37588354.33,4173,12759,4.97608515,63742946.14,4864,5463601.875,22.07988763,1123.273412
2015-03-26,1.716140054,37618204.33,3720,14126,5.80442854,64558107.21,4297,2450175.244,12.79874203,570.2060144
2015-03-27,1.698636603,37646904.33,3410,12449,5.08898432,63948409.68,4003,3345929.271,14.199,835.8554261
2015-03-28,1.711287275,37676354.33,3685,24140,5.55072166,64475065.73,4288,1197806.164,6.8458867,279.339124
2015-03-29,1.661240808,37706604.33,3865,16093,6.87548982,62639749.82,4453,1925171.312,9.997,432.3313073
2015-03-30,1.689609506,37736104.33,3560,13960,5.35251995,63759280.61,4155,2088879.835,15,502.7388291
2015-03-31,1.651551353,37765554.33,3900,15266,10.32576728,62371752.34,4443,1918885.658,14.0301484,431.8896372
2015-04-01,1.668453125,37791854.33,3673,11902,5.66271956,63053937.44,4241,1855415.851,10.15593947,437.4948954
2015-04-02,1.692340028,37818304.33,3597,13820,6.58730002,64001430.2,4052,1345342.133,11.47261408,332.0192826
2015-04-03,1.697503541,37849754.33,3337,10954,4.59441083,64250091.99,4051,1616523.827,18.90533012,399.0431565
2015-04-04,1.685294812,37879004.33,3486,24779,5.72471953,63837289.48,4041,1472661.965,8.34075373,364.430083
2015-04-05,1.708183546,37908254.33,3370,14333,4.78038821,64754256.29,3976,1417728.248,10.00190508,356.571491
2015-04-06,1.678572197,37936104.33,3714,13980,5.53956384,63678490,4278,986124.484,9.99614767,230.5106321
2015-04-07,1.672064918,37965554.33,3637,13021,5.05336736,63480871.48,4216,1643312.108,11.1328,389.7799119
2015-04-08,1.606363069,37995654.33,5364,14989,7.39013475,61034815.89,5985,2660163.969,9.4729,444.4718411
2015-04-09,1.579365782,38023104.33,3982,12328,5.2118952,60052389.91,4517,3547066.944,7.78220266,785.2705212
2015-04-10,1.510710139,38051604.33,4971,16149,6.83227711,57484944.45,5533,1927631.232,5.44520221,348.3880774
2015-04-11,1.463357302,38079854.33,4893,27146,7.94271989,55724432.89,5459,2719200.608,4.21025185,498.113319
2015-04-12,1.41846577,38110454.33,3942,13030,4.97556414,54058374.93,4561,2995185.723,8.37940328,656.6949622
2015-04-13,1.382563103,38137154.33,3614,17018,10.1399598,52727022.43,4118,2852232.118,16.93840028,692.6255751
2015-04-14,1.389948624,38164304.33,4714,12817,5.45967319,53046422.29,5294,6249173.228,8.70729888,1180.425619
2015-04-15,1.378926381,38195204.33,4472,15057,5.78735648,52668374.88,5080,4683760.922,15.08387241,922.0001815
2015-04-16,1.411545234,38226054.33,3958,10361,4.33530361,53957804.79,4574,2576190.816,19.9995,563.224927
2015-04-17,1.414871606,38252854.33,3882,12458,5.1773929,54122877.43,4421,3040176.922,12.115475,687.6672522
2015-04-18,1.410563061,38280554.33,4276,24534,6.86482827,53997135.89,4801,1879485.949,12.50491213,391.4780147
2015-04-19,1.396600598,38308304.33,5366,14795,6.7259016,53501400.73,5941,2418036.574,19.9449,407.0083445
2015-04-20,1.407866011,38339504.33,4039,14272,6.27637254,53976885.02,4655,2517937.158,20.0857,540.9102381
2015-04-21,1.440498545,38369104.33,4123,12038,10.71772944,55270638.97,4736,2237224.344,18.82714782,472.3868969
2015-04-22,1.441988623,38398204.33,3751,10949,4.99673877,55369773.8,4334,2512737.156,22.046845,579.7732248
2015-04-23,1.454305722,38425904.33,3877,15256,6.9058102,55883012.55,4432,2210409.088,19.5739,498.7385125
2015-04-24,1.427716396,38452004.33,3831,12707,5.28105548,54898557.03,4343,3739510.588,25.095,861.0431931
2015-04-25,1.406667712,38480854.33,3384,22979,5.71051181,54129775.31,3969,1531946.614,10.65061391,385.9779828
2015-04-26,1.344293624,38509904.33,3417,15669,5.1025728,51768618.84,4003,2280819.972,15.07598027,569.7776596
2015-04-27,1.37920393,38537704.33,3413,13719,5.59085914,53151353.27,3966,2612222.227,20.868255,658.6541166
2015-04-28,1.367432289,38565754.33,3437,11109,3.95479598,52736057.73,3989,1968828.495,11.759,493.564426
2015-04-29,1.363377986,38596604.33,3111,10251,4.10297197,52621760.66,3731,2322225.416,24.01656373,622.4136735
2015-04-30,1.44285923,38626204.33,3057,13281,10.02269284,55732175.44,3653,2482339.25,34.09169829,679.5344238
2015-05-01,1.409213455,38655254.33,2828,10768,4.09177913,54473504.5,3416,2005254.149,21.76713697,587.0181936
2015-05-02,1.422944762,38682854.33,2945,22790,6.12339888,55043564.95,3501,1443769.674,10.11429336,412.3877961
2015-05-03,1.433325706,38709404.33,3428,16020,5.35847828,55483184.29,3941,2918741.514,16.87939536,740.6093665
2015-05-04,1.411009376,38738854.33,3425,11258,5.42486589,54660886.66,4027,2823353.216,15.995,701.1058396
2015-05-05,1.403646842,38765204.33,3208,12650,5.36591617,54412656.63,3724,3086167.064,28.99508564,828.7237013
2015-05-06,1.377364435,38792954.33,3008,10624,5.77594709,53432035.6,3553,1822412.333,27.88225847,512.9221316
2015-05-07,1.449882193,38823454.33,3394,12434,8.08656617,56289435.1,4010,2543730.699,27.81652283,634.3468076
2015-05-08,1.485358826,38854854.33,3393,12900,5.19755481,57713400.8,4013,3293437.511,50,820.6921283
2015-05-09,1.446051979,38885154.33,3666,23699,6.67685718,56229954.35,4287,3037251.15,27.29922463,708.4793912
2015-05-10,1.437494218,38915554.33,3165,13755,4.74771233,55940884.34,3775,2741224.746,27.10920673,726.1522505
2015-05-11,1.442310324,38941704.33,3731,15560,8.85513487,56166022.17,4115,2214123.207,15.9989,538.0615327
2015-05-12,1.444223642,38968954.33,3482,13212,13.07848352,56279885.13,4135,2765899.492,47.9989,668.8995144
2015-05-13,1.444821957,38997304.33,3404,12386,6.935791,56344161.54,4002,3330466.503,39.73304262,832.2005255
2015-05-14,1.448521214,39026754.33,2848,11850,3.95551475,56531081.55,3449,2185019.788,47.39885962,633.5226987
2015-05-15,1.45792904,39055754.33,2961,11251,5.16669574,56940518.41,3546,2649013.155,39.95772433,747.0426268
2015-05-16,1.449149645,39085354.33,3180,22954,5.87363331,56640527.36,3745,2234056.627,13.77244047,596.5438256
2015-05-17,1.450813491,39113604.33,2989,13354,5.44803023,56746544.83,3543,1671645.034,14.78775418,471.8162671
2015-05-18,1.438484874,39143154.33,3593,13904,16.66133547,56306835.43,4207,2686799.606,19.5712675,638.6497756
2015-05-19,1.445208387,39171804.33,3171,12370,4.57023865,56611420.16,3745,2764197.573,43.39427192,738.1034907
2015-05-20,1.457945515,39202354.33,3065,12898,3.9462437,57154896.65,3673,2529545.297,50,688.6864407
2015-05-21,1.475794262,39229054.33,2857,11470,4.09178708,57894013.29,3380,2850936.031,50,843.4721984
2015-05-22,1.806517058,39257104.33,4484,13422,7.39992464,70918628.63,5059,11691904.89,50.007,2311.109882
2015-05-23,1.77794239,39284304.33,3634,12977,4.74002124,69845229.92,4172,5623965.865,50.004,1348.026334
2015-05-24,1.833483356,39313554.33,3733,23124,4.99084674,72080747.52,4316,4167319.28,43.19306269,965.5512697
2015-05-25,1.778428835,39342004.33,3417,13368,4.3274108,69966954.92,3993,3639376.715,50,911.4391973
2015-05-26,1.805844615,39370004.33,3154,12234,6.0865456,71096110.3,3713,2878032.745,50,775.1232816
2015-05-27,1.83573455,39398404.33,3380,12270,5.32191598,72325012.03,3937,4992295.049,50.0002,1268.045479
2015-05-28,1.821516261,39426404.33,3234,11207,4.76429326,71815836.58,3815,4034785.517,50,1057.610883
2015-05-29,1.819397967,39453054.33,3069,11935,4.80577072,71780806.82,3598,5822289.793,50.001,1618.201721
2015-05-30,1.775243216,39482954.33,3174,22452,4.76984583,70091846.83,3778,3919467.197,50,1037.444997
2015-05-31,1.626112479,39513204.33,3626,13877,4.30568312,64252914.66,4202,6925167.952,50,1648.06472
2015-06-01,1.601772058,39542204.33,4017,14244,5.3908839,63337598.01,4566,5384824.067,26.26229469,1179.33072
2015-06-02,1.659014115,39571554.33,3570,11559,4.25903785,65649767.18,4199,4943973.043,49.999,1177.416776
2015-06-03,1.688959645,39600554.33,3873,11971,4.75469365,66883738.18,4459,4451765.541,25.14918217,998.3775603
2015-06-04,1.671807418,39630804.33,3073,11083,8.52685347,66255072.65,3669,4443747.77,50,1211.160472
2015-06-05,1.7454635,39659354.33,3321,9303,3.71078558,69223955.43,3890,5263067.25,50,1352.973586
2015-06-06,1.756342988,39689354.33,3381,22869,6.27016022,69708119.17,3987,5186770.802,50,1300.920693
2015-06-07,1.714951436,39718654.33,3054,13399,5.92622137,68115563.29,3631,4418373.438,50,1216.847546
2015-06-08,1.788070885,39745904.33,3722,11837,4.76752785,71068494.31,4283,6449452.584,50,1505.825959
2015-06-09,1.80202058,39773304.33,3218,11134,4.0266005,71672312.95,3744,4142886.594,50,1106.540223
2015-06-10,1.753004198,39801504.33,3123,11285,4.73444475,69772204.16,3688,4599462.885,50,1247.142865
2015-06-11,1.791686992,39828904.33,3420,12086,4.76096288,71360929.79,3969,4729322.076,50,1191.565149
2015-06-12,1.804991054,39859254.33,3986,12569,5.27716713,71945597.48,4574,5365080.77,50,1172.951633
2015-06-13,1.859111218,39886954.33,3399,23790,5.99239311,74154284.24,3987,6145581.715,50,1541.404995
2015-06-14,1.983995239,39914604.33,4414,13686,5.56528675,79190384.96,4955,8238728.019,50.001,1662.709994
2015-06-15,1.99752829,39943004.33,4375,15436,6.09176696,79787281.14,4943,8290031.423,50.0011,1677.125515
2015-06-16,2.819512687,39969904.33,6432,17179,8.72028341,112695652.4,6958,18210368.05,50.0199,2617.184255
2015-06-17,2.838107865,39998604.33,6626,18670,10.2069387,113520353.5,7196,19235712.35,80.00500204,2673.111777
2015-06-18,3.055701764,40028554.33,5203,14890,6.93731848,122315324.1,5807,12503801.77,50.0043,2153.229167
2015-06-19,2.817396729,40057604.33,4882,14895,7.21517647,112858163.4,5477,11663693.76,50.03755,2129.577097
2015-06-20,3.027466943,40088054.33,9614,30176,10.08022366,121365259.3,10112,8022550.041,1,793.3692683
2015-06-21,2.998324887,40119654.33,16569,28408,8.37078457,120291758,17286,5303501.033,1,306.8090381
2015-06-22,3.012973471,40149004.33,4336,13793,7.58336395,120967884.9,4919,4587949.8,50,932.6996952
2015-06-23,2.96421701,40176204.33,3974,14800,7.72112983,119090988.3,4539,3809515.449,50.002,839.2851837
2015-06-24,2.798463435,40205954.33,4629,14979,7.18575791,112514893,5217,5941605.688,50,1138.893174
2015-06-25,2.841827532,40237504.33,5565,15327,9.13115291,114348047.6,6215,7976886.395,34.73104356,1283.489364
2015-06-26,2.862815952,40265754.33,5541,16270,9.29363135,115273443.8,6094,5641377.13,9.11034904,925.7264736
2015-06-27,3.112030624,40294604.33,9041,29635,15.72807833,125398042.7,9550,6575520.121,1.75454553,688.5361383
2015-06-28,3.087727911,40326904.33,9228,21734,16.1818836,124518508.1,9954,5945959.702,6.37447135,597.3437514
2015-06-29,3.741464476,40353804.33,10826,23517,16.21360165,150982325.4,11281,13260075.31,9.30038206,1175.434386
2015-06-30,4.124122268,40380654.33,7812,22363,20.10506148,166534755.7,8418,14227106.56,50,1690.081559
2015-07-01,3.94867666,40410604.33,5186,16010,9.85196727,159568410.1,5809,11014041.35,51.44498578,1896.030531
2015-07-02,4.074907937,40440204.33,5085,17590,15.0517503,164790109.6,5678,9905873.982,50.03615764,1744.606196
2015-07-03,4.14945563,40470904.33,4965,15682,12.99592032,167932221.8,5559,9938714.298,50.01696595,1787.8601
2015-07-04,4.137079162,40500904.33,4788,25093,18.65778119,167555447.3,5387,6174457.9,50,1146.177446
2015-07-05,4.864221343,40532154.33,6376,19148,19.56995701,197157370.2,6949,13969727.66,50.0391,2010.322012
2015-07-06,5.396845521,40561754.33,7766,22079,29.05333279,218905522.2,8402,23069563.82,76.81304791,2745.722901
2015-07-07,5.262003303,40593404.33,6096,18430,27.81527669,213602627.6,6757,10195786.3,50.05331118,1508.922052
2015-07-08,6.369494588,40624204.33,6911,18929,31.01604583,258755649.6,7468,13496118.6,57.65430683,1807.193171
2015-07-09,7.705938814,40651154.33,9631,25151,97.11627259,313255308,10152,19623374.81,74.35855341,1932.956541
2015-07-10,4.419816927,40678204.33,11614,26359,120.8008387,179790216,12189,36036858.44,100.0338266,2956.506558
2015-07-11,4.33197393,40706854.33,7673,29386,59.72609415,176341031.7,8197,17643708.45,50.18366625,2152.459247
2015-07-12,5.276492833,40736154.33,7342,22623,48.32313273,214944026.3,7964,13771129.7,50.08441833,1729.172488
2015-07-13,4.703136329,40766254.33,5774,15404,59.85399751,191729251.7,6391,9465529.148,50.11586013,1481.071686
2015-07-14,4.597486946,40796704.33,4576,12575,67.76764939,187562315.6,5222,7492199.094,50.04730706,1434.737475
2015-07-15,4.179495231,40826260.58,5133,14786,79.60822832,170633161.4,5683,7000968.075,50.81244663,1231.914143
2015-07-16,3.602969634,40853979.33,6789,15798,89.54579348,147195646.9,7376,12343589.71,80,1673.480167
2015-07-17,3.770478841,40882204.33,4369,10826,72.38632132,154145486.4,4963,12805706.04,50.41100163,2580.234947
2015-07-18,4.00443492,40907673.08,3508,10629,60.43150815,163812114.6,4026,5371074.408,50.10845525,1334.096972
2015-07-19,3.710302593,40933091.83,3941,19510,72.19645905,151874156.8,4385,3526361.289,41.64581308,804.1872952
2015-07-20,3.936771254,40962004.33,3180,10053,72.2108213,161258041.2,3797,3541339.089,50,932.6676558
2015-07-21,3.784023176,40991760.58,3494,8921,73.16855263,155113772.1,4106,4293362.393,50.003,1045.631367
2015-07-22,3.841587956,41021760.58,3221,9656,61.81526214,157588701.4,3824,5342153.68,50,1397.006716
2015-07-23,3.797564696,41051660.58,2910,8983,63.57313495,155896336.9,3500,2816341.281,50,804.6689374
2015-07-24,4.62582076,41081860.58,4513,12027,83.31724848,190037323.5,5069,9165938.969,54.13763344,1808.234162
2015-07-25,4.659892044,41111860.58,3997,11492,71.61450326,191576832,4621,7023092.594,50.216,1519.820946
2015-07-26,4.688059326,41140910.58,4135,20635,69.04420158,192871029.5,4738,4904435.307,48.78307333,1035.127756
2015-07-27,4.692716659,41170560.58,3719,11736,62.95480984,193201775.5,4327,5283614.289,50,1221.080261
2015-07-28,5.116386983,41200310.58,4495,12406,90.99980449,210796732.8,5081,10190042.77,50.001,2005.519144
2015-07-29,4.829591982,41228010.58,4318,11676,77.08744722,199114469.3,4832,5212072.723,50.001,1078.657434
2015-07-30,4.601968451,41255060.58,3196,9843,60.93371562,189854487.2,3771,5147627.992,50.00401832,1365.056481
2015-07-31,4.631287916,41285310.58,3165,9960,60.65556705,191204160,3768,4650844.015,50.001,1234.300429
2015-08-01,4.207751487,41314960.58,3597,16579,51.51484095,173843086.8,4186,6679431.239,50.002,1595.659637
2015-08-02,4.207829797,41344910.58,3697,12851,63.48694858,173972346.7,4302,9328567.929,50,2168.425832
2015-08-03,4.207789394,41375260.58,3851,11250,72.00451507,174098382.6,4457,5239619.635,50,1175.593367
2015-08-04,4.391323417,41404510.58,3565,11050,68.33957506,181820596.9,4156,6851517.808,50.00209809,1648.584651
2015-08-05,4.333673848,41432710.58,3189,9578,63.32089124,179555854.3,3752,5721635.731,50,1524.956218
2015-08-06,4.054127734,41462210.58,3631,10891,67.50659776,168093097.8,4210,5568265.693,50.0001,1322.628431
2015-08-07,4.190179316,41489560.58,3139,9981,70.0245245,173848698.6,3694,3948999.596,50.00503307,1069.030751
2015-08-08,3.883914909,41518510.58,3502,18414,67.6640924,161254362.2,4065,4281460.932,50,1053.249922
2015-08-09,3.933676053,41545960.58,3250,10626,62.64315746,163428350.2,3819,5665403.397,50.001,1483.47824
2015-08-10,3.95582592,41574060.58,3622,11821,69.18197807,164459746.4,4182,4685103.16,50,1120.302047
2015-08-11,4.146911575,41602160.58,3419,9023,64.46382994,172520481.2,3951,4583338.012,50,1160.045055
2015-08-12,4.053876899,41630610.58,3501,11564,54.97920772,168765370.5,4082,5405221.284,50,1324.16004
2015-08-13,3.897502896,41659160.58,3129,10762,58.20089685,162366699,3720,2785583.175,50,748.8126814
2015-08-14,4.02949632,41686660.58,3191,11674,55.89171181,167976245.4,3702,3363476.425,50,908.5565707
2015-08-15,3.942407616,41714810.58,2873,17032,44.57463561,164456786.9,3483,3175082.015,49.547,911.5940323
2015-08-16,3.974425197,41741660.58,3129,10879,54.02160483,165899107.6,3644,3811095.633,50,1045.855004
2015-08-17,4.000381344,41770910.58,3810,10226,53.63396053,167099571.4,4404,4074545.418,50,925.191966
2015-08-18,3.387980465,41801010.58,3487,10119,49.00141792,141621007.3,4026,5064094.304,50,1257.847567
2015-08-19,3.494568529,41830810.58,3776,11015,63.37293499,146180634.2,4446,7917291.034,50.104,1780.767214
2015-08-20,3.619969256,41859360.58,2951,9273,54.45986125,151529598.4,3520,4074211.72,50.001,1157.446511
2015-08-21,3.579445882,41889560.58,2662,9628,56.01078875,149941415.1,3272,2771149.667,50,846.9283824
2015-08-22,3.553596947,41917160.58,3297,18807,70.31969322,148956693.9,3839,4499849.806,48.749,1172.141132
2015-08-23,3.429529175,41945210.58,3129,11139,53.59804027,143852323.4,3677,5240598.17,50,1425.237468
2015-08-24,3.026113351,41973160.58,4412,11893,58.62286804,127015541.6,4959,11253000.51,50.67023821,2269.207604
2015-08-25,3.000092568,41999035.58,5502,11998,76.90349438,126000994.5,6058,20028982.51,98.62347099,3306.203782
2015-08-26,2.954802288,42011960.58,4241,10982,59.62896624,124137037.3,4721,11066328.97,25.1,2344.064598
2015-08-27,2.886471358,42025310.58,2748,8593,45.91902217,121304855.3,3297,6119473.737,25.022675,1856.07332
2015-08-28,2.925867928,42038485.58,3427,10181,44.20574014,122999056.7,3946,10601624.29,25.23985032,2686.676201
2015-08-29,2.895345861,42052035.58,2876,17893,45.81260314,121755187.2,3442,4170793.768,25.002,1211.735551
2015-08-30,2.851651175,42065235.58,2711,10373,43.51077482,119955378.4,3235,2248730.184,25,695.1252502
2015-08-31,2.851940174,42079910.58,2926,10087,41.98740056,120009387.5,3464,4724144.238,25.001,1363.782979
2015-09-01,2.824177804,42095535.58,3203,9540,46.25044358,118885277.2,3893,3170171.054,25,814.3259837
2015-09-02,2.81525058,42111560.58,2929,9387,37.75676126,118554595.3,3511,3145837.603,25.01403938,895.9947601
2015-09-03,2.638042693,42125585.58,3047,8288,36.99699653,111129093.2,3626,5532191.991,25.1,1525.701045
2015-09-04,2.720253487,42140385.58,2962,9019,31.19779389,114632530.8,3580,4727310.972,25.001,1320.477925
2015-09-05,2.93801954,42155660.58,3393,19640,38.9277234,123854154.5,4014,2685588.292,25,669.0553791
2015-09-06,3.078517885,42170460.58,5974,13197,23.68446873,129822517.1,6569,9045098.294,12.12425786,1376.936869
2015-09-07,3.059086132,42185760.58,2987,10185,32.0573752,129049875.2,3589,8622571.533,25.001,2402.49973
2015-09-08,3.055906711,42201235.58,3065,9568,42.83670642,128963039,3682,6639767.315,25.00404466,1803.30454
2015-09-09,2.939906366,42216810.58,2812,8307,38.54598908,124113470.2,3439,3684033.44,25.10191204,1071.251364
2015-09-10,2.945063534,42231810.58,2784,7651,32.54426674,124375365.3,3394,4454063.209,25.102,1312.334475
2015-09-11,2.955509797,42246335.58,2900,9496,37.92784841,124859458.7,3459,3456500.555,25.00800913,999.2774083
2015-09-12,2.864995416,42259010.58,2769,8995,37.62899384,121071871.6,3245,1693721.199,25.003197,521.9479811
2015-09-13,2.802786325,42273710.58,3571,21144,26.23482167,118484177.9,4209,3391377.92,20.83952197,805.7443384
2015-09-14,2.843593628,42289510.58,3008,9849,34.95563809,120254182.8,3631,4157055.845,25.007,1144.879054
2015-09-15,2.82173054,42304335.58,2587,8733,43.06085307,119371435.7,3196,1511511.827,25.00793549,472.9386191
2015-09-16,2.797155444,42319210.58,2976,8893,38.22707972,118373410.3,3559,2326210.973,25.00217302,653.6136481
2015-09-17,2.927850764,42334660.58,2828,10195,37.4899895,123949568.3,3432,4126302.367,25.103,1202.302555
2015-09-18,2.969143058,42348885.58,3246,10190,42.03506084,125739899.6,3839,4661637.704,25.3,1214.284372
2015-09-19,2.887101964,42363235.58,2676,8636,41.52985784,122306980.7,3247,4801443.254,25.21506816,1478.732139
2015-09-20,2.851983961,42377360.58,3828,21884,32.44849483,120859552.7,4369,4833909.26,25,1106.410909
2015-09-21,2.796261594,42391260.58,3407,11782,45.70865445,118537053.9,3974,6024559.576,25.42540079,1515.993854
2015-09-22,2.836081959,42404685.58,3683,11242,45.20620527,120263163.8,4200,5658778.773,25.38484278,1347.328279
2015-09-23,2.841740465,42419760.58,2946,8651,23.04609183,120545950.1,3567,3759832.965,25.18088996,1054.060265
2015-09-24,2.922314857,42434285.58,2821,8892,24.44442887,124006343.2,3397,2947280.38,25.1738891,867.6127112
2015-09-25,2.90363652,42448235.58,3427,10578,34.44812863,123254247,4002,3121195.479,25.01782747,779.9089152
2015-09-26,2.876617645,42462435.58,2550,9083,21.16305231,122148191.4,3127,2320707.421,25.05403632,742.1513978
2015-09-27,2.849302488,42476435.58,3600,20146,23.81055476,121028213.6,4129,2228041.062,25.002,539.6079103
2015-09-28,3.058581994,42492435.58,3713,11532,27.08068919,129966598.3,4333,5882304.927,25.27773116,1357.559411
2015-09-29,3.001129682,42506985.58,3698,8842,36.93951551,127568976.1,4285,7776291.84,75.03701938,1814.770558
2015-09-30,3.014468869,42521960.58,3469,10638,26.22840265,128181126.4,4094,4838168.185,25.17166806,1181.770441
2015-10-01,2.999243871,42534960.58,3066,9753,32.11299526,127572719.8,3590,3242210.326,25.12611748,903.1226533
2015-10-02,2.988059118,42550010.58,3080,9763,28.89851059,127141947.1,3677,1763334.237,25.11700006,479.5578561
2015-10-03,3.047222268,42564385.58,2798,7147,35.75638061,129703143.5,3384,2254735.607,25.31995803,666.293028
2015-10-04,3.020074851,42579685.58,3605,20368,27.85318217,128593837.6,4213,2878433.933,25.00122,683.2266635
2015-10-05,3.012411967,42594960.58,3364,10480,37.44190147,128313569,3975,3407697.683,25.41155558,857.2824359
2015-10-06,3.140084047,42609485.58,3519,9387,38.22598634,133797365.9,4096,4466069.572,43.518,1090.349017
2015-10-07,3.062618668,42624435.58,3587,9825,41.95270697,130542392.1,4161,3295978.46,27.0651,792.1121029
2015-10-08,3.063219426,42638135.58,3258,8883,28.98514103,130609965.2,3832,2745429.023,34.46044913,716.4480748
2015-10-09,3.097385656,42651835.58,3966,9776,26.2075447,132109183.7,4518,4055156.844,25.34467318,897.5557424
2015-10-10,3.111579391,42666335.58,4154,18787,26.74738642,132759690.5,4745,2882867.438,25.002,607.5589963
2015-10-11,3.16296306,42680335.58,3780,11864,21.47888506,134996324.8,4275,5485437.259,25.21496935,1283.143219
2015-10-12,3.145380841,42694660.58,4632,11689,19.71486574,134290967.4,5242,4475369.618,25.19364376,853.7523118
2015-10-13,3.183370963,42709160.58,4363,8574,13.89881837,135959101.6,4954,6056496.521,34.360372,1222.546734
2015-10-14,3.150018213,42723610.58,5277,8777,13.83499626,134580151.5,5861,5972169.944,25.02076315,1018.967743
2015-10-15,3.091870524,42737460.58,4439,11463,13.53678518,132138694.6,4989,5448189.592,41.49665538,1092.040407
2015-10-16,3.114879202,42751660.58,4463,11469,16.86157955,133166258.4,5030,5362632.097,58.99850959,1066.129641
2015-10-17,3.067179407,42765985.58,5818,22609,16.4831103,131170950.3,6380,7389865.915,25.19184666,1158.286194
2015-10-18,3.014247921,42779710.58,4862,10922,14.36008313,128948653.7,5404,13229395.67,115.0009327,2448.074699
2015-10-19,3.044840089,42794285.58,4266,11353,19.50252523,130301756.3,4861,5202933.131,62.02464041,1070.342138
2015-10-20,3.084161455,42809060.58,4281,10784,18.14033059,132030054.5,4881,4620866.414,97.45045,946.7048584
2015-10-21,3.057799741,42825110.58,7369,13372,21.19895714,130950612,8020,7269105.887,15.13421,906.3723051
2015-10-22,3.128230777,42839360.58,4489,10420,15.8478784,134011406.2,5046,8216535.83,133.239,1628.326562
2015-10-23,3.125322261,42853960.58,5270,11253,16.18194584,133932437,5839,6260317.162,43.2,1072.155705
2015-10-24,3.112669929,42868410.58,5697,21712,18.63404835,133435212.5,6291,4693927.844,25.00429556,746.1338171
2015-10-25,3.089278987,42882860.58,6339,11731,17.9221322,132477120.1,6878,8006512.728,42.78704234,1164.075709
2015-10-26,3.118085083,42896585.58,6270,11895,19.34544021,133755203.6,6836,6066833.582,25.12982442,887.4829699
2015-10-27,3.106908801,42912385.58,6956,12754,17.76620049,133324868.4,7585,5931204.196,25,781.9649566
2015-10-28,3.097703892,42926610.58,5725,13574,27.43380633,132973928.7,6285,4752474.514,73.263,756.1614183
2015-10-29,3.857337263,42940560.58,7109,14569,37.19157401,165636224.4,7667,10130552.79,175.5598252,1321.319002
2015-10-30,3.981606592,42954985.58,7959,17124,41.11902079,171029853.7,8565,15433198,218.5623388,1801.891186
2015-10-31,3.653313053,42968735.58,11669,22508,23.13357502,156978242.5,12213,11328560.05,172.3363962,927.582089
2015-11-01,3.871109697,42983285.58,3937,10673,16.780094,166393013.6,4526,5983676.495,25.29173385,1322.067277
2015-11-02,4.170503848,42998410.58,5358,16909,27.89061778,179325036.7,5970,7494489.461,25.058631,1255.358369
2015-11-03,4.525360227,43013035.58,7008,16532,41.18633151,194649480.4,7537,15053279.81,28.06682962,1997.25087
2015-11-04,3.982285324,43027460.58,8457,16726,68.32981434,171347624.8,9040,13133372.62,25.25139671,1452.806706
2015-11-05,3.813921238,43042135.58,6263,16435,54.08600793,164159315,6735,12171831.94,44.46100934,1807.250473
2015-11-06,3.503662429,43057035.58,7790,23229,34.91395954,150857317.8,8480,12204751.4,17.93712037,1439.239552
2015-11-07,3.580783149,43071135.58,5403,13377,20.90133543,154228396.5,6027,7347469.695,25,1219.092367
2015-11-08,3.404300631,43085910.58,6499,13364,30.12191686,146677392.6,7108,5858061.024,16.07689444,824.1503973
2015-11-09,3.402558214,43100435.58,7714,16666,36.60405078,146651741.1,8261,11634790.88,17.81614677,1408.399816
2015-11-10,3.101427978,43113210.58,5185,11638,39.60832873,133712517.5,5711,12541797.93,50.484,2196.077383
2015-11-11,2.960976744,43127260.58,6094,13756,43.51878076,127698815.6,6630,12052727.66,25.10324778,1817.907642
2015-11-12,3.286073748,43141285.58,5927,13359,35.14974224,141765446,6498,8766498.287,25.00201885,1349.107154
2015-11-13,3.236493865,43155535.58,5252,11355,61.70695431,139672626.1,5766,8144621.488,25,1412.525406
2015-11-14,3.191771986,43169085.58,5800,22377,55.52545034,137785878,6403,9938054.1,18.52022292,1552.093409
2015-11-15,3.075988749,43183235.58,6172,15414,35.75700915,132831146.8,6757,7513307.25,25,1111.929443
2015-11-16,3.199195298,43197435.58,5815,13604,51.13421603,138197032.8,6354,8821711.346,25.000005,1388.371317
2015-11-17,3.221459516,43211010.58,5583,12100,48.26276681,139202521.2,6074,6917054.396,25.02994778,1138.797233
2015-11-18,3.183803739,43225835.58,7094,15634,82.12308332,137622576.9,7587,7494267.621,10.44107,987.7774642
2015-11-19,3.132719403,43239685.58,5663,10348,38.08251299,135457802,6397,7915641.427,25,1237.399004
2015-11-20,3.124347323,43253360.58,5920,13840,45.00067569,135138521.3,6382,10714104.11,25.02003437,1678.800393
2015-11-21,3.143719904,43266285.58,5734,18758,42.21003574,136017083.1,6301,10110938.67,21.01078317,1604.656193
2015-11-22,3.132490022,43278235.58,5263,14816,28.73392661,135568641.1,5746,11712153.47,24.98088035,2038.314213
2015-11-23,3.118979788,43293235.58,4518,10954,41.42170824,135030726.7,5140,10780771.89,33.15851596,2097.426437
2015-11-24,3.09511046,43307760.58,5093,14967,51.22324408,134042302.8,5679,11939264.03,25.07004692,2102.353237
2015-11-25,3.341515579,43319960.58,6437,12574,50.90342289,144754323.1,6730,11166404.29,25.14661006,1659.19826
2015-11-26,3.639384408,43330935.58,8491,14924,31.69491622,157697931.3,9127,15861660.6,25,1737.883269
2015-11-27,3.587472318,43345535.58,5548,12455,24.87159071,155500909,6142,9944479.094,25.01556336,1619.09461
2015-11-28,3.512641098,43360560.58,7539,23717,21.85841826,152310087.1,8083,7863852.351,10.58727429,972.8878326
2015-11-29,3.688417915,43377210.58,5986,15199,24.81157061,159993280.6,6695,11916185.35,25.012291,1779.863383
2015-11-30,3.609400625,43394760.58,6427,16423,35.69661009,156629075.9,7127,9585233.072,25.13,1344.918349
2015-12-01,3.43821966,43410360.58,6207,14954,47.59388099,149254355.2,6837,13452658.79,35.86361653,1967.625975
2015-12-02,3.353672022,43428710.58,5024,12184,52.3748671,145645651.6,5767,13703307.56,68.50008741,2376.158759
2015-12-03,3.383659421,43444210.58,4745,10454,59.54064477,147000412.4,5369,16239551.79,169.9800911,3024.688358
2015-12-04,3.371333355,43457985.58,4669,12979,46.82228314,146511356.3,5212,17916933.78,146.9605,3437.631194
2015-12-05,3.539608233,43472960.58,6027,22757,60.6759345,153877249.2,6607,13660284.71,54.9099,2067.547255
2015-12-06,3.482416309,43486285.58,6476,13121,71.82447669,151437350.1,6975,17180593.64,50.06817118,2463.167546
2015-12-07,3.640037266,43499610.58,9404,12836,38.11580785,158340203.6,9973,20086363.88,15.9989,2014.074389
2015-12-08,3.692004306,43513735.58,6374,16220,49.39482618,160652899.1,6928,19294074.54,50.00546733,2784.941475
2015-12-09,3.665163878,43529060.58,7225,14745,57.17108845,159541140.5,7847,22869483.06,25.56458254,2914.423737
2015-12-10,3.648234203,43544560.58,5817,13644,45.37648648,158860755.3,6446,13364412.03,114.7827286,2073.287624
2015-12-11,3.867627439,43559685.58,7875,13990,50.70905526,168472635.2,8204,21195087.12,75.5284456,2583.506475
2015-12-12,3.609914323,43575010.58,7131,22949,106.4873504,157302054.8,8020,13904488.82,47.08437848,1733.726785
2015-12-13,3.580881696,43589385.58,5830,12896,62.75611209,156088433,6422,16919188.01,174.7567372,2634.566803
2015-12-14,3.5860355,43603560.58,8093,12687,103.2760459,156363916.1,8584,14825214.37,31.9989,1727.075299
2015-12-15,3.798501124,43617410.58,8644,19842,124.2383275,165680783.1,9195,20665481.79,60.38372298,2247.469471
2015-12-16,3.672599045,43631235.58,8586,16612,147.7894724,160240034.1,9200,10480142.57,10.12243099,1139.145931
2015-12-17,3.729102605,43645610.58,5287,12043,83.10347828,162758960.1,5850,3857578.965,13.14696859,659.4152077
2015-12-18,3.742308981,43660760.58,3635,10561,82.13395485,163392056.4,4232,4162383.297,25,983.5499285
2015-12-19,3.708047978,43676260.58,4345,21462,71.45764207,161953669.7,4986,2446869.304,9.3916205,490.747955
2015-12-20,3.513854435,43690060.58,4285,14561,78.66079273,153520513.1,4827,2898479.421,6.85863044,600.4722231
2015-12-21,3.433976626,43704260.58,6286,15631,283.5397637,150079409.3,6868,8253058.501,29.23987471,1201.66839
2015-12-22,3.384610799,43717885.58,4457,13161,113.8714487,147968027.6,4782,2309575.008,14.68578993,482.9726073
2015-12-23,3.565563514,43731585.58,5196,11422,220.8329688,155927746,5935,8177045.277,26.021,1377.766685
2015-12-24,3.632938688,43747410.58,4050,12519,149.8643515,158931660.4,4722,5498984.735,25.00220219,1164.545687
2015-12-25,3.613941816,43763010.58,3091,10315,79.71290782,158156973.9,3721,2090178.998,16.66596959,561.7250732
2015-12-26,3.449718143,43778310.58,3858,12467,105.1799048,151022832.3,4442,5518281.363,25,1242.29657
2015-12-27,3.489253019,43791910.58,4718,22300,135.4749196,152801056.2,5272,3852129.971,7.42903216,730.6771569
2015-12-28,3.454693929,43806235.58,4096,12998,78.1086836,151337136.1,4642,2219132.152,10.7976444,478.0551813
2015-12-29,3.493508943,43820035.58,3979,10557,97.73795341,153085686.2,4549,2533977.843,13.08990302,557.0406337
2015-12-30,3.458319345,43834085.58,4594,14111,156.2581415,151592266.1,5124,2565660.541,17.33379806,500.7143912
2015-12-31,3.472025296,43848110.58,2810,8109,68.34450521,152241749.1,3421,2100686.358,25,614.0562287
2016-01-01,3.521113207,43862085.58,3219,14891,96.10268974,154443368.8,3695,2084543.237,13.90814472,564.1524321
2016-01-02,3.50463783,43875485.58,4829,21205,116.5147412,153767686.6,5453,1839346.54,6.73912,337.3091032
2016-01-03,3.478332222,43890588.7,3846,14742,84.1385358,152666048.9,4399,1800746.737,7.6395,409.3536569
2016-01-04,3.498110759,43905913.7,4546,13270,135.8125497,153587749.1,5148,1462197.177,9.697,284.0320857
2016-01-05,3.47838366,43920938.7,3729,11411,71.00603394,152773875.5,4393,1658055.602,9.612,377.4312774
2016-01-06,3.460348186,43935876.2,3244,11261,78.44329373,152033429.5,3833,3263031.169,9.13217007,851.2995483
2016-01-07,3.621570741,43949432.45,4725,12981,175.0148406,159165978.7,5275,5712161.963,25.10964805,1082.874306
2016-01-08,3.576833157,43963766.83,6847,15365,259.664218,157251058.9,7408,7971853.833,23.38671205,1076.114178
2016-01-09,3.566827609,43978016.83,7517,26278,390.8560523,156862004.6,8042,12747803.31,40.11973977,1585.153358
2016-01-10,3.550082034,43993044.95,5198,14568,243.0946213,156178918.5,5715,7424892.265,25.50702964,1299.193747
2016-01-11,3.567797825,44007798.08,6807,17263,192.2840141,157010926.3,7504,5507949.761,8.2222787,734.0018338
2016-01-12,3.507586121,44024373.08,3973,14077,103.7562666,154419280,4661,2762001.318,10.34159258,592.5769829
2016-01-13,3.470929041,44038198.08,4336,12242,102.5482172,152853460.6,4713,5434061.6,25,1152.994186
2016-01-14,3.45390875,44052101.2,3132,11651,81.6530753,152151937.8,3859,3210570.201,22.50393461,831.9694742
2016-01-15,3.035839337,44066004.33,4192,12937,93.26572696,133777309.3,4691,9839801.54,25.01914734,2097.59146
2016-01-16,3.087651525,44080582.45,5112,14626,80.82019114,136105477.6,5763,6256367.448,15.96660679,1085.609482
2016-01-17,3.018863152,44094510.58,6114,25534,73.59814153,133115293.2,6640,3501046.184,10.70461474,527.2659915
2016-01-18,3.031704162,44109798.08,4482,13166,72.39849623,133727858.4,5109,2946878.378,10.1589,576.8014049
2016-01-19,2.983330866,44123923.08,3076,9128,68.78222298,131636261.6,3669,1875862.682,18.137796,511.2735573
2016-01-20,3.393199101,44138048.08,5388,15138,88.3146661,149769185.1,5934,4999544.405,11.3000107,842.5251778
2016-01-21,3.219739468,44151898.08,3951,13042,75.34187704,142157608.8,4466,4495697.12,19.17611832,1006.649601
2016-01-22,3.053519895,44166398.08,4335,12358,104.7852302,134862975.2,4966,4426951.338,25.0009445,891.4521421
2016-01-23,3.085081244,44180273.08,5017,23909,116.1314121,136299731.8,5580,2559923.476,10.5558329,458.7676481
2016-01-24,3.185244816,44194848.08,4639,19536,98.49777624,140771410.7,5226,3849374.608,19.37666101,736.5814405
2016-01-25,3.105139276,44209548.08,5152,20857,106.7082694,137276804.1,5734,2790560.034,12.3040561,486.6689978
2016-01-26,3.122198839,44225098.08,5581,24091,146.1711084,138079549.9,6174,6377529.623,25,1032.965601
2016-01-27,3.292567217,44240248.08,7278,25004,175.6835654,145663990.5,7799,9445519.078,24.38821536,1211.119256
2016-01-28,3.082313138,44253848.08,6213,25418,127.8671323,136404217.3,6834,8106084.574,21.41016677,1186.140558
2016-01-29,3.089402424,44266748.08,5033,19252,98.3053891,136757798.8,5557,7202006.385,21.88993144,1296.024183
2016-01-30,3.060449954,44279148.08,5645,36482,98.54848397,135514116.7,6134,2987566.506,10.01216602,487.0502944
2016-01-31,3.012644012,44290948.08,5287,22527,85.86662819,133432859.5,5763,2565592.731,11.04707639,445.1835382
2016-02-01,3.042310442,44307123.08,5560,14843,88.47416989,134796023.2,6236,3859436.169,11.246245,618.8961143
2016-02-02,3.043586255,44323023.08,3358,21073,77.53221392,134900943.8,4002,1816172.804,19.27136031,453.8162928
2016-02-03,3.027266179,44338923.08,3235,13188,70.74238714,134225722.2,3855,1036603.397,12.90415843,268.8984167
2016-02-04,3.161295471,44352898.08,3917,17220,73.94684056,140212615.8,4498,3287397.596,15.08057153,730.8576247
2016-02-05,3.106606556,44367523.08,3789,17201,71.42290173,137832438.1,4346,2284762.12,10.92546328,525.7160883
2016-02-06,3.061351661,44382598.08,3676,20984,80.87053718,135870740.3,4298,2723545.111,14.05579137,633.6773176
2016-02-07,3.061429286,44397448.08,3404,16884,69.59540612,135919647.8,3996,1548189.041,9.09100172,387.434695
2016-02-08,3.02397867,44412123.08,3570,10740,64.49573896,134301312.9,4159,1324355.155,11.68236,318.4311504
2016-02-09,3.036159752,44426023.08,4198,17715,77.43487374,134884503.2,4697,1991528.903,10.95952672,424.0001921
2016-02-10,3.053786839,44438973.08,3087,12417,75.71740203,135707151.1,3657,2942961.717,22.71636905,804.7475299
2016-02-11,3.034371614,44453651.2,3322,15617,69.17947657,134888897.3,3739,2015175.627,25,538.9611197
2016-02-12,3.067690898,44467626.2,3203,15853,63.09275921,136412932.2,3940,1799665.338,9.65460155,456.7678524
2016-02-13,3.099368369,44481401.2,3273,17309,61.67598667,137864247.9,3803,1810148.675,8.70518601,475.9791416
2016-02-14,3.179233831,44495951.2,3462,18020,61.80512851,141463033.4,4033,3141366.195,13.47104919,778.9154959
2016-02-15,3.130990257,44510526.2,3847,15463,66.90446684,139362023.9,4456,2962011.45,12.76863203,664.724293
2016-02-16,3.179441743,44526001.2,3681,14812,59.19885252,141567826.9,4304,2024468.756,9.33124232,470.3691348
2016-02-17,3.213459758,44540601.2,5033,15775,54.75605904,143129429.6,5619,3176668.358,10.51856,565.3440751
2016-02-18,3.222021225,44554351.2,3736,16125,65.28053333,143555065.2,4286,3465036.286,25,808.4545697
2016-02-19,3.216017546,44567701.2,4830,12755,46.67489664,143330509.1,5358,4374097.832,14.41755391,816.3676432
2016-02-20,3.462171586,44581501.2,5310,21532,71.07074355,154348806.7,5824,7200303.01,25.08487598,1236.315764
2016-02-21,3.445763348,44596826.2,4688,25320,52.07946202,153670109.2,5336,6729232.828,25.01821975,1261.100605
2016-02-22,3.466139653,44611076.2,5272,19815,35.54589555,154628220.2,5845,4886362.786,23.87870744,835.9902115
2016-02-23,3.388302676,44625301.2,4063,16548,46.69090063,151204027.5,4621,6589259.619,25.04260475,1425.938026
2016-02-24,3.350266371,44640251.2,4664,12814,34.30454464,149556732.4,5282,3952184.366,25.00512083,748.2363434
2016-02-25,3.35905797,44654626.2,3834,15052,39.7195883,149997478,4397,3208575.927,25,729.7193376
2016-02-26,3.408397343,44669076.2,3923,15944,43.6408231,152249960.6,4497,3627166.139,25,806.5746361
2016-02-27,3.410131059,44685001.2,3598,22502,53.67358027,152381710.5,4221,2720608.576,25,644.5412404
2016-02-28,3.422257413,44699376.2,3795,15308,44.99023392,152972771.6,4396,6604003.135,25.004,1502.275508
2016-02-29,3.425535657,44713276.2,4729,18754,52.96462699,153166922,5256,4584409.068,16.547655,872.2239474
2016-03-01,3.407996462,44725851.2,4706,17435,62.75587222,152425542.6,5228,4899549.411,19.29011068,937.1747151
2016-03-02,3.350859674,44739976.2,6568,14265,39.41499209,149917382.1,7130,3328420.198,12.1489,466.8191021
2016-03-03,3.279949813,44754251.2,4293,17563,45.25716441,146791697.9,4854,5322783.942,25.01301975,1096.576832
2016-03-04,3.204400578,44768926.2,3636,14580,46.65007007,143457573,4233,5065344.92,25.19887179,1196.632393
2016-03-05,3.1467121,44783426.2,4468,23383,52.74571542,140920549.1,5023,4044167.148,25,805.1298323
2016-03-06,3.171640558,44798126.2,3793,20507,45.30831287,142083554,4415,2316180.053,25.001,524.6160934
2016-03-07,3.24798491,44813701.2,3698,16584,43.53211667,145554225.3,4308,3950744.131,25.02894312,917.0715253
2016-03-08,3.225904397,44827451.2,3133,11159,32.76707477,144609071.9,3677,2306429.81,25.04873086,627.2585832
2016-03-09,3.261484265,44841551.2,2937,11603,39.48480077,146250013.7,3518,2860362.148,25.20343743,813.0648517
2016-03-10,3.26934755,44855901.2,3804,17096,48.17476737,146649530.7,4363,2249828.18,24.99845441,515.6608252
2016-03-11,3.359803015,44868426.2,4700,16130,40.51648348,150749073.6,5215,5571308.124,9.99812777,1068.323705
2016-03-12,3.263381168,44882126.2,3254,12711,35.25331273,146467485.4,3809,3481773.563,25.21623744,914.0912478
2016-03-13,3.261382543,44897201.2,4112,23045,38.67383929,146426948.2,4684,2914442.31,25,622.212278
2016-03-14,3.278752651,44911176.2,4118,17927,37.15697142,147252638,4717,2934527.001,20.00965881,622.1172358
2016-03-15,3.297756709,44925901.2,3448,17045,38.8926448,148154692.1,4035,3598519.884,25.002,891.8264892
2016-03-16,3.297060392,44940776.2,3679,12268,40.81061623,148172453.2,4178,2978628.039,25.00706909,712.9315554
2016-03-17,3.290491257,44956076.2,4400,16671,29.56090731,147927575.7,5092,3352117.884,25,658.3106607
2016-03-18,3.164855802,44971851.2,4443,16070,31.24230459,142329424.2,5074,4909940.172,25.02532275,967.6665691
2016-03-19,3.168667762,44987526.2,4351,24268,32.89540524,142550524,4989,3458557.806,16.217,693.236682
2016-03-20,3.189909628,45001851.2,4614,20334,35.26375346,143551838.4,5174,3702455.464,19.88843843,715.5886092
2016-03-21,3.193036833,45017776.2,4393,12850,22.73200762,143743417.6,4909,2488456.399,25.002,506.9171723
2016-03-22,3.222600852,45032576.2,4768,19438,26.65875321,145122018.4,5456,3179083.287,24.43079028,582.6765555
2016-03-23,3.234605597,45047776.2,4207,22022,29.57296971,145711789,4857,3954091.015,25.02247607,814.1015061
2016-03-24,3.188587923,45061576.2,7157,16870,22.5424367,143682797.7,7678,3359874.955,8.87582456,437.5976758
2016-03-25,3.223659708,45074476.2,4165,16355,22.53015154,145304772.8,4676,3459417.677,25.002,739.8241395
2016-03-26,3.227285211,45088776.2,5003,24126,21.45353333,145514340.6,5582,3106695.37,23.888,556.5559602
2016-03-27,3.294322294,45102926.2,4578,22697,24.53577812,148583575.3,5147,3250832.763,25,631.5975835
2016-03-28,3.252725415,45117426.2,5269,14355,24.11401339,146754598.9,5835,6130979.469,25.37528732,1050.724845
2016-03-29,3.222405674,45131801.2,5200,16823,22.41563071,145432972.3,5780,3345373.494,19.02637147,578.7843416
2016-03-30,3.20887743,45145951.2,4878,12182,17.30905561,144867823.9,5489,1832266.845,13.086412,333.8070404
2016-03-31,3.26104681,45159501.2,5069,13766,17.94025408,147267247.3,5512,2237200.731,19.67308504,405.8782168
2016-04-01,3.253575117,45173901.2,5572,20765,19.63099531,146976680.9,6163,3081893.356,9.8655934,500.0638255
2016-04-02,3.264575901,45188176.2,5400,33066,20.16933435,147520231,6045,3630247.002,9.36925019,600.5371384
2016-04-03,3.25690648,45203401.2,3900,16130,15.91912125,147223250.3,4481,2659022.886,25,593.399439
2016-04-04,3.237609981,45217751.2,4139,19661,20.86338026,146397442.6,4735,2583336.474,25,545.5832046
2016-04-05,3.252919006,45232276.2,5838,13065,23.85119769,147136930.9,6390,3407280.368,21.70111204,533.2207149
2016-04-06,3.255845709,45247476.2,4960,21807,22.90460711,147318801.2,5602,3445908.712,25.00408843,615.1211553
2016-04-07,3.242246365,45261626.2,5822,19593,21.65293024,146749343,6388,3934798.393,25,615.9671874
2016-04-08,3.21530528,45273826.2,5317,17337,22.46184044,145569172.4,5801,2915958.059,25,502.6647231
2016-04-09,3.232737141,45286751.2,6050,24338,22.15037316,146400162.6,6547,4342397.633,10.94,663.2652563
2016-04-10,3.244278799,45300876.2,4673,11211,18.6141222,146968672.2,5254,3219565.967,21.0831879,612.7837775
2016-04-11,3.249756978,45315076.2,5230,20839,17.82756953,147262985.1,5790,2244620.138,15.266836,387.6718719
2016-04-12,3.286129916,45330601.2,4045,19240,18.67317806,148962244.7,4669,2741351.726,25.01,587.1389432
2016-04-13,3.252638303,45344026.2,3836,14776,19.81332278,147487716.4,4376,2211044.773,25.001,505.266173
2016-04-14,3.256757554,45358151.2,3884,15131,17.83041966,147720501.6,4463,2389559.274,25.001,535.4154771
2016-04-15,3.293128749,45371951.2,4419,18419,18.84671119,149415676.9,4940,3891719.528,25.01346699,787.7974753
2016-04-16,3.290028171,45384926.2,3530,13218,14.10059823,149317685.7,4045,1957067.061,25.03286666,483.823748
2016-04-17,3.271577221,45398876.2,4237,24424,16.37986841,148525929.3,4810,1886012.02,18.43040929,392.102291
2016-04-18,3.263622455,45414151.2,4459,17384,15.80945337,148214643.6,5055,2520997.976,25,498.7137439
2016-04-19,3.314102382,45429251.2,4321,17748,15.80082395,150557189.6,4961,2602056.686,25.007,524.5024563
2016-04-20,3.296713857,45444226.2,4278,15299,26.73328748,149816610.3,4844,4484313.009,25.06444844,925.7458731
2016-04-21,3.370661076,45457776.2,4595,17174,24.54654124,153222756.8,5147,4083493.101,25.05302713,793.373441
2016-04-22,3.362522168,45470376.2,3987,11430,16.37707883,152895148,4480,3313722.487,38.15796397,739.670198
2016-04-23,3.358878554,45484101.2,4769,24686,18.47173664,152775572.1,5304,2340712.662,13.84725818,441.3108337
2016-04-24,3.707295582,45498701.2,6310,20943,21.81910594,168677133.9,6920,13502253.74,25.03163553,1951.192738
2016-04-25,3.858530114,45515101.2,6931,22565,25.13654688,175621388.6,7516,17856938.54,50.42418342,2375.856644
2016-04-26,4.088449407,45529451.2,6397,20076,27.2721053,186144857.8,7043,21048481.05,50.1380758,2988.567521
2016-04-27,3.906233497,45545001.2,6993,14483,24.36447679,177909409.3,7577,13355174.29,37.33726081,1762.59394
2016-04-28,3.814206315,45558926.2,5687,23883,26.36087843,173771144,6288,23039552.94,55.394211,3664.05104
2016-04-29,3.842126291,45572676.2,5647,16276,19.61468612,175095977.4,6204,7494126.067,32.91642987,1207.950688
2016-04-30,3.667554849,45587426.2,5089,18484,17.80368852,167194386,5653,5644515.501,44.59798836,998.4991157
2016-05-01,3.727556242,45600976.2,5867,25449,20.49267192,169980203.5,6436,5459133.995,25.01540191,848.2184578
2016-05-02,3.679605964,45614001.2,5712,16945,17.7756173,167841550.9,6212,5241435.359,50.01307641,843.7597165
2016-05-03,3.766702446,45627201.2,5334,13984,24.97522033,171864090.4,5865,6045172.749,49.62691578,1030.719991
2016-05-04,3.757734616,45640201.2,5898,13479,16.70593766,171503763.9,6411,4006190.969,29.15507,624.8933035
2016-05-05,3.725123384,45655076.2,6907,26889,20.63513251,170070792,7500,5952495.029,25.06530078,793.6660038
2016-05-06,3.842383034,45669626.2,6231,15987,20.59912365,175480196.9,6820,5609487.585,40.46393863,822.505511
2016-05-07,4.023290192,45685226.2,5761,17595,19.32741353,183804922.5,6367,7605731.187,90,1194.554922
2016-05-08,3.967195728,45699451.2,5307,18902,15.26573336,181298667.6,5830,3320985.11,74.59704729,569.6372402
2016-05-09,4.11232721,45712876.2,6365,19313,24.50804418,187986304.7,6971,8614064.916,90.4375,1235.700031
2016-05-10,3.824748296,45727901.2,7027,18333,30.6933136,174897712.2,7438,8349034.033,90.097,1122.483737
2016-05-11,3.88726357,45742826.2,6560,18847,29.96646098,177814421.9,7360,7876529.205,65.40883058,1070.180598
2016-05-12,3.878255529,45755926.2,7073,16882,19.74027191,177453173.8,7578,8273344.778,63.57627311,1091.75835
2016-05-13,3.959741272,45770301.2,7200,18191,19.47455223,181238550.7,7774,7032751.077,32.99632667,904.6502543
2016-05-14,4.033142436,45784051.2,6352,23140,21.54608731,184653599.8,6859,8087539.456,25.12548236,1179.113494
2016-05-15,4.101335784,45799526.2,6222,13028,16.97311599,187839235.7,6839,6556757.697,50.03796114,958.7304718
2016-05-16,4.021889781,45815201.2,7409,21190,21.51734106,184263689.5,8081,9090214.588,41.20310684,1124.887339
2016-05-17,3.976560744,45830501.2,6990,12840,20.89768001,182247772,7602,11728317.24,54.12732538,1542.793638
2016-05-18,4.007161871,45845776.2,6653,21255,20.00573175,183711446.4,7241,6422617.816,43.23817269,886.9793974
2016-05-19,3.813862038,45859451.2,6676,22374,24.70674038,174901620,7223,7238523.336,56.75468788,1002.149154
2016-05-20,3.87252884,45873351.2,5546,14514,18.09077961,177645875.5,6130,6796652.944,50.72032461,1108.752519
2016-05-21,3.975781354,45887526.2,5855,21500,18.65771233,182438771,6431,5386068.413,25.09950137,837.5164691
2016-05-22,3.941162871,45901201.2,5791,12967,19.87149817,180904109.9,6333,5632106.841,49.59089106,889.3268343
2016-05-23,3.981456328,45915526.2,6307,24058,20.05961922,182810662.4,6832,5539601.017,25.28629454,810.8315306
2016-05-24,3.951705468,45930826.2,5369,15264,17.56950784,181505097.1,6039,5060671.256,58.55777377,837.998221
2016-05-25,4.030985364,45945651.2,6257,14590,40.44268123,185206247.5,6818,7366535.479,89.18051995,1080.454016
2016-05-26,4.098494138,45959701.2,5862,10848,15.3338545,188365566,6413,9179950.974,67.04879025,1431.459687
2016-05-27,4.445779702,45973976.2,9235,24311,24.77029446,204390170.2,9564,26793970.88,64.40004604,2801.544425
2016-05-28,4.549879677,45989151.2,7926,23560,23.20654892,209245104.4,8711,16946300.64,70.09489366,1945.390958
2016-05-29,4.508981074,46003076.2,6432,18416,20.71674758,207426999.9,7066,10636517.7,86.36417186,1505.30961
2016-05-30,4.57612782,46014651.2,6822,15147,20.49792129,210568925.5,7297,15745949.77,40.13493213,2157.866215
2016-05-31,4.629284622,46025876.2,8131,17775,20.94191715,213066880.9,8557,18281737.12,25.30815698,2136.465715
2016-06-01,4.725330157,46036851.2,7173,16352,18.54409991,217539321.3,7588,10106250.16,25.11669759,1331.872715
2016-06-02,4.71965872,46049276.2,7004,20091,19.78424913,217336868,7526,5106292.855,25.9277656,678.4869592
2016-06-03,4.903228586,46063701.2,9469,20020,26.40465466,225860856.5,10102,5481432.725,12.3045724,542.6086641
2016-06-04,4.843884172,46078926.2,4152,15671,16.22056546,223200981.3,4750,4827981.247,25.00298809,1016.417105
2016-06-05,4.827409649,46092901.2,3516,11972,16.41148657,222509316,4074,6123028.086,25.01899314,1502.952402
2016-06-06,4.965684953,46109151.2,4326,16569,23.37528827,228963518.3,4964,5857844.972,25.0147886,1180.065466
2016-06-07,4.79392713,46124251.2,4220,17586,23.00497336,221116299.2,4834,6933587.741,25.9065097,1434.337555
2016-06-08,4.77659433,46139376.2,3891,9492,19.26536377,220389082.7,4496,7979530.767,25.02999601,1774.806665
2016-06-09,4.743923232,46154176.2,3752,15070,21.94886849,218951868.7,4262,7286296.78,25.00804826,1709.595678
2016-06-10,4.868245586,46167951.2,3658,13416,19.57831338,224756924.7,4285,6816900.572,25.04506127,1590.875279
2016-06-11,5.04641416,46182976.2,3702,15445,24.71357546,233058425.1,4282,6618170.231,25.16142013,1545.579223
2016-06-12,5.273219706,46198201.2,5164,13894,32.06348733,243613264.9,5784,13718424.94,74.41361958,2371.788544
2016-06-13,5.293181013,46212401.2,5451,22853,36.82931127,244610604.6,6008,10531214.34,25.25906604,1752.865237
2016-06-14,5.171102806,46226651.2,5059,14692,25.71145846,239042765.8,5660,10860593.53,44.04763135,1918.83278
2016-06-15,5.249154934,46241201.2,5191,18927,24.32647541,242727229.4,5723,10255284.69,25.00790213,1791.942109
2016-06-16,5.702984801,46255751.2,6376,19249,25.75817208,263795846.1,6896,12508586.05,55.48247269,1813.890089
2016-06-17,5.61473608,46270301.2,6516,19679,24.64363927,259795529.6,7167,24444564.25,39.82967711,3410.710792
2016-06-18,5.57856739,46286426.2,4296,16264,20.94244095,258211947.8,4977,9610904.317,25.05029941,1931.063757
2016-06-19,5.583201987,46302226.2,3939,15861,19.89556055,258514681.4,4526,4324045.506,25.07429742,955.3790336
2016-06-20,5.177265985,46316076.2,4820,22278,21.8618925,239790645.9,5394,6323307.229,25.04143687,1172.28536
2016-06-21,4.882873324,46330826.2,5254,18123,25.13837517,226227555.3,5859,9543239.418,33.25571658,1628.817105
2016-06-22,3.943616883,46345276.2,5611,16610,23.09718298,182768013.7,6160,12626018.29,70.95298393,2049.678295
2016-06-23,3.904091504,46358051.2,6711,15209,22.46153752,180986073.8,7245,22836660.11,105.5502,3152.057986
2016-06-24,4.317204543,46372151.2,5266,12370,20.58561064,200198061.8,5858,15204540.08,70.52425561,2595.517254
2016-06-25,4.280516104,46385354.33,4527,14907,19.91039367,198553256.2,5030,9327264.963,50.71085691,1854.32703
2016-06-26,4.088070393,46398529.33,4004,12031,21.0589698,189680454,4549,9820742.52,47.92839647,2158.879428
2016-06-27,4.171946946,46414529.33,4210,14205,18.75459618,193638953.9,4836,8879467.357,25.0729936,1836.118147
2016-06-28,4.098369437,46429754.33,4263,18606,21.08993525,190286286.1,4883,9898977.351,25.05497256,2027.232716
2016-06-29,4.05061669,46444479.33,4824,10050,18.28061602,188128783.1,5401,7180495.495,25.004,1329.475189
2016-06-30,4.201296385,46458654.33,4478,17401,18.11982265,195186576.5,5038,6830627.584,25.011,1355.821275
2016-07-01,4.290066771,46473054.33,4237,16257,20.79482539,199372506.1,4827,9425089.082,25.06638678,1952.57698
2016-07-02,4.621050819,46488479.33,3945,12564,17.53940682,214825625.5,4570,9869503.31,34.93709226,2159.628733
2016-07-03,4.310725779,46503654.33,3515,13038,18.08632704,200464501.5,4112,16677128,37.06271042,4055.72179
2016-07-04,4.529163104,46519379.33,3947,14312,25.60348874,210693856.5,4579,11850632.7,41.09189944,2588.039462
2016-07-05,4.428409639,46534454.33,3884,13826,19.3277853,206073626.1,4438,11683323.82,29.49183736,2632.565078
2016-07-06,4.495763496,46548204.33,3878,10435,26.31856593,209269717.8,4472,10223417.62,28.010938,2286.095174
2016-07-07,4.129813005,46560204.33,4234,12691,28.35872158,192284937.4,4705,13125686.41,78.717,2789.731437
2016-07-08,4.261334891,46570454.33,3790,9563,19.22533252,198452301.9,4193,10217003.19,49.5048881,2436.680942
2016-07-09,4.155105223,46583429.33,3615,14056,16.38932271,193559050.5,4160,10505157.01,33.20034612,2525.278126
2016-07-10,4.129064898,46597929.33,3363,11300,28.43817491,192405874.3,3951,12199389.74,25.08269914,3087.671411
2016-07-11,4.14240958,46614254.33,3696,11974,25.95784946,193095333.7,4359,8143582.558,25.05118407,1868.222656
2016-07-12,4.20813123,46631604.33,3942,13409,17.57085288,196231910.5,4605,10637878.92,25.16376924,2310.071428
2016-07-13,4.155361271,46647579.33,3233,10583,21.21615271,193837544.5,3873,7264666.229,25.03431667,1875.720689
2016-07-14,4.163786881,46663079.33,3357,11742,18.34846176,194295117.5,3991,9097746.617,25.09690132,2279.565677
2016-07-15,4.175370428,46676754.33,4921,12321,34.17368372,194892739.7,5469,6097800.807,11.5081762,1114.975463
2016-07-16,4.171301964,46692379.33,4049,14382,14.29005476,194768013.6,4682,5963784.323,21.59917802,1273.768544
2016-07-17,4.211656499,46708054.33,3319,10715,13.4852224,196718280.6,3934,7845409.907,25.01589677,1994.257729
2016-07-18,4.178915131,46722854.33,3459,11895,16.02088693,195250842.9,4015,6591558.117,25.03103661,1641.73303
2016-07-19,4.158083159,46737079.33,3328,10176,19.38151791,194336662.4,3932,8664919.398,25.09720113,2203.692624
2016-07-20,4.132796338,46750429.33,3714,11283,20.44903097,193210003.1,4253,8336511.38,25.03127513,1960.148455
2016-07-21,4.14358626,46763704.33,3842,11410,17.16305075,193769442.7,4376,7222696.12,25.00307621,1650.524707
2016-07-22,4.027470284,46777404.33,3667,11568,19.80161973,188394605.9,4219,8514330.049,35.37868087,2018.091977
2016-07-23,4.06560681,46790629.33,2954,9753,13.04654186,190232301.3,3474,6126362.083,25.03501516,1763.489373
2016-07-24,4.068645845,46805479.33,3426,15393,12.64607046,190434919,4022,10674738.49,37.26805539,2654.087143
2016-07-25,4.0375755,46819904.33,3610,12880,13.06240638,189038898.6,4157,9124535.155,25.09356079,2194.980793
2016-07-26,3.966703749,46833904.33,4694,11900,17.39238148,185776223.9,5277,15738037.4,25.0094973,2982.383438
2016-07-27,3.970495147,46848754.33,3561,8387,15.12986038,186012751.7,4162,11375914.15,32.37338908,2733.280671
2016-07-28,3.962466109,46863029.33,3070,10628,12.97595872,185693165.5,3645,7416617.909,25.05045066,2034.737424
2016-07-29,4.086170623,46878654.33,3247,11770,16.15897784,191554180.1,3860,8004163.415,30.09131726,2073.617465
2016-07-30,4.0721038,46892729.33,3174,14406,12.9418472,190952061.3,3740,7575114.955,25.030245,2025.431806
2016-07-31,3.950434209,46908704.33,3225,11513,19.01608542,185309750.3,3874,8320785.258,28.79320089,2147.853706
2016-08-01,3.856972998,46923504.33,4137,10960,18.4029013,180982689.2,4714,12163369.45,58.88899867,2580.265052
2016-08-02,3.575366485,46938354.33,5094,17641,21.54749917,167821818.9,5649,17088340.06,58.799,3025.020368
2016-08-03,3.773281588,46953329.33,4773,12456,15.95664945,177168133.1,5412,21292198.72,25.1196111,3934.25697
2016-08-04,3.801771597,46968179.33,3856,11229,12.19417478,178562290.1,4448,14237035.45,27.07259674,3200.772358
2016-08-05,3.767490784,46983529.33,3444,11498,12.15770348,177010013.7,4070,9562412.938,25.06320485,2349.487208
2016-08-06,3.795959881,46997679.33,3416,9440,12.37209674,178401305.2,3957,6929157.178,25.01722104,1751.113768
2016-08-07,3.790498815,47011229.33,3628,12510,14.46722702,178196009,4187,11000733.91,35.66612711,2627.354648
2016-08-08,3.795986421,47025504.33,3478,19320,19.19011673,178508175.8,4047,4436291.213,25.005,1096.192541
2016-08-09,3.748265169,47040629.33,2872,13672,26.46951271,176320752.4,3466,5465731.675,25.004,1576.956629
2016-08-10,3.739895716,47054604.33,2861,12898,17.13432634,175979313.1,3438,9826057.9,25.03605378,2858.073851
2016-08-11,3.74670778,47069354.33,3416,14933,21.43617025,176355116.1,4003,13966118.43,25.01548412,3488.912922
2016-08-12,3.699901578,47084304.33,3515,12951,20.66751818,174207291.9,4104,6012273.982,25.0322653,1464.97904
2016-08-13,3.71001509,47099554.33,3269,12293,22.46967352,174740057.3,3905,7827224.625,25.02448502,2004.410916
2016-08-14,3.643720118,47113404.33,2834,17143,28.19967848,171668059.2,3374,3894441.006,25.00994444,1154.250446
2016-08-15,3.570169075,47126954.33,3287,11968,17.43102376,168251194.9,3821,6888664.896,25.02008689,1802.843469
2016-08-16,3.629867559,47140579.33,3401,14521,17.22164139,171114059.6,3959,6743924.432,25.00873072,1703.441382
2016-08-17,3.606638657,47153279.33,3301,12536,15.2810661,170064840,3797,7068947.604,25.02729411,1861.719148
2016-08-18,3.601433619,47167004.33,3198,11471,13.49888814,169868835.1,3763,4398203.962,25.001,1168.802541
2016-08-19,3.596533777,47182979.33,3199,8451,14.6398683,169695178.9,3825,3655653.944,25.002,955.7265214
2016-08-20,3.609449385,47198004.33,2727,14701,15.30429112,170358807.7,3326,3809817.224,25.00101936,1145.465191
2016-08-21,3.60450634,47213254.33,2759,16560,16.36974847,170180474.5,3374,4116992.843,25.00405333,1220.211275
2016-08-22,3.671798774,47228804.33,3650,13877,24.50670293,173414665.8,4264,5126089.158,25.007497,1202.178508
2016-08-23,3.929858948,47243504.33,5705,12178,22.27882472,185660308.2,6305,15439616.02,51.0513,2448.789217
2016-08-24,3.839524107,47257704.33,4382,11322,23.652447,181447095,4944,9075677.546,25.10594537,1835.695297
2016-08-25,3.793026164,47271529.33,3716,9191,25.01886162,179302147.5,4274,8951133.179,35.91592371,2094.322223
2016-08-26,3.828361789,47285504.33,3333,9932,15.77701978,181026017.9,3884,6523560.632,25.05764355,1679.598515
2016-08-27,3.743289613,47299629.33,3332,13978,16.90103278,177056211.2,3859,4833890.587,25.01427433,1252.627776
2016-08-28,3.750243856,47313654.33,3063,9841,12.93611326,177437741.5,3665,5470649.27,25.014,1492.673743
2016-08-29,3.751618395,47329479.33,3446,10343,14.51811718,177562145.3,4084,5518595.484,25.0756901,1351.272156
2016-08-30,3.792071504,47342729.33,3584,12519,16.24537892,179527014.8,4089,5777412.959,25.04251748,1412.915862
2016-08-31,3.769037355,47357779.33,3571,9454,30.20279126,178493239.3,4183,6009285.259,25.55700689,1436.597002
2016-09-01,3.816231456,47372779.33,3344,7699,22.69901931,180785490.6,3956,6251399.507,35.86271342,1580.232434
2016-09-02,3.835931694,47386679.33,3593,12857,24.15523037,181772065.1,4150,5701158.024,25.01194444,1373.773018
2016-09-03,3.898032061,47401854.33,3252,9944,20.12566355,184773947.9,3836,4655399.594,25.0514699,1213.607819
2016-09-04,4.001523818,47416379.33,3337,15378,26.49101652,189737771.2,3946,7555601.601,25.20330179,1914.749519
2016-09-05,3.958726106,47430554.33,3458,11046,21.16463835,187764573.6,4008,5389101.706,25.007,1344.586254
2016-09-06,3.960380999,47444404.33,3539,10683,17.59790008,187897917.4,4113,7154389.458,25.01498026,1739.457685
2016-09-07,3.980006289,47457754.33,3267,8932,14.63655781,188882160.7,3782,3706134.927,25.03119163,979.9404883
2016-09-08,4.019267972,47473029.33,3409,9449,17.43008365,190806826.3,4032,4037973.802,25.01502475,1001.481598
2016-09-09,3.981202772,47487304.33,2999,8868,15.11366534,189056587.6,3572,3228004.8,25.00712522,903.6967526
2016-09-10,3.983954349,47502579.33,2535,12032,19.97181554,189248107.5,3149,2322132.367,25.005,737.4189797
2016-09-11,3.888193317,47517279.33,2819,11768,22.96048996,184756367.9,3397,3435434.976,25.04349775,1011.314388
2016-09-12,3.814254332,47531554.33,3428,10789,17.3139134,181297437,4004,4604196.496,25.02486227,1149.899225
2016-09-13,3.829610524,47545029.33,2979,10587,14.61647967,182078944.7,3512,4388165.645,25.00656685,1249.477689
2016-09-14,3.827506283,47559779.33,2928,9292,11.95546999,182035354.2,3512,3348505.46,25.00716571,953.4468848
2016-09-15,3.816137739,47574054.33,2542,8526,13.84329838,181549144.1,3132,2589145.122,25.00309764,826.6746879
2016-09-16,3.827696972,47588254.33,3295,7712,11.23355605,182153417,3863,2567156.233,25,664.5498919
2016-09-17,3.819052789,47603154.33,2448,11920,16.85878564,181798959.3,3035,1994661.061,25.012,657.21946
2016-09-18,3.841513022,47617504.33,2419,14609,12.9183482,182923263,3006,2237622.357,25.005,744.3853484
2016-09-19,3.829521144,47633054.33,3238,11572,11.52270922,182411788.7,3851,2613770.347,25.00103519,678.7250966
2016-09-20,3.825755002,47647379.33,2937,10924,13.69470195,182287199.8,3492,1577536.619,25.002,451.7573366
2016-09-21,3.781885864,47661079.33,4008,10367,15.36315133,180248762.2,4563,3637478.05,19.999,797.1681021
2016-09-22,3.768085697,47675904.33,3016,8517,11.24862416,179646893.2,3626,2399979.287,25,661.8806639
2016-09-23,3.827420284,47691604.33,2508,8530,11.72744197,182535813.8,3139,2113826.702,25.003,673.4076783
2016-09-24,3.83006579,47705629.33,2373,8191,12.38867763,182715698.9,2924,1514708.253,25.001,518.0260784
2016-09-25,3.813836436,47719779.33,2986,13559,13.95253295,181995433.1,3549,2724773.505,25,767.7581024
2016-09-26,3.866192287,47733354.33,3001,10296,13.37801525,184546326.3,3545,2901205.028,25.002,818.39352
2016-09-27,3.846705004,47747204.33,2944,8774,25.29894178,183669409.8,3488,3286322.93,25.03070135,942.179739
2016-09-28,3.837529281,47761129.33,2758,9244,12.66431502,183284732.3,3332,2154958.659,25.00605776,646.7462963
2016-09-29,3.849504618,47775104.33,3146,11042,14.32445033,183910484.7,3687,1808456.21,25.002,490.4953104
2016-09-30,3.834457583,47789654.33,3088,10007,12.81575289,183247402.4,3650,2582876.861,25.002,707.637496
2016-10-01,3.845469933,47804829.33,2887,9516,18.57997036,183832033.9,3530,2388126.997,25.002,676.5232286
2016-10-02,3.843939791,47819754.33,2457,13176,12.34838163,183816256.4,3054,2064997.641,25.001002,676.1616374
2016-10-03,3.83122013,47834579.33,2470,9310,12.1291093,183264803.3,3056,2166116.834,25.00120971,708.8078644
2016-10-04,3.816542187,47849454.33,3028,8998,14.33587643,182619461.1,3623,2484101.983,25,685.6478011
2016-10-05,3.833980021,47862379.33,3075,10351,18.35005499,183503406.1,3592,2595421.847,25.01534249,722.5561934
2016-10-06,3.821368607,47876529.33,4215,10950,14.52657187,182953866.2,4794,2145663.536,15.834275,447.5727025
2016-10-07,3.842726281,47890829.33,3803,9176,14.09786102,184031348.5,4376,2222727.77,21.87676292,507.935962
2016-10-08,3.838909855,47903729.33,2893,8444,10.47297609,183898098.6,3391,2863162.82,25.001,844.3417339
2016-10-09,3.807802758,47918054.33,2972,13710,12.20830847,182462499.4,3547,5349879.334,25.00689057,1508.282868
2016-10-10,3.783934546,47933179.33,3455,10583,13.63196057,181376013.1,4052,3708980.627,25.004,915.3456632
2016-10-11,3.830056659,47946879.33,3400,9512,20.05072035,183639264.5,3945,5077931.666,26.043,1287.181664
2016-10-12,3.80689588,47961654.33,3360,10279,19.34153905,182585024.3,3976,3411545.088,25.004,858.0344789
2016-10-13,3.889673244,47975504.33,3473,8510,22.85226438,186609035.6,4017,3940291.966,25.035,980.9041489
2016-10-14,3.885802685,47988879.33,3385,12022,19.99167223,186475316.1,3917,4298435.307,25.02737268,1097.37945
2016-10-15,3.876031221,48001379.33,3047,9547,17.4025731,186054844.9,3549,3497280.745,25,985.4270907
2016-10-16,3.892575867,48015179.33,3064,18577,15.09880987,186902728.3,3604,5068506.87,25.001,1406.355957
2016-10-17,3.846259881,48030204.33,4201,10375,15.90180773,184736648,4815,3006437.416,13.73914,624.3899098
2016-10-18,3.831488399,48045079.33,3636,8632,12.59903978,184084164.1,4234,2983175.654,15.01000325,704.5762054
2016-10-19,3.805140037,48060704.33,5040,9254,14.66666834,182877710.2,5670,2895618.988,12.21836,510.6911795
2016-10-20,3.78014336,48074754.33,4023,8158,12.51749533,181729463.3,4566,2924422.333,13.6992036,640.4779529
2016-10-21,3.818886014,48088404.33,3516,7555,10.09442087,183644134.7,4073,3611845.918,25.003,886.777785
2016-10-22,3.859275941,48101879.33,3125,8580,12.28954139,185638425.6,3666,5900693.813,25.02468091,1609.57278
2016-10-23,3.869920727,48114954.33,3097,17960,13.58883573,186201059,3609,5114697.04,25.0474444,1417.206162
2016-10-24,3.850399277,48129454.33,4021,11557,17.12763447,185317616.1,4606,3852321.913,25.0010395,836.3703676
2016-10-25,3.882892376,48145029.33,4896,11274,16.73527593,186941967.3,5489,3531611.254,23.8380556,643.397933
2016-10-26,3.930519184,48160704.33,4562,9414,15.53191104,189296572.3,5209,4459273.102,25,856.0708584
2016-10-27,3.999304436,48175829.33,4849,9298,15.4441573,192669807.9,5469,3897072.208,25,712.5749147
2016-10-28,3.983980826,48190954.33,4335,10577,18.12641174,191991838,4929,4742212.589,25.003,962.1044003
2016-10-29,4.064449892,48205029.33,4191,14681,20.68842723,195926926.2,4775,8856124.141,27.197,1854.685684
2016-10-30,4.003582343,48219054.33,3694,10363,17.98100137,193048954.5,4231,4058116.807,25.005014,959.1389286
2016-10-31,3.973261537,48235654.33,4273,11540,17.31789159,191652870,4944,3855097.889,25.001,779.7528092
2016-11-01,4.093735749,48250704.33,4415,11950,23.41825185,197525633.2,5029,5657654.527,25.12691996,1125.005871
2016-11-02,4.133389143,48266504.33,3704,7585,18.81779641,199504245,4314,3955710.254,25.05116134,916.9472077
2016-11-03,3.866805799,48281079.33,4393,11188,23.49138998,186693557.5,4979,8551425.825,48.999,1717.498659
2016-11-04,3.896512186,48295254.33,3746,9824,20.03574662,188183047,4306,3925940.906,25.02985231,911.7373213
2016-11-05,3.899774937,48309279.33,3399,9527,17.98120995,188395316.8,3966,3488772.95,25.007,879.6704362
2016-11-06,3.915044948,48323354.33,3464,19030,17.98124057,189188104.2,4026,3118331.469,25.00134491,774.5483034
2016-11-07,3.874683167,48336904.33,3694,11864,16.6728882,187290189.5,4245,3553346.65,25.0171,837.0663487
2016-11-08,3.839611357,48350229.33,3634,10549,15.96176885,185646089.6,4177,2151310.761,25,515.0372902
2016-11-09,3.849626946,48364729.33,3658,9586,19.57712419,186186165.2,4234,3403454.829,25.01094444,803.8391187
2016-11-10,3.816178345,48381154.33,2977,10250,25.8406092,184631113.5,3632,3879569.203,25.03060337,1068.163327
2016-11-11,3.811654389,48397104.33,3186,7301,19.25594234,184473035.1,3812,1966608.679,25.001,515.8994436
2016-11-12,3.747908329,48411504.33,3164,10630,23.45200197,181441880.3,3757,3410885.76,25.0101,907.8748364
2016-11-13,3.888318018,48425529.33,3824,15468,19.01973393,188293858.2,4376,7053638.299,28.93121109,1611.89175
2016-11-14,3.864308367,48440654.33,3405,13481,20.55778245,187189625.8,4000,3954892.964,25.0252789,988.7232411
2016-11-15,3.898460497,48455354.33,3810,10544,17.68913463,188901284.7,4411,5212826.366,25.07244452,1181.778818
2016-11-16,3.909258635,48469904.33,3837,10000,20.78702048,189481392,4383,6623709.198,29.398,1511.227287
2016-11-17,3.877261056,48484179.33,3487,9784,18.55157784,187985820.3,4091,6233098.106,25.25622941,1523.612346
2016-11-18,3.927872043,48498479.33,3198,8202,17.54498686,190495821.1,3781,4162897.481,25.05627433,1101.004359
2016-11-19,3.943483476,48513329.33,2913,16810,17.89387598,191311512.5,3487,3445400.402,25.0061,988.0700896
2016-11-20,3.890519998,48527679.33,3406,10318,19.98635579,188797906.9,3991,4539526.59,25.0231,1137.440889
2016-11-21,3.913398489,48542454.33,3458,11425,20.01194552,189965967.4,4056,4822677.465,25,1189.023044
2016-11-22,3.901869391,48557754.33,3591,8503,15.17758005,189466015.3,4204,6462187.75,25.09564967,1537.152177
2016-11-23,3.895452177,48572354.33,3009,8712,14.62430768,189211283.4,3593,4411445.606,25.094,1227.788925
2016-11-24,3.884507421,48588829.33,3158,8664,17.709711,188743668.1,3820,4500368.312,25.06734592,1178.106888
2016-11-25,3.90938312,48604129.33,2687,7853,18.56304536,190012162.8,3298,3718946.128,25.002,1127.636788
2016-11-26,3.864135316,48619604.33,2794,14844,17.75813386,187872730.1,3416,4051667.112,25.02170347,1186.08522
2016-11-27,3.85034868,48633679.33,3061,12609,15.83769882,187256623,3620,3348922.381,25.0006332,925.1166798
2016-11-28,3.846640444,48648554.33,3001,9997,14.96222663,187133496.6,3593,3407304.68,25.00600661,948.3174728
2016-11-29,3.826622529,48663929.33,3301,8827,12.42552748,186218488.3,3911,3718061.073,25.02212389,950.6676227
2016-11-30,3.85894911,48678629.33,3403,9026,13.06591374,187848353.3,3990,3999003.37,25.01451136,1002.256484
2016-12-01,3.896236273,48693579.33,3321,10009,13.70624359,189721690,3932,3239503.613,25.002,823.8818954
2016-12-02,3.909826172,48707779.33,3334,8708,13.70899219,190438950.4,3902,3757235.995,25.03296182,962.9000501
2016-12-03,3.919366519,48722379.33,3086,16640,14.17057138,190960862.3,3653,3920076.312,25.00300162,1073.111501
2016-12-04,3.87591643,48736354.33,3019,11246,15.61374721,188898036.5,3588,2820905.694,25.0001,786.2056004
2016-12-05,3.500897495,48750679.33,5091,11022,26.51776605,170671131.1,5634,12508631.53,108.8826828,2220.20439
2016-12-06,3.50849453,48765729.33,3988,8907,18.4645662,171094294.6,4582,6520920.925,45.138,1423.160394
2016-12-07,3.644616502,48780854.33,3506,9087,15.15747245,177787506.7,4135,3379587.294,25.03491541,817.3125258
2016-12-08,3.666012253,48795779.33,3910,9028,20.88117757,178885924.9,4518,4248526.231,25.022992,940.3555181
2016-12-09,3.693245513,48810704.33,3013,7563,15.01704963,180269914.8,3609,3840941.858,25.00367785,1064.267625
2016-12-10,3.675080103,48824704.33,2692,17191,13.07207928,179434699.4,3227,4396639.553,25.0110006,1362.454153
2016-12-11,3.661535425,48838654.33,2659,11892,14.10326067,178824462.9,3245,3234114.332,25.01052459,996.6454026
2016-12-12,3.639364546,48852504.33,2757,7618,16.42380247,177792072.2,3311,2732208.032,25.002,825.1911905
2016-12-13,3.638113082,48866904.33,2310,8560,19.06183121,177783323.9,2880,2224323.597,25.01338478,772.3345823
2016-12-14,3.616191949,48881479.33,2518,8219,19.20812426,176764812,3113,2862798.08,25.002,919.6267522
2016-12-15,3.624207147,48894979.33,2779,9244,18.48968612,177205533.5,3318,4052251.148,25.01107589,1221.293293
2016-12-16,3.626720368,48909554.33,2867,9254,17.50736694,177381276.9,3436,3208796.82,25.027639,933.8756752
2016-12-17,3.699200369,48922779.33,2791,16397,17.41323666,180975163.3,3285,4208932.27,28.05088818,1281.257921
2016-12-18,3.683907142,48937529.33,2748,9331,10.50984739,180281313.8,3369,5349840.983,25.03336764,1587.961111
2016-12-19,3.639315444,48952654.33,2964,8376,14.0545162,178154150.9,3579,4523999.264,25.01540482,1264.040029
2016-12-20,3.65854125,48967329.33,3719,8382,14.43285166,179148994.2,4310,6399925.559,25.04103138,1484.901522
2016-12-21,3.634440905,48980354.33,3436,8393,17.49557671,178016203.3,3929,3969710.667,28.00253563,1010.361585
2016-12-22,3.673424571,48994379.33,3413,8901,23.57205848,179977156.8,3998,6930578.618,25.15656747,1733.51141
2016-12-23,4.522270965,49008329.33,4699,11187,31.76566959,221628944.7,5237,12814189.42,71.73704349,2446.856868
2016-12-24,4.416614011,49022029.33,4718,17359,29.76562764,216511381.6,5278,12484220,58.66373263,2365.331565
2016-12-25,4.289398628,49035679.33,3577,8122,32.24029058,210333575.6,4124,9383340.679,69.75970154,2275.300844
2016-12-26,4.264378945,49051904.33,3228,8699,29.21655914,209175908,3897,8947369.035,25.19128093,2295.963314
2016-12-27,4.330640311,49068704.33,3276,9816,36.74474135,212498909,3930,5267232.915,25.09180197,1340.262828
2016-12-28,4.535472005,49085479.33,3803,9151,45.2604293,222625817.4,4475,9577499.899,33.0703714,2140.223441
2016-12-29,4.551953877,49100829.33,3311,8398,45.59385127,223504710.4,3930,5330505.113,25.32938655,1356.362624
2016-12-30,4.390304338,49116054.33,3435,9088,39.60982623,215634426.4,4024,11735289.71,25.25382162,2916.324481
2016-12-31,4.354111574,49130504.33,2619,8099,40.55982054,213919697.5,3224,5786059.577,25.16277067,1794.683492
2017-01-01,4.475238341,49144354.33,2752,18762,57.7700321,219932698.7,3301,4640715.596,25.15197908,1405.851438
2017-01-02,4.566940981,49158929.33,4103,12634,39.38235178,224505928.9,4695,10295189.06,27.76213412,2192.798521
2017-01-03,4.570711008,49173129.33,3616,9834,45.3588197,224756163.5,4172,6155598.649,34.90107532,1475.455093
2017-01-04,4.583539435,49188604.33,5091,14543,58.73067113,225457907.7,5678,13653881.76,85.74830295,2404.699147
2017-01-05,4.236431214,49202504.33,4712,12144,51.98126613,208443025.1,5283,17654605.6,94.53163976,3341.776566
2017-01-06,3.858520969,49216804.33,4165,10907,47.89540537,189904071.5,4741,9947391.489,59.999,2098.163149
2017-01-07,3.975109699,49229704.33,4108,19130,46.92369466,195693475.1,4628,7345672.412,32.22938958,1587.223944
2017-01-08,4.010981193,49244354.33,3254,9369,38.62976738,197518179.1,3860,5702150.441,25.15516491,1477.241047
2017-01-09,4.380492021,49258654.33,3585,10900,60.00740882,215777142.3,4108,7658985.594,28.21008197,1864.407399
2017-01-10,4.577777335,49273479.33,4582,13224,60.95445226,225563016.9,5206,25266415.03,77.35090207,4853.325975
2017-01-11,3.938889605,49289229.33,4756,13304,65.90368902,194144833,5388,14051488.52,78.64901476,2607.922888
2017-01-12,4.004880838,49306179.33,3727,10619,44.78171302,197465372.8,4412,8226736.07,27.30962553,1864.627396
2017-01-13,3.936231137,49321404.33,3976,9491,26.74605086,194140447.4,4580,5835210.583,25.01054441,1274.063446
2017-01-14,3.957605939,49336679.33,3079,29157,25.19439184,195255135.1,3686,4589058.409,25.00750638,1244.996855
2017-01-15,3.924410794,49352029.33,3602,18546,27.13943857,193677636.6,4192,3510701.073,24.95602885,837.4764011
2017-01-16,3.876204991,49367454.33,3086,9206,15.42551119,191358372.8,3725,3580895.132,25.01062659,961.3141295
2017-01-17,3.941318793,49382505.89,3687,11270,20.76593294,194632198.5,4295,5247985.415,25.02020899,1221.882518
2017-01-18,3.887582747,49397980.89,3321,10112,19.52860086,192038738.2,3945,11208871.73,25.017,2841.28561
2017-01-19,3.895661084,49413055.89,4818,10818,18.42690867,192496518.9,5438,2637890.694,12.65568833,485.0847176
2017-01-20,3.894162758,49429680.89,4317,11529,15.38234186,192487222.4,4966,13451755.02,25.005,2708.770644
2017-01-21,3.918225104,49443755.89,3281,22421,13.17937625,193731765.6,3839,4633109.881,25.023468,1206.853316
2017-01-22,3.848604777,49458305.89,3389,15052,16.33250716,190345472.3,3975,9941810.803,25.004002,2501.084479
2017-01-23,3.830295979,49472880.89,3264,10164,14.49666664,189495776.7,3839,5486709.528,25,1429.202795
2017-01-24,3.742880254,49487930.89,2770,9259,17.4057257,185227399.3,3389,3118572.511,25,920.2043407
2017-01-25,3.685846941,49502330.89,2834,9046,18.50927555,182458014.9,3382,4500627.606,23.6771849,1330.759198
2017-01-26,3.863716537,49516855.89,2488,9501,20.61251835,191319095,3086,3161607.614,25.000226,1024.500199
2017-01-27,3.887837831,49531880.89,2432,9173,13.00523569,192571920.4,3037,3920687.318,25,1290.973763
2017-01-28,3.868061404,49546105.89,2408,20406,14.48552044,191647379.9,2971,2376868.537,19.94327636,800.0230686
2017-01-29,3.859208989,49560155.89,2385,13492,16.57781322,191262999.1,2944,1993058.937,12.82039884,676.9901282
2017-01-30,4.066427294,49574705.89,3800,10853,17.834742,201591937.1,4349,37549692.59,55.74445253,8634.098088
2017-01-31,4.068559592,49589480.89,3285,11072,18.65140374,201757758.1,3911,9388633.211,25.00943801,2400.571008
2017-02-01,4.048128414,49605030.89,2628,10799,19.39658249,200807535,3263,3919626.354,25,1201.233942
2017-02-02,4.098511007,49620205.89,2499,12039,15.65853335,203368960,3098,1968901.66,25.0008735,635.5395934
2017-02-03,4.031839438,49633305.89,2692,10735,15.81113459,200113520.1,3217,4114325.431,25.01749292,1278.932369
2017-02-04,4.014997369,49647930.89,3030,22141,27.87057725,199336311.9,3617,4202113.385,25,1161.767593
2017-02-05,3.965985494,49661505.89,3855,15221,22.80545242,196956812,4392,2709216.196,7.32074299,616.8525036
2017-02-06,3.953678637,49673980.89,2796,12048,19.7723211,196394957.1,3296,3103265.621,25,941.5247635
2017-02-07,3.963713186,49688730.89,3429,12027,24.98660361,196951877.8,4019,2440335.884,25.001,607.1997721
2017-02-08,3.945854311,49703630.89,4384,14042,29.43834146,196123286.2,4972,4026512.476,13.78352986,809.8375857
2017-02-09,3.750948591,49717730.89,4033,13705,24.04366381,186488652.6,4594,5323849.343,25.00631444,1158.870123
2017-02-10,3.817646043,49732105.89,3225,11313,28.66290782,189859577.3,3806,7583857.504,17.39327248,1992.605755
2017-02-11,3.834643931,49746080.89,2381,22529,23.3706905,190758507.2,2915,4031529.797,24.99690882,1383.02909
2017-02-12,3.781199475,49759730.89,2463,15574,27.22472022,188151468.3,3033,845939.0238,8.43919067,278.9116465
2017-02-13,3.772738106,49773030.89,2314,12158,22.86093168,187780610.3,2855,999541.4487,15.89704528,350.1020836
2017-02-14,3.832812979,49787430.89,2540,10238,24.62518417,190825911.3,3112,1133640.34,16.04735637,364.2803148
2017-02-15,3.885015724,49802455.89,3342,11060,21.46409966,193483324.2,3948,1029995.129,13.11206,260.8903569
2017-02-16,3.861829284,49816855.89,2154,9332,19.04313198,192384192.9,2737,918756.8378,25,335.6802476
2017-02-17,3.906984866,49831605.89,2732,11859,28.03645478,194691330.1,3321,635084.0982,19.98548,191.2327908
2017-02-18,3.809575747,49847180.89,2344,28258,14.91001812,189896611.4,2925,420160.5469,20.9878844,143.6446314
2017-02-19,3.801465718,49861957.45,3173,15966,15.63737547,189548521.9,3796,763239.3961,8.07277505,201.0641191
2017-02-20,3.799310749,49877007.45,2741,11398,22.9180503,189498250.5,3340,993649.9833,15.45354574,297.499995
2017-02-21,3.845237609,49889857.45,2572,11240,16.92241343,191838356.2,3087,1340979.97,25,434.3958437
2017-02-22,3.88809168,49902457.45,2618,11904,22.40552069,194025329.7,3139,2596737.703,25,827.249985
2017-02-23,3.946185712,49916607.45,2629,9678,23.37501121,196980203.1,3186,777832.912,18.62434507,244.1409015
2017-02-24,3.945290239,49930907.45,3145,13155,18.51500023,196991921.8,3697,4099018.581,25,1108.74184
2017-02-25,3.893484961,49945382.45,2466,26167,21.80706211,194461595.4,3032,1221013.114,25,402.7088108
2017-02-26,3.882189386,49960907.45,2901,20597,25.09307455,193957704.6,3563,1487730.006,13.06076516,417.5498192
2017-02-27,3.86335296,49977407.45,3032,12280,21.49235726,193080365,3679,2137254.231,25,580.9334686
2017-02-28,3.785376825,49992157.45,2628,10345,14.9610513,189239154.3,3221,1545596.169,24.99899713,479.8497884
2017-03-01,3.853902129,50005632.45,2559,12639,9.721991,192716813.4,3112,2409812.575,25.001,774.3613674
2017-03-02,4.047211852,50020382.45,3218,14044,18.12817469,202443084.7,3793,3334824.708,25.01,879.2050377
2017-03-03,4.085722756,50034482.45,2883,13244,11.09682342,204427023.6,3446,2419130.917,25.0086955,702.0112932
2017-03-04,3.995119334,50047057.45,2540,25860,10.11900541,199943966.9,3036,970197.3414,14.2916346,319.5643417
2017-03-05,3.997968092,50060557.45,2519,15646,10.76859375,200140511.3,3073,573833.7957,9.8953666,186.7340695
2017-03-06,4.099921085,50074432.45,2507,11157,11.05770968,205301221.4,3054,770246.9651,17.455367,252.2092224
2017-03-07,3.991163215,50087432.45,2448,10349,10.66072454,199907117.9,2978,621192.5197,18.10856643,208.5938616
2017-03-08,3.841145181,50102332.45,2541,15341,10.50576726,192450332.8,3139,2114614.592,25,673.6586785
2017-03-09,3.900482779,50115982.45,2476,13684,10.70745775,195476526.5,3010,1627304.289,25,540.632654
2017-03-10,3.76003239,50130082.45,2512,10417,12.21544363,188490733.7,3074,738289.7959,25,240.1723474
2017-03-11,3.803339912,50143907.45,3000,26629,12.93018384,190714324.5,3565,1118517.798,19.07438272,313.7497328
2017-03-12,3.903947935,50157932.45,2879,16807,12.22419185,195813956.8,3441,1228694.103,10.368946,357.0747174
2017-03-13,4.375600509,50172832.45,3162,14360,15.48406505,219536271.2,3742,2158657.465,25.001,576.8726523
2017-03-14,4.195880439,50186982.45,2652,12460,12.17642844,210578577.9,3222,3639883.601,25,1129.696959
2017-03-15,4.322612517,50202207.45,2885,13401,12.20852939,217004690.3,3495,2837251.898,25.000748,811.8031183
2017-03-16,4.31732225,50218357.45,3650,13286,15.43839695,216808832,4299,5689436.704,25.006082,1323.43259
2017-03-17,4.118372239,50232932.45,3491,15497,18.86555,206877914.5,4066,5318325.08,25.0100505,1307.999282
2017-03-18,4.057579508,50246932.45,4178,32069,17.61740747,203880923.4,4730,1766191.522,22.01272535,373.4020132
2017-03-19,3.932630142,50261132.45,3690,20812,16.32204712,197658444.5,4257,984089.5615,18.20462887,231.1697349
2017-03-20,4.065721805,50273757.45,3120,12117,13.39180266,204399111.9,3651,1819933.793,25.001,498.4754294
2017-03-21,4.018177017,50289582.45,3154,12036,12.2345784,202072444.4,3781,1509294.946,25,399.1787744
2017-03-22,3.93479849,50304232.45,3404,12170,11.64629754,197937017.9,3994,1794959.113,21.62313312,449.4138991
2017-03-23,3.980839459,50319832.45,3439,14507,11.55528497,200315174.6,4068,867128.2376,15.33658872,213.1583672
2017-03-24,4.135611007,50334107.45,3861,16257,12.71734385,208162288.8,4389,2850148.546,25.001709,649.3844945
2017-03-25,4.096578232,50348257.45,3664,30861,13.20890112,206255575.5,4215,1662687.911,24.70800302,394.4692554
2017-03-26,4.073353951,50362482.45,3901,20733,12.128884,205144216.9,4506,1068809.316,7.946236,237.1969189
2017-03-27,4.071558132,50375532.45,3292,11642,10.46386907,205106908.8,3816,1444839.977,25,378.6268284
2017-03-28,4.20696061,50388557.45,3640,11766,10.08312635,211982676.4,4162,751131.5276,14.34221208,180.4736971
2017-03-29,4.316520203,50402507.45,4583,12631,11.72047067,217563441.7,5069,1493992.349,15.01134488,294.7311795
2017-03-30,7.532294264,50416657.45,10628,26058,37.62395447,379753099.7,11185,16050000.81,49.79740528,1434.957605
2017-03-31,7.238940116,50431282.45,7180,18328,25.65481955,365069033.6,7792,11836468.28,28.18791104,1519.053937
2017-04-01,7.603259384,50446332.45,5447,31607,17.74610875,383556550.6,6079,6084041.121,22.19161142,1000.829268
2017-04-02,8.321470614,50461157.45,7533,26028,21.54900448,419911038.9,8060,8578191.195,22.58668256,1064.291712
2017-04-03,8.516943839,50477032.45,7580,19696,22.13896236,429910050.5,8287,8407293.509,25.0058477,1014.51593
2017-04-04,9.138646618,50493382.45,6781,16274,18.07570901,461441178.8,7448,9838875.513,25.00488273,1321.009065
2017-04-05,12.37031697,50508332.45,9709,24797,33.7249614,624804082.2,10218,19776165.98,25.06299113,1935.424347
2017-04-06,10.87581421,50524232.45,8668,23529,29.73252359,549492165.1,9390,7829249.911,39.98388692,833.785933
2017-04-07,10.05103879,50538382.45,6057,17492,20.98661626,507963242.3,6589,3981923.8,25.00929997,604.3290028
2017-04-08,10.74850711,50550957.45,5711,25444,19.28628421,543347325.5,6262,3743719.301,15.5005,597.8472214
2017-04-09,9.3066244,50565057.45,6917,21940,20.65376948,470589997.5,7422,3197131.437,11.79496593,430.7641386
2017-04-10,9.887763199,50578432.45,5875,15555,12.11612685,500107563,6464,2297977.973,11.06333553,355.5040181
2017-04-11,9.737579039,50592307.45,6525,16072,13.65459173,492646592.6,7023,1972331.8,10.2449778,280.8389292
2017-04-12,11.74202467,50606932.45,8176,20516,18.78328971,594227849.6,8807,6544127.171,22.10548219,743.0597447
2017-04-13,11.08268924,50621357.45,5008,16686,13.84748154,561020773.6,5602,2869264.641,25.000226,512.1857625
2017-04-14,11.64078679,50635682.45,5073,15353,16.75863407,589439183.6,5643,2586307.11,24.58121015,458.3213025
2017-04-15,11.65614288,50650482.45,4615,26045,13.86204724,590389260.5,5223,1987503.68,25,380.5291364
2017-04-16,11.6662676,50664432.45,4311,25078,17.60382876,591064826.8,4850,1075408.126,12.72944095,221.7336343
2017-04-17,11.37292067,50682982.45,5392,17268,17.82783976,576413538.8,6103,4506119.195,25.00841544,738.3449443
2017-04-18,10.87925189,50701432.45,5521,18546,18.68129459,551593654.9,6298,3207014.438,25.02523469,509.2115652
2017-04-19,10.23576546,50720832.45,5478,19465,16.59981303,519166545,6253,2204031.494,25.00322647,352.4758506
2017-04-20,10.97945302,50737707.45,4558,16451,14.96067419,557072275.2,5231,1291502.667,25.00100518,246.8940293
2017-04-21,12.09854301,50752057.45,6529,18690,22.18837134,614025949.8,7050,6384488.266,25.02497044,905.6011725
2017-04-22,14.1489582,50766007.45,8019,29496,28.11548215,718286117.4,8586,30531330.13,50.10619863,3555.943412
2017-04-23,15.33393033,50780557.45,9930,28649,38.65831726,778665530.3,10555,47430485.26,46.36593049,4493.650901
2017-04-24,15.03382302,50797082.45,6707,21390,22.80145998,763674347.6,7336,24849576.82,25.00816225,3387.346895
2017-04-25,15.47527705,50812707.45,7264,17014,20.08448787,786340725.7,7865,23034609.95,25.0145189,2928.748882
2017-04-26,14.98693142,50828282.45,7754,20845,21.65944618,761759983.4,8418,16078139.05,25.06335994,1909.971377
2017-04-27,14.83626974,50841432.45,6928,20642,28.73127729,754297205.8,7443,3847231.302,25.04975287,516.892557
2017-04-28,14.7841555,50853032.45,6101,18913,22.63831029,751819139.6,6538,10211488.07,25,1561.867249
2017-04-29,16.13761651,50865407.45,6003,27234,17.64566151,820846439.2,6485,21712762.48,25.00796538,3348.1515
2017-04-30,16.19661633,50879232.45,6036,25697,21.20699275,824071407.1,6542,2465414.635,25,376.8594673
2017-05-01,16.10708712,50894382.45,6442,20246,20.92994384,819760252.1,7149,4191329.24,25.02835211,586.2818911
2017-05-02,16.17715732,50912657.45,6508,19550,21.44222649,823622069,7253,4147387.206,25.002,571.8167939
2017-05-03,21.70315283,50932232.45,11971,33137,38.54206896,1105390025,12697,20988901.01,40.05203236,1653.059858
2017-05-04,23.88217123,50948282.45,14302,38115,52.59699269,1216755605,14972,44897178.34,33.63441211,2998.742876
2017-05-05,26.13644664,50964632.45,12796,36116,68.47586255,1332034396,13409,17526668.2,25.07683158,1307.082422
2017-05-06,28.39202023,50979732.45,9528,33856,43.23080491,1447417595,10154,7420905.105,17.5931125,730.8356416
2017-05-07,28.7802109,50995757.45,12465,36130,50.48454355,1467668654,13096,16339595.07,18.22836483,1247.678304
2017-05-08,28.63509792,51011257.45,11916,34290,52.76195045,1460712352,12494,7332052.915,16.95500058,586.8459193
2017-05-09,33.35510455,51026257.45,12976,36654,52.4064344,1701986152,13472,8654426.931,25.01171798,642.4010489
2017-05-10,32.59970858,51040457.45,17599,45595,67.77127359,1663904039,18203,35969865.9,25.26242632,1976.040537
2017-05-11,30.55807327,51056432.45,12348,36678,40.74529724,1560186204,13122,5231874.505,19.99799188,398.7101437
2017-05-12,27.51321892,51073082.45,10362,28058,30.40473157,1405184899,10908,3939090.839,18.29959239,361.1194389
2017-05-13,28.58513096,51090407.45,8440,40735,25.87696753,1460425988,9250,2742802.354,16.2934915,296.5191734
2017-05-14,28.66312854,51106632.45,8032,24286,17.55797394,1464875975,8674,2924353.465,11.06682593,337.1401274
2017-05-15,25.47670746,51122257.45,10718,33997,26.56181909,1302426798,11315,6691800.122,22.66146599,591.409644
2017-05-16,23.45520071,51137382.45,12673,38003,26.93948283,1199437569,13145,6826517.308,21.73898526,519.3242532
2017-05-17,25.11491751,51150307.45,12549,47185,31.80407342,1284635752,13156,3451247.35,21.50277324,262.3325745
2017-05-18,28.39273029,51165182.45,10633,35065,26.46468379,1452719226,11226,8252586.99,14.92622399,735.1315686
2017-05-19,27.4183435,51178657.45,12366,38204,25.89470201,1403234010,12923,5525515.91,17.72021002,427.5722286
2017-05-20,27.22206276,51193832.45,10731,40017,29.42676423,1393601720,11410,4785455.068,14.18475244,419.4088579
2017-05-21,26.00537762,51209057.45,13361,39813,26.69642978,1331710877,13816,2517237.134,14.2994924,182.1972448
2017-05-22,24.08529198,51224957.45,16145,49520,38.23502812,1233768057,16808,4533581.735,23.75758706,269.7276139
2017-05-23,30.79396887,51239907.45,15475,49691,54.38749307,1577880115,16199,16545631.91,15.17128704,1021.398353
2017-05-24,33.71400262,51253482.45,16118,41418,37.29457957,1727960042,16450,8794008.943,13.33520243,534.5902093
2017-05-25,28.38025257,51267282.45,16163,49294,37.89408165,1454978425,16695,7803194.26,20.45987185,467.3970806
2017-05-26,26.03589156,51282532.45,12777,39576,37.43630123,1335186454,13563,6168319.356,15.2742649,454.7901907
2017-05-27,22.98657511,51296182.45,11563,38309,36.35403141,1179123551,12118,13492997.9,16.77948524,1113.467395
2017-05-28,24.66675651,51310007.45,9817,35163,26.97397299,1265651460,10386,3199320.99,13.39762882,308.0416897
2017-05-29,25.76406648,51323857.45,8897,30762,43.50671389,1322311276,9416,1588281.645,12.09042795,168.6790193
2017-05-30,23.94200653,51340707.45,11137,35459,64.34735297,1229199553,11758,2655981.709,13.9229749,225.887201
2017-05-31,25.92648442,51355157.45,11570,35260,65.9617872,1331458690,12292,15439268.51,13.54793498,1256.04202
2017-06-01,27.30213876,51370682.45,15833,43694,110.264105,1402529501,16416,88224204.03,25.002729,5374.281435
2017-06-02,27.90376064,51386557.45,13997,39675,72.0133332,1433878199,14506,20079241.01,23.55894054,1384.202469
2017-06-03,27.39438029,51401632.45,13273,48778,55.30428419,1408115867,14029,10281084.14,18.73893667,732.8451167
2017-06-04,27.66970123,51415582.45,11766,35459,39.68465904,1422653805,12262,5026562.555,11.29619675,409.930073
2017-06-05,30.59814063,51430382.45,15745,44112,102.1331439,1573674075,16239,9836964.702,16.07686899,605.7617281
2017-06-06,30.10390399,51443357.45,15184,42819,87.43642467,1548645894,15850,6965834.845,12.52997282,439.4848483
2017-06-07,28.79946917,51455232.45,14947,42584,84.55310127,1481883381,15315,16068016.35,15.35100654,1049.16855
2017-06-08,30.16120105,51466557.45,13674,40069,87.65230889,1552293187,14059,13281946.03,17.11464427,944.7290728
2017-06-09,29.58789574,51477182.45,14146,38944,78.37414261,1523101508,14644,11022405.18,15.89413162,752.6908751
2017-06-10,29.93108781,51488057.45,14937,50407,80.84115575,1541093569,15315,10528620.61,14.81386678,687.4711466
2017-06-11,33.80266094,51502907.45,16989,48270,68.12202734,1740935318,17569,13565625,18.09894318,772.1341568
2017-06-12,29.06230723,51520032.45,15974,44803,77.49870808,1497291012,16731,11887049.71,18.54791468,710.4805277
2017-06-13,30.08766527,51537757.45,15746,44950,70.89183241,1550650795,16249,8901012.786,16.82126854,547.788343
2017-06-14,28.8104919,51552232.45,16686,44788,82.92936853,1485245175,17472,12964038.3,19.97530343,741.9893716
2017-06-15,28.91721267,51566332.45,17100,46407,74.48711572,1491154602,17636,14483149.15,25.00805932,821.2264202
2017-06-16,33.42046347,51580232.45,17660,47405,95.8061124,1723835275,17977,13819753.26,25,768.7463569
2017-06-17,46.4787838,51595207.45,27371,76063,127.76072,2398082492,28127,24236336.61,24.51464335,861.675138
2017-06-18,42.97699781,51611507.45,18452,52670,84.04230546,2218107643,19217,13007325.08,16.99599487,676.8655396
2017-06-19,47.56901144,51629507.45,23381,60719,117.9985312,2455964630,24113,26167977.76,20.89218758,1085.222816
2017-06-20,45.4094034,51646057.45,22524,67401,109.112183,2345216657,23133,31083945.36,18.499398,1343.705761
2017-06-21,43.4576196,51658932.45,19427,53911,86.68149207,2244974236,19968,13246790.8,19.74000154,663.4009814
2017-06-22,45.98328896,51673382.45,19291,53750,107.4955133,2376112077,19981,41829549.87,18.44887073,2093.466287
2017-06-23,45.77556396,51686307.45,16823,46963,94.70900312,2365969873,17230,37351893.68,12.59871473,2167.840609
2017-06-24,42.77760888,51700332.45,14480,46289,89.63327511,2211616601,15033,8274101.913,13.1127003,550.3959232
2017-06-25,40.50277508,51714632.45,14987,43472,161.5623164,2094586127,15570,20599580.44,14.9997745,1323.030215
2017-06-26,38.66313782,51728407.45,18898,51067,236.5504262,1999982547,19353,22062475.91,20.000156,1140.002889
2017-06-27,39.74300478,51741282.45,17957,47054,118.8933253,2056354036,18300,14889805.92,17.96298302,813.6505969
2017-06-28,42.17691908,51756032.45,15810,44324,66.17410336,2182909992,16667,10622317.69,13.88931492,637.3263151
2017-06-29,40.32762504,51771882.45,14175,40136,55.51217992,2087837063,14868,8007139.01,15.98562223,538.5484941
2017-06-30,39.36912825,51786182.45,13656,39341,60.60018634,2038776859,14141,6797531.422,13.60609143,480.6966567
2017-07-01,38.11635712,51800232.45,12086,36471,35.57907224,1974436159,12630,7288041.678,14.99155121,577.0420964
2017-07-02,41.61745562,51813932.45,13562,49015,41.6532358,2156364034,14148,8272094.637,21.98576183,584.6829684
2017-07-03,45.70871158,51828357.45,19847,53460,111.5260849,2369007442,20417,15885624.87,22.46586581,778.0587194
2017-07-04,54.45236065,51843332.45,22899,57004,111.7181429,2822991836,23322,21141937.68,20.85225633,906.5233548
2017-07-05,53.2480435,51859507.45,22266,54694,102.4293962,2761417309,23148,25932198.92,25.14308971,1120.278163
2017-07-06,51.40006914,51875282.45,18214,48861,81.93550469,2666393105,18852,14125251.68,18.4044705,749.2707236
2017-07-07,46.35034379,51891057.45,19482,50211,69.73122261,2405168352,19994,18018050.48,25.01406234,901.1728757
2017-07-08,51.65874499,51905357.45,17076,49059,47.42939282,2681365624,17695,13823647.69,21.05037214,781.2177275
2017-07-09,48.75416359,51919432.45,14944,43187,35.19841481,2531288503,15580,8064005.713,13.34476934,517.5870162
2017-07-10,44.02308757,51934382.45,18662,49809,54.35385068,2286311867,19043,14802288.33,17.00955128,777.3086346
2017-07-11,44.09468448,51948382.45,20514,53746,55.77816424,2290647534,21085,37957399.2,21.60485981,1800.208641
2017-07-12,46.73174781,51963157.45,18419,51948,58.61508561,2428329169,19069,15169510.07,16.91364506,795.5063227
2017-07-13,45.50459582,51978432.45,16576,47262,51.52742139,2365257560,17367,12719735.87,18.95259984,732.4083534
2017-07-14,42.61429593,51992607.45,18866,55435,57.59299641,2215628360,19279,12135383.16,20.01045212,629.4612357
2017-07-15,38.56514224,52006707.45,17994,53270,46.00360938,2005646070,18723,17887468.42,20.61296384,955.3740545
2017-07-16,40.75325605,52022532.45,20321,52681,46.56578138,2120087585,20863,25520694.71,24.55516434,1223.251436
2017-07-17,42.35452103,52039882.45,19450,52721,61.85761488,2204124296,20121,8794757.289,23.9454255,437.0934491
2017-07-18,43.51556728,52056282.45,20812,59829,95.36837512,2265258662,21529,12042481.22,21.55139647,559.3609187
2017-07-19,39.97067049,52073132.45,19113,54026,80.59809163,2081398019,19732,9190800.146,19.11724239,465.7814791
2017-07-20,44.53461303,52089207.45,19735,67480,149.0552799,2319772697,20253,13837996.68,18.7603748,683.2566375
2017-07-21,45.39001371,52105607.45,19105,56894,69.21242452,2365074237,19934,19706273.72,17.42622662,988.5759868
2017-07-22,46.99572402,52121332.45,16359,53587,65.91920326,2449479755,16981,38622997.07,20.1353126,2274.483073
2017-07-23,45.13712637,52137682.45,17177,47502,49.2037046,2353345161,17787,6853868.114,20.28803298,385.3301914
2017-07-24,44.88968205,52152257.45,17036,41287,53.62302928,2341098255,17626,5509269.945,20.93771718,312.5649577
2017-07-25,42.00807258,52166332.45,19515,45463,54.24227846,2191407080,20076,16057022.89,24.734828,799.8118595
2017-07-26,41.91451699,52180857.45,16600,44418,47.01193102,2187135436,17179,10574011.85,24.78480224,615.5196372
2017-07-27,41.79550637,52196182.45,16230,46329,40.73179143,2181565876,16884,16353781.54,15.41110829,968.5963951
2017-07-28,40.07065912,52211807.45,18825,53253,40.13496317,2092161539,19336,5527700.928,20.659774,285.8761341
2017-07-29,40.98080166,52227782.45,15445,46365,39.68993557,2140336394,16097,13953132.29,18.40404245,866.8156977
2017-07-30,40.28862021,52244132.45,14217,40129,33.15842257,2104844010,14910,57811165.47,19.68906986,3877.341748
2017-07-31,42.24500621,52258307.45,18516,54039,68.27896187,2207652523,19003,17688689.1,15.36849722,930.8366625
2017-08-01,43.12337442,52273032.45,16646,43994,73.95368366,2254189551,17282,11651834.05,13.98068907,674.2179174
2017-08-02,41.57180709,52288157.45,18268,45825,65.72065162,2173713195,18970,8108943.483,14.4104411,427.4614382
2017-08-03,42.55051347,52302582.45,18653,48422,68.1407564,2225501739,19236,16947659.82,17.03767122,881.038668
2017-08-04,43.10718762,52317757.45,18849,54588,73.52950226,2255271387,19202,24101561.8,15.61423018,1255.158931
2017-08-05,45.9521065,52332182.45,21266,54241,74.0721145,2404774021,21852,21518658.96,20.11209884,984.7455134
2017-08-06,45.33805078,52345732.45,18616,55807,60.66506471,2373253476,19370,12962040.4,14.16430672,669.1812287
2017-08-07,45.90246268,52360332.45,19157,57613,75.15214761,2403468206,19686,33447850.13,11.53827066,1699.067872
2017-08-08,49.17977538,52375457.45,21021,62513,88.89784014,2575813233,21652,50002389.38,15.65198579,2309.36585
2017-08-09,47.65650381,52389982.45,20545,49768,73.1908431,2496723398,21222,12005370.66,17.81720022,565.7040174
2017-08-10,47.32413761,52404682.45,20487,60726,70.52364789,2480006404,20804,18868628.34,13.0048975,906.9711757
2017-08-11,47.01065064,52419332.45,25742,60889,79.24975494,2464266925,26428,28187884.85,18.69219616,1066.591677
2017-08-12,46.27593436,52433682.45,19961,61710,60.70217238,2426417648,20671,32137710.17,13.52724137,1554.724502
2017-08-13,45.14625714,52449307.45,20210,56802,52.71609152,2367889921,20601,59312229.97,17.59444559,2879.094703
2017-08-14,45.51754526,52463232.45,20037,60094,85.37022516,2387997558,20661,43893300.92,12.76738512,2124.45191
2017-08-15,43.10537929,52476907.45,21487,56770,98.22351654,2262037000,22207,8243597.252,14.27491598,371.2161594
2017-08-16,43.90853799,52490057.45,20209,54133,85.53753954,2304761682,20582,5027928.13,13.08307336,244.2876363
2017-08-17,43.90392989,52504032.45,19722,55676,74.21064169,2305133360,20438,3812749.59,11.44130633,186.5519909
2017-08-18,45.80258663,52518057.45,22840,63340,84.90919836,2405462876,23115,8652539.782,14.54655263,374.325753
2017-08-19,45.11762873,52531707.45,19331,62271,67.21232066,2370106073,20083,4150126.622,15.89621237,206.6487388
2017-08-20,46.17545277,52546882.45,16319,53652,44.16539559,2426376089,17036,3334949.233,12.54303038,195.7589359
2017-08-21,48.19482244,52561557.45,20056,49983,77.18999239,2533194929,20588,5664863.881,15.41549138,275.153676
2017-08-22,46.39504981,52577782.45,18222,56489,65.79945027,2439348836,18895,5293307.592,13.49340426,280.1432968
2017-08-23,52.5970339,52593107.45,26619,68211,111.133831,2766241456,26679,8343917.616,15.130024,312.7522627
2017-08-24,50.18842927,52608582.45,26035,64593,99.87665909,2640342119,26994,12668933.01,17.61545191,469.3240353
2017-08-25,51.11182577,52624357.45,20251,59633,69.04212265,2689726990,21162,6280669.456,11.68526572,296.7899752
2017-08-26,51.53867773,52639807.45,18902,53185,57.77014364,2712986072,19498,4440585.622,9.95146307,227.7456981
2017-08-27,61.17533299,52656957.45,28144,69283,65.85173775,3221306907,28793,12585896.59,15.02008741,437.116542
2017-08-28,62.11007096,52674632.45,26801,74539,69.18287997,3271625160,27271,9904733.928,11.51614898,363.1965798
2017-08-29,63.60276226,52692207.45,26655,75887,72.22455087,3351369944,27218,8191692.599,10.019912,300.9660004
2017-08-30,65.11677437,52709732.45,24592,69663,59.15150728,3432287755,25620,22488431.25,7.33905413,877.768589
2017-08-31,73.36430369,52724807.45,30561,79665,54.92103985,3868118786,31166,17640420.71,9.999774,566.0149108
2017-09-01,87.87582293,52740307.45,44578,105603,79.86793704,4634597919,44687,28244077.14,11.7648985,632.0423645
2017-09-02,79.04536154,52755257.45,32057,82532,68.41849362,4170058398,33073,15094550.63,9.999774,456.4010108
2017-09-03,79.63544245,52769932.45,22130,65359,57.08984537,4202356919,22518,7923487.582,7.69482144,351.8735048
2017-09-04,70.52896989,52782957.45,32915,94956,99.84986275,3722727617,33507,19171675.98,10.99928217,572.1692774
2017-09-05,74.25205328,52797757.45,30907,80661,97.45974669,3920341899,31444,10687453.12,12.9991745,339.8884721
2017-09-06,81.65621874,52814182.45,28943,74253,84.77804669,4312606435,29764,12794829.48,9.61005811,429.8760074
2017-09-07,80.64356419,52829757.45,25587,78133,53.36952705,4260379936,26313,5821362.481,7.20087879,221.2352252
2017-09-08,73.82636078,52846482.45,28739,76714,56.39948157,3901463479,29293,12187937.74,10.76453352,416.0699736
2017-09-09,71.65568094,52860982.45,22694,65079,64.51237681,3787789693,23318,11123111.05,11.89454974,477.0182285
2017-09-10,67.48594405,52874157.45,23592,67509,80.67798094,3568262432,24008,14289914.37,15.99485494,595.2146939
2017-09-11,68.20008638,52889082.45,22632,65986,52.15197253,3607039992,23437,8362940.067,9.82436665,356.8263885
2017-09-12,66.12520837,52903307.45,24500,70697,50.21464022,3498242228,24959,8050508.023,9.74783132,322.5493018
2017-09-13,62.06227666,52917782.45,24932,72541,55.6523528,3284198055,25472,5281549.62,9.07878219,207.3472684
2017-09-14,45.79144665,52933307.45,34630,87355,73.90163033,2423892724,35169,17336455.54,15.20650549,492.9470711
2017-09-15,51.99178557,52948282.45,43150,100975,116.4759159,2752875747,43743,38576322.04,19.00071702,881.8856055
2017-09-16,52.36521718,52963632.45,27265,74230,117.4573071,2773452116,28156,25573442.72,14.03868768,908.2768405
2017-09-17,51.33487294,52978807.45,22121,63903,66.75771386,2719660349,22619,15042371.04,10.78273604,665.0325407
2017-09-18,56.17061196,52993932.45,29109,81612,89.94654024,2976701616,29656,27760261.77,12.18609608,936.0757272
2017-09-19,53.1997209,53007607.45,25902,72202,58.4444682,2819989922,26539,16723444.82,10.47648662,630.1460046
2017-09-20,51.8519905,53023307.45,24135,58720,53.95792519,2749364034,24796,32176142.86,9.21700124,1297.634411
2017-09-21,46.58849416,53038432.45,26003,71390,45.97019967,2470980701,26493,26623161.53,8.000049,1004.913054
2017-09-22,48.00600029,53053507.45,22756,66489,39.27233447,2546886694,23463,22050008.35,9.980339,939.777878
2017-09-23,49.29142144,53068382.45,18867,59891,33.70321448,2615816005,19135,15256578.09,8.16588267,797.3126776
2017-09-24,47.71811803,53083682.45,16186,52431,31.43986366,2533053425,17143,7953018.909,8.15918426,463.922237
2017-09-25,52.15699348,53098507.45,21241,65109,49.0603669,2769458507,21774,11237032.12,7.78908002,516.0756919
2017-09-26,52.40306438,53113382.45,21463,62387,45.80955117,2783304000,22075,9608083.943,8.03780769,435.2472907
2017-09-27,56.96819754,53126732.45,21886,65122,45.02939998,3026534189,22365,12266887.22,7.75651436,548.4859029
2017-09-28,54.86946169,53141982.45,22565,65384,45.93815383,2915871970,23224,21487548.26,7.58409141,925.23029
2017-09-29,52.67141664,53157107.45,20424,60933,39.48228686,2799860154,21078,8580102.161,6.9987745,407.0643401
2017-09-30,55.26100711,53172857.45,18350,58567,36.93958754,2938385654,18963,13181919.52,6.19999925,695.1389293
2017-10-01,54.72108113,53188582.45,17669,56021,31.77799111,2910536735,18130,8815208.923,5.30632662,486.2222241
2017-10-02,53.20116645,53203332.45,20441,61494,32.00403857,2830479346,21275,8109682.056,5.93866565,381.1836454
2017-10-03,52.07637874,53218032.45,19589,58745,29.48878143,2771402414,19980,10879355.27,5.70678524,544.512276
2017-10-04,51.25802701,53233307.45,18888,58375,27.40701425,2728634311,19586,7658179.125,5.01006909,391.0027124
2017-10-05,51.65614354,53247032.45,19498,61264,27.18448248,2750536351,20004,5041599.32,4.44932808,252.0295601
2017-10-06,52.09667107,53261607.45,20579,62458,27.75865371,2774752444,21144,3510712.949,3.57703668,166.038259
2017-10-07,52.5838919,53276007.45,18527,58609,26.06289853,2801459817,19134,2998372.335,2.86864361,156.7038954
2017-10-08,53.28871163,53290782.45,19772,61486,28.57694118,2839797138,20437,5277809.766,4.00130887,258.2477744
2017-10-09,49.94204986,53304957.45,23308,69754,33.23030728,2662158843,23725,8931701.738,7.56173052,376.4679342
2017-10-10,50.35679157,53318057.45,21846,66510,30.57236985,2684926306,22426,6541728.235,5.884255,291.7028554
2017-10-11,50.77126134,53331707.45,20257,61606,27.52905979,2707718057,20793,4408117.511,4.77072802,212.0000726
2017-10-12,58.50069753,53345532.45,28755,76442,45.83854775,3120750858,29222,9902038.775,7.399118,338.8556148
2017-10-13,58.78568876,53359932.45,31179,82057,49.82413393,3136800381,31895,9143498.706,6.07486574,286.6749869
2017-10-14,64.08566079,53375782.45,24370,72749,35.60717097,3420622289,25116,6608026.807,5.0960425,263.1002869
2017-10-15,65.61516981,53392532.45,24001,71135,38.88465431,3503360084,24597,6180186.968,5.01662462,251.2577537
2017-10-16,64.8328632,53407632.45,27673,74970,39.39066674,3462569728,27758,4400309.954,4.39848148,158.5240275
2017-10-17,59.2741176,53421657.45,27074,74793,40.29596472,3166521606,27757,5199683.775,4.75040561,187.3287378
2017-10-18,60.69765384,53436507.45,26223,77955,38.25301153,3243470632,27261,5718652.508,5.11905514,209.7741281
2017-10-19,59.7807699,53450732.45,25337,71620,36.09739519,3195325938,25799,4309876.231,5.00673352,167.0559414
2017-10-20,60.26844091,53465157.45,25399,70225,34.13240639,3222261682,25986,3958557.35,6.19657115,152.3342319
2017-10-21,58.05432305,53479632.45,24143,75132,36.38914264,3104723859,24642,4902989.093,4.9993835,198.9687969
2017-10-22,56.64665897,53493107.45,21450,66762,31.81477198,3030205815,22016,3956932.352,3.93562621,179.7298488
2017-10-23,54.64016282,53508407.45,29862,84333,47.33734588,2923708095,30374,6698179.725,5.3217408,220.523465
2017-10-24,55.7755391,53522582.45,29914,86245,45.89804148,2985250890,30569,5753409.176,6.80008726,188.2105786
2017-10-25,56.28487081,53536907.45,25190,71423,37.38894482,3013317920,25782,4775245.503,4.70681909,185.2162556
2017-10-26,55.55353636,53550832.45,25807,71050,39.34479538,2974938118,26281,4173391.292,5.03811986,158.7988011
2017-10-27,55.14730658,53565682.45,25657,72842,39.99257269,2954003112,26130,3458966.657,5.12567711,132.3753026
2017-10-28,54.451357,53581382.45,21454,65935,36.29461574,2917578985,22396,3048149.751,4.00006925,136.1024179
2017-10-29,56.92670089,53596207.45,22938,70251,36.71405067,3051055270,23421,25205758.99,4.45059448,1076.203364
2017-10-30,56.08272794,53611882.45,25572,70507,37.43661587,3006700618,26311,36714143.75,5.04480732,1395.391424
2017-10-31,55.43024375,53625907.45,21579,70033,35.16148712,2972497122,22099,35295767.18,5.62302273,1597.165807
2017-11-01,53.28628809,53640032.45,24323,74849,39.71963502,2858278222,24722,40322878.49,7.61368526,1631.052443
2017-11-02,54.2165362,53652682.45,27712,71728,41.79436443,2908862601,28035,44523760.91,8.01089089,1588.149132
2017-11-03,56.12932663,53667107.45,24108,74695,36.051196,3012298603,25101,47723681.03,7.9880493,1901.266126
2017-11-04,54.98640496,53683182.45,19335,54447,27.40368045,2951845210,19892,34269973.39,6.6753091,1722.801799
2017-11-05,54.62556003,53696582.45,18450,64685,28.34061799,2933205888,19081,34136484.67,5.00345199,1789.03017
2017-11-06,54.65594853,53710407.45,20848,67352,31.64204419,2935593265,21338,38777308.17,5.79835512,1817.288788
2017-11-07,60.82745176,53724707.45,27802,82324,43.19652737,3267937051,28209,45619655.23,10.32357836,1617.202142
2017-11-08,62.23456026,53738632.45,27831,76737,45.90253776,3344400160,28214,36086701.37,8.59841315,1279.035279
2017-11-09,64.35416672,53753182.45,28923,80760,48.59368918,3459241265,29659,40164385.2,8.21351538,1354.205644
2017-11-10,59.41665821,53769532.45,29665,81030,45.37586649,3194805932,30352,32817887.05,9.97416513,1081.242984
2017-11-11,62.32187626,53785132.45,25915,73186,37.28249557,3351990369,26602,30927402.12,8.30188528,1162.596877
2017-11-12,58.39963271,53803007.45,34190,89762,53.83721526,3142075874,34874,35676555.36,10.64036758,1023.013
2017-11-13,60.94949711,53816682.45,26552,78167,40.10746795,3280099732,27152,23978506.32,7.69106568,883.1211815
2017-11-14,62.24938151,53830382.45,24373,64711,52.23980912,3350908014,24923,25636041.74,6.80908456,1028.609788
2017-11-15,63.23581389,53843457.45,26331,79218,67.96005771,3404834855,26813,20859136.07,6.19619944,777.9486098
2017-11-16,70.68285635,53856333.23,30790,92803,45.02831889,3806719466,30916,26398589.41,7.52924921,853.8811428
2017-11-17,67.63312903,53870083.23,30852,88831,46.41461397,3643402290,31574,22306137.08,6.71755739,706.4716881
2017-11-18,69.28469484,53885908.23,24321,76607,40.81400578,3733468708,24998,18081138.73,6.23763819,723.3034133
2017-11-19,71.58698552,53903308.23,23446,72140,51.15385749,3858775346,24511,17300101.44,5.60588068,705.8096951
2017-11-20,72.70587992,53920183.23,29896,93821,42.86412074,3920314367,30211,17966338.68,6.15872457,594.6952658
2017-11-21,69.90207991,53934783.23,29717,90412,43.97976281,3770153527,30344,18219567.06,6.00776502,600.4339263
2017-11-22,71.97615345,53948633.23,28246,89628,45.48595706,3883015104,28961,14057649.91,5.46117082,485.3993269
2017-11-23,73.86478154,53962383.23,31005,92603,48.208208,3985919649,31173,14675543.34,5.93302081,470.7773822
2017-11-24,77.05617511,53976433.23,28459,86166,47.50243461,4159217491,29378,14741885.95,5.45909893,501.8001888
2017-11-25,88.90061077,53990158.23,33969,98253,79.08288527,4799758043,34405,16277312.61,6.22506608,473.1089262
2017-11-26,86.37553455,54006333.23,32865,99747,57.15771634,4664825902,33651,15705000.3,4.99922934,466.7023358
2017-11-27,90.8891444,54024108.23,40548,116010,66.46080632,4910204974,41128,17683825.9,5.27071863,429.97048
2017-11-28,94.16864921,54040858.23,44018,118643,67.6800324,5088954622,44150,17627937.75,5.17493298,399.2737881
2017-11-29,85.90463173,54058308.23,55246,145305,78.65119185,4643859061,56479,19159737.73,6.56144887,339.2364902
2017-11-30,87.516349,54073008.23,42934,124900,61.43120098,4732272260,43502,16567163.75,6.25514001,380.8368293
2017-12-01,98.66481221,54085908.23,41339,117472,69.19987429,5336375979,41195,13278118.61,5.16159779,322.3235492
2017-12-02,99.47844773,54098183.23,38295,111304,64.39860512,5381603293,39346,11855658.45,4.72648581,301.3180108
2017-12-03,100.9471394,54112208.23,39459,119276,63.90728973,5462472627,40258,21154985.11,3.99166342,525.485248
2017-12-04,103.7405497,54128908.23,45835,126845,99.35494299,5615362696,46366,23071651.95,4.44396548,497.5984977
2017-12-05,101.082222,54146733.23,53912,156808,144.1047802,5473272108,54446,21895808.75,4.82423371,402.1564255
2017-12-06,99.85979983,54165808.23,68772,185968,144.7418761,5408986768,69543,23981865.32,5.6006103,344.8494503
2017-12-07,97.07761367,54185233.23,63912,188122,97.37934915,5260173138,64786,20749870.72,5.08394614,320.2832513
2017-12-08,126.4254205,54208058.23,71226,191602,131.8922714,6853276556,71766,23506778.87,5.65798874,327.5475695
2017-12-09,157.1308257,54225033.23,78736,201170,111.181918,8520424245,79842,22111875.51,4.9951,276.945411
2017-12-10,149.9130355,54243708.23,54130,167349,89.78032897,8131838957,54690,9768322.625,4.03402683,178.6125914
2017-12-11,217.0380882,54261633.23,79123,223660,122.9604294,1.177684114e+10,79982,16508629.35,3.91412452,206.4043078
2017-12-12,342.1207968,54275883.23,157718,400593,364.7923957,1.856890842e+10,157287,39845713.57,3.94062153,253.3312579
2017-12-13,307.1958593,54291408.23,137068,353671,486.6685472,1.667809581e+10,137067,26567824.74,1.998627,193.8309348
2017-12-14,276.903783,54307158.23,143149,359896,314.7997405,1.503785756e+10,144239,21719088.8,1.73992266,150.5770894
2017-12-15,302.8100592,54322458.23,116437,302832,127.939851,1.644938679e+10,117126,17278706.24,1.94982491,147.5223797
2017-12-16,299.0100747,54339533.23,107685,274740,115.1038277,1.624806789e+10,109049,11082860.28,1.97886732,101.6319295
2017-12-17,321.8771163,54354683.23,107623,279709,126.6341871,1.74955287e+10,108477,12214791.82,1.85926213,112.6025961
2017-12-18,359.0726293,54369783.23,112794,298084,201.4341247,1.952270102e+10,111208,10590216.92,2.14919808,95.2289127
2017-12-19,348.7453402,54383208.23,136151,357780,141.7369809,1.896589046e+10,138589,18119556.04,1.99970368,130.743104
2017-12-20,305.1975738,54397283.23,143999,520364,677.6726905,1.660191886e+10,144444,20060588.85,2.98236724,138.8814271
2017-12-21,308.6005725,54411383.23,163910,426531,759.4969068,1.679138402e+10,162936,39285487.39,3.34605622,241.109929
2017-12-22,269.2814467,54426308.23,149266,381744,528.8866898,1.465599502e+10,150553,18317569.66,4.12411883,121.6685796
2017-12-23,290.283247,54441408.23,116657,315205,332.2033956,1.580342875e+10,118342,11215150.77,3.5765158,94.76898116
2017-12-24,274.2576787,54456783.23,82019,246568,204.2804614,1.493519096e+10,81726,6857349.727,2.4784145,83.90658697
2017-12-25,269.2304645,54470883.23,76604,229835,170.2951189,1.46652212e+10,78489,6067039.059,2.74382091,77.29795332
2017-12-26,278.1883748,54486408.23,83037,249799,184.3372854,1.515748535e+10,83234,5546548.391,2.71991333,66.63801319
2017-12-27,263.0959824,54501308.23,112931,297046,268.5614423,1.433907523e+10,113361,7442600.437,3.72568515,65.65397655
2017-12-28,247.7969036,54516133.23,112034,299368,324.3293183,1.350892901e+10,111800,27473915.2,3.75457264,245.7416386
2017-12-29,243.8804314,54531083.23,155029,393462,227.2247897,1.32990641e+10,156079,35159550.02,4.36878425,225.2676531
2017-12-30,217.5578015,54545983.23,141009,466942,448.3121881,1.186690419e+10,142496,13625583.83,4.37221497,95.62081625
2017-12-31,229.0352734,54560283.23,106678,326466,391.7282248,1.249622939e+10,106520,17063933.36,9.93851765,160.1946429
2018-01-01,224.8172239,54573983.23,83752,236300,157.2425632,1.226917141e+10,83624,8597006.062,8.99677018,102.8054872
2018-01-02,250.5208951,54587858.23,127918,331554,215.2606744,1.367539911e+10,128479,14370108.69,10.99649778,111.8479182
2018-01-03,243.3128439,54602258.23,188331,471046,334.4321252,1.328543074e+10,187340,26658666.36,19.84802905,142.3009841
2018-01-04,236.355791,54617908.23,223177,601822,480.2741603,1.29092589e+10,226486,45326685.1,22.55295767,200.1301851
2018-01-05,243.5221991,54632133.23,197203,577650,369.4304271,1.330413722e+10,197786,46687161.23,23.41416563,236.0488671
2018-01-06,278.2988823,54646233.23,174590,474855,333.8126135,1.520798563e+10,174276,27610549.03,12.41375511,158.4300135
2018-01-07,271.7395367,54659508.23,143240,389707,175.7631424,1.485314944e+10,143943,17526417.14,9.96947451,121.7594266
2018-01-08,253.1474628,54673533.23,146334,365076,167.8629158,1.384046622e+10,147072,12203696.48,10.7581404,82.97770125
2018-01-09,245.1860718,54687008.23,145528,365142,167.2955529,1.340849273e+10,146387,12962870.84,12.80372011,88.55206294
2018-01-10,245.8620738,54700883.23,140205,356973,165.7028881,1.344887259e+10,140859,11017165.04,11.00202141,78.21413639
2018-01-11,223.8876727,54715558.23,121393,294222,135.1843722,1.225013899e+10,121430,9391667.623,8.86944347,77.34223522
2018-01-12,234.8198133,54729183.23,107022,285980,133.5713723,1.285149659e+10,107432,9051032.526,9.81273694,84.24894375
2018-01-13,257.2583978,54743458.23,93287,324083,133.4173037,1.408321436e+10,94014,8274703.254,5.62933839,88.0156493
2018-01-14,239.0826844,54759208.23,88342,234076,109.3887896,1.30919785e+10,89409,9464756.276,6.77998983,105.8591
2018-01-15,232.5759266,54773183.23,90250,242369,117.0616198,1.273892384e+10,90940,8218959.338,5.76340638,90.37782426
2018-01-16,188.9380471,54788533.23,118079,305590,146.7031641,1.035163847e+10,118061,11042036.98,6.90870674,93.52823519
2018-01-17,187.2009012,54803633.23,112861,288293,148.7058576,1.025928953e+10,113715,9183596.153,8.73785816,80.75976039
2018-01-18,191.632632,54818258.23,95411,246835,121.2318836,1.050496711e+10,95861,8418091.909,7.999774,87.81560706
2018-01-19,191.8230952,54833008.23,69458,201684,96.59727002,1.051823736e+10,70599,5270261.058,5.42085185,74.65064743
2018-01-20,210.4010294,54847483.23,67045,193125,87.0653682,1.153996693e+10,67377,4586846.135,4.4518996,68.07732808
2018-01-21,189.7309332,54861583.23,54801,165184,74.25279775,1.040893938e+10,56030,3706845.48,3.39803765,66.15822738
2018-01-22,178.2082244,54876133.23,62847,185366,85.73855183,9779378266,62312,4438623.406,4.74363347,71.23224106
2018-01-23,177.9647323,54890433.23,58847,167675,82.07456674,9768561259,60289,3539742.31,4.33009802,58.71290467
2018-01-24,179.3642564,54905258.23,58898,170545,80.96627191,9848040816,59665,5818339.053,4.12412612,97.51678627
2018-01-25,178.8778019,54919658.23,61970,178746,80.42162276,9823907748,62412,4778885.302,4.43992298,76.56997536
2018-01-26,175.3306022,54935983.23,57922,174890,82.05788776,9631959023,58105,5155775.97,3.68232279,88.73205351
2018-01-27,179.312607,54952008.23,49020,195705,86.17766862,9853587854,50023,3142787.415,2.65865904,62.82684794
2018-01-28,191.4302208,54966383.23,51247,183010,79.42192592,1.052222688e+10,51853,10146139.24,3.01487163,195.6712097
2018-01-29,179.3769763,54981983.23,49919,157654,73.73911175,9862501903,50691,6689338.028,2.58569032,131.9630315
2018-01-30,163.6408125,54997483.23,55142,163729,79.3831416,8999832839,55890,7625119.27,3.31433295,136.4308332
2018-01-31,160.9595007,55011108.23,54591,161491,82.5508883,8854560513,55076,3776080.097,3.9079215,68.56126257
2018-02-01,141.1840882,55026783.23,58313,171333,85.16478187,7768906218,58589,4345224.924,4.68809289,74.16451763
2018-02-02,130.6034915,55040758.23,66466,184956,97.57366164,7188515199,67228,5219717.598,5.26111622,77.64201817
2018-02-03,157.1001989,55056333.23,49484,147661,71.39763669,8649360900,50007,3915396.79,4.01008945,78.29697422
2018-02-04,149.3736047,55071333.23,45168,159260,74.07797759,8226203562,45825,7370709.287,3.34432458,160.8447198
2018-02-05,124.3624692,55086183.23,50918,161833,82.3627043,6850653763,51637,6476869.321,3.99506715,125.4307826
2018-02-06,143.0908969,55102458.23,59940,172607,84.31060358,7884660168,60597,5818080.19,4.96071318,96.01267703
2018-02-07,138.5506252,55116733.23,50079,145613,75.93095197,7636457849,50891,5533703.794,3.83846818,108.7363934
2018-02-08,148.9566905,55132433.23,37517,119252,60.95537862,8212344796,37776,4259704.231,2.80038152,112.7621831
2018-02-09,162.326773,55147208.23,44461,141141,74.9028965,8951868350,45402,4047047.894,2.99071062,89.13809731
2018-02-10,155.0028618,55160808.23,46669,171828,80.36111108,8550083138,47138,5485205.951,3.02090884,116.3648426
2018-02-11,150.159758,55175408.23,36039,114379,59.68605236,8285125949,36593,3497489.108,2.67936031,95.57809164
2018-02-12,161.8807317,55190033.23,40417,128711,63.80571469,8934202962,40959,2844600.365,2.74070323,69.44994666
2018-02-13,158.6938647,55205133.23,41410,127880,64.88275511,8760715946,42119,17183887.68,2.76721564,407.9842276
2018-02-14,212.8589599,55219708.23,62290,203607,106.7538951,1.175400966e+10,62717,7751894.011,3.72720348,123.6011609
2018-02-15,222.4078875,55234308.23,64202,209445,107.5438252,1.228454581e+10,64730,10024868.06,3.84485089,154.872054
2018-02-16,229.0138081,55248833.23,55817,165307,81.81384165,1.265274569e+10,56268,4963362.617,3.21481525,88.20933064
2018-02-17,229.4333523,55264108.23,63995,188517,93.8159447,1.267942961e+10,64560,11652703.74,4.6422241,180.4941719
2018-02-18,214.8216337,55279033.23,75749,243569,115.8637941,1.187513223e+10,75877,9467507.148,6.00707353,124.7744
2018-02-19,221.642902,55292983.23,54724,159232,89.81441485,1.225529727e+10,56189,3887199.885,3.17500266,69.18079846
2018-02-20,229.4842583,55307633.23,58607,176589,98.44880509,1.269223119e+10,58427,3855026.117,2.70215125,65.98021662
2018-02-21,210.7117251,55322383.23,46401,145625,77.47505069,1.165707481e+10,47703,3498832.533,2.294137,73.34617388
2018-02-22,194.1288717,55337183.23,43551,186164,77.86026564,1.074254494e+10,43821,5376107.074,2.24694779,122.6833498
2018-02-23,207.2797685,55352258.23,41068,145570,67.21881221,1.147340327e+10,42137,3606890.057,2.0812129,85.59911852
2018-02-24,206.0923933,55366333.23,37469,118667,56.93910555,1.141058012e+10,37734,2288780.958,1.989387,60.65566751
2018-02-25,217.5729657,55380383.23,36571,109739,53.9573497,1.204927422e+10,36999,2036937.487,2.06495117,55.05385244
2018-02-26,218.8425629,55394808.23,41501,135685,77.91168873,1.212274181e+10,42497,2835706.842,2.05640993,66.72722407
2018-02-27,215.6255961,55409258.23,42832,137557,70.4739965,1.194765434e+10,43058,2839948.148,1.99395206,65.95634139
2018-02-28,202.4085658,55423733.23,75842,168203,76.14552444,1.121823835e+10,75323,3402393.706,1.925209,45.1707142
2018-03-01,209.2688835,55438108.23,48701,138022,64.92024916,1.160147101e+10,50666,2292131.672,1.874906,45.24003615
2018-03-02,210.5137892,55453108.23,38860,117135,47.62707684,1.167364394e+10,39413,2365660.445,1.92331095,60.02233893
2018-03-03,210.141016,55468158.23,34933,121663,47.41381469,1.165613513e+10,35693,2191671.505,1.72892904,61.40339855
2018-03-04,212.2667495,55482383.23,32123,114329,43.66967165,1.177706514e+10,32199,1487211.075,1.61757576,46.18811376
2018-03-05,210.7678251,55498108.23,37049,119476,46.29934943,1.169721557e+10,38175,1950372.411,1.90194695,51.09030546
2018-03-06,195.9441811,55513733.23,36978,128077,46.90728938,1.0877593e+10,37394,2506687.472,1.63208416,67.03448339
2018-03-07,185.8875168,55529208.23,38579,129332,47.93074718,1.032218663e+10,39149,2667019.4,2.05502459,68.12484099
2018-03-08,176.3211837,55543783.23,36911,241550,77.66196914,9793545606,37389,3427716.766,2.12758867,91.67714477
2018-03-09,186.7528714,55557583.23,39656,127753,48.97383925,1.03755382e+10,40455,2901119.464,2.95015871,71.71225965
2018-03-10,177.6674817,55572558.23,31052,111839,39.55962216,9873436471,31590,1808169.806,1.96093219,57.23867697
2018-03-11,187.8462172,55587033.23,28628,105631,39.77215728,1.044181392e+10,29162,2419327.662,1.61905298,82.96165086
2018-03-12,178.6489954,55601633.23,30174,112773,43.99906307,9933175921,30763,2472705.404,1.73718212,80.37920243
2018-03-13,175.7213788,55617408.23,31270,115180,41.43385954,9773167660,31896,4097179.726,1.89572007,128.4543431
2018-03-14,160.902821,55631183.23,33541,108385,42.00085154,8951214317,33879,5763787.235,2.15216614,170.1286117
2018-03-15,164.7013046,55645208.23,35324,122053,44.81027158,9164838390,36252,3653800.361,2.55316667,100.788932
2018-03-16,166.1618169,55660933.23,31683,107603,38.12436825,9248721797,32190,2608006.792,2.15571267,81.01916097
2018-03-17,152.8913599,55675458.23,27711,105492,35.35053565,8512296522,28399,2069517.107,2.00920944,72.8728866
2018-03-18,153.6999952,55689533.23,33181,109095,38.51942235,8559480988,33563,2698220.062,3.15020135,80.39269619
2018-03-19,159.9383201,55704108.23,31130,115554,41.66870448,8909221496,31608,2713448.247,2.06614316,85.84688201
2018-03-20,168.4274735,55717958.23,32226,114491,39.59661151,9384434936,32738,2592571.381,2.01005231,79.19150165
2018-03-21,168.0417475,55732658.23,30685,108214,37.56167822,9365413280,31282,2333925.382,1.9989165,74.60921237
2018-03-22,163.6953332,55748058.23,26966,107785,35.05775484,9125696967,27612,2160799.442,1.74861924,78.2558106
2018-03-23,166.5951428,55763558.23,27962,106609,34.37987051,9289937945,28424,2341529.665,1.75243687,82.37861192
2018-03-24,159.9937729,55778708.23,26444,96200,29.17363264,8924245980,27132,3448245.56,1.81951322,127.0914625
2018-03-25,159.9180019,55794333.23,23183,95785,29.51068216,8922518290,23937,2324871.797,1.41857653,97.1246103
2018-03-26,149.1849473,55809233.23,28819,105743,37.37839991,8325897518,29386,4107376.048,1.87937204,139.773227
2018-03-27,136.3194147,55824558.23,29412,108207,36.87508863,7609971107,30117,2784690.572,2.00937052,92.46241564
2018-03-28,131.2849189,55838983.23,28744,101172,34.73758579,7330816384,29238,3589462.286,2.03391925,122.7670253
2018-03-29,115.6617471,55853933.23,31211,114388,41.77520741,6460163501,31884,4978626.029,2.61987986,156.1481003
2018-03-30,118.2635478,55868958.23,29594,108019,36.60916323,6607261214,30075,4427136.708,2.59275927,147.2032156
2018-03-31,116.087309,55884108.23,23484,84962,28.07673524,6487435742,24332,2677486.409,1.71836814,110.0397176
2018-04-01,114.6288593,55899358.23,22647,82549,25.96333212,6407679668,23097,2772330.829,1.99915268,120.0299099
2018-04-02,118.6266514,55914008.23,24864,99074,36.66311697,6632891563,25074,3303299.175,1.82146873,131.7420106
2018-04-03,134.1876076,55928608.23,28752,113015,42.38449552,7504926133,29699,2814635.463,2.03217113,94.7720618
2018-04-04,118.0488799,55943558.23,26584,102186,32.75957182,6604074385,27031,2989040.547,1.769449,110.5782452
2018-04-05,119.1907407,55959133.23,26739,91980,31.19006988,6669810542,27471,2921913.867,1.87333034,106.3635785
2018-04-06,112.9913408,55974483.23,25903,102292,34.43977119,6324631912,26507,4266786.893,1.81909569,160.9683062
2018-04-07,115.7909999,55988258.23,22584,92567,28.32927586,6482936403,23135,2037909.904,1.54845423,88.0877417
2018-04-08,117.5251733,56003033.23,20691,87243,25.44356038,6581766186,21182,1774958.613,1.51042033,83.79561011
2018-04-09,114.5154648,56017208.23,25201,100282,33.74291361,6414836636,25851,2360769.092,2.00510616,91.32215744
2018-04-10,113.9935651,56032058.23,26345,105580,33.75972675,6387294080,26993,1951188.26,1.92009033,72.28497238
2018-04-11,117.2799864,56044708.23,27589,105768,34.15390211,6572922618,27860,3037381.603,2.10669319,109.0230296
2018-04-12,129.3499393,56060083.23,32736,108353,38.97214187,7251368361,33234,6757355.696,2.7432535,203.3265841
2018-04-13,126.1015327,56074633.23,32379,107948,35.82775792,7071097198,33243,4858280.516,2.4073855,146.144467
2018-04-14,126.4689122,56089333.23,24695,99452,32.31384375,7093556959,25146,3545783.234,1.53323666,141.0078436
2018-04-15,132.2538784,56105008.23,25462,102385,31.95384629,7420104935,26108,4521102.895,1.7824665,173.1692545
2018-04-16,128.5077596,56119358.23,26827,110859,33.6911518,7211772998,27273,4111877.252,1.89054539,150.7673249
2018-04-17,132.904506,56134008.23,29960,117771,39.57618924,7460462632,30606,4642004.966,2.01735545,151.6697695
2018-04-18,140.4477033,56149283.23,28477,114046,42.24232417,7886037870,29181,3005338.622,1.998161,102.9895693
2018-04-19,146.1274763,56164958.23,30501,112199,45.71992668,8207243601,30888,4278814.328,1.99810432,138.5267524
2018-04-20,155.6202767,56179683.23,33513,120349,37.05299075,8742697849,34142,3193129.424,2.18603112,93.52496702
2018-04-21,148.1439044,56195083.23,27604,106701,31.73030409,8324959040,28245,3097875.254,1.9987915,109.6787132
2018-04-22,146.8416168,56211358.23,26311,100611,29.78371679,8254166726,27027,3080808.554,1.67326311,113.9900305
2018-04-23,152.0708059,56226433.23,29621,113626,36.38855179,8550399017,30110,4660022.09,1.88511905,154.7665922
2018-04-24,165.3058867,56242033.23,37092,129418,43.71062214,9297139174,37573,5372160.074,2.01177357,142.979269
2018-04-25,144.9317464,56255108.23,33617,120842,37.67606902,8153151079,34542,5720446.191,1.99860403,165.6084243
2018-04-26,153.8036635,56269558.23,29795,116339,34.0754582,8654464201,29846,3367239.893,1.5242516,112.8204749
2018-04-27,146.3684275,56284283.23,30709,110776,33.53957267,8238242030,31863,3850784.899,1.57265849,120.8544361
2018-04-28,151.9237439,56299758.23,28974,109249,32.00455386,8553270053,29465,2873636.598,1.71989475,97.52712025
2018-04-29,153.3474914,56314708.23,29700,114682,34.39868782,8635719236,29951,3985572.957,1.94946199,133.0697792
2018-04-30,148.0489072,56330833.23,31566,121984,36.31270282,8339718301,32431,3629307.91,1.91453248,111.9086032
2018-05-01,147.9901562,56345883.23,29767,116098,33.48803179,8338636059,30339,3913302.994,1.49836889,128.9858925
2018-05-02,151.1699245,56359458.23,32836,123328,38.98298706,8519855044,33391,3278582.962,1.6317447,98.18762428
2018-05-03,161.247605,56373908.23,36459,128039,45.24065124,9090157684,36999,4578808.4,2.06887834,123.7549231
2018-05-04,169.1510743,56388883.23,35474,129549,39.13678567,9538240180,36001,3485705.167,1.83154934,96.82245402
2018-05-05,177.3391129,56404958.23,32517,117776,38.73027035,1.000280525e+10,33843,4300047.371,1.71202223,127.0586937
2018-05-06,171.3176013,56420808.23,28896,110679,34.25032262,9665877528,28844,5395784.849,1.46925866,187.0678425
2018-05-07,164.1241892,56435583.23,31034,114633,38.11770825,9262444340,31692,3670654.908,1.65596552,115.82276
2018-05-08,159.463223,56450183.23,31003,119069,36.74768852,9001728156,31852,3277627.969,1.45200649,102.9017948
2018-05-09,156.541278,56464933.23,30585,112765,35.27147266,8839092808,31689,3559451.615,1.51344799,112.3245169
2018-05-10,149.147776,56479883.23,32428,118279,37.44367315,8423848972,32317,3087063.817,1.2879611,95.52445514
2018-05-11,136.8499045,56495058.23,33723,119072,35.98997451,7731343323,34489,3805930.943,1.68353905,110.3520236
2018-05-12,142.1442079,56509508.23,28493,107977,30.33411914,8032499286,29454,1648848.979,1.32163531,55.9804773
2018-05-13,144.685616,56525208.23,27432,102581,28.66039954,8178384573,27702,2242096.269,1.34526188,80.93625978
2018-05-14,147.397849,56539458.23,32126,117960,37.58761277,8333794527,32663,3239111.095,1.82171,99.16759313
2018-05-15,139.5159799,56553733.23,31533,114414,36.15724072,7890149510,32201,4884044.651,1.20940348,151.6736949
2018-05-16,138.9583762,56569133.23,31166,112446,34.10445793,7860754895,32030,4556853.731,1.08807193,142.2683026
2018-05-17,132.3177571,56583833.23,30985,112463,35.48275219,7487045901,31651,3237654.579,1.12006251,102.2923313
2018-05-18,135.8875047,56598508.23,30539,117187,35.00304237,7691030053,31002,3192007.801,1.02220067,102.9613509
2018-05-19,134.6743928,56611908.23,26494,109262,29.59969317,7624174366,27132,2606493.43,0.999777,96.06713216
2018-05-20,139.1237951,56627308.23,26536,98450,27.86621019,7878206027,27052,2184932.007,1.09104503,80.76785475
2018-05-21,134.6171034,56641708.23,30509,124016,35.71569117,7624942696,31067,3906293.711,1.20729357,125.7377188
2018-05-22,128.3438481,56656908.23,31236,118561,33.04030965,7271565626,31980,2613561.987,1.23017633,81.72489014
2018-05-23,118.8209415,56672483.23,34265,131694,36.7376992,6733877813,34838,2789168.958,1.83286531,80.06111023
2018-05-24,122.8601231,56687508.23,31250,114369,31.58808334,6964634241,31861,1709908.91,1.75779316,53.66777283
2018-05-25,118.2557934,56701408.23,28020,109227,32.25562999,6705270016,28467,1473170.08,1.61325724,51.75009941
2018-05-26,118.1339755,56714683.23,22309,115173,31.98552268,6699931000,22882,1007629.809,1.37015492,44.03591509
2018-05-27,117.6733255,56728933.23,21120,99537,32.40933029,6675482224,21784,998736.1774,1.78087603,45.84723546
2018-05-28,111.0224635,56743208.23,25140,104664,30.91629093,6299770766,25784,1467903.103,1.86623526,56.93077501
2018-05-29,119.3879146,56757508.23,26845,110723,34.7233346,6776160544,27274,1339540.377,1.80046778,49.1141885
2018-05-30,117.2386829,56770308.23,25548,105587,33.08271867,6655676165,25999,1364663.857,1.54571052,52.48909024
2018-05-31,118.0268445,56784333.23,26189,101147,30.63099973,6702075666,26895,2325454.982,1.65534077,86.464212
2018-06-01,119.9461898,56798308.23,25530,99600,28.72283186,6812740657,26046,2123673.794,1.43027417,81.53550618
2018-06-02,123.3173694,56811983.23,22893,92842,26.28541193,7005904323,23426,2575335.492,1.48413405,109.9349224
2018-06-03,125.0264936,56826158.23,22031,92689,24.17986295,7104775310,22722,2760873.987,1.51312494,121.5066449
2018-06-04,119.5060465,56840358.23,24330,104890,29.37698483,6792766492,24894,3128115.636,1.58297742,125.6574129
2018-06-05,121.8174389,56856383.23,25331,98513,27.44567528,6926098988,25813,3319560.309,1.63121333,128.6003296
2018-06-06,121.2375798,56872283.23,25298,96021,26.29723818,6895057974,25982,2999798.547,1.71550321,115.4567988
2018-06-07,121.340893,56887908.23,24261,95362,26.32814367,6902829588,24879,3417273.988,1.65640257,137.3557614
2018-06-08,119.956218,56902408.23,24567,96182,25.01933914,6825797687,25146,2857766.585,1.44677523,113.6469651
2018-06-09,117.8847424,56916933.23,20762,85575,21.5919149,6709638011,21367,2169105.868,1.28480272,101.5166316
2018-06-10,106.2433516,56930958.23,25369,96174,31.3299451,6048535813,25952,3845609.434,2.49990941,148.1816212
2018-06-11,106.8222657,56944758.23,26612,98943,26.97831466,6082968093,27139,2735695.425,2.16058609,100.8031034
2018-06-12,99.30257734,56960108.23,26317,98687,29.02550615,5656285553,26972,2952865.291,2.59942605,109.4789148
2018-06-13,93.51630838,56974258.23,27872,102552,31.53603765,5328022302,28409,3913070.538,2.50772262,137.7405237
2018-06-14,100.4763492,56988158.23,26216,105570,28.35967733,5725962089,26676,3991368.889,2.23165567,149.623965
2018-06-15,95.36612352,57001533.23,23052,94285,24.68312751,5436015259,23850,3214801.38,1.83357329,134.7925107
2018-06-16,96.53688864,57015733.23,19900,82931,20.96502185,5504121490,20378,1915501.532,1.59810698,93.99850488
2018-06-17,94.96565985,57030408.23,18868,81397,19.87086099,5415930349,19267,1557869.488,1.72902925,80.85687903
2018-06-18,98.58247628,57044408.23,22173,89803,25.02894305,5623579021,22887,2278229.271,1.99636625,99.5425032
2018-06-19,98.5222921,57058383.23,23656,92042,25.33320039,5621522699,24226,2799550.64,1.98279132,115.5597556
2018-06-20,97.78645397,57072433.23,23127,89657,24.53445209,5580910865,23670,2123811.242,1.82623203,89.72586572
2018-06-21,96.68455043,57087233.23,23961,96799,24.75886446,5519453480,24638,3543697.976,1.64056484,143.8305859
2018-06-22,85.03691483,57101058.23,27279,99464,28.69788278,4855697825,27778,5870509.68,2.53735679,211.3366578
2018-06-23,83.03789063,57115108.23,21648,85449,21.97609673,4742718111,22139,2589346.25,2.04528182,116.9585912
2018-06-24,80.73326571,57129508.23,23209,87702,25.45413552,4612251768,23831,3193473.049,2.5581043,134.0049955
2018-06-25,81.637155,57144108.23,23034,89101,24.93661397,4665082421,23633,3522904.372,2.15075389,149.0671676
2018-06-26,76.23117002,57157533.23,23534,87753,24.79580756,4357185633,23909,3321348.292,2.16712344,138.9162362
2018-06-27,80.74318767,57170433.23,25053,133297,30.12512053,4616123020,25684,2736293.755,2.05722105,106.5369006
2018-06-28,74.5329646,57183808.23,23674,112958,24.57994703,4262078754,24229,2029191.118,1.91825804,83.75051045
2018-06-29,79.54736356,57199008.23,26279,92676,26.98015423,4550030303,26875,2313887.082,1.99977471,86.09812399
2018-06-30,80.75683934,57214583.23,24369,86765,23.42742636,4620468905,25073,2167712.369,1.70316321,86.45604311
2018-07-01,79.89429873,57228633.23,19843,81689,22.60478901,4572241519,20370,2325414.627,1.8848945,114.1587937
2018-07-02,85.44215374,57241608.23,24496,110184,26.90638073,4890846290,24943,2785986.756,2.01035322,111.6941328
2018-07-03,84.81655947,57255033.23,24711,90781,27.09222462,4856174931,25323,2780441.937,2.56613756,109.7990734
2018-07-04,85.33195733,57268308.23,23806,88568,27.2283629,4886816834,24283,2761841.78,1.82364847,113.7356084
2018-07-05,83.15609696,57281608.23,23983,88576,25.15448521,4763314968,24573,3942871.852,2.03069236,160.4554532
2018-07-06,82.9609531,57296283.23,24071,87054,25.13511192,4753354266,24562,2933775.271,1.75110871,119.4436638
2018-07-07,84.09352035,57311183.23,22266,82623,23.55004737,4819499153,22842,3286110.802,1.95058967,143.8626566
2018-07-08,82.30452235,57326258.23,23433,88712,29.51857982,4718210302,24101,4082697.328,2.32372565,169.3994991
2018-07-09,80.44894783,57341870.73,25599,95338,28.30951324,4613093167,25995,3753822.853,2.43001164,144.4055723
2018-07-10,75.72098048,57354770.73,24924,92583,28.09250991,4342959475,25781,4441547.739,2.48144985,172.2798859
2018-07-11,78.07228469,57368620.73,24058,87120,25.22978647,4478899290,24547,6981133.734,2.11668754,284.3986529
2018-07-12,75.67852469,57382645.73,23396,86052,26.22105259,4342633972,23870,2741547.899,1.898902,114.8532844
2018-07-13,76.44115616,57397220.73,22925,90419,25.07991955,4387509913,23514,2676627.594,1.77755569,113.8312322
2018-07-14,76.23216224,57412070.73,20604,80204,21.00393726,4376646291,21246,1426505.44,1.50294806,67.14230633
2018-07-15,78.30838716,57427195.73,20525,80184,23.21221223,4497031077,21183,1877470.208,1.77554276,88.63098747
2018-07-16,83.43800874,57443045.73,24656,93650,26.23805994,4792933352,25214,2512223.398,1.79887007,99.6360513
2018-07-17,88.98040273,57458145.73,26357,93811,28.08375104,5112648947,26952,2854240.597,1.999833,105.9008829
2018-07-18,86.38789332,57472845.73,27529,96322,28.56386407,4964958066,28026,3666645.305,2.05703444,130.8301329
2018-07-19,86.08793317,57487145.73,24023,90474,24.68874173,4948949560,24673,2358277.994,1.7972596,95.58132346
2018-07-20,81.70153576,57500920.73,26317,99530,25.07002175,4697913531,26711,2877591.7,1.7000845,107.7305867
2018-07-21,83.64881234,57514070.73,21320,88770,20.76228994,4810983709,21808,2081153.577,1.4891862,95.43073996
2018-07-22,82.24460742,57527295.73,20094,81765,20.18185485,4731309853,20772,2668776.57,1.445051,128.4795191
2018-07-23,81.41647351,57542720.73,24608,91920,26.24529786,4684925398,25381,3517740.169,1.8700587,138.5973826
2018-07-24,89.0793022,57558470.73,27177,94248,27.99809336,5127268408,27740,3329989.955,1.90141465,120.0428967
2018-07-25,86.58181048,57574045.73,26230,102912,28.19897229,4984865116,26945,2481467.033,1.74377203,92.09378485
2018-07-26,83.32010408,57590170.73,24887,87723,25.8910903,4798419019,25456,2934945.556,1.57913499,115.2948443
2018-07-27,84.43493849,57603070.73,23919,86848,22.71287446,4863711734,24460,2701543.894,1.4989382,110.44742
2018-07-28,83.8444232,57617245.73,21007,79977,20.98489013,4830884735,21379,2134770.476,1.41292998,99.85361692
2018-07-29,84.00149892,57632020.73,20525,81138,21.4412791,4841176127,21268,1638919.242,1.54410131,77.06033673
2018-07-30,82.16671974,57644420.73,24597,87034,26.22448991,4736452963,24920,3037870.396,1.63753264,121.9049115
2018-07-31,78.67327011,57657695.73,26391,92482,27.73983777,4536119470,27043,3461475.166,1.87036002,127.9989338
2018-08-01,77.56567313,57669445.73,25275,89655,29.62759429,4473169377,25813,2927612.807,1.82360467,113.4162169
2018-08-02,76.20604841,57684020.73,25323,92788,26.39683396,4395871276,25807,2512147.542,1.41388984,97.34364868
2018-08-03,77.59468065,57697595.73,26780,92906,25.37822865,4477026515,27368,2736673.863,1.54630655,99.99539108
2018-08-04,73.04187968,57711995.73,23099,83581,22.29947389,4215392648,23723,3067501.818,1.50726472,129.3049706
2018-08-05,74.58593824,57726895.73,20546,78386,21.26466729,4305614679,21001,2126474.799,1.54955721,101.255883
2018-08-06,73.64154251,57741720.73,25055,87575,26.4392406,4252189382,25799,2196350.358,1.82517306,85.13315855
2018-08-07,67.75505127,57757320.73,27848,96639,29.60857321,3913350227,28436,2834147.013,1.75417946,99.66756975
2018-08-08,62.04718758,57772045.73,30528,99913,33.89910741,3584592958,30928,4247936.83,2.25833777,137.349225
2018-08-09,63.57994242,57787895.73,28389,104649,30.57497755,3674151083,29056,2977119.978,1.999773,102.461453
2018-08-10,58.92788022,57801295.73,28163,88470,25.57917263,3406107831,28696,2466294.61,1.85768146,85.94558856
2018-08-11,58.525448,57814045.73,26651,82961,24.19729361,3383592927,27327,1952921.292,1.89200536,71.46489887
2018-08-12,59.32018864,57826645.73,22023,74534,20.90974838,3430287533,22485,2083484.097,1.6694405,92.66106722
2018-08-13,56.59792394,57840020.73,28384,90071,26.63010791,3273625094,28932,3023973.051,1.999774,104.5200142
2018-08-14,53.97949028,57854120.73,31509,96585,28.34979585,3122935948,32009,3792370.209,2.7206114,118.478247
2018-08-15,54.37508071,57868320.73,29561,90975,24.74644334,3146594610,30140,3480967.503,2.28300692,115.4932814
2018-08-16,55.03683229,57882020.73,27867,86422,23.82008302,3185643068,28501,2942741.611,1.8995696,103.2504688
2018-08-17,61.26349806,57895095.73,29738,90301,24.63971739,3546856085,29929,2741518.084,2.07933637,91.60072449
2018-08-18,57.24155824,57910870.73,25635,80189,23.00371536,3314908480,26517,2582554.356,1.999091,97.3924032
2018-08-19,57.90617783,57925245.73,22621,80626,28.22321556,3354229580,23274,1888944.299,1.69266198,81.16113683
2018-08-20,53.60603716,57940570.73,26566,83053,24.68987125,3105964387,27035,2912032.557,1.98942996,107.7134291
2018-08-21,56.4880545,57954920.73,24272,78851,22.85825835,3273760721,25004,2422278.468,1.9995615,96.87563863
2018-08-22,55.1794755,57969370.73,25557,79360,23.05726721,3198719472,26173,3377199.228,2.10770573,129.0337076
2018-08-23,57.14843892,57983645.73,25432,79852,23.27049136,3313674836,25958,2272897.835,1.9997805,87.56059154
2018-08-24,57.90730347,57997995.73,25725,82789,22.72313124,3358507540,26225,2301906.635,1.98111816,87.77527681
2018-08-25,57.88933997,58013345.73,23051,75204,21.18920378,3358354294,23697,2051964.426,1.50681161,86.59173843
2018-08-26,56.86745449,58027095.73,21472,71550,19.71094138,3299853225,22084,2447204.345,1.78281632,110.8134552
2018-08-27,60.27186353,58041270.73,24999,80248,22.56337007,3498255548,25385,2683693.95,2.01216659,105.719675
2018-08-28,63.32975804,58054970.73,27056,87617,27.27813482,3676607249,27609,3952222.491,2.13880188,143.1497878
2018-08-29,61.49660835,58069995.73,25392,80993,25.11093707,3571107784,26123,3761741.738,1.82968503,144.0011384
2018-08-30,60.02532721,58084120.73,25202,81241,23.55681871,3486518352,25743,2755091.374,1.76898978,107.0229334
2018-08-31,62.10956307,58098470.73,26839,85117,23.8741346,3608470632,27300,2305960.324,1.51571488,84.46741115
2018-09-01,66.28034063,58113595.73,28473,82472,24.33049984,3851788920,29225,3789206.418,1.75664789,129.6563359
2018-09-02,66.13084814,58127195.73,25178,79648,22.21111491,3844000753,25792,3204080.194,1.41938147,124.227675
2018-09-03,65.3529087,58142145.73,74924,92147,25.84558657,3799758341,75376,3391583.43,0.00088124,44.99553478
2018-09-04,67.72247514,58156245.73,28824,93957,32.7587958,3938484905,29446,4325229.409,1.71200393,146.8868236
2018-09-05,58.70460838,58171620.73,28580,89526,28.94401597,3414942214,29268,4676997.798,1.91280193,159.7990227
2018-09-06,57.31573767,58185345.73,29670,87176,25.62328238,3334936012,30055,3902268.095,1.62631788,129.8375676
2018-09-07,55.84506528,58198995.73,28456,85244,23.50629292,3250126715,28980,1898431.974,1.49970725,65.50834969
2018-09-08,53.07546786,58214020.73,25906,78049,22.18596113,3089736386,26592,2106319.971,1.55911969,79.20878351
2018-09-09,54.79509458,58228045.73,25218,79026,21.43765802,3190611273,25826,1909911.086,1.59327368,73.95303516
2018-09-10,54.06808799,58242770.73,28012,82986,24.48074549,3149075253,28457,2816267.011,1.77137547,98.96570302
2018-09-11,51.74554201,58257520.73,28338,83717,25.49897666,3014566986,29071,2728835.018,1.99935403,93.8679446
2018-09-12,51.68515141,58271270.73,28577,85233,25.16890866,3011759450,29028,3015304.449,2.19957925,103.8757217
2018-09-13,54.69009421,58285870.73,26729,85200,23.73414761,3187659761,27490,2338340.749,1.8911534,85.06150413
2018-09-14,56.81673171,58300870.73,27339,84807,23.5537173,3312464930,27916,1992754.309,1.91176229,71.38394859
2018-09-15,56.61537664,58315320.73,24867,79232,21.97101282,3301543847,25547,1917180.354,1.50202309,75.04522464
2018-09-16,56.8384666,58329145.73,22322,73207,18.94106822,3315339201,22732,1806177.065,1.5028813,79.45526414
2018-09-17,52.24429173,58343095.73,26190,79568,24.37803259,3048093713,26682,2427086.727,1.50607659,90.96344829
2018-09-18,54.12326116,58358670.73,26009,82466,23.6993691,3158561576,26726,2332674.801,1.62339482,87.28110456
2018-09-19,54.10501887,58371345.73,25019,80332,21.51423775,3158182762,25554,1848729.523,1.61828167,72.34599371
2018-09-20,56.55424005,58386420.73,28003,89902,24.43799009,3301999654,28582,2910831.455,2.07445539,101.8414196
2018-09-21,60.78241113,58401570.73,33457,126153,26.5563737,3549788282,34082,3095657.587,2.40092237,90.8296927
2018-09-22,60.49309704,58416995.73,27130,84413,21.86858532,3533824991,27663,3689111.657,1.6827958,133.3590593
2018-09-23,61.52985624,58432320.73,26062,77259,19.43377401,3595332294,26728,3222906.552,1.8498325,120.5816579
2018-09-24,57.88685604,58446520.73,27767,84289,22.64784516,3383285331,28195,3582786.718,1.71500721,127.0717048
2018-09-25,57.34021437,58460745.73,28194,81319,21.31385925,3352151692,28913,3696847.206,1.99845991,127.8610731
2018-09-26,57.29370693,58473670.73,28608,81014,20.89398964,3350173354,28980,2718540.379,1.99010738,93.8074665
2018-09-27,63.14805654,58487695.73,31691,89559,24.37016514,3693384317,32297,4497656.971,2.0120574,139.2592801
2018-09-28,61.79658996,58503245.73,30793,111327,26.32819466,3615301088,31374,5245882.777,1.91849466,167.2047803
2018-09-29,61.46481858,58516845.73,27110,84564,20.66927555,3596727306,27735,2128015.06,1.80627564,76.72670126
2018-09-30,61.02819478,58532120.73,25656,100132,19.90206169,3572109665,26289,4916954.294,1.49595214,187.0346645
2018-10-01,60.01400533,58546945.73,28945,90192,23.20824214,3513636713,29375,4289025.604,1.51575239,146.0093823
2018-10-02,59.38749097,58560795.73,26985,83962,20.68730996,3477778728,27649,2936487.117,1.54024602,106.2059068
2018-10-03,57.17542295,58573920.73,28063,83756,19.89329162,3348988691,28525,5812564.854,1.39943309,203.7708976
2018-10-04,58.00385185,58587095.73,24077,81806,18.70582894,3398277221,24566,2990447.047,1.25748797,121.7311344
2018-10-05,58.51633732,58601470.73,26144,80551,20.62948231,3429143428,26936,3485706.045,1.13126525,129.4069663
2018-10-06,57.58329037,58616195.73,25228,79102,18.55389705,3375313419,25735,3268457.529,1.1689949,127.0043726
2018-10-07,57.90822886,58631070.73,21480,71676,18.67548131,3395221462,22087,3797677.516,1.29812624,171.9417538
2018-10-08,59.14584337,58646645.73,23168,81158,20.05814772,3468705323,23783,3452754.652,1.4711855,145.177423
2018-10-09,58.41793882,58660670.73,22753,75684,19.20578576,3426835474,23396,3781029.922,1.64861633,161.610101
2018-10-10,57.42807774,58674795.73,22736,80192,21.55747482,3369580731,23301,4242164.685,1.65760212,182.0593402
2018-10-11,50.7574062,58689120.73,28109,91951,24.12699876,2978907540,28663,7680685.816,1.9995287,267.9651752
2018-10-12,52.98520858,58703970.73,25132,78722,19.40991349,3110442133,25452,3127765.033,1.77906918,122.8887723
2018-10-13,52.85270678,58717870.73,23199,73835,17.69134731,3103398404,23962,2493848.579,1.8975657,104.0751431
2018-10-14,51.375969,58732995.73,20694,67463,16.33033875,3017464568,21427,2186989.933,1.53934891,102.0670151
2018-10-15,53.59433087,58747870.73,25183,82337,22.94167051,3148552822,25656,3579768.607,2.10725625,139.5294904
2018-10-16,53.08564502,58762245.73,26322,93673,30.14220394,3119431717,26991,3254932.754,2.34747463,120.5932627
2018-10-17,52.80267009,58775920.73,27462,165905,44.8676118,3103525552,27809,3087692.241,3.09633937,111.0321206
2018-10-18,51.71635455,58791270.73,28294,160292,55.18623048,3040470201,29052,3066232.998,2.61852173,105.542923
2018-10-19,52.43708732,58804145.73,26632,112758,29.34543578,3083518124,27016,2137978.305,1.89180869,79.13748538
2018-10-20,52.83898361,58818170.73,24978,204417,18.09677321,3107892359,25616,2671938.102,1.00011152,104.30739
2018-10-21,52.20372886,58832195.73,21005,76963,15.35455036,3071259994,21727,1616772.034,1.73249331,74.41303606
2018-10-22,51.73407504,58846645.73,23789,83593,19.02393702,3044376786,24264,2182547.62,1.7130702,89.95003378
2018-10-23,52.08920064,58861095.73,24829,83534,23.24431578,3066027426,25337,2339211.855,1.99998782,92.32394737
2018-10-24,51.84773274,58874895.73,23634,80462,18.75648595,3052529859,24176,1776627.722,1.8868289,73.48724859
2018-10-25,51.78449515,58888770.73,23667,85088,17.99391863,3049525262,24151,1689859.056,1.62682835,69.97056255
2018-10-26,51.59365702,58901120.73,25846,83011,16.46225072,3038924221,26330,1861150.555,1.57888746,70.68555089
2018-10-27,51.49475882,58915670.73,21178,72864,14.99220651,3033848255,21994,1276130.441,1.33683347,58.02175326
2018-10-28,51.3622393,58931120.73,20473,74217,15.47065105,3026834325,21016,1582395.67,1.3987035,75.29480727
2018-10-29,48.66486929,58945520.73,23748,81984,17.63688315,2868576061,24438,2581320.898,1.73401355,105.6273385
2018-10-30,48.90924917,58959495.73,25413,81982,17.55571186,2883664667,25746,3306658.076,1.91388677,128.4338567
2018-10-31,49.45589087,58973920.73,24532,79796,18.38170714,2916607788,25065,2557408.891,1.70667963,102.0310748
2018-11-01,50.10808571,58987645.73,23398,82202,16.52697391,2955758008,24094,2421672.59,1.96667048,100.5093629
2018-11-02,51.08683351,59001545.73,25737,83502,16.46167115,3014202144,26166,2291920.442,1.96947816,87.59154787
2018-11-03,50.62431217,59015420.73,22500,71397,14.70361432,2987615082,23190,1745661.292,1.67586717,75.27646796
2018-11-04,53.8970712,59030495.73,23065,82968,19.35739392,3181570831,23728,2317962.599,1.97103031,97.688916
2018-11-05,53.2824208,59045795.73,23864,92613,21.60756486,3146102934,24334,3204793.276,1.92506643,131.700225
2018-11-06,55.52310666,59059770.73,25269,88237,19.43948114,3279181949,25846,4865120.952,2.12821756,188.2349668
2018-11-07,53.75939839,59074470.73,24811,84574,17.66833113,3175808006,25371,5144050.644,1.65020695,202.7531687
2018-11-08,52.06298816,59088995.73,24635,81415,18.60047052,3076349685,25283,2555509.042,1.50887314,101.0761793
2018-11-09,51.51311817,59102695.73,24626,79778,16.10195818,3044564149,25252,2686105.556,1.55773362,106.3719926
2018-11-10,51.8017262,59116920.73,30853,80349,14.84167356,3062358541,31255,1521615.425,0.53291527,48.68390417
2018-11-11,50.54097132,59131120.73,31660,86229,15.30653004,2988544277,32329,3088188.285,0.36457431,95.52378002
2018-11-12,50.16884316,59144995.73,23905,89319,17.70256224,2967236015,24367,2566225.047,1.53864306,105.3155927
2018-11-13,48.91260609,59160520.73,24079,84966,16.32944954,2893695247,24808,2935589.226,1.89135368,118.3323616
2018-11-14,42.56400838,59174620.73,27441,90988,19.99953818,2518709053,28036,5117460.826,2.33471894,182.5317744
2018-11-15,43.21063147,59187870.73,25944,87537,17.49158499,2557545269,26266,11097673.18,2.2981931,422.5109717
2018-11-16,41.64847996,59202395.73,24902,83063,16.51153387,2465689792,25551,3616939.507,1.85450951,141.5576497
2018-11-17,41.48392019,59216720.73,23825,80359,15.47992119,2456541717,24563,1999923.717,1.53505268,81.42017329
2018-11-18,41.72479793,59230370.73,22407,78062,14.53833711,2471375250,22848,2261095.607,1.57352919,98.96251781
2018-11-19,36.10898831,59243420.73,26539,91731,21.27276522,2139219987,27004,5849730.604,2.72227213,216.6245965
2018-11-20,32.13540175,59255820.73,29012,99709,21.19504162,1904209605,29587,6117130.601,3.25417641,206.7506202
2018-11-21,34.14720307,59269570.73,25866,89529,21.19535008,2023890067,26354,4817803.799,2.499048,182.8111027
2018-11-22,31.8237827,59283245.73,23482,81817,15.57283394,1886617130,24142,3661217.21,2.14925003,151.6534343
2018-11-23,31.77830792,59295945.73,24190,80929,16.19412413,1884324822,24566,3925401.13,2.34135902,159.7899996
2018-11-24,28.71058597,59309645.73,22695,76988,15.25402526,1702814682,23223,2908939.614,2.13582507,125.2611469
2018-11-25,30.45373325,59322670.73,23940,83487,18.00585562,1806596790,24568,4763104.683,3.324377,193.8743358
2018-11-26,28.91114871,59335170.73,23742,82698,17.59001477,1715447945,24155,3573373.483,3.09425962,147.9351473
2018-11-27,30.83805729,59346820.73,22857,85448,16.4209597,1830140658,23318,2468147.857,2.4996663,105.8473221
2018-11-28,34.15975193,59360095.73,25011,85717,18.60942482,2027726144,25553,2899329.66,2.52339243,113.4633765
2018-11-29,33.49134593,59373770.73,24176,85396,15.73433853,1988507495,24694,17340883.91,2.60764314,702.2306596
2018-11-30,31.62193698,59388220.73,26154,94753,16.19898423,1877970573,26843,35697650.17,2.48106078,1329.868128
2018-12-01,33.76260211,59403045.73,22822,80417,14.97730678,2005601397,23346,2112884.553,2.13998455,90.50306487
2018-12-02,33.27094828,59417945.73,20073,73109,13.6334259,1976891399,20748,2095036.853,1.999,100.975364
2018-12-03,30.628226,59432920.73,21542,77775,15.04994409,1820324928,22174,2794577.637,2.15927825,126.0294776
2018-12-04,30.66716509,59448570.73,21445,79715,16.02277231,1823119133,22074,2507355.825,2.346732,113.5886484
2018-12-05,28.84960991,59462595.73,22452,79285,15.83683083,1715472691,22889,2554946.513,2.50881511,111.6233349
2018-12-06,26.4989939,59476320.73,23178,78248,16.78440464,1576062660,23660,3334672.513,2.91980508,140.9413573
2018-12-07,24.78744932,59489720.73,26979,86759,18.72093785,1474598437,27618,5000317.049,4.00072103,181.0528296
2018-12-08,24.24972138,59502995.73,23673,75410,14.42181742,1442931068,24190,3009636.709,2.72242804,124.4165651
2018-12-09,25.34308907,59516645.73,21465,71817,14.03554125,1508335654,22121,2052952.993,2.40017735,92.80561426
2018-12-10,24.0466751,59530570.73,22824,78935,19.31028829,1431512293,23320,3749180.093,2.93288553,160.771016
2018-12-11,23.25714458,59543245.73,22191,78165,14.9206843,1384805874,22573,3164353.512,2.67026783,140.1831175
2018-12-12,23.99155569,59557345.73,21883,81954,14.60074141,1428873377,22621,3367425.272,2.59431619,148.8627944
2018-12-13,22.85611729,59572695.73,22324,86468,15.31185683,1361600521,22983,2809259.63,2.64757373,122.2320685
2018-12-14,23.1585523,59586995.73,23486,77208,15.82423947,1379948557,23922,2369843.029,2.76723458,99.06542214
2018-12-15,23.42644071,59600870.73,22710,82205,14.97910724,1396236265,23229,2682278.39,2.31101541,115.471109
2018-12-16,25.24431709,59614370.73,21475,71853,14.34702686,1504924077,22053,3861538.428,2.6316465,175.1026358
2018-12-17,28.8854726,59627870.73,24740,84974,19.46490216,1722379226,25389,5704613.254,3.03984292,224.688379
2018-12-18,29.88507886,59640845.73,24566,76647,15.91177271,1782371378,25023,3981927.734,2.23518298,159.1307091
2018-12-19,29.17378676,59655045.73,26609,83436,18.65608116,1740363583,27244,6157559.72,2.80228601,226.0152591
2018-12-20,32.21716462,59671445.73,25426,81002,16.74000042,1922444790,26019,4783379.785,2.29156956,183.8417997
2018-12-21,30.18701168,59687970.73,25600,81408,16.34573341,1801801470,26262,3994991.826,2.35716867,152.1206239
2018-12-22,31.40879087,59704520.73,22925,78114,16.75043703,1875246805,23505,2602622.417,1.86608855,110.7263313
2018-12-23,33.15381352,59719370.73,22973,77118,14.56191966,1979924880,23711,3820517,2.01537696,161.1284636
2018-12-24,33.59830418,59733420.73,23404,81678,16.78239875,2006941639,23960,5382199.831,2.64933493,224.6327142
2018-12-25,30.5942017,59747120.73,19524,70668,13.18228198,1827915462,20049,3255822.647,2.31016729,162.3932688
2018-12-26,30.48167581,59761220.73,21436,78495,15.04991412,1821622156,21985,3981047.642,2.42043705,181.0801747
2018-12-27,27.69712209,59775745.73,23448,77210,15.30190263,1655616127,23946,3390610.129,2.48564441,141.5940086
2018-12-28,31.92840688,59789395.73,24864,80482,15.31970557,1908980154,25489,3529959.042,2.54935191,138.4895069
2018-12-29,31.66238281,59804245.73,24803,84887,15.96942248,1893544922,25330,2677274.565,2.44614971,105.6957981
2018-12-30,31.53119276,59819345.73,23075,76035,13.86851125,1886175321,23642,3155342.574,2.15435224,133.4634368
2018-12-31,29.81348075,59833845.73,20461,72494,14.22641734,1783855208,21130,2780735.898,2.49062582,131.6013203
2019-01-01,31.64595488,59848120.73,17682,65660,11.40777348,1893950928,18331,3629505.16,3.01484003,197.9982085
2019-01-02,33.24622606,59862920.73,23470,79396,15.54074906,1990216195,23902,3875334.377,2.17623663,162.1343141
2019-01-03,31.56230873,59877570.73,23424,76432,15.32211053,1889874373,23986,5124351.843,2.04401099,213.639283
2019-01-04,32.07159698,59892420.73,23597,72963,14.77249085,1920845580,24323,3692610.918,1.98941589,151.8156033
2019-01-05,34.43640179,59907245.73,24475,73356,15.96837467,2062989984,25076,5628735.951,2.33098982,224.4670582
2019-01-06,38.99218649,59921970.73,24676,72071,18.37790173,2336488657,25185,11581033.31,2.57378803,459.8385273
2019-01-07,37.55384882,59935495.73,22656,69752,16.11378158,2250808545,23053,7134695.096,2.26659736,309.4909598
2019-01-08,39.14720201,59950370.72,23210,72819,16.7944673,2346889273,23852,7222513.748,2.50162377,302.8053726
2019-01-09,38.72059068,59964545.72,23607,67168,15.0713945,2321862630,24271,5099671.354,1.9998385,210.1137717
2019-01-10,33.33761563,59979420.72,24351,69940,16.85867004,1999570874,25024,6526513.429,2.62405437,260.8101594
2019-01-11,31.62919928,59995395.72,24379,69009,14.23919101,1897606327,24936,5903164.313,1.81818586,236.732608
2019-01-12,31.98669312,60011145.72,23963,64887,14.64912107,1919558102,24525,2903720.547,1.64096873,118.3983913
2019-01-13,29.78216777,60025420.72,21134,65001,13.88709672,1787687150,21844,3091673.313,1.99615249,141.5342114
2019-01-14,32.02470878,60039195.72,21689,65143,14.74507637,1922737758,22103,4043065.303,1.81771979,182.9193007
2019-01-15,30.98063283,60052270.72,23408,67585,15.0483986,1860457350,23969,3009030.563,1.63160748,125.5384272
2019-01-16,31.41212119,60066870.72,22594,66635,13.9185941,1886827822,23239,3070793.443,1.88177269,132.139655
2019-01-17,31.58978841,60081870.72,23413,65425,14.68184917,1897973583,23938,2903531.026,1.70485325,121.2938017
2019-01-18,30.90354408,60096945.72,25520,68593,15.15614609,1857208611,26136,3511721.823,1.5302448,134.3634
2019-01-19,32.22263708,60111445.72,24066,69066,14.68331192,1936949300,24742,3658888.095,1.53216597,147.8816626
2019-01-20,30.62866047,60125545.72,21279,64495,13.17188819,1841564925,21672,3588702.347,1.95129606,165.591655
2019-01-21,30.88620204,60139320.72,22171,73597,15.30372218,1857475211,22873,2839783.285,1.69853795,124.1543866
2019-01-22,31.49714733,60154020.72,21048,64291,14.55773658,1894680053,21587,3373591.762,1.847108,156.2788605
2019-01-23,31.62550467,60168945.72,19670,56314,12.95012628,1902873274,20315,2752155.492,1.95237723,135.4740582
2019-01-24,32.50913218,60183220.72,20820,62499,14.57781499,1956504278,21212,3709268.92,1.99991428,174.866534
2019-01-25,32.66936075,60198320.72,23760,76354,17.23640487,1966640656,24379,3637810.773,1.84052041,149.2190317
2019-01-26,32.7611034,60213545.72,22237,66622,15.13238354,1972662198,22946,4108683.227,1.98993019,179.0588001
2019-01-27,32.17680728,60229670.72,20535,62325,12.32168623,1937998507,21259,2581443.062,1.99448456,121.4282451
2019-01-28,30.984191,60243970.72,22391,69246,16.05694705,1866610696,22966,4113338.949,2.50394586,179.1055887
2019-01-29,30.67939367,60258995.72,22133,69114,15.74456933,1848709452,22688,2998204.731,1.8961519,132.1493622
2019-01-30,31.56998848,60273795.72,22370,64654,14.27912341,1902843037,22882,2716194.196,1.79887815,118.7044051
2019-01-31,31.18431876,60287595.72,21961,63467,13.2061928,1880027603,22613,3253886.696,1.77569069,143.8945162
2019-02-01,32.53457137,60301695.72,24995,75319,16.27716732,1961889823,25417,4305245.126,2.17544118,169.384472
2019-02-02,34.02924716,60316470.72,22804,65174,13.80462306,2052524090,23405,2775022.261,1.70111464,118.5653604
2019-02-03,33.09214821,60332045.72,21538,68136,14.10627222,1996516999,22150,3615371.102,2.33811488,163.2221717
2019-02-04,33.69157646,60346295.72,22060,67761,15.06328867,2033161836,22727,4152079.678,1.9997894,182.6936981
2019-02-05,33.90847383,60360945.72,22260,64271,14.84783478,2046747548,22736,2998431.167,1.98457863,131.8803293
2019-02-06,32.49477102,60375470.72,21499,65829,14.35214453,1961887097,22002,2766363.086,1.86359984,125.7323464
2019-02-07,32.76552173,60390170.72,21493,67881,13.48293825,1978715451,22297,2403034.025,2.01783703,107.773872
2019-02-08,42.20376508,60404520.72,31082,84485,21.50111579,2549298202,31597,5751204.316,2.52789667,182.0174167
2019-02-09,44.11348469,60418945.72,29209,77013,18.41853709,2665290237,29965,6611918.552,1.74422367,220.6547156
2019-02-10,46.41702926,60433795.72,24858,73339,18.08833417,2805157264,25299,8035121.159,1.7186835,317.6062753
2019-02-11,42.51308838,60448770.72,24767,74794,17.24854946,2569863932,25320,5449411.246,1.45100636,215.2216132
2019-02-12,43.4861057,60463420.72,23937,69627,15.7469456,2629318705,24647,6900591.277,1.61486882,279.9769253
2019-02-13,41.27019168,60478120.72,24356,74814,15.2863003,2495943635,24922,5958343.791,1.86450421,239.0796802
2019-02-14,41.05496053,60492545.72,23231,74093,14.16631899,2483519077,23747,6615667.431,1.656733,278.5896084
2019-02-15,42.03065976,60507295.72,24308,72208,14.96339559,2543161559,24846,6282570.49,1.49993094,252.8604399
2019-02-16,43.15708612,60522220.72,23300,69145,14.57360053,2611962692,24020,5506819.625,1.32119557,229.2597679
2019-02-17,43.38500797,60536770.72,22226,67162,14.96285681,2626388280,22624,4290813.877,1.68951112,189.6576148
2019-02-18,47.25580178,60551870.72,25981,82301,19.12603641,2861427200,26724,4330423.012,1.92070681,162.0424716
2019-02-19,47.11614565,60566995.72,25915,74566,17.66386455,2853683392,26459,4954276.167,1.88139206,187.2435151
2019-02-20,50.94105961,60581620.72,25755,76765,17.96982761,3086091953,26404,7771280.883,1.65436928,294.3221059
2019-02-21,48.21982716,60596520.72,24481,72088,16.81182334,2921953756,25021,4932617.384,1.5155793,197.1390985
2019-02-22,49.14366903,60610845.72,25894,75189,16.15216374,2978639342,26257,4051049.041,1.29967236,154.2845352
2019-02-23,51.27207778,60626395.72,24840,69643,15.20453904,3108441277,25473,4315752.707,1.45734998,169.4245949
2019-02-24,44.06331901,60640745.72,24003,71094,16.558697,2672032524,24914,9408239.951,1.94717651,377.6286406
2019-02-25,45.39362803,60655320.72,24113,71397,16.70193478,2753365067,24724,5020590.037,1.56031732,203.065444
2019-02-26,44.57059881,60670270.72,22744,67901,14.96778981,2704110296,23161,5326036.463,1.59954375,229.957103
2019-02-27,44.88031359,60685220.72,23295,67917,14.21782836,2723571737,23959,4823364.764,1.56253127,201.3174491
2019-02-28,45.5048398,60698570.72,23704,67727,13.64520691,2762078737,24167,5849118.175,1.61198205,242.0291379
2019-03-01,46.99521799,60712920.72,26108,75850,17.52281064,2853216944,26721,5877056.633,1.59316207,219.9414929
2019-03-02,48.314647,60727520.72,23859,68050,14.65999038,2934028727,24542,3990284.106,1.32413915,162.5900133
2019-03-03,47.42189877,60742620.72,21079,62780,13.54743587,2880530411,21432,2158877.029,1.2811863,100.7314777
2019-03-04,45.51969052,60758170.72,23198,72813,17.96958455,2765693128,24012,2626784.478,1.51488392,109.3946559
2019-03-05,52.2836276,60773920.72,26575,77039,18.62483204,3177481039,26870,5157457.64,1.90697549,191.9411105
2019-03-06,55.35165121,60788345.72,25679,75776,18.12352675,3364735310,26604,5225232.331,1.86944692,196.4077707
2019-03-07,56.44473856,60802870.72,28556,85204,41.06499103,3432002142,28771,5933449.342,1.999598,206.2302089
2019-03-08,55.30881623,60817470.72,26689,73300,16.52670088,3363742312,27719,4662803.865,1.75152856,168.216886
2019-03-09,57.20784777,60831770.72,25647,72692,15.59316953,3480054679,26007,3026908.273,1.76341702,116.3882137
2019-03-10,56.56063074,60846095.72,20877,61505,13.48750184,3441493552,21570,2514240.631,1.6715342,116.5619208
2019-03-11,54.67341756,60861945.72,22809,69841,19.29042754,3327530572,23475,2717025.723,1.96945511,115.7412449
2019-03-12,56.24926901,60875595.72,23996,69406,19.64855737,3424207760,24515,3697604.394,2.01715944,150.8302833
2019-03-13,55.13599327,60889945.72,24143,74936,19.8684684,3357227638,24731,2421041.049,1.79285352,97.89499208
2019-03-14,55.53221384,60904820.72,23872,67731,16.93521296,3382179528,24307,2468690.813,1.80316391,101.5629577
2019-03-15,58.0737678,60919395.72,25311,71367,17.12700908,3537818841,26072,2259390.689,1.73544586,86.65966129
2019-03-16,60.91475469,60933645.72,24540,69420,15.2092856,3711758081,25117,2080428.276,1.59942695,82.82948903
2019-03-17,60.26405662,60949545.72,19809,58370,13.07177421,3673066874,20467,3096332.884,1.62295597,151.2841591
2019-03-18,59.01480938,60965195.72,23058,67114,15.33426375,3597849405,23628,4310115.48,1.999775,182.4155866
2019-03-19,59.17828897,60979045.72,23375,67612,14.99262609,3608635589,23947,5190838.105,1.91892011,216.7636073
2019-03-20,60.11642384,60993470.72,24105,66011,14.42186149,3666709338,24622,4028519.915,1.61602679,163.6146501
2019-03-21,58.52024367,61007820.72,23646,67150,13.75367212,3570192534,24204,3833995.848,1.78780765,158.4033981
2019-03-22,59.21128863,61023545.72,25517,71937,15.96312162,3613282779,26121,4083108.184,1.63937801,156.3151558
2019-03-23,60.49750194,61038570.71,22893,65543,13.68888603,3692681050,23431,4045898.909,1.53079522,172.6729081
2019-03-24,59.46990931,61053095.71,18635,58984,12.8968994,3630822065,19355,2668140.589,1.39238648,137.8527816
2019-03-25,58.73029346,61068520.71,21554,69722,14.91463964,3586572143,22164,4492309.579,1.99988272,202.6849657
2019-03-26,58.21442217,61083020.71,21507,63630,13.92109811,3555912755,22020,2539543.952,2.00427403,115.3289715
2019-03-27,61.34081593,61097870.71,23364,68514,15.10389812,3747793241,24093,3928543.092,1.82365824,163.0574479
2019-03-28,60.22873313,61113720.71,23070,65486,14.37989922,3680801975,23687,3259672.754,1.65774999,137.6144195
2019-03-29,61.19044479,61128720.71,26245,71546,14.62392021,3740493610,26797,4481265.33,1.23549526,167.2301127
2019-03-30,60.23208082,61143620.71,26303,70809,14.94239349,3682807504,26781,3308826.654,0.98109801,123.5512734
2019-03-31,60.35095478,61158495.71,22506,66954,13.03009108,3690973609,23266,3083796.579,0.9995402,132.5451981
2019-04-01,60.38390384,61173795.71,25579,79135,17.32864566,3693912598,26129,3801840.231,1.23843104,145.502707
2019-04-02,77.73140933,61189545.71,35230,95009,30.94283024,4756349624,35664,11956392.93,1.41461523,335.2510356
2019-04-03,84.3089179,61204745.71,39645,104908,28.61232201,5160105881,40402,9974352.395,2.47789179,246.8776891
2019-04-04,84.98697262,61219445.71,29689,83507,19.73925979,5202855356,30319,6804051.75,1.64614453,224.4154408
2019-04-05,88.59711799,61233945.71,27050,78358,17.76953133,5425151113,27348,5268910.883,1.17466711,192.6616529
2019-04-06,92.54549557,61248920.71,25687,71825,15.45348071,5668311720,26632,5096902.372,1.13206366,191.3826364
2019-04-07,91.81314807,61264195.71,23995,162301,15.58067302,5624858672,24614,2773479.874,1.06617613,112.6789581
2019-04-08,89.31298992,61278870.71,25930,138559,18.31413491,5472999162,26554,3942908.728,1.14119566,148.4864325
2019-04-09,86.57394661,61292295.71,24161,70960,16.99257366,5306315936,24531,3446608.171,1.25084565,140.5001089
2019-04-10,88.42322383,61306220.71,24974,99575,16.2372031,5420893676,25645,3899054.601,1.03748081,152.0395633
2019-04-11,79.38418979,61320545.71,26573,100908,17.90520672,4867881838,27085,8464093.122,1.20122915,312.5011306
2019-04-12,79.09049592,61334495.71,24539,68285,13.58241787,4850975682,25040,4915737.249,1.0317632,196.3153853
2019-04-13,78.11093693,61348895.71,21506,62844,12.73158883,4792019723,22268,3483657.547,0.99999499,156.4423184
2019-04-14,83.06013164,61364595.71,20192,68295,13.67204723,5096951398,20688,2175886.315,0.98977286,105.1762526
2019-04-15,78.53450725,61379445.71,24471,69925,16.36526966,4820404524,25245,4288362.873,1.03813813,169.869791
2019-04-16,80.88228945,61393670.71,24353,69874,15.14370122,4965660645,24677,5972853.594,1.14952566,242.0413176
2019-04-17,79.19254826,61407395.71,23307,67979,14.43236076,4863008148,23876,3036074.663,1.04794871,127.1601048
2019-04-18,82.05540896,61422720.71,24421,75061,15.36135971,5040066467,25053,3052710.377,1.19348154,121.8500929
2019-04-19,82.48042795,61436995.71,24711,71237,14.02536833,5067349698,25223,3652693.619,1.13143823,144.8159862
2019-04-20,81.57587642,61451220.7,22156,65865,12.72312506,5012937186,22850,3188354.756,1.19310502,139.534125
2019-04-21,77.08606763,61465620.7,19052,58625,12.6795736,4738142994,19651,4900173.594,1.22336422,249.3600119
2019-04-22,76.9986292,61479495.7,20970,63556,14.00224187,4733836893,21488,3549566.778,1.48807048,165.1883273
2019-04-23,74.88289652,61493720.7,25323,75485,16.10706494,4604827924,25867,3993936.338,1.35341007,154.4027656
2019-04-24,72.96100681,61507195.7,24783,72246,15.95940548,4487626925,25286,5455376.535,1.69943381,215.7469167
2019-04-25,70.50620897,61520820.7,23944,68587,13.93806704,4337599841,24645,3854946.359,1.442096,156.4190042
2019-04-26,71.51414775,61535620.7,25628,72800,15.66596378,4400667471,26155,5369615.839,1.38348569,205.2997836
2019-04-27,70.62729355,61549745.7,21764,65314,12.41467893,4347091958,22266,3010530.556,1.25367241,135.2075162
2019-04-28,67.69360338,61564395.7,19966,64739,12.63598751,4167515785,20599,3758524.471,1.225634,182.4615016
2019-04-29,66.36478264,61579495.7,21336,68414,13.7364704,4086709848,21997,3136376.697,1.63869353,142.5820202
2019-04-30,73.28482681,61593870.7,24379,74713,16.58251752,4513896147,24876,3789440.246,1.41772921,152.3331824
2019-05-01,72.49840311,61609545.7,21504,63784,13.44808217,4466593680,22121,2886317.896,1.28566817,130.4786355
2019-05-02,72.32015695,61624695.7,21722,62917,13.54121616,4456707665,22381,2970548.22,1.07534849,132.7263402
2019-05-03,77.75430338,61637245.7,23099,67637,15.92808141,4792561102,23557,3284632.727,1.68673095,139.4334052
2019-05-04,77.05762727,61651120.7,23161,68270,14.59431993,4750689080,23780,2762051.99,1.38540654,116.1502098
2019-05-05,75.06164418,61665995.7,19065,60197,12.71917419,4628751028,19694,2041630.072,1.09926759,103.6676182
2019-05-06,74.37467349,61681395.7,23047,69999,14.4203168,4587533666,23627,3703875.486,1.39244388,156.7645273
2019-05-07,74.08976693,61695470.7,24355,67479,14.56260502,4571003045,24818,3651622.409,1.30980797,147.1360468
2019-05-08,73.82890098,61709770.7,22562,68005,13.71055449,4555964551,23230,3123094.714,1.50887984,134.4423037
2019-05-09,73.66528817,61725595.7,24551,69755,16.89066551,4547033795,24868,3999516.315,1.44744371,160.8298341
2019-05-10,76.86544665,61740220.7,26555,72920,17.02454567,4745689641,27441,3248740.766,1.36792217,118.3900283
2019-05-11,92.58359271,61753420.7,29932,80431,19.78172788,5717353551,30245,4903125.878,1.6198383,162.1136015
2019-05-12,84.45529408,61768020.7,23567,69282,15.72409059,5216636353,24295,4990123.477,1.53608442,205.3971384
2019-05-13,87.59130202,61782595.7,26700,73252,17.98479076,5411618000,27368,5910248.229,1.7028308,215.9547
2019-05-14,91.60816583,61796770.7,29294,82152,20.60068744,5661088819,29771,6493435.776,1.999734,218.1127868
2019-05-15,103.0110168,61812645.7,34713,95635,23.76218907,6367383484,35258,8312784.58,2.56360175,235.7701679
2019-05-16,95.39051979,61827445.7,35376,99082,25.62069216,5897752183,35856,16951841.19,2.24648232,472.7755797
2019-05-17,89.40238602,61841920.7,31027,84724,18.78925001,5528815267,31830,6416068.806,2.01482357,201.5730068
2019-05-18,86.93719278,61855570.7,25838,72876,15.28978492,5377549675,26408,6152408.094,1.29873795,232.9751626
2019-05-19,95.84352498,61870070.7,25654,72822,16.26535874,5929845667,26010,3860327.023,1.31791235,148.4170328
2019-05-20,91.71343635,61884795.7,27656,78198,17.08713298,5675667272,28370,6293573.449,1.834093,221.8390359
2019-05-21,91.66736182,61899070.7,28518,82593,17.16850962,5674124511,29201,5717842.615,1.79927009,195.8098221
2019-05-22,88.08172152,61913695.7,27283,77154,16.88002594,5453464903,27823,5728041.697,1.99999738,205.8743377
2019-05-23,89.16487708,61927345.7,27413,78119,216.3818586,5521744168,27918,7656535.721,1.98465644,274.2508676
2019-05-24,100.2080907,61942620.7,34659,91600,19.70026338,6207151756,34997,7621289.378,2.09881044,217.7697911
2019-05-25,102.7633272,61957370.7,26917,75973,16.29321309,6366945559,27797,4607351.603,1.25320323,165.7499587
2019-05-26,112.4161718,61972495.7,24855,72574,18.04882652,6966710722,25361,4067227.356,1.55431828,160.3733037
2019-05-27,118.3048471,61986845.7,33056,91805,23.69565197,7333344306,33773,7420123.362,2.13046557,219.7057816
2019-05-28,114.6328855,62000970.7,29878,83662,20.4960633,7107350174,30495,5068616.507,1.99999502,166.2113955
2019-05-29,115.1332838,62015670.7,30699,83740,19.38529864,7140067815,31057,3960161.117,2.09647006,127.512674
2019-05-30,107.7600773,62030720.7,33846,95320,25.34305962,6684435257,34429,5154793.363,1.94101238,149.7224248
2019-05-31,114.0889755,62045370.7,30765,86508,20.94899769,7078692781,31569,4686872.919,1.5562516,148.4644087
2019-06-01,112.7106407,62059770.7,25685,73240,16.77839061,6994796518,26363,3765854.761,1.10993982,142.8462148
2019-06-02,114.7743049,62074945.7,23549,84720,15.97555191,7124608747,24051,3768173.144,1.18474953,156.6742815
2019-06-03,106.4504724,62088345.7,25776,79127,18.78185275,6609333731,26189,4366012.291,1.31279825,166.711684
2019-06-04,101.2519092,62102945.7,27276,82157,19.99014182,6288041822,27995,6051612.807,1.82221651,216.1676302
2019-06-05,103.9599345,62117295.7,25577,77978,16.20842819,6457709993,26008,3685512.807,1.48912812,141.7068905
2019-06-06,111.5901199,62132020.7,28170,83054,17.05387995,6933319642,28875,4662287.677,1.40691146,161.4645083
2019-06-07,118.0503068,62147395.7,29999,83787,20.07243125,7336519131,30619,6354080.909,1.37298171,207.5208501
2019-06-08,118.6453423,62162970.7,29237,79732,16.20565248,7375346936,29883,4742613.176,1.19290418,158.7060595
2019-06-09,114.7212076,62178520.7,24819,73888,15.36799148,7133194985,25424,4694444.481,1.33386477,184.64618
2019-06-10,129.1225361,62192620.7,35371,103551,23.82675416,8030468915,35719,9006311.826,1.94826574,252.1434482
2019-06-11,136.3609914,62205795.7,36227,97201,24.83918552,8482443974,36948,11619725.23,2.05056394,314.4886118
2019-06-12,134.8055359,62219995.7,37664,106301,25.12217264,8387599862,38291,7801058.759,2.55157406,203.7308704
2019-06-13,131.2593053,62234595.7,35325,98172,20.08463366,8168869799,35759,6227989.499,1.71566611,174.1656506
2019-06-14,132.3539877,62249395.7,36199,95352,19.30409888,8238955753,36882,6294457.113,1.86200717,170.6647447
2019-06-15,138.1599557,62264145.7,33058,91787,17.36497951,8602411614,33610,4132313.643,1.43824658,122.9489331
2019-06-16,136.867408,62279070.7,32355,91185,18.00753643,8523974980,33049,4634126.705,1.69371455,140.2198767
2019-06-17,134.23513,62293195.7,34118,101780,20.82728456,8361935226,34444,3534575.549,1.2384231,102.6180336
2019-06-18,135.3514294,62308195.7,34231,98472,18.63030648,8433503352,34861,7595004.57,0.99585024,217.8653673
2019-06-19,136.5390916,62323770.7,35906,96475,19.81572242,8509631037,36228,4771105.484,0.82432833,131.6966292
2019-06-20,135.4996645,62339520.7,35587,98117,18.08476575,8446984143,36335,4846176.926,0.80219897,133.3748982
2019-06-21,138.4742415,62354320.7,40962,105634,21.46894533,8634467266,41637,5286544.305,1.09532336,126.9674641
2019-06-22,141.1133092,62369020.7,47649,134417,25.67050306,8801098904,48514,5907342.268,2.13687006,121.7657226
2019-06-23,136.3239778,62383920.7,33729,99949,17.68765705,8504424224,34181,4207624.307,1.70225414,123.0983385
2019-06-24,135.2852929,62399570.7,37895,121338,20.98396537,8441744198,38670,7730839.723,1.72975866,199.9182757
2019-06-25,135.6097907,62414420.7,34878,105975,22.32526939,8464006525,35392,5075848.417,1.40191029,143.4179593
2019-06-26,130.9113352,62428920.7,39252,131221,27.76127643,8172653367,39767,6557083.07,2.24267278,164.8875467
2019-06-27,114.2850647,62443995.7,35280,123421,28.55347245,7136416091,35785,8082019.267,1.95170951,225.8493577
2019-06-28,119.3717308,62458470.7,32167,97933,19.84403768,7455775751,32763,6475344.285,1.28250223,197.6419829
2019-06-29,133.8535773,62472320.7,30750,92222,17.61944616,8362143608,31405,4359948.551,1.11602686,138.829758
2019-06-30,121.9648184,62486245.7,26135,83594,16.50188273,7621123613,26778,4183930.957,1.00255404,156.2450876
2019-07-01,122.6771139,62500520.7,29470,96909,17.55658981,7667383500,30023,2951094.374,1.23672299,98.29445338
2019-07-02,117.9623972,62515170.7,26198,86516,15.72774658,7374439398,26915,2457272.278,1.28344034,91.29750244
2019-07-03,121.3690659,62530820.7,28222,86084,16.06096727,7589307302,28631,3568818.386,1.04985422,124.6487509
2019-07-04,119.7566182,62544995.7,27320,83790,16.56179129,7490177172,28054,3253520.695,1.10936062,115.9735045
2019-07-05,118.4821072,62558245.7,27987,84634,16.80322138,7412032772,28498,2330985.503,0.86676064,81.79470498
2019-07-06,118.1422062,62572420.7,27004,78072,13.83490972,7392443826,27679,2242820.822,0.74790473,81.02969116
2019-07-07,119.9894659,62587020.7,31832,88018,14.19743479,7509783185,32181,2055210.941,0.92105083,63.86411053
2019-07-08,123.7409355,62600470.7,35310,96149,16.91067356,7746240810,35756,2777318.698,1.41185177,77.67420008
2019-07-09,119.3181339,62614820.7,31019,88293,18.18480424,7471083563,31705,2499511.367,1.21808516,78.83650423
2019-07-10,107.9793467,62629720.7,39837,98561,21.27228308,6762716323,40497,4532658.508,1.29355797,111.9257848
2019-07-11,102.2099225,62645320.7,33005,88603,18.73719502,6402973373,33704,5318419.467,1.38679015,157.7978717
2019-07-12,105.0393156,62660320.7,34532,86926,18.39272369,6581797200,34844,4333175.92,1.38593328,124.3593135
2019-07-13,100.9075728,62676920.7,29819,78512,15.41422926,6324575941,30633,2310506.301,1.16483048,75.42540075
2019-07-14,90.01641661,62692320.7,28851,82148,16.85667243,5643338059,29515,2957791.192,1.49358706,100.2131524
2019-07-15,90.86854261,62706695.7,30563,84580,18.57653278,5698066050,31117,3011990.31,2.0183888,96.79565221
2019-07-16,79.88265724,62719795.7,31812,89439,19.27202925,5010223943,32255,4373092.589,1.97220434,135.5787502
2019-07-17,89.90015486,62734045.7,32194,92288,19.57615516,5639800424,32885,4466292.06,1.89361418,135.81548
2019-07-18,101.9716036,62748720.7,30715,85317,18.03022751,6398587677,31347,3591341.276,1.34951996,114.5673039
2019-07-19,98.47280506,62762620.7,30329,78573,15.89387953,6180411314,30567,2758614.634,1.10678811,90.24813144
2019-07-20,101.4621759,62775970.7,27767,74738,15.00901624,6369386584,28645,2913982.355,1.10678811,101.7274343
2019-07-21,99.74053997,62789795.7,23378,68085,12.57180101,6262688128,23913,1867585.669,1.11211422,78.09917906
2019-07-22,94.95028565,62803720.7,26654,74029,15.23895863,5963231221,27216,2698003.323,1.57795688,99.13298512
2019-07-23,90.29077836,62817570.7,28507,79195,16.32114099,5671847354,28894,1771209.35,1.47493713,61.30024744
2019-07-24,94.5638137,62832470.7,27257,72515,15.32956013,5941678054,28020,2164070.373,1.4861966,77.23306111
2019-07-25,93.35903451,62845620.7,27038,73017,14.66928567,5867206472,27540,1976388.731,1.42316655,71.7642967
2019-07-26,94.33363842,62859195.7,28170,72887,16.13758314,5929736638,28720,1991748.627,1.26120645,69.35057894
2019-07-27,88.54587603,62874170.7,25897,68243,14.76649075,5567248525,26562,2630092.747,1.24874527,99.0171202
2019-07-28,89.66229546,62889870.7,24689,66379,14.1729429,5638850169,25229,2673428.199,1.16180848,105.9664751
2019-07-29,90.43661387,62904620.7,29363,75048,16.18370349,5688880893,29729,2122322.963,1.23414714,71.38897919
2019-07-30,90.35749897,62919870.7,29818,78164,19.45030434,5685282152,30745,2357145.957,1.47783764,76.66761934
2019-07-31,98.85875606,62935095.7,29848,78467,19.60930919,6221685274,30430,2620157.61,1.60440288,86.10442359
2019-08-01,98.84074269,62948270.7,29051,78024,18.71207656,6221853827,29478,2262581.017,1.77297063,76.75490254
2019-08-02,94.82021445,62962945.7,30819,76451,17.37972466,5970160014,31449,2245111.63,1.73079922,71.38896722
2019-08-03,94.08927727,62977895.7,28545,71111,16.84009339,5925544691,28946,2163527.851,1.41303031,74.74358635
2019-08-04,93.08305308,62992120.7,26447,73896,18.19138414,5863498915,27192,2258077.434,1.88535619,83.04197684
2019-08-05,95.98506187,63002170.7,32312,86418,21.5079484,6047267253,32753,3127559.967,2.34243603,95.48926713
2019-08-06,92.88025287,63008908.2,33768,83804,20.10462737,5852283327,34487,3267224.586,1.70447647,94.73786023
2019-08-07,90.84267303,63015383.2,33457,79972,20.68287646,5724485852,33794,5619412.486,1.47373971,166.2843252
2019-08-08,89.942217,63021295.7,40046,90521,19.27418674,5668275054,40281,3170933.863,1.97258003,78.72033622
2019-08-09,84.17551878,63027645.7,37566,182195,22.30926468,5305384774,38182,2543284.253,1.66425476,66.60950849
2019-08-10,85.38162809,63033883.2,32421,270447,27.91163418,5381935573,33049,2762663.166,1.4854275,83.59294277
2019-08-11,89.79069621,63040795.7,30084,88096,25.16716015,5660476936,30795,5099524.031,1.87299504,165.5958445
2019-08-12,85.6664523,63048208.2,32678,88503,23.48646547,5401116320,33186,3538273.551,1.99328287,106.6194646
2019-08-13,84.43954542,63055320.7,30113,75685,16.84554244,5324362616,30717,18672686.43,1.4494199,607.8942094
2019-08-14,75.91894313,63062108.2,24167,70471,13.48255705,4787608606,24774,9840721.954,0.98775823,397.2197446
2019-08-15,76.42321029,63069383.2,23820,64998,12.69347269,4819964735,24328,2677837.823,1.16407906,110.0722551
2019-08-16,74.89117357,63075458.2,23571,75380,17.30546888,4723795088,24180,2219410.302,1.03181149,91.78702656
2019-08-17,72.70842184,63081833.2,21559,65057,12.09746132,4586580539,22075,1244029.463,0.8534621,56.35467557
2019-08-18,76.42116423,63087833.2,19800,62992,11.70656226,4821245662,20267,1146688.887,0.95209143,56.57911318
2019-08-19,77.03219723,63095245.7,20681,61715,12.1702471,4860365411,21352,1210501.395,1.00873228,56.69264683
2019-08-20,75.15385869,63101508.2,22510,88964,12.13027672,4742321830,22965,1670114.434,0.99799965,72.72433851
2019-08-21,72.91707346,63108995.7,23242,67424,12.32130477,4601723276,23786,1632534.143,1.02542178,68.63424461
2019-08-22,73.58911639,63115695.7,23252,68176,12.67985955,4644628277,23588,1608640.446,1.0005094,68.19740739
2019-08-23,75.53376228,63122720.69,22407,60324,10.92042724,4767896580,23022,1414226.428,0.9824802,61.42934707
2019-08-24,73.37075056,63130345.69,20468,58117,10.5099321,4631920847,21293,1132399.569,0.99614629,53.18177658
2019-08-25,72.2755486,63137458.19,16923,52178,9.15778743,4563294428,17450,1587297.884,0.99999418,90.96262944
2019-08-26,73.6117536,63144420.69,20628,61404,12.20277811,4648171538,21248,2440276.382,1.15049943,114.8473448
2019-08-27,72.59788031,63151520.69,21510,100540,12.42965284,4584666541,22063,2274559.128,0.89340546,103.093828
2019-08-28,66.91783698,63158770.69,22598,60934,11.75134683,4226448321,23145,2616114.411,1.03648424,113.0315148
2019-08-29,63.58698282,63165933.19,21433,61061,13.5819529,4016531109,22016,2259365.704,1.36739655,102.6238056
2019-08-30,64.35611591,63172708.19,21805,58624,11.43419287,4065550131,22332,2196742.146,1.09984421,98.36746129
2019-08-31,64.37694745,63179958.19,21183,59372,11.05002917,4067332849,21816,1370600.343,0.99299749,62.82546494
2019-09-01,66.297114,63186670.69,18963,51366,9.66731695,4189093910,19460,1900283.978,0.90992657,97.65076969
2019-09-02,67.01818902,63194120.68,22524,59021,11.96473187,4235155525,23135,2551827.377,1.12567571,110.301594
2019-09-03,69.23355472,63200958.18,27666,103895,13.15899679,4375626997,28182,4359058.4,1.72191114,154.6752679
2019-09-04,67.10464985,63207945.68,24306,62889,11.29114232,4241547063,24605,2251802.505,1.10615689,91.51808594
2019-09-05,65.38563985,63214758.18,24496,64923,10.84517185,4133337412,25346,2931055.047,1.426197,115.6417205
2019-09-06,65.06948426,63222483.18,28494,70676,12.14071949,4113854374,28898,3142829.482,1.17302711,108.7559513
2019-09-07,68.84420891,63229558.18,27073,67018,10.95001024,4352988913,27656,2280274.483,1.50568336,82.45134809
2019-09-08,70.66760678,63236658.18,31030,77965,11.33858573,4468783295,31698,3503269.745,1.47709104,110.5202141
2019-09-09,70.18670137,63244195.68,27982,73426,12.3326236,4438901476,28648,3865058.019,1.41338983,134.9154572
2019-09-10,70.55690526,63251683.18,28194,109399,15.49899603,4462843018,28790,2555436.164,1.11899304,88.76124223
2019-09-11,69.61532632,63258258.18,25754,78042,13.52923092,4403744286,26130,4471740.183,1.22696333,171.1343354
2019-09-12,69.08376348,63266158.18,26375,68583,11.98452644,4370664308,27050,2154189.754,1.22784011,79.63732916
2019-09-13,68.74993771,63273120.68,30584,74790,11.4657283,4350023106,31111,1785545.448,1.38453061,57.39273723
2019-09-14,70.69277173,63280595.68,28033,71669,11.55649584,4473480706,28360,2112253.072,1.0537741,74.48000959
2019-09-15,70.13739928,63287483.18,31064,83261,11.9847953,4438819477,31782,1712780.428,0.95723134,53.89152439
2019-09-16,72.53570127,63294408.18,35386,97348,14.34932953,4591104284,36091,3116979.114,1.52394589,86.36444304
2019-09-17,74.45747199,63301983.18,39806,142010,16.20919879,4713305639,40501,3562072.886,1.31250821,87.95024532
2019-09-18,77.96232755,63309058.18,39640,110156,15.14194105,4935721531,39994,4188975.445,1.10231809,104.7400971
2019-09-19,76.98396031,63316483.18,48564,128829,15.49254879,4874353628,49176,4920283.268,1.91821489,100.0545646
2019-09-20,75.03694758,63323858.18,34807,99040,14.83198921,4751629027,35501,2345260.716,1.04084698,66.06182125
2019-09-21,73.18058484,63331045.68,25370,73282,12.38080015,4634602961,26002,1738538.818,1.00645848,66.86173439
2019-09-22,72.42025542,63338458.18,24312,69629,11.36086793,4586987319,24584,3040460.593,1.58904284,123.676399
2019-09-23,66.58584672,63345583.18,37478,101056,12.4523453,4217919292,38295,4993907.503,8.82226794,130.4062541
2019-09-24,56.38643834,63352383.18,32649,115973,14.76486985,3572215248,33247,6260225.728,4.53841484,188.2944545
2019-09-25,57.29231497,63359395.68,28988,74697,13.15241792,3630006454,29536,7598679.404,2.83060186,257.268398
2019-09-26,55.21079193,63366370.68,25915,69164,13.83176054,3498507507,26564,4795786.156,1.86876445,180.5370485
2019-09-27,55.85602853,63373345.68,24422,64652,11.41113569,3539783404,24911,2885076.697,1.23518586,115.8153706
2019-09-28,55.33981539,63379895.68,27853,71457,11.3217501,3507431726,28455,1826799.812,1.38460538,64.19960681
2019-09-29,54.00114433,63387270.68,20251,57921,11.13781127,3422985153,20789,4324711.353,1.58092116,208.0288303
2019-09-30,55.92720842,63394045.68,26592,70513,11.98528013,3545452005,27199,2658097.741,1.87712064,97.72777457
2019-10-01,55.76590619,63401045.68,22429,91007,11.56339539,3535616766,22950,1838615.227,1.26221829,80.11395323
2019-10-02,56.44821762,63407858.18,21751,54749,9.64932554,3579260578,22236,1557285.242,1.2018436,70.03441455
2019-10-03,56.61447913,63414383.18,21155,59322,10.483427,3590172273,21579,1599169.717,1.08399484,74.10768418
2019-10-04,56.57314114,63421195.68,23749,56285,9.27131209,3587936254,24458,2161976.27,1.05536394,88.39546448
2019-10-05,56.78648368,63428420.68,24631,56505,8.2786028,3601876976,25190,1286623.525,1.31579126,51.07675762
2019-10-06,54.52183947,63435858.18,27273,62857,8.47366984,3458639676,27809,2102161.205,1.3795319,75.59283703
2019-10-07,57.73382314,63442795.68,27432,62606,10.45946692,3662795145,27982,2149668.941,1.51031311,76.82327714
2019-10-08,57.0367275,63450220.68,25066,96770,10.72193098,3618992947,25672,1777990.598,1.19604011,69.2579697
2019-10-09,59.43660179,63457570.68,26046,62678,10.79910469,3771702359,26625,2003419.66,1.64486236,75.24580882
2019-10-10,57.55244638,63465220.68,25517,61680,10.00050066,3652578710,26255,1482407.995,1.42195864,56.46193088
2019-10-11,55.70224285,63471870.68,25645,61718,10.84071043,3535525555,26102,2408713.876,1.10296994,92.28081666
2019-10-12,55.82262019,63478858.18,23474,53850,8.8634442,3543556190,23966,1147676.083,0.92469614,47.88767768
2019-10-13,56.5329196,63485245.68,20559,54489,8.41100268,3589006290,21141,878026.2938,0.92386213,41.53191872
2019-10-14,56.79528591,63492195.68,22032,54887,9.59232179,3606057407,22576,3357544.333,0.99999738,148.7218433
2019-10-15,54.54869841,63499095.68,22704,87351,11.15671369,3463793020,23269,2597562.087,0.95183374,111.6318745
2019-10-16,52.55428352,63505820.68,22176,60324,9.8644831,3337502905,22689,1843205.306,1.05370492,81.23783796
2019-10-17,54.9010288,63512583.18,19914,50549,9.77516899,3486906159,20512,1576479.972,1.03533616,76.85647287
2019-10-18,53.25118936,63518870.68,20978,51667,9.30070655,3382455411,21410,3516686.541,0.93507138,164.2543924
2019-10-19,53.7431331,63525858.18,19710,52652,8.9501848,3414078652,20377,3876630.728,0.97955709,190.2454104
2019-10-20,54.86168423,63532570.68,17535,47146,7.90405176,3485503831,17940,2540289.666,0.92488972,141.599201
2019-10-21,54.76895655,63539283.18,19782,52827,9.48759072,3479980240,20161,3754748.106,0.96325236,186.2381879
2019-10-22,53.33087465,63546183.18,20065,81395,9.96040448,3388973529,20787,1802139.757,0.90340476,86.69551917
2019-10-23,49.33203461,63553170.68,19671,52874,9.93949848,3135207215,20218,4167081.394,1.27878022,206.1074979
2019-10-24,49.82463108,63559645.68,19865,51932,8.9775459,3166835898,20444,3833439.239,1.1078146,187.5092565
2019-10-25,56.90292396,63566395.68,21680,58311,11.86511187,3617113780,22139,3550976.185,1.25885956,160.3946061
2019-10-26,56.96359664,63572620.68,21852,58662,10.36978356,3621325122,22465,3870800.457,0.9994907,172.3036037
2019-10-27,59.83275209,63578983.18,19350,48950,8.85044935,3804105538,19803,4014460.213,0.98434203,202.7198007
2019-10-28,58.38365369,63585945.68,21283,57505,10.12996052,3712379832,21753,7805067.056,0.999325,358.8041675
2019-10-29,59.85977923,63592283.18,22205,94215,12.94678076,3806620032,22832,4581230.598,0.94843285,200.6495532
2019-10-30,57.99909803,63598995.68,21066,57690,10.20581628,3688684385,21663,6184307.648,0.99899503,285.4778954
2019-10-31,58.34576011,63606320.68,21313,55972,10.21546441,3711159128,21880,9561105.063,0.95885103,436.9792076
2019-11-01,58.37170895,63612558.18,19967,53299,10.46687184,3713173732,20401,5416810.743,0.9901005,265.5169228
2019-11-02,58.34436736,63619533.18,67137,99050,8.3344558,3711841415,67700,1959363.235,6e-06,28.94184984
2019-11-03,58.47328296,63626420.68,18041,47533,10.43532432,3720445700,18679,1802825.102,0.93044098,96.51614655
2019-11-04,61.45216904,63633220.68,21348,88324,11.1343197,3910399434,21766,3992057.306,0.93356134,183.4079439
2019-11-05,63.17612989,63640195.68,32969,87130,13.00668052,4020541268,33571,8814712.309,10.62087142,262.5692505
2019-11-06,63.98187762,63647795.68,31179,73552,9.75357048,4072305474,31787,4245586.931,8.80590119,133.5636245
2019-11-07,61.59174945,63655133.18,20320,54922,9.75048776,3920631014,20927,3338321.016,1.0093545,159.522197
2019-11-08,60.4637875,63662570.68,21838,54730,9.87357832,3849280145,22336,3417794.699,0.99899665,153.0173128
2019-11-09,62.16637423,63669745.68,19641,50492,9.55765855,3958117237,20103,2800530.207,0.85111015,139.3090686
2019-11-10,63.65697994,63676545.68,19899,53785,8.76785668,4053456591,20571,3199165.432,0.74912396,155.5182262
2019-11-11,61.69626739,63683833.13,19639,54660,9.48823109,3929054798,20202,2380122.145,0.7708549,117.816164
2019-11-12,61.12822744,63690870.63,21079,85360,11.0598741,3893310026,21719,6146895.884,0.67279862,283.0192865
2019-11-13,60.90400916,63698208.13,20281,54342,11.89289422,3879476251,20829,3715964.131,0.98544748,178.4033862
2019-11-14,58.943755,63705258.13,23323,61808,9.67164856,3755027128,23904,5380421.294,2.05529305,225.0845588
2019-11-15,57.55776464,63712133.13,29217,72833,10.22211232,3667127963,29448,4205927.776,4.44202404,142.8255832
2019-11-16,58.24291241,63718833.13,22098,58037,8.44258289,3711170417,22916,3401808.829,0.92659843,148.4468855
2019-11-17,59.17893149,63725920.63,19470,50451,7.96130408,3771231891,20125,2037240.786,1.16225831,101.2293558
2019-11-18,55.86428744,63733808.13,34307,82687,9.81150127,3560443777,34910,7469758.278,9.66027341,213.9718785
2019-11-19,55.00107883,63740845.63,22051,89977,10.4756278,3505815276,22590,3756453.463,0.96694466,166.2883339
2019-11-20,54.83109288,63747745.63,21607,56755,9.08086418,3495358562,22070,2513258.594,0.88806808,113.8766921
2019-11-21,50.57204801,63755058.13,22684,58684,10.14130119,3224223861,23381,6788308.823,1.37639453,290.3344092
2019-11-22,47.47589895,63761683.13,23607,62910,11.88426332,3027143225,24046,5391002.73,1.86183175,224.1954059
2019-11-23,48.21675302,63768758.13,21481,55408,9.35144205,3074722461,22173,3339519.7,1.19558359,150.611992
2019-11-24,44.2959709,63776095.63,20067,53073,8.55039672,2825024076,20638,2653831.793,1.07953103,128.589582
2019-11-25,45.76961411,63782733.13,22290,59209,10.63178588,2919311082,22684,4151251.645,1.30094923,183.0035111
2019-11-26,47.00592285,63789633.13,21250,93921,11.05154188,2998490574,21993,1818903.613,1.06557106,82.70375176
2019-11-27,47.86341363,63796270.63,22449,57981,9.31556187,3053507289,22688,2365029.602,1.21014642,104.2414317
2019-11-28,46.88518134,63802783.13,22224,57811,9.09894788,2991405057,22761,5502500.173,1.09761503,241.7512488
2019-11-29,48.62784223,63809508.13,22032,56145,9.06703614,3102918694,22669,2442124.161,1.14930865,107.729682
2019-11-30,47.34697632,63816083.13,22324,58036,8.90142856,3021498577,22840,3608752.055,0.98408125,158.0014034
2019-12-01,47.7391862,63823420.63,21462,56419,10.0719718,3046878161,22127,1662820.894,0.98789561,75.14895351
2019-12-02,45.6426048,63831070.63,21113,53260,8.86112262,2913416331,21588,7356287.674,1.26741656,340.7581839
2019-12-03,44.8087979,63838608.13,22683,90274,10.14347652,2860531290,23332,4276004.411,1.20378481,183.2678044
2019-12-04,44.72351707,63845883.13,21786,52714,9.41152269,2855412444,22560,4582406.739,1.35839446,203.1208661
2019-12-05,44.83491721,63852470.63,21253,52748,8.49421449,2862820234,21638,10969916.57,1.5121021,506.9746082
2019-12-06,45.4038573,63859820.63,22330,54640,8.81237344,2899482183,22998,6971237.642,1.19787041,303.1236473
2019-12-07,45.22340813,63867095.63,21049,53318,8.30259929,2888287732,21597,2363534.213,1.10473963,109.43808
2019-12-08,45.57107488,63874733.13,19768,50278,7.98187921,2910840246,20332,1064609.516,1.21378765,52.36127857
2019-12-09,44.40943422,63881058.13,23476,54864,9.65618152,2836921649,23980,3487963.972,1.21776633,145.453043
2019-12-10,44.13657889,63888333.13,22365,90300,11.12041378,2819812455,23011,2087208.547,1.38894202,90.70481712
2019-12-11,43.58825522,63894770.63,21542,56514,9.52011745,2785061569,22015,3420524.76,1.16236646,155.3724624
2019-12-12,43.62232231,63901095.63,22494,55383,9.04439311,2787514190,22830,2504250.653,1.14715218,109.6912244
2019-12-13,44.32124629,63907383.13,22577,53747,9.99889583,2832454868,23229,6928757.52,1.31144656,298.2804908
2019-12-14,43.30308433,63914145.63,21322,51820,7.69184552,2767679638,21884,2431767.295,1.15488923,111.1207866
2019-12-15,43.48651852,63921495.63,20333,149953,12.37241512,2779723304,20920,3215055.706,1.17153249,153.6833512
2019-12-16,39.95113662,63928308.13,22866,56382,9.87732234,2554008572,23489,6443243.393,1.38265526,274.3089698
2019-12-17,36.84828917,63935233.13,23654,92170,11.49412183,2355903959,24156,9689072.642,1.89738454,401.1041829
2019-12-18,40.85639569,63942433.13,22226,54358,9.66610286,2612457349,22692,5530703.901,2.37385386,243.7292394
2019-12-19,39.62996092,63949683.13,22676,54966,8.95972168,2534323443,23383,2982809.219,1.48587969,127.5631535
2019-12-20,40.18164166,63956770.63,23719,56930,10.62059265,2569888039,24302,2675533.734,2.44128442,110.0952075
2019-12-21,39.71174311,63964345.63,22347,52086,8.70829053,2540135662,23055,4101954.705,1.9982045,177.9203949
2019-12-22,41.86826329,63972020.63,20083,50636,8.16842705,2678397403,20636,2957147.306,2.22326459,143.3004122
2019-12-23,40.62053295,63979745.63,22326,57345,9.26593922,2598891365,22870,2979849.948,1.60075809,130.2951442
2019-12-24,40.28514298,63987220.63,17761,77174,8.10562085,2577734332,18456,5620448.596,1.59788356,304.5323253
2019-12-25,40.09823059,63994295.63,19806,58332,9.78281211,2566058023,20320,1461601.831,0.90165223,71.92922395
2019-12-26,39.92788222,64001670.63,25835,102698,13.47566625,2555451167,26333,4144022.116,1.06846927,157.3699205
2019-12-27,40.89490272,64008633.13,25486,114560,14.7771904,2617626825,26208,4368429.019,1.71522302,166.6830364
2019-12-28,42.97018681,64015995.63,22757,112310,14.67793256,2750779291,23245,4195323.934,2.01025189,180.4828537
2019-12-29,43.15957857,64023833.13,20617,74502,11.0831691,2763241656,21173,7695950.989,2.02378355,363.4794781
2019-12-30,42.27917616,64030683.13,21306,62890,11.34971842,2707164532,21800,5761029.503,2.48964828,264.2674084
2019-12-31,41.11401787,64037233.09,18896,108004,11.14725169,2632827946,19651,9099136.378,1.55667273,463.0368112
2020-01-01,41.41574594,64044858.09,15369,41527,7.2159998,2652465571,15876,1547587.984,1.19512806,97.47971679
2020-01-02,39.31911023,64051608.09,31099,68959,8.09518785,2518452239,31684,9139640.871,23.3102479,288.4623428
2020-01-03,42.01519876,64058908.08,21286,50872,8.73561103,2691447755,21840,4752799.272,1.74658404,217.6190143
2020-01-04,42.66088938,64066283.08,19049,45991,8.12470721,2733124615,19731,2352457.282,1.13204327,119.22646
2020-01-05,43.19831411,64073720.58,18888,50412,8.08076848,2767876708,19401,3211408.183,1.83666943,165.5279719
2020-01-06,45.76539984,64081495.58,20239,50499,9.45668928,2932715267,20843,2622021.749,1.34698743,125.7986734
2020-01-07,46.38774004,64089708.08,22277,88864,10.32275061,2972976717,22849,4490738.867,1.15571047,196.5398427
2020-01-08,45.38409514,64097570.58,21722,53499,10.33474214,2909010242,22363,5313213.613,1.39647162,237.5894832
2020-01-09,44.72698105,64104570.58,19336,49189,9.82699986,2867203913,19934,7293614.045,1.35335777,365.8881331
2020-01-10,48.78172587,64111383.08,22323,53679,9.51486575,3127463914,22914,3321245.188,1.30540499,144.9439289
2020-01-11,49.50031461,64118633.08,20917,52092,9.11288122,3173892509,21533,4024700.094,1.27484191,186.9084704
2020-01-12,50.99046087,64126645.58,18520,47190,8.72013318,3269847212,18973,3259046.675,1.20332207,171.7728706
2020-01-13,49.65187662,64133570.58,18506,50629,8.76522348,3184352133,19216,12669818.42,1.4628597,659.3369284
2020-01-14,58.81429015,64140820.58,25370,91911,13.49974153,3772396832,25702,12947864.62,1.79360021,503.7687581
2020-01-15,58.09429232,64148058.08,23781,61711,11.48218621,3726636038,24588,14219144.56,1.84868746,578.2961023
2020-01-16,57.69213032,64155033.08,21577,53041,10.41440019,3701240529,22031,5321474.176,2.1518668,241.5448312
2020-01-17,61.64777271,64161583.08,25024,60607,11.59277528,3955418690,25594,5118585.812,1.65306949,199.9916313
2020-01-18,59.62455857,64169045.58,23059,56500,9.60899549,3826051017,23578,4139140.301,1.43882616,175.5509501
2020-01-19,57.58544323,64176620.58,22691,58983,10.24816941,3695639141,23468,2716026.108,1.25067098,115.7331731
2020-01-20,57.16587249,64183870.57,20844,51629,9.2893883,3669126961,21382,4214064.971,1.39313659,197.0846961
2020-01-21,57.50853705,64190195.56,21899,86261,10.21589243,3691484240,22348,1697344.391,1.55227671,75.9506171
2020-01-22,58.05693155,64196795.56,21651,56688,8.8156124,3727068966,22254,1430894.019,1.33706038,64.29828432
2020-01-23,54.16790165,64203545.56,21787,53287,8.96848956,3477771342,22247,3220646.902,1.58020125,144.7676946
2020-01-24,54.3367572,64210545.56,23190,59911,8.73314506,3488992824,23794,2683956.81,1.45193539,112.7997314
2020-01-25,53.4273469,64218108.06,20249,49756,6.94835451,3431003137,20822,1360005.332,1.12996283,65.31578771
2020-01-26,55.93912755,64225858.06,19766,48918,7.39408241,3592738466,20361,1129842.315,1.18031806,55.49051198
2020-01-27,58.53327431,64232895.55,21378,55310,11.48260554,3759761695,22061,1859124.646,1.09880062,84.27200245
2020-01-28,60.15383231,64240208.05,24157,96373,12.91395814,3864294702,24634,2250603.836,1.34452526,91.36168854
2020-01-29,59.98090674,64247258.01,23818,58845,9.55484733,3853608790,24381,2366530.787,1.27131288,97.06454974
2020-01-30,68.15085835,64254270.51,26994,65057,11.8869529,4378983688,27599,4384788.496,1.44449635,158.8749047
2020-01-31,67.96395843,64261383.01,26393,62399,10.60595148,4367457963,26938,5102756.727,1.62825697,189.425968
2020-02-01,70.72474344,64269045.51,25863,59988,10.84745336,4545411755,26549,2728762.848,1.177343,102.782133
2020-02-02,70.31380905,64276295.51,27679,70891,9.48128727,4519511168,27945,3251689.162,0.99800631,116.3603207
2020-02-03,69.49878179,64283945.51,34458,80518,10.04255119,4467655901,35187,2908675.898,0.68358591,82.6633671
2020-02-04,67.78344686,64292120.51,24860,96519,11.15479112,4357941534,25566,4028506.335,1.03894568,157.5728051
2020-02-05,72.67443978,64300145.51,28121,86117,10.92633249,4672977053,28870,3725907.832,1.34674424,129.0581168
2020-02-06,73.32747657,64307683.01,28235,91750,11.91438856,4715520119,28710,5265452.107,0.99931,183.4013273
2020-02-07,74.15230592,64314795.51,26834,98565,11.43830572,4769090391,27526,3607563.146,0.8375982,131.0602029
2020-02-08,76.77291682,64322958.01,26215,92186,11.03204109,4938261105,26832,4596961.364,0.98688462,171.3238433
2020-02-09,76.98837925,64329995.51,26106,100893,11.18763588,4952662091,26721,5332224.241,0.77861041,199.5518222
2020-02-10,74.18617626,64336808.01,26560,82574,10.93943663,4772901779,26939,5256714.98,0.93467653,195.1340057
2020-02-11,76.98853531,64343458.01,24659,98909,11.57278269,4953708589,25276,2034222.039,1.02212224,80.4803782
2020-02-12,81.49536131,64350070.51,27685,76114,11.83043186,5244232246,28302,2825312.45,0.99999337,99.82730724
2020-02-13,80.31387515,64357433.01,27754,80525,12.35018754,5168794840,28372,5876120.941,1.03595407,207.1098597
2020-02-14,83.40339239,64364745.51,27383,71081,9.79003358,5368238125,27908,4116868.644,0.82482516,147.5157175
2020-02-15,76.54172092,64372620.51,26076,66882,11.28694009,4927191154,26488,3661050.968,1.02924035,138.2154548
2020-02-16,75.20046581,64380195.51,22236,57905,10.93536938,4841420691,23155,6862929.119,1.01865852,296.3908063
2020-02-17,73.18040314,64387533.01,23664,67411,10.31279529,4711905622,24093,6357775.918,1.08028439,263.8847764
2020-02-18,77.49263747,64394620.51,24365,100261,10.38376681,4990108982,25044,2487943.973,0.97507597,99.3429154
2020-02-19,71.29114165,64402070.51,25002,85220,12.25544839,4591297131,25535,5379713.302,0.83438005,210.6799805
2020-02-20,69.83624956,64409108.01,23507,67868,9.89490443,4498090541,24109,9301432.701,1.01098646,385.8074868
2020-02-21,73.5468184,64415845.51,24257,60655,9.66634405,4737580491,24728,3482513.478,0.97551635,140.8328
2020-02-22,74.98068541,64423020.51,22114,54107,7.68650184,4830482234,22691,3626660.88,0.90145694,159.8281645
2020-02-23,79.85004691,64430220.51,20508,52727,7.89161069,5144756130,21089,3326360.001,0.99658741,157.7296221
2020-02-24,75.43221976,64438170.51,21686,58045,11.92787005,4860714238,22340,6804563.061,0.999832,304.5910054
2020-02-25,71.31703169,64445695.51,21780,91498,9.45586382,4596075708,22423,2846286.982,1.0537893,126.936047
2020-02-26,60.99995298,64452770.51,24576,64142,10.67329418,3931615970,25000,6738841.304,1.26067965,269.5536521
2020-02-27,61.59812301,64459920.51,25053,62465,9.62726475,3970610113,25754,3186840.862,1.16037764,123.7415882
2020-02-28,60.34574903,64467083.01,23790,59913,9.33027268,3890314412,24239,2584839.154,1.25078783,106.639678
2020-02-29,58.54540221,64474808.01,23886,62562,8.87320024,3774703567,24663,1729466.523,1.17466491,70.12393151
2020-03-01,57.87822968,64481658.01,21696,53381,8.06988239,3732084213,22173,1588972.142,1.15218846,71.66247878
2020-03-02,61.25336518,64488545.51,23384,69236,8.94564181,3950140428,23907,2280047.853,1.15029843,95.37155867
2020-03-03,61.20418137,64495458.01,21693,85928,9.26223267,3947391709,22325,1986670.374,0.99999499,88.98859459
2020-03-04,60.28767008,64502658.01,20448,52216,9.0560739,3888714965,20977,1698705.554,0.98857877,80.97943241
2020-03-05,61.8909811,64509945.51,23527,94961,9.32180087,3992583818,24032,1893990.168,1.01161378,78.81117541
2020-03-06,63.19009349,64517445.51,22777,149119,9.57641136,4076863413,23456,2620512.487,1.25405979,111.7203482
2020-03-07,60.54753432,64525195.51,22646,203865,10.26782435,3906841489,23191,1882259.842,1.06930561,81.16337552
2020-03-08,51.89707547,64532295.51,22671,129044,10.28201847,3349037410,23335,2794830.238,1.24043435,119.7698838
2020-03-09,49.99229156,64539333.01,24591,73222,11.47544941,3226469153,25308,3974389.681,2.32606056,157.0408441
2020-03-10,50.23698163,64546908.01,23760,100251,9.69160237,3242641832,24251,3704141.205,1.2586878,152.7417923
2020-03-11,48.53692589,64553983.01,21434,58685,8.81997466,3133251889,22046,2983018.146,1.1719849,135.3088155
2020-03-12,30.67827101,64560295.51,28574,62366,16.18419072,1980598242,28870,16843910.68,3.27851784,583.4399265
2020-03-13,37.95129264,64565870.51,28849,66743,15.43156521,2450358246,29226,14669139.69,3.64876649,501.9208817
2020-03-14,34.22546395,64571408.01,21006,51700,9.40485526,2209986397,21596,4069438.352,1.53926422,188.434819
2020-03-15,36.33947387,64576883.01,18908,47805,10.42525358,2346689953,19412,2587735.318,1.75853118,133.3059611
2020-03-16,32.72840763,64583583.01,22980,54115,11.01460597,2113717831,23568,6416014.658,2.4250897,272.2341589
2020-03-17,34.7086361,64590570.51,22161,60023,9.58974723,2241850607,22676,3461660.809,1.90803631,152.6574708
2020-03-18,34.59693438,64597083.01,22935,53168,10.12918723,2234861042,23555,7424964.153,1.84517847,315.2181767
2020-03-19,39.20951508,64603883.01,24129,57441,11.97999593,2533086925,24510,5420489.998,1.999808,221.1542227
2020-03-20,37.78062541,64610795.51,25763,58561,10.73016704,2441036262,26236,4454509.273,1.69373938,169.786144
2020-03-21,38.34015086,64618370.51,19471,43347,7.96536086,2477478073,20252,4379961.055,1.33877055,216.2730128
2020-03-22,35.43584604,64625895.51,18284,45850,8.61723266,2290073283,18840,4008274.427,1.50015305,212.7534197
2020-03-23,39.06346114,64633095.51,20475,50137,8.4485596,2524792414,21047,4390264.512,1.47371036,208.593363
2020-03-24,40.75991127,64640033.01,21156,66848,9.28952149,2634722010,21760,3697994.352,1.26399711,169.9445934
2020-03-25,39.1813697,64647270.51,20968,49894,8.7469231,2532968606,21589,3946141.943,1.63005308,182.7848415
2020-03-26,40.24142964,64654595.51,20751,48021,8.75822725,2601793356,21187,1748609.787,1.41177169,82.53220311
2020-03-27,38.92745749,64661858.01,23299,50568,8.42670684,2517121729,24007,2182611.677,1.40050503,90.91563614
2020-03-28,38.89419418,64669220.51,21961,45693,9.14077287,2515257220,22481,2156756.131,2.05880412,95.93684139
2020-03-29,37.28088881,64676795.51,20368,45949,10.08507025,2411208422,21034,1217818.207,1.4810879,57.89760423
2020-03-30,39.10820765,64683845.51,21823,52420,8.98146236,2529669262,22337,2076636.55,1.14803286,92.96846265
2020-03-31,39.29972021,64691095.51,23909,67794,8.75495694,2542341953,24482,2234402.257,1.09960393,91.26714551
2020-04-01,39.33248211,64698508.01,22452,52386,8.79713757,2544752909,23016,1666949.516,1.26334331,72.42568281
2020-04-02,39.88310417,64705745.51,23426,56873,9.15551825,2580665988,24021,2763268.566,1.21845723,115.0355341
2020-04-03,40.55045568,64712770.51,22546,47998,8.5130759,2624132332,23099,3298969.826,1,142.8187292
2020-04-04,40.77667155,64720533.01,23782,48055,7.9999417,2639087917,24404,2057952.8,1.4878195,84.32850351
2020-04-05,40.3941391,64728120.51,24018,48858,7.99180708,2614636703,24751,1726170.177,2.53272616,69.74143172
2020-04-06,44.78070262,64735170.51,24916,56526,9.56419513,2898886420,25314,2852897.294,1.3779099,112.7003751
2020-04-07,44.68786195,64742758.01,27124,74876,9.40864981,2893215432,27875,3462044.332,1.03015981,124.1988998
2020-04-08,46.66678827,64750458.01,24784,55303,8.9800794,3021695914,25361,2903489.418,1.16657247,114.4863932
2020-04-09,46.42667704,64757695.51,25096,54418,8.47514384,3006484615,25582,3518851.686,1.15762962,137.5518601
2020-04-10,42.14452106,64764895.51,30504,58367,10.23881548,2729485503,31201,5389866.28,1.60785868,172.7465876
2020-04-11,42.49016383,64772470.51,22691,50942,9.0548002,2752192883,23185,2122294.579,1.82090204,91.53739828
2020-04-12,42.40647674,64780058.01,21565,46575,7.19647629,2747094023,22114,3734700.309,1.73570778,168.8839789
2020-04-13,41.37397593,64786883.01,22904,53435,8.84970773,2680490938,23555,3834995.157,1.62699509,162.810238
2020-04-14,41.233447,64793620.51,26131,75147,9.89116321,2671664317,26764,2590485.944,1.56213259,96.78993961
2020-04-15,39.29297099,64800945.51,26209,57045,8.71968725,2546221672,26620,2279278.346,1.43373096,85.62277782
2020-04-16,42.72177433,64808383.01,26315,57403,9.38072745,2768729113,27002,3385500.84,1.42829994,125.3796326
2020-04-17,42.61251563,64816420.51,27255,60136,8.71430725,2761990732,27829,2450937.786,1.3329864,88.07135669
2020-04-18,44.17473644,64824270.51,27186,57170,8.65216302,2863595064,27921,2190002.889,1.23036668,78.43568959
2020-04-19,42.50931809,64831858.01,25230,81022,10.01916796,2755958074,25801,2809498.103,1.17743888,108.8910547
2020-04-20,40.42811735,64839533.01,27379,62274,9.82595604,2621340249,28046,3351566.813,1.57041068,119.5024892
2020-04-21,40.74852803,64847058.01,25348,78684,8.98716362,2642422161,25881,2060661.708,1.42686793,79.62063705
2020-04-22,41.84453522,64854333.01,25317,57184,8.92467594,2713799421,25892,2480450.534,1.85779404,95.7998816
2020-04-23,43.01012114,64861083.01,27224,64942,10.43190437,2789683038,27727,2076614.679,1.59117608,74.89503655
2020-04-24,44.51075222,64868220.51,28182,100818,9.53536515,2887333290,28813,3669351.538,1.74978774,127.3505549
2020-04-25,44.32732676,64875208.01,26529,91249,10.29314037,2875744544,27119,2379665.928,1.88604918,87.74902938
2020-04-26,44.57783319,64882358.01,25229,86427,9.69565376,2892314932,25720,1951352.817,1.4727708,75.86908306
2020-04-27,44.50791057,64889820.51,30111,92208,10.42136783,2888110328,30747,3710614.671,1.48064028,120.6821697
2020-04-28,45.82521593,64897695.51,31780,130368,10.80404459,2973950910,32138,3599482.806,1.17003778,112.0008341
2020-04-29,48.68833348,64905095.51,32976,117777,14.34789383,3160120935,33721,5006023.658,1.56415016,148.4541875
2020-04-30,46.46364564,64911958.01,34548,101053,12.82554893,3016046215,35238,5366209.848,1.28281643,152.2847451
2020-05-01,47.14331937,64919395.51,30111,115811,10.21426206,3060515796,30472,2390275.619,1.10796272,78.44170449
2020-05-02,49.2451953,64926733.01,27867,100232,9.25824504,3197329647,28641,2573549.321,1.05314682,89.85542826
2020-05-03,48.06116308,64934120.51,26540,68018,9.68293734,3120809355,27119,3243451.286,1.47572748,119.6006964
2020-05-04,46.99769694,64941395.51,26725,74245,9.06917353,3052096025,27359,3238903.48,1.29928902,118.3853021
2020-05-05,46.45606514,64949595.51,28057,88832,10.23998935,3017302640,28638,3740478.241,1.1853341,130.6124115
2020-05-06,45.85893375,64956745.51,29558,72840,10.03549459,2978847089,29924,3488638.035,1.15419601,116.5832788
2020-05-07,47.52660213,64964220.51,31111,77316,11.20448362,3087528661,31956,4481498.464,1.27636403,140.2396565
2020-05-08,47.95958287,64970645.51,35185,93104,12.22631037,3115965057,35546,4144695.102,2.60959396,116.6008862
2020-05-09,47.09682245,64978170.51,29049,75552,13.253342,3060265359,29809,3243211.199,1.57241222,108.7997316
2020-05-10,42.01567098,64985308,26449,69662,9.40051532,2730401319,27051,3915287.449,1.82272449,144.7372537
2020-05-11,41.5577279,64992283,29661,81157,11.44305948,2700931612,30235,3959256.708,1.52616488,130.9494529
2020-05-12,42.20628888,64999308,32566,93912,10.43202981,2743379570,33025,3953729.258,1.26168418,119.7192811
2020-05-13,43.28596853,65006258,29489,73145,9.71125996,2813858838,29987,3320506.183,1.15651338,110.7315231
2020-05-14,44.03033161,65014020.5,31041,77496,10.23804192,2862588882,31850,3449626.894,1.19117737,108.3085367
2020-05-15,42.81371032,65021483,31595,79408,10.1229813,2783810937,32016,3169461.897,1.16194565,98.99618618
2020-05-16,43.30376289,65029170.5,29766,69549,8.90883908,2816007780,30542,2857033.852,1.18220033,93.54442578
2020-05-17,43.66728922,65037108,28153,69562,8.98764376,2839994205,28620,2769826.604,1.15367336,96.77940615
2020-05-18,45.30937802,65044008,32335,76969,10.03399082,2947103547,32978,4108295.064,1.2237419,124.576841
2020-05-19,45.53108887,65050170.5,32946,93517,10.41868683,2961805094,33415,2438141.632,1.02576089,72.96548352
2020-05-20,44.19111439,65056408,34137,79867,10.57890434,2874915167,34579,2445845.472,1.08765844,70.73210538
2020-05-21,42.72472663,65063958,29926,77213,9.67007285,2779839819,30580,3554307.661,1.338238,116.2298123
2020-05-22,44.18521558,65072045.5,31612,79339,9.24315751,2875222358,32270,3116370.214,1.2966717,96.57174508
2020-05-23,43.93350272,65080133,31899,74005,8.59855835,2859198200,32455,1627141.393,1.27419994,50.13530713
2020-05-24,42.43114094,65087970.5,28153,72779,9.33999383,2761756849,28736,2136381.151,1.40374077,74.34511242
2020-05-25,42.98535637,65095658,32024,77031,10.13448035,2798160057,32670,4223725.965,1.00949453,129.2845413
2020-05-26,42.27063221,65103733,31424,93308,10.23144793,2751975953,32122,2621982.343,1.17822617,81.62575006
2020-05-27,43.71287562,65111683,31061,74117,9.32917419,2846218900,31745,3123360.271,1.38945144,98.38904619
2020-05-28,44.72599217,65119808,33438,77573,9.5754254,2912548023,33906,1956428.404,1.08333401,57.70153967
2020-05-29,44.51134174,65127583,36288,82162,9.68457966,2898916103,36942,3164941.142,1.15079572,85.67324839
2020-05-30,47.66690236,65135420.5,35128,79385,11.41463087,3104803729,35861,3864194.105,1.18189394,107.7547783
2020-05-31,45.54263706,65142920.5,31475,177895,10.71500407,2966780385,32122,2289518.469,1.14314833,71.27571351
2020-06-01,48.40745947,65150695.5,34130,136651,11.60410832,3153779651,34687,5831765.008,1.18034127,168.1253786
2020-06-02,45.91337186,65157795.5,35556,122458,12.2603822,2991614094,35945,7025443.634,1.1626631,195.4498159
2020-06-03,47.0872906,65164858,33058,94543,9.18885672,3068436605,33596,3363645.587,1.12013478,100.1204187
2020-06-04,47.4932476,65171683,34335,195842,9.50468012,3095214877,34803,2762665.244,1.2460203,79.38008918
2020-06-05,46.91693937,65177720.5,35122,306753,10.47405223,3057939161,36002,2583284.334,1.21419163,71.75391183
2020-06-06,46.76628095,65185458,32615,129095,8.16287035,3048481443,33212,2246484.184,1.15216707,67.64073781
2020-06-07,46.61993219,65192870.5,31217,127280,8.37482252,3039287202,31825,4047814.893,1.53169397,127.1897845
2020-06-08,46.39843987,65200108,35471,135449,9.71870484,3025183290,36019,3168381.97,1.14436264,87.96418473
2020-06-09,45.96074728,65207458,33689,151530,10.35830972,2996983498,34207,2422135.081,1.0866804,70.80817027
2020-06-10,46.67447225,65214107.99,34098,134102,10.57375542,3043834073,34330,5036910.291,1.11953883,146.7203697
2020-06-11,43.26643547,65220907.99,36541,133126,10.58757742,2821876207,37471,3924618.471,1.40014218,104.7374895
2020-06-12,44.632063,65227607.98,35212,128283,9.08168581,2911242709,35475,4515102.806,1.38673297,127.2756253
2020-06-13,45.06302433,65234645.48,30615,125392,7.44652708,2939670417,31408,4185538.126,1.12662456,133.2634401
2020-06-14,44.06398209,65241907.98,29515,128796,8.25048203,2874818265,30122,1502400.521,1.08731134,49.87718348
2020-06-15,43.8275976,65249332.98,34264,105732,9.99357026,2859721510,34693,4332941.134,1.21302297,124.8938153
2020-06-16,43.83371889,65256570.48,33778,84709,9.80482139,2860438167,34637,2982224.977,1.20719329,86.09940172
2020-06-17,43.99530965,65263282.98,32504,63736,8.70175751,2871278344,32825,2278700.182,1.25216065,69.4196552
2020-06-18,43.45514557,65271182.97,32245,66484,8.54891516,2836368757,32755,3123383.131,1.14689278,95.35591912
2020-06-19,42.84988873,65278107.92,30820,64735,8.93125456,2797159661,31548,3741340.392,1.22774954,118.5919992
2020-06-20,43.59641646,65286320.36,31577,63240,8.11813214,2846249612,32272,3182848.469,0.86396957,98.62569624
2020-06-21,42.93866776,65293607.85,27354,56798,7.65522249,2803620534,27883,1755575.212,1.05446714,62.96220677
2020-06-22,44.32666278,65301170.33,29654,62550,8.82499531,2894582957,30367,2394210.755,1.15329375,78.84251836
2020-06-23,44.08856919,65308720.31,35285,93262,9.77794598,2879368034,35636,2187452.406,1.45646686,61.38321938
2020-06-24,42.61917767,65315120.3,33687,69681,8.46359554,2783676717,34439,2946765.673,1.5403575,85.56478623
2020-06-25,42.3413795,65321595.29,37854,78773,9.52058136,2765806456,38405,3463622.57,1.45859032,90.18676137
2020-06-26,43.1034481,65328370.28,36972,78433,8.98013241,2815878018,37300,3822030.604,1.47692663,102.4673084
2020-06-27,41.07163115,65335470.26,33141,71256,7.98281624,2683434335,33864,3623354.324,1.5418064,106.9972338
2020-06-28,41.31495071,65343470.26,32181,69003,7.64884168,2699662253,32662,2174068.64,1.39899044,66.56263058
2020-06-29,41.88998957,65351570.25,32413,69634,8.29935558,2737576596,33161,2201664.059,1.38438665,66.39317448
2020-06-30,41.23007486,65359357.75,31985,90608,9.12374036,2694771213,32651,2556948.809,1.30498312,78.31150068
2020-07-01,41.80265854,65366332.74,32207,71103,8.05258169,2732486488,32792,4734423.78,1.17576824,144.3774024
2020-07-02,41.02554449,65373857.74,33343,72285,8.79392737,2681998109,33975,2155297.701,1.34853474,63.43775425
2020-07-03,41.13512222,65380945.24,34328,72643,8.62174936,2689453173,34838,1946927.34,1.35201539,55.88516389
2020-07-04,42.04156977,65388432.74,32285,67579,8.26144719,2749032357,32865,1832009.46,1.35945825,55.74347967
2020-07-05,41.63041992,65395970.24,30380,65525,7.7586119,2722461702,30912,2532900.405,1.3204362,81.93906588
2020-07-06,44.03313934,65402820.23,33814,75457,9.14665753,2879891497,34491,2204645.915,1.3504356,63.91945479
2020-07-07,43.3350408,65409770.23,34297,93783,9.33504987,2834535061,34817,3128819.385,1.29239872,89.8647036
2020-07-08,45.28867178,65416720.23,37136,81243,10.77562682,2962636371,37736,7833856.565,1.53367498,207.5963686
2020-07-09,44.28046648,65423507.72,36551,78674,10.14708004,2896983441,36888,3142743.741,1.46975137,85.19691338
2020-07-10,44.30818949,65430857.71,35395,78934,8.71377715,2899122842,36044,2430833.673,1.38590978,67.44073001
2020-07-11,44.66539687,65438420.21,32874,72497,8.18420584,2922833009,33431,1707306.547,1.20565343,51.06956259
2020-07-12,44.67074931,65446832.71,32950,85037,9.59233252,2923559057,33574,2074722.008,1.19318501,61.79549675
2020-07-13,43.86066698,65454395.2,35812,78284,9.8735134,2870873430,36640,4088015.213,1.49999752,111.5724676
2020-07-14,43.92630816,65461695.19,36879,101462,10.85636769,2875490596,37498,2738057.511,1.22433772,73.01876129
2020-07-15,43.29664287,65468745.19,36837,85518,10.53985149,2834576880,37433,3122204.647,1.34327942,83.40781255
2020-07-16,42.04532905,65475995.19,38271,82802,10.43447248,2752959763,38719,5665435.531,1.37165725,146.3218454
2020-07-17,41.90829591,65482957.69,38144,83231,9.59383609,2744279168,38520,5137879.377,1.31338548,133.382123
2020-07-18,42.48787108,65490170.18,37432,77739,8.27548235,2782537908,38202,2346346.065,1.24202102,61.41945618
2020-07-19,42.71186792,65497020.18,35103,77568,8.63754314,2797500075,35633,2268619.724,1.4528845,63.66625666
2020-07-20,42.00426075,65504732.68,36860,79376,9.4584289,2751477872,37491,2710255.657,1.34918344,72.29083398
2020-07-21,43.70889652,65512082.68,36396,97125,10.27743031,2863460842,36950,4721905.141,1.26272771,127.7917494
2020-07-22,45.05088835,65519170.18,36944,83459,10.84952772,2951696820,37446,3243333.185,1.22073254,86.61360853
2020-07-23,44.9843897,65526445.18,38922,86368,10.73732316,2947667145,39555,4928885.125,1.30777645,124.6083965
2020-07-24,44.21560464,65533620.18,38923,82911,11.38381744,2897608640,39594,4445339.404,1.19053452,112.2730566
2020-07-25,49.13608058,65540545.18,42139,94634,12.98465832,3220405509,42503,6884911.155,1.24082156,161.9864752
2020-07-26,48.09511973,65547845.17,40209,88890,11.50121462,3152531462,40911,4485832.669,1.21207944,109.6485705
2020-07-27,53.60723512,65555307.67,45811,100281,14.58307759,3514238792,46305,6565236.529,1.46212371,141.7824539
2020-07-28,56.00474132,65562632.67,47557,125833,16.19096612,3671818283,48181,8929268.21,1.29153493,185.3275816
2020-07-29,55.31949647,65569895.17,46613,106900,10.86124969,3627293584,47209,4378990.643,1.31861612,92.75753866
2020-07-30,57.10041722,65577582.67,46493,113476,11.70332093,3744507331,47112,6134926.72,1.42354306,130.2200441
2020-07-31,58.13827564,65584670.17,45401,113536,12.17491546,3812979632,45808,7585261.608,1.32960535,165.588142
2020-08-01,61.69111623,65592145.17,37387,97487,12.02674921,4046452651,38241,5115942.145,1.02263963,133.7815995
2020-08-02,56.79553508,65599695.17,35668,99167,12.43428239,3725769788,36092,7586931.63,1.13398518,210.2108952
2020-08-03,58.41001105,65606820.17,41603,120324,13.06168378,3832095091,42395,7391283.58,1.2521589,174.3432853
2020-08-04,57.65707174,65613970.16,44448,124685,11.39159725,3783109385,44739,4118437.741,1.2687587,92.05475627
2020-08-05,58.86859677,65620695.16,49069,113522,11.09349785,3862998243,49600,3834919.071,1.18906466,77.31691675
2020-08-06,59.1405862,65626982.65,47474,115114,10.89589956,3881218224,48174,5397095.565,1.20419059,112.03337
2020-08-07,57.26508863,65633270.15,46850,109579,10.93963744,3758495032,47165,4659355.386,1.12966136,98.7884106
2020-08-08,58.01431976,65640082.65,45955,106625,9.88148863,3808064744,46414,4971563.246,1.20240266,107.1134409
2020-08-09,56.90114912,65648057.65,44173,104275,9.89298723,3735449918,45195,3805303.605,1.0537528,84.19744672
2020-08-10,58.29353516,65655932.65,45891,110908,10.47349777,3827316418,46322,4993036.382,1.12997593,107.789741
2020-08-11,54.19260383,65663195.15,49562,124730,12.37326612,3558459521,50017,8432890.595,1.2523547,168.6004877
2020-08-12,54.51874382,65669857.64,41738,94387,11.27020222,3580238145,42443,6942698.012,1.00999292,163.5769859
2020-08-13,57.13133964,65677170.14,54421,114025,12.07616687,3752224714,55106,3933374.066,0.89496396,71.37832659
2020-08-14,56.78163842,65684682.64,52136,110199,10.7849103,3729683900,52543,4632104.148,0.86376403,88.15834932
2020-08-15,59.90680573,65692195.14,49122,101757,11.50636519,3935409572,49779,5155411.787,0.99999641,103.5659974
2020-08-16,63.87357096,65699257.64,49831,108235,11.78421399,4196446195,50528,7360419.391,0.99142272,145.6701115
2020-08-17,67.35403641,65705632.64,45216,109657,15.76025468,4425539573,45603,10415027.7,1.17896605,228.3847049
2020-08-18,65.73258106,65711620.14,49495,144741,16.43654285,4319394397,49777,7545389.849,1.10749467,151.583861
2020-08-19,61.86795511,65718282.64,49462,159530,13.8193382,4065855760,50220,9820093.048,1.29452947,195.5414785
2020-08-20,62.8223143,65725632.64,57772,114452,10.69917755,4129036351,57933,4843461.313,0.60136243,83.60453131
2020-08-21,59.1888849,65732845.14,41411,103507,11.09038929,3890653805,42553,5062346.901,1.18443652,118.9656875
2020-08-22,60.37500639,65740482.63,38666,97316,9.73727555,3969082059,39150,3268041.865,0.98803642,83.47488799
2020-08-23,60.70249222,65748107.63,37893,90705,9.33288351,3991073992,38493,3435923.879,0.90680553,89.26100535
2020-08-24,62.28852249,65755207.62,39629,96941,9.99231458,4095794729,40205,3917480.509,0.96047171,97.43764479
2020-08-25,58.50956122,65762345.12,41967,120074,10.85743321,3847725958,42701,5457886.085,0.96680314,127.8163529
2020-08-26,58.26607308,65769345.12,38887,98949,9.65037612,3832121469,39430,7593967.257,1.14991194,192.5936408
2020-08-27,55.96509239,65777007.62,39155,102266,9.42915441,3681216308,39573,4184062.482,1.0690449,105.7302323
2020-08-28,57.22693417,65784420.12,39976,100435,9.50938499,3764640679,40775,4851529.051,1.0416504,118.982932
2020-08-29,57.1547427,65791320.12,39170,95211,8.73294162,3760285973,39679,3022540.374,0.9999973,76.17481222
2020-08-30,62.63987363,65798370.11,37357,97744,9.77616283,4121601589,37563,4145351.084,0.99380893,110.3572953
2020-08-31,61.11343637,65806020.11,42109,103694,11.31740653,4021632022,42962,5068827.795,1.13436842,117.9839811
2020-09-01,63.06990947,65813495.1,44622,132371,13.53353382,4150851178,45159,4971266.764,1.12590876,110.0836326
2020-09-02,58.18986408,65820995.1,43743,112337,12.25970346,3830114758,44535,6500920.006,1.23993228,145.9732796
2020-09-03,48.49240401,65828582.6,43470,120826,13.31970787,3192186223,43778,8789381.75,1.1209544,200.7716604
2020-09-04,50.51173142,65836157.6,47343,124450,12.83881925,3325498311,48091,14829575.7,1.2753503,308.3648854
2020-09-05,47.38941016,65843120.09,41501,109389,10.12359471,3120266624,42066,6671193.668,1.31679571,158.5887336
2020-09-06,47.89901226,65850507.59,39021,101408,9.60175058,3154174271,39601,4086546.163,1.11385574,103.1930043
2020-09-07,48.7816991,65857807.59,39822,108457,10.60969112,3212655753,40494,6233115.581,1.55708807,153.9268924
2020-09-08,47.2938047,65865907.59,41584,128759,10.19366212,3115049370,42208,4215148.816,1.21104999,99.86611108
2020-09-09,47.86154065,65873620.09,42910,111951,10.29936033,3152812946,43488,3500660.712,1.42345268,80.497165
2020-09-10,48.60056736,65880757.59,43556,114528,10.37740013,3201842197,44067,3761034.153,1.25167955,85.34808706
2020-09-11,49.03331056,65888482.58,44256,112912,9.88614646,3230730429,44861,3234291.158,1.06868611,72.09583286
2020-09-12,50.78475594,65895270.08,41395,110702,10.5110591,3346475208,42053,2409717.439,1.19597018,57.30191517
2020-09-13,48.04832516,65902370.08,31228,103814,9.3660088,3166498506,31780,3843221.371,1.1717664,120.9320759
2020-09-14,48.91368236,65909645.08,34981,112052,9.6226214,3223883444,35575,3342389.686,1.20126372,93.95332919
2020-09-15,48.28900971,65916807.57,40340,131686,10.6708001,3183057361,40769,2969388.807,0.8414231,72.83447733
2020-09-16,47.8747962,65923745.07,57714,120351,11.08251399,3156085860,57949,2878496.727,0.40664035,49.67293184
2020-09-17,48.90774614,65931182.56,84746,115013,10.01187802,3224545539,85284,2435785.198,0.16549293,28.56086954
2020-09-18,48.29444715,65937982.56,95077,123166,11.03225624,3184438414,95871,3804904.644,0.09355821,39.68775379
2020-09-19,48.52163087,65945682.56,113174,126905,9.78729894,3199792066,112775,2588347.449,0.04654961,22.95142938
2020-09-20,47.07460787,65952832.56,114598,104245,9.14810949,3104703731,115094,2743350.485,0.0457121,23.83573848
2020-09-21,43.33120862,65959695.06,128793,114118,11.21199429,2858113307,130113,4565683.373,0.03129129,35.09013989
2020-09-22,44.38018302,65966670.06,139511,139730,10.17764688,2927612890,139684,5144168.4,0.02295627,36.82718421
2020-09-23,42.96962892,65973632.55,154983,108002,9.32320725,2834862510,155583,3253488.636,0.01662875,20.91159468
2020-09-24,44.92491703,65981232.55,165763,116200,10.41932994,2964201398,166383,2655458.006,0.0169158,15.9599118
2020-09-25,45.97056515,65988595.05,163985,113409,9.95217547,3033533008,163757,3206906.372,0.01667873,19.5833239
2020-09-26,46.09259792,65996270.05,161920,109532,10.11653955,3041939540,163219,2276257.352,0.01634786,13.94603172
2020-09-27,45.92819989,66003770.05,157340,99560,8.90488971,3031434344,157417,2159882.125,0.01414321,13.72076792
2020-09-28,45.3229358,66011445.05,155772,106856,10.10672381,2991832486,157120,2511484.868,0.01339665,15.98450145
2020-09-29,45.66897649,66018432.54,145596,124951,10.63926422,3014994244,146416,2832671.23,0.01231484,19.3467328
2020-09-30,46.27615598,66025257.54,137301,104785,9.71612387,3055395116,137096,2985999.815,0.01383596,21.78035693
2020-10-01,46.16848568,66031832.54,128037,108484,10.56086495,3048589715,129249,2649463.808,0.01588871,20.49891146
2020-10-02,44.90690227,66038320.04,127351,112531,10.16173817,2965576384,127656,3081453.38,0.01565467,24.13872735
2020-10-03,45.63167745,66044970.03,114959,105234,8.6646587,3013742770,115253,2571187.844,0.01609004,22.30907519
2020-10-04,46.70341914,66051807.53,109825,105629,9.1569055,3084845252,110363,2011471.256,0.01998583,18.22595666
2020-10-05,46.30960694,66058357.52,112668,110077,9.69489638,3059136572,112924,3436294.001,0.02438965,30.43014771
2020-10-06,45.90053945,66065157.52,111898,126282,10.1307222,3032426369,113318,2603196.835,0.02167975,22.97249188
2020-10-07,46.57615518,66072857.52,113225,103342,10.36452897,3077419665,113721,3269823.516,0.0189944,28.75303167
2020-10-08,47.16164006,66080595.01,106119,95712,9.0800418,3116469237,106514,2572056.999,0.01700913,24.14759561
2020-10-09,47.84763276,66088070.01,97896,100340,9.90975724,3162157704,98621,3382842.433,0.0289546,34.3014412
2020-10-10,48.81468122,66095357.51,98005,101815,10.29175818,3226423807,98880,5174763.084,0.02760508,52.33376904
2020-10-11,50.63299641,66103070.01,90666,103100,9.02431858,3346996506,90994,1908651.305,0.0332388,20.97557317
2020-10-12,50.67533373,66110370.01,94897,108093,11.32241498,3350165063,95632,4827886.573,0.02364855,50.48400716
2020-10-13,49.92348478,66117320.01,91944,124937,10.60223869,3300807019,92373,2783359.23,0.03430364,30.13174012
2020-10-14,49.78121458,66124420.01,88240,108980,10.92687381,3291753941,89173,3153913.788,0.0421928,35.36848359
2020-10-15,49.51018291,66131632.51,119280,111378,10.0404808,3274189221,119953,2309730.773,0.01122673,19.25529809
2020-10-16,47.65157921,66138332.51,104176,117476,10.09015264,3151595990,104411,3922286.075,0.02844532,37.5658319
2020-10-17,46.88721926,66144845.01,94236,106051,9.12176287,3101347851,94856,2054412.077,0.02359586,21.65821958
2020-10-18,47.51535268,66151545,93736,102444,8.23643703,3143213991,94300,1810758.838,0.02307859,19.20210857
2020-10-19,48.02628952,66158594.99,96216,109201,9.82701006,3177351838,96819,2477541.015,0.03823424,25.58940926
2020-10-20,46.93958746,66166007.49,104556,133020,12.57132578,3105805095,104688,2557441.901,0.04499574,24.42917909
2020-10-21,53.22007727,66173219.98,112224,127644,12.55549328,3521743881,112868,5062274.804,0.05599952,44.85128472
2020-10-22,54.41721732,66179919.98,101849,124027,12.28816865,3601327088,102589,4591844.053,0.03761354,44.75961412
2020-10-23,55.48940416,66186694.97,101781,117189,11.27190202,3672660267,101502,4136128.4,0.04144366,40.74923055
2020-10-24,59.0647856,66193632.47,100482,113717,9.97484417,3909712709,101366,2927751.104,0.05442584,28.88296967
2020-10-25,58.83571688,66199944.96,95280,146196,9.65674744,3894921219,96121,3124348.508,0.02512621,32.50432796
2020-10-26,57.05496801,66205782.46,95327,139903,10.03907959,3777368800,95758,4108189.628,0.0305502,42.90179021
2020-10-27,58.00079047,66211144.96,92554,145523,12.23947449,3840298745,90711,5052118.78,0.04229016,55.69466525
2020-10-28,55.83566218,66216319.96,84366,119030,11.68394942,3697232072,86795,4213901.339,0.03616273,48.55004711
2020-10-29,54.93396982,66222282.46,86521,122327,11.49217265,3637852866,87874,3772436.83,0.02093996,42.93006838
2020-10-30,54.10149079,66229369.95,99133,120619,12.28425557,3583107649,99215,4609557.735,0.02837601,46.46029063
2020-10-31,55.82674338,66235369.95,89807,119466,11.2581234,3697705001,90225,6149918.199,0.03567846,68.16201938
2020-11-01,55.53928033,66241969.95,88211,115997,9.48249476,3679031338,88778,2492452.396,0.02234654,28.07511316
2020-11-02,53.94529726,66249632.44,91637,131942,12.30926705,3573856115,92704,7271653.336,0.02928207,78.43947764
2020-11-03,53.91955339,66257157.44,93958,156378,12.71651735,3572556338,94149,4978092.888,0.02887386,52.87462308
2020-11-04,54.73757038,66265044.94,84740,123967,12.59560402,3627187561,85357,5815201.643,0.03553848,68.12799937
2020-11-05,59.16425179,66272319.94,87753,131358,14.75876964,3920952223,88186,7318956.031,0.04929069,82.99453463
2020-11-06,63.16746587,66279832.43,86926,125067,14.20133313,4186729053,88078,5413712.547,0.07548292,61.46498044
2020-11-07,59.10945461,66287232.43,82569,91787,11.46376585,3918202157,83073,4727927.099,0.04563903,56.91292115
2020-11-08,61.11903402,66294682.43,75356,86185,9.52441693,4051866951,75248,2756351.319,0.05717398,36.63022696
2020-11-09,59.16100458,66302107.42,80092,93999,12.68309647,3922499281,80912,4311246.638,0.06893203,53.283155
2020-11-10,58.04656104,66308882.42,80634,116056,12.01731065,3849002591,81127,4902618.52,0.05623175,60.43140409
2020-11-11,59.42831867,66316169.92,76013,99719,11.57787208,3941058479,77313,3765231.41,0.05525886,48.70114223
2020-11-12,60.04520238,66323244.92,79679,99969,11.84116879,3982392663,80287,3601110.287,0.04388559,44.85296856
2020-11-13,65.67979464,66330107.42,82977,108314,14.11642905,4356547834,83023,7396118.179,0.11150539,89.08517132
2020-11-14,63.83789284,66336932.42,75404,93659,10.8391636,4234809983,75996,4165609.581,0.08283325,54.8135373
2020-11-15,62.4083443,66344419.92,74082,93484,9.92537481,4140445401,74970,2927852.477,0.0687102,39.05365448
2020-11-16,73.77460911,66351694.91,81749,109856,15.06379386,4895070356,82234,9938103.852,0.1038114,120.8515195
2020-11-17,76.42241389,66358594.91,79243,125021,15.19319552,5071284005,79881,8567263.539,0.12565403,107.2503291
2020-11-18,73.74416978,66366032.41,75083,109261,14.72155916,4894107961,75626,5039893.785,0.15217954,66.64234238
2020-11-19,81.41549879,66373732.39,77002,108914,13.910548,5403850529,77420,8718504.551,0.13514839,112.6130787
2020-11-20,82.69966697,66380707.39,76486,110812,13.87663805,5489662394,77052,7828776.063,0.13244588,101.6038008
2020-11-21,86.4671113,66388369.89,72118,112817,14.16655197,5740410568,72856,8874047.788,0.14754067,121.8025665
2020-11-22,83.55139806,66396857.37,69719,107792,12.39009625,5547550260,70141,6190628.206,0.13242379,88.2597654
2020-11-23,88.38376701,66404944.87,72181,180489,14.64774645,5869119175,73247,8204439.244,0.18159816,112.010584
2020-11-24,89.26856936,66412694.87,75889,140420,15.73302632,5928566258,76331,6959105.08,0.215551,91.17010231
2020-11-25,81.74369375,66419882.37,66797,114051,14.31672742,5429406523,66733,4805184.113,0.22092878,72.00611561
2020-11-26,70.60305745,66426682.36,65275,112735,14.48532556,4689926871,66567,7533887.974,0.2543923,113.17752
2020-11-27,69.06570246,66433532.36,63073,105477,12.0085022,4588278579,63350,7435853.168,0.24570811,117.3773192
2020-11-28,72.9339317,66440357.35,58396,92296,10.39907711,4845756485,59209,9934720.877,0.22074509,167.7907223
2020-11-29,79.18870821,66447832.35,59277,94234,9.28101152,5261918007,59930,7489566.593,0.18498638,124.9719104
2020-11-30,87.93967442,66454857.35,60786,112123,12.82188343,5844018518,61285,7679467.84,0.32425208,125.3074625
2020-12-01,85.29460975,66462807.34,65981,209809,17.04331516,5668919215,66636,8036259.34,0.3079537,120.5993658
2020-12-02,89.06630397,66470394.84,57909,106953,11.13634321,5920272392,58645,5419880.531,0.28816039,92.41845905
2020-12-03,89.0761762,66477882.34,62791,110137,11.18517968,5921595561,63130,6270470.923,0.2233284,99.32632541
2020-12-04,80.29887168,66485344.84,59106,104262,11.88586907,5338698174,59911,6460029.104,0.24382725,107.8270952
2020-12-05,82.68507958,66492857.34,54675,96191,9.19617092,5497967201,55235,4893832.171,0.2445587,88.60020223
2020-12-06,83.62286622,66500144.83,55288,90704,9.21230754,5560932715,55870,3920760.039,0.1015421,70.1764818
2020-12-07,83.55111637,66507494.83,56087,106432,25.82631887,5556775440,56754,4954719.4,0.29944011,87.30167741
2020-12-08,76.81900018,66514407.31,56678,119139,11.27190953,5109570267,56669,7232250.197,0.28886921,127.6226896
2020-12-09,77.62444148,66522019.81,55152,105150,11.16267115,5163734634,56422,10274187.67,0.34955826,182.095418
2020-12-10,74.99995799,66529532.31,55979,103143,10.10225465,4989712128,56559,5319624.99,0.2565052,94.05443855
2020-12-11,72.14385509,66536419.81,56655,104601,10.69329628,4800193829,56872,7158787.957,0.35351474,125.8754388
2020-12-12,76.73464796,66543194.8,49234,95080,10.15787933,5106168628,49990,5489383.463,0.45720886,109.8096312
2020-12-13,82.12797377,66551057.3,58226,92819,10.31695251,5465703488,58933,8437638.933,0.25048574,143.1734161
2020-12-14,82.31591899,66558682.3,57992,108088,9.61951785,5478839101,58151,6609904.338,0.31222597,113.6679393
2020-12-15,81.38462488,66565594.8,51480,115878,10.42101534,5417415963,52497,6729969.613,0.29880996,128.1972229
2020-12-16,92.50838349,66573007.3,59318,133638,15.98672733,6158561290,59282,10162935.89,0.39717066,171.4337555
2020-12-17,101.6132866,66580544.8,71574,141902,20.97862016,6765467981,72554,11087551.96,0.39904856,152.8179282
2020-12-18,108.6145341,66587119.8,59471,122401,16.50813261,7232328995,60182,9935926.105,0.50634882,165.0979712
2020-12-19,120.3925906,66594307.3,59884,117954,14.36208207,8017461174,60586,13973760.6,0.44726175,230.6433928
2020-12-20,114.8526409,66601807.28,56845,113378,13.85453393,7649393453,57177,12134723.86,0.35716391,212.2308596
2020-12-21,105.5091885,66608532.28,54618,116607,14.38603248,7027812186,55442,13516464.2,0.40966354,243.7946718
2020-12-22,113.5000411,66615632.28,56055,129771,13.69901802,7560877004,56523,15519278.01,0.44177235,274.5657168
2020-12-23,103.4259468,66623157.28,61522,120746,14.19430882,6890563121,61919,19225572.07,0.44993234,310.4955194
2020-12-24,111.0185433,66631032.28,57913,109159,12.25989094,7397280145,58738,11726619.59,0.2901057,199.6428137
2020-12-25,127.1844459,66639194.78,54248,110413,13.73658216,8475469064,54847,12150947.17,0.35527902,221.5426034
2020-12-26,129.6208879,66646757.28,61146,121240,15.31774293,8638811855,61712,11213187.3,0.37973746,181.7018943
2020-12-27,128.6274605,66653844.78,59379,148985,16.22362037,8573514787,59936,11962800.23,0.45390365,199.5929029
2020-12-28,130.253567,66661107.28,60559,129635,15.34920062,8682847001,60869,11754443.35,0.39001027,193.1105053
2020-12-29,128.3139664,66668294.75,64009,138645,14.55696082,8554473335,64822,16696193.41,0.41915324,257.5698592
2020-12-30,128.6747219,66675232.21,58617,128333,14.31561038,8579416962,59286,8374638.635,0.39741476,141.2582842
2020-12-31,124.822577,66682557.19,60065,119271,12.54646204,8323488632,60404,12197261.21,0.33835183,201.9280381
2021-01-01,126.1670192,66689732.17,52867,112007,11.25643975,8414044718,53677,7478259.408,0.38599599,139.3196231
2021-01-02,137.2867989,66696994.64,67196,132254,15.75712651,9156616893,67451,9722350.385,0.34015662,144.1394551
2021-01-03,160.9739671,66704532.13,71801,147229,18.55504831,1.073769316e+10,72422,19639605.58,0.47393243,271.1828668
2021-01-04,154.3079633,66712294.62,69210,150487,19.30470741,1.029423831e+10,70028,11744117.2,0.74531742,167.7060205
2021-01-05,159.0859104,66719694.6,62987,158057,17.21987909,1.061416336e+10,63712,11631386.9,0.60165817,182.561949
2021-01-06,168.4027596,66727207.09,69126,190069,20.9707965,1.123704582e+10,69336,8294508.013,0.45795131,119.627726
2021-01-07,168.9463581,66734519.58,66280,168691,25.69790746,1.127455404e+10,67035,20299286.18,0.87304043,302.816233
2021-01-08,173.118361,66742232.08,66621,162650,20.15691438,1.155430583e+10,67015,19892797.71,0.68163506,296.8409716
2021-01-09,177.3868244,66750044.58,62270,153409,18.57458456,1.184057843e+10,63273,22787374.51,0.47028757,360.1437345
2021-01-10,170.8843659,66757657.06,60374,141190,19.16108994,1.14078399e+10,61143,21237096.32,0.57065498,347.3348759
2021-01-11,138.6161167,66765419.56,67809,175244,22.44658295,9254763187,67746,23020599.16,0.75649763,339.8075039
2021-01-12,132.0747689,66772507.06,58939,163911,16.67360989,8818963442,59813,21880731.53,0.49889864,365.8189947
2021-01-13,146.9517587,66779657.04,57520,136980,13.76540839,9813388045,58365,14398728.07,0.46927738,246.7014147
2021-01-14,151.4146848,66786957.02,58483,145831,18.20170659,1.011252604e+10,58940,8203568.952,0.56186452,139.1850857
2021-01-15,144.0855065,66793919.51,55213,146953,15.09047428,9624035724,55384,8720768.573,0.62596442,157.460071
2021-01-16,144.1910692,66801419.5,56139,144129,12.71334752,9632168100,56828,7517473.55,0.45096286,132.2846757
2021-01-17,143.355445,66808756.99,52162,129473,11.15761547,9577399090,52967,7387740.437,0.39702656,139.4781739
2021-01-18,151.4220413,66815994.49,57305,146008,14.25760941,1.011741428e+10,58016,14777393.43,0.44465944,254.7123798
2021-01-19,155.1824409,66822869.48,63040,165344,16.06504028,1.0369736e+10,63488,12271297.46,0.5187487,193.2853052
2021-01-20,149.5593384,66830131.98,76883,157824,15.94977397,9995070323,77636,16527076.84,0.43273797,212.879036
2021-01-21,131.225301,66837019.47,66828,155743,15.17870196,8770707999,66954,12194922.47,0.54159364,182.1388187
2021-01-22,137.8878215,66843894.47,60435,140692,12.49916849,9216958989,61041,9348104.927,0.40153238,153.1446884
2021-01-23,137.6643121,66851431.97,62172,140937,11.23301244,9203056394,62745,6575153.453,0.25290012,104.7916719
2021-01-24,140.7648649,66858719.46,59530,138869,10.89299989,9411358614,60272,8315075.821,0.22856243,137.9591821
2021-01-25,137.3928444,66866494.46,65976,158930,13.29028964,9186977870,66877,11731014.24,0.26245418,175.4117894
2021-01-26,135.2631862,66873681.95,61777,162545,11.32730727,9045547294,62219,17571113.86,0.24541603,282.407526
2021-01-27,122.7836671,66880581.95,69922,163231,12.03768114,8211843106,70616,32180504.21,0.20906053,455.7112299
2021-01-28,134.3523036,66887394.45,70683,166268,13.78402209,8986475527,70187,19219386.7,0.28305459,273.8311469
2021-01-29,134.9040358,66894119.44,85377,196500,20.16472947,9024286684,86269,20090718.02,0.51586085,232.884559
2021-01-30,133.474925,66901219.43,78184,176044,14.98857962,8929635247,79212,21010403.38,0.28739587,265.2426827
2021-01-31,129.7796758,66908931.93,76018,169771,13.94409394,8683419493,76448,13978049.7,0.2115477,182.8438899
2021-02-01,132.619335,66916831.93,80771,179811,17.16192309,8874465749,80714,15552754.03,0.33202853,192.6896701
2021-02-02,143.0724565,66923806.91,79568,198821,17.29094574,9574953456,80580,16237614.06,0.31250016,201.5092338
2021-02-03,155.801697,66930744.41,85838,195234,17.15037753,1.042792356e+10,86507,16307274.81,0.23954134,188.5081532
2021-02-04,146.6200942,66937731.9,78533,200972,17.9985612,9814416554,79534,17644944.67,0.39408086,221.8541086
2021-02-05,154.4475221,66945006.9,81701,219900,16.81139876,1.033949043e+10,81808,15152319.49,0.36154683,185.2180653
2021-02-06,155.7928488,66951956.88,80741,175399,16.24771484,1.043063609e+10,81442,16130336.42,0.29907239,198.0591883
2021-02-07,151.5273313,66959406.88,70907,179413,15.5875797,1.014618023e+10,71885,14967854.59,0.38610052,208.219442
2021-02-08,167.3252272,66966769.37,81409,203157,19.1556529,1.12052299e+10,81873,10386862.25,0.37346743,126.8655387
2021-02-09,179.7361556,66974081.87,90468,233030,23.85305458,1.2037664e+10,90356,11574163,0.3989822,128.0951237
2021-02-10,182.3674144,66981269.35,99441,221775,22.26843077,1.22152009e+10,99638,14503407.73,0.26675651,145.5610081
2021-02-11,185.4973425,66987981.85,83851,213418,19.14349817,1.242609261e+10,85117,8666977.552,0.34672256,101.8242836
2021-02-12,198.1269576,66995319.34,89113,212887,19.87018758,1.32735788e+10,89878,10113395.55,0.34462713,112.5235937
2021-02-13,226.905993,67002831.84,93543,226315,20.66658336,1.520334409e+10,93908,18309719.57,0.35145928,194.9750774
2021-02-14,215.7595843,67010169.33,87155,207903,18.31735948,1.445808628e+10,88179,16474313.01,0.19015621,186.8280771
2021-02-15,209.5329948,67017156.83,86822,208896,18.84828847,1.404230557e+10,87202,14638236.77,0.25308621,167.8658376
2021-02-16,209.5971798,67024231.83,87226,209246,19.81230814,1.404808997e+10,87637,8217456.013,0.19994089,93.76697071
2021-02-17,235.8709271,67031356.83,98549,232206,19.87216294,1.581074828e+10,99308,16903008.36,0.19578658,170.2079224
2021-02-18,226.5844449,67038694.33,99100,265855,20.14126166,1.518992534e+10,99826,39794463.03,0.1733976,398.6382609
2021-02-19,237.3110401,67046356.82,102034,277266,19.78137337,1.591084067e+10,102383,28281816.42,0.19003394,276.2354729
2021-02-20,226.4075811,67053131.81,103692,247241,20.2904571,1.518133738e+10,102543,25676924.98,0.2381569,250.4015387
2021-02-21,227.2745732,67059569.31,87662,214535,16.69565629,1.5240935e+10,90061,34290077.41,0.21002873,380.7428011
2021-02-22,206.4086842,67066931.81,104159,242674,19.4940102,1.384319715e+10,104085,36896723.81,0.22148343,354.486466
2021-02-23,175.4306422,67074031.81,101224,245943,18.36653887,1.176684047e+10,102636,33344191.8,0.26680669,324.8781305
2021-02-24,180.6220486,67080869.3,106788,230539,17.23132875,1.211628403e+10,106788,22916981.63,0.13275894,214.6025924
2021-02-25,182.6274543,67087881.79,100962,231893,16.90315658,1.225208906e+10,100915,14674534.75,0.19538133,145.4148021
2021-02-26,170.0810587,67095244.29,114390,246935,16.99951893,1.141163018e+10,115570,13125215.92,0.14779872,113.5694031
2021-02-27,170.8579285,67102556.78,105215,219280,15.49531126,1.146500385e+10,105807,9071866.575,0.10627658,85.739758
2021-02-28,165.9530985,67110181.78,94858,209176,14.85020373,1.113714261e+10,95344,25532023.63,0.14160977,267.7884673
2021-03-01,175.664685,67117619.28,102511,249888,18.05533544,1.179019545e+10,102199,22922932.7,0.1344784,224.2970352
2021-03-02,177.4677027,67125019.28,100826,246596,16.25582336,1.191252296e+10,102551,15355010,0.15655955,149.7304756
2021-03-03,189.7002244,67131894.28,117850,239454,16.72286315,1.273493541e+10,118299,13333951.71,0.09376321,112.713985
2021-03-04,180.8370288,67138419.26,100102,242203,17.43726508,1.214111226e+10,100061,13029903.1,0.15368669,130.2195971
2021-03-05,180.233423,67145519.25,95455,232928,16.63012186,1.210186677e+10,95935,14648339.59,0.2230197,152.6902547
2021-03-06,183.2166308,67153381.75,95476,222546,13.88820868,1.230361635e+10,97300,8528771.745,0.152201,87.65438586
2021-03-07,190.4421758,67161056.74,91030,225131,14.19974517,1.279029777e+10,91169,9428763.972,0.20034828,103.4207238
2021-03-08,191.0945052,67168631.74,96533,251519,15.98510509,1.283555645e+10,96245,11231942.56,0.20952282,116.7015696
2021-03-09,203.4741496,67175881.73,106372,259641,18.70578006,1.366855541e+10,108289,9144165.274,0.16398983,84.44223581
2021-03-10,200.9970137,67182806.73,115229,239110,17.93005943,1.350354352e+10,115606,11866226.74,0.11252011,102.6436927
2021-03-11,201.4816121,67189594.22,97382,245957,18.27553616,1.353746776e+10,97802,9797289.377,0.27946032,100.1747344
2021-03-12,220.8698971,67195831.71,106672,307815,22.53617868,1.484153644e+10,106244,11934537.19,0.35512238,112.3313993
2021-03-13,226.9987062,67202869.2,109637,291091,20.38463933,1.525496436e+10,111233,8060367.147,0.22491347,72.46381151
2021-03-14,217.781338,67210581.7,101038,277172,18.1367124,1.463721041e+10,100982,7667519.587,0.22396956,75.92956751
2021-03-15,202.3370361,67218306.69,107837,313478,18.60141312,1.360075295e+10,108798,10896678.04,0.20157502,100.1551319
2021-03-16,200.2705899,67225569.19,111464,331906,18.43627434,1.346330439e+10,111818,9372806.172,0.19431729,83.82198011
2021-03-17,205.654085,67232431.67,132017,292890,19.2405902,1.382662422e+10,131185,10920608.84,0.08711842,83.24586529
2021-03-18,200.193663,67239231.67,113122,330316,18.72079407,1.346086808e+10,114949,9908762.498,0.24188236,86.20138059
2021-03-19,200.0684162,67246306.66,115642,323873,18.51956636,1.345386207e+10,115723,10807292.33,0.19996206,93.38932043
2021-03-20,200.338035,67253469.15,104584,291449,16.36000793,1.347342786e+10,106151,8043180.548,0.15077872,75.77112365
2021-03-21,195.6931908,67261144.14,109583,301088,16.43771104,1.316254792e+10,109535,15067611.43,0.18764442,137.5597885
2021-03-22,186.8626764,67268756.63,106043,317749,18.37043204,1.25700199e+10,107180,10963562.19,0.23933157,102.2911195
2021-03-23,186.5428792,67275669.13,108584,336016,19.84428622,1.254979702e+10,108616,12106450.1,0.17057087,111.4610195
2021-03-24,177.2479722,67282194.12,126575,316562,19.43849772,1.192563248e+10,127106,12657356.64,0.10116409,99.58111058
2021-03-25,172.043508,67289244.11,110218,321414,16.12702151,1.157667761e+10,111034,12253773.22,0.16177588,110.3605492
2021-03-26,183.1344368,67295706.6,109371,254162,15.90488808,1.232416133e+10,109337,11729256.73,0.20809005,107.2761895
2021-03-27,184.3638244,67302569.09,113357,316067,15.51588049,1.240815903e+10,115062,5811121.761,0.12255292,50.50426518
2021-03-28,183.84921,67310506.59,116157,317537,15.48233608,1.237498346e+10,115820,4603790.692,0.10871225,39.7495311
2021-03-29,193.710867,67317919.08,112728,346245,19.36290857,1.304021247e+10,113791,7322078.651,0.18301666,64.3467291
2021-03-30,195.6831375,67325444.08,111019,335398,18.94075672,1.317445413e+10,111202,27475861.84,0.23000837,247.0806446
2021-03-31,196.9314024,67332419.07,118694,220213,19.51203878,1.325986771e+10,119803,26718779.58,0.19853226,223.0226253
2021-04-01,202.6666128,67339156.57,111825,226364,19.22290151,1.364739877e+10,112502,25775934.93,0.27158904,229.1153485
2021-04-02,211.9967743,67346281.56,111243,218112,19.29251323,1.427719445e+10,110461,26289644.94,0.2642154,237.9993386
2021-04-03,197.1811857,67353706.5,110135,207809,17.74273755,1.328088371e+10,110803,26362616.83,0.22250701,237.9233128
2021-04-04,202.713194,67361631.47,95642,184557,15.67672644,1.365509147e+10,97963,26657486.42,0.24463061,272.117906
2021-04-05,219.4883677,67369581.43,110744,246987,21.15909573,1.478683946e+10,110988,26725513.99,0.30027624,240.7964284
2021-04-06,238.0271751,67377131.42,116815,295953,25.62568214,1.603758826e+10,117562,30376013.53,0.3986569,258.3829259
2021-04-07,221.133638,67384281.4,122771,222750,20.57120488,1.490093129e+10,123196,25363479.84,0.17576862,205.8790857
2021-04-08,226.0993469,67391418.88,105312,216349,18.75413332,1.523715579e+10,105575,21402721.23,0.23890595,202.725278
2021-04-09,220.6763996,67398368.84,102885,233232,18.87781173,1.487322938e+10,103819,20464154.6,0.27851234,197.1137711
2021-04-10,250.6774034,67405718.77,111833,240440,20.72679383,1.689709056e+10,112120,25063398.4,0.21891046,223.5408348
2021-04-11,251.1370916,67413318.73,102266,239516,19.54383045,1.69299848e+10,103272,22739919.14,0.29704591,220.1944297
2021-04-12,245.1811753,67421193.71,109980,264551,21.53470735,1.653040752e+10,109076,17946561.59,0.25159643,164.532634
2021-04-13,266.4651229,67428443.65,111996,290980,23.92100715,1.796732853e+10,113639,19704464.61,0.370777,173.3952658
2021-04-14,278.5259882,67435018.59,127146,312419,24.84292825,1.87824052e+10,127270,16469565.15,0.20366234,129.4064992
2021-04-15,287.0257298,67441643.54,113665,281310,21.67185353,1.935748696e+10,114598,13391023.19,0.31359295,116.8521544
2021-04-16,312.2409757,67448168.53,136549,326655,28.87269909,2.106008195e+10,135114,15945141.77,0.39456897,118.0125063
2021-04-17,304.5291035,67455280.96,125237,292224,23.87289051,2.054209624e+10,127686,13863183.27,0.27892871,108.5724611
2021-04-18,274.8034813,67463305.9,117149,281494,22.23793058,1.853915132e+10,117986,13555631.34,0.33265546,114.891863
2021-04-19,262.4677782,67471180.83,125684,338061,23.28266137,1.770901092e+10,124685,15246180.48,0.38122836,122.2775833
2021-04-20,262.8266739,67478280.81,128749,368233,23.49158552,1.773509211e+10,130318,15711347.67,0.52953132,120.5616083
2021-04-21,258.653134,67485343.31,131165,367658,23.05929511,1.745529555e+10,132164,10575827.34,0.26142214,80.02048468
2021-04-22,254.7763259,67492118.31,115001,342076,24.56936729,1.719539393e+10,115221,13661838.45,0.45417213,118.5707332
2021-04-23,240.3087627,67499318.31,116353,325826,23.80151149,1.622067767e+10,117656,14319573.23,0.51258976,121.7071227
2021-04-24,226.9411729,67506443.31,109562,291926,18.88125921,1.531999142e+10,110340,8362736.709,0.30763727,75.79061726
2021-04-25,222.8535885,67514043.31,100730,311413,17.76163007,1.504574682e+10,100683,7242735.797,0.34763402,71.93603485
2021-04-26,245.7348353,67521593.3,105968,273284,20.19320849,1.659240761e+10,107167,10669804.29,0.41860483,99.56240531
2021-04-27,259.5298889,67528780.79,108497,334714,21.96511863,1.752573698e+10,108832,12702676.42,0.4188379,116.7182118
2021-04-28,258.7101812,67536018.29,121534,300749,19.34741983,1.747225553e+10,121535,8916575.98,0.2621701,73.36632229
2021-04-29,255.3352232,67543280.79,114524,320592,19.97442148,1.724617867e+10,115715,8697191.06,0.32307529,75.16044644
2021-04-30,271.6787793,67550405.79,114705,324620,21.56181727,1.835201178e+10,114750,9966935.925,0.39717677,86.8578294
2021-05-01,277.1669599,67558130.78,113846,310024,20.90948089,1.872488173e+10,114731,7029385.389,0.31009043,61.26840512
2021-05-02,268.9625963,67566093.28,98003,300869,19.57855811,1.817275187e+10,99103,6090377.669,0.29997654,61.45502829
2021-05-03,295.2637318,67573855.78,117577,339861,24.37090263,1.995210883e+10,117981,7722984.705,0.35817745,65.45956302
2021-05-04,310.2208972,67581418.28,124552,360561,28.93234452,2.096516821e+10,124937,12369903.08,0.43461168,99.00912526
2021-05-05,354.4875752,67589368.27,144696,380890,29.37983568,2.395959127e+10,144331,11879983.54,0.29790814,82.3106854
2021-05-06,354.6908664,67596905.77,129432,360708,25.50516111,2.397600507e+10,131020,12235049.02,0.35608031,93.38306383
2021-05-07,345.9958862,67604493.23,126521,370830,25.62254881,2.339087655e+10,127395,12202393.54,0.43228881,95.78392826
2021-05-08,345.517022,67611768.23,123587,325230,22.63205581,2.336101681e+10,122729,8153103.899,0.34316108,66.43176347
2021-05-09,385.4736175,67618568.23,116930,239048,23.00669403,2.606517411e+10,118166,7523476.476,0.38631702,63.66870737
2021-05-10,361.7844093,67625730.72,137419,440452,33.19650113,2.446593504e+10,138130,15738856.14,0.49999299,113.9423452
2021-05-11,375.4157351,67632655.72,133259,391273,26.87659513,2.539036316e+10,132898,12741735.05,0.45482859,95.87604816
2021-05-12,322.5685272,67639455.71,134221,358330,25.84295739,2.181835961e+10,135975,12357279.98,0.39635636,90.87905847
2021-05-13,312.0430635,67645955.69,120638,349050,25.32092637,2.110845125e+10,121314,91083228.07,0.57261455,750.8055795
2021-05-14,326.9381244,67653130.68,123789,387134,25.5783597,2.211838765e+10,124150,86476619.71,0.46858366,696.5494942
2021-05-15,301.1212452,67660780.65,119655,353579,22.07054153,2.037409852e+10,120810,9304891.368,0.34870196,77.02087052
2021-05-16,294.2671688,67668080.65,115060,347743,21.71615441,1.991249451e+10,115056,7932690.94,0.35757456,68.94634734
2021-05-17,281.7074839,67675430.65,115288,361641,24.26788664,1.906467529e+10,115489,7511699.083,0.40641261,65.04255022
2021-05-18,292.6443213,67682243.14,113535,363354,21.89049421,1.980682411e+10,114468,8621471.414,0.47517771,75.31774307
2021-05-19,194.8497098,67688818.13,131676,361671,25.35134872,1.318914657e+10,132419,17771282.7,0.71990261,134.2049306
2021-05-20,211.3053477,67696043.13,112234,369554,23.14210029,1.430453593e+10,112738,53772445.57,0.73276276,476.9682412
2021-05-21,178.7625771,67702843.12,114892,361114,21.44950201,1.210273472e+10,115763,17748138.33,0.58332731,153.3144297
2021-05-22,171.3000456,67709468.11,101274,339342,16.79879491,1.159863498e+10,101606,14945287.25,0.55574078,147.0905975
2021-05-23,143.299482,67716680.6,99546,337614,16.97680174,9703765250,100198,21885838.42,0.88528369,218.4259009
2021-05-24,182.9545503,67723905.57,102859,364314,19.01065893,1.239039669e+10,103462,15551911.9,0.73013008,150.3152065
2021-05-25,182.3593873,67731943.06,104696,354757,16.65710568,1.235155564e+10,105096,13213871.54,0.58272256,125.7314412
2021-05-26,198.3585393,67739518.04,114497,294188,16.72602462,1.343671186e+10,115673,11082261.2,0.38443512,95.80681056
2021-05-27,193.744541,67747543.03,101281,322935,15.6116645,1.312571663e+10,101535,9463690.804,0.52319303,93.20619298
2021-05-28,176.1289753,67755692.99,107837,298184,15.24814785,1.193374078e+10,108144,41016284.67,0.48875423,379.274714
2021-05-29,164.2851665,67762942.98,98204,287581,13.38242382,1.113244637e+10,99209,7984289.893,0.45360742,80.4794917
2021-05-30,171.0139359,67770242.76,89956,308183,13.25088412,1.158965595e+10,90763,21203415.75,0.40139853,233.6129893
2021-05-31,187.3274971,67777292.6,92283,286416,14.47842732,1.269655058e+10,92650,15482397.07,0.58075674,167.1062824
2021-06-01,183.1305632,67784530.1,96895,315596,15.42618948,1.241341917e+10,97236,11369228.82,0.49999502,116.9240695
2021-06-02,187.8483268,67791167.6,107159,323539,15.65621687,1.273445741e+10,107840,9933225.693,0.47528341,92.11077237
2021-06-03,192.9910055,67797930.1,95812,325624,15.56228317,1.30843907e+10,95531,10499226.14,0.6110976,109.9038652
2021-06-04,179.2158421,67804605.1,96214,337923,15.85371599,1.21516594e+10,97819,9203125.297,0.58747673,94.08320773
2021-06-05,172.2221872,67811280.1,89975,291462,14.37877104,1.167860697e+10,90429,6652429.307,0.52711424,73.5652203
2021-06-06,175.7292947,67818892.6,84837,317398,12.50560638,1.191776616e+10,85367,6327774.735,0.51520242,74.1243658
2021-06-07,162.3674908,67826917.6,93439,302213,14.12255313,1.101288642e+10,94000,6727053.26,0.50567321,71.56439637
2021-06-08,161.289871,67833917.6,93319,421304,15.45591223,1.094092382e+10,94070,34536077.97,0.68046099,367.1316888
2021-06-09,171.8564499,67841130.1,101800,312824,14.11798652,1.165893577e+10,102506,17074941.65,0.44759968,166.5750458
2021-06-10,168.7600623,67848892.6,96471,316692,15.25539727,1.145018334e+10,96653,8486743.888,0.54405071,87.80631628
2021-06-11,162.0649275,67856630.1,99952,316226,14.0102523,1.099717983e+10,101153,9027925.191,0.55930371,89.25019713
2021-06-12,162.6242833,67863330.1,93318,305979,12.78040202,1.103622542e+10,93597,10538771.58,0.48039377,112.5973223
2021-06-13,170.5655413,67870205.1,84374,271393,12.6957298,1.157631827e+10,84430,6645455.881,0.5154401,78.70965156
2021-06-14,178.749148,67877092.6,91750,308252,14.25725584,1.213297247e+10,92594,7823694.094,0.59582722,84.4946119
2021-06-15,175.3934542,67883855.1,95265,301946,14.42913781,1.190638383e+10,95607,7464582.165,0.53400192,78.07568656
2021-06-16,165.8174675,67890405.09,101179,307747,13.56182643,1.125741504e+10,101907,10659169.11,0.37936179,104.5970258
2021-06-17,166.5380876,67897155.09,89524,307769,13.92433926,1.130746236e+10,89758,10673092.41,0.58423882,118.9096505
2021-06-18,155.9207303,67903230.09,89310,315633,13.73920024,1.058752123e+10,89749,7898010.041,0.7025825,88.00109239
2021-06-19,153.2129617,67910230.08,89993,290373,11.08371717,1.040472748e+10,90779,7664164.854,0.44523709,84.42662789
2021-06-20,154.7426276,67916567.54,95856,288039,12.2843259,1.050958812e+10,96502,8013689.595,0.34147565,83.04169442
2021-06-21,126.1269652,67922730.04,108507,256853,14.03540527,8566887811,108748,11124289.97,0.35599922,102.2942029
2021-06-22,118.9110197,67928717.54,106433,328790,15.28352177,8077473073,107207,15744169.21,0.47413891,146.8576605
2021-06-23,128.2321855,67934942.54,174262,327531,13.94397662,8711446151,173418,10733240.67,0.01401144,61.89231028
2021-06-24,134.2367349,67940730.04,195907,308360,15.12522437,9120141770,196191,12615952.02,0.01617285,64.30443812
2021-06-25,126.5273479,67946130.04,172898,333925,16.38898306,8597043632,174698,13794724.48,0.01875245,78.96326506
2021-06-26,125.0877921,67951380.04,139110,292655,13.02305938,8499888099,137833,8687836.785,0.05810315,63.0316164
2021-06-27,131.5632079,67956905.04,127823,307443,12.36082581,8940628428,128921,8072942.413,0.07049509,62.61929719
2021-06-28,137.0973901,67963580.04,122616,316778,14.36011406,9317629447,124332,10651485.08,0.16172775,85.66969949
2021-06-29,144.3429169,67970167.54,133870,349090,14.53531874,9811012244,134358,30061260.9,0.12326271,223.7400148
2021-06-30,144.1037353,67976705.04,143360,306790,14.54500871,9795697112,143958,36802000.09,0.07999505,255.6440079
2021-07-01,137.5633026,67983955.04,141272,355257,16.16349858,9352097379,141200,35754609.1,0.11200467,253.2196112
2021-07-02,136.647478,67992405.04,113120,321212,13.95367126,9290990670,114825,37230007.63,0.29185329,324.2325942
2021-07-03,139.5959818,68000667.5,72676,313910,13.26094993,9492619943,72834,37388253.43,1.06002255,513.3351652
2021-07-04,145.2271472,68008667.5,110642,292879,12.52958703,9876704766,110482,36538372.17,0.19208326,330.7178741
2021-07-05,138.8055182,68016042.49,84405,302563,13.15642563,9441002027,86374,48062246.67,0.64469835,556.4434514
2021-07-06,138.5143129,68023542.48,73110,364902,14.5435722,9422234250,73483,38574297.62,1.20573611,524.9417909
2021-07-07,137.4811501,68030854.95,75025,334250,13.37177533,9352960181,75339,37367829.76,1.17475637,495.995829
2021-07-08,131.908162,68037542.37,72264,319964,14.33735849,8974707160,72916,34860104.95,1.18711103,478.0858103
2021-07-09,134.964433,68044867.37,113196,366974,13.47754798,9183636943,113570,32405173.96,0.27913401,285.3321648
2021-07-10,134.2536826,68052054.86,116850,279879,11.52758524,9136238976,117352,26739853.96,0.1751176,227.8602321
2021-07-11,134.1254582,68059692.33,110545,418840,13.59364167,9128537420,111022,28969804.99,0.14625169,260.9375168
2021-07-12,133.357752,68067329.82,118603,364567,13.59468337,9077306086,118347,27888629.36,0.18362359,235.6513419
2021-07-13,131.1112126,68074804.78,118163,406953,13.18107805,8925370199,119964,26570336.6,0.15983979,221.4859174
2021-07-14,130.8367504,68081954.78,122650,319157,12.73371697,8907621722,122697,26803067.64,0.11876452,218.4492501
2021-07-15,125.5266173,68089104.78,139870,324506,13.30309471,8546994997,141069,25279692.18,0.08581414,179.200903
2021-07-16,121.5688433,68096604.78,134610,362387,13.49511477,8278425476,134648,30763131.44,0.13708002,228.4707641
2021-07-17,120.0342916,68103992.24,124190,405402,13.68859099,8174814466,124620,24784830.66,0.12043641,198.8832504
2021-07-18,119.0451222,68111542.23,119833,365848,13.31624795,8108346870,120852,24231256.93,0.10192488,200.5035657
2021-07-19,113.7006704,68118679.68,134419,409484,15.621525,7745139548,135158,27201912.39,0.10117381,201.2600985
2021-07-20,107.2505436,68126229.61,134294,388759,14.22011193,7306575161,134099,23126803.26,0.13077458,172.460669
2021-07-21,117.4179463,68133692.05,127067,425729,13.94261694,8000118193,128406,23943414.44,0.14903251,186.4664769
2021-07-22,120.585713,68141366.99,142678,302576,13.42815543,8216875322,143084,20257199.31,0.09724738,141.5755732
2021-07-23,123.880028,68148579.48,131003,413524,13.46392648,8442247934,130921,12396321.7,0.12268388,94.68551036
2021-07-24,125.5075612,68156391.93,122448,233429,12.84605208,8554142534,123613,7629653.788,0.13398589,61.72209871
2021-07-25,126.742976,68163866.86,122864,278957,12.91925491,8639291342,122853,7277811.703,0.09989441,59.23999986
2021-07-26,131.6412724,68171241.78,135763,420686,16.36064226,8974149009,136849,9912052.567,0.1462349,72.4305809
2021-07-27,133.8703273,68178479.23,127686,351958,14.94818961,9127075329,127962,8849985.416,0.1419651,69.16104324
2021-07-28,139.8579438,68185779.16,132876,323997,13.82448606,9536322870,134163,7793150.425,0.10167392,58.0871807
2021-07-29,141.9832467,68192666.62,139105,283349,13.56397698,9682216209,139860,12842615.64,0.0799397,91.82479364
2021-07-30,144.9307082,68199304.11,120376,186886,13.21485712,9884173441,120169,10571455.13,0.18773394,87.97156611
2021-07-31,145.3235916,68206516.58,126514,194325,13.47586055,9912015964,127665,10182823.04,0.11952416,79.76205725
2021-08-01,140.9505157,68213941.57,130891,203359,11.98862098,9614790241,131130,26951543.83,0.08989032,205.5330117
2021-08-02,141.7427563,68220704.06,129859,248383,14.98341384,9669790628,130043,20133912.21,0.14252318,154.8250364
2021-08-03,138.7595249,68227666.55,129291,277139,13.91298358,9467238596,129519,7529907.054,0.13901375,58.13747059
2021-08-04,142.8703181,68234641.52,130355,296478,12.94657564,9748704938,131737,7285432.197,0.12677951,55.3028549
2021-08-05,143.7572706,68242541.5,143887,336729,14.80182656,9810361502,144062,9432734.622,0.10358693,65.47691009
2021-08-06,147.8669955,68250553.99,138750,384931,14.64575775,1.009200436e+10,139351,8068979.336,0.13682688,57.90399305
2021-08-07,155.725876,68258616.48,132646,270775,15.08476925,1.062963285e+10,132711,8106547.767,0.13975481,61.08421884
2021-08-08,150.278504,68265966.47,122740,268736,15.5297214,1.025890731e+10,124395,5668118.027,0.11784405,45.56548114
2021-08-09,166.5757041,68273041.42,133480,287387,15.36848705,1.137262994e+10,133964,8091113.066,0.12991718,60.39766702
2021-08-10,165.1841166,68280128.9,146217,346845,15.88375633,1.127879277e+10,146977,8731098.132,0.15391564,59.40451997
2021-08-11,170.9133149,68287241.33,153080,319092,15.5643698,1.167119878e+10,153764,9737907.855,0.1273849,63.33021939
2021-08-12,164.9129792,68294141.32,164846,289582,14.62363543,1.126259031e+10,163720,9841072.917,0.07587132,60.10916758
2021-08-13,183.5347811,68301078.74,163183,283094,14.82859313,1.253562354e+10,164004,7508572.698,0.16088906,45.7828632
2021-08-14,182.7208127,68307791.11,149450,262055,12.84175219,1.24812551e+10,151653,11099152.45,0.1221065,73.18781987
2021-08-15,184.8410878,68315503.52,155393,269698,13.13694399,1.262751198e+10,155970,7598430.755,0.12435439,48.71725815
2021-08-16,178.4007149,68322778.44,156871,287613,15.74582813,1.218883252e+10,156432,8723576.186,0.10391619,55.76593143
2021-08-17,169.2736556,68330115.89,155337,344365,15.59099857,1.156648851e+10,156199,8465278.921,0.10719864,54.19547449
2021-08-18,168.363162,68337878.36,155108,321408,14.4776847,1.150558128e+10,156043,5920459.463,0.07466472,37.94120507
2021-08-19,174.9231072,68346115.85,161783,254305,14.17297743,1.195531495e+10,162075,7498607.221,0.09796435,46.26627931
2021-08-20,183.3436606,68354078.33,168581,326013,16.32031775,1.253228694e+10,168836,7548748.412,0.14755511,44.7105381
2021-08-21,180.5435275,68361328.29,152228,278823,13.55353678,1.234219536e+10,154151,5374333.782,0.19714195,34.86408639
2021-08-22,185.9165547,68367803.26,139230,222686,13.08872731,1.271070643e+10,139598,7772165.703,0.2220471,55.67533705
2021-08-23,187.2469916,68374465.71,161069,365592,17.44135652,1.280291301e+10,161529,8657896.431,0.23178852,53.59964112
2021-08-24,174.2660042,68381490.7,160639,380085,18.95022524,1.191656915e+10,160911,8926950.117,0.25536416,55.47756285
2021-08-25,178.0049469,68388890.66,164259,468891,16.33844954,1.217356085e+10,165271,5067103.394,0.19012031,30.65936185
2021-08-26,169.4701168,68395828.11,161782,341153,14.75055257,1.159104898e+10,161149,6160644.128,0.23117605,38.22949027
2021-08-27,175.6885684,68402815.59,151960,365224,14.79764483,1.201759275e+10,153315,8983759.435,0.29700349,58.59674157
2021-08-28,175.2482956,68410603.09,153129,340148,13.97239131,1.198884159e+10,153859,7056455.824,0.24141326,45.86313328
2021-08-29,175.2386487,68418390.58,142781,330870,14.00457469,1.198954631e+10,143613,9015800.873,0.1895968,62.77844535
2021-08-30,167.8048964,68425990.53,157208,345026,15.1949174,1.148221625e+10,156559,8351037.949,0.28511087,53.3411554
2021-08-31,171.5978229,68433278.02,155189,378272,16.42192832,1.174300152e+10,157105,8017395.185,0.31990255,51.03208163
2021-09-01,181.2780641,68440565.49,160000,335748,16.30707414,1.240677322e+10,160157,6672939.667,0.25330633,41.66498914
2021-09-02,184.014631,68447665.43,169555,403660,17.52268238,1.25953719e+10,170366,9420140.243,0.25816299,55.29354591
2021-09-03,211.734864,68454915.36,168600,406494,18.72971724,1.449429219e+10,167941,19633387.44,0.29999548,116.9064578
2021-09-04,212.8350798,68462627.85,146616,347791,15.90182349,1.457124886e+10,147514,13081364.03,0.2829067,88.67879679
2021-09-05,228.5142712,68469965.35,153341,442734,16.22709961,1.564636423e+10,154394,16890332.77,0.27861644,109.3975981
2021-09-06,219.1216957,68477527.85,159124,449114,17.5267427,1.500491202e+10,159666,13422783.05,0.26547423,84.06788574
2021-09-07,178.1550568,68484515.3,146764,451411,18.23652339,1.220086272e+10,148027,11182172.22,0.31351511,75.54143652
2021-09-08,179.829195,68491677.77,135820,413244,18.60663344,1.231680328e+10,135541,11404617.99,0.22294883,84.14146263
2021-09-09,180.8508794,68498702.75,148976,395490,17.47100481,1.238805063e+10,149243,10478141.45,0.2879809,70.20859568
2021-09-10,173.6574056,68505690.25,148777,386555,18.98464546,1.189652044e+10,149904,7429630.82,0.38675078,49.56259218
2021-09-11,177.9980364,68513065.22,147171,328316,14.28930273,1.219519108e+10,147725,6027166.717,0.33983071,40.79991008
2021-09-12,183.6675431,68520790.2,138956,328570,13.46877441,1.258504519e+10,139966,9583285.177,0.30859205,68.46866508
2021-09-13,179.7911163,68528527.67,152114,371497,16.37510075,1.232082049e+10,152268,12226400.38,0.37803503,80.29527136
2021-09-14,182.8357535,68535327.66,147102,405976,17.15194776,1.253070828e+10,147953,12317287.34,0.40110118,83.2513524
2021-09-15,188.6351142,68541927.65,149114,438700,16.86371963,1.292941435e+10,149384,7635883.247,0.41340631,51.11580387
2021-09-16,185.7317912,68549002.65,148065,444743,16.79439038,1.273172905e+10,149010,7729924.442,0.39968161,51.87520597
2021-09-17,179.5837149,68556140.14,137817,447577,16.0137068,1.231156632e+10,138014,7018901.761,0.41513591,50.85644761
2021-09-18,181.127939,68563752.6,121014,385301,15.52484326,1.24188112e+10,121668,5520031.633,0.36575271,45.36962581
2021-09-19,175.2163808,68571340.07,107489,395113,13.95561076,1.201482203e+10,108346,8604709.767,0.33063433,79.41880426
2021-09-20,156.5675689,68579015.01,126622,400990,16.71917721,1.073724966e+10,126232,8757162.393,0.3830046,69.37355339
2021-09-21,147.4840065,68586389.99,131893,404773,17.0651328,1.011539559e+10,132629,8043181.01,0.36966504,60.64421061
2021-09-22,160.8515415,68593814.96,133643,347689,14.82214518,1.103342088e+10,134141,9382676.515,0.33459313,69.9463737
2021-09-23,163.7145785,68600602.43,123825,398396,15.61503432,1.123091871e+10,125046,10589349.66,0.4203134,84.68363371
2021-09-24,152.0302868,68607702.41,122431,361967,14.35980393,1.043044867e+10,123386,9779088.145,0.50432838,79.25605939
2021-09-25,151.3950163,68614214.89,119667,359506,12.82831867,1.038785018e+10,119919,7006637.456,0.45033804,58.42808442
2021-09-26,149.926654,68620764.89,126015,333082,13.84134147,1.028808167e+10,125887,72372411.52,0.46841632,574.8998032
2021-09-27,146.3081208,68627727.37,140449,418247,15.06737336,1.004079383e+10,141553,82617396.76,0.39404748,583.6499174
2021-09-28,141.3507662,68634464.86,140835,430212,15.7511867,9701534195,141698,68202630.38,0.47083756,481.3238746
2021-09-29,144.439711,68641514.85,138051,371189,14.50460408,9914560569,138783,60060340.38,0.40073304,432.7643903
2021-09-30,152.9415248,68648502.34,133472,388150,15.36383641,1.049920662e+10,133544,53995622.38,0.36438588,404.3283291
2021-10-01,165.7984802,68655739.84,152261,421347,16.97465905,1.138301732e+10,152679,47999301.44,0.42075839,314.3805071
2021-10-02,169.6173776,68663589.84,145366,417085,15.67261502,1.164653805e+10,145709,53545789.67,0.37985734,367.4844359
2021-10-03,170.718751,68671014.83,134992,409216,14.66846376,1.172342988e+10,135957,44448139.99,0.39524866,326.9279257
2021-10-04,167.8106153,68678527.3,139391,449677,14.83774799,1.152498593e+10,139580,39593191.16,0.3749064,283.6594868
2021-10-05,173.9730636,68686114.79,125612,569510,18.8287942,1.194953382e+10,127098,43992116.58,0.35804459,346.1275282
2021-10-06,179.135814,68692927.27,136628,466612,20.64810242,1.230536344e+10,136903,40181878.03,0.29249575,293.5061907
2021-10-07,178.4208669,68699839.76,120461,448235,19.25651555,1.225748497e+10,121243,40395336.59,0.38767386,333.1766501
2021-10-08,175.6692503,68706539.76,121361,505026,16.89751356,1.206962633e+10,121116,35541192.75,0.41537704,293.4475441
2021-10-09,179.9580023,68713914.75,115396,459086,16.25212545,1.236561883e+10,116311,33636180.16,0.35996035,289.1917373
2021-10-10,175.4364182,68721364.74,108824,473319,16.60382359,1.205623008e+10,109959,29216927.75,0.32444748,265.7074705
2021-10-11,178.3197739,68729189.73,133603,594803,17.67077395,1.225577357e+10,133434,29429485.52,0.48721708,220.5546227
2021-10-12,172.2917335,68736577.22,136111,543291,16.3292104,1.184274404e+10,137593,30403861.21,0.47842071,220.9695348
2021-10-13,177.457126,68743977.2,133454,681679,18.6528959,1.219910863e+10,133107,27334968.21,0.48311569,205.3608616
2021-10-14,180.3071914,68750752.16,131407,698762,19.2508874,1.239625503e+10,132062,23499618.13,0.53692649,177.9438304
2021-10-15,189.2767344,68758077.13,138790,689371,20.40963538,1.30143043e+10,139449,24303395.44,0.51908976,174.2816043
2021-10-16,186.5193142,68765177.1,127317,562835,17.77066814,1.282603367e+10,128692,15335085.17,0.50509009,119.161138
2021-10-17,183.5589712,68772164.57,117807,395664,14.39493129,1.262374777e+10,116946,11620960.91,0.47385373,99.37031544
2021-10-18,185.5112486,68779302.04,134541,497382,15.60619817,1.27593342e+10,135525,14878176.83,0.40962845,109.7817881
2021-10-19,188.5004654,68786327.01,129476,434935,15.90017379,1.296625465e+10,130362,13406840.72,0.48098104,102.8431653
2021-10-20,206.9652486,68793664.49,128422,434740,18.37566976,1.423789787e+10,128460,13443604.75,0.458505,104.6520687
2021-10-21,197.2282275,68800464.47,136185,573332,18.60103945,1.356939366e+10,137431,16692531.29,0.38125494,121.461179
2021-10-22,191.0177593,68807826.93,138554,438200,17.35483591,1.314351692e+10,139639,11066474.25,0.45809719,79.25059796
2021-10-23,195.9780994,68815339.38,144839,437891,15.95415335,1.348629942e+10,144490,9848024.918,0.42928781,68.15713833
2021-10-24,190.1646763,68823139.36,141121,423231,16.17180894,1.308773002e+10,142437,12530252.92,0.42152477,87.97049162
2021-10-25,195.3193863,68831239.33,143264,432855,17.80801082,1.344407542e+10,143416,11382408.72,0.46602698,79.36637976
2021-10-26,197.5161956,68838476.82,140034,437547,19.09103385,1.359671405e+10,140636,11116579.44,0.52549836,79.0450485
2021-10-27,180.7406873,68845839.3,148951,428070,22.13404983,1.244324431e+10,149086,22116098.68,0.50038978,148.3445708
2021-10-28,189.9606348,68853376.78,138061,408688,18.68916977,1.307943116e+10,139671,14909392.91,0.59177086,106.7465179
2021-10-29,196.3414577,68860526.74,149836,457217,20.39886627,1.35201762e+10,150719,16341528,0.52142109,108.4238085
2021-10-30,189.7674936,68867264.21,136681,384996,17.65490165,1.306876812e+10,136405,13381510.41,0.52579466,98.10131897
2021-10-31,192.0898656,68874139.18,134021,358915,16.81460624,1.323002414e+10,134637,14466875.97,0.43643419,107.4509679
2021-11-01,197.8020552,68881076.68,148085,469298,19.9583583,1.362481853e+10,148495,16276787.88,0.49999505,109.6116898
2021-11-02,200.1032483,68887839.18,152555,513308,20.45278545,1.378468039e+10,153684,12512516.54,0.62062113,81.41717121
2021-11-03,206.8853826,68894951.68,150784,477457,21.64442235,1.425335844e+10,151034,14068626.05,0.58640674,93.14873507
2021-11-04,202.6642568,68901789.18,139720,349677,20.93073202,1.39639299e+10,140156,12824137.6,0.5157372,91.49902678
2021-11-05,199.2339788,68909039.17,133753,367036,21.12641722,1.372902205e+10,134077,14324275.19,0.54098513,106.8361851
2021-11-06,197.6796722,68916226.67,135986,437863,17.33124529,1.36233371e+10,136499,18340614.38,0.53907885,134.3644596
2021-11-07,201.2449052,68922964.17,134298,452224,16.86913693,1.387039539e+10,135514,11042758.6,0.47506953,81.48795401
2021-11-08,228.4577817,68930401.65,138902,494505,21.57538595,1.574768665e+10,139919,14625227.05,0.61072194,104.5263835
2021-11-09,264.5368253,68937689.14,149451,516307,26.26228458,1.823655743e+10,149512,16291840.58,0.67163306,108.9667758
2021-11-10,258.7767289,68945001.64,148502,489483,24.31672263,1.7841362e+10,148588,21309017.2,0.60005515,143.4100816
2021-11-11,263.2540722,68952664.14,139140,477335,20.85121064,1.815206963e+10,138894,14294537.73,0.57554557,102.9168843
2021-11-12,251.4112838,68960126.64,131383,454926,20.00788559,1.733735397e+10,133791,13355445.74,0.60973108,99.82319992
2021-11-13,257.7965574,68967901.64,125855,463747,17.98915125,1.777968762e+10,126284,20632891.75,0.46435552,163.3848449
2021-11-14,276.569834,68975351.63,119980,441148,17.93657307,1.907650155e+10,119267,21155771.82,0.5186856,177.3816045
2021-11-15,263.9033947,68982251.6,135067,442069,19.12755086,1.820465037e+10,136795,11055738.17,0.50851404,80.81975343
2021-11-16,231.7466438,68989314.07,133747,348037,17.89905668,1.5988042e+10,134298,21931700.7,0.57772013,163.3062346
2021-11-17,227.621129,68996439.03,132188,600786,16.99131598,1.570504735e+10,132705,15104987.82,0.53016214,113.8238033
2021-11-18,203.5881231,69003526.51,124158,268624,16.76677436,1.404829845e+10,124496,16882791.02,0.62253531,135.6091041
2021-11-19,218.2172337,69010726.5,129249,304623,17.25187451,1.505932983e+10,130086,24711534.81,0.65240117,189.9630614
2021-11-20,225.2401006,69018363.99,128525,299663,15.48871794,1.554570325e+10,127695,17362755.84,0.52348945,135.9705222
2021-11-21,224.0509677,69025426.47,115823,285939,14.83500645,1.54652136e+10,118001,10193022.96,0.53722893,86.38081842
2021-11-22,209.8777961,69033001.45,123687,312446,16.71424117,1.44884942e+10,124380,13768604.24,0.49233471,110.6978955
2021-11-23,216.8880889,69039938.92,126007,343625,16.51139793,1.497394041e+10,126563,14641173.87,0.63851843,115.6828921
2021-11-24,212.2029446,69046838.9,138466,361795,16.6849143,1.465194253e+10,137833,20809762.87,0.62458267,150.9780885
2021-11-25,223.7370055,69054063.89,142291,353855,17.60891646,1.544994947e+10,143733,18978207.51,0.5355234,132.037928
2021-11-26,195.9302425,69060088.86,120743,322703,18.0201668,1.353095996e+10,121537,21092762.16,0.63787004,173.5501301
2021-11-27,194.1062276,69066301.36,108957,301587,15.63867038,1.340619921e+10,109301,14837327.58,0.67190535,135.7474093
2021-11-28,199.091798,69073663.86,101019,299285,15.43780051,1.375199993e+10,101660,23317138.45,0.63628287,229.3639431
2021-11-29,206.9660434,69080688.86,109807,318192,16.89632146,1.429735685e+10,110133,15682383.92,0.66771626,142.3949581
2021-11-30,208.4180123,69087438.86,127470,356958,18.01694189,1.439906669e+10,128382,15489442.76,0.65782633,120.6512031
2021-12-01,208.6317993,69094751.36,142424,400658,18.85076918,1.44153623e+10,143068,10488162.73,0.55998586,73.3089351
2021-12-02,203.6973223,69102626.36,138694,379590,17.37156612,1.407601996e+10,138594,20808189.87,0.60043004,150.1377395
2021-12-03,188.9039374,69110051.36,138543,404892,17.58449947,1.305516082e+10,139302,13391319.14,0.71962016,96.13156404
2021-12-04,163.3091886,69117538.86,134134,394975,17.21495752,1.128752919e+10,134923,41932213.32,0.82910869,310.7862508
2021-12-05,156.1176167,69124963.86,125347,378370,15.62696962,1.079162461e+10,125806,18126896.45,0.71798207,144.0861044
2021-12-06,162.6077423,69132451.36,122605,382089,17.09037173,1.124147183e+10,123482,14460354.15,0.84786241,117.1049558
2021-12-07,161.6049185,69139888.83,113279,368342,17.80212484,1.11733461e+10,113740,32826923.24,0.75754916,288.6137088
2021-12-08,164.6607101,69147413.81,109988,351530,16.96996849,1.138586226e+10,111089,18025292.54,0.7989833,162.2599226
2021-12-09,153.3947607,69154151.27,111142,382656,17.9956357,1.060788448e+10,110198,17442684.39,0.91636723,158.2849452
2021-12-10,150.1636621,69161576.25,114875,349143,17.52517158,1.038555557e+10,116128,19656400.59,0.91734949,169.2649541
2021-12-11,158.2187409,69169026.23,108166,358656,18.92873387,1.094383624e+10,108774,16665367.56,0.82299646,153.2109471
2021-12-12,159.4549738,69176426.21,101479,259691,14.37857776,1.103052523e+10,101771,15485873.77,0.83966968,152.1639148
2021-12-13,145.0377621,69184101.21,121183,316658,17.44179157,1.003430721e+10,121333,16794702.95,0.80754592,138.4182617
2021-12-14,150.3152954,69191301.16,130681,332161,17.05453701,1.040051088e+10,132733,21546324.83,0.67260965,162.3283195
2021-12-15,153.3228298,69198363.62,127205,324933,18.01645658,1.060968893e+10,127571,20056851.85,0.79320708,157.2210913
2021-12-16,149.2074722,69205226.12,121636,324758,16.13592274,1.032593685e+10,122082,18444328.03,0.81129246,151.0814701
2021-12-17,144.5353922,69212213.62,120250,345022,15.68197015,1.000361444e+10,120085,47900126.69,0.83298294,398.8851787
2021-12-18,148.9771693,69219426.12,118767,342769,14.46630112,1.031211417e+10,119363,21743265.11,0.78526804,182.1608464
2021-12-19,153.9463092,69226401.12,112919,336509,14.62448234,1.065714895e+10,114661,31587068.1,0.79373914,275.4822311
2021-12-20,152.8484524,69233601.12,119373,396665,16.54282452,1.058224878e+10,119732,17108850.7,0.89335045,142.8928833
2021-12-21,155.2162746,69240701.12,120958,392488,16.75864142,1.074728367e+10,121059,41436351.48,0.82912243,342.2822878
2021-12-22,155.4751963,69248763.62,128455,404767,17.68976738,1.076646512e+10,129008,26692747.86,0.77192672,206.9076946
2021-12-23,163.208821,69256163.62,123743,298582,15.81527456,1.130321681e+10,124465,34472584.98,0.90935676,276.9660947
2021-12-24,161.2449821,69263588.62,119853,297571,15.54037087,1.116840611e+10,120190,63571357.49,0.78554739,528.9238496
2021-12-25,158.6030329,69271001.12,99330,245145,12.42345047,1.098659087e+10,100665,16312580.57,0.85102997,162.0481852
2021-12-26,156.1567876,69278363.62,96091,249106,13.7104697,1.081828671e+10,96648,20071922.13,0.92964486,207.6806776
2021-12-27,156.2366431,69285863.62,104888,282223,16.14562417,1.082499074e+10,105029,33076565.18,0.9312166,314.9279264
2021-12-28,146.4048574,69292901.12,99306,289509,15.3793068,1.014481731e+10,99888,53047402.11,1.13486079,531.0688181
2021-12-29,145.6264377,69300088.61,97822,260747,15.9299897,1.009192504e+10,98253,25541872.98,1.16571121,259.9602351
2021-12-30,147.7776724,69307251.11,103339,301453,17.09733238,1.024206425e+10,103819,34766195.29,1.05466974,334.8731474
2021-12-31,146.4898348,69314513.6,100793,297675,15.49114805,1.015387164e+10,101634,42866450.11,1.1422073,421.7727346
2022-01-01,150.2368715,69322563.59,100380,256460,13.26616853,1.041480508e+10,101074,23910097.12,0.69998537,236.5603134
2022-01-02,151.4062038,69330063.59,105736,276528,13.52332539,1.049700174e+10,106191,32932732.01,0.79806275,310.1273367
2022-01-03,148.5271404,69336826.08,107734,299706,15.29076213,1.02984005e+10,108632,32148994.52,0.9335933,295.9440544
2022-01-04,146.5685015,69343876.07,108653,304571,15.94640778,1.016362801e+10,108133,15009602.27,0.98927772,138.8068607
2022-01-05,135.5188138,69350801.07,112208,304507,15.3575766,9398338298,112982,129372299.2,1.0167739,1145.070004
2022-01-06,136.4225262,69358626.07,110491,317546,14.99347248,9462078980,111889,131736938.1,1.04222556,1177.389539
2022-01-07,131.0265414,69365776.06,112194,312309,15.32653554,9088757729,112003,115230477.4,1.14360814,1028.815991
2022-01-08,129.9905826,69372576.05,109996,312869,14.32747066,9017781578,111116,188926074.6,1.04611008,1700.25986
2022-01-09,131.0311737,69378851.05,100506,309492,14.22727569,9090792284,101572,158673324.9,1.01017473,1562.175845
2022-01-10,126.693326,69385663.54,112095,344380,17.39091861,8790700490,111046,97744033.65,0.99999634,880.2121072
2022-01-11,131.5958794,69392851.04,109355,353432,15.8497853,9131813258,111316,111500822.2,1.13164174,1001.660338
2022-01-12,141.6536409,69400238.54,110729,363882,17.41573237,9830796469,111053,328917698.4,1.04319287,2961.808311
2022-01-13,137.0086798,69407888.54,109662,368565,15.85786454,9509483177,110069,230491198.3,1.09014299,2094.060983
2022-01-14,144.6196735,69415188.54,113318,353139,15.48558165,1.00388019e+10,114364,189194883.4,1.00155927,1654.322019
2022-01-15,147.9577217,69422426.04,105728,365164,16.12595415,1.027158399e+10,105903,127265199.8,1.09079884,1201.714774
2022-01-16,146.6459575,69429976.04,92286,327728,14.12587152,1.018162531e+10,92762,58171704.48,1.02315657,627.1070533
2022-01-17,151.6448634,69437563.54,107642,395865,16.62174779,1.052984984e+10,108724,200581554,0.95847566,1844.869155
2022-01-18,141.7669294,69444801.04,108548,369489,16.23493741,9844976208,108526,312574843.4,1.01667342,2880.18395
2022-01-19,137.1819213,69451801.04,106689,379560,15.07853759,9527531502,106597,246298661.6,0.95502312,2310.559037
2022-01-20,131.058946,69458788.54,112915,373116,16.15750161,9103195614,114170,198507123.9,0.94031247,1738.697766
2022-01-21,114.5041356,69465826.04,112427,370495,16.55339372,7954124365,112684,111601138.9,1.13980066,990.3902851
2022-01-22,108.2307882,69473026.04,111399,353230,15.41936028,7519120365,112757,144697862.3,1.1924617,1283.271658
2022-01-23,111.9182266,69480326.04,100447,368314,14.19619502,7776114874,100536,162547013.5,1.01126153,1616.804065
2022-01-24,109.5957833,69487738.54,99776,355586,15.39044859,7615563134,100836,86345770.45,1.11463398,856.2990445
2022-01-25,108.1365186,69494776.04,103577,420207,15.97681544,7514923142,103283,40823548.77,1.1674621,395.2591304
2022-01-26,106.9918132,69502363.54,104448,416730,14.70071641,7436183895,105452,18866940.42,1.16412212,178.9149605
2022-01-27,106.6234828,69510188.54,105275,428937,14.78855167,7411418392,105945,36270526.6,1.25390355,342.352415
2022-01-28,109.3031594,69517613.54,113097,449254,15.61205543,7598494791,113577,13447488.22,1.2036914,118.3997484
2022-01-29,110.584462,69524801.04,106971,429340,14.19468023,7688362720,108151,35549735.65,1.0140092,328.7046412
2022-01-30,108.805532,69532001.04,102402,351304,14.00003742,7565466367,102901,28096101.14,1.10701189,273.0401176
2022-01-31,109.5024258,69539751.04,106179,447125,15.81051995,7614771429,106812,21770922.87,1.13527071,203.8246907
2022-02-01,115.669001,69547088.54,113235,475366,16.17269228,8044442256,112720,64039278.68,1.1115682,568.1270287
2022-02-02,108.3796232,69554126.04,115505,512856,16.57621978,7538249971,116416,26798383.31,1.05836905,230.1950188
2022-02-03,110.0944019,69561226.04,114734,469472,14.84601792,7658301580,116184,37532829.7,1.07019136,323.0464582
2022-02-04,120.2095181,69568488.54,121244,430194,16.49050973,8362794483,120595,16512744.81,1.1023102,136.9272757
2022-02-05,122.0471138,69575326.04,116363,306533,15.21033528,8491467736,117620,23245907.29,1.0079297,197.6356681
2022-02-06,127.0703307,69582376.04,109666,287795,15.00502637,8841855534,110466,37945153.72,0.94755132,343.5007488
2022-02-07,137.0413969,69589888.54,121757,292228,15.76234178,9536695535,122203,38898155.89,1.00161883,318.3077002
2022-02-08,134.3819844,69597476.04,120682,321198,17.52725741,9352646939,121166,16987344.01,0.96587533,140.1989338
2022-02-09,140.5613737,69605251.04,117535,457883,16.73495548,9783809703,118682,43390368.21,1.02980122,365.6019296
2022-02-10,135.4826725,69612351.04,117692,381504,16.71285301,9431267359,118510,26069442.39,1.12524756,219.976731
2022-02-11,126.1049024,69619151.04,118682,313061,16.72950725,8779316249,118942,28602546.77,1.20493139,240.4747421
2022-02-12,126.5283277,69626576.04,113953,388140,16.89828513,8809734231,114332,19729578.7,1.03869296,172.5639252
2022-02-13,125.9575925,69633475.96,109250,325821,17.53430032,8770864989,109920,29192552.23,1.11082532,265.5799875
2022-02-14,124.882902,69640913.41,117087,475987,16.01244748,8696959365,117774,20354721.98,1.01645205,172.8286547
2022-02-15,131.6443125,69647788.41,121505,448815,16.42053664,9168735219,121357,29091408.9,1.10493735,239.717601
2022-02-16,128.537782,69654500.91,119947,489858,17.0427749,8953235051,120128,17819822.55,1.09986073,148.3402916
2022-02-17,116.3273373,69661425.9,117161,332753,16.05441621,8103528184,118146,27145483.37,1.15922047,229.7621872
2022-02-18,115.1062855,69669050.74,122553,460554,18.20416288,8019345646,123717,31864528.12,1.08966591,257.5598189
2022-02-19,115.6239765,69677000.61,116594,323325,21.6045038,8056331880,117169,25177480.65,1.13367322,214.8817576
2022-02-20,111.0156593,69684425.55,115158,308433,15.45215553,7736062443,114952,76340795.49,1.11289793,664.1101981
2022-02-21,103.8497194,69691875.46,118578,294886,15.82281971,7237481708,119258,40386479.93,1.08990746,338.6479727
2022-02-22,107.2468654,69698450.46,115430,305842,15.46419608,7474940336,116212,39690133.52,1.48612989,341.532144
2022-02-23,105.771335,69705100.46,113486,280254,14.99723385,7372801533,114375,56360347.56,1.49821789,492.7680661
2022-02-24,104.133376,69712475.46,124933,313056,16.38830424,7259395417,123722,32501906.32,1.51865345,262.7011066
2022-02-25,109.6424558,69719262.96,125759,308553,15.71270785,7644191207,127608,30300821.75,1.4994597,237.4523678
2022-02-26,108.042266,69726187.82,115718,286449,15.11198167,7533375330,117157,56506834.19,1.3138924,482.3171828
2022-02-27,102.7968405,69733912.82,112349,291586,13.43895554,7168425917,112694,42052018.51,1.21285983,373.1522397
2022-02-28,113.2682994,69741237.82,126416,316540,17.0476545,7899471409,126710,26382955.99,1.67236209,208.2152631
2022-03-01,112.4585135,69748775.32,128899,379016,18.45567821,7843843588,129874,40638418.87,1.33469314,312.9065007
2022-03-02,110.332794,69756075.32,122220,304561,17.5487895,7696382689,122267,30821211.41,1.3847518,252.0811945
2022-03-03,111.3078373,69763537.82,125113,300940,16.12192645,7765228516,126373,63966779.39,1.58474778,506.1744153
2022-03-04,101.085481,69771100.32,126204,316237,16.45720693,7052845234,126777,95065172.13,1.50576168,749.8613481
2022-03-05,104.9019327,69778200.32,124157,294597,15.68212728,7319868074,124664,79074549.92,1.32213289,634.3014016
2022-03-06,101.385437,69785825.32,117108,284803,14.72755332,7075266395,117063,63392616.22,1.13951755,541.5256419
2022-03-07,98.77078463,69792550.32,119403,291346,16.65351416,6893464957,119177,94455043.98,1.52361001,792.5610141
2022-03-08,100.4128053,69800000.32,122407,303314,16.27701896,7008813841,123582,40768305.65,1.40119556,329.8887026
2022-03-09,106.8320204,69806787.82,117135,306745,17.46876397,7457600183,118255,68279879.96,1.75657853,577.3952895
2022-03-10,102.6294899,69814000.32,114123,285984,16.13684229,7164975239,114463,67005866.95,1.97152554,585.3932445
2022-03-11,105.1865994,69821800.32,114616,293512,16.36564094,7344317739,116003,50833364.1,1.94520868,438.2073231
2022-03-12,105.9764594,69829287.82,117811,296138,16.79471737,7400260689,115964,54126328.87,1.44136624,466.7511372
2022-03-13,101.7418699,69836987.82,110217,276378,15.75354355,7105345733,112358,44211013.05,1.3098355,393.4834462
2022-03-14,105.6355573,69845025.32,116341,305647,15.94270152,7378118175,117380,48218161.88,1.4999946,410.7868621
2022-03-15,106.9903236,69852287.82,124644,380245,20.0052625,7473518881,124796,36689168.24,1.91477676,293.9931427
2022-03-16,111.1944631,69859075.32,119697,299089,17.02974057,7767942374,121120,52428294.04,1.78448832,432.8624012
2022-03-17,110.3074838,69866312.82,115348,299640,17.96910699,7706777168,116116,45665068.21,2.82272632,393.27111
2022-03-18,112.1509299,69873400.32,118067,327248,17.59698222,7836366818,117875,28328807.61,1.99134605,240.3292268
2022-03-19,114.9354793,69880387.82,116531,324493,17.2752443,8031735870,117649,17840247.35,1.81922194,151.6396004
2022-03-20,114.9398231,69887775.32,104744,316250,17.29297007,8032888531,104364,20509278.31,1.60838363,196.5167904
2022-03-21,116.0359137,69895087.82,119981,322152,16.45511484,8110340381,121176,20667725.28,2.48552399,170.5595603
2022-03-22,122.8761474,69902350.32,111565,336833,18.08733794,8589331499,111491,30515863.36,2.06994059,273.7069661
2022-03-23,122.2795701,69909837.82,105598,306381,16.95567476,8548544918,106104,37979797.02,1.76936365,357.9487769
2022-03-24,126.8764806,69917025.32,106995,308934,17.06319131,8870826108,108505,44094728.2,1.88776712,406.3842975
2022-03-25,123.9804469,69924537.82,107699,302767,17.29213986,8669275451,108072,27970150.52,1.68578883,258.810335
2022-03-26,124.9060753,69931787.82,97894,287642,16.63691653,8734905159,98447,25940474.45,1.42256553,263.4968506
2022-03-27,129.2099445,69938937.82,98431,286134,15.96462721,9036806276,99164,23199727.85,1.53118185,233.9531266
2022-03-28,128.458316,69946462.82,110224,316519,18.32275824,8985204826,110695,16127338.45,1.64082022,145.6916613
2022-03-29,130.0331827,69953925.32,118226,336617,18.05488878,9096331550,118624,30309337.04,1.97684373,255.5076295
2022-03-30,131.3124119,69960825.32,122343,318561,20.12397063,9186724712,123050,24694412.73,1.99713635,200.6860035
2022-03-31,123.6407027,69968387.82,114762,317799,18.96843548,8650940635,114922,31391160.76,1.99174447,273.1518835
2022-04-01,124.8485584,69975525.32,119494,302620,16.58489569,8736343457,119036,80796400.24,1.991375,678.7560086
2022-04-02,125.1774689,69983275.32,114245,276060,16.16603168,8760329273,116610,48531746.23,1.53722871,416.188545
2022-04-03,128.8914742,69991362.82,108226,264434,15.84415091,9021289933,108990,36514258.97,1.46743116,335.0239377
2022-04-04,124.9000141,69998600.32,115479,290584,16.89594374,8742826167,115606,26434889.92,2.14047278,228.66365
2022-04-05,123.6893,70005875.32,128307,323604,18.23044012,8658977715,128691,25608077.83,2.38971842,198.988879
2022-04-06,113.2306723,70012587.82,125576,308747,19.07154628,7927572391,126753,46446425.18,1.92038071,366.4325513
2022-04-07,114.2786353,70019525.32,121268,297103,17.81830321,8001735798,120361,41228239.91,2.15547319,342.5381968
2022-04-08,110.5192078,70026725.32,125189,310676,15.88309204,7739298211,127259,51694963.35,2.02180245,406.2185256
2022-04-09,112.544854,70034237.82,117713,293985,18.58097812,7881993071,116769,49499554.6,1.80349561,423.9100669
2022-04-10,111.05882,70041575.32,110308,297579,16.37777161,7778734709,110479,32514658.74,1.7612129,294.3062368
2022-04-11,102.6063544,70048862.82,114019,356273,22.40705928,7187458442,116634,36988611.23,1.77070744,317.1340367
2022-04-12,104.7950213,70055737.82,137631,346612,18.56743518,7341492538,136901,43813104.71,3.04424464,320.0349502
2022-04-13,110.4494064,70063200.32,130813,326969,17.44789259,7738438885,132489,53257063.06,2.69560896,401.9734699
2022-04-14,107.3921028,70070587.82,113705,303029,16.880714,7525027769,114237,37165835.82,2.27162544,325.3397395
2022-04-15,110.9515939,70077537.82,121647,308782,16.49926952,7775214522,122012,25372123.76,1.8447129,207.9477736
2022-04-16,114.0273686,70085000.32,108940,283185,15.2391199,7991608166,109921,21012127.54,1.64032293,191.1566265
2022-04-17,108.804341,70092112.82,103483,283893,14.4645516,7626326144,104170,47985445.75,1.72972579,460.6455386
2022-04-18,111.2353281,70099075.32,110638,290037,15.71420094,7797493645,110638,40981554.54,2.06992083,370.4112017
2022-04-19,113.8594111,70106400.32,121383,326584,17.41063808,7982273454,122368,38354607.6,2.16536092,313.4365815
2022-04-20,111.9247381,70113612.82,125413,319773,16.87825793,7847447750,125710,28982337.98,2.37062412,230.5491845
2022-04-21,106.7979069,70120775.32,127863,314704,17.27662713,7488752036,128322,47744295.37,2.66309616,372.0663283
2022-04-22,105.4888116,70128137.82,125865,306018,15.41168299,7397733918,126123,46903559.63,2.05975645,371.8874402
2022-04-23,105.5517224,70135187.82,109635,272025,14.99163798,7402889877,110916,34079684.03,1.88085876,307.256699
2022-04-24,104.737831,70142812.82,110245,280441,14.10742527,7346606073,110581,18158284.61,2.27597098,164.2079978
2022-04-25,104.6992674,70149912.82,111827,292149,16.33356378,7344644479,112742,35849976.5,2.19270481,317.9824422
2022-04-26,98.15744667,70157275.32,118233,317252,17.46086168,6886459011,118000,26611276.1,2.00938051,225.519289
2022-04-27,100.4541879,70163887.82,110683,278770,16.13695315,7048256370,111989,62300191.97,2.02302582,556.3063513
2022-04-28,103.2592427,70171737.82,113771,303737,15.93257988,7245880507,113675,33417163.27,2.08026483,293.9710866
2022-04-29,100.3789435,70179037.82,118034,303269,16.46371812,7044497675,119219,26340897.71,2.1927635,220.9454676
2022-04-30,95.85531904,70186625.32,120962,305082,15.16561898,6727761363,121093,33342070.75,2.32847314,275.3426767
2022-05-01,99.33403463,70193887.82,115117,293630,14.70904731,6972642084,116016,32379507.41,2.08790234,279.0951887
2022-05-02,100.8301992,70201137.82,112203,300166,15.60798521,7078394708,112048,27260646.53,2.08744789,243.2943607
2022-05-03,99.22111784,70208425.32,108219,295972,15.07479174,6966158443,109534,29864172.29,1.7792312,272.6475094
2022-05-04,106.0688023,70215512.82,111776,285904,16.27508995,7447675347,112468,29966270.96,2.15936968,266.4426411
2022-05-05,96.78975077,70222525.32,116125,295213,15.47430358,6796820725,116312,33111783.34,2.12129553,284.6807152
2022-05-06,96.87262629,70230012.82,114513,280813,15.83612008,6803365787,115229,29288686.11,2.12548587,254.1780811
2022-05-07,94.49826545,70237337.82,113025,279522,16.51111683,6637306594,113880,76307160.49,2.07866342,670.0663899
2022-05-08,93.94999846,70244787.82,102696,258981,15.43756966,6599497708,103405,22102350.32,1.90595403,213.74547
2022-05-09,78.0780894,70251850.32,113219,282077,16.62316277,5485130250,113636,40061426,2.48296254,352.5416769
2022-05-10,80.10209834,70258575.32,117212,284110,14.8630208,5627859310,118178,62734985.99,3.14859913,530.8516474
2022-05-11,66.14343933,70265012.82,121124,301259,18.20222029,4647569613,121348,62473303.67,3.40899648,514.8276335
2022-05-12,64.06099826,70271787.82,121263,304746,20.7603004,4501680878,121152,60022934.93,3.74308671,495.4349489
2022-05-13,67.85856736,70279200.32,145957,358847,16.61759672,4769045849,147007,52223033.95,3.03107445,355.2418181
2022-05-14,68.72018966,70285912.82,112538,290350,15.12379599,4830061260,112683,44039265.4,2.72157573,390.8243958
2022-05-15,71.12544918,70292937.82,96447,276962,14.05603004,4999616777,97709,86659465.75,2.35065159,886.9138539
2022-05-16,67.19956612,70300050.32,102263,325953,14.76615311,4724132880,102909,61325971.52,2.74336324,595.924278
2022-05-17,72.8417229,70306587.82,106131,331168,14.76544615,5121252988,105906,68701807.31,2.24728794,648.7055248
2022-05-18,66.48938139,70314275.32,102706,336377,17.33220652,4675152669,103861,88984527.62,2.57832878,856.765558
2022-05-19,71.91445857,70321337.82,103662,317529,13.76629836,5057120936,104272,55303796.01,2.95735099,530.3801213
2022-05-20,68.70237737,70328412.82,102494,359856,14.40516189,4831729158,67045,29632116.04,2.57781296,441.9735408
2022-05-21,69.61710664,70336337.82,98237,316826,13.62329671,4896612331,99246,33402854.17,2.17708807,336.5662513
2022-05-22,71.74833664,70343600.32,93005,293247,13.03305709,5047036317,93954,58091134.11,2.22879624,618.2933575
2022-05-23,68.94599248,70351125.32,101144,398955,15.36957455,4850428157,101212,35303802.19,2.48893708,348.8104394
2022-05-24,70.26106111,70358875.32,100904,347552,14.63075808,4943489239,101281,48666407.5,2.4684377,480.5087578
2022-05-25,68.2690523,70366262.82,101922,373762,15.15102292,4803838077,103282,30280200.87,2.47494191,293.1798462
2022-05-26,63.92230199,70373475.32,100014,389341,14.53330972,4498434542,99866,31280995.25,2.5307548,313.2296803
2022-05-27,61.40928369,70380462.82,104865,381746,15.94850193,4322013808,106177,25763798.69,2.51493075,242.6495256
2022-05-28,63.0150949,70387962.82,96941,354418,14.19963842,4435504157,96926,38645031.26,2.22779291,398.706552
2022-05-29,63.74068658,70395312.82,87134,341785,14.14204972,4487045571,88106,50296171.09,2.09631709,570.8597722
2022-05-30,69.09329713,70402100.32,96413,339183,15.0527123,4864313236,96851,31835105.23,2.3333818,328.7018743
2022-05-31,68.65651433,70408162.82,101419,367251,15.57097915,4833979040,101299,45772033.83,2.46776307,451.8507965
2022-06-01,62.89473669,70414500.31,100634,339085,14.65020598,4428701456,102009,48533702.59,2.88913958,475.7786332
2022-06-02,64.37499743,70421100.31,100038,335425,13.19696036,4533358151,100354,48085646.31,2.57819221,479.1602358
2022-06-03,62.60613701,70428900.31,105253,344015,15.20631388,4409281382,105981,46636608.43,2.33588493,440.0468804
2022-06-04,63.64107069,70436600.31,97773,322698,12.85383974,4482660659,98259,51565097.7,1.99999056,524.7875279
2022-06-05,63.22931578,70444337.81,92295,287343,13.03140511,4454147280,93235,36709387.99,2.00897593,393.7296937
2022-06-06,64.26877062,70452050.31,97671,339541,14.8585836,4527866661,97729,34533467.76,2.09823397,353.3594712
2022-06-07,63.83490976,70459137.81,97313,285154,14.90885301,4497752704,98149,58902011.5,2.28956705,600.1284934
2022-06-08,61.50794995,70465737.81,96771,244415,15.13454826,4334203075,97270,34657331.67,2.64168377,356.3003152
2022-06-09,60.05213958,70472675.31,99931,261454,14.37343725,4232034934,100602,23382827.11,2.90841325,232.4290483
2022-06-10,56.54549432,70480312.81,106164,339944,17.3875113,3985344127,106820,46121424.45,2.29758367,431.7676882
2022-06-11,52.11265302,70487075.31,95630,268304,14.55996505,3673268498,95792,38174648.5,2.7550458,398.51604
2022-06-12,48.34087979,70493500.31,87775,219839,14.35092333,3407717824,88259,57322044.36,2.89099302,649.4753437
2022-06-13,42.85917273,70499825.31,99007,238492,17.43268975,3021564191,99751,49517700.99,2.87356085,496.4130785
2022-06-14,45.88261429,70506462.81,99594,254263,16.72531265,3235020838,100315,43334613.47,3.12349642,431.9853807
2022-06-15,50.34484669,70512575.31,104565,234054,20.91569836,3549944793,104868,47414246.32,2.78995456,452.1326459
2022-06-16,44.44542118,70519025.31,99346,252368,15.75064141,3134247781,99432,57174348.07,3.52719453,575.0095349
2022-06-17,47.75243287,70525850.31,99894,228335,15.22695407,3367780933,101071,35700802.77,3.43772336,353.2249881
2022-06-18,46.95185262,70532812.81,94285,215184,14.37382458,3311646232,94425,62610877.12,3.62204474,663.0752144
2022-06-19,54.17007822,70539562.81,88493,212155,13.98430447,3821133635,89449,75139855.32,2.99421819,840.0301324
2022-06-20,52.79371094,70546412.81,101812,240315,20.48315115,3724406926,102026,50290977.03,2.61120626,492.9231473
2022-06-21,53.62279884,70554050.31,97964,253971,16.30682541,3783305647,99087,33551588.16,2.35486105,338.6073668
2022-06-22,52.14564227,70561225.31,96326,265576,13.65382475,3679460413,96887,57708857.52,3.05972081,595.6305544
2022-06-23,55.75858759,70569525.31,104859,242471,18.57821091,3934857058,104701,40697698.34,2.4180964,388.704008
2022-06-24,56.1082175,70577375.31,108881,239411,16.13561022,3959970724,109557,69166475.59,2.97809948,631.3286744
2022-06-25,58.93733262,70584550.31,93816,224101,12.43488945,4160065119,94923,54416080.88,2.77106507,573.2654981
2022-06-26,57.07576677,70591487.81,89097,208834,13.82146283,4029063294,89699,56997765.8,2.79814787,635.4336816
2022-06-27,55.97345237,70598200.31,95211,259630,14.67441822,3951625002,95953,74975244.57,2.98911517,781.374679
2022-06-28,52.72285414,70605487.81,98174,251417,15.34988098,3722522835,97872,44951967.76,2.87777186,459.2934421
2022-06-29,53.31907832,70612737.81,97169,225120,12.92152279,3765006097,97122,27945978.8,3.55152673,287.7409732
2022-06-30,52.58003927,70619125.31,104671,238489,13.34936202,3713156382,105944,65311697.27,3.16127654,616.4737717
2022-07-01,51.33242532,70625550.31,105301,229686,13.68619836,3625380787,106383,61094119.51,3.40175328,574.2846085
2022-07-02,50.3751499,70633312.81,94110,207426,13.0690951,3558163720,94569,27433209.09,3.31539977,290.0866995
2022-07-03,50.93534131,70641400.31,85841,193986,12.35506746,3598143835,86573,74407396.46,3.18208419,859.4757772
2022-07-04,52.14472271,70648725.31,97445,204218,12.72385089,3683958191,97522,26477479.04,3.12700694,271.5026254
2022-07-05,49.806714,70655787.81,94914,226183,14.32923536,3519132616,95933,41584281.67,3.78810329,433.4721281
2022-07-06,50.3675176,70663087.81,100517,228963,13.81591435,3559124319,100825,51938517.36,2.5666007,515.1353073
2022-07-07,52.18485785,70670100.31,95323,277721,14.36886264,3687909139,96366,47789403.2,3.61913488,495.9156051
2022-07-08,51.79927537,70677225.31,104695,254712,19.24184431,3661029056,103369,56311232.85,2.70661451,544.7593848
2022-07-09,54.24722694,70683837.81,91147,229060,14.06101914,3834402191,93306,47949099.99,2.90190466,513.8908537
2022-07-10,52.07288489,70690862.81,83212,189488,12.86186067,3681077162,83563,51787198.15,2.84728999,619.7383788
2022-07-11,48.66683828,70698412.81,93735,222181,17.06809881,3440668223,94402,46759029.85,2.68570631,495.318212
2022-07-12,47.58538475,70705625.31,92782,233304,14.41022384,3364554384,92319,37172730.16,3.81991718,402.6552515
2022-07-13,49.42043504,70712500.31,92286,219426,14.63247275,3494642528,94026,40167042.93,3.3678672,427.1908081
2022-07-14,51.1805179,70719725.31,99145,225453,14.57082377,3619472167,99516,33591677.48,3.47368261,337.5505193
2022-07-15,51.77892532,70727350.31,101514,232964,14.4635692,3662186190,101968,36505943.41,3.79850372,358.013724
2022-07-16,55.05124277,70734662.81,93803,215963,12.59473196,3894031095,94768,55863059.32,3.22524365,589.4717554
2022-07-17,56.04516621,70742025.31,89343,206596,13.79467551,3964748567,89783,40101416.4,2.72565935,446.6482118
2022-07-18,58.36639484,70750037.81,96812,247280,16.54027498,4129424642,97539,43864516.6,2.70579318,449.7125929
2022-07-19,58.12411088,70756912.81,97339,272069,19.49989525,4112682646,98434,27945076.36,2.93796815,283.8965841
2022-07-20,57.30688403,70764125.31,97599,233756,14.17513429,4055271523,97150,44562580.6,3.06146348,458.6987195
2022-07-21,58.11818717,70770725.31,95202,221482,12.60961356,4113066260,95947,23077122.48,3.22061942,240.5194792
2022-07-22,56.1187143,70778012.81,101422,233889,13.77079476,3971971080,102818,21073695.78,3.05332554,204.9611525
2022-07-23,56.48866677,70785412.81,96794,218418,11.97281219,3998573596,96188,31334568.86,2.82685499,325.7638049
2022-07-24,58.53519529,70792462.81,91230,214785,11.9132753,4143850636,92172,34391825.32,2.55646924,373.1266038
2022-07-25,54.79350867,70799750.31,97266,248194,12.75404397,3879366732,98497,76738261.49,2.8902077,779.0923732
2022-07-26,53.69130187,70807187.81,97073,256649,14.25940017,3801730095,97561,69218503.36,2.9194945,709.4894821
2022-07-27,58.8982343,70814162.81,96078,243345,13.07440821,4170829153,95732,56441945.64,3.33713953,589.5828526
2022-07-28,63.45466151,70821325.31,102018,271536,13.78905131,4493943225,103163,77332002.2,3.11560692,749.609862
2022-07-29,61.4684117,70828400.31,101692,259831,14.0501876,4353709270,102367,53190181.04,3.01647447,519.6028119
2022-07-30,60.30383901,70835987.81,96982,247014,13.49545515,4271682005,97375,39075791.14,2.86904793,401.2918217
2022-07-31,59.93938381,70843412.81,91932,270707,11.92061708,4246310511,92274,23974377.96,2.51160866,259.8172612
2022-08-01,59.4893171,70851075.31,99967,280616,14.43589069,4214882086,100970,48525363.02,2.47753527,480.5918889
2022-08-02,58.37833852,70858287.81,98965,281571,13.74069482,4136589112,99475,58295715.4,2.50655644,586.0338316
2022-08-03,57.61072035,70865325.31,96086,238918,13.62511206,4082602439,96701,74187914.8,2.99999477,767.1887033
2022-08-04,59.77815345,70872087.81,99425,259457,13.76745174,4236602540,99932,55993996.53,3.04133311,560.3209836
2022-08-05,62.32883967,70878887.81,105857,295555,14.92260119,4417798834,106522,80259672.73,3.15885876,753.456307
2022-08-06,61.02233291,70885462.81,96149,260445,14.42625971,4325596310,96894,73424969.66,2.68799356,757.7865467
2022-08-07,61.04840471,70892862.81,90966,291138,13.16143357,4327896179,91658,75212848.22,2.67227236,820.581381
2022-08-08,62.58386094,70899950.31,102238,261618,14.48338971,4437192630,102347,45210618.59,2.24531333,441.7385814
2022-08-09,59.24768759,70907725.31,101333,324049,14.75639339,4201118757,101553,53708452.16,2.86124325,528.8711526
2022-08-10,61.61058849,70915500.31,103594,291850,14.22396708,4369145707,105114,41195665.31,3.158603,391.9141628
2022-08-11,61.85591423,70923287.81,101330,263824,14.8201465,4387024808,101625,37421882.09,3.07425212,368.2350021
2022-08-12,62.9091277,70930562.81,103550,291642,16.4410651,4462179834,103886,54406669.43,2.9193618,523.7151245
2022-08-13,63.80770116,70937887.81,100639,310420,15.28647444,4526383546,101265,77632188.13,2.83630405,766.6240866
2022-08-14,63.285911,70945312.81,90771,284392,13.71378436,4489838752,90999,85700716.73,2.62261493,941.7764671
2022-08-15,60.68009033,70952475.31,98919,281612,21.21913404,4305402611,100064,56222164.48,2.74952298,561.862053
2022-08-16,61.33608421,70959337.81,99129,295227,14.30168223,4352367919,99318,55191127.43,2.97094724,555.7011562
2022-08-17,60.33163171,70966575.31,99100,263013,15.34024009,4281529285,100425,81847807.08,2.99999676,815.0142601
2022-08-18,60.03480821,70974175.31,97800,340009,14.95667718,4260921002,97748,63375491.86,2.9190439,648.3558934
2022-08-19,53.96825238,70981637.81,101133,287767,14.66519091,3830754944,101574,54608924.32,3.59708044,537.6269943
2022-08-20,54.10152111,70989287.81,94983,269962,13.79347539,3840628453,96380,50848566.21,3.55839625,527.5842105
2022-08-21,55.53171086,70996750.31,90187,254051,13.24281895,3942571010,90818,81404589.13,3.43571432,896.3486217
2022-08-22,56.92772427,71002900.31,97844,233069,14.54940245,4042033531,97575,81124359.05,3.63666614,831.4051658
2022-08-23,57.1098206,71010350.31,94510,333695,14.47481388,4055388367,95802,65271633.83,3.04696656,681.3180709
2022-08-24,56.46801567,71017712.81,97353,278152,14.28138948,4010229320,97851,72711639.39,3.17349896,743.0852969
2022-08-25,56.83368375,71025575.31,103875,250818,15.01079422,4036645085,104131,46914712.67,2.99919055,450.535505
2022-08-26,52.62138522,71032600.31,102877,266872,15.15019737,3737833824,103193,47161770.29,3.25772402,457.0248979
2022-08-27,53.08305304,71039500.31,98215,232441,13.8274303,3770993563,99050,50606065.32,3.19915702,510.9143394
2022-08-28,53.95333415,71046225.31,90823,262453,14.23192054,3833180734,91666,58490368.18,2.69461319,638.0813844
2022-08-29,55.6570428,71052762.81,98327,282004,14.37486626,3954586661,98494,49004318.61,3.00984664,497.5360795
2022-08-30,53.17675919,71060450.31,102587,272072,14.80601765,3778764454,103504,28783972.17,2.7449893,278.0952636
2022-08-31,53.77030849,71066975.31,105707,320085,14.99100572,3821293186,106273,67524153.4,3.53644892,635.3839018
2022-09-01,57.41967853,71074600.31,108005,276359,15.59589979,4081080701,108081,82495361.38,3.49816545,763.2734836
2022-09-02,60.90171553,71081537.81,109941,270710,15.20801334,4328987595,110697,102014759,3.42100564,921.5675134
2022-09-03,60.00310566,71089000.31,102597,320998,14.73511398,4265560797,103423,77511629.61,2.75259341,749.4622048
2022-09-04,60.76691128,71096437.81,91458,258297,13.10443827,4320310929,92094,67581574.51,2.68772274,733.8325461
2022-09-05,60.36824593,71103475.31,102400,270475,14.91040979,4292392084,102896,45222212.17,2.25327699,439.4943649
2022-09-06,54.26290412,71110762.81,103252,330886,14.28548942,3858676504,103813,62844515.47,2.60416993,605.3626758
2022-09-07,57.65619343,71118837.81,111593,277442,14.49361443,4100441469,111826,51989513.98,2.70856681,464.9143668
2022-09-08,58.01126368,71126912.81,121156,407698,18.20089165,4126162094,121101,71734622.7,1.42563895,592.3536775
2022-09-09,61.13961146,71134487.81,142421,332051,17.37347272,4349134946,143826,57052907.05,0.91563303,396.6800651
2022-09-10,63.42929584,71142487.81,113990,272889,15.21499079,4512517906,113614,54989860.18,1.81139972,484.006022
2022-09-11,62.15861322,71149525.31,109804,218445,14.08510153,4422555825,111890,31376241.91,1.24796626,280.42043
2022-09-12,61.32538312,71156725.31,130126,336564,16.37278917,4363713441,128192,50230668.78,1.2687058,391.8393408
2022-09-13,58.92187125,71163637.81,118912,292500,16.16874311,4193094704,120938,40346298.76,1.35523492,333.611427
2022-09-14,60.04280855,71170512.81,109976,292482,14.18116161,4273277475,111596,33747688.62,1.8238314,302.4094826
2022-09-15,56.22179913,71177475.31,109846,236791,14.9098264,4001725719,110027,40450986.23,3.10888086,367.6459981
2022-09-16,55.69880879,71184650.31,102044,223635,13.63236065,3964900227,103010,43492167.74,3.58674294,422.2130642
2022-09-17,57.70997723,71191900.31,98777,221033,13.37479648,4108482945,99011,48406572.5,3.23454554,488.9009555
2022-09-18,52.90452409,71199000.31,90793,204706,12.30225725,3766749227,91502,58149804.22,2.79980845,635.5030953
2022-09-19,52.74730956,71206675.31,95777,305636,13.80099498,3755960545,96120,85028804.76,3.6999838,884.6109525
2022-09-20,52.28632603,71213937.81,96409,226476,13.99905114,3723515170,97402,67735857.91,3.49878698,695.4257398
2022-09-21,51.08175253,71221462.81,99709,211364,13.77344027,3638117138,99903,51070320.29,3.63230807,511.199066
2022-09-22,53.46854666,71229750.31,99331,214571,13.45360356,3808551228,100053,33359277.12,3.71084531,333.4160607
2022-09-23,55.11758117,71236650.31,101410,239482,13.13117478,3926391856,101806,31937810.79,3.70615999,313.7124608
2022-09-24,53.42489645,71243225.31,96026,211043,12.81279183,3806161935,96719,51617441.79,3.31417036,533.68461
2022-09-25,52.5754839,71250187.81,118710,216479,13.39473489,3746013102,119062,47567613.52,8.65201048,399.5196916
2022-09-26,53.4170713,71257037.81,212410,334375,21.65462798,3806342269,211014,32320499.5,0.46124624,153.1675599
2022-09-27,52.72362458,71264125.31,193443,344065,19.45450109,3757302989,194534,46383404.33,0.25359215,238.4334066
2022-09-28,53.31758288,71271450.31,135951,278083,15.0309205,3800021459,138527,34425780.29,0.46452446,248.513144
2022-09-29,53.85561859,71277925.26,98753,324153,15.84415022,3838716757,98514,36165692.62,4.11430874,367.1122137
2022-09-30,53.43382465,71285275.26,101672,241402,14.34587084,3809044898,102993,64696867.03,4.35218973,628.1676136
2022-10-01,52.89653184,71292787.76,100218,213266,14.84950842,3771141218,100780,30336911.2,3.90018275,301.021147
2022-10-02,51.84849687,71300512.76,92936,201476,12.38752013,3696824413,92961,45917871.99,3.86268586,493.9476984
2022-10-03,54.19268918,71308150.26,97283,237165,14.1961246,3864380423,98134,54812034.9,3.38123637,558.5427568
2022-10-04,55.31884513,71315075.26,97543,219949,14.41718413,3945067604,98320,62126821.53,3.92293426,631.8838642
2022-10-05,54.54541727,71322150.26,98314,218390,13.48993942,3890296447,98871,43563917.25,3.76850076,440.6137011
2022-10-06,53.49303497,71329587.76,98757,215476,13.78068857,3815636132,99429,61255653.71,3.60974007,616.0743215
2022-10-07,52.87251135,71336087.76,101380,211387,13.63735497,3771718110,102166,49521600.3,4.41598135,484.7170321
2022-10-08,52.80647652,71343537.76,98665,203660,14.25310209,3767400852,98988,59515991.16,3.38295795,601.244506
2022-10-09,53.79222178,71350550.26,91108,210351,13.71022881,3838104624,91190,35440886.95,2.84366416,388.6488316
2022-10-10,52.83661029,71357287.76,95143,221469,14.9055355,3770277205,96506,46235815.83,3.59999254,479.0978367
2022-10-11,51.95397683,71364850.26,102650,244542,16.44113409,3707687777,102726,43365776.02,3.02207875,422.1499525
2022-10-12,52.20025716,71372325.26,105776,261216,15.34081938,3725653733,106028,32362695.08,2.87585925,305.2278179
2022-10-13,51.25579249,71379562.76,106504,432307,17.93150831,3658616057,107662,57813847.16,3.32953795,536.9939919
2022-10-14,51.29132485,71386275.26,111874,528156,16.80937287,3661496634,112310,41377504.17,3.54016776,368.4222614
2022-10-15,50.4819957,71393300.26,103987,487088,14.49110967,3604076277,104393,45351944.23,3.13814492,434.4347249
2022-10-16,51.47003959,71400887.76,95180,472440,13.25715881,3675006520,95759,53312267.64,3.07184781,556.733755
2022-10-17,51.88476362,71408212.76,100559,242037,13.39260393,3704998240,100846,45902122.64,3.23208503,455.1704841
2022-10-18,51.91768366,71415662.76,101751,226952,14.65542264,3707735787,102828,58709095.28,3.71423508,570.9446384
2022-10-19,50.98267901,71423200.26,100008,340506,16.06318384,3641346093,100817,42345817.7,3.98074054,420.02656
2022-10-20,51.16460671,71430675.26,100074,217381,14.06409797,3654722407,99893,68799458.6,3.58172616,688.7315288
2022-10-21,51.63920941,71438012.76,102278,219789,14.70271185,3689002501,103358,44583070.14,3.65694704,431.3460994
2022-10-22,52.18868272,71444600.26,99110,215398,13.17432009,3728599575,100085,34117067.94,3.43987397,340.8809306
2022-10-23,53.89446965,71451587.76,94825,198052,12.84271182,3850845428,94827,51374296.77,3.06451584,541.7686605
2022-10-24,52.57055649,71459112.76,96111,219293,13.53535815,3756645324,96818,40105467.06,3.14655059,414.235649
2022-10-25,56.03873181,71466687.76,103710,255342,15.97272656,4004902549,104475,56198520.63,3.36352204,537.9135739
2022-10-26,56.40034257,71474400.26,102638,229784,15.34976285,4031180660,103510,48052246.91,3.1097148,464.2280641
2022-10-27,54.7920118,71481825.26,102493,221186,15.69645701,3916633013,102733,40212326.56,3.28783893,391.4256039
2022-10-28,55.00270339,71489362.76,105400,232609,15.00234198,3932108216,106042,38689975.64,3.63925215,364.8552049
2022-10-29,56.45705482,71496350.26,101903,218379,15.091423,4036473366,102133,20585699.13,3.14073343,201.5577642
2022-10-30,55.33862008,71503187.76,93108,210990,13.41806697,3956887742,93875,25579922.46,2.64249994,272.4891873
2022-10-31,55.1038306,71509887.76,97943,243832,14.3147965,3940468741,97347,70664998.64,2.79704297,725.9083345
2022-11-01,55.14002442,71517350.26,105206,235270,16.67034836,3943468440,107019,63257436.64,2.75753989,591.0860374
2022-11-02,60.35309491,71525225.26,111680,247124,16.78462536,4316768708,111844,52053849.28,2.61653866,465.4147677
2022-11-03,61.8684244,71532637.76,107159,229235,14.77644439,4425611591,107456,56631497.13,2.96853966,527.0203351
2022-11-04,67.56251951,71540187.76,111021,234536,15.66091541,4833435331,111653,44269843.9,2.81871992,396.4948895
2022-11-05,69.82215826,71547725.26,108029,229316,15.85211992,4995616597,108751,39449382.71,2.37916855,362.7496088
2022-11-06,68.11082001,71555125.26,100144,226181,14.61334187,4873678258,101473,37450103.54,2.11317093,369.0647122
2022-11-07,67.62842884,71562500.26,105312,254726,16.03909818,4839659457,105937,99063763.19,2.57741606,935.1195823
2022-11-08,57.381763,71570025.26,105953,327447,17.44832073,4106814227,106338,58288017.6,3.31998595,548.1391187
2022-11-09,50.23723598,71576975.26,101598,216503,16.0548245,3595829397,102345,68605091.15,3.83812899,670.3316346
2022-11-10,60.28596239,71584200.26,114245,240960,15.3184407,4315522405,114439,100962473.6,2.30222197,882.2383414
2022-11-11,60.91535315,71591475.26,146543,293617,16.50132202,4361019998,147544,64136559.6,0.76137686,434.6944613
2022-11-12,59.68495398,71598612.76,141752,298451,16.21215682,4273359908,142151,55342705.21,0.77853497,389.3233618
2022-11-13,57.19653065,71605862.76,124925,278997,17.07052068,4095606924,125253,62968725.26,0.96274467,502.732272
2022-11-14,56.50431881,71612987.76,126241,304075,15.33698112,4046443092,127460,54403935.78,1.1710459,426.8314434
2022-11-15,57.94609146,71620662.76,111443,268315,15.60045742,4150137475,111819,56392253.95,2.74146805,504.3172801
2022-11-16,57.45677137,71628187.76,102819,229538,15.08141901,4115524408,102635,61779632.15,3.46604083,601.9353256
2022-11-17,62.13742092,71635137.76,106431,249084,16.02186237,4451222708,107060,75124163.35,2.619724,701.7015071
2022-11-18,62.45234133,71642050.26,108145,241957,15.28884629,4474213776,108659,72904882.09,2.99094446,670.95116
2022-11-19,63.81650512,71649312.76,96038,226278,13.55841397,4572408735,97092,48876822.26,3.15163482,503.407307
2022-11-20,61.87728367,71656187.76,91908,226738,13.90628158,4433890257,92540,39590979.63,3.06944488,427.825585
2022-11-21,61.47117837,71663537.76,96225,236703,14.71598381,4405242112,96530,31661729.84,3.32823513,327.9988588
2022-11-22,70.22341541,71671062.76,98385,270649,15.00019896,5032986813,99623,42493638.81,2.80133759,426.5444607
2022-11-23,79.19592525,71679037.76,103226,249577,16.9182006,5676687717,103392,29515461.15,2.81243864,285.4714209
2022-11-24,78.69130757,71686287.76,98646,242737,14.24038241,5641087719,99218,36483495.06,3.47176028,367.7104463
2022-11-25,73.93276458,71693112.76,103365,272426,14.84485649,5300470027,103899,48633147.37,2.87140466,468.0809957
2022-11-26,76.34046307,71699987.76,96009,233647,14.23292391,5473610268,95800,41902402.86,2.56027826,437.3946019
2022-11-27,74.89715661,71707012.76,90949,229500,12.69446544,5370651364,92613,25558387.2,2.35108753,275.969758
2022-11-28,73.90301371,71714387.76,108189,270078,15.45559103,5299909382,107737,33558409.82,2.27569231,311.4845394
2022-11-29,76.10154444,71721562.76,104187,272650,14.43921184,5458121696,105500,65951725.77,2.01837834,625.1348414
2022-11-30,79.36234459,71729162.76,103861,268827,14.79858569,5692594532,104455,50262761.54,2.55714278,481.1905753
2022-12-01,77.55617432,71736425.26,110213,270496,14.11425262,5563602703,111011,42475589.61,2.26448648,382.6250517
2022-12-02,77.86315774,71744237.76,109001,267386,13.33555155,5586232901,109583,27997301.31,2.24240543,255.4894583
2022-12-03,76.6043045,71751675.26,102148,239867,13.96838327,5496487180,102754,30248982.58,2.44667016,294.3825309
2022-12-04,77.09631406,71759162.76,94141,223065,13.35141467,5532366949,94432,24555630.95,2.21156113,260.0350617
2022-12-05,80.20492713,71765725.26,100269,253645,15.23980466,5755964765,100583,21611603.75,2.30427842,214.863384
2022-12-06,79.6990465,71773737.76,97547,257185,13.09426196,5720298463,98750,31907077.51,2.47341249,323.1096457
2022-12-07,77.05027467,71780750.26,95692,234318,14.30468467,5530726524,96068,27387923.59,2.64973117,285.0889328
2022-12-08,78.44193253,71787450.26,98700,231413,14.00417726,5631146329,99500,27596115.98,2.62663203,277.3478993
2022-12-09,76.30734074,71794762.76,107668,254488,13.73670355,5478467425,107708,40177295.16,2.68869966,373.0205292
2022-12-10,76.36567979,71801487.76,106056,249567,14.55265063,5483169423,106943,36124920.31,1.96768935,337.7960251
2022-12-11,76.58455621,71808700.26,94249,226575,12.97236287,5499437441,94619,32304010.43,2.22649671,341.4114546
2022-12-12,76.21074314,71815800.26,100638,261305,14.07873714,5473135507,101405,41669024.86,2.01772685,410.9168666
2022-12-13,77.3870349,71822850.26,113495,312922,14.87614153,5558157420,113795,70083949.45,1.62917364,615.8789881
2022-12-14,75.46026207,71830350.26,112726,311889,14.63328475,5420337055,113871,50109669.98,1.55756298,440.0564672
2022-12-15,72.33262294,71837812.76,113276,328479,14.74022717,5196217423,112864,132766139.8,1.66200477,1176.33736
2022-12-16,65.98976935,71844387.76,116754,328242,14.61535975,4740994577,118049,88925167.93,1.72191363,753.290311
2022-12-17,64.91810218,71851587.76,114534,322717,14.17159405,4664468716,114961,142295298.8,1.51056126,1237.77019
2022-12-18,64.70685254,71858862.76,105345,250246,12.16020956,4649760836,106327,230525349.4,1.54903659,2168.079128
2022-12-19,63.21979016,71866150.26,111988,269589,23.22068386,4543362939,112481,77237153,1.74455447,686.6684417
2022-12-20,65.77478327,71873812.45,108696,276440,16.67689073,4727484437,108969,35138299.02,2.0937301,322.461425
2022-12-21,65.34277726,71881462.45,103582,243018,14.92835272,4696934390,103935,34909255.33,2.64838524,335.8758391
2022-12-22,66.10037669,71888599.95,103052,244472,14.66555019,4751863537,103909,31868897.48,2.76450959,306.7000691
2022-12-23,65.73642521,71895824.48,121444,275632,14.44828095,4726174489,121748,36855738.44,1.53096147,302.7215103
2022-12-24,65.74199645,71902649.48,109290,244284,13.61182172,4727023727,109666,27730163.04,1.67489905,252.8601667
2022-12-25,69.07193301,71910036.98,86763,216528,12.63561423,4966965257,88209,24165508.52,2.83619953,273.9574025
2022-12-26,70.42720417,71917986.98,98176,241997,13.27726988,5064982753,98632,63865193.46,2.37157543,647.5098696
2022-12-27,68.69395866,71925049.48,99765,261857,15.00704172,4940816376,100363,43349230.81,2.69882751,431.9244224
2022-12-28,66.20532003,71931973.8,104327,251653,14.52139293,4762279346,104576,28389806.33,2.78253997,271.4753513
2022-12-29,66.72247719,71939561.3,105146,254765,14.80138689,4799985738,105218,32699698.16,2.92470994,310.7804573
2022-12-30,67.93944706,71947086.3,109397,266576,15.4236592,4888045261,110290,32901395.66,2.85558409,298.3171245
2022-12-31,70.00356501,71954448.8,102232,242983,15.06111813,5037067934,102589,34368149.4,2.55684614,335.0081334
2023-01-01,70.74635134,71961123.8,86270,219339,11.89194089,5090986947,87928,49355433.17,2.45230917,561.316454
2023-01-02,74.91457826,71968198.8,97610,261543,14.09207718,5391467261,96912,32905922.16,2.3384582,339.5443512
2023-01-03,75.57444596,71975336.3,96009,250997,12.77364197,5439496163,96968,41469760.92,2.179453,427.6643937
2023-01-04,75.36138808,71982373.8,120676,280863,14.27846435,5424691606,120880,55813921.17,2.69806465,461.7299898
2023-01-05,74.22287194,71989511.3,107459,254140,13.22718624,5343268278,108445,41545005.14,1.83650516,383.0974701
2023-01-06,76.0552707,71996623.8,109478,251551,13.14371097,5475722713,110622,66991097.34,2.14031182,605.5856642
2023-01-07,76.31201554,72003873.34,95106,231163,12.68033091,5494760701,95686,36641606.47,2.51530355,382.9359203
2023-01-08,77.34670506,72011398.25,89226,234543,12.34713527,5569844382,89348,33537222.29,2.43651666,375.3550419
2023-01-09,81.68586274,72018523.25,99853,242680,13.80506929,5882895205,101162,22631260.86,2.49263487,223.7130628
2023-01-10,80.82460678,72026085.75,98666,255682,13.29773097,5821480059,98861,25937794.41,2.44033479,262.3662962
2023-01-11,84.04348054,72033098.25,103702,240938,13.33827971,6053912291,104057,23864036.17,1.87140714,229.3361924
2023-01-12,85.91035252,72040060.75,102898,253714,12.94159595,6188987015,103731,62361636.96,2.2253182,601.1861156
2023-01-13,86.26863567,72047410.75,103048,265007,13.38325752,6215431829,102459,71101532.41,2.70264865,693.9510673
2023-01-14,87.76201594,72054985.75,100813,245601,13.48513843,6323690808,102691,48539057.61,2.28577253,472.6709995
2023-01-15,87.37151318,72062248.25,90499,232114,9.82969624,6296187673,91067,66681463.67,2.10476766,732.2242269
2023-01-16,85.81223539,72070235.75,99356,260373,15.63814051,6184508035,99679,50265199.56,2.04778133,504.2707045
2023-01-17,87.28044817,72077710.12,104605,272710,13.93194936,6290974843,105439,82197443.53,1.30769892,779.5734361
2023-01-18,82.95341561,72085535.12,94653,228153,12.37480106,5979741354,94565,43907178.42,2.30841865,464.3068622
2023-01-19,84.15611605,72092872.62,94800,216832,12.63598302,6067056155,96113,43950282.78,2.01139008,457.2771923
2023-01-20,90.3516509,72099885.12,102149,239051,13.65786657,6514343650,102130,59379068.34,2.25040593,581.4067203
2023-01-21,88.49491757,72107010.12,98359,237999,13.07866506,6381103917,98966,47018123.76,2.17576498,475.0937065
2023-01-22,87.62710647,72113822.62,90695,249427,12.70273775,6319125613,91965,69088059.65,1.94611473,751.2429691
2023-01-23,90.07219682,72121297.62,94891,239744,12.47063713,6496123714,95150,44120856.95,2.1917492,463.6979185
2023-01-24,87.04349287,72128822.25,96580,255937,13.43307484,6278344626,97027,40544645.34,2.12574693,417.8697202
2023-01-25,89.31547569,72136597.25,97148,241035,13.17149692,6442914498,97714,36531576.66,2.16188081,373.8622578
2023-01-26,87.49986898,72144172.25,97405,234229,13.23272278,6312605620,97897,53484860.53,2.23269626,546.3380955
2023-01-27,88.86701848,72151597.25,101868,247906,13.30989393,6411897327,102990,43705525.54,2.3201783,424.3666913
2023-01-28,89.32860238,72158809.75,97721,241138,13.41042684,6445845625,98233,100262284.8,2.4008774,1020.657872
2023-01-29,95.11036528,72166259.75,97308,244486,13.15867133,6863759326,98163,46460673.92,1.97992466,473.3012838
2023-01-30,90.99118088,72173059.75,94256,229788,12.79285417,6567111935,94649,73524609.29,2.16436785,776.8133767
2023-01-31,94.20893245,72179972.25,102259,232511,14.97318237,6799998130,102428,67539338.76,2.18182872,659.3835548
2023-02-01,100.5850041,72187072.25,104333,268584,14.88296161,7260936955,104033,85823687.08,2.45835694,824.9659923
2023-02-02,98.84129117,72193909.75,99246,295634,14.50844692,7135739255,100520,28599379.08,1.48847029,284.5143164
2023-02-03,100.0262121,72201834.75,100060,250695,13.28550763,7222076039,99557,79399987.32,1.52702409,797.5329441
2023-02-04,98.66536896,72208984.75,92708,231494,12.65809674,7124526122,94650,67574701.56,1.44313251,713.9429642
2023-02-05,96.38058613,72216309.75,86821,223167,11.83675637,6960250262,87679,34356438.76,1.35151642,391.8434147
2023-02-06,95.94163072,72223297.11,90839,226906,12.31189223,6929220900,91097,40522581.68,1.29016213,444.8289371
2023-02-07,100.9643034,72230634.57,107483,325832,15.04905047,7292715700,107882,39036511.04,2.33752364,361.844525
2023-02-08,99.18668024,72237647.07,91517,346825,15.88019472,7165012401,92602,56246757.12,1.68469814,607.4032647
2023-02-09,91.91579384,72244847.07,101939,355864,14.58210977,6640442470,101958,31434484.06,2.15101343,308.3081667
2023-02-10,93.46266973,72252084.57,99578,352732,14.09101951,6752872718,100616,36253547.3,2.61887655,360.3159269
2023-02-11,94.38769498,72259722.07,111708,292314,12.93070163,6820428606,112392,64259347.58,2.2876764,571.7430741
2023-02-12,92.31723041,72267022.07,108585,250054,14.02644407,6671491327,108089,50664828.78,2.25551284,468.7325147
2023-02-13,91.07664572,72274172.07,106976,246078,13.46831711,6582489164,108398,49410476.3,2.11241461,455.8246121
2023-02-14,95.64470432,72281697.07,105244,271298,12.94117341,6913361544,105144,42493501.4,1.85903164,404.1457563
2023-02-15,102.7336263,72288834.57,93715,276313,13.42226207,7426494117,95201,38284653.52,1.56444177,402.1454976
2023-02-16,99.24806705,72295872.07,95508,235755,12.52162314,7175225558,95829,19390016.59,1.68600448,202.3397571
2023-02-17,100.3979164,72302272.07,97622,248135,11.95720799,7258997463,98043,24075785.68,1.60036871,245.5635352
2023-02-18,99.74740991,72309284.57,96923,235720,10.64975308,7212663848,97749,13271326.51,1.47820359,135.769435
2023-02-19,97.72949907,72316259.57,88160,215417,11.08321221,7067431823,88510,35325288.75,1.32613791,399.1107078
2023-02-20,95.79478919,72323684.57,84138,224395,12.43768624,6928232117,85230,23615751.92,1.71779798,277.0826226
2023-02-21,93.58386922,72331146.82,93381,248253,15.81775302,6769028585,93998,22140263.02,1.31062356,235.5397245
2023-02-22,95.10715249,72338209.32,127871,289359,14.35090262,6879881105,128160,33844810.59,0.4435268,264.0824796
2023-02-23,94.63689328,72345296.56,96670,229054,12.92730277,6846534111,97196,54944175.02,1.57499524,565.2925534
2023-02-24,91.51607814,72353571.56,106141,255911,13.89135868,6621515109,106664,21128442.33,1.16927801,198.084099
2023-02-25,93.22607054,72361096.56,109314,247093,11.875003,6745940693,110068,12812866.43,0.82596545,116.4086422
2023-02-26,95.18556951,72368396.37,116355,270564,12.7014767,6888427023,115269,114220784.9,0.53938712,990.906357
2023-02-27,94.0152517,72375158.87,103610,256641,12.88619031,6804368778,105674,29009023.88,0.92015829,274.5142975
2023-02-28,93.80814334,72382558.87,109211,279171,13.1563243,6790073458,109210,47379035.44,1.05481369,433.8342225
2023-03-01,97.65814334,72389633.87,160378,341407,15.45624022,7069437241,160120,51552365.02,0.26197399,321.9608108
2023-03-02,95.16152339,72396708.87,174821,369064,14.81876366,6889381104,175919,19036968.85,0.08733097,108.214399
2023-03-03,90.49928001,72404108.87,141207,313164,13.61845935,6552519723,142336,68802198.66,0.90058699,483.3787563
2023-03-04,89.07420152,72411033.87,134563,293320,13.65159608,6449955023,134796,18313188.92,0.80404267,135.8585486
2023-03-05,89.86120481,72418396.37,126105,274800,12.67987844,6507604348,127338,51076172.65,1.35427542,401.1070745
2023-03-06,87.40056609,72425071.37,125579,277721,13.91571421,6329992237,125500,20884582.74,1.25452621,166.4110178
2023-03-07,86.18492412,72432008.63,153699,341916,15.14723062,6242547167,153829,89068566.22,0.96639782,579.0102401
2023-03-08,82.82378088,72439046.13,142724,304443,12.53954452,5999675683,143916,37178617.25,0.84927191,258.3355377
2023-03-09,76.52777065,72446646.13,126115,323126,13.16700763,5544180319,127220,85296405.18,0.76262436,670.4638043
2023-03-10,72.03212821,72454096.13,125976,289229,13.19459692,5219022741,126342,44368406.32,1.1144,351.1770141
2023-03-11,69.47687383,72461996.13,108402,253805,13.35148895,5034432962,109078,74609949.36,1.77733507,684.0054765
2023-03-12,76.10042419,72469196.13,95572,229855,11.85296833,5514936566,96055,110539167.4,1.6237325,1150.790353
2023-03-13,81.69616325,72476271.13,98629,271789,13.6447845,5921033278,98971,101944957.3,1.72291995,1030.048775
2023-03-14,84.48079582,72483683.63,99857,340405,15.13129392,6123479277,101455,31161410.29,1.72339174,307.1451411
2023-03-15,76.34970741,72490446.13,98979,315808,13.79341789,5534624352,98801,29539516.23,1.91436398,298.9799317
2023-03-16,79.0608241,72497833.35,99229,272446,12.99236571,5731738450,99455,39149778.61,2.06548902,393.6431412
2023-03-17,85.40376981,72505158.35,102310,305297,13.7625005,6192213854,103331,115804582.7,2.09135973,1120.714816
2023-03-18,82.97973382,72512158.35,99427,248159,11.38602538,6017039599,99768,19316993.58,1.84939423,193.6191322
2023-03-19,84.97943991,72519520.85,89792,231176,14.58064443,6162668265,90994,63548922.18,1.77809938,698.3858516
2023-03-20,78.67307358,72526720.85,94627,242222,12.61359404,5705900046,95061,95943296.21,1.84047464,1009.281369
2023-03-21,82.73443202,72534145.85,95601,243945,12.95438181,6001071359,96272,106577804.9,1.81375485,1107.048829
2023-03-22,87.37145455,72540783.35,100999,242267,13.02230797,6337993756,100907,92012587.67,1.60538963,911.8553487
2023-03-23,93.70871134,72548058.35,103293,240443,13.99785654,6798385059,104044,61164324.37,1.48043933,587.8697894
2023-03-24,93.250032,72555570.85,102349,253008,14.22293697,6765809304,103074,78243811.97,1.52724349,759.1032848
2023-03-25,91.43901097,72563158.35,102864,230229,11.81640846,6635103432,103612,65427416.26,1.09286052,631.4656242
2023-03-26,93.71430445,72570458.35,89931,209549,10.66205877,6800890028,90136,56398010.93,1.39949389,625.6990651
2023-03-27,89.1110487,72577795.85,91274,224223,11.811149,6467483501,92401,47394472.52,1.61910332,512.9216406
2023-03-28,89.16052996,72584345.85,92852,235222,11.56206281,6471658743,93351,42434366.67,1.63025227,454.5678853
2023-03-29,91.44103783,72591345.85,96078,226500,11.38981702,6637828002,96398,44294082.19,1.5030366,459.4917134
2023-03-30,88.95584288,72598183.35,95345,234114,11.97819558,6458032592,95606,48952448.97,1.76435473,512.0227702
2023-03-31,89.73697293,72605370.85,100879,246490,12.12206235,6515386199,101384,45081721.66,2.06580955,444.6630796
2023-04-01,92.76422739,72612670.85,98909,222188,11.76950546,6735858310,99857,33963450.03,1.62964717,340.1208732
2023-04-02,93.0200717,72619795.85,90100,206415,11.12831635,6755098617,91044,39372858.41,1.5822035,432.4596724
2023-04-03,93.21783816,72627020.85,96059,219789,11.88464559,6770133876,96185,29313534.52,1.65197448,304.7620161
2023-04-04,92.45856758,72633808.35,95999,233893,11.91042014,6715617878,96293,43512857.3,1.52289286,451.8797555
2023-04-05,92.61352204,72641245.85,97535,223570,11.86163747,6727561624,98589,57427738.07,1.61599779,582.4964049
2023-04-06,90.91528122,72648720.85,98908,235880,18.04403435,6604878887,99008,53043669.98,1.51456375,535.7513532
2023-04-07,90.61563769,72656083.35,97586,217445,12.04311846,6583777325,98455,58279102.71,1.70051739,591.9364451
2023-04-08,90.04858058,72663558.35,94492,213382,10.42692216,6543250289,94914,26914020.91,1.35032449,283.5621816
2023-04-09,90.7297783,72671520.85,86668,196955,11.5429556,6593470976,87308,68659620.11,1.3961579,786.4069742
2023-04-10,93.93413962,72678733.35,91561,211310,13.26874116,6827014286,92317,79726062.64,1.45480829,863.6119311
2023-04-11,94.20170484,72685883.35,97881,235379,13.67913338,6847134130,98318,67824229,1.58314662,689.8454912
2023-04-12,92.22651765,72692495.85,95852,236762,13.08332244,6704175752,96407,43819559.46,1.47536765,454.5267404
2023-04-13,94.15185033,72699370.85,99502,222976,12.35409752,6844780284,100095,84034998.55,1.41289815,839.5524107
2023-04-14,96.38277353,72706395.85,103530,232416,13.78765006,7007644085,103786,38088614.65,1.60404629,366.9918356
2023-04-15,97.00427444,72713620.85,96175,220834,13.14879544,7053532032,97132,33011058.68,1.45742008,339.8577058
2023-04-16,100.2810443,72721095.85,90375,208159,12.37119625,7292547432,91401,66540136.15,1.3956959,728.0022774
2023-04-17,98.67909451,72728345.85,91770,210082,14.29111962,7176767314,92140,117646131,1.43331739,1276.819308
2023-04-18,101.7945135,72735645.85,94202,221251,12.60769919,7404089684,94588,129441670,1.38495638,1368.478771
2023-04-19,90.2555457,72742495.85,92840,214592,11.89683812,6565413658,94065,129888977.8,1.50539312,1380.842798
2023-04-20,90.20577323,72749470.85,93774,208908,11.42628447,6562422270,93903,55651529.04,1.78431379,592.6491064
2023-04-21,85.54708627,72757345.85,94508,215183,12.43745884,6224178942,95393,36601088.72,1.83403425,383.6873641
2023-04-22,87.05671267,72764945.85,90126,206424,11.009317,6334676983,90237,57137020.5,1.72808901,633.1883873
2023-04-23,86.81870276,72771958.35,86210,194730,11.34457809,6317967022,86670,28459847.98,1.60619502,328.3702316
2023-04-24,88.47692826,72778758.35,87037,204799,11.04496495,6439240982,87212,29721340.31,1.83212597,340.7941604
2023-04-25,91.10360843,72785858.35,93660,233692,11.54638262,6631054339,94413,12643816.77,1.82422973,133.9202945
2023-04-26,88.13688387,72792945.85,93314,209495,11.07311372,6415743415,93428,17316214.48,1.94361287,185.3428788
2023-04-27,89.69120478,72799908.35,94439,210301,11.34218769,6529511488,95202,23036442.25,2.22771075,241.9743519
2023-04-28,89.755728,72806733.35,99878,225885,11.62594796,6534821355,100933,19261675.73,2.21449106,190.8362551
2023-04-29,90.9833208,72814008.35,99618,213402,10.71032159,6624860280,100220,13447591.87,1.69113892,134.1807211
2023-04-30,88.69936721,72821383.35,98765,222088,10.23930757,6459210623,99479,27459063.78,1.22792345,276.0287475
2023-05-01,86.68177661,72829270.85,100571,213690,12.03944867,6312970587,101315,18305359.62,1.49894149,180.6776846
2023-05-02,88.28636215,72836520.85,143857,290697,12.88474116,6430471458,143184,44099922.63,0.43986814,307.9947664
2023-05-03,88.85858757,72843145.85,183927,335254,13.37693655,6472739054,184857,24172577.26,0.09039004,130.7636566
2023-05-04,88.50186656,72850433.35,232095,386223,17.22030324,6447399331,230958,45201665.13,0.02872207,195.7137883
2023-05-05,88.86003424,72857670.85,355687,535134,19.07196307,6474135126,356849,77040402.11,0.00691946,215.8907608
2023-05-06,83.44352235,72864670.85,406654,605729,15.80381936,6080084791,407757,76747355.85,0.00055012,188.218365
2023-05-07,83.9195584,72871208.35,358412,502462,16.16749405,6115319625,355574,63647904.82,0.0049787,179.0004466
2023-05-08,77.86921433,72877908.34,524951,717243,20.24590668,5674945465,526383,75759214.03,0.00410385,143.9241275
2023-05-09,79.95880534,72884495.84,574833,810452,23.8388667,5827757215,577235,56098800.15,0.00637705,97.18537536
2023-05-10,81.07587301,72891733.34,584861,830962,23.48365781,5909760916,585415,46540219.86,0.00442909,79.49953427
2023-05-11,80.77838548,72898758.34,488085,707454,19.18681521,5888644002,489427,52912788.34,0.00661069,108.1117068
2023-05-12,80.44996301,72905620.84,409492,640569,17.06738146,5865254500,410015,48699080.24,0.0078812,118.7738991
2023-05-13,80.27199839,72913708.34,344796,535299,15.93308966,5852929079,341729,33777386.71,0.00996423,98.84261126
2023-05-14,83.38938943,72920920.84,508624,729737,20.17493964,6080831065,511871,29296076.35,0.00545365,57.23331923
2023-05-15,87.24619864,72928283.34,499278,745255,23.11497909,6362715494,500761,33944374.53,0.00560201,67.7855794
2023-05-16,89.84053028,72935695.84,455782,736354,21.665403,6552581590,453191,65189093.49,0.00927762,143.8446339
2023-05-17,93.92826563,72943658.34,359848,579858,18.11352579,6851471317,364522,59979999.76,0.00592648,164.5442518
2023-05-18,90.6921914,72951108.34,193431,368721,14.12285819,6616095880,194089,30105521.44,0.11734892,155.1119406
2023-05-19,91.75357599,72957783.34,266213,439748,15.33958628,6694137518,264918,22236840.36,0.02276641,83.93857857
2023-05-20,92.28287423,72964895.84,232084,378629,13.38822917,6733410306,234665,25990915.25,0.0444697,110.7575277
2023-05-21,92.3767926,72972583.34,301405,438731,14.49108334,6740973197,301839,31618917.31,0.00787911,104.7542475
2023-05-22,90.88067166,72979933.34,370686,527976,19.05712677,6632465359,371271,28876533.92,0.0019716,77.77751002
2023-05-23,91.59638339,72987170.84,258431,410602,15.29311189,6685360883,258801,14910664.16,0.02219899,57.61439934
2023-05-24,86.05380022,72994170.84,321215,471405,14.94300707,6281425795,320082,32275124.14,0.01024075,100.8339242
2023-05-25,86.44187031,73001358.34,532209,706858,12.80841116,6310373950,532068,32627409.62,0.00096284,61.32187919
2023-05-26,87.23933876,73008658.34,341980,501619,12.58659287,6369227077,344967,32021300.75,0.00481803,92.82424332
2023-05-27,88.64807202,73016145.84,366112,526866,12.0831033,6472740555,366988,21553442.49,0.00632568,58.73064646
2023-05-28,91.61335567,73023370.84,174221,294616,13.77104305,6689916045,172222,14749026.42,0.11316891,85.63961872
2023-05-29,91.05067298,73030745.84,284124,433512,16.58397923,6649498557,286589,18936500.19,0.005473,66.07546065
2023-05-30,92.28487427,73037583.34,263570,402397,14.41801944,6740264196,263354,19294371.59,0.01700301,73.26401568
2023-05-31,90.54467173,73045395.76,196662,346382,12.37082625,6613871380,198233,21684844.18,0.09136062,109.3906876
2023-06-01,93.99752541,73052970.76,171554,317241,13.66448255,6866798475,172232,21881018.8,0.37289223,127.0438641
2023-06-02,95.37486205,73060608.26,156859,286828,14.44717079,6968145434,156973,19022947.39,0.57590607,121.1861109
2023-06-03,95.99941853,73067770.76,172756,291859,12.4392716,7014463506,174583,18751763.88,0.15407697,107.4088764
2023-06-04,94.50234771,73074733.26,146241,267461,11.17203854,6905733851,145883,13274188.86,0.3762448,90.99202006
2023-06-05,87.85720404,73081495.76,230246,371027,16.12318607,6420735884,230918,15059232.5,0.01970293,65.21463248
2023-06-06,90.90557927,73088445.76,453110,615866,13.52270988,6644147500,454110,11453546.75,0.0006931,25.22196548
2023-06-07,88.77473163,73095658.26,201533,377813,12.18153708,6489047445,199130,15403335.2,0.06458781,77.35316225
2023-06-08,88.51324056,73102945.76,301096,488336,14.48767413,6470578624,304923,14877280.1,0.00284574,48.79028507
2023-06-09,89.08724189,73110758.26,253731,404274,17.38430512,6513235806,253520,12461187.63,0.01456998,49.15268077
2023-06-10,77.35163827,73118320.76,197069,334247,16.38303879,5655821898,197669,46280990.54,0.05042689,234.1337819
2023-06-11,77.55025597,73125695.76,173713,274506,13.84221441,5670916424,174828,23800004.8,0.06052906,136.1338276
2023-06-12,77.58319779,73131870.76,193770,338989,14.76755864,5673804394,193013,24413522.21,0.03412168,126.4864139
2023-06-13,77.33657595,73139045.76,175978,307964,14.40977285,5656323368,177853,24945501.76,0.06541923,140.2591003
2023-06-14,73.10365969,73145883.26,251222,382238,16.43938933,5347231757,252471,25000456.88,0.00755461,99.02308337
2023-06-15,74.38818931,73152658.26,202940,335881,15.09558532,5441693791,202263,25413170.89,0.04500558,125.6441904
2023-06-16,76.01698327,73160320.76,253189,396904,14.53554975,5561426879,252620,21991297.02,0.00948456,87.05287395
2023-06-17,76.87081768,73167233.26,324003,428213,12.59539072,5624425048,325766,22141603.65,0.00343426,67.9678163
2023-06-18,77.11231464,73174595.76,306070,402069,11.96336367,5642662451,306164,19213558.64,0.00302858,62.75577349
2023-06-19,77.34929214,73181570.76,147147,261119,12.03500908,5660542696,147474,17871783.98,0.38839173,121.1859988
2023-06-20,80.22581502,73189033.26,193592,323543,12.9717858,5871649844,195559,21149996.88,0.04263363,108.1514882
2023-06-21,85.19748885,73196583.26,186668,313039,12.74009968,6236165086,186058,17209907.98,0.08222103,92.49754366
2023-06-22,86.04515888,73203858.26,140761,243593,11.51849065,6298837614,142443,15304780.16,0.67286184,107.444944
2023-06-23,91.1869762,73211720.76,137138,246984,11.99388542,6675955439,137188,15979427.75,0.96105549,116.4783199
2023-06-24,89.54544522,73218833.26,134061,239483,11.01616415,6556413023,135557,14657257.38,0.69712051,108.1261564
2023-06-25,88.1825997,73226408.26,106415,205927,12.87549639,6457295047,106042,15989392.3,1.29933687,150.7835792
2023-06-26,87.12670024,73233658.26,115239,228241,11.50272134,6380606990,116342,16930805.54,1.20635689,145.5261688
2023-06-27,87.87745036,73240958.26,133434,241928,13.39507588,6436228674,134524,14098626.35,0.75181099,104.8037997
2023-06-28,83.17586196,73248045.76,160569,264471,12.29862124,6092469343,159574,14059672.74,0.29406403,88.10754094
2023-06-29,84.79904012,73255258.26,146483,252635,11.60074389,6211975584,148605,15183430.4,0.38315598,102.173079
2023-06-30,107.9553954,73262345.76,164457,300632,20.0489602,7909065505,164152,22633636.37,0.7990381,137.8821846
2023-07-01,106.6416496,73269808.26,131330,241922,12.74767943,7813613216,131953,14818190.3,0.95326101,112.2990027
2023-07-02,113.2286902,73277008.26,134667,239189,14.1191731,8297059664,135599,14239395.19,0.57533328,105.0110634
2023-07-03,106.6782719,73284183.26,129567,254596,12.81740245,7817830029,130538,15439381.57,0.77928139,118.2749971
2023-07-04,105.1471015,73291683.26,141107,294975,11.73978445,7706408057,141763,13334275.65,0.53373766,94.06033767
2023-07-05,102.6258459,73298258.26,127012,235159,11.48923449,7522295755,127162,13897917.41,0.9825065,109.2930074
2023-07-06,95.77649877,73304858.26,118244,227446,11.10664485,7020882667,119165,14816794.37,1.0603393,124.338475
2023-07-07,98.15889624,73311983.26,126338,247936,11.46754458,7196223358,126255,14643335.21,1.0789544,115.9822202
2023-07-08,97.81008804,73319033.26,145948,247840,10.69063758,7171341098,146729,13025928.14,0.40561687,88.77541683
2023-07-09,95.31556316,73326208.26,131296,229833,10.89282223,6989128835,131943,12056175.12,0.49565223,91.37411699
2023-07-10,96.67365963,73333495.76,110803,222945,11.28276274,7089417409,111900,13012683.05,1.22858857,116.2884991
2023-07-11,96.7955817,73341070.76,107446,215628,10.97416497,7099091607,107805,11616385.03,1.45162207,107.7536759
2023-07-12,96.24962502,73348083.26,116934,222816,10.96768586,7059725510,117135,11909738.89,1.08491683,101.6753224
2023-07-13,101.6229557,73355958.26,124680,235911,12.32344656,7454649295,125419,14307430.55,1.19486564,114.0770581
2023-07-14,94.9854188,73363295.76,123447,238554,12.7221013,6968443372,123667,13195128.83,1.24703921,106.6988673
2023-07-15,94.69608434,73371095.76,117438,232113,11.20321236,6947955472,118610,10658575.9,1.08315846,89.86237166
2023-07-16,93.13706073,73378158.26,117820,233018,11.09103844,6834225982,117277,9791586.899,0.93758753,83.49110992
2023-07-17,92.29449551,73385420.76,113847,225315,10.72301262,6773070387,114921,14479731.87,1.09479324,125.9972666
2023-07-18,91.3948262,73392133.26,111691,229300,11.76141842,6707661263,113067,13540211.59,1.32539536,119.7538768
2023-07-19,92.02427994,73399058.26,128772,233758,10.80014056,6754495484,129029,13104282.62,0.65660291,101.5607547
2023-07-20,92.43493608,73406495.76,115864,220697,11.48616359,6785324743,116349,12337643.6,1.24040457,106.0399625
2023-07-21,94.04736637,73413658.26,116992,229965,12.36974319,6904361215,117771,13141964.1,1.26481827,111.5891357
2023-07-22,91.84146116,73421270.76,122128,227521,11.3897766,6743116787,122410,9765551.645,0.91991252,79.7774009
2023-07-23,93.16397011,73428333.26,106763,213469,10.46891161,6840875045,107388,9081984.48,1.10071158,84.57168845
2023-07-24,89.14436484,73435383.26,124647,241935,11.56331193,6546350598,125421,14933557.4,0.76493625,119.0674401
2023-07-25,89.46045052,73442395.76,144422,260431,13.00824173,6570189812,144084,10330641.63,0.51018265,71.69874263
2023-07-26,90.62054048,73449658.26,187022,301243,11.56581127,6656047729,188304,10409842.68,0.08249907,55.28211127
2023-07-27,90.37208457,73456645.76,143622,257013,11.46013824,6638430203,144408,10395629.76,0.64343676,71.98790761
2023-07-28,91.48774576,73463258.26,143818,263168,12.02686299,6720987894,143603,11669615.4,0.72627822,81.26303349
2023-07-29,94.42055982,73469670.76,132550,230662,11.16942013,6937047443,133400,10974202.03,0.78577951,82.26538255
2023-07-30,94.09171698,73477620.76,107942,209995,11.02003946,6913635497,108882,10702504.72,1.40483243,98.2945273
2023-07-31,92.19016922,73485458.26,117788,226239,11.28822572,6774636832,118136,12460388.18,1.20998271,105.4749456
2023-08-01,93.68894282,73493295.76,133282,254599,12.12834928,6885509184,134452,12949574.87,0.89471391,96.31373923
2023-08-02,87.37367099,73499395.76,127432,230785,11.13962953,6421912023,128099,12880333.3,1.06104988,100.5498349
2023-08-03,82.82408102,73502783.26,140930,251341,11.96630784,6087800476,141509,16440757.95,0.68219758,116.1817125
2023-08-04,82.02286027,73506164.51,136687,245453,11.19122591,6029185861,137277,17919143.7,0.85978572,130.5327454
2023-08-05,83.0973093,73509889.51,127932,227274,10.90833229,6108474025,127776,14721730.9,0.99998341,115.2151491
2023-08-06,82.38008613,73513408.26,114443,209975,10.48202938,6056040904,115656,14526322.95,1.04395233,125.5993892
2023-08-07,82.29860943,73516720.76,153144,257664,11.38231477,6050323888,153184,14231278.77,0.34882253,92.90316721
2023-08-08,83.9688659,73520439.51,138412,266076,12.53180097,6173427926,138482,13973223.59,0.69865702,100.9028148
2023-08-09,84.0359719,73524058.26,137533,249311,12.40209721,6178665694,138087,14199314.04,0.61018309,102.8287531
2023-08-10,83.01999103,73527727.01,138554,252238,11.58911724,6104271237,139331,15025658.48,0.76553266,107.8414601
2023-08-11,83.47145711,73531395.76,128511,235390,11.05945429,6137772748,129623,14645712.35,1.01404354,112.986988
2023-08-12,83.39925101,73535008.26,136048,236348,10.40516286,6132764612,136996,14172981.11,0.80900677,103.4554375
2023-08-13,81.90429874,73538639.51,131445,242953,10.1431221,6023130699,131032,13439667.65,0.63180842,102.5678281
2023-08-14,82.04360505,73542452.01,130857,242914,10.74164552,6033687887,132058,14610796.88,0.70522231,110.639241
2023-08-15,79.24982757,73545770.76,108305,227410,11.61561119,5828489651,108851,15299009.18,2.07250827,140.5500104
2023-08-16,74.38913226,73549402.01,109118,218010,11.04431543,5471276194,110078,14186577.93,2.1691168,128.8775044
2023-08-17,65.04140145,73552645.76,109810,212448,11.39385268,4783967161,109952,15477425.02,2.50457994,140.7652887
2023-08-18,64.03422595,73556252.01,115678,223030,11.33172255,4710117661,116709,21894416.13,2.42850185,187.5983526
2023-08-19,64.05987857,73559845.76,106579,206652,10.47036915,4712234787,106744,17685453.25,2.36861819,165.6810055
2023-08-20,65.18114088,73563445.76,106941,203633,9.89036171,4794949321,106635,18412113.29,1.74517808,172.664822
2023-08-21,66.96715211,73566914.51,110023,218468,10.63901824,4926566754,111825,18664463.04,1.86018994,166.9077848
2023-08-22,64.68951628,73570633.26,120032,252310,11.09085635,4759248678,120049,18241122.68,1.53259677,151.9473105
2023-08-23,65.57137492,73574164.51,104325,201282,10.21568197,4824359125,105400,17810055.44,2.21205834,168.975858
2023-08-24,64.76395257,73577752.01,107760,207445,11.81127428,4765186042,108312,18623103.58,2.00049528,171.9394303
2023-08-25,65.08496817,73581302.01,118487,240662,16.05461388,4789036699,118297,17714809.66,2.15452517,149.748596
2023-08-26,64.98351599,73585133.26,118071,216615,10.72682454,4781820684,119526,15299095.5,1.4142817,127.9980548
2023-08-27,65.29220185,73589102.01,110933,221789,11.42327803,4804794502,111168,12833528.55,1.37149167,115.4426503
2023-08-28,65.56113911,73592764.51,108337,222797,10.38811573,4824825472,109134,14789617.28,1.61663239,135.5179621
2023-08-29,68.8078157,73596202.01,113747,232782,10.995887,5063993904,114496,16434721.69,1.8518921,143.5397018
2023-08-30,67.63354634,73599833.26,108532,222390,10.04534824,4977817734,108684,14924683.24,2.09076758,137.3218067
2023-08-31,63.9162427,73603552.01,111912,224477,9.99149616,4704462493,112558,16013332.37,2.42411583,142.2673854
2023-09-01,62.97075098,73607058.26,116164,228436,10.39883432,4635091736,116131,15767627.95,2.4859627,135.7744956
2023-09-02,64.54034305,73611089.51,135816,235680,9.54193448,4750884969,137000,15174307.56,1.06895815,110.7613691
2023-09-03,63.87394361,73614639.51,124351,225145,9.42060292,4702057333,124522,12422966.39,1.0203293,99.7652334
2023-09-04,63.62122694,73618127.01,105390,205887,9.92853102,4683675566,106327,13902834.56,2.36152786,130.7554483
2023-09-05,63.09461354,73621558.26,104256,227197,10.3648872,4645123766,104635,15657833.06,2.48757746,149.6424051
2023-09-06,62.78682469,73624814.51,103138,203514,9.69415627,4622668321,104496,15236644.32,2.76830885,145.8107901
2023-09-07,63.60649685,73628589.51,105134,203473,9.92536326,4683256647,105743,14697301.65,2.80527117,138.9907762
2023-09-08,62.56440592,73632577.01,111418,216879,10.16793161,4606778437,111578,15246413.08,2.54314502,136.6435415
2023-09-09,63.08367349,73636445.76,107531,208440,9.9327114,4645257501,107029,13329917.45,2.22479715,124.5449126
2023-09-10,61.10840187,73639958.26,106765,204733,9.26235163,4500020163,108237,12203907.57,1.84654956,112.7517168
2023-09-11,58.72388842,73643314.51,118077,226559,11.6787093,4324621784,118194,13543027.01,1.72265372,114.583033
2023-09-12,59.9943825,73646964.51,105120,224187,10.17950957,4418404159,106400,14156010.28,2.36481355,133.0452094
2023-09-13,61.97949852,73650527.01,103663,218170,9.55790844,4564822730,104398,15644612.9,2.39879942,149.8554848
2023-09-14,62.82365087,73654008.26,106107,212301,10.64635,4627213700,106927,14874424.28,3.03349655,139.1082166
2023-09-15,65.98942737,73657864.51,114287,221602,10.61686818,4860640300,113940,15279758.34,2.87375585,134.1035487
2023-09-16,65.25045894,73661739.51,108606,204514,9.89176441,4806462309,110073,13172559.86,2.60001433,119.6711261
2023-09-17,63.51325995,73664983.26,100325,195131,9.76943409,4678703231,100296,13850727.24,2.43868319,138.0985008
2023-09-18,65.832791,73668339.51,103710,216535,10.45971742,4849792398,104735,16134329.26,2.50105203,154.0490692
2023-09-19,67.33552677,73671833.26,106755,211678,10.52064168,4960731700,107007,16669151.45,2.29740953,155.7762711
2023-09-20,64.53786909,73675408.26,110349,221902,10.96773867,4754853853,110941,17925280.75,2.34089101,161.5748979
2023-09-21,64.70195752,73679095.76,106802,216678,10.30233176,4767181724,107227,17470757.29,2.53487985,162.9324451
2023-09-22,64.30429448,73682695.76,111016,213264,10.06809599,4738113766,111784,19388754.58,2.63213417,173.4483878
2023-09-23,65.03694383,73686789.51,110189,215060,9.99052885,4792363590,110998,14327425.61,2.21345005,129.0782322
2023-09-24,63.62977998,73690445.76,104671,206901,9.91068137,4688906850,104603,13674365.71,2.30887435,130.7263244
2023-09-25,64.29892881,73693895.76,106894,216213,10.76967558,4738438557,107834,13901723.59,2.49634517,128.9178143
2023-09-26,63.68885294,73697689.51,105141,234015,10.40665363,4693721309,105862,12935926.77,2.40971591,122.1961305
2023-09-27,63.46292168,73701339.51,108242,211143,9.76471795,4677302337,107465,14699374.7,2.79595376,136.7829033
2023-09-28,65.28491344,73704777.01,108662,214953,10.3557141,4811809987,110329,15220023.51,2.7996058,137.9512504
2023-09-29,65.61742959,73708427.01,118678,231110,10.94163508,4836557520,119179,15072930.94,2.91251802,126.4730442
2023-09-30,66.06982967,73712045.76,112655,220360,10.5600958,4870142308,112343,13224813.95,2.40474271,117.718184
2023-10-01,68.24125548,73715633.26,107582,221187,10.5363853,5030447362,108981,13147749.04,2.47067485,120.6425803
2023-10-02,65.96946109,73719033.26,107492,235381,10.95188435,4863204896,107827,12759902.05,2.34250104,118.3367992
2023-10-03,65.52543787,73722539.51,110166,228420,10.78356704,4830701682,110931,12698429.42,2.26135181,114.4714229
2023-10-04,64.48051926,73726077.01,109630,233955,10.7241293,4753895728,109949,12819917.45,2.35321926,116.5987636
2023-10-05,64.92747225,73729620.76,109262,223125,10.19848129,4787077906,110334,12336997.15,2.70039174,111.8150085
2023-10-06,65.5254505,73733408.26,115196,238684,11.74626646,4831414793,116280,12452257.73,2.33856496,107.0885597
2023-10-07,65.49951124,73736989.51,110821,214497,9.75361288,4829736773,111050,11976023.2,2.06469644,107.8435228
2023-10-08,65.3161923,73740764.51,102501,196403,9.27774501,4816465955,103352,11373325.4,1.93223108,110.0445603
2023-10-09,63.07852753,73744039.51,105031,211062,10.30048261,4651665426,105444,16731410.04,2.11130587,158.6757903
2023-10-10,63.68485251,73747664.51,104201,214426,10.26114414,4696609137,104556,19157035.15,2.05898434,183.2227242
2023-10-11,61.46166728,73751352.01,106685,220023,9.09597048,4532881059,107607,20281384.94,2.44184857,188.4764461
2023-10-12,61.08569758,73755002.01,107412,218383,9.6595623,4505375748,107845,20508377.3,2.60033836,190.1653048
2023-10-13,61.50075823,73758814.51,117839,226213,9.86541388,4536223018,118147,22238068.16,2.37006499,188.2237227
2023-10-14,61.64869063,73762745.76,111444,216210,9.36838081,4547376693,112534,18844631.68,2.35027792,167.4572279
2023-10-15,61.58614325,73766408.26,104418,201133,9.09669377,4542988586,104635,17896778.85,2.27226212,171.0400807
2023-10-16,63.32936016,73769945.76,107460,220591,10.01451632,4671803463,107570,21038593.93,2.24278339,195.5804957
2023-10-17,62.15303879,73773464.51,107687,214488,9.39842319,4585245001,108773,19679522.73,2.51688279,180.9228644
2023-10-18,60.17600335,73776983.26,105029,205169,9.99410158,4439603992,105997,20140056.91,2.54615883,190.0059144
2023-10-19,61.7373668,73780514.51,109145,211745,10.14128609,4555014686,109290,20650071.18,2.37418855,188.94749
2023-10-20,63.41490783,73783933.26,117654,225882,10.44907009,4679001327,118398,20445509.94,2.50348494,172.6845888
2023-10-21,64.73519185,73787477.01,114516,214643,9.61450305,4776646480,114657,19502192.77,2.31424931,170.0916017
2023-10-22,65.14723239,73791133.26,105076,203977,9.68616057,4807288106,105986,19073961.22,2.19429814,179.9667996
2023-10-23,68.92821357,73794783.26,108224,234837,10.68921162,5086542581,108355,19872406.75,2.25370803,183.4009205
2023-10-24,69.01509142,73798395.76,112141,235942,10.22423234,5093203030,113125,21330924.15,2.25467757,188.5606555
2023-10-25,68.66525576,73802089.51,117888,230058,10.13820775,5067639352,117864,22218048.92,2.47263501,188.5058111
2023-10-26,68.88075667,73805464.51,115948,315758,10.65759709,5083776242,117536,22396206.68,2.62064586,190.5476338
2023-10-27,67.00158089,73809458.26,116902,228250,11.66346604,4945350387,116675,18062995.22,2.93322432,154.8146151
2023-10-28,67.73467465,73813164.51,112607,221292,10.48562634,4999710683,113425,13075835.02,2.45164426,115.2817723
2023-10-29,68.84412482,73816533.26,108066,204906,9.3848339,5081834629,108930,12338709.53,2.29871451,113.2719134
2023-10-30,69.2385405,73819908.26,111983,226330,10.23316944,5111182708,112431,14308870.13,2.30339099,127.2680144
2023-10-31,68.83421658,73823195.76,116682,236937,10.85749303,5081561845,117230,17192619.91,2.37228922,146.6571689
2023-11-01,69.87003585,73826539.51,117216,223701,10.23488403,5158262962,117812,17188157.87,2.6950078,145.8947973
2023-11-02,69.34518521,73830645.76,120889,241940,11.25055488,5119799804,120790,15860869.53,2.56291907,131.3094588
2023-11-03,69.45551933,73834270.76,119162,226340,10.41626324,5128197620,120449,16583240.85,2.84056272,137.6785265
2023-11-04,70.41350814,73838164.51,117579,220266,9.82893295,5199204197,118312,15131939,2.57629548,127.8985986
2023-11-05,71.66486395,73841795.76,112336,218300,10.11669843,5291862247,112557,14914596.73,2.38649191,132.5070562
2023-11-06,74.51850817,73845477.01,111558,223045,10.22021974,5502854782,112166,15153745.37,2.20706026,135.1010589
2023-11-07,73.51322677,73849083.26,121290,247686,10.32710953,5428884404,121299,15520357.9,1.62534579,127.9512436
2023-11-08,73.22307847,73852770.76,114446,220300,11.30627555,5407727228,115459,15915293.3,2.36376392,137.8436787
2023-11-09,73.2972845,73856120.76,192542,309768,11.35303804,5413453095,190807,16374035.04,0.27678777,85.81464539
2023-11-10,73.30420728,73859514.51,227891,354620,12.25841093,5414213161,229140,17933798.5,0.17209807,78.26568255
2023-11-11,75.00100159,73862920.76,192969,309436,11.06158667,5539793037,194832,16838995.59,0.33498963,86.4282848
2023-11-12,74.82540516,73866489.51,178702,287947,11.13524051,5527090005,179197,15162937.66,0.33233865,84.61602406
2023-11-13,71.55089583,73870270.76,670518,803979,13.44596715,5285484048,660758,18130229.54,0.00170794,27.43853202
2023-11-14,70.65923062,73874102.01,1005331,1147634,23.14254192,5219887210,1016533,19352851.58,0.0001,19.03809475
2023-11-15,74.19510829,73877670.76,155559,291706,10.98304252,5481361782,156393,18983389.48,1.00719861,121.3826033
2023-11-16,70.96890838,73881458.26,150628,309876,12.69140263,5243286442,150925,18654644.97,1.30144061,123.602087
2023-11-17,70.18670297,73885233.26,160177,289898,12.55335062,5185760920,160440,20567597.24,1.30381659,128.1949466
2023-11-18,69.85429039,73888658.26,133835,265047,10.73002258,5161439790,135258,17618594.45,2.14389898,130.2591673
2023-11-19,70.60689944,73892345.76,148378,260962,11.1897998,5217309426,147949,16591998.19,1.19137602,112.1467411
2023-11-20,69.52462102,73895764.51,145765,277525,11.26074146,5137575022,146361,17216425.03,1.33228319,117.6298675
2023-11-21,66.52823795,73899339.51,142141,285313,11.38595856,4916392843,143710,20122965.01,1.71409085,140.024807
2023-11-22,68.60887812,73903077.01,137261,257222,11.09372652,5070407203,137395,20384611.61,2.38717085,148.3650177
2023-11-23,69.53540788,73906808.26,148903,268496,10.98291382,5139140057,149258,20281261.19,1.58322786,135.8805638
2023-11-24,70.7380297,73910289.51,135986,263560,11.45521531,5228268254,136086,19092365.91,1.8793499,140.2963267
2023-11-25,71.81718956,73913633.26,127688,256992,10.73138111,5308269411,129479,16416718.47,2.3318539,126.7905874
2023-11-26,70.08845718,73917320.76,135619,247859,10.3137867,5180750971,135902,16135434.03,1.55075307,118.7284516
2023-11-27,69.21998974,73920658.26,144554,280450,12.56462123,5116787206,144774,15982715.49,1.36516014,110.3976922
2023-11-28,69.68437274,73924408.26,154280,291135,12.83822263,5151376020,154173,18694997.35,1.34437426,121.2598662
2023-11-29,70.001973,73927939.51,161106,314349,12.89969698,5175101625,162584,17239789.57,0.97088543,106.0362001
2023-11-30,69.41818962,73932127.01,161221,301105,11.6394601,5132234411,161641,19014414.35,1.44717846,117.6336099
2023-12-01,71.52238405,73935489.51,180393,332518,12.78377596,5288042476,179404,19647175.01,1.20464085,109.5135839
2023-12-02,72.26874052,73938826.93,192483,322996,12.04561954,5343465898,191921,17968108.01,0.61793699,93.62241759
2023-12-03,72.21989513,73942045.68,192310,313914,11.67314955,5340086784,194763,17545718.53,0.42523465,90.08753475
2023-12-04,72.67435071,73945214.43,180769,335095,13.78221284,5373920447,182765,19407432.36,0.71954677,106.1879045
2023-12-05,74.01674179,73948564.38,595922,754272,16.10724207,5473431796,590268,19307743.69,0.00806424,32.71013114
2023-12-06,72.47354085,73952014.38,422871,636588,18.12403499,5359564335,429112,21222592.87,0.00809193,49.45700159
2023-12-07,74.02312068,73956045.63,759308,1274305,23.75978033,5474457290,757712,21407128.83,0.00199696,28.25232915
2023-12-08,78.12382259,73959770.63,849579,1393269,23.16951694,5778020000,847157,21678366.68,0.00177787,25.58955031
2023-12-09,76.52058912,73963826.88,213759,1004396,21.00106649,5659755607,218755,20181109.74,0.68441425,92.254393
2023-12-10,77.10425796,73967633.13,199082,326518,13.49133415,5703219465,200800,19253047.59,0.79974424,95.88171111
2023-12-11,72.56463471,73971533.11,475189,735277,19.46085453,5367717280,474386,19974241.41,0.00223125,42.1054614
2023-12-12,72.4827468,73975145.61,419830,565700,15.91454169,5361921749,421569,20142344.32,0.0068124,47.7794722
2023-12-13,73.20220803,73978951.86,467229,588459,17.97355108,5415422624,467394,19791409.21,0.00353426,42.34416617
2023-12-14,73.01730096,73982383.1,411914,552234,18.37442962,5401993932,412271,23661116.1,0.01496583,57.39214279
2023-12-15,70.93117821,73985583.1,369944,505630,19.85370997,5247884579,370610,25071679.26,0.0208908,67.6497646
2023-12-16,72.05763912,73988658.1,437055,569919,19.5905722,5331448024,434571,25033978.24,0.019796,57.60618688
2023-12-17,71.14623626,73991958.1,467277,597833,19.30331308,5264249332,470539,20657256.46,0.0109052,43.90126315
2023-12-18,70.77669226,73995076.85,757205,909251,22.43676241,5237126783,751260,26159218.76,0.00211124,34.82045996
2023-12-19,70.51541088,73998189.35,1195279,1365602,32.42691424,5218012726,1198221,20737561.88,0.00199584,17.30695913
2023-12-20,69.7302426,74001033.1,1271632,1431627,28.6270487,5160109990,1273090,29900679.8,0.00224096,23.48669755
2023-12-21,70.86563447,74004233.1,1026546,1185152,23.87130601,5244356932,1027665,24583420.25,0.00122404,23.92162839
2023-12-22,73.70230274,74008108.09,1042445,1204255,20.81193072,5454567988,1038678,29009859.16,0.00129164,27.92959816
2023-12-23,72.46472777,74011851.83,1002775,1159094,23.92370959,5363248695,1008861,22702295.13,0.00143716,22.50289696
2023-12-24,71.18697279,74015914.27,562105,694040,17.49846434,5268968876,563022,20657861.94,0.00352588,36.6910386
2023-12-25,72.32201051,74020126.77,671054,797513,22.44712539,5353284386,672462,20209738.77,0.00246812,30.05335433
2023-12-26,73.04921072,74024001.77,587650,740603,17.22988623,5407394904,586214,22175450.35,0.00368032,37.82825102
2023-12-27,75.68299426,74027995.52,419519,555968,15.99172034,5602660360,423572,21973621.91,0.00748276,51.87694632
2023-12-28,76.88806052,74031608.02,530180,700578,21.02642246,5692146758,526447,23724153.31,0.00679532,45.06465667
2023-12-29,73.21672668,74035233.02,505483,666344,19.45094562,5420617421,507571,22251067.35,0.00629244,43.83833463
2023-12-30,73.31044929,74039064.27,615539,782269,23.91925514,5427837067,616621,22207839.1,0.0082822,36.01537913
2023-12-31,72.70320108,74042589.24,823282,957509,27.34304341,5383133254,820886,21298018.07,0.0067488,25.94515934
2024-01-01,74.6571182,74046306.84,786494,915253,24.65525042,5528083882,786526,18041927.59,0.00615707,22.93875547
2024-01-02,73.03374579,74050256.84,880716,1043546,24.12516024,5408167634,884117,21791064.57,0.00136124,24.64726339
2024-01-03,65.15735854,74053888.09,1232146,1378540,26.47237352,4825155737,1218614,23940359.33,0.00195854,19.64556399
2024-01-04,66.47458862,74057331.84,598062,725937,20.84040386,4922930668,612612,22666921.46,0.00647,37.00045291
2024-01-05,65.94579691,74060838.09,671627,808550,22.17183456,4884000988,674703,18503467.32,0.0126016,27.424611
2024-01-06,65.59473303,74064325.59,651094,788205,24.31363096,4858229664,649841,19898748.09,0.005048,30.62094895
2024-01-07,64.12408342,74067625.59,717057,843421,25.3203156,4749518602,719300,18994679.85,0.008869,26.40717343
2024-01-08,67.90434446,74071281.84,759723,898827,27.92735131,5029761836,760784,20733634.89,0.00604401,27.25298493
2024-01-09,66.79848072,74075131.82,588672,730313,25.36405521,4948106265,589303,18125605.56,0.006834,30.75770114
2024-01-10,70.21279895,74078975.57,694511,836983,29.22824439,5201292219,694058,20039257.59,0.008272,28.87259794
2024-01-11,71.95049055,74082744.32,608757,753374,26.49368629,5330289796,608960,23688895.89,0.0068275,38.90057785
2024-01-12,72.8151846,74086725.57,561106,717122,24.34233165,5394638599,561617,24242232.94,0.007424,43.16506255
2024-01-13,71.98284099,74090625.57,400982,531527,18.62139938,5333253719,402005,15303136.81,0.0171468,38.06703103
2024-01-14,69.88541239,74094200.56,641443,772444,25.07466269,5178103761,641940,13728745.18,0.0080756,21.38633701
2024-01-15,69.23850682,74097306.81,384950,519957,18.36389432,5130386882,385359,14233673.84,0.0137025,36.93613966
2024-01-16,69.5750203,74100838.06,480639,626880,21.90179286,5155567312,481756,14766936.13,0.0096124,30.65231388
2024-01-17,69.2731403,74104150.56,359001,499413,16.79977579,5133427218,359531,15881604.7,0.01559124,44.17311635
2024-01-18,67.99702809,74107725.56,389211,534319,18.46240996,5039105097,387854,17612343.21,0.0114028,45.40972429
2024-01-19,71.16607663,74111819.31,333219,510688,14.48694243,5274247412,336863,17974537.87,0.04617329,53.35859939
2024-01-20,71.27809699,74115838.06,715942,855011,14.60093,5282835894,708408,16355755.41,0.0065122,23.08804447
2024-01-21,71.71285642,74119525.56,810716,938064,13.31639499,5315322894,813656,15804852.46,0.00161124,19.42448953
2024-01-22,67.19887967,74122819.31,954239,1099480,15.85566325,4980970416,956548,14438990.66,0.00138574,15.09489399
2024-01-23,65.36213867,74126288.06,598080,736904,13.21684357,4845052719,601590,14400849.8,0.0054167,23.93798069
2024-01-24,66.16185192,74129919.31,461275,586334,11.96365585,4904572744,460341,15645117.87,0.00709968,33.98593187
2024-01-25,65.50214778,74133763.06,351131,489987,12.31074643,4855920703,353235,16320298.03,0.01354352,46.20238094
2024-01-26,66.97619893,74137363.06,212962,365292,11.60304757,4965438777,212676,16294214.97,0.51844672,76.61520324
2024-01-27,68.07204058,74141069.31,228762,379284,11.4172772,5046933878,229867,15553728.14,0.27014101,67.66403241
2024-01-28,68.35463949,74144831.81,228820,360049,10.82147054,5068143248,229118,16376110.16,0.24295368,71.4745684
2024-01-29,68.43319416,74148388.06,274230,451950,11.84079794,5074211036,276278,15761928.72,0.02991734,57.05097301
2024-01-30,67.54872957,74152394.31,237385,386175,11.23488915,5008900030,238421,15775984.1,0.26905323,66.16860132
2024-01-31,66.7492707,74155856.81,189297,329177,11.75105464,4949849360,189343,17842933.55,0.99292758,94.23603485
2024-02-01,67.48495965,74159381.81,195784,343653,13.64246597,5004642889,195435,18009034.09,0.82757773,92.14845903
2024-02-02,67.96945638,74162713.06,244701,380587,11.85827833,5040799290,244380,18615772.29,0.3192925,76.17551472
2024-02-03,68.82075755,74166306.81,360393,347551,11.54637165,5104181419,362367,16988451.57,0.04799658,46.88189478
2024-02-04,66.82764428,74169806.81,281134,302528,11.19676825,4956593466,281767,18484871.73,0.06559778,65.60339476
2024-02-05,67.59513721,74173738.06,231138,316412,12.44715301,5013784001,230057,15292372.71,0.24955509,66.4721035
2024-02-06,68.33184559,74177263.05,217530,308778,11.41648946,5068669285,217260,14003488.17,0.45071152,64.45497639
2024-02-07,68.57791783,74181263.05,274034,364324,13.32078751,5087196563,275408,14546448.82,0.08833217,52.8178151
2024-02-08,70.16553614,74184900.55,259693,366736,14.22296345,5205223321,261148,16561578.15,0.12450205,63.41836106
2024-02-09,70.73903192,74188669.3,238096,355599,13.22101213,5248034646,238987,20129748.73,0.45510184,84.22947161
2024-02-10,70.78786129,74192275.54,275327,405575,12.80332851,5251912510,273744,19166810.61,0.10246823,70.01728114
2024-02-11,71.53250117,74195950.54,287358,409820,12.48232358,5307421919,290573,19062238.27,0.04353561,65.60223515
2024-02-12,72.96202335,74199519.28,196269,332788,12.89023526,5413747058,197584,17009000.96,0.77288921,86.08491053
2024-02-13,68.97218007,74203050.52,214232,349289,12.44653879,5117946163,213443,15122554.6,0.5430531,70.85055308
2024-02-14,69.95425066,74206737.94,201537,342147,11.68153235,5191076747,201794,17225916.15,0.79769461,85.36386686
2024-02-15,69.83728405,74210069.19,181862,317582,12.68411288,5182629682,181148,18387883.01,1.52072567,101.5075132
2024-02-16,70.52297826,74213775.44,245575,374421,12.31211744,5233776472,247397,20194012.1,0.4603464,81.62593768
2024-02-17,69.9592057,74217287.94,183750,315147,10.84428561,5192182513,185804,15969381.02,1.28644891,85.94745551
2024-02-18,70.82423761,74220775.44,190367,315040,10.86329571,5256629835,189017,15277339.6,0.76063828,80.82521468
2024-02-19,71.43609693,74224287.93,241105,378515,11.56818084,5302293427,242585,14499164.73,0.21576319,59.7694199
2024-02-20,69.68895812,74227950.43,206787,346783,11.30939868,5172868529,208086,16511706.57,0.627644,79.3503963
2024-02-21,68.90076592,74231762.92,268733,394434,10.9871904,5114625321,269155,18670719.11,0.08473355,69.36790738
2024-02-22,68.77757018,74235419.16,231356,377812,11.68843378,5105731752,231720,17721911.04,0.43990286,76.47985085
2024-02-23,68.76251061,74239119.16,219551,358613,11.91136081,5104868219,219104,19121349.88,0.69343076,87.27065632
2024-02-24,70.39430726,74242775.4,214090,347415,12.10444102,5226268743,214847,16168069.49,0.65328204,75.25387598
2024-02-25,70.09258092,74246337.89,226229,351284,10.78954223,5204117447,228303,14914893.93,0.29853383,65.32938213
2024-02-26,72.05253325,74249887.88,212217,359799,12.35186231,5349892515,210614,17551354.88,0.6162204,83.33422698
2024-02-27,74.10446383,74253362.87,245081,406086,13.56432868,5502505643,247661,19785674.97,0.30174835,79.89015212
2024-02-28,74.80101591,74257012.86,213113,359689,13.8697732,5554500001,213164,21999002.86,0.76616274,103.2022427
2024-02-29,79.9762726,74260462.64,236436,401403,15.31677602,5939075003,237314,24228735.86,0.6825369,102.095687
2024-03-01,84.90656396,74263981.39,248799,403891,14.28391797,6305499486,249077,21679679.1,0.58028532,87.04006834
2024-03-02,93.96478659,74267606.39,240058,384881,13.93000896,6978539785,241334,21110116.09,0.56671181,87.47261508
2024-03-03,90.69422237,74271037.64,181336,313800,12.85173274,6735954003,180746,15534390.82,1.212009,85.94597289
2024-03-04,88.87721685,74274400.14,217353,368797,14.38401419,6601301968,218922,19833950.52,0.55520572,90.59825197
2024-03-05,82.04857669,74277912.64,276474,435735,16.83929877,6094397012,275649,28563058.69,0.16237374,103.6211221
2024-03-06,85.67763848,74281725.14,237392,384238,14.79620697,6364282792,237444,21526801.77,0.47818701,90.66054214
2024-03-07,88.3946719,74285743.89,227709,383163,15.1861243,6566463958,228377,19727253.14,0.59658703,86.38020963
2024-03-08,88.30157593,74289925.14,210969,362087,14.09428295,6559917465,213668,20032702.61,1.03992035,93.75621341
2024-03-09,90.90430545,74293600.14,251171,393683,13.34705414,6753608120,251562,19693384.02,0.36985683,78.28441506
2024-03-10,87.25735017,74296975.14,221951,359592,12.0664334,6482957176,222665,18583947.17,0.45916362,83.4614653
2024-03-11,103.8438763,74300437.64,201948,359774,15.09538255,7715645457,202721,22924276.9,0.9137941,113.0828917
2024-03-12,97.48293769,74303868.89,218655,378721,13.38180838,7243359421,218188,21125629.98,0.58171532,96.82306074
2024-03-13,97.22258869,74307443.89,170477,318381,13.55328976,7224362053,172405,19797384.13,1.71240848,114.8306843
2024-03-14,94.16948591,74310931.39,168640,306120,13.60358279,6997822206,167749,18133456.16,2.05486733,108.0987437
2024-03-15,89.71703617,74314781.39,176949,327584,13.79608257,6667301930,177023,20504863.55,2.12994086,115.8316351
2024-03-16,83.87004418,74318381.39,177489,310859,12.46878138,6233085930,178966,18192414.62,1.47995584,101.6529096
2024-03-17,85.69676555,74321937.64,159983,282695,12.03347557,6369149665,160785,15465561.25,1.62859289,96.18783624
2024-03-18,87.00076828,74325625.14,163069,302587,11.90340849,6466386490,163120,17249926.59,1.88531753,105.7499178
2024-03-19,78.30508166,74328925.14,159996,293169,12.23309186,5820332553,161538,18313118.88,2.00291622,113.3672503
2024-03-20,84.84353017,74332500.14,181426,313524,12.88703289,6306631718,180435,17119803.66,1.37807518,94.88072525
2024-03-21,85.70188556,74335850.14,212198,351687,15.00868721,6370722522,214251,19663990.27,0.86578905,91.78015629
2024-03-22,83.11301684,74339850.14,269956,399649,13.00555147,6178609217,270357,16457938.47,0.21458658,60.87483758
2024-03-23,85.75061574,74343468.89,172431,294578,11.91451548,6374998234,172746,15579245.41,1.73670899,90.18585329
2024-03-24,89.84483691,74347368.89,158306,282345,11.3502546,6679727233,158691,13843763.74,1.66814261,87.23723298
2024-03-25,90.48995707,74351112.64,228065,371794,12.58746006,6728028991,227503,16003175.47,0.39022954,70.34270083
2024-03-26,95.73717218,74354737.64,200818,351499,13.00163578,7118512320,202514,19755909.5,0.73130543,97.55330247
2024-03-27,93.59457919,74358275.14,217726,353109,13.05702298,6959531471,218731,22709707.24,0.63261739,103.8248224
2024-03-28,94.27985651,74361956.39,173354,308352,13.62351632,7010834578,172964,20721707.73,2.08016181,119.8035876
2024-03-29,109.2474769,74365668.89,179827,332512,14.87674434,8124261697,180922,23899224.08,2.06040676,132.0968377
2024-03-30,102.5510561,74369437.64,173868,309295,12.0928297,7626664372,174560,16448819.16,1.41375903,94.23017391
2024-03-31,105.2045785,74372806.39,164691,294412,11.12291394,7824359751,165033,13845357.44,1.33835174,83.89447833
2024-04-01,99.57026412,74376237.64,163656,324075,14.26423931,7405661626,163244,18414724.84,1.67182835,112.8049107
2024-04-02,107.1060463,74379731.39,171511,327497,13.71439116,7966518957,173178,21104130.69,1.70201899,121.8638089
2024-04-03,98.75017616,74383225.14,162178,304636,12.83324831,7345356586,162596,20550135.25,1.90818695,126.3877048
2024-04-04,97.65797757,74386575.14,163576,295726,12.21248454,7264442486,164624,19904916.07,1.97712689,120.9113863
2024-04-05,98.12050917,74390112.64,172016,312854,13.03357304,7299195729,171868,18244416.52,2.02284343,106.1536558
2024-04-06,101.5217924,74393637.64,160731,293425,12.34078839,7552575434,162129,15679764.85,1.80836789,96.71166076
2024-04-07,101.1514793,74397406.39,153264,274285,12.89575601,7525407710,153901,14458339.1,1.51026737,93.94571249
2024-04-08,103.4310454,74400943.89,156479,293678,12.7973395,7695367405,156865,16262459.68,1.95830629,103.6716902
2024-04-09,97.40889716,74404650.14,159399,309493,12.85254641,7247674914,159842,15830861.48,2.02847069,99.04068692
2024-04-10,96.77799267,74408381.39,160463,296281,13.64277465,7201093789,161946,15992030.28,1.96360157,98.74915265
2024-04-11,98.6357321,74412131.39,166192,306263,13.27672698,7339695056,166272,16476222.43,1.92902907,99.09198438
2024-04-12,86.16534282,74416143.89,174875,320626,13.32870243,6412092550,174814,19788119.59,2.07765398,113.1952795
2024-04-13,77.79989043,74419887.64,166980,302698,13.04838683,5789859104,167696,20559726.43,2.41357579,122.6011737
2024-04-14,80.01167721,74423337.64,148833,276432,11.61377042,5954736068,149752,28554101.93,2.50890412,190.6759304
2024-04-15,78.08950786,74426762.64,158426,307583,12.78662024,5811949266,158999,100877889.8,2.43813937,634.4561271
2024-04-16,79.9888744,74430525.14,163635,299831,13.89947744,5953613927,163726,42496390.74,2.47973445,259.5579855
2024-04-17,80.22581467,74434043.89,159424,286594,13.02342943,5971531810,160829,22812206.51,2.52768278,141.8413751
2024-04-18,80.87696346,74437593.89,164872,300184,13.70617223,6020286561,164450,25536731.08,2.25138864,155.2856861
2024-04-19,80.86951901,74440950.14,167396,295256,13.70621755,6020003832,167746,23317421.16,2.56960909,139.0043349
2024-04-20,85.07227603,74444737.64,166853,299056,16.20288789,6333183270,168859,19551738.15,2.29391719,115.7873619
2024-04-21,84.1767824,74448512.64,157171,288565,12.85882993,6266836248,158344,17604126.66,2.04544053,111.176468
2024-04-22,85.54800796,74452175.14,161842,311041,13.97325117,6369235272,161363,20281361.07,2.40153203,125.6878037
2024-04-23,85.07052329,74455881.39,162545,341406,13.61250779,6334000792,163535,18721955.82,2.23679649,114.482868
2024-04-24,83.07174512,74459575.14,168076,307462,13.61696602,6185486848,167870,22431865.44,2.35250127,133.62641
2024-04-25,83.84171377,74462950.14,174826,318722,13.5074051,6243101352,175576,20603475.2,2.35090735,117.3479018
2024-04-26,87.81819196,74466368.89,180795,317143,14.1239226,6539501878,181351,20970077.88,2.43931042,115.6325462
2024-04-27,83.8230577,74470162.64,171958,294258,12.30163412,6242316740,172707,19663130.44,2.34846521,113.8525389
2024-04-28,83.91584867,74474043.89,277540,357090,11.85598341,6249552597,278148,17378453.98,0.42803241,62.47916209
2024-04-29,83.70607482,74477793.89,218348,370617,14.82684179,6234243788,218013,17015602.35,0.82795107,78.04856751
2024-04-30,79.52529793,74481475.14,394915,562936,14.2373646,5923161501,393734,17605973.99,0.02486145,44.71540174
2024-05-01,79.90783758,74484675.14,327201,473446,14.79417148,5951909323,328557,20734485.99,0.09865629,63.10772861
2024-05-02,80.16543504,74487993.89,197555,336324,12.74425507,5971362435,197536,18751571.97,1.76568495,94.92736496
2024-05-03,82.01726421,74491037.64,213385,359917,11.70157438,6109551115,215844,18262003.34,1.40210845,84.60741712
2024-05-04,81.69132778,74494456.39,214956,369220,13.09578978,6085551055,216708,17050358.25,1.13246588,78.67895161
2024-05-05,81.37300173,74498587.64,188816,352108,10.78222692,6062173701,189322,14632645.1,1.3858271,77.28972386
2024-05-06,80.78697366,74502187.64,202788,354207,13.21667812,6018806270,202456,15814410.82,1.18830991,78.11282856
2024-05-07,80.84537841,74505987.64,204533,380849,11.46191176,6023464765,204575,15315081,1.17356289,74.8629158
2024-05-08,81.40756414,74509218.89,212020,362539,12.91823263,6065614015,212408,17576984.39,1.1829115,82.75104697
2024-05-09,83.01443255,74512418.89,182708,356278,12.58263284,6185606172,184292,16284085.81,1.94656181,88.36024249
2024-05-10,80.23581966,74516131.39,191910,347424,12.37083814,5978862880,191818,17966468.65,2.00193,93.66414333
2024-05-11,81.39700914,74519800.14,195446,351131,10.99616163,6065688853,195967,14384148.21,1.35738432,73.40086959
2024-05-12,81.34871791,74523643.89,191543,354849,11.47899814,6062402884,193326,13616866.67,1.01977081,70.43474063
2024-05-13,80.63282708,74527468.89,193485,375570,11.60736428,6009360512,193891,14367862.92,1.22600124,74.10278416
2024-05-14,78.72952563,74531568.89,236690,381480,12.04238916,5867835063,236254,14891178.45,0.46305362,63.03037599
2024-05-15,82.47262772,74535150.14,257872,423344,12.7327,6147109690,258057,21252560.89,0.34413426,82.35607207
2024-05-16,82.42699345,74538775.14,338971,503760,16.84187161,6144007130,339918,15548769.34,0.0266872,45.74270658
2024-05-17,84.12075368,74542156.39,408400,550594,17.79780524,6270542377,408578,17124158.13,0.023206,41.91160104
2024-05-18,83.86367477,74545618.89,360572,497986,14.24132838,6251669538,362137,14626256.51,0.020976,40.38873827
2024-05-19,82.19946973,74549131.39,327288,466803,14.29713066,6127899069,328148,12652890.91,0.02688545,38.55848857
2024-05-20,88.60415553,74552956.39,329095,488239,14.49967132,6605701743,329032,15444963.19,0.04349205,46.94061121
2024-05-21,88.2230987,74556518.89,216594,400449,11.85142539,6577607124,217611,17037364.2,0.74006313,78.29275267
2024-05-22,85.71394234,74560000.14,187528,346722,10.93625989,6390831553,188750,21914824.93,1.24765009,116.1050327
2024-05-23,85.30140641,74563587.64,174599,332610,12.24966774,6360378892,173513,22440427.55,2.29099254,129.3299497
2024-05-24,84.90162528,74567668.89,191452,329997,12.0132302,6330916282,193359,26584819.93,1.95151319,137.4894364
2024-05-25,84.89030181,74571156.39,173564,313892,11.35980042,6330367972,173542,22609608.3,1.95717474,130.2832069
2024-05-26,83.91440004,74574406.39,157762,285468,11.42875332,6257866570,159039,20906269.06,1.99600078,131.4537255
2024-05-27,85.21507199,74578087.64,189457,333456,10.96293501,6355177107,188587,21205189.18,1.17080049,112.4424758
2024-05-28,83.40679705,74581650.14,207702,353969,11.36631865,6220616557,208934,20674680.41,0.76847461,98.95316418
2024-05-29,83.56854771,74585200.14,297937,446874,12.34514723,6232976856,298757,21924753.74,0.12910029,73.38657752
2024-05-30,84.43299449,74589112.64,243811,404248,12.12496043,6297782136,241846,24009903.27,0.55615942,99.27765299
2024-05-31,83.12029082,74592568.89,249366,407346,12.32549695,6200156019,251198,25216564.64,0.67096437,100.3852126
2024-06-01,83.34988677,74595975.14,201768,354960,12.63695221,6217566081,202198,20851196.3,1.50450954,103.1226634
2024-06-02,83.06220607,74599450.14,175249,326654,10.60298362,6196394900,177352,18568287.41,1.70423015,104.6973668
2024-06-03,82.81703198,74603043.89,189395,332897,12.5793767,6178402671,189407,21968982.41,1.61182777,115.9882286
2024-06-04,83.57501136,74606593.89,182494,339848,11.16438943,6235246932,183989,21218877.92,2.06568586,115.3268832
2024-06-05,85.3614727,74610231.39,427705,602073,15.15048492,6368839230,426777,23649000.75,0.02034492,55.41301604
2024-06-06,84.22722773,74613787.64,568392,856630,19.32157901,6284512483,568794,24356327.61,0.01932711,42.82099952
2024-06-07,80.08213144,74617218.89,512544,661957,16.06194155,5975505930,514981,23528840.81,0.0166296,45.68875513
2024-06-08,80.00047811,74620800.14,673957,816820,16.83255159,5969699688,669865,21796050.53,0.01622441,32.53797485
2024-06-09,80.42439696,74624550.14,650117,786561,17.46684027,6001634443,654640,20461142.7,0.01613544,31.25556443
2024-06-10,79.59463944,74628150.14,694080,851151,19.56647088,5940000702,694375,23020814.94,0.0113444,33.15328884
2024-06-11,77.30838144,74631781.39,648284,799738,17.57424772,5769662223,648100,22608969.79,0.01034536,34.88500199
2024-06-12,78.43769415,74635562.64,640693,788805,16.47272503,5854241435,641597,25563929.93,0.00937288,39.84421673
2024-06-13,79.09666598,74639406.39,660206,804834,17.45235977,5903728196,658605,26381926.36,0.00857856,40.05728223
2024-06-14,77.46527952,74642925.14,222054,364595,11.78356299,5782235060,225987,26784490.86,1.30353683,118.5222639
2024-06-15,79.18411778,74646568.89,282875,426053,11.66009555,5910822703,283138,24117000.5,0.25786043,85.1775477
2024-06-16,78.85879526,74650331.39,173691,300189,9.49132721,5886835199,175433,20395009.85,1.51925964,116.2552647
2024-06-17,76.64881055,74653762.64,215728,368950,12.26535859,5722122109,215317,22980267.31,0.8211768,106.727603
2024-06-18,72.52127823,74657343.89,278173,408030,12.96408899,5414246008,278745,23723822.14,0.24921656,85.10940875
2024-06-19,73.69181356,74660818.89,314472,456907,12.87605346,5501891146,314097,23057018.82,0.06547235,73.40731945
2024-06-20,74.79840718,74664243.89,366492,503127,13.76124385,5584766516,367787,23316316.67,0.04283756,63.39625018
2024-06-21,74.08039622,74667562.64,402734,541062,14.83512613,5531402625,401705,29284299.28,0.02310448,72.90001189
2024-06-22,74.56078123,74671031.39,238512,376171,12.15632496,5567530435,240387,23149374.36,0.537454,96.30044203
2024-06-23,73.55108481,74674768.89,680547,800749,14.89786707,5492410259,680784,20534415.35,0.01202056,30.16289359
2024-06-24,69.62610695,74678487.64,599872,727568,16.34239064,5199572367,598837,24406851.83,0.0224818,40.7570872
2024-06-25,71.27396382,74682237.64,515769,661090,14.98167944,5322899103,516539,25308598.99,0.01650258,48.99649202
2024-06-26,70.96651038,74685712.64,411378,557839,13.98738244,5300184401,411848,25872622.72,0.0367226,62.82080455
2024-06-27,73.05716798,74689450.14,227312,356253,11.76194977,5456599705,227831,24787513.42,0.89915529,108.7978081
2024-06-28,72.79307283,74693087.64,333190,474385,13.46079749,5437139368,333929,25372387.63,0.12712857,75.98138416
2024-06-29,75.03287172,74696481.39,232047,361503,12.69081235,5604691506,234472,20869085.29,0.7244901,89.00459452
2024-06-30,75.28273562,74699950.14,189652,321235,12.09485237,5623616597,189495,18191842.18,1.47821637,96.00170022
2024-07-01,74.30741478,74703650.14,176415,334160,11.92955689,5551035117,178509,18234090.97,2.6210678,102.1466199
2024-07-02,75.83392033,74707118.89,195188,339650,11.5279415,5665333702,195077,23289113.25,1.98356726,119.3842085
2024-07-03,71.94740607,74710806.39,190295,332682,12.43221779,5375248725,190720,23647366.07,2.30141502,123.9899647
2024-07-04,65.6869253,74714650.14,192760,334461,11.70401441,4907775642,193277,22998724.93,2.00655143,118.9935943
2024-07-05,61.96605814,74718375.14,245653,381887,12.6529558,4630003178,244982,36133582.06,0.76317016,147.4948448
2024-07-06,65.43143057,74722100.14,227929,361048,12.1117729,4889173907,229291,25200352.49,0.6858648,109.9055458
2024-07-07,62.14603434,74725700.14,155631,270624,10.53450583,4643905927,156712,18944952.63,2.50410075,120.8902486
2024-07-08,64.86894632,74729037.64,327616,468073,14.13340622,4847593931,327958,23463151.58,0.03824048,71.54315972
2024-07-09,65.31539531,74732287.64,330592,478815,12.92914395,4881168909,329812,24881935.74,0.02847848,75.44278478
2024-07-10,66.88839279,74735875.14,173580,305899,10.60739208,4998962572,176808,23581015.53,2.35296472,133.3707498
2024-07-11,67.46007365,74739450.14,179615,312698,12.4669769,5041928811,178714,22163356.69,2.77123958,124.0157833
2024-07-12,69.27382211,74743262.64,181067,318109,11.54937228,5177751480,181862,22899266.41,2.74839041,125.9156196
2024-07-13,69.89120073,74747068.89,198307,330266,12.1563457,5224162395,199401,21568218.66,1.37690159,108.1650476
2024-07-14,70.10461285,74750675.14,265742,389239,11.57429736,5240367141,264811,18523689.1,0.26582786,69.95060289
2024-07-15,72.37372882,74754356.39,270507,421860,13.39463631,5410251517,272835,18032384.88,0.31929355,66.09263795
2024-07-16,73.12817881,74758031.39,196577,447675,12.2634085,5466918687,196797,18206884.58,1.51723167,92.51606772
2024-07-17,71.53131615,74761631.39,230875,403719,11.96360547,5347797891,231787,18909442.3,0.60416366,81.5811167
2024-07-18,71.57923307,74765125.14,246968,393909,11.79182046,5351630318,247236,18735619.37,0.4985024,75.78030454
2024-07-19,73.46401609,74769037.64,291287,447308,12.79465065,5492833784,292470,19557013.4,0.1934835,66.86844258
2024-07-20,73.08455427,74772706.39,314161,438213,12.45102682,5464729918,314474,15824780.42,0.03724608,50.32142695
2024-07-21,73.9500718,74776243.89,265185,385220,11.0110886,5529708605,265995,14571363.36,0.16339246,54.78059122
2024-07-22,71.28042126,74779843.89,245313,372630,13.20669619,5330338774,245298,16709946.31,0.3471757,68.12100512
2024-07-23,72.86556953,74783187.64,276125,405468,11.87203974,5449119559,276200,18051183.88,0.17531718,65.3554811
2024-07-24,71.09891537,74786850.14,214244,366614,11.99900936,5317263929,214010,18345857.81,0.91685017,85.72430173
2024-07-25,68.80246226,74790343.89,169372,299081,12.12262749,5145759813,171108,19198782.28,2.74221543,112.2027157
2024-07-26,71.33464341,74794131.39,177276,308690,12.76979227,5335412692,177875,20559814.13,2.72207381,115.5857435
2024-07-27,71.41630189,74797656.39,169175,310193,12.48933364,5341772009,170796,18042051.43,2.39531497,105.6350935
2024-07-28,71.09053585,74801468.89,161501,287468,10.5719388,5317676506,160591,15137390.18,1.99999397,94.26051383
2024-07-29,73.83416093,74804681.39,170174,312539,13.44693909,5523140884,171490,18211562.42,2.09881429,106.1960605
2024-07-30,71.61557006,74808112.64,170339,308619,11.41102533,5357425631,171466,16966663.17,2.42602234,98.95059761
2024-07-31,70.26492938,74811475.14,362643,451382,13.72524446,5256623018,362054,20570845.41,0.03203485,56.81706433
2024-08-01,69.47035149,74815025.14,248709,380462,12.70369982,5197426093,248319,21294273.37,0.69043464,85.75370137
2024-08-02,64.91287127,74818781.39,193671,343405,13.75774741,4856701925,194693,23231671.75,2.48620082,119.324638
2024-08-03,64.50227384,74822256.39,179437,311657,12.92409117,4826205671,180643,20307152.79,2.30002795,112.4159408
2024-08-04,62.55894799,74825675.14,320328,439701,12.61693522,4681015520,318815,19886486.53,0.0457768,62.37625747
2024-08-05,56.33564757,74829156.39,311528,358276,13.89350325,4215548983,315121,25444192.15,0.11288672,80.74419715
2024-08-06,58.29603387,74832950.14,283960,314294,12.30260195,4362464196,281511,23921281.39,0.32229649,84.97458852
2024-08-07,56.12239807,74836850.14,228204,356648,12.31484843,4200023494,231513,27158272.16,0.82988755,117.3077631
2024-08-08,61.36110822,74840437.64,181765,316562,12.55390111,4592292193,182154,23532870.83,2.47529056,129.1921716
2024-08-09,60.52461006,74844012.64,247112,379087,13.15317647,4529904680,246236,21317611.29,0.70613515,86.57390184
2024-08-10,61.13441115,74847793.89,174902,298306,11.6479024,4575775805,177206,17436893.6,2.36623779,98.39900227
2024-08-11,59.6226576,74851500.14,276045,403160,12.75858948,4462845364,274992,18135599.3,0.17606018,65.94955236
2024-08-12,61.47221954,74855212.64,191587,329614,15.22592508,4601516065,193389,17613244.32,1.49766435,91.07676403
2024-08-13,63.34370636,74858743.89,178526,327363,15.24699715,4741830292,178265,18142062.64,2.23426661,101.7701884
2024-08-14,64.03774746,74862512.64,281499,430177,18.52975089,4794026678,283265,22194245.86,0.32988908,78.351529
2024-08-15,65.2522094,74866368.89,296757,435508,20.57399242,4885195980,296024,21454473.58,0.30490401,72.47545326
2024-08-16,66.45024628,74869775.14,205569,350674,15.13379538,4975114997,207030,21523709.16,1.71991085,103.964204
2024-08-17,67.58736688,74873556.39,183519,311528,14.29217385,5060506526,184770,19069570.61,2.04736634,103.2070715
2024-08-18,66.42879818,74877206.39,170649,288125,11.76621827,4974002831,171113,18129247.87,2.20458563,105.9489803
2024-08-19,66.27766489,74880643.89,297324,434089,15.07194621,4962914223,296934,19605083.52,0.17110084,66.02505446
2024-08-20,64.55390471,74884175.14,209453,342272,15.52313094,4834065906,208324,19044841.23,1.50095716,91.41933347
2024-08-21,64.37720535,74888143.89,233516,372978,11.95702318,4821089418,235619,17133820.08,0.68563965,72.71832949
2024-08-22,63.78355625,74892256.39,293910,428072,13.19676178,4776894448,295940,19933662.5,0.2108663,67.35710785
2024-08-23,66.24301173,74896125.14,184938,334732,12.30612408,4961344896,185721,22723265.62,2.79470201,122.3516222
2024-08-24,66.48862779,74899675.14,180330,312883,10.87958699,4979976622,179443,17555588.53,2.24110623,97.83378861
2024-08-25,65.03414882,74903100.14,169463,284285,11.51743128,4871259362,170876,18090186.48,2.02918568,105.8673335
2024-08-26,63.30929544,74906593.89,184293,377108,13.41844834,4742283683,183984,18060178.91,1.94021832,98.16168202
2024-08-27,60.52303975,74909812.64,182379,347029,14.21029815,4533769568,184443,18172211.89,2.20627182,98.52481193
2024-08-28,61.8720078,74913068.89,181881,312790,12.55789855,4635021983,181147,21188595.98,2.36549361,116.9690692
2024-08-29,62.34294956,74916425.14,184975,318251,13.08711926,4670510914,185096,21840510.56,2.79481918,117.9955837
2024-08-30,65.00231416,74919812.64,191110,326442,12.09660994,4869961198,193006,22929988.87,3.12034874,118.8045391
2024-08-31,65.03509373,74923275.14,281938,422362,11.96111586,4872642221,281747,19320619.13,0.35898852,68.57435618
2024-09-01,63.51723074,74927387.64,340980,477778,11.29699177,4759180169,340573,18194199.1,0.07648275,53.42231797
2024-09-02,65.28250654,74931031.39,344975,475518,11.31457066,4891685547,341726,18727862.03,0.03902665,54.80373757
2024-09-03,64.62488787,74934825.14,394443,537351,11.42876171,4842654672,399523,20570919.32,0.02654472,51.48869858
2024-09-04,65.47351995,74938625.14,358478,493501,11.52909764,4906495568,359878,21899707.63,0.038341,60.85314363
2024-09-05,66.02555984,74942343.89,198387,379592,12.80711922,4948110211,199253,22311206.34,2.16403748,111.9742556
2024-09-06,62.92906501,74946150.14,188833,327444,12.54789093,4716291154,189125,26499739.87,2.70734551,140.1175935
2024-09-07,62.00086965,74949750.14,178735,303783,10.84083617,4646949688,179037,20836871.88,2.40819576,116.3830487
2024-09-08,60.94751798,74953325.14,165691,295682,10.99948297,4568219132,166559,20204752.32,2.31291132,121.3068782
2024-09-09,61.48716277,74957081.39,169470,301416,11.64389199,4608898264,170358,18843668.3,2.79299992,110.6121714
2024-09-10,61.61318349,74960450.14,172513,313070,11.79232581,4618551969,172070,20333794.01,3.0689652,118.1716395
2024-09-11,62.15185515,74963950.14,175632,303173,11.55208518,4659148571,176634,21982253.96,2.47658569,124.4508643
2024-09-12,62.83516621,74967387.64,182956,322447,12.68860247,4710588263,183381,21175859.79,2.53667436,115.4746663
2024-09-13,64.92081179,74970793.89,190051,324436,12.91096029,4867164800,189877,24691633.91,3.20035632,130.0401518
2024-09-14,66.01202782,74974650.14,186767,319570,12.24759138,4949228691,188881,22562316.98,2.49968692,119.4525494
2024-09-15,63.34844254,74978606.39,174062,296863,10.82778431,4749777939,174272,19386688.42,2.28741864,111.2438511
2024-09-16,62.55944839,74982362.64,171436,309849,11.49700388,4690855246,171715,18593246.54,2.4067464,108.2796875
2024-09-17,63.66488226,74985943.89,177011,310607,12.62606178,4773971289,177708,19084991.3,2.54954023,107.3952287
2024-09-18,64.59879672,74989512.64,178153,318065,14.34562542,4844232283,179421,20640242.42,2.37338453,115.0380525
2024-09-19,65.52242697,74993137.64,178095,312224,12.22979088,4913732384,178637,22384652.71,2.45232814,125.3080421
2024-09-20,65.22163142,74996506.39,185283,331528,11.66038543,4891394498,185229,20517247.76,2.59373943,110.7669304
2024-09-21,66.94670501,75000368.89,182033,307156,11.5519746,5021027572,182580,20910290.26,2.13340542,114.5267294
2024-09-22,68.52815582,75004075.14,172449,292482,12.74850131,5139890949,173252,18488020.71,2.02909367,106.7117304
2024-09-23,67.04336035,75007550.14,172003,313264,12.40547663,5028758213,173222,19629961.18,2.07481506,113.322564
2024-09-24,66.71227969,75011218.86,174270,302408,13.1088177,5004169412,173283,19150869.17,2.46260827,110.5178763
2024-09-25,66.56053629,75014862.57,181852,301864,13.46125349,4993029482,183560,22645037.86,2.55993857,123.3658633
2024-09-26,68.40113394,75018425.01,187246,325775,13.90256322,5131345337,186577,24851900.09,2.37940167,133.1991622
2024-09-27,71.08100561,75022031.26,214684,360855,16.14797237,5332641425,215573,25900026.26,1.59655982,120.1450379
2024-09-28,69.86085777,75025787.48,231977,369456,16.69699904,5241365869,233113,22018174.32,0.99849181,94.45279465
2024-09-29,69.34014669,75029137.46,185990,313645,13.0065108,5202531397,186121,20411753.18,1.69734531,109.6692645
2024-09-30,66.7530192,75032643.71,192536,338100,14.82619505,5008655506,194456,22095518.88,1.75004499,113.6273444
2024-10-01,63.37568991,75035962.46,184857,342237,15.63140184,4755455889,185317,27236716.37,2.86741661,146.9736525
2024-10-02,62.91564871,75039812.46,181755,320643,13.08137654,4721178480,181230,22916786.39,2.82918427,126.4513954
2024-10-03,63.40239528,75043424.85,179855,320078,12.43949784,4757932885,181627,22775272.19,2.94836321,125.3958508
2024-10-04,64.90712361,75047143.6,188053,320915,13.71601173,4871094226,187450,28979152.33,2.5925386,154.5967049
2024-10-05,66.19189188,75050906.1,182814,309298,11.76691106,4967761462,182842,24329269.29,2.30087137,133.0617106
2024-10-06,67.10930567,75054656.1,174900,297882,11.381658,5036865858,175551,22280842.3,2.20907508,126.9194838
2024-10-07,64.96554969,75058131.1,174114,316259,14.46186877,4876192746,175611,21966004.41,2.36639188,125.0833058
2024-10-08,65.61589044,75061756.1,176654,314884,13.41544289,4925243964,177407,22322170.94,2.30314287,125.8246345
2024-10-09,64.53957667,75065356.1,180162,321737,14.09321938,4844686305,180220,23549910.66,2.34025703,130.6731254
2024-10-10,64.22565084,75068968.6,196188,621905,20.58494132,4821353366,196770,22989775.88,1.70910354,116.8357772
2024-10-11,65.50841617,75072562.35,187847,338437,22.61028625,4917884657,187681,23928559.82,2.84489593,127.4959097
2024-10-12,66.21232913,75076112.35,210984,340197,11.22665376,4970964261,211500,20078835.55,1.44670438,94.93539267
2024-10-13,64.70073116,75079606.1,171134,304614,9.12913451,4857705410,172359,19641833.11,2.32361329,113.9588482
2024-10-14,66.95523713,75083231.1,202104,339029,11.57079334,5027215543,202849,21019135.32,1.55447796,103.6196152
2024-10-15,70.58410366,75087143.6,189542,345710,12.10644412,5299958727,190325,26044528.79,2.43589656,136.8423948
2024-10-16,69.99732184,75090862.35,184156,346255,11.84001177,5256159259,183823,25375716.33,2.31178744,138.0442944
2024-10-17,72.97815348,75094556.1,185986,323403,10.41504021,5480262041,187047,22330959.15,2.52715918,119.3868875
2024-10-18,73.30934602,75098174.85,216234,357893,10.93764686,5505398085,216937,20495379.65,1.48555451,94.47618273
2024-10-19,74.96430085,75101993.6,188780,323259,9.6969805,5629968442,190075,21387778.99,1.99360408,112.5228409
2024-10-20,74.22767971,75105656.1,177033,307431,10.13423673,5574918585,177405,16566302.22,1.86544157,93.38125882
2024-10-21,70.72966777,75109193.6,177490,323660,11.09366303,5312448309,178511,19205079.16,2.4092961,107.58485
2024-10-22,69.92123351,75112824.85,180250,318058,10.00626314,5251981366,179457,20326405.76,2.19071272,113.2661627
2024-10-23,70.06894645,75116424.85,177655,314466,10.28825331,5263328750,177984,20125932.08,2.34056109,113.0771984
2024-10-24,70.99953264,75119931.1,180032,313862,10.24080215,5333480000,182384,19095223.63,2.48945769,104.6979101
2024-10-25,68.21632711,75123237.35,190636,333735,11.33773021,5124631333,191009,25252081.02,2.57279394,132.2036188
2024-10-26,68.35054191,75126831.1,181197,328555,9.94088134,5134959618,182416,20435751.83,2.19682507,112.0282861
2024-10-27,71.02334851,75130518.6,170759,301902,9.44926718,5336021006,170397,16742705.37,2.22286892,98.25704308
2024-10-28,70.75786093,75133949.84,175404,327482,10.34493131,5316317574,174587,17646015.49,2.14714955,101.0729063
2024-10-29,74.03747764,75137493.59,181840,328785,11.51233162,5562990502,183605,20720970.45,2.36056758,112.8562427
2024-10-30,71.91610222,75141012.34,182321,321233,9.91014286,5403848725,182122,19208250.82,2.14995021,105.4691406
2024-10-31,69.27063552,75144512.34,183594,313330,10.40123374,5205308126,184891,21751581.32,2.67677734,117.6454307
2024-11-01,70.20482094,75148156.09,190832,331186,10.00124046,5275762842,192277,23188675.64,2.42623489,120.6003611
2024-11-02,69.06997758,75151768.59,201345,335562,10.68114979,5190730972,200627,21359367.72,1.61176981,106.4630769
2024-11-03,66.85079462,75155474.84,174262,303744,9.74249903,5024203213,176098,18279578.64,2.0116167,103.8034426
2024-11-04,65.45526349,75158999.84,180581,311597,10.38671732,4919552138,178919,18714434.56,2.28096171,104.5972454
2024-11-05,65.68968196,75162499.84,186351,322889,11.22673661,4937400710,187543,21286479.21,2.79341728,113.5018594
2024-11-06,71.11859427,75166262.34,220565,365250,11.58113017,5345718914,222291,22219315.6,1.19648308,99.95598383
2024-11-07,71.52303348,75169749.84,184956,323269,10.87420913,5376368534,185768,21428372.95,2.32163527,115.3501838
2024-11-08,72.77897948,75173612.34,192571,329678,10.47932479,5471058790,192384,24552588.72,2.53014385,127.6228206
2024-11-09,74.01535205,75177562.34,192313,323259,9.76062219,5564293743,192308,24016349.27,2.1381188,124.8848164
2024-11-10,76.37043826,75181593.58,187935,350993,10.48258925,5741651251,188520,28195208.72,1.77841158,149.5608355
2024-11-11,79.87580577,75185468.58,190436,340196,12.54045088,6005499885,191098,26688276.81,2.0288426,139.6575412
2024-11-12,77.26427787,75189043.58,192693,339427,11.4749139,5809427156,192460,25731275.05,2.09537276,133.6967424
2024-11-13,75.48660133,75192731.08,190413,367984,11.41489022,5676043714,192793,23318555.42,2.0850651,120.9512556
2024-11-14,81.93845184,75196568.58,203149,435049,12.78664035,6161490413,203208,26360539.38,1.89468099,129.7219567
2024-11-15,83.70353793,75200237.33,215736,369750,10.97818454,6294525918,216127,23661980.43,1.83645406,109.4818344
2024-11-16,95.16196957,75203774.83,209263,359112,10.98887514,7156539332,210845,23165583.38,1.63356266,109.870205
2024-11-17,86.92832159,75207524.83,186142,327029,9.66832561,6537663905,186416,18810256.12,1.72483184,100.9047298
2024-11-18,88.87143697,75211343.58,187361,333487,11.81455767,6684140181,187857,24687213.29,1.76181333,131.4149235
2024-11-19,86.78177974,75214818.58,190779,328490,10.24018522,6527275819,191988,27498928.82,1.77037716,143.2325396
2024-11-20,83.76792354,75218799.83,191421,351755,10.79344707,6300922673,190850,26600307.53,1.92076571,139.3780851
2024-11-21,89.38568092,75222256.08,198518,366330,11.24906609,6723792580,197317,23743776.1,1.82219293,120.3331497
2024-11-22,91.72766352,75225856.08,199595,351673,11.84076057,6900292015,202709,29179858.03,2.04000939,143.9494943
2024-11-23,99.22960407,75229524.83,204977,366711,11.35566152,7464995964,205817,27505783.37,1.87942811,133.641941
2024-11-24,97.15187673,75232974.83,184341,331864,10.29929083,7309024697,185032,20069190.22,1.50879954,108.4633481
2024-11-25,92.62164697,75236649.83,187168,342790,11.66583063,6968542420,187018,22573530.65,1.7553552,120.7024492
2024-11-26,92.52143885,75240299.83,184615,335101,10.48432822,6961340800,184939,21841788.02,1.99998795,118.102661
2024-11-27,97.4656646,75244112.33,191579,346989,10.90344803,7333717416,192911,22173092.77,2.09965635,114.9394942
2024-11-28,95.83149094,75247599.83,192030,339842,11.8387437,7211089681,192578,19695803.41,2.03501275,102.2744208
2024-11-29,103.5744811,75251493.58,201927,356866,11.47306105,7794134398,202869,22977146.04,2.04126377,113.2610011
2024-11-30,102.6755959,75255012.33,199576,349186,11.87424033,7726853238,198252,19735450.66,1.88620247,99.54729665
2024-12-01,119.7503208,75258724.83,197779,355921,10.56541936,9012256445,199910,19699041.75,1.5596221,98.53955155
2024-12-02,134.6625724,75262387.33,218109,431667,13.5335721,1.013502668e+10,218039,26912613.58,1.436652,123.4302743
2024-12-03,132.3955093,75265699.83,205473,373479,11.24330995,9964840663,204463,20614637.42,1.54486481,100.8233148
2024-12-04,133.3869186,75269174.83,198782,356277,10.99264523,1.003992329e+10,200405,22990141.95,1.7087524,114.718405
2024-12-05,136.1633518,75272862.33,207327,367004,13.25724959,1.024940524e+10,208919,20203223.38,1.69302363,96.70361899
2024-12-06,136.010049,75276537.33,204882,360511,10.3125533,1.023836553e+10,204769,20211924.6,1.64421548,98.70597891
2024-12-07,133.7997704,75280431.08,201962,351682,9.11154965,1.007250439e+10,204066,16098176.84,1.24503443,78.88710924
2024-12-08,134.8304177,75284443.58,190471,338482,10.89031373,1.015063298e+10,190823,14319640.28,1.2198483,75.04147971
2024-12-09,110.4602403,75288256.08,189689,351506,10.5809345,8316358857,190529,24794896.05,1.53478861,130.1371237
2024-12-10,109.9118828,75291843.58,193574,352737,11.32710563,8275468287,193738,24951852.74,1.85334386,128.7917329
2024-12-11,117.8360989,75295274.83,192079,346008,10.1546665,8872501450,191366,23403957.65,1.47261003,122.2994558
2024-12-12,119.1991128,75298974.83,201238,360219,11.00999722,8975570993,202767,24306809.91,1.50758393,119.875571
2024-12-13,123.9024985,75302693.58,207903,364902,9.9757537,9330191877,208556,21727188.79,1.65799174,104.1791595
2024-12-14,118.1417421,75306737.33,203180,359941,9.39804518,8896869141,202340,19119330.05,1.3534686,94.49110434
2024-12-15,120.9836432,75310687.33,187744,333215,9.31124736,9111361323,189445,15714798.9,1.35531726,82.9517744
2024-12-16,118.2758269,75314424.83,191357,394069,10.7794533,8907875873,192943,18582466.23,1.58248971,96.31065253
2024-12-17,124.0301311,75317793.58,195776,342100,9.80597327,9341675809,194629,20186708.65,1.53948885,103.7189147
2024-12-18,109.010833,75321162.33,193760,344042,10.39539603,8210822646,195227,18355705.17,1.82107464,94.02236968
2024-12-19,100.0249414,75324812.33,198340,345121,10.02961287,7534359943,197580,20258111.05,1.92443291,102.5311826
2024-12-20,101.4142265,75328712.33,203059,372082,10.36285378,7639403095,205899,21791611.06,2.15548947,105.8364104
2024-12-21,101.1214213,75332437.33,200956,344963,9.58758982,7617723136,200468,16200341.81,1.77031486,80.81260756
2024-12-22,99.58783952,75336006.08,185904,319115,8.80262148,7502550084,185585,14507027.98,1.77328682,78.16918384
2024-12-23,106.4053242,75339556.08,197776,350243,13.05206263,8016529891,198748,16513738.12,1.85996081,83.08882667
2024-12-24,108.3032427,75343481.08,194101,339251,9.86535733,8159943316,195940,17038193.25,1.83162612,86.95617663
2024-12-25,109.393182,75347506.08,194752,332780,9.23210026,8242503443,194839,15568937.02,1.5586045,79.90667691
2024-12-26,102.0339396,75351424.83,199877,354903,10.80607702,7688402734,200466,15799009.18,1.47056776,78.81141531
2024-12-27,100.2290802,75355143.58,212400,374339,10.79086596,7552776729,211455,16772370.24,1.85225621,79.31886328
2024-12-28,100.5785868,75358381.08,198401,348389,9.15058729,7579439474,199998,15718987.35,1.74441118,78.59572268
2024-12-29,98.01208793,75361899.83,194831,341729,9.68636436,7386377153,196163,14269358.6,1.68245819,72.74235505
2024-12-30,99.05705104,75365493.58,204865,368226,10.82751753,7465483545,205133,16206408.78,1.75065559,79.00439605
2024-12-31,102.9747834,75369218.58,202516,364557,9.71027466,7761128961,203474,14238096.99,1.94517604,69.97501886
2025-01-01,104.7749301,75372893.58,186818,323641,8.53895997,7897189656,187028,12782142.64,1.51748334,68.34347069
2025-01-02,105.2050373,75376581.08,203758,356692,9.50818968,7929996025,202752,14453243.67,1.55039887,71.2853322
2025-01-03,112.8754484,75379924.83,210605,371304,10.07899702,8508542819,213573,16833476.07,1.61505927,78.81837156
2025-01-04,111.2098825,75383649.83,209292,381908,9.65882199,8383406841,209139,14451441.25,1.34748651,69.09969565
2025-01-05,115.3303748,75387281.08,191485,355231,9.20522658,8694443382,191365,12775029.06,1.39772702,66.75739586
2025-01-06,113.8404394,75390781.08,192389,346551,10.48716052,8582519647,193764,15405387.07,1.51744717,79.50593023
2025-01-07,103.0232414,75394287.33,193284,340495,9.43181356,7767363865,194208,14957584.63,1.69463381,77.01837531
2025-01-08,101.5468272,75397824.83,190123,350729,10.06197875,7656409892,188491,13540930.99,1.92816035,71.83860762
2025-01-09,102.2833997,75401599.83,191411,331957,9.37799017,7712331971,193861,14839264.74,1.77790093,76.54590012
2025-01-10,104.4236585,75405112.33,201093,355130,15.82027944,7874077701,202147,15192151.03,1.90029652,75.15397718
2025-01-11,104.5078264,75408581.08,198517,338476,9.88936629,7880786902,198776,13173765.19,1.61100688,66.27442544
2025-01-12,102.1669893,75411849.83,189529,330173,11.19213512,7704601653,188312,13243401.81,1.62637831,70.32691388
2025-01-13,98.44057697,75415512.33,186786,347148,9.64342936,7423946546,189274,18934613.19,1.90069833,100.0381098
2025-01-14,102.2909709,75419356.08,195431,343709,10.9902876,7714719160,196105,17891323.6,1.90773799,91.23338824
2025-01-15,117.1140904,75423306.08,195297,353537,12.15606953,8833131890,194553,19024749.36,2.04782769,97.78697506
2025-01-16,123.8801512,75427149.83,205699,371541,21.7090501,9343926722,207386,21698079.48,1.66000165,104.6265393
2025-01-17,136.6161245,75430418.58,207265,404597,11.8679399,1.030501146e+10,206533,22651492.9,1.68640225,109.6749328
2025-01-18,125.1413844,75434124.83,200572,362538,10.39072423,9439930810,202696,19253741.72,1.61171393,94.98826674
2025-01-19,114.7328196,75437593.58,193421,344993,9.96967568,8655167819,192497,18170071.16,1.54335735,94.39145106
2025-01-20,118.6927322,75441274.83,193751,350269,10.83635357,8954331033,194293,18664813.92,1.72873283,96.06529274
2025-01-21,118.6671533,75445031.08,190114,354605,9.89260245,8952847066,190251,17044787.8,1.6713366,89.59105496
2025-01-22,115.1852923,75448587.33,188794,340212,10.70261105,8690567586,190294,14509165.05,1.79823348,76.24604587
2025-01-23,116.3548246,75452174.7,194769,338759,11.57829555,8779224552,194823,13709427.48,1.89451995,70.36862934
2025-01-24,118.4550338,75456137.18,200950,364146,14.41228289,8938159282,202205,17906116.73,1.80140021,88.55427278
2025-01-25,123.8188265,75460518.42,202637,351834,18.49339771,9343432840,203895,15841675.29,1.59799587,77.69526122
2025-01-26,117.9096532,75464599.63,189051,337743,12.62639506,8898004772,188702,13104669.51,1.59376215,69.44637316
2025-01-27,114.6479539,75468205.88,184264,335179,9.48198175,8652275387,186261,16981998.12,1.7789586,91.17312866
2025-01-28,109.9198213,75471930.88,191009,332547,10.23199697,8295861155,190558,15924837.44,1.849803,83.56950343
2025-01-29,116.137781,75475293.38,184114,323370,9.43335064,8765533095,185076,15014900.37,1.93629493,81.12829523
2025-01-30,129.9635007,75478930.64,200108,368427,11.33707415,9809506053,200397,18991125.31,1.71646649,94.76751305
2025-01-31,128.1720779,75482374.37,204783,379722,11.65795591,9674732771,205494,17854242.42,1.79253548,86.88449501
2025-02-01,118.9227403,75485930.56,201204,373622,10.21831846,8976993713,203039,17818406.96,1.76049888,87.7585437
2025-02-02,108.3039878,75489624.31,190141,334960,9.91300552,8175827349,188755,15578981.21,1.66050423,82.5354624
2025-02-03,106.9814015,75493218.06,191899,346163,10.77104894,8076370273,193068,21021873.81,2.02066409,108.883263
2025-02-04,101.3583113,75496843.06,190602,347325,11.58043371,7652232520,192025,18184151.03,1.96621229,94.69678963
2025-02-05,103.14356,75500443.06,190708,340776,11.13135322,7787384483,191220,19718088.99,1.90665022,103.1172942
2025-02-06,101.3856185,75504174.31,194946,351651,12.04584147,7655037411,193953,15318503.27,1.99787801,78.98049148
2025-02-07,102.8181648,75507718.06,201045,355851,10.42585123,7763565003,201497,20217348.04,2.08231491,100.3357273
2025-02-08,104.6783271,75511343.06,198869,340921,10.44517489,7904401069,200088,15826856.16,1.83126875,79.09947701
2025-02-09,107.2296931,75515049.31,189158,325433,11.35427655,8097455562,190670,14043331.58,1.68910799,73.65254933
2025-02-10,119.5388717,75518849.31,190693,359779,16.43385843,9027438036,190631,15761630.24,1.50768123,82.68135946
2025-02-11,119.6730185,75522518.06,195209,349666,12.61321703,9038007702,196872,15546443.93,1.54967261,78.96726773
2025-02-12,121.8181099,75525974.31,195517,343261,11.11052062,9200431435,193874,14417982.57,1.6171945,74.36779853
2025-02-13,125.7616095,75529618.06,195866,351026,11.09932921,9498726332,197756,13599724.83,1.46526427,68.7702261
2025-02-14,125.1594015,75533280.56,204208,363922,10.54957972,9453700191,205026,13957354.12,1.57636724,68.07602018
2025-02-15,133.330103,75536893.06,198156,339296,9.94735718,1.007134174e+10,199035,11626503.05,1.52564839,58.41436454
2025-02-16,125.5854903,75540811.81,190472,326282,10.26542258,9486829889,189683,12562696.98,1.33904914,66.22995726
2025-02-17,122.5200834,75544280.56,185313,348529,10.05689943,9255691557,186893,14502724.64,1.59215775,77.59907882
2025-02-18,129.1693236,75547549.31,186893,359491,10.47261727,9758425845,187049,16929254.66,1.61509996,90.50705784
2025-02-19,135.3892635,75551036.81,196018,367635,13.01723126,1.022879923e+10,196336,20161267.05,1.68130734,102.6875716
2025-02-20,130.021847,75554880.56,194290,346217,11.34028111,9823785120,196655,19125231.46,1.77006276,97.25270883
2025-02-21,127.7087664,75558799.31,208148,367117,12.09437599,9649521054,208051,18688549.44,1.59421202,89.82677055
2025-02-22,126.1042896,75562611.81,195837,348470,13.95733826,9528769484,196373,13094886.66,1.57122901,66.68374297
2025-02-23,129.7336268,75566111.81,181753,347170,9.95638268,9803465751,182712,11776372.42,1.4884015,64.45319642
2025-02-24,114.5901709,75569711.81,185510,349441,11.18232856,8659546193,185591,13855746.03,1.66336795,74.6574243
2025-02-25,115.0133236,75573411.81,195017,357446,10.93284577,8691949270,194740,18484326.36,1.82818956,94.91797454
2025-02-26,125.9186283,75577118.06,195796,347810,12.19616159,9516567036,197645,24279149.16,1.93258541,122.8422128
2025-02-27,126.5730286,75580680.56,203985,382993,12.61731275,9566475645,203330,35521352.62,1.65701922,174.6980407
2025-02-28,128.5304355,75584036.81,220083,390490,11.29147541,9714849165,220083,40031992.86,1.8799636,181.8949799
2025-03-01,124.0535338,75587524.31,208685,356908,11.3091117,9376899504,208384,37145753.7,1.56069309,178.2562658
2025-03-02,127.6626627,75591193.06,189995,323958,10.68243062,9650172983,192487,38658250.83,1.63109412,200.8356452
2025-03-03,110.2469693,75595124.31,196281,353846,11.0066873,8334133349,196754,41704355.89,1.60611885,211.9619214
2025-03-04,103.1949832,75598968.06,192831,349506,10.74559655,7801434238,193262,41802353.31,1.89182508,216.2988757
2025-03-05,104.830677,75602736.81,193289,367224,11.05205439,7925486085,193680,39785626.28,1.89986376,205.4193839
2025-03-06,103.4922445,75606011.81,196312,403993,11.31286546,7824635862,197071,38730738.73,1.99648448,196.5319034
2025-03-07,103.2362978,75609736.81,201306,356586,11.55292379,7805669306,202057,41320899,1.9999985,204.5012002
2025-03-08,102.2837943,75613361.81,197075,350041,11.01498112,7734021545,197036,37274389.03,1.73550164,189.1755264
2025-03-09,94.46608954,75616649.31,181796,325036,9.69253786,7143209165,183523,33115929.49,1.64394333,180.4456634
2025-03-10,87.79715518,75619861.81,186674,347033,10.54840311,6639208742,186317,35521142.49,2.21137272,190.6489611
2025-03-11,90.48456565,75623386.81,186250,334026,10.82810562,6842749309,187734,35108230.17,2.33423107,187.0105051
2025-03-12,91.43274431,75627099.06,186656,339007,10.83971551,6914793211,185942,34235985.84,1.95832774,184.1218544
2025-03-13,88.02310801,75630486.56,185539,336571,10.19512697,6657230487,187604,32554430.78,2.32020606,173.527381
2025-03-14,91.56627911,75634336.56,195371,366413,11.07311137,6925554772,196116,36195093.8,2.3064621,184.5596168
2025-03-15,92.48006416,75638199.06,198289,342248,10.42276736,6995025502,197659,33287564.42,1.82607047,168.40905
2025-03-16,90.2691938,75641686.56,179715,325429,8.6636562,6828114063,179982,32029600.37,1.74157367,177.9600203
2025-03-17,92.35385234,75645155.31,186361,334570,10.3276496,6986121504,187284,35350802.53,2.11183196,188.7550593
2025-03-18,89.97104329,75649042.81,184200,326481,10.20801266,6806223305,185619,36482394.8,1.95015879,196.5445067
2025-03-19,94.01192705,75652624.06,187808,344336,10.3603835,7112248974,187454,33325996.04,1.95821472,177.7822615
2025-03-20,93.08669481,75655955.31,190677,343925,9.82867849,7042562823,190895,33843980.77,1.82260806,177.2910803
2025-03-21,91.16510882,75659586.56,195960,352917,10.87735733,6897514442,197662,32438170.46,1.95046272,164.1092899
2025-03-22,91.2175686,75663161.56,187365,325111,9.22504343,6901809630,188289,33095424.29,1.72552212,175.7692923
2025-03-23,91.3704149,75666986.56,181437,320849,8.85146864,6913723956,181429,33873091.92,1.67387985,186.7016404
2025-03-24,93.53178331,75670474.06,186861,366068,10.4556156,7077594383,186436,35443060.58,1.70522852,190.1084586
2025-03-25,94.30660248,75674242.81,191487,337695,10.65828727,7136580735,190885,37546393.84,1.77990255,196.696408
2025-03-26,92.16236134,75678030.31,190090,334206,9.81896128,6974665975,193395,36471459.78,1.79118242,188.5853294
2025-03-27,92.87769716,75681830.31,201350,357315,10.06645382,7029154116,201102,36561523.89,1.66611249,181.8058691
2025-03-28,87.3320738,75685367.81,207923,361263,10.49737835,6609760127,209041,48138173.02,2.02731243,230.2810119
2025-03-29,85.15532334,75688899.06,200006,337800,10.86270677,6445312672,199830,36060917.09,1.88836026,180.4579747
2025-03-30,85.83339717,75692655.31,182192,317842,8.71435543,6496957746,183047,41141904.81,1.86792647,224.7614263
2025-03-31,83.04737694,75696005.31,189181,333253,9.5779538,6286354686,190496,33989237.7,1.98832297,178.4249417
2025-04-01,84.59358442,75699549.06,195735,367689,10.68977359,6403696194,195352,32872310.64,2.25056213,168.2721991
2025-04-02,81.75778345,75703092.81,191163,332577,10.05533789,6189317068,192419,32906569.79,2.21703125,171.0151793
2025-04-03,83.24088727,75706792.81,195134,331313,9.30864878,6301900606,196386,36065038.4,1.99380438,183.6436324
2025-04-04,84.21163377,75710349.06,200971,343433,9.45334447,6375692188,201206,35720813.29,2.36102088,177.5335392
2025-04-05,82.5035777,75713867.81,190875,336600,9.04945156,6246664976,191867,31625056.88,2.08984125,164.8280156
2025-04-06,69.91905446,75717730.31,182314,328797,9.2746344,5294112109,182582,32602659.42,2.09196702,178.5644774
2025-04-07,71.09581891,75721380.31,180342,327829,10.06213205,5383473542,181202,36265422.35,2.62576417,200.1380909
2025-04-08,69.02937026,75724911.56,183238,334932,10.39025933,5227242958,183530,31883048.06,2.42011948,173.7211794
2025-04-09,76.05139256,75728692.81,188332,321701,9.74880457,5759272545,188654,33092858.84,2.54558493,175.4156224
2025-04-10,73.73195569,75732211.56,190457,345866,11.21796079,5583884067,190801,28351005.93,2.68178574,148.589399
2025-04-11,76.1457756,75735842.76,195370,346822,10.5312642,5766964488,196744,24765672.3,2.49907961,125.8776496
2025-04-12,78.55941415,75739492.76,190220,324838,8.76702758,5950050179,189758,24987062.01,2.13552477,131.6785696
2025-04-13,77.61778928,75743292.76,178319,311956,8.674632,5879026937,179736,24875906.05,1.99319093,138.4024684
2025-04-14,77.20256191,75746924.01,183881,330177,10.63966372,5847856590,183241,24513657.41,2.16581603,133.7782342
2025-04-15,75.6245236,75750680.26,195924,347296,10.02680037,5728609107,196276,23614444.79,2.30121427,120.3124416
2025-04-16,74.31792899,75754149.01,190200,340638,14.87938607,5629891467,191654,23080875.68,2.36910572,120.4299189
2025-04-17,74.95608383,75757699.01,190655,330045,9.84194249,5678500438,191860,22111491.73,2.46187074,115.2480545
2025-04-18,75.96118606,75761067.76,194529,340058,10.09705011,5754900564,194476,23299046.51,2.08635451,119.8042253
2025-04-19,76.21342548,75764711.51,192406,335018,9.17404649,5774288195,191480,21981173.92,1.96405464,114.7961871
2025-04-20,77.89784142,75768292.76,169622,291356,7.97370579,5902186454,172599,20690858.16,1.92741948,119.8782042
2025-04-21,77.76719142,75772074.01,178749,314542,10.23456085,5892581384,177803,23651826.55,2.01732026,133.0226518
2025-04-22,83.8276787,75775474.01,185838,326482,9.68621198,6352082089,186741,23236850.18,2.14820064,124.4335747
2025-04-23,83.29058203,75779092.76,191065,335628,10.42026909,6311684742,192582,21823572.69,2.0484845,113.320937
2025-04-24,84.34090883,75782592.76,194005,333167,10.21916857,6391572747,191849,22737029.44,2.24483631,118.5152356
2025-04-25,86.44695118,75785967.76,202046,346589,9.08718506,6551465855,204087,21096962.56,2.11322559,103.3723979
2025-04-26,87.05625589,75789555.26,192200,324709,9.30626543,6597954917,192841,20517770.94,1.84503951,106.3973477
2025-04-27,85.60587601,75793161.51,178068,305838,8.15959442,6488339987,178878,17086219.07,1.94545197,95.51884006
2025-04-28,85.81070222,75796955.26,180516,327729,10.09162918,6504189957,181425,18655231.19,2.05065489,102.8261331
2025-04-29,85.26933707,75800405.26,185139,326537,10.57467086,6463450306,186607,19420529.86,2.38967644,104.0718186
2025-04-30,83.64976731,75804442.76,194577,355000,12.78268881,6341023998,194860,21181441.76,2.24542746,108.7008199
2025-05-01,89.15297803,75808155.26,202362,352126,10.28029208,6758522801,202784,20740702.85,2.1347881,102.2797797
2025-05-02,87.86146147,75811686.51,201519,345729,9.34151371,6660925574,201495,20679585,2.3075651,102.6307601
2025-05-03,86.74330571,75815474.01,199792,341106,9.26271217,6576484840,199254,18291075.23,2.0149678,91.79778186
2025-05-04,85.13139554,75818899.01,181411,313037,8.65336935,6454568681,183433,16494070.46,1.81197696,89.91877391
2025-05-05,83.61758921,75822192.76,188141,335118,10.20481273,6340068968,188783,17832281.06,2.01165144,94.45914654
2025-05-06,90.17599242,75825317.76,190418,342720,10.3843104,6837623280,188344,21254175.19,2.11156744,112.8476362
2025-05-07,89.63148121,75828655.26,191543,349371,10.15275802,6796634689,194428,19068930.84,2.08148989,98.07708167
2025-05-08,94.56110815,75832111.51,196775,346857,10.45277174,7170768497,197141,17826488.74,2.10949768,90.42507007
2025-05-09,100.4125512,75835680.26,203104,353018,9.84046662,7614854123,202952,18068745.53,1.96397578,89.02965003
2025-05-10,105.00861,75839355.26,198899,337870,9.43755087,7963785280,199858,16772721.35,1.59681099,83.92319219
2025-05-11,100.0052618,75843017.76,182849,312759,8.73163738,7584700846,182779,15185776.7,1.53535589,83.0827212
2025-05-12,103.929763,75846861.51,187658,354575,10.84396379,7882746342,190223,15688934.44,1.66394947,82.47653774
2025-05-13,103.5306312,75850717.76,194825,353111,9.8808116,7852872688,195267,17220356.46,1.81771626,88.18876953
2025-05-14,100.9568186,75854442.76,190467,321381,9.28468712,7658023216,190462,16692330.8,1.82387246,87.64126596
2025-05-15,98.97654292,75858086.51,194064,348668,9.52508389,7508171156,195134,16737350.25,1.99970768,85.7736235
2025-05-16,99.63203942,75861630.26,200421,389255,10.38368358,7558248937,200420,20580692.63,1.96343058,102.6878187
2025-05-17,96.35346961,75865311.51,194887,328235,8.64307728,7309885987,195897,20881790.5,1.62218897,106.5957646
2025-05-18,100.1201126,75869017.76,181512,312210,8.83382354,7596014600,181981,18525734.84,1.55582012,101.8003794
2025-05-19,98.35460125,75872374.01,182655,330014,9.26445823,7462397092,183751,18737199.67,1.7645649,101.9705997
2025-05-20,94.38714909,75875586.51,187505,327054,9.20725105,7161680297,187958,19279688.09,1.96044214,102.5744479
2025-05-21,97.30936753,75879267.76,187207,320259,9.22357606,7383763554,187206,22743742.55,2.08756604,121.4904573
2025-05-22,100.3343589,75882861.51,193453,337413,10.23471802,7613658263,191938,21683834.93,1.94173831,112.9731212
2025-05-23,95.33782373,75886280.26,199364,351715,11.3284169,7234832811,202314,21250268.34,2.25756502,105.0360743
2025-05-24,95.66795433,75890161.51,190663,342450,9.90794145,7260256505,191295,19657667.4,1.81556367,102.76101
2025-05-25,95.61573368,75893917.76,178717,334781,10.39237712,7256652628,179440,18385932.82,1.69930426,102.4628445
2025-05-26,94.89812357,75897530.26,182153,327372,10.01657298,7202533205,182330,18934511.94,1.86693316,103.847485
2025-05-27,95.89415168,75901361.51,186529,365046,9.30956109,7278496674,187316,20967719.76,1.62343053,111.9376869
2025-05-28,95.32924754,75905067.76,191950,333047,10.49432388,7235972994,191142,20562396.15,2.12323869,107.576546
2025-05-29,93.40637064,75908661.51,194296,341167,9.55835208,7090352572,195693,20135243.76,2.0924209,102.891998
2025-05-30,85.71251369,75912242.76,204448,341575,9.68685057,6506629147,204313,21154318.5,2.12491705,103.5387787
2025-05-31,87.22718796,75915961.5,197096,352996,9.42521264,6621935843,197188,23291038.61,2.00035565,118.1159026
2025-06-01,88.51538405,75919424,184125,325760,9.46405229,6720036973,186567,15448010.03,1.97397469,82.80140662
2025-06-02,89.74556339,75923092.74,193833,343521,10.67453248,6813760732,194750,19624683.95,1.88348117,100.7685954
2025-06-03,89.65088417,75926980.24,191592,343593,10.23747864,6806920911,191706,18201612,2.1880914,94.94544771
2025-06-04,88.05297965,75930423.99,191858,335761,10.93184812,6685900079,191934,16292969.08,2.07633352,84.88839436
2025-06-05,83.69316423,75933742.74,196215,334702,8.94960943,6355135202,196389,15870354.36,2.35805434,80.81081098
2025-06-06,87.21912672,75937323.99,202367,363489,9.85813125,6623187084,202532,17620827.17,2.21827217,87.0026819
2025-06-07,88.41836765,75941086.49,191582,316794,8.99315319,6714586905,192850,14711466.58,1.95971904,76.2845039
2025-06-08,87.26233461,75944748.99,177532,318738,8.54518776,6627116099,177724,13705377.02,1.74480266,77.11607332
2025-06-09,90.51759062,75948380.24,185465,316161,9.89958882,6874664391,186806,15325778.44,1.94178809,82.04114662
2025-06-10,93.28616756,75952005.24,192739,329555,9.29507287,7085271488,191689,15232532.82,1.94236902,79.46482487
2025-06-11,91.53214609,75955148.99,187687,325685,9.42848404,6952337794,189645,14893894.39,2.17008401,78.5356555
2025-06-12,86.55760223,75959092.74,197843,338386,10.96191544,6574836936,197892,15265356.01,2.02728127,77.13983387
2025-06-13,86.46548711,75962605.24,199248,337271,10.07296963,6568143664,200317,19332611.55,2.23025348,96.51008925
2025-06-14,85.23296058,75966292.74,185666,319288,9.08921757,6474832035,186907,13960675.16,2.05479024,74.69316375
2025-06-15,86.26621894,75969967.74,178306,303078,8.32125999,6553641870,179231,14695645.46,1.88940018,81.99276611
2025-06-16,87.30730775,75973473.99,183942,335679,10.89398233,6633039474,183408,22930624.71,2.05052303,125.0252154
2025-06-17,84.42321259,75977042.74,184850,319159,10.5713914,6414226031,185489,28602666.43,2.1713692,154.2014159
2025-06-18,85.03913786,75980673.98,182501,322032,10.8295681,6461331009,181874,27717433.2,2.31055154,152.3990961
2025-06-19,85.11630275,75984055.23,189424,343293,11.73717988,6467481849,190289,26376276.27,2.42311366,138.611671
2025-06-20,82.82657566,75987455.23,192574,325207,11.20303011,6293780710,195021,24760591.72,2.22324711,126.9637204
2025-06-21,79.74495203,75991098.97,180986,315667,9.29154485,6059906542,181600,22939828.34,2.05128539,126.3206407
2025-06-22,80.12223135,75994692.72,170503,311206,10.41539137,6088864351,169904,20176701.77,2.10340356,118.7535418
2025-06-23,85.12569695,75998323.97,178584,305803,10.19533535,6469410295,178732,20162956.99,2.08672822,112.8111194
2025-06-24,84.76517779,76002067.72,179370,314740,11.34062371,6442328783,181084,20519335.82,2.18576547,113.3139086
2025-06-25,84.59152727,76005792.72,186478,328819,12.03662952,6429446087,187181,21245550.15,2.24854098,113.5027067
2025-06-26,84.31662266,76009498.97,191558,312745,10.81101758,6408864243,190827,19367203.28,2.19277285,101.4908964
2025-06-27,84.83665522,76013205.22,197799,339446,11.08211886,6448706083,199138,19580938.9,2.33882444,98.32849029
2025-06-28,86.29003312,76017255.22,194080,321490,10.2354284,6559531470,193940,18296177.68,2.51788339,94.33937137
2025-06-29,88.01466037,76020667.72,178391,307953,9.40179817,6690933250,179997,14694625.05,2.0182884,81.63816645
2025-06-30,86.13970707,76024267.72,191333,338596,10.10669831,6548708151,191334,15638548.38,2.09685392,81.73428861
2025-07-01,83.08162139,76027761.47,193520,344339,9.62829932,6316509693,193561,15152433.57,2.10192971,78.28247203
2025-07-02,87.47068164,76031361.47,190365,340816,9.14839282,6650515013,191824,19947642.58,2.47753466,103.9892953
2025-07-03,88.98630045,76035142.72,192437,336123,10.51993838,6766086055,192455,19934630.41,2.25876866,103.5807353
2025-07-04,86.85769688,76038830.22,192004,324616,11.28128374,6604557666,193587,18449599.59,2.2795738,95.30391808
2025-07-05,87.51670922,76042430.22,175761,309275,8.60053288,6654983254,176453,15097263.63,2.14597808,85.55968802
2025-07-06,87.42923703,76046255.22,172670,306564,8.66282899,6648666072,171636,15143141.27,1.9615032,88.22823455
2025-07-07,86.10512461,76049630.22,178599,342101,9.97368967,6548262886,179289,16560913.58,2.16520671,92.36993668
2025-07-08,87.71036008,76052911.47,181103,308292,10.97726952,6670628250,181537,18259877.57,1.99877343,100.5848812
2025-07-09,90.90070068,76056192.72,191167,321786,12.02086948,6913561209,190838,19181618.3,2.10772026,100.5125725
2025-07-10,94.70738514,76059780.22,195792,326313,10.2267119,7203422899,199245,18993210.86,2.00111925,95.32590961
2025-07-11,94.23870794,76063667.72,205267,349125,9.7156567,7168141767,204079,19959083.77,2.06297406,97.80077212
2025-07-12,92.72403597,76067498.97,188025,322651,8.84644932,7053285510,189910,22333760.28,1.89210099,117.6018129
2025-07-13,94.4914484,76071198.97,177037,295839,8.30943134,7188077772,176731,19756039.13,1.63813416,111.7859296
2025-07-14,95.48339178,76074761.47,187280,317130,9.73986851,7263876254,186939,19610225.22,1.88467921,104.9017338
2025-07-15,96.33400248,76078311.47,196106,341362,9.46842653,7328928246,198138,20250539.16,1.97954034,102.204217
2025-07-16,97.50524036,76081967.72,194160,342560,10.57725721,7418390550,193989,19097151.21,1.97215101,98.44450567
2025-07-17,102.0941432,76085236.47,194840,328357,11.39707279,7767857030,194940,19707486.38,1.95256401,101.0951389
2025-07-18,101.4358683,76089017.72,205544,349332,11.33787401,7718155583,207078,33446720.92,1.86361255,161.5175003
2025-07-19,113.15888,76092636.47,190704,310612,8.72610067,8610557519,190681,27750735.47,1.89934811,145.5348748
2025-07-20,116.9524415,76096330.22,183300,330008,9.84898132,8899651605,184704,23196335.88,1.5730578,125.5865378
2025-07-21,115.8936102,76099942.72,190767,334741,9.43446756,8819497096,191466,26277164.31,1.5068483,137.2419349
2025-07-22,119.272516,76103630.22,191348,328318,9.17412756,9077071452,192046,27229346.02,1.65781812,141.7855411
2025-07-23,112.3714421,76107317.72,195037,331062,9.42081466,8552289045,195702,36884565.62,1.75132241,188.4731153
2025-07-24,112.3222471,76110955.22,195054,331588,9.4858983,8548953522,193285,39623274.31,1.65000433,204.9992204
2025-07-25,113.6285039,76114348.97,194066,333552,9.3807328,8648759597,197493,38975800.96,1.93694992,197.3528224
2025-07-26,114.1271916,76118380.22,192910,320768,8.47299169,8687176962,191007,38211301.63,1.70823784,200.0518391
2025-07-27,114.5541406,76121861.47,178503,306568,9.32987576,8720074418,181092,34683477.57,1.48586846,191.5240738
2025-07-28,108.8006788,76125211.47,188342,319732,9.50752349,8282474680,188391,33791551.41,1.42760715,179.3692449
2025-07-29,108.5633569,76128892.72,192174,311282,8.90167897,8264808149,192660,34474114.01,1.51201501,178.9375792
2025-07-30,110.6738264,76132323.97,193107,321023,9.27103818,8425855604,193771,33869485.95,1.55940845,174.7913049
2025-07-31,106.3454871,76135642.72,199958,326115,9.23293151,8096682011,200659,33692192.23,1.72409421,167.9077052
2025-08-01,106.3555551,76139255.22,215796,349545,9.82516161,8097832750,214295,36425992.55,1.71341019,169.9805994
2025-08-02,106.2577176,76142661.47,197311,339265,8.82823436,8090745423,200159,27743237.39,1.64686362,138.6059952
2025-08-03,110.5234014,76146430.22,185551,313403,9.68816343,8415962475,185642,26831341.24,1.49373018,144.5327094
2025-08-04,120.9971772,76150411.47,195998,328596,11.5229762,9213984828,197054,30666835.14,1.38650116,155.6265549
2025-08-05,120.6848974,76154223.97,202430,340017,10.29823985,9190664703,203109,32746990.44,1.56074304,161.2286528
2025-08-06,119.6385911,76158092.72,194793,320073,8.94244683,9111446910,195830,33894843.47,1.5690561,173.0829979
2025-08-07,122.3123319,76161661.47,199330,339264,10.34960738,9315510412,198061,34085631.56,1.52348521,172.0966347
2025-08-08,124.1035793,76165548.97,208202,337104,9.61793394,9452417243,210582,33935552.14,1.63124433,161.1512482
2025-08-09,120.5436944,76169023.97,193176,310655,9.23384592,9181695549,193305,27769716.21,1.56060275,143.6575164
2025-08-10,123.7491147,76172817.72,183108,296289,9.01439022,9426318760,182766,25501968.38,1.37849699,139.5334383
2025-08-11,120.3408802,76176536.47,189791,314852,9.03155811,9167151452,190428,27540716.2,1.3831413,144.6253502
2025-08-12,130.6594425,76180217.72,190919,329171,10.3964887,9953664777,191200,41128451.58,1.51116056,215.1069643
2025-08-13,130.9441697,76183492.72,195958,327722,9.69581051,9975784195,197167,41630950.61,1.37296098,211.1456309
2025-08-14,121.5367926,76186830.22,199518,318732,8.6906233,9259502981,198880,38108657.31,1.5006979,191.6163381
2025-08-15,118.9473245,76190111.47,204844,333283,9.89688465,9062609912,206586,35019711.24,1.59731481,169.5163818
2025-08-16,120.7601615,76193498.97,192040,313692,8.78958602,9201139244,192366,37872424.01,1.39675457,196.8769118
2025-08-17,121.0540604,76197405.22,183878,291739,8.66670742,9224005294,185699,34084141.13,1.47393681,183.5450979
2025-08-18,117.7694005,76201136.47,183923,306024,9.34098067,8974162160,183517,31590136.04,1.51816828,172.1373826
2025-08-19,112.8739942,76204767.72,188359,311428,8.75115375,8601536512,188173,28761143.17,1.64005774,152.8441549
2025-08-20,116.1521018,76208592.72,190595,307955,8.78485792,8851788219,193140,31618242.07,1.67441937,163.7063377
2025-08-21,114.6092126,76212392.72,192013,313707,8.92709635,8734642323,192828,28393898.39,1.49380676,147.2498724
2025-08-22,122.8865651,76216305.22,205727,328557,9.7665789,9365959949,203904,34713706.71,1.48160659,170.2453444
2025-08-23,121.3526764,76219667.72,186266,328451,9.03541186,9249460669,189008,29722969.39,1.36758229,157.2577319
2025-08-24,118.558839,76223280.22,177119,286030,8.48064363,9036943606,176398,24905029.24,1.34781095,141.1865738
2025-08-25,109.1519492,76226673.97,184053,306476,8.76847374,8320290042,184222,23920130.28,1.43243213,129.8440484
2025-08-26,113.5599574,76230523.97,186160,313348,11.26669356,8656735055,188087,27896639.68,1.7134116,148.3177449
2025-08-27,112.2775353,76234261.47,185417,324387,10.30884297,8559394986,186564,27753745.06,1.80022515,148.7625965
2025-08-28,113.6904727,76238117.72,193950,308355,9.41259157,8667547643,193892,28038239.31,1.85153806,144.6075099
2025-08-29,109.9200868,76241873.97,209473,345583,10.2109308,8380513402,209373,25342838.57,1.88989423,121.0415792
2025-08-30,110.7609515,76245292.72,194892,317364,9.76752629,8445001170,195871,28899345.48,1.75962673,147.5427474
2025-08-31,109.0594834,76248967.72,184210,303090,14.1785829,8315673031,184990,26774479.41,1.7189382,144.7347392
2025-09-01,108.2262569,76252486.47,194469,333927,19.12009352,8252521193,194669,25191402.95,1.79233903,129.4063408
2025-09-02,111.5899031,76256061.47,189008,327949,25.01653944,8509406507,186850,23163167.81,1.8098452,123.966646
2025-09-03,112.9569679,76259411.47,193476,329559,21.65576229,8614031891,196521,30486330.93,1.99999606,155.1301435
2025-09-04,111.2468798,76262823.97,194421,325330,23.51825297,8484001207,193857,30136514.13,1.90144724,155.4574461
2025-09-05,112.0665653,76266323.97,202695,336121,19.50773029,8546904972,204997,26853689.29,1.99999606,130.9955233
2025-09-06,112.1120138,76269905.22,195837,315891,13.35126724,8550772670,196332,22240099.16,1.55033333,113.2780146
2025-09-07,114.9696051,76273442.72,184743,295553,21.37086805,8769127585,185253,25978150.16,1.4274209,140.2306584
2025-09-08,112.5556176,76277567.72,186168,317287,28.26005804,8585468747,186793,24191062.74,1.60451411,129.5073302
2025-09-09,111.9134362,76281448.97,188925,315913,21.88322617,8536919071,189662,27311132.98,1.80775175,143.9989717
2025-09-10,117.2039136,76285155.22,194990,321777,14.52458495,8940918744,195481,23569539.79,1.72383409,120.5720238
2025-09-11,115.9178617,76288811.47,192443,330480,16.12633719,8843235901,192908,33898169.77,1.90917329,175.7219492
2025-09-12,118.1320767,76292536.47,200978,334197,22.30731747,9012595771,201685,59038444.2,1.72712455,292.7260044
2025-09-13,119.3654686,76296036.47,199970,320247,16.05383991,9107112145,199496,56462395.15,1.52856586,283.0251993
2025-09-14,115.171856,76299423.97,186958,299919,11.26231094,8787546271,187288,51186656.25,1.57386223,273.3045163
2025-09-15,113.7227603,76302880.22,186883,316454,9.78790267,8677374155,188677,50422425.82,1.6440201,267.242037
2025-09-16,115.1140096,76306423.72,188906,315787,9.64863606,8783938394,187772,53406000.45,1.83602411,284.4194046
2025-09-17,117.0757716,76309792.34,185764,308332,9.36499238,8934027817,187594,54527225.23,1.75921236,290.6661473
2025-09-18,118.2308163,76313411.09,187863,309846,11.93174376,9022596887,188242,53603177.07,1.63077144,284.7567338
2025-09-19,113.8772474,76316986.09,193896,451054,9.4902427,8690768307,195748,51204921.8,1.64658142,261.5859258
2025-09-20,113.9042816,76320673.59,191244,298789,9.82541211,8693251493,190842,48092030.65,1.44627151,251.9991965
2025-09-21,114.1982453,76324473.59,183248,291843,7.84304543,8716120956,183807,47250143.48,1.52693371,257.0638957
2025-09-22,105.8536523,76328242.34,181720,310687,9.47457152,8079623228,182898,53983735.52,1.78987574,295.1576044
2025-09-23,106.2336664,76331923.59,178767,308884,9.2494627,8109020105,178679,49536630.49,1.73294544,277.2381225
2025-09-24,105.710961,76335436.09,179494,303979,9.28838731,8069492304,181346,45734118.38,1.77332607,252.1925953
2025-09-25,102.206345,76338854.84,188475,310865,11.2660525,7802315338,188423,43670029.36,1.75828037,231.7659169
2025-09-26,104.578709,76342373.59,197165,335859,9.77383941,7983786871,197376,48074647,2.06461398,243.5688584
2025-09-27,104.5635111,76345923.59,188945,304108,8.23835076,7982997831,189781,47503665.15,1.86409475,250.307803
2025-09-28,106.8699289,76349823.59,179066,297850,8.64012667,8159500220,179489,42891986.62,1.668879,238.9672159
2025-09-29,106.8209992,76353579.84,184245,314830,9.24394582,8156165691,185551,41224308.78,1.8130976,222.172388
2025-09-30,106.8468387,76357261.09,196120,327914,9.79653545,8158531960,195430,39078234.28,1.95354935,199.9602634
2025-10-01,114.9977445,76360729.84,196797,335657,10.06981557,8781311702,198274,40998986.77,1.85325492,206.7794404
2025-10-02,119.462655,76364192.34,201848,336365,9.73068899,9122669167,201538,43599490.43,1.74862811,216.3338449
2025-10-03,120.5794957,76367654.84,205902,331783,9.82728085,9208373308,205917,40521366.74,1.69635038,196.7849509
2025-10-04,120.3821067,76371242.34,200255,324568,9.68947729,9193731043,201653,34248191.16,1.54086103,169.8372509
2025-10-05,118.8904896,76374986.09,186517,295871,8.46567762,9080259491,188409,30937514.52,1.40039362,164.2040164
2025-10-06,118.4352983,76378479.84,186907,322566,12.03869915,9045908041,185926,33689038.33,1.61407624,181.1959507
2025-10-07,117.0677375,76382217.34,185952,308087,10.14846644,8941893372,187580,33977641.38,1.65975732,181.1368023
2025-10-08,118.5090002,76386004.84,186694,306767,8.87957716,9052429065,188001,31365359.52,1.67190148,166.8361313
2025-10-09,125.9251743,76389717.34,189396,309591,9.28608523,9619388470,189329,29474641.53,1.47157999,155.6794867
2025-10-10,98.25624243,76393529.84,213468,368979,14.66089954,7506141188,212281,40171284.7,1.81612826,189.2363645
2025-10-11,93.66888814,76397167.34,188532,309063,8.49668059,7156037722,190913,33614945.39,1.93695055,176.07468
2025-10-12,98.61681162,76400804.84,180437,293096,8.66187345,7534403778,180497,35790255.6,1.62126519,198.2872602
2025-10-13,99.71578649,76404636.09,181837,305222,9.01560188,7618748379,182086,34701539.74,1.65158762,190.5777475
2025-10-14,97.59807225,76408286.04,184158,321977,9.27865904,7457301422,184520,31250549.62,1.85127929,169.3613138
2025-10-15,95.24612402,76411892.29,188972,324263,10.09356467,7277936570,190601,24140527.58,1.99999606,126.6547793
2025-10-16,91.60312922,76415117.29,187344,302421,9.19570631,6999863864,186791,22960259.19,2.17020696,122.9195153
2025-10-17,90.23545321,76418629.79,194032,318280,9.3070753,6895669693,195177,26918341.78,2.01069535,137.9175916
2025-10-18,91.67434266,76422254.79,186114,301137,9.21299945,7005959973,186478,22592774.95,1.88349468,121.1551762
2025-10-19,93.46974925,76425886.04,175867,288880,10.18798152,7143508404,176629,21289134.53,1.69269978,120.530233
2025-10-20,94.42034214,76429436.04,171831,293543,8.53155068,7216493501,172609,35987741.56,1.8922913,208.4928454
2025-10-21,93.4305421,76433261.04,181666,298801,8.71100677,7141201013,182947,40938391.02,1.89007269,223.771863
2025-10-22,91.86995263,76436992.29,180066,299587,8.84461755,7022262861,180246,39082323.85,1.99804862,216.8276902
2025-10-23,93.94682795,76440667.29,182228,301968,8.47862267,7181358219,182712,37849627.25,2.06543796,207.1545779
2025-10-24,96.43554395,76444436.04,195363,344875,9.35964168,7371960772,196324,44221055.11,2.1818195,225.2452839
2025-10-25,96.95086324,76448061.04,178133,310091,9.28677035,7411705511,178865,43497929.69,1.70447658,243.1886042
2025-10-26,100.0428525,76451798.54,182040,306176,9.10063383,7648456006,180981,36041402.37,1.69246796,199.1446747
2025-10-27,99.23421895,76455536.04,180329,320519,9.47361742,7587005403,182262,33604439.32,1.76361054,184.3743585
2025-10-28,96.83492322,76459436.04,184685,304801,9.13905128,7403943618,184426,38260853.44,1.88333368,207.459108
2025-10-29,98.81435671,76463136.04,181314,307765,9.06391127,7555655600,182589,38884642.08,2.10579798,212.9626762
2025-10-30,93.13957877,76466679.79,190283,310029,9.19382863,7122074346,190825,40526186.95,2.03133721,212.3735724
2025-10-31,95.6008333,76470511.04,199825,338782,9.28217266,7310644578,200115,38585037.67,2.27339119,192.8143201
2025-11-01,101.1284895,76474054.79,189146,325263,9.03029625,7733705645,189475,40255048.1,1.83355767,212.4557229
2025-11-02,99.15770448,76477573.54,178501,289238,8.16574023,7583340637,179446,38465550.38,1.65042157,214.3572461
2025-11-03,87.25865182,76481042.29,178095,300491,8.89976858,6673632640,178543,36228040.85,2.07914095,202.9093319
2025-11-04,85.42549018,76484923.54,181092,306024,9.76923281,6533762085,182519,36944727.41,2.38215985,202.4157891
2025-11-05,89.64146721,76488298.54,180082,303340,9.3407165,6856523306,179727,34561920.15,2.45188968,192.302326
2025-11-06,86.73266869,76492098.54,181462,312476,8.7574559,6634363840,181468,35159132.06,2.26352277,193.7483857
2025-11-07,102.0689727,76495398.54,200148,339453,9.84428998,7807806743,200739,45863264.11,2.17139829,228.4721161
2025-11-08,104.0426043,76498511.04,189566,316980,8.57610043,7959104312,189165,38492479.63,1.82387579,203.4862666
2025-11-09,109.6557389,76502148.54,182708,317188,7.96343103,8388899629,185202,37106153.8,1.52362215,200.3550383
2025-11-10,104.7349608,76505723.54,181865,327024,8.65334668,8012823956,181927,34421068.61,1.62012303,189.2026396
2025-11-11,99.89471583,76509373.54,177201,295735,8.76565424,7642882128,178044,33872283.71,1.74592147,190.2467014
2025-11-12,97.64165494,76513104.79,179307,356861,9.14825898,7470866177,180147,32032023.06,1.85784033,177.8104718
2025-11-13,96.96504047,76516829.79,182857,314451,8.6170832,7419457498,182524,29217159.38,1.95600664,160.0729733
2025-11-14,97.59756283,76520648.54,195751,328090,9.2583483,7468228804,197221,37032916.5,2.09888495,187.773698
2025-11-15,102.0851157,76524311.04,196260,318617,8.44513379,7811993144,196119,34602556.71,1.83791108,176.4365345
2025-11-16,96.01211039,76527848.54,176675,283353,7.71619993,7347600242,177846,29652943.1,1.60012613,166.7338208
2025-11-17,90.98253957,76531567.29,174815,292595,8.38029224,6963036349,175443,27765768.81,1.72376387,158.2609099
2025-11-18,95.6814347,76535242.29,170235,295811,7.9916391,7323001788,170549,27580020.8,1.99948927,161.713178
2025-11-19,92.76976378,76539029.79,181813,299546,8.4267731,7100507714,182529,31204932.17,2.00272892,170.9587637
2025-11-20,87.70472375,76542492.29,183251,316121,8.40683946,6713138142,183066,29505060.77,2.14358334,161.1717128
2025-11-21,82.38183281,76546373.54,190374,316640,8.27457915,6306030548,192048,30131101.9,2.35111474,156.893599
2025-11-22,82.24466594,76550054.79,184717,300550,8.24798675,6295833684,185464,27991471.22,2.02044483,150.9267093
2025-11-23,83.06648666,76553573.54,174148,284038,7.51732947,6359036395,173528,29024565.64,1.80779718,167.2615696
2025-11-24,85.77113166,76557111.04,174891,307214,8.40444085,6566390051,175419,27324400.29,1.8675006,155.7664808
2025-11-25,85.50384153,76560648.54,186842,308851,8.25860084,6546229560,186139,26563531.11,2.11141514,142.708036
2025-11-26,86.91029627,76564311.04,189481,310596,8.94324172,6654226956,192123,35561519.73,2.35083735,185.0976704
2025-11-27,86.67902068,76568011.04,190288,309580,8.05178702,6636840212,190205,33985166.54,2.22944639,178.676515
2025-11-28,84.48509986,76571823.54,200204,321459,8.76947011,6469178158,200605,32953535.2,2.15093304,164.270757
2025-11-29,84.06719775,76575229.79,192540,303869,7.63950104,6437464985,193359,27856292.05,2.00975848,144.0651433
2025-11-30,82.9110782,76578704.79,184367,306550,7.98148015,6349222981,185450,25430246.8,1.88626947,137.1272408
2025-12-01,77.72033734,76582248.54,191754,334759,8.78964896,5951998191,191545,32553190.45,2.0573714,169.9506145
2025-12-02,82.85927181,76585792.29,188031,330862,8.58536672,6345842980,187952,34937098.71,2.26355031,185.8830909
2025-12-03,86.00440241,76589461.01,187378,317215,8.55454804,6587030826,189642,31880177.53,2.27767285,168.1071573
2025-12-04,83.69162433,76592985.9,184695,299317,8.73154794,6410191402,184524,31343518.55,2.44260497,169.8614736
2025-12-05,80.36294814,76596773.28,197737,330835,8.48870872,6155542519,198257,36865724.45,2.20079372,185.9491692
2025-12-06,81.55857085,76600560.76,192770,311005,9.18012942,6247432262,193797,33267044.21,2.08444403,171.6592322
2025-12-07,81.18539068,76604098.25,181324,287284,8.4913237,6219133644,181643,28995604.14,1.963194,159.6296259
2025-12-08,83.88168607,76607767,179500,306744,8.8446398,6425988662,179089,25764035.22,1.84565329,143.8616287
2025-12-09,86.16556624,76611079.5,182581,316232,8.36653603,6601237046,184310,31275130.64,2.03759336,169.6876493
2025-12-10,84.71077686,76614485.72,186745,312739,8.94153003,6490072605,187231,33483738.19,2.06745971,178.8365078
2025-12-11,82.96099244,76618066.97,188749,341472,9.87402509,6356310875,187258,37260043.45,2.26860855,198.9770448
2025-12-12,81.97820703,76621260.72,189084,323022,8.41518841,6281273575,190421,38115695.92,2.41300593,200.1654015
2025-12-13,81.46991825,76624441.97,185557,313322,7.65409334,6242587023,185769,28370637.79,2.17690488,152.719979
2025-12-14,78.80325867,76628073.22,179344,292218,7.2773686,6038541875,181979,25190670.35,2.10139555,138.4262489
2025-12-15,77.61053835,76630979.47,185130,318770,8.6729287,5947371571,185008,22251277.42,2.13398297,120.2719743
2025-12-16,79.04748911,76634204.47,186831,317750,8.61876867,6057741444,187044,25935808.76,2.29030818,138.6615382
2025-12-17,75.87978378,76637591.97,185226,297029,8.04605532,5815243909,186206,29400100.48,2.13457128,157.8901887
2025-12-18,74.18101613,76640873.22,188752,313899,7.68205023,5685297853,188487,30226955.34,2.16824289,160.3662605
2025-12-19,77.54609351,76644104.47,197710,323948,9.06952875,5943450893,197515,28788574.74,2.48401062,145.7538655
2025-12-20,77.9529481,76647491.97,189182,299820,8.81614291,5974897964,189361,26570230.04,2.2488688,140.3152182
2025-12-21,76.70029659,76651216.97,184910,292810,7.9668358,5879171076,187282,27307409.06,1.92385707,145.8090423
2025-12-22,76.97653896,76654804.47,196289,387780,8.61592469,5900621543,196274,33285947.21,2.05868196,169.5891825
2025-12-23,76.86135584,76658385.72,197516,308382,8.73469922,5892067463,198157,32255239.28,2.08129495,162.7761789
2025-12-24,75.74825163,76661873.22,190532,292144,7.84566533,5807002864,192210,27704153.37,2.14053375,144.134818
2025-12-25,75.71434187,76665391.97,190199,290839,7.91338054,5804669697,188880,25100748.77,2.00871881,132.8925708
2025-12-26,76.77883495,76669073.22,199009,303460,18.64275445,5886562119,200874,23850175.13,1.84399001,118.7320167
2025-12-27,80.00598846,76672591.97,197332,306195,12.68821823,6134266509,198500,28200385.19,1.96298775,142.0674317
2025-12-28,78.46443026,76676385.72,189779,293960,8.66272426,6016368920,189618,28365231.15,1.76973997,149.5914478
2025-12-29,78.2545365,76679979.47,201111,322283,9.23209953,6000556253,201631,25875075.18,1.89749697,128.3288541
2025-12-30,78.66313809,76683723.22,212713,362059,22.0282974,6032182309,211311,30385980.18,1.98082748,143.7974369
2025-12-31,76.74223091,76687335.72,195372,323151,8.39886187,5885157226,199038,29453705.39,2.3221503,147.9803122
2026-01-01,79.80013484,76690748.22,182386,285994,8.20836039,6119932049,182053,27937254.8,1.96599905,153.456712
2026-01-02,81.86720646,76694616.97,199344,314297,8.21340508,6278774042,200183,26428189.3,1.98261926,132.0201481
2026-01-03,82.14739695,76698179.47,196038,299404,8.02316969,6300555795,197167,23426990.52,1.81699309,118.8180097
2026-01-04,82.13673363,76701635.72,189758,296762,7.98578322,6300021822,190040,26525437.33,1.63862828,139.57818
2026-01-05,83.7202659,76705454.47,189104,322841,8.84640551,6421801044,188862,26286420.25,1.58440627,139.1832145
2026-01-06,83.91356404,76708841.97,184853,302743,8.47650347,6436912323,185115,25021187.38,2.04161892,135.1656397
2026-01-07,81.63589901,76712348.22,182976,304103,7.95196859,6262481513,185100,25504129.85,1.99999554,137.7856826
2026-01-08,81.31760502,76716135.72,185032,313011,7.56428092,6238372423,184847,30677876.37,2.00032066,165.9636152
2026-01-09,81.42329793,76719835.72,191303,305565,7.92203713,6246782041,192547,28228536.16,2.03982681,146.6059516
2026-01-10,81.10100929,76723498.22,190321,295668,7.7045057,6222353142,190611,25611258.29,1.82455937,134.3640099
2026-01-11,78.81175215,76727316.97,181611,289198,7.13917913,6047014289,180998,44980881.22,1.77200154,248.5159019
2026-01-12,75.97976178,76730954.47,182303,295199,8.40268264,5829999642,183482,56908280.69,1.98717177,310.1572944
2026-01-13,78.11061949,76734716.97,191097,317423,8.41692595,5993796279,191319,65428353.71,1.81329709,341.9856559
2026-01-14,76.65429294,76738123.22,193149,308896,8.00927462,5882306577,194254,91727032.24,2.0174926,472.2015106
2026-01-15,72.14454577,76741379.47,195295,321835,8.63626285,5536471963,195866,42845639.64,2.14388532,218.7497556
2026-01-16,75.44456607,76744710.72,201936,315584,8.6163601,5789971399,199652,43646984.76,2.29982402,218.6153144
2026-01-17,74.78726243,76747966.97,191026,288475,9.99982698,5739770347,194537,37857076.15,1.97600268,194.6009044
2026-01-18,72.9724364,76751702.16,181175,275721,7.71915377,5600758704,181191,31766996.4,1.79389329,175.3232578
2026-01-19,70.70555933,76755312.86,178065,289696,7.9263623,5427027327,178841,28829015,1.79789629,161.1991378
2026-01-20,67.05897077,76759011.17,176434,292202,8.82902144,5147380286,177546,26183274.8,2.23886691,147.4731889
2026-01-21,68.60636743,76762746.94,175784,306595,8.32198545,5266413221,175628,29924963.79,2.23470662,170.3883423
2026-01-22,68.06283895,76766421.94,177652,312717,9.47487308,5224940613,179121,34878432.73,2.31521358,194.7199531
2026-01-23,67.96919185,76769815.68,189930,311521,8.61674613,5217982330,189744,32381191.68,2.39491463,170.6572628
2026-01-24,68.0972854,76773290.15,185628,293492,7.28055793,5228052650,185601,25789580.07,2.03297669,138.9517301
2026-01-25,67.07614945,76776464.59,180065,292059,9.29493311,5149869613,182003,22544183.66,1.83832676,123.8670992
2026-01-26,69.77680696,76779533.1,175566,279784,7.79796388,5357430659,175147,27449561.91,2.11932844,156.7229922
2026-01-27,70.08004806,76782570.6,177548,294349,10.95091307,5380926237,177107,28635127.76,2.28008872,161.6826425
2026-01-28,69.42168775,76785970.6,182020,286051,8.55636805,5330611674,182321,27055803.99,2.16552135,148.3965313
2026-01-29,65.9903742,76790008.1,183361,284689,8.32609416,5067401369,186230,25643483.33,2.48688996,137.6979183
2026-01-30,65.24009569,76794051.85,198949,306140,8.9023185,5010051291,199055,28706222.11,2.64742617,144.2125147
2026-01-31,59.35670508,76798307.86,195864,309531,8.20076159,4558494510,197072,31553509.69,2.40799546,160.111582
2026-02-01,58.50778493,76802089.11,183985,293080,8.19899596,4493520112,183886,26087533.38,2.49360796,141.8679692
2026-02-02,59.96096209,76805557.3,180866,289531,7.75705636,4605335109,181938,26064419.75,2.57922633,143.2599004
2026-02-03,59.33407179,76809257.3,184670,292353,7.87909659,4557405987,185904,31646468.48,2.68862416,170.2301644
2026-02-04,58.78995292,76813369.8,185069,293215,8.71182739,4515854394,184653,30007827.91,2.57901087,162.5092899
2026-02-05,51.26106498,76816950.11,188290,298176,9.94464319,3937718671,189113,30517037.53,3.11102854,161.3693269
2026-02-06,55.11086825,76820306.11,195184,312542,8.64981686,4233633769,195614,37723298.48,3.07428827,192.8455963
2026-02-07,55.19680959,76824187.36,189342,291377,7.44841909,4240450042,189959,33505010.44,2.66611152,176.3802212
2026-02-08,54.50181578,76827756.11,178678,276810,7.77062445,4187252210,179549,26667033.87,2.22639248,148.5223191
2026-02-09,54.48850038,76831281.11,176934,279548,8.2890935,4186421290,176752,33011566.7,2.7088943,186.7677124
2026-02-10,53.2913973,76834905.28,181478,312934,8.30646711,4094639464,182158,30591090.59,2.99986395,167.9371238
2026-02-11,52.18519748,76838749.03,181288,280707,8.1213143,4009845293,182027,33025618.24,3.08941624,181.4325251
2026-02-12,53.05961946,76842473.71,183088,283176,8.41746513,4077232413,183602,43942620.81,3.23484171,239.3362861
2026-02-13,55.08370781,76846073.71,192666,299788,8.11827382,4232966670,193706,43428117.67,3.31658417,224.1960377
2026-02-14,56.05506059,76849904.38,189854,278978,8.29535399,4307826047,189748,36825140.99,2.75005442,194.0739349
2026-02-15,54.89404526,76853191.88,172550,263667,7.94364611,4218782593,174355,27778666.17,2.57667335,159.3224523
2026-02-16,55.04477084,76856954.38,176515,278885,8.50652562,4230573442,176763,27340479.39,2.80418046,154.6730899
2026-02-17,53.92358391,76860835.04,176261,286577,8.21000736,4144611688,176321,41861233.79,2.78385942,237.4149068
2026-02-18,53.21012656,76864335.04,174654,273509,9.31593387,4089960995,174920,40204918.51,3.04806585,229.8474646
2026-02-19,52.66973099,76867740.95,176948,275684,7.50501015,4048603237,178017,39830566.35,2.99216572,223.7458577
2026-02-20,55.19675393,76871428.45,187739,303191,8.55095987,4243053320,188693,34926072.91,3.12153035,185.094693
2026-02-21,54.95177195,76874922.2,189904,288106,7.41238931,4224413193,189847,35863158.25,2.58664956,188.9055832
2026-02-22,53.3850183,76878790.3,173446,267085,7.42287729,4104175627,174460,40797970.73,2.51804083,233.8528644
2026-02-23,51.36321023,76882559.05,174381,282451,7.65852911,3948935044,174975,38466251.28,2.9748059,219.8385557
2026-02-24,51.2041223,76886002.43,175746,287866,8.8007165,3936880272,176219,37005101.74,2.8667763,209.9949593
2026-02-25,56.62713369,76889683.68,188706,290998,8.80843897,4354042397,189433,37122604.86,2.87005829,195.9669374
2026-02-26,55.63572861,76893320.94,188124,299418,8.08744923,4278015936,188954,44788563.08,2.75328636,237.0342151
2026-02-27,54.4826833,76896852.19,205879,309525,8.63151868,4189546844,205372,56203116.07,3.32725483,273.6649401
2026-02-28,54.39324798,76900439.69,193362,294459,7.76309803,4182864686,194200,43345163.75,2.76862419,223.1985775
2026-03-01,53.24264974,76903901.76,182958,288615,8.40287575,4094567505,183745,36145051.09,2.79103162,196.7131138
2026-03-02,54.59439456,76907489.26,181114,292731,8.21812925,4198717813,181653,38822951.18,2.9999864,213.7203965
2026-03-03,54.86652301,76911064.26,182461,301191,7.41775076,4219842677,183223,43476945.9,2.98610514,237.2897829
2026-03-04,56.77795248,76914483,185887,303716,7.97091588,4367046861,186152,41479374.78,2.79972501,222.8252975
2026-03-05,55.54636242,76918338.73,191114,298749,8.38453393,4272533920,191557,38298464.25,2.81041505,199.9324705
2026-03-06,53.89110503,76922013.73,199091,306251,8.86587673,4145412321,199404,35518853.7,2.87072498,178.1250812
2026-03-07,53.54957887,76925544.85,190583,290752,9.81492454,4119330531,191998,44229368.34,2.74874131,230.363693
2026-03-08,52.69918859,76929093.96,178586,273022,8.11631465,4054100831,178338,36943975.21,2.56984118,207.1570569
2026-03-09,53.74995853,76932862.71,175385,295976,8.02770887,4135138180,177276,41589764.09,2.73221932,234.6045945
2026-03-10,53.81678932,76936568.96,183402,298020,10.01535013,4140479122,182371,45346452.18,3.14936862,248.6494683
2026-03-11,54.80073892,76939849.77,181367,282460,8.44276558,4216360620,181712,45477203.58,3.02194434,250.2707778
2026-03-12,54.58351985,76943549.77,182971,288105,7.2934961,4199849776,185101,41469907.68,3.08462367,224.0393498
2026-03-13,55.30618039,76946662.26,195238,308841,9.17846605,4255625983,194055,40466117.6,3.39004073,208.529116
2026-03-14,54.90647701,76949981.01,186866,281043,7.52463847,4225052363,188353,52576022.19,2.75523528,279.1355709
2026-03-15,56.11896204,76953399.1,178859,271877,8.00197215,4318544883,180134,37355064.17,2.43395755,207.373756
2026-03-16,58.6987564,76956924.1,181110,285487,8.25898747,4517275741,181810,39543368.94,2.60442285,217.4983166
2026-03-17,58.19911581,76960330.35,183724,312662,9.83274501,4479023179,184006,36409780.72,2.68244381,197.8727907
2026-03-18,55.97750543,76963892.85,179143,291143,7.87695014,4308246730,179173,42396011.97,2.49968608,236.6205397
2026-03-19,55.48923668,76967761.6,181679,297630,7.83797207,4270882340,182883,47111207.18,2.93106665,257.6029876
2026-03-20,56.14607176,76971330.29,188874,306005,8.85297585,4321637834,189358,41620161.9,3.00794219,219.7961634
2026-03-21,55.32653818,76974798.38,179026,284758,7.48739462,4258749121,179251,45713742.43,2.54723371,255.026429
2026-03-22,53.55103095,76978235.88,167101,278588,7.14312642,4122263892,168107,38138958.25,2.49188568,226.8731121
2026-03-23,55.57776187,76981659.92,171775,278149,78.19542662,4278468363,172416,34981776.5,2.73508485,202.8917067
2026-03-24,56.38279252,76985084.92,174497,280976,8.88564211,4340634070,175358,46711558.47,2.67717492,266.3782574
2026-03-25,56.5946586,76988834.92,176253,271196,8.06209972,4357156828,175960,46638413.26,2.73459796,265.0512234
2026-03-26,54.51918662,76992559.44,179938,292536,8.79560455,4197571716,180616,41883045.75,2.82838613,231.8900083
2026-03-27,53.58188907,76996178.19,189277,301462,7.5119211,4125600678,190579,36300288.49,3.07538133,190.4737064
2026-03-28,53.83105361,77000127.47,183352,296350,8.29748149,4144997990,183639,44205143.81,2.3866165,240.7176243
2026-03-29,53.23477994,77003727.1,174627,283812,8.87457906,4099276466,174324,39667327.93,2.36171962,227.5494363
2026-03-30,53.22452094,77007139.6,177372,297219,8.23632408,4098668114,178731,40529983.99,2.75723211,226.7652729
2026-03-31,53.89290327,77010752.1,187973,294925,9.11764534,4150333014,186912,38672133.15,2.96000963,206.9002159
2026-04-01,53.87609313,77014277.1,188271,300897,9.49664701,4149228365,190622,45277382.62,3.46459569,237.5244338
2026-04-02,52.23399536,77017858.35,190828,298582,8.62886837,4022950455,190022,48505409.99,3.04074503,255.2620749
2026-04-03,53.19698909,77021507.07,198318,311743,8.82997662,4097312272,199674,43073013.18,2.73160824,215.7166841
2026-04-04,53.56951831,77025088.32,189070,279726,8.07734072,4126196879,189548,37582016.97,2.72964167,198.2717674
2026-04-05,54.02675199,77028888.32,174737,263960,8.34490149,4161620646,175667,32174239.06,2.71912437,183.1547135
2026-04-06,53.48151689,77032357.07,175744,276051,10.87220332,4119807306,176553,48857301.99,2.57899348,276.7288123
2026-04-07,55.43916374,77035775.82,186655,296061,8.66053977,4270798990,185868,46323283.99,2.70332738,249.2267845
2026-04-08,53.9772839,77039144.57,187062,296361,8.68487892,4158363778,188215,40509786.87,2.81897978,215.2314474
2026-04-09,54.54489084,77042680.5,186698,282254,8.50385503,4202284598,186654,36754654.67,3.07223717,196.9132977
2026-04-10,54.98098755,77046493,198290,310602,11.6554295,4236092272,199147,32320583.32,2.77711789,162.2951052
2026-04-11,55.07708279,77050311.75,187909,283355,9.04850714,4243706399,190139,42666739.91,2.75675605,224.3976244
2026-04-12,53.46782406,77053886.75,177805,269074,8.18258354,4119903660,177464,35776194.78,2.30387736,201.5969142
2026-04-13,54.62375095,77057424.25,174395,272007,7.49286563,4209165551,174880,36775050.68,2.62159939,210.2873437
2026-04-14,54.32322566,77061005.5,184317,290514,7.73188105,4186202391,185817,38713350.08,2.93904811,208.3412717
2026-04-15,55.11083296,77064504.34,192162,298818,10.12188394,4247089026,191303,35045137.12,3.192831,183.1917801
2026-04-16,56.34838002,77067985.59,186485,314252,8.97646099,4342656140,185811,49321140.63,3.05675286,265.4371411
2026-04-17,56.46008185,77071441.25,185986,288438,9.36741126,4351459881,188616,44942338.76,2.75944462,238.2742649
2026-04-18,55.75915103,77075135,186695,275802,8.41110266,4297644093,187483,37712674.88,2.59149751,201.1525039
2026-04-19,54.0599046,77078546.64,176855,256780,8.72882886,4166858878,177498,32770367.43,2.56591429,184.6238686
2026-04-20,55.01496966,77082221.64,180340,275808,8.93399721,4240676085,180953,50771601.35,2.70218952,280.5789423
2026-04-21,55.44040938,77085871.64,180380,285065,10.34875056,4273672281,180445,47368311.25,2.86543767,262.5083058
2026-04-22,55.66299812,77089327.89,182117,283585,9.20645658,4291023114,182308,44272093.11,3.11182618,242.842295
2026-04-23,56.19485374,77092796.31,183770,276423,7.87455731,4332218413,185147,41187071.71,2.81618082,222.4560576
2026-04-24,56.50543939,77096227.56,197411,305353,10.60367947,4356356214,197794,46407223.49,3.0601844,234.6240204
2026-04-25,56.04363399,77099383.81,172529,267563,8.33917684,4320929647,172239,33759201.39,2.36462783,196.002075
2026-04-26,56.28241477,77102952.56,158506,234389,6.73288404,4339540356,160224,39169355.71,2.37999023,244.4662205
2026-04-27,55.49528315,77106871.31,168539,279381,7.59250562,4279067656,168055,44787668.64,2.66698984,266.5060167
2026-04-28,55.6138445,77110821.31,173629,281114,8.99966958,4288429225,174738,44917730.83,3.09103245,257.0575996
2026-04-29,55.27389305,77114746.31,181573,286312,8.33911403,4262432240,182491,39577254.85,3.22891558,216.8723655
2026-04-30,55.14421528,77118870.42,190999,296989,8.43064304,4252659592,190883,39414226.18,3.3999953,206.4836899
2026-05-01,55.3772141,77122714.17,197101,298686,9.72874914,4270841054,198398,52632272.6,3.33015445,265.2863063
2026-05-02,55.34025596,77126714.17,186774,280551,8.26469714,4268212103,187412,44275544.72,2.87209929,236.2471172
2026-05-03,55.35979119,77129995.42,175369,263363,8.30825927,4269900441,174602,37747873.93,2.70613508,216.1938233
2026-05-04,54.96057625,77133414.17,176929,281403,7.82540567,4239296891,177632,37805031.34,2.99108467,212.8278201
2026-05-05,56.34633799,77136582.92,182322,282214,8.92489313,4346363972,182830,48023049.5,3.08228716,262.6650413
2026-05-06,56.6406324,77139814.17,179735,273270,8.20697827,4369247858,181394,48687209.54,2.99999709,268.4058433
2026-05-07,56.44298375,77143469.35,183262,287892,7.64364901,4354207587,183335,53894017.45,3.06001977,293.9646955
2026-05-08,58.23880787,77147288,182185,279782,7.50456524,4492966084,183440,54540165.75,3.26247021,297.3188277
2026-05-09,58.02172017,77151356.75,190429,295900,8.51070327,4476454432,190992,45099705.59,2.52928256,236.1340034
2026-05-10,60.31569481,77155169.25,175157,278469,7.9104339,4653667641,175915,94069886.55,2.4835246,534.7462499
2026-05-11,58.49263925,77158913,174215,277329,9.53091867,4513228463,174902,90135470.47,2.8122667,515.3484264
2026-05-12,57.97617369,77162525.5,178690,283708,8.9362854,4473587980,178014,90354900.17,3.03499594,507.5718773
2026-05-13,56.95861662,77165987.39,183850,296222,13.14232176,4395267891,186036,79709145.86,2.69153909,428.460867
2026-05-14,58.25848503,77169393.64,187479,298172,9.45875205,4495771964,186906,66758052.02,2.58247744,357.1744728
2026-05-15,57.45796333,77172712.39,194233,300880,9.22321892,4434186878,194337,47991502.57,3.1170631,246.9498992
2026-05-16,56.14530838,77176449.89,183411,276553,8.4990745,4333095578,184352,39027631.73,2.60664951,211.7016996
2026-05-17,54.76764974,77180230.69,173367,265694,7.69217858,4226979841,174548,30498966.65,2.36315192,174.7311149
2026-05-18,54.33677198,77183936.94,172795,285549,8.66446712,4193925982,173575,30751667.9,2.83612402,177.1664577
2026-05-19,54.35586121,77187561.94,173841,276624,9.23620272,4195596404,174147,42437055.53,3.13996765,243.6852517
2026-05-20,53.87330276,77191243.19,181860,298103,10.04541231,4158547215,183201,49297376.71,2.96960512,269.0890154
2026-05-21,54.13837643,77194761.93,181738,278123,8.71293939,4179199080,181230,45637693.51,2.98260307,251.8219583
2026-05-22,52.89976858,77198279.47,188089,281311,8.66656501,4083771119,189355,41272939.46,2.98601671,217.9659341
2026-05-23,53.43955543,77202053.81,177991,269476,7.97847923,4125643434,178749,33914148.59,2.74391536,189.730564
2026-05-24,,,,,,,168603,50932845.05,2.70747297,302.0874187
2026-05-25,,,,,,,173807,50645625.45,2.71467299,291.3900214
2026-05-26,,,,,,,177689,49111002.77,2.87766396,276.3874115
2026-05-27,,,,,,,174128,44023388.18,3.28906327,252.821994
2026-05-28,,,,,,,182663,43884733.72,3.6816332,240.2497152
2026-05-29,,,,,,,196095,54703028.11,3.37696923,278.9618711
2026-05-30,,,,,,,187385,57155324.89,2.95247634,305.0154756
2026-05-31,,,,,,,174579,45286110.56,2.74678849,259.4018213
2026-06-01,,,,,,,182335,43817718.79,2.95791135,240.3143597
2026-06-02,,,,,,,183895,42701310.54,3.43738341,232.2048481
2026-06-03,,,,,,,183024,56852361.63,3.45643577,310.6279047
2026-06-04,,,,,,,183968,54169544.5,3.60402441,294.4509072
2026-06-05,,,,,,,191169,48192842.32,3.44048067,252.0954879
2026-06-06,,,,,,,178472,39913013.54,3.40541002,223.6373971
2026-06-07,,,,,,,168328,40939724.94,3.10475987,243.2139926
2026-06-08,,,,,,,179517,36135348.91,2.92730471,201.2920721
2026-06-09,,,,,,,173241,36748263.11,3.60940143,212.1222061
2026-06-10,,,,,,,178167,43075136.3,3.93957354,241.7683202
2026-06-11,,,,,,,184697,41897182.99,3.7247722,226.8427911
2026-06-12,,,,,,,190164,34140600.22,3.83029181,179.5324048
2026-06-13,,,,,,,180051,43592492.95,3.31612429,242.111918
2026-06-14,,,,,,,175130,39485985.23,2.91137052,225.4667117
2026-06-15,,,,,,,187803,37534040.6,3.21319543,199.8585784
2026-06-16,,,,,,,178499,37397176.79,3.10251889,209.5091669
2026-06-17,,,,,,,181987,46433358.34,3.4757768,255.1465673
2026-06-18,,,,,,,184042,49156193.46,3.49979362,267.0922586
2026-06-19,,,,,,,184512,40473661.17,3.40455848,219.3551702
2026-06-20,,,,,,,175043,45248180.7,3.15161752,258.497516
2026-06-21,,,,,,,167468,55513460.22,2.85799969,331.4869719
2026-06-22,,,,,,,176314,46048800.39,2.98968745,261.1749514
2026-06-23,,,,,,,178673,44558802.86,3.22592226,249.3874444
2026-06-24,,,,,,,173776,40173592.36,3.32205821,231.1803262
2026-06-25,,,,,,,181959,40253708.1,3.59877657,221.2240565
2026-06-26,,,,,,,184761,56806681.88,3.62108445,307.4603508
2026-06-27,,,,,,,180367,47741403.49,3.04138616,264.6903452
2026-06-28,,,,,,,167531,48152995.78,2.69016444,287.4273763
2026-06-29,,,,,,,176336,47665511.38,3.15764928,270.3107214
2026-06-30,,,,,,,184711,51081899.37,3.33640865,276.5503915
2026-07-01,,,,,,,187384,47845822.65,3.48580749,255.3356885
2026-07-02,,,,,,,188544,46299304.65,2.85410475,245.5623337
2026-07-03,,,,,,,191331,45611772.12,3.47788493,238.3919601
2026-07-04,,,,,,,187958,54941920.66,2.36606812,292.309562
2026-07-05,,,,,,,183654,46728545.43,2.09976913,254.43794
2026-07-06,,,,,,,184766,51824044.11,2.44610164,280.4847435
2026-07-07,,,,,,,177328,44151614.85,2.57191239,248.9827599
2026-07-08,,,,,,,178732,40942361.87,2.91306928,229.0712456
2026-07-09,,,,,,,178157,43564514.56,3.00998118,244.5287839
2026-07-10,,,,,,,185869,58458114.16,2.91907638,314.5124478
2026-07-11,,,,,,,178575,53824332.31,2.65195338,301.4102327
2026-07-12,,,,,,,162507,48654144.15,2.41515767,299.3972207
2026-07-13,,,,,,,170759,42659635.41,2.81231395,249.8236427
2026-07-14,,,,,,,178359,47016140.76,2.70703884,263.6039715
2026-07-15,,,,,,,180999,56606628.39,3.18952418,312.7455311
2026-07-16,,,,,,,176953,62274031.34,2.84607103,351.9241343
2026-07-17,,,,,,,183348,54650679.5,2.93152826,298.0707698
2026-07-18,,,,,,,176151,47700317.16,2.81976963,270.7922019
2026-07-19,,,,,,,169772,55585232.79,2.44918564,327.4110736
2026-07-20,,,,,,,168591,56368465.48,2.75052168,334.3503833
2026-07-21,,,,,,,170208,63930037.61,2.76719485,375.5994877
2026-07-22,,,,,,,172939,71400416.46,2.61955911,412.8647469
2026-07-23,,,,,,,177855,67981392.71,2.55954668,382.2293031
2026-07-24,,,,,,,178350,70538739.89,2.35106786,395.5073725
2026-07-25,,,,,,,168041,65952210.44,2.36259016,392.4768981
2026-07-26,,,,,,,160010,58431836.82,2.1687451,365.1761566
2026-07-27,,,,,,,161744,53790087.27,2.41262612,332.5631076
2026-07-28,,,,,,,169855,52269269.14,2.43129986,307.7287636
2026-07-29,,,,,,,165744,52708596.36,2.50382476,318.0120931
2026-07-30,,,,,,,174526,50677891.59,2.77658899,290.3744519
2026-07-31,,,,,,,179197,53059862.88,2.70462324,296.0979418
2026-08-01,,,,,,,171761,49217623.32,2.71539321,286.54714
2026-08-02,,,,,,,156836,43612046.18,2.9109648,278.0742061
2026-08-03,,,,,,,174507,40724084.71,2.72294674,233.3664822
2026-08-04,,,,,,,173621,37082201.03,2.76877483,213.5813123
2026-08-05,,,,,,,174383,50940668.17,2.59611182,292.1194622
2026-08-06,,,,,,,177746,50738442.03,2.9734111,285.4547614
2026-08-07,,,,,,,185235,50784724.95,2.73843183,274.1637647
2026-08-08,,,,,,,169820,44638190.65,2.56716257,262.8559101
2026-08-09,,,,,,,160349,41621350.82,2.26118995,259.5672616
2026-08-10,,,,,,,168751,42701870.5,2.63076437,253.046622
2026-08-11,,,,,,,171008,44735674.5,2.62382297,261.599893
2026-08-12,,,,,,,167440,43601892.2,2.52454658,260.4030829
2026-08-13,,,,,,,176771,41080493.81,2.76933137,232.3938531
2026-08-14,,,,,,,179760,44281310.24,2.77072583,246.3357267
2026-08-15,,,,,,,168571,39394229.11,2.44646667,233.6951736
2026-08-16,,,,,,,161876,33089928.77,2.36122817,204.4152856
2026-08-17,,,,,,,166026,42578360.44,2.51460827,256.4559794
2026-08-18,,,,,,,167329,44373238.26,2.7212194,265.1855821
2026-08-19,,,,,,,172189,41297518.27,2.55999455,239.8383072
2026-08-20,,,,,,,179550,44927221.79,2.92054641,250.2212297
2026-08-21,,,,,,,191705,45108617.91,2.56433311,235.3022504
2026-08-22,,,,,,,180105,46778248.32,2.71011521,259.7276496
2026-08-23,,,,,,,165878,44478702.08,2.23332851,268.141056
2026-08-24,,,,,,,166274,46108085.27,2.35735849,277.3018347
2026-08-25,,,,,,,172132,50007979.28,2.7156199,290.5211075
2026-08-26,,,,,,,166072,42066033.37,2.35847714,253.2999745
2026-08-27,,,,,,,168734,42935834.93,2.53398894,254.4587038
2026-08-28,,,,,,,175683,44737000.59,2.59998884,254.6461558
2026-08-29,,,,,,,167188,37231877.37,2.32290467,222.6946752
2026-08-30,,,,,,,161613,32881089.11,2.12255703,203.455719
2026-08-31,,,,,,,162998,41012073.57,2.2817162,251.6109006
2026-09-01,,,,,,,168277,42610794.23,2.48214445,253.2181714
2026-09-02,,,,,,,167057,43254993.92,2.56617867,258.9235645
2026-09-03,,,,,,,171603,40427569.14,2.62754417,235.5877761
2026-09-04,,,,,,,180458,41776427.32,2.50842248,231.5022184
2026-09-05,,,,,,,177872,43100887.34,2.20025012,242.3140648
2026-09-06,,,,,,,159078,35969996.1,2.03022679,226.115466
2026-09-07,,,,,,,162148,37688471.37,2.0343992,232.4325392
2026-09-08,,,,,,,158389,35839397.74,2.17155794,226.2745376
2026-09-09,,,,,,,163386,37375932.91,2.51315114,228.7584794
2026-09-10,,,,,,,166441,40662300.89,2.52520846,244.3045938
2026-09-11,,,,,,,170599,38309122.38,2.41760692,224.5565471
2026-09-12,,,,,,,163028,37701692.95,2.11423907,231.2590043
2026-09-13,,,,,,,155973,36082691.25,1.94843435,231.3393424
2026-09-14,,,,,,,161056,42202401.46,2.02480878,262.0355743
2026-09-15,,,,,,,162254,41458867.11,2.52335722,255.5183053
2026-09-16,,,,,,,158395,38812374.88,2.45546063,245.0353539
2026-09-17,,,,,,,162866,35102228.17,2.47493181,215.5282758
2026-09-18,,,,,,,171535,39309183.02,2.18081229,229.1612966
2026-09-19,,,,,,,173278,39738703.58,1.88309607,229.3349622
2026-09-20,,,,,,,160287,32496738.79,1.88659456,202.7409508
2026-09-21,,,,,,,162200,38977029.73,1.89099872,240.3022795
2026-09-22,,,,,,,158708,43306234.79,1.96549205,272.8673715
2026-09-23,,,,,,,158557,40760078.24,2.07406245,257.0689294
2026-09-24,,,,,,,171619,45348725.16,1.97688532,264.2407027
2026-09-25,,,,,,,172563,40455844.41,1.92934354,234.4410123
2026-09-26,,,,,,,169593,33872048.37,1.62355055,199.7255097
2026-09-27,,,,,,,111224,19676503.25,1.42931474,176.9087899
