date,price_usd,tx_count,est_volume_btc,est_volume_usd,supply_btc,active_addresses,fees_usd,output_volume_btc
2009-01-03,0,,,,100,2,,100
2009-01-04,0,,,,,,,0
2009-01-05,0,,,,,,,0
2009-01-06,0,,,,,,,0
2009-01-07,0,,,,,,,0
2009-01-08,0,,,,,,,0
2009-01-09,0,,,,800,14,,700
2009-01-10,0,,,,3800,60,,3000
2009-01-11,0,,,,8450,93,,4650
2009-01-12,0,,,,13150,102,,4879
2009-01-13,0,,,,19300,123,,6150
2009-01-14,0,,,,25750,130,,6511
2009-01-15,0,,,,32050,134,,6800
2009-01-16,0,,,,37450,110,,5600
2009-01-17,0,109,,,42900,109,0,5450
2009-01-18,0,108,,,48250,108,0,5500
2009-01-19,0,117,,,54000,117,0,6525
2009-01-20,0,115,,,59700,115,0,6100
2009-01-21,0,105,,,64850,105,0,5750
2009-01-22,0,90,,,69350,90,0,4500
2009-01-23,0,86,,,73550,86,0,4650
2009-01-24,0,202,,,83600,202,0,10550
2009-01-25,0,192,,,93150,192,0,9600
2009-01-26,0,97,,,97950,97,0,5800
2009-01-27,0,98,,,102800,98,0,5000
2009-01-28,0,112,,,108400,112,0,5600
2009-01-29,0,122,,,114450,122,0,6650
2009-01-30,0,117,,,120300,117,0,5850
2009-01-31,0,139,,,127200,139,0,7900
2009-02-01,0,114,,,132850,114,0,5750
2009-02-02,0,129,,,139250,129,0,6450
2009-02-03,0,155,,,146200,153,0,7686.52
2009-02-04,0,119,,,152150,119,0,5950
2009-02-05,0,126,,,158450,126,0,6300
2009-02-06,0,122,,,164550,122,0,6100
2009-02-07,0,133,,,171000,134,0,7648
2009-02-08,0,133,,,177600,133,0,7600
2009-02-09,0,135,,,184300,135,0,8900
2009-02-10,0,120,,,190300,120,0,6000
2009-02-11,0,135,,,196950,135,0,7200.04
2009-02-12,0,119,,,202900,119,0,5950
2009-02-13,0,124,,,209100,,0,6200
2009-02-14,0,136,,,215900,136,0,6800
2009-02-15,0,131,,,222300,131,0,7300
2009-02-16,0,123,,,228400,123,0,7600
2009-02-17,0,117,,,234250,117,0,5850
2009-02-18,0,118,,,240150,118,0,5900
2009-02-19,0,125,,,246350,125,0,7000
2009-02-20,0,122,,,252450,122,0,6100
2009-02-21,0,114,,,258150,114,0,5700
2009-02-22,0,125,,,264200,125,0,7100
2009-02-23,0,108,,,269600,108,0,5400
2009-02-24,0,106,,,274900,106,0,5300
2009-02-25,0,105,,,280150,105,0,5250
2009-02-26,0,107,,,285500,107,0,5350
2009-02-27,0,116,,,291250,116,0,7550
2009-02-28,0,100,,,296200,100,0,5300
2009-03-01,0,105,,,301450,105,0,5250
2009-03-02,0,108,,,306850,108,0,5400
2009-03-03,0,107,,,312100,106,0,5650
2009-03-04,0,106,,,317300,106,0,6450
2009-03-05,0,113,,,322900,113,0,6000
2009-03-06,0,117,,,328750,117,0,5850
2009-03-07,0,109,,,334200,109,0,5450
2009-03-08,0,118,,,339950,118,0,7300
2009-03-09,0,108,,,345350,108,0,5400
2009-03-10,0,107,,,350700,107,0,5350
2009-03-11,0,114,,,356400,114,0,5700
2009-03-12,0,119,,,362300,119,0,6050
2009-03-13,0,114,,,367950,,0,6400
2009-03-14,0,110,,,373450,110,0,5500
2009-03-15,0,123,,,379600,123,0,6150
2009-03-16,0,122,,,385650,122,0,8450
2009-03-17,0,114,,,391350,114,0,5700
2009-03-18,0,116,,,397050,115,0,6400
2009-03-19,0,122,,,403150,122,0,6100
2009-03-20,0,119,,,409050,119,0,6500
2009-03-21,0,51,,,411600,51,0,2550
2009-03-22,0,120,,,417500,119,0,6450
2009-03-23,0,130,,,424000,130,0,6500
2009-03-24,0,105,,,429250,105,0,5250
2009-03-25,0,117,,,435100,117,0,5850
2009-03-26,0,118,,,440950,118,0,7250
2009-03-27,0,106,,,446250,106,0,5300
2009-03-28,0,122,,,452200,120,0,6950
2009-03-29,0,116,,,458000,116,0,5800
2009-03-30,0,120,,,464000,120,0,6000
2009-03-31,0,111,,,469500,111,0,7100
2009-04-01,0,114,,,475200,114,0,5700
2009-04-02,0,115,,,480950,115,0,5750
2009-04-03,0,116,,,486750,116,0,5800
2009-04-04,0,113,,,492400,113,0,5650
2009-04-05,0,132,,,498900,131,0,7350
2009-04-06,0,109,,,504350,109,0,5450
2009-04-07,0,100,,,509350,100,0,5000
2009-04-08,0,105,,,514600,105,0,5250
2009-04-09,0,99,,,519550,99,0,4950
2009-04-10,0,108,,,524950,108,0,5400
2009-04-11,0,121,,,530950,121,0,6350
2009-04-12,0,120,,,536850,120,0,6850
2009-04-13,0,116,,,542600,117,0,5800
2009-04-14,0,124,,,548800,124,0,6200
2009-04-15,0,113,,,554450,113,0,5650
2009-04-16,0,123,,,560600,123,0,6150
2009-04-17,0,112,,,566200,112,0,5600
2009-04-18,0,130,,,572500,129,0,6482.51
2009-04-19,0,120,,,578450,120,0,6350
2009-04-20,0,121,,,584400,121,0,11700
2009-04-21,0,124,,,590550,125,0,6200
2009-04-22,0,121,,,596600,121,0,6050
2009-04-23,0,75,,,600350,75,0,3750
2009-04-24,0,115,,,606100,115,0,5750
2009-04-25,0,118,,,612000,118,0,5900
2009-04-26,0,114,,,617600,113,0,6350
2009-04-27,0,104,,,622800,104,0,5200
2009-04-28,0,117,,,628650,117,0,5850
2009-04-29,0,129,,,635050,129,0,7400
2009-04-30,0,131,,,641600,131,0,6550
2009-05-01,0,121,,,647650,121,0,6050
2009-05-02,0,128,,,653950,130,0,7049.94
2009-05-03,0,109,,,659250,110,0,5410
2009-05-04,0,129,,,665650,129,0,7900
2009-05-05,0,136,,,672400,136,0,7250
2009-05-06,0,135,,,679150,135,0,6750
2009-05-07,0,122,,,685250,122,0,6100
2009-05-08,0,108,,,690650,108,0,5400
2009-05-09,0,77,,,694500,77,0,3850
2009-05-10,0,85,,,698750,85,0,4250
2009-05-11,0,121,,,704750,122,0,6100
2009-05-12,0,130,,,711250,130,0,6500
2009-05-13,0,116,,,716800,116,0,5700.01
2009-05-14,0,142,,,723750,143,0,7149.99
2009-05-15,0,137,,,730550,137,0,7300
2009-05-16,0,119,,,736500,119,0,5950
2009-05-17,0,127,,,742850,127,0,6350
2009-05-18,0,118,,,748750,118,0,5900
2009-05-19,0,86,,,753050,86,0,4300
2009-05-20,0,120,,,759050,120,0,6000
2009-05-21,0,82,,,763150,82,0,4100
2009-05-22,0,62,,,766250,62,0,3100
2009-05-23,0,31,,,767800,31,0,1550
2009-05-24,0,100,,,772800,100,0,5000
2009-05-25,0,109,,,778250,109,0,5450
2009-05-26,0,125,,,784500,125,0,6250
2009-05-27,0,119,,,790450,119,0,5950
2009-05-28,0,95,,,795200,95,0,4750
2009-05-29,0,107,,,800500,107,0,8300
2009-05-30,0,109,,,805950,109,0,5450
2009-05-31,0,97,,,810800,97,0,4850
2009-06-01,0,72,,,814350,73,0,3600
2009-06-02,0,110,,,819850,110,0,5500
2009-06-03,0,72,,,823450,72,0,3600
2009-06-04,0,65,,,826700,65,0,3250
2009-06-05,0,31,,,828250,31,0,1550
2009-06-06,0,27,,,829600,,0,1350
2009-06-07,0,16,,,830400,16,0,800
2009-06-08,0,82,,,834500,82,0,4100
2009-06-09,0,91,,,839050,91,0,4550
2009-06-10,0,82,,,843150,82,0,4100
2009-06-11,0,89,,,847600,89,0,4450
2009-06-12,0,86,,,851900,86,0,4300
2009-06-13,0,78,,,855800,78,0,3900
2009-06-14,0,72,,,859400,72,0,3600
2009-06-15,0,84,,,863600,84,0,4200
2009-06-16,0,71,,,867150,71,0,3550
2009-06-17,0,79,,,871100,79,0,3950
2009-06-18,0,80,,,875100,80,0,4000
2009-06-19,0,87,,,879450,87,0,4350
2009-06-20,0,78,,,883350,78,0,3900
2009-06-21,0,81,,,887400,81,0,4050
2009-06-22,0,77,,,891200,77,0,6800
2009-06-23,0,76,,,895000,76,0,3800
2009-06-24,0,97,,,899750,98,0,4898.98
2009-06-25,0,69,,,903150,69,0,4400
2009-06-26,0,90,,,907650,90,0,4500
2009-06-27,0,84,,,911850,84,0,4200
2009-06-28,0,47,,,914150,48,0,2350
2009-06-29,0,84,,,918300,85,0,4200
2009-06-30,0,86,,,922550,86,0,4345
2009-07-01,0,75,,,926250,75,0,3800
2009-07-02,0,84,,,930400,85,0,4200
2009-07-03,0,82,,,934500,82,0,4100
2009-07-04,0,89,,,938950,,0,4450
2009-07-05,0,79,,,942900,79,0,3950
2009-07-06,0,84,,,947100,84,0,4200
2009-07-07,0,69,,,950550,69,0,3450
2009-07-08,0,74,,,954250,74,0,3700
2009-07-09,0,86,,,958550,86,0,4300
2009-07-10,0,81,,,962600,81,0,4050
2009-07-11,0,83,,,966750,83,0,4150
2009-07-12,0,77,,,970600,77,0,3850
2009-07-13,0,78,,,974500,78,0,3900
2009-07-14,0,69,,,977950,69,0,3450
2009-07-15,0,45,,,980200,45,0,2250
2009-07-16,0,71,,,983750,71,0,3550
2009-07-17,0,48,,,986150,48,0,2400
2009-07-18,0,4,,,986350,4,0,200
2009-07-19,0,69,,,989800,69,0,3450
2009-07-20,0,71,,,993300,72,0,9549.67
2009-07-21,0,82,,,997400,82,0,4100
2009-07-22,0,61,,,1000450,61,0,3050
2009-07-23,0,75,,,1004200,75,0,3750
2009-07-24,0,73,,,1007850,73,0,3650
2009-07-25,0,33,,,1009500,33,0,1650
2009-07-26,0,20,,,1010500,20,0,1000
2009-07-27,0,74,,,1014200,74,0,3700
2009-07-28,0,41,,,1016250,41,0,2050
2009-07-29,0,21,,,1017250,21,0,1100
2009-07-30,0,15,,,1017950,16,0,750
2009-07-31,0,17,,,1018800,17,0,850
2009-08-01,0,28,,,1020200,28,0,1400
2009-08-02,0,23,,,1021350,23,0,1150
2009-08-03,0,12,,,1021950,12,0,600
2009-08-04,0,81,,,1026000,81,0,4050
2009-08-05,0,87,,,1030350,87,0,4350
2009-08-06,0,90,,,1034850,90,0,4500
2009-08-07,0,81,,,1038850,82,0,9549.53
2009-08-08,0,80,,,1042850,80,0,4000
2009-08-09,0,101,,,1047900,101,0,5050
2009-08-10,0,75,,,1051650,75,0,3750
2009-08-11,0,70,,,1055150,70,0,3500
2009-08-12,0,63,,,1058300,63,0,3150
2009-08-13,0,85,,,1062550,85,0,4250
2009-08-14,0,63,,,1065700,63,0,3150
2009-08-15,0,26,,,1067000,26,0,1300
2009-08-16,0,20,,,1068000,20,0,1000
2009-08-17,0,17,,,1068850,17,0,850
2009-08-18,0,9,,,1069300,9,0,450
2009-08-19,0,18,,,1070200,18,0,900
2009-08-20,0,23,,,1071350,23,0,1150
2009-08-21,0,13,,,1072000,13,0,650
2009-08-22,0,7,,,1072350,7,0,350
2009-08-23,0,15,,,1073100,15,0,750
2009-08-24,0,15,,,1073850,15,0,750
2009-08-25,0,51,,,1076400,51,0,2550
2009-08-26,0,50,,,1078750,51,0,4698.06
2009-08-27,0,29,,,1080200,29,0,1450
2009-08-28,0,75,,,1083950,75,0,3750
2009-08-29,0,78,,,1087850,78,0,3900
2009-08-30,0,98,,,1092700,97,0,4900
2009-08-31,0,87,,,1097000,87,0,4600
2009-09-01,0,79,,,1100950,79,0,3950
2009-09-02,0,65,,,1104200,65,0,3250
2009-09-03,0,62,,,1107250,62,0,3750
2009-09-04,0,64,,,1110450,64,0,3200
2009-09-05,0,76,,,1114250,76,0,3800
2009-09-06,0,68,,,1117650,68,0,3400
2009-09-07,0,79,,,1121550,79,0,4550
2009-09-08,0,69,,,1125000,69,0,3450
2009-09-09,0,54,,,1127700,54,0,2700
2009-09-10,0,67,,,1131050,67,0,3350
2009-09-11,0,67,,,1134400,67,0,3350
2009-09-12,0,69,,,1137850,69,0,3450
2009-09-13,0,75,,,1141600,75,0,3750
2009-09-14,0,74,,,1145300,74,0,3700
2009-09-15,0,45,,,1147550,45,0,2250
2009-09-16,0,72,,,1151100,72,0,3551
2009-09-17,0,85,,,1155300,86,0,9250
2009-09-18,0,78,,,1159200,78,0,3900
2009-09-19,0,74,,,1162900,74,0,3700
2009-09-20,0,78,,,1166800,78,0,3900
2009-09-21,0,70,,,1170250,70,0,3850
2009-09-22,0,27,,,1171550,27,0,3300
2009-09-23,0,35,,,1173300,35,0,1750
2009-09-24,0,97,,,1178150,97,0,4850
2009-09-25,0,93,,,1182700,93,0,5850
2009-09-26,0,100,,,1187700,100,0,5000
2009-09-27,0,88,,,1192050,88,0,5150
2009-09-28,0,85,,,1196300,85,0,4250
2009-09-29,0,90,,,1200700,90,0,6550
2009-09-30,0,85,,,1204950,85,0,4250
2009-10-01,0,82,,,1209050,82,0,4100
2009-10-02,0,73,,,1212650,73,0,4100
2009-10-03,0,58,,,1215550,58,0,2900
2009-10-04,0,53,,,1218200,53,0,2650
2009-10-05,0,55,,,1220950,55,0,2750
2009-10-06,0,46,,,1223150,45,0,3100
2009-10-07,0,59,,,1226100,59,0,2950
2009-10-08,0,70,,,1229600,70,0,3500
2009-10-09,0,77,,,1233450,77,0,3850
2009-10-10,0,79,,,1237400,79,0,3950
2009-10-11,0,74,,,1241100,74,0,3700
2009-10-12,0,59,,,1244000,59,0,7950
2009-10-13,0,57,,,1246850,57,0,2850
2009-10-14,0,69,,,1250300,69,0,3450
2009-10-15,0,71,,,1253850,71,0,3550
2009-10-16,0,61,,,1256850,61,0,12700
2009-10-17,0,57,,,1259700,57,0,2850
2009-10-18,0,75,,,1263400,75,0,4050
2009-10-19,0,112,,,1269000,112,0,5600
2009-10-20,0,96,,,1273750,97,0,9799.88
2009-10-21,0,81,,,1277750,81,0,4899.76
2009-10-22,0,91,,,1282250,91,0,16450
2009-10-23,0,89,,,1286700,89,0,4450
2009-10-24,0,63,,,1289800,63,0,15350
2009-10-25,0,76,,,1293600,76,0,3800
2009-10-26,0,71,,,1297150,71,0,3550
2009-10-27,0,65,,,1300350,65,0,16200
2009-10-28,0,67,,,1303700,67,0,3350
2009-10-29,0,47,,,1305950,47,0,4300
2009-10-30,0,60,,,1308950,60,0,3000
2009-10-31,0,46,,,1311250,46,0,2300
2009-11-01,0,25,,,1312500,25,0,1250
2009-11-02,0,33,,,1314150,33,0,1650
2009-11-03,0,62,,,1317250,62,0,3100
2009-11-04,0,64,,,1320400,64,0,18650
2009-11-05,0,58,,,1323300,58,0,2900
2009-11-06,0,61,,,1326350,61,0,3050
2009-11-07,0,69,,,1329800,69,0,3450
2009-11-08,0,73,,,1333450,73,0,3650
2009-11-09,0,64,,,1336650,64,0,3200
2009-11-10,0,78,,,1340550,78,0,3900
2009-11-11,0,73,,,1343750,66,0,93200
2009-11-12,0,66,,,1347050,66,0,3300
2009-11-13,0,83,,,1351050,83,0,4600
2009-11-14,0,79,,,1355000,79,0,3950
2009-11-15,0,96,,,1359800,96,0,4800
2009-11-16,0,97,,,1364650,97,0,4850
2009-11-17,0,92,,,1369250,92,0,4600
2009-11-18,0,79,,,1373200,79,0,3950
2009-11-19,0,72,,,1376700,72,0,47850
2009-11-20,0,86,,,1381000,86,0,4300
2009-11-21,0,73,,,1384650,73,0,3650
2009-11-22,0,106,,,1389950,106,0,5300
2009-11-23,0,96,,,1394750,96,0,4800
2009-11-24,0,93,,,1399400,93,0,4650
2009-11-25,0,90,,,1403900,90,0,4500
2009-11-26,0,84,,,1408100,84,0,4200
2009-11-27,0,74,,,1411800,74,0,3700
2009-11-28,0,71,,,1415350,71,0,3550
2009-11-29,0,60,,,1418350,60,0,3000
2009-11-30,0,75,,,1422100,75,0,3750
2009-12-01,0,74,,,1425750,75,0,13700
2009-12-02,0,94,,,1430450,94,0,4700
2009-12-03,0,88,,,1434850,88,0,4400
2009-12-04,0,36,,,1436650,36,0,1800
2009-12-05,0,65,,,1439850,,0,4100
2009-12-06,0,105,,,1445000,105,0,5290
2009-12-07,0,112,,,1450600,112,0,5600
2009-12-08,0,107,,,1455850,106,0,6750
2009-12-09,0,109,,,1460650,109,0,7155
2009-12-10,0,104,,,1465850,104,0,5200
2009-12-11,0,112,,,1471450,112,0,5600
2009-12-12,0,112,,,1476950,111,0,10700
2009-12-13,0,114,,,1482650,114,0,5700
2009-12-14,0,107,,,1487750,108,0,37645.7
2009-12-15,0,112,,,1493250,113,0,10959
2009-12-16,0,137,,,1500050,137,0,7650
2009-12-17,0,172,,,1508500,173,0,8749.5
2009-12-18,0,225,,,1519750,225,0,11250
2009-12-19,0,199,,,1529650,199,0,9950
2009-12-20,0,175,,,1538400,175,0,8750
2009-12-21,0,176,,,1547150,176,0,8800
2009-12-22,0,162,,,1555250,162,0,8100
2009-12-23,0,154,,,1562950,154,0,7700
2009-12-24,0,154,,,1570650,154,0,7700
2009-12-25,0,150,,,1578100,151,0,7500
2009-12-26,0,174,,,1586800,174,0,8700
2009-12-27,0,168,,,1595150,168,0,8600
2009-12-28,0,137,,,1602000,137,0,6850
2009-12-29,0,171,,,1610550,171,0,8550
2009-12-30,0,141,,,1617600,141,0,7050
2009-12-31,0,138,,,1624500,138,0,6900
2010-01-01,0,133,,,1631050,133,0,6650
2010-01-02,0,127,,,1637400,127,0,6350
2010-01-03,0,186,,,1646700,186,0,9300
2010-01-04,0,183,,,1655750,184,0,29854.35
2010-01-05,0,198,,,1665650,198,0,9900
2010-01-06,0,163,,,1673800,163,0,8150
2010-01-07,0,154,,,1681500,154,0,7700
2010-01-08,0,153,,,1689150,153,0,7650
2010-01-09,0,151,,,1696700,151,0,7550
2010-01-10,0,190,,,1706200,190,0,9500
2010-01-11,0,159,,,1714150,159,0,7950
2010-01-12,0,161,,,1722100,162,0,18749.88
2010-01-13,0,166,,,1730300,168,0,8258
2010-01-14,0,145,,,1737450,146,0,7555
2010-01-15,0,142,,,1744500,142,0,7250.74
2010-01-16,0,126,,,1750750,126,0,6501
2010-01-17,0,131,,,1757300,131,0,6550
2010-01-18,0,126,,,1763550,127,0,6300
2010-01-19,0,124,,,1769750,124,0,6200
2010-01-20,0,158,,,1777650,158,0,7900
2010-01-21,0,184,,,1786400,183,0,9438.29
2010-01-22,0,136,,,1793050,136,0,6900
2010-01-23,0,162,,,1801050,163,0,8051
2010-01-24,0,155,,,1808750,155,0,7750
2010-01-25,0,215,,,1819300,215,0,13850
2010-01-26,0,201,,,1829050,201,0,10623
2010-01-27,0,166,,,1837250,165,0,9200
2010-01-28,0,179,,,1846100,178,0,9900
2010-01-29,0,201,,,1855950,199,0,10800
2010-01-30,0,214,,,1866450,214,0,12200
2010-01-31,0,167,,,1874700,167,0,9350
2010-02-01,0,193,,,1883900,193,0,11800
2010-02-02,0,146,,,1891150,146,0,8300
2010-02-03,0,272,,,1904650,271,0,13800
2010-02-04,0,234,,,1916100,234,0,13499.99
2010-02-05,0,227,,,1927250,228,0,23399
2010-02-06,0,206,,,1936850,195,0,11700
2010-02-07,0,222,,,1947700,224,0,11349
2010-02-08,0,208,,,1957700,208,0,16703
2010-02-09,0,210,,,1968050,211,0,31250
2010-02-10,0,173,,,1976450,171,0,38700
2010-02-11,0,174,,,1984900,172,0,12150
2010-02-12,0,188,,,1994050,189,0,16800
2010-02-13,0,235,,,2005650,235,0,17799
2010-02-14,0,219,,,2016050,215,0,30024.51
2010-02-15,0,185,,,2024850,187,0,13349.98
2010-02-16,0,201,,,2034600,202,0,10513.37
2010-02-17,0,250,,,2046550,248,0,70672.5
2010-02-18,0,215,,,2056950,214,0,13299
2010-02-19,0,195,,,2066550,197,0,9700.01
2010-02-20,0,210,,,2076950,210,0,11050
2010-02-21,0,227,,,2088100,227,0,17416.83
2010-02-22,0,265,,,2101100,266,0,27300
2010-02-23,0,251,,,2113600,251,0,12550
2010-02-24,0,177,,,2122150,176,0,13850
2010-02-25,0,158,,,2129850,158,0,18300
2010-02-26,0,176,,,2138450,177,0,19549
2010-02-27,0,175,,,2147050,175,0,9051
2010-02-28,0,159,,,2154850,159,0,13099
2010-03-01,0,199,,,2164600,199,0,11350
2010-03-02,0,193,,,2174000,193,0,11400
2010-03-03,0,158,,,2181600,157,0,17800
2010-03-04,0,188,,,2190850,188,0,28600
2010-03-05,0,173,,,2199400,173,0,8700
2010-03-06,0,183,,,2208250,182,0,32597.39
2010-03-07,0,183,,,2217200,183,0,16450
2010-03-08,0,130,,,2223450,132,0,15295.18
2010-03-09,0,148,,,2230750,148,0,11350
2010-03-10,0,169,,,2238850,170,0,10699.99
2010-03-11,0,136,,,2245500,136,0,9850
2010-03-12,0,123,,,2251550,123,0,6400
2010-03-13,0,154,,,2259200,154,0,9450
2010-03-14,0,127,,,2265450,127,0,7800
2010-03-15,0,140,,,2272200,143,0,6902
2010-03-16,0,129,,,2278500,129,0,7501
2010-03-17,0,139,,,2285300,139,0,8050
2010-03-18,0,149,,,2292300,148,0,10950
2010-03-19,0,162,,,2299950,162,0,13996
2010-03-20,0,204,,,2309550,207,0,14550
2010-03-21,0,190,,,2318700,187,0,9602
2010-03-22,0,186,,,2327650,185,0,11400
2010-03-23,0,220,,,2338000,215,0,14336.93
2010-03-24,0,182,,,2346550,180,0,10350
2010-03-25,0,202,,,2355900,201,0,33451
2010-03-26,0,213,,,2365750,204,0,13850
2010-03-27,0,184,,,2374650,183,0,11500
2010-03-28,0,192,,,2383950,190,0,11450
2010-03-29,0,207,,,2393700,201,0,13200
2010-03-30,0,221,,,2404450,218,0,11300
2010-03-31,0,214,,,2414900,213,0,11924.2
2010-04-01,0,179,,,2423300,173,0,9800
2010-04-02,0,161,,,2431100,159,0,8800
2010-04-03,0,166,,,2439150,168,0,9773.48
2010-04-04,0,183,,,2447700,178,0,12000
2010-04-05,0,181,,,2455350,181,0,18287.19
2010-04-06,0,174,,,2463300,174,0,13091
2010-04-07,0,204,,,2472950,202,0,15153.14
2010-04-08,0,195,,,2482100,196,0,12238.74
2010-04-09,0,224,,,2491550,234,0,39007.96
2010-04-10,0,298,,,2504550,295,0,27909.05
2010-04-11,0,265,,,2515700,261,0,27333.16
2010-04-12,0,247,,,2525850,237,0,38235.76
2010-04-13,0,209,,,2535300,204,0,11810
2010-04-14,0,223,,,2544300,221,0,15448.89
2010-04-15,0,290,,,2555100,290,0,124125.3
2010-04-16,0,234,,,2565200,229,0,23012.68
2010-04-17,0,250,,,2576250,241,0,15292.88
2010-04-18,0,3351,,,2588500,3359,0,49371.01
2010-04-19,0,276,,,2600100,268,0,36021.87
2010-04-20,0,243,,,2610350,232,0,24785
2010-04-21,0,251,,,2621300,243,0,18978.81
2010-04-22,0,199,,,2629250,191,0,29492.85
2010-04-23,0,200,,,2636750,201,0,11454.03
2010-04-24,0,202,,,2645150,195,0,20533.06
2010-04-25,0,205,,,2653050,189,0,23845.8
2010-04-26,0,211,,,2661250,207,0,20345.49
2010-04-27,0,233,,,2670250,222,0,17433.94
2010-04-28,0,227,,,2679250,218,0,17422.54
2010-04-29,0,180,,,2686600,174,0,12925.36
2010-04-30,0,170,,,2693800,170,0,68620.32
2010-05-01,0,210,,,2702950,203,0,14348.6
2010-05-02,0,180,,,2710700,170,0,10049
2010-05-03,0,188,,,2718650,178,0,16001
2010-05-04,0,177,,,2725450,161,0,25650.12
2010-05-05,0,162,,,2732300,158,0,25859.66
2010-05-06,0,177,,,2739750,169,0,23351.01
2010-05-07,0,158,,,2746350,147,0,40444
2010-05-08,0,182,,,2754050,,0,25180.26
2010-05-09,0,183,,,2761200,178,0,17028.4
2010-05-10,0,157,,,2767600,148,0,15263.78
2010-05-11,0,131,,,2773200,126,0,7650.15
2010-05-12,0,158,,,2779500,144,0,27970.11
2010-05-13,0,167,,,2785900,155,0,17307.78
2010-05-14,0,153,,,2792050,149,0,21860.94
2010-05-15,0,113,,,2796600,106,0,7776.64
2010-05-16,0,134,,,2802300,127,0,8138.64
2010-05-17,0,177,,,2809400,163,0,17826.48
2010-05-18,0,223,,,2817800,208,0,17820.9
2010-05-19,0,207,,,2826000,204,0,23504.61
2010-05-20,0,237,,,2836150,226,0,13984.97
2010-05-21,0,235,,,2844950,215,0,48625.96
2010-05-22,0,226,,,2854700,223,0,54427.53
2010-05-23,0,309,,,2865250,306,0,32588.36
2010-05-24,0,250,,,2874650,239,0,15656
2010-05-25,0,254,,,2885150,247,0,18050
2010-05-26,0,287,,,2896300,279,0,27990.97
2010-05-27,0,267,,,2905900,244,0,24211.51
2010-05-28,0,277,,,2917050,278,0,40557.11
2010-05-29,0,239,,,2926250,233,0,53451
2010-05-30,0,200,,,2933700,195,0,12912.3
2010-05-31,0,194,,,2940800,190,0,13961
2010-06-01,0,183,,,2947550,178,0,13893.98
2010-06-02,0,194,,,2954900,189,0,14957.28
2010-06-03,0,235,,,2962500,219,0,17274.1
2010-06-04,0,173,,,2968750,172,0,38677.35
2010-06-05,0,190,,,2976000,181,0,13550
2010-06-06,0,200,,,2983400,191,0,16003.31
2010-06-07,0,209,,,2991250,200,0,35049.8
2010-06-08,0,223,,,2999250,220,0,17401
2010-06-09,0,220,,,3007650,223,0,80691.57
2010-06-10,0,217,,,3015650,218,0,39665.63
2010-06-11,0,247,,,3024050,251,0,18728.78
2010-06-12,0,213,,,3030800,203,0,20881.1
2010-06-13,0,238,,,3039350,233,0,22782
2010-06-14,0,258,,,3047450,255,0,51391.02
2010-06-15,0,269,,,3056650,279,0,45023
2010-06-16,0,192,,,3063750,195,0,35799.08
2010-06-17,0,204,,,3071050,204,0,29088.45
2010-06-18,0,193,,,3078550,190,0,19086.68
2010-06-19,0,214,,,3086050,216,0,65872.79
2010-06-20,0,228,,,3095300,232,0,36318.01
2010-06-21,0,242,,,3103000,264,0,45708.09
2010-06-22,0,227,,,3110800,236,0,38998.64
2010-06-23,0,257,,,3120150,264,0,48890
2010-06-24,0,240,,,3128600,239,0,40846.37
2010-06-25,0,210,,,3136100,206,0,26818
2010-06-26,0,201,,,3144050,199,0,66719.74
2010-06-27,0,234,,,3152950,220,0,21468
2010-06-28,0,230,,,3160550,206,0,52785.05
2010-06-29,0,264,,,3169000,244,0,49257.59
2010-06-30,0,273,,,3178100,261,0,64280.95
2010-07-01,0,283,,,3188600,268,0,37385.89
2010-07-02,0,242,,,3197000,223,0,114604.73
2010-07-03,0,286,,,3207600,261,0,47050
2010-07-04,0,224,,,3215900,205,0,26909.5
2010-07-05,0,251,,,3224800,226,0,61997.01
2010-07-06,0,209,,,3233300,199,0,27835.5
2010-07-07,0,218,,,3241100,222,0,56930.31
2010-07-08,0,223,,,3248650,223,0,24422.94
2010-07-09,0,268,,,3258600,267,0,21572
2010-07-10,0,240,,,3268500,239,0,30402.74
2010-07-11,0,353,,,3277450,452,0,56181.99
2010-07-12,0,2300,,,3310400,3368,0,2633819.97
2010-07-13,0,1479,,,3345000,1796,0,336968.32
2010-07-14,0,6132,,,3373900,6548,0,350355.85
2010-07-15,0,1329,,,3405050,1568,0,116998.92
2010-07-16,0,1182,,,3430350,1436,0,86194.04
2010-07-17,0,408,,,3439000,,0,32747.88
2010-07-18,0,420,,,3447600,519,0,44670.09
2010-07-19,0,528,,,3456300,667,0,55849.75
2010-07-20,0,594,,,3465350,714,0,38952.34
2010-07-21,0,463,,,3475700,524,0,38004.54
2010-07-22,0,397,,,3484500,477,0,48431.62
2010-07-23,0,411,,,3494200,481,0,30314.79
2010-07-24,0,894,,,3503650,743,0,53191.96
2010-07-25,0,1823,,,3515200,1881,0,58615.43
2010-07-26,0,467,,,3527350,524,0,99101.87
2010-07-27,0,426,,,3535650,511,0,40199.2
2010-07-28,0,1951,,,3543600,429,0,75510.53
2010-07-29,0,1867,,,3552600,431,0,28061.23
2010-07-30,0,325,,,3561700,374,0,29261.82
2010-07-31,0,295,,,3571850,339,0,25583.49
2010-08-01,0,364,,,3583800,429,0,282050.22
2010-08-02,0,398,,,3595900,431,0,75663.37
2010-08-03,0,648,,,3607250,701,0,51833.6
2010-08-04,0,439,,,3619400,539,0,45786.45
2010-08-05,0,515,,,3630300,634,0,51702.01
2010-08-06,0,359,,,3637650,422,0,25932.01
2010-08-07,0,273,,,3645400,303,0,33022.92
2010-08-08,0,391,,,3655350,437,0,20285.05
2010-08-09,0,424,,,3664850,511,0,86863.22
2010-08-10,0,340,,,3674400,370,0,43421.85
2010-08-11,0,412,,,3686050,451,0,66537.41
2010-08-12,0,392,,,3696900,450,0,26552.83
2010-08-13,0,516,,,3707650,609,0,45812.59
2010-08-14,0,434,,,3721700,440,0,30251.74
2010-08-15,0,315,,,3732050,297,0,27266.58
2010-08-16,0,453,,,3739400,521,0,76524.88
2010-08-17,0,318,,,3745850,365,0,56445.99
2010-08-18,0.07,377,,,3752500,450,0.1092,44038.5
2010-08-19,0.07,325,,,3759250,355,0,27152.1
2010-08-20,0.07,423,,,3768900,458,0,39228.41
2010-08-21,0.07,342,,,3777550,389,0,47328.31
2010-08-22,0.07,366,,,3788150,373,0,31018.19
2010-08-23,0.07,369,,,3798800,415,0,28426.11
2010-08-24,0.07,379,,,3809550,431,0.056,31843.91
2010-08-25,0.07,365,,,3820350,379,0,26711.1
2010-08-26,0.07,368,,,3830850,388,0,24747.79
2010-08-27,0.07,294,,,3839400,323,0,37247.3
2010-08-28,0.07,339,12313.28,861.9295999,3847900,382,7.7e-08,25129.51999
2010-08-29,0.06,260,7825.23,469.5138,3856000,291,0.0144,16704.59
2010-08-30,0.07,329,13493.39,944.5373,3863450,359,0.0252,21288.91
2010-08-31,0.07,441,34678.87,2427.5209,3872650,456,0.014000021,49352.98
2010-09-01,0.06,380,16838.34,1010.3004,3880500,431,0.004800012,36607.59
2010-09-02,0.06,321,26744.38,1604.6628,3888300,343,0,42536.7
2010-09-03,0.06,319,25222.93,1513.3758,3896500,373,0,38056.34
2010-09-04,0.06,274,25525.07,1531.5042,3905550,307,0,39076.36
2010-09-05,0.06,311,30472.94,1828.3764,3913800,354,0.0006,145459.71
2010-09-06,0.06,278,28246.48,1694.7888,3921700,309,6e-09,83502.14
2010-09-07,0.06,282,13053.37,783.2022,3929700,290,0,26241.26
2010-09-08,0.06,339,13112.57,786.7542,3937950,387,2.4e-08,25897.81
2010-09-09,0.06,324,17065.42,1023.9252,3944700,362,0.006600006,40917.75
2010-09-10,0.06,360,9903.75,594.225,3953550,394,6e-09,23023.33
2010-09-11,0.06,305,9319.61,559.1766,3961550,330,0,18218.41
2010-09-12,0.06,379,15655.19,939.3114,3970400,425,0.009,27417.38
2010-09-13,0.06,436,28146.85,1688.811,3978950,512,6e-09,125727.93
2010-09-14,0.06,424,20310.4604,1218.627624,3989100,459,0.0005762112,40444.07441
2010-09-15,0.09,430,27692.78,2492.3502,3997550,484,0,48363.5504
2010-09-16,0.15,438,27343.68,4101.552,4008500,425,0,45533.51
2010-09-17,0.06,361,69597.94,4175.8764,4018900,375,0,85698.13
2010-09-18,0.06,399,39194.76,2351.6856,4030750,410,0.0108,55472.58
2010-09-19,0.06,355,35596.39,2135.7834,4041200,389,0,61581.2596
2010-09-20,0.06,465,32116.25,1926.975,4051350,525,0,51703.1
2010-09-21,0.06,810,16484.39,989.0634,4059950,968,6e-09,36311.66
2010-09-22,0.06,673,28449.66,1706.9796,4068650,845,0,53385.49
2010-09-23,0.06,655,68421.36,4105.2816,4080350,725,0,138297.79
2010-09-24,0.06,501,17665.4,1059.924,4091750,572,0,30743.86
2010-09-25,0.06,532,23699.01,1421.9406,4102100,602,0,40298.1
2010-09-26,0.06,400,20124.4,1207.464,4112350,435,0,32734.51
2010-09-27,0.06,603,29461.01,1767.6606,4123800,693,0.0012,44823.01
2010-09-28,0.06,491,74100.33719,4446.020232,4134400,492,0.0864,92276.65503
2010-09-29,0.06,975,24535.23,1472.1138,4142600,971,0,102221.76
2010-09-30,0.06,365,31255.51,1875.3306,4149900,456,0,48915.03
2010-10-01,0.06,584,35196.50727,2111.790436,4157600,672,0.0336,65983.38812
2010-10-02,0.06,501,291801.32,17508.0792,4162600,602,0.0004660878,368886.8478
2010-10-03,0.06,377,36444.07,2186.6442,4168700,488,0.000465975,81855.03777
2010-10-04,0.06,407,67874.83,4072.4898,4176350,512,5.94e-08,563662.89
2010-10-05,0.06,371,102292.28,6137.5368,4182650,491,0,200021.78
2010-10-06,0.06,407,83304.95,4998.297,4191200,484,6.54e-08,130051.46
2010-10-07,0.06,340,94175.41,5650.5246,4199200,407,0,135369.09
2010-10-08,0.07,363,117235,8206.45,4206900,454,0,160854.63
2010-10-09,0.1,401,147294,14729.4,4214800,484,0,193563.91
2010-10-10,0.12,363,90803.88,10896.4656,4223700,451,0,127348.13
2010-10-11,0.12,342,24543.64,2945.2368,4231650,424,1.308e-07,62808.71
2010-10-12,0.12,352,48574.53,5828.9436,4239400,447,0,85823.95
2010-10-13,0.1,364,35415.91,3541.591,4248200,457,0.035,123051.79
2010-10-14,0.1,367,85691.71,8569.171,4258450,443,0,188159.55
2010-10-15,0.11,328,39505.99,4345.6589,4267300,403,0,155316.49
2010-10-16,0.12,441,96521.34,11582.5608,4280200,511,0,211090.89
2010-10-17,0.11,457,11305.5,1243.605,4293700,541,0,121991.74
2010-10-18,0.1,579,35271.57,3527.157,4306150,713,0.002,229996.17
2010-10-19,0.1,924,36214.33,3621.433,4318950,1197,0,278433.5
2010-10-20,0.1,713,54104.48,5410.448,4332150,912,0,212861.77
2010-10-21,0.1,552,60711.05,6071.105,4341450,697,0.000776615,195603.9878
2010-10-22,0.11,602,25746.26,2832.0886,4349150,764,0,137128.13
2010-10-23,0.11,517,21698.44,2386.8284,4357900,671,0.0055,51895.33
2010-10-24,0.13,552,71597.27,9307.6451,4368150,671,0,115044.39
2010-10-25,0.18,410,41718.33,7509.2994,4378300,517,0,160144.65
2010-10-26,0.16,518,60363.91,9658.2256,4390350,683,0,193392.71
2010-10-27,0.19,568,86435.32,16422.7108,4401000,770,0,212510.17
2010-10-28,0.19,486,84474.86,16050.2234,4411950,644,0,198573.54
2010-10-29,0.19,467,53476.56,10160.5464,4423100,542,0,97225.29
2010-10-30,0.19,426,34370.03,6530.3057,4435700,463,0,71091.04
2010-10-31,0.19,307,47020.71,8933.9349,4444650,345,0,73856.13
2010-11-01,0.2,351,23230.01,4646.002,4453500,399,0,51107.25
2010-11-02,0.2,286,22931.53,4586.306,4462300,322,0,71326.09
2010-11-03,0.21,347,30740.13,6455.4273,4471800,407,0,66479.98
2010-11-04,0.27,342,125735.78,33948.6606,4481850,378,0,166847.7811
2010-11-05,0.24,442,35875.34,8610.0816,4492800,490,0,52959.83
2010-11-06,0.25,394,103454.33,25863.5825,4503700,447,0,137435.36
2010-11-07,0.34,451,28453,9674.02,4515750,486,0,101803.73
2010-11-08,0.47,515,416232.05,195629.0635,4529500,572,0.3901,513192.62
2010-11-09,0.36,409,28960.54,10425.7944,4540350,446,0,62617.22
2010-11-10,0.32,397,27588.55,8828.336,4550500,458,0,68695.56
2010-11-11,0.26,395,19380.39,5038.9014,4561450,442,0,52568.51
2010-11-12,0.24,286,13970.64,3352.9536,4569900,315,0,42139.8
2010-11-13,0.26,343,20010.91,5202.8366,4581050,373,0,49255.96
2010-11-14,0.3,416,30746.28,9223.884,4593850,457,0,48214.88
2010-11-15,0.3,4871,57937.59,17381.277,4603850,4210,0.144,271987.71
2010-11-16,0.28,9105,30316.41,8488.5948,4613700,3075,0,387881.26
2010-11-17,0.28,435,29685.35,8311.898,4626050,496,0,74432.52
2010-11-18,0.28,1494,29597.52,8287.3056,4638900,469,0,72348.46109
2010-11-19,0.29,9632,17368.99,5037.0071,4646400,402,0.0232,61898.82
2010-11-20,0.28,9731,44034.42,12329.6376,4652200,645,0.2828,164900.26
2010-11-21,0.29,10044,40807.08,11834.0532,4659200,578,0.3016,133036
2010-11-22,0.29,343,14162.29,4107.0641,4667350,418,0.1624,39553.35
2010-11-23,0.28,341,32754.61,9171.2908,4674350,411,0.1372,49632.13
2010-11-24,0.29,3936,24164.49,7007.7021,4683200,621,0.058,47459.08
2010-11-25,0.28,4983,38388.9,10748.892,4692250,668,0,59652.19
2010-11-26,0.28,1314,77918.35,21817.138,4701950,955,0.1036,98806.2
2010-11-27,0.29,445,18529.37,5373.5173,4710950,564,0.0058,33279.86
2010-11-28,0.28,454,12239.15,3426.962,4719550,542,0,32883.6
2010-11-29,0.28,454,31915.89,8936.4492,4730000,544,0.0084,45139.88
2010-11-30,0.28,454,53735.54,15045.9512,4740100,577,0.0028,69850.9
2010-12-01,0.26,512,37473.62,9743.1412,4749500,701,0.0104,64444.66
2010-12-02,0.23,460,38939.16,8956.0068,4758900,557,0.0138,70654.45
2010-12-03,0.25,384,23066.8,5766.7,4768350,481,0.0025,37032.74
2010-12-04,0.26,418,44605.42793,11597.41126,4779800,537,0.0028358902,76656.77198
2010-12-05,0.25,434,19234.66,4808.665,4791750,531,0.0075,33376.79
2010-12-06,0.23,465,66230.03598,15232.90828,4803800,564,0.0103930399,108080.0461
2010-12-07,0.23,573,57370.82129,13195.2889,4815750,745,0.0188936651,98801.29434
2010-12-08,0.23,523,16956.12,3899.9076,4827650,674,0.0092,41547.31529
2010-12-09,0.25,486,22356.56,5589.14,4838800,599,0.00997886,53642.58727
2010-12-10,0.23,373,12543.86,2885.0878,4846150,501,0.0161,33992.31
2010-12-11,0.21,550,33867.28,7112.1288,4854900,856,0.0246220758,88522.04703
2010-12-12,0.23,643,15748.2,3622.086,4863450,979,0.0364720476,56341.07645
2010-12-13,0.23,646,81781.40654,18809.7235,4870500,965,0.0716395904,185748.5597
2010-12-14,0.23,637,14767.32897,3396.485664,4878900,908,0.0112523797,121959.7315
2010-12-15,0.23,658,35432.97,8149.5831,4888850,895,0.0155090196,125685.1249
2010-12-16,0.25,531,18477.19,4619.2975,4897500,706,0.025892365,93390.50357
2010-12-17,0.25,462,13806.41574,3451.603936,4905800,604,0.058608235,71388.90119
2010-12-18,0.25,499,25904.97,6476.2425,4913850,688,0.01663391,91230.61674
2010-12-19,0.25,551,150483.53,37620.8825,4923050,741,0.0314112975,107220.9869
2010-12-20,0.26,932,26936.03104,7003.368071,4931000,1120,0.0174182242,91079.747
2010-12-21,0.27,630,56650.64,15295.6728,4940800,846,0.0297,111404.8296
2010-12-22,0.27,659,22677.21104,6122.846982,4948650,888,0.0479062404,90573.30952
2010-12-23,0.26,519,8427.72,2191.2072,4955900,822,0.0156,70159.65
2010-12-24,0.25,531,10587.62,2646.905,4963300,711,0.01957332,67806.30748
2010-12-25,0.25,634,14714.08,3678.52,4971700,914,0.01685763,120997.1074
2010-12-26,0.25,584,8531.09,2132.7725,4978950,843,0.0264112975,77289.93581
2010-12-27,0.27,526,52483.99,14170.6773,4987250,701,0.0206941959,99819.17496
2010-12-28,0.27,661,15434.12915,4167.214871,4995700,877,0.0279160209,65070.79396
2010-12-29,0.29,513,42456.84,12312.4836,5003950,696,0.0393662443,119098.5826
2010-12-30,0.3,593,25788.7,7736.61,5012400,797,0.027715656,73050.61239
2010-12-31,0.3,555,13557.47,4067.241,5020500,724,0.007005183,67516.47335
2011-01-01,0.3,659,12521.54,3756.462,5029550,,0.026745774,64296.12915
2011-01-02,0.3,569,23361.41,7008.423,5038300,740,0.026690469,55313.98267
2011-01-03,0.3,1128,25985.56,7795.668,5046100,1023,0.218476206,75404.52459
2011-01-04,0.3,979,11004.05078,3301.215235,5053150,907,0.009387273,47239.41684
2011-01-05,0.3,1310,18522.91,5556.873,5060850,1111,0.027862842,57126.41934
2011-01-06,0.3,694,14523.43,4357.029,5067900,842,0.024925803,39034.41227
2011-01-07,0.3,1020,20063.794,6019.1382,5076100,1005,0.016057536,64748.23689
2011-01-08,0.32,1436,27741.13235,8877.162351,5084600,1263,0.0056493856,67476.99
2011-01-09,0.32,1223,12830.59469,4105.790301,5092750,1132,0.0448,46433.19469
2011-01-10,0.32,1312,42137.80923,13484.09895,5100850,1187,0.0252303008,90249.67856
2011-01-11,0.33,1362,61592.57615,20325.55013,5109450,1257,0.0170033061,112912.8277
2011-01-12,0.33,1162,23577.93,7780.7169,5117800,1039,0.095899287,67528.74202
2011-01-13,0.36,1266,56324.26494,20276.73538,5127200,1152,0.0089779932,129371.1336
2011-01-14,0.42,1262,51798.77,21755.4834,5136250,1096,0.0272743254,94314.97653
2011-01-15,0.44,962,14321.01049,6301.244614,5144100,1171,0.0461731028,64901.40237
2011-01-16,0.4,931,38491.79255,15396.71702,5152800,1214,0.03451144,73530.1164
2011-01-17,0.4,830,28129.85654,11251.94262,5161850,1116,0.06322992,67407.33471
2011-01-18,0.4,818,66655.6,26662.24,5168900,1126,0.017007708,111932.7309
2011-01-19,0.38,917,36488.51608,13865.63611,5177350,1221,0.019,68255.26371
2011-01-20,0.35,924,23858.04965,8350.317376,5186650,1206,0.0410783345,61452.84684
2011-01-21,0.38,1166,25304.44202,9615.687966,5195350,1520,0.0229845888,69676.78496
2011-01-22,0.44,1422,30054.09292,13223.80089,5203600,1703,0.206463026,77926.62632
2011-01-23,0.43,1081,50205.95,21588.5585,5212100,1413,0.1543954517,88619.42091
2011-01-24,0.44,1319,22254.10897,9791.807949,5221500,1673,0.1012,78182.76788
2011-01-25,0.44,889,23406.65624,10298.92874,5229300,1166,0.0567860436,62414.47307
2011-01-26,0.43,1005,26913.7,11572.891,5238300,1251,0.0473,74679.76
2011-01-27,0.42,841,731892.97,307395.0474,5246300,1119,0.252,1043207.839
2011-01-28,0.43,1081,20526.9,8826.567,5254200,1403,0.0258,53940.26
2011-01-29,0.45,1347,16147.72,7266.474,5262250,1694,0.198880236,75666.96196
2011-01-30,0.45,2592,18560.69759,8352.313917,5270050,2852,1.269489546,398195.3587
2011-01-31,0.48,1393,45147.6,21670.848,5278550,1777,0.3648,197757.5798
2011-02-01,0.61,1013,69700.5,42517.305,5286750,1336,0.4825636068,129406.3419
2011-02-02,0.92,896,59986.9,55187.948,5294650,1127,0.046,121721.311
2011-02-03,0.82,789,43803.75,35919.075,5302650,989,0.2855155868,73734.07801
2011-02-04,0.78,954,29739.23,23196.5994,5312350,1169,0.0964068456,62850.19469
2011-02-05,0.89,832,43849.65049,39026.18893,5321300,1055,0.1408537407,78570.55206
2011-02-06,0.92,909,34724.02225,31946.10047,5330150,1102,0.1114358096,86672.50152
2011-02-07,0.92,892,117679.6467,108265.2749,5340300,1091,0.2902342768,164918.1963
2011-02-08,0.9,846,20586.35,18527.715,5348700,1092,0.159632928,75078.9846
2011-02-09,0.91,1227,63858.28639,58111.04061,5358300,1726,0.0596207248,137787.1548
2011-02-10,0.97,2034,35377.61624,34316.28775,5367600,3019,0.8564557576,226594.8124
2011-02-11,1.08,2355,50682.30083,54736.8849,5376900,3680,0.5390354196,261210.7697
2011-02-12,1.03,1912,24250.96,24978.4888,5386700,2872,0.7641254202,141510.4062
2011-02-13,1.09,1822,24429.99,26628.6891,5396600,2626,0.2616,114122.5582
2011-02-14,1.08,2006,49498.07,53457.9156,5406400,2829,2.9592,139976.3414
2011-02-15,1.08,2224,31035.39,33518.2212,5417650,2893,0.2629388844,103052.364
2011-02-16,1.08,2090,19232.76,20771.3808,5429250,2557,0.6372,73041.48015
2011-02-17,1.05,2250,19001.34,19951.407,5440800,3147,0.1296350265,105184.8551
2011-02-18,1.05,2056,42932.71049,45079.34601,5451400,2992,0.5565,129034.0237
2011-02-19,1.04,1583,20607.4967,21431.79657,5459450,2313,0.5616,185495.99
2011-02-20,1,1939,44346.16951,44346.16951,5469350,2752,0.2,225704.05
2011-02-21,0.94,1970,18361.62,17259.9228,5479050,2900,0.3854,238990.28
2011-02-22,0.88,2196,32426.09,28534.9592,5489600,3230,0.2248120336,357949.3255
2011-02-23,0.89,2263,27751.71,24699.0219,5501750,3287,0.3362898553,371700.0179
2011-02-24,0.95,2109,36492.38951,34667.77004,5512100,3083,0.159309984,229509.5377
2011-02-25,0.96,2060,29627.46,28442.3616,5523350,2959,0.3945326592,186897.1792
2011-02-26,1,1952,45425.8,45425.8,5537150,,0.56049575,178786.8805
2011-02-27,0.98,2269,84466.23951,82776.91472,5549350,3122,1.0584,201934.5286
2011-02-28,0.96,1720,44853.20055,43059.07253,5556850,2510,0.4971396192,132383.5079
2011-03-01,0.95,2729,230292.334,218777.7173,5563350,4420,0.4010460815,1039803.442
2011-03-02,0.97,2009,168600.636,163542.617,5571750,2979,0.448819,2444314.861
2011-03-03,0.95,3204,23146.48,21989.156,5581050,4402,6.73265,238003.5586
2011-03-04,0.94,1982,43852.28229,41221.14536,5592100,2802,0.677458,313547.4965
2011-03-05,0.93,2048,33557.3813,31208.36461,5605950,2923,2.234976019,142056.747
2011-03-06,0.92,2031,37667.0207,34653.65904,5619650,2870,4.78538,196699.2753
2011-03-07,0.91,1926,36585.37802,33292.69399,5630200,2857,5.439138141,217748.8867
2011-03-08,0.91,2440,60213.65352,54794.4247,5639550,3483,3.603600018,195532.3594
2011-03-09,0.9,1834,97860.92501,88074.83251,5647550,2849,2.977013673,252553.8028
2011-03-10,0.88,1661,159558.2976,140411.3019,5653050,2519,1.969736947,344107.4064
2011-03-11,0.89,1884,71428.59391,63571.44858,5659550,2579,5.858183943,254152.8103
2011-03-12,0.93,2956,72446.57991,67375.31931,5666550,2722,1.457250647,163502.2766
2011-03-13,0.92,2711,51892.4667,47741.06936,5672400,2490,1.624161514,211014.4266
2011-03-14,0.91,2643,149515.5714,136059.17,5678000,2161,1.662045157,213250.1643
2011-03-15,0.9,2854,77619.95467,69857.9592,5683600,2849,1.647179991,127120.4966
2011-03-16,0.9,3183,72857.87998,65572.09198,5690400,2541,1.629,160549.7218
2011-03-17,0.89,3367,80656.63359,71784.4039,5697450,2782,1.236559717,167574.4568
2011-03-18,0.87,2371,74908.8202,65170.67357,5703450,2541,1.175717991,176714.0442
2011-03-19,0.84,3189,50356.83,42299.7372,5709200,2751,1.039746078,124917.9678
2011-03-20,0.82,4076,49815.52526,40848.73071,5716050,4021,2.875804534,145785.0996
2011-03-21,0.79,5855,59769.38946,47217.81767,5723450,4196,6.84763543,158865.7972
2011-03-22,0.79,2238,75527.7558,59666.92708,5729400,3340,8.318858,210650.7993
2011-03-23,0.81,4570,116422.141,94301.93419,5737250,6112,15.62778579,262405.7836
2011-03-24,0.86,2164,88048.45049,75721.66742,5744850,3675,7.189799468,259392.1679
2011-03-25,0.9,1999,62536.1195,56282.50755,5753500,3421,4.72743,293846.9906
2011-03-26,0.89,3335,126483.1699,112570.0212,5760400,4144,4.102989,326133.1193
2011-03-27,0.9,2463,53706.15777,48335.54199,5767550,4110,5.69720943,152316.6123
2011-03-28,0.89,2931,64854.1925,57720.23133,5775950,4225,3.9961,143904.2025
2011-03-29,0.84,2718,55408.46233,46543.10836,5784100,3966,2.872884008,118250.8712
2011-03-30,0.8,1756,56812.81187,45450.24949,5791900,3024,3.30472,129980.5254
2011-03-31,0.8,2095,68386.75131,54709.40105,5801950,3556,3.2,147257.223
2011-04-01,0.8,1579,51114.44441,40891.55553,5810750,2714,3.6,87360.50827
2011-04-02,0.8,1772,53769.07,43015.256,5819750,2878,2.224320016,104015.4747
2011-04-03,0.8,1805,33600.8868,26880.70944,5828500,3089,3.60729064,90157.91813
2011-04-04,0.8,2309,90422.89693,72338.31754,5837400,3829,7.774283776,152885.2549
2011-04-05,0.77,2119,57774.7473,44486.55542,5847100,3576,4.104716,129618.835
2011-04-06,0.72,1864,39277.635,28279.8972,5854500,3212,3.528216007,93418.1983
2011-04-07,0.75,1677,65204.5129,48903.38467,5861850,2792,2.28015,117972.6552
2011-04-08,0.78,1767,57952.38967,45202.86395,5870150,3002,3.221478,136261.7461
2011-04-09,0.79,1733,60593.8401,47869.13368,5877950,3069,3.3259,149397.0801
2011-04-10,0.77,1744,48075.08433,37017.81493,5886600,2907,4.053040692,93657.95869
2011-04-11,0.76,1943,53776.95617,40870.48669,5894750,3239,3.372195726,95112.65255
2011-04-12,0.81,2077,74392.93753,60258.2794,5902900,3373,3.803378441,146482.5866
2011-04-13,0.92,2371,71271.59778,65569.86996,5912600,3658,3.735751991,187689.2439
2011-04-14,0.99,2881,88937.91987,88048.54067,5920600,5169,14.199669,153831.9802
2011-04-15,0.98,2018,54562.238,53470.99324,5927400,3162,2.45004261,107885.9693
2011-04-16,1.09,2154,174383.0413,190077.5151,5936050,3277,4.012165478,352374.0212
2011-04-17,1.09,2257,692979.4175,755347.5651,5945050,3549,2.378925,1309286.842
2011-04-18,1.11,3035,71201.13182,79033.25632,5952450,4471,3.635476429,135779.0472
2011-04-19,1.2,3598,1780027.776,2136033.332,5960150,5303,6.781538556,2656606.524
2011-04-20,1.19,2969,575392.35,684716.8965,5967350,4321,8.502438842,4794062.397
2011-04-21,1.2,1915,90075.57508,108090.6901,5974700,3329,4.04848056,439075.7517
2011-04-22,1.23,2097,116912.6756,143802.591,5983500,3411,6.5067,166548.2442
2011-04-23,1.38,2310,95176.96247,131344.2082,5992100,3854,7.274256,174675.3362
2011-04-24,1.65,2273,56265.15868,92837.51182,6000200,3668,11.24000173,109732.8223
2011-04-25,1.89,2592,46628.66214,88128.17145,6009800,4239,16.46807259,107530.161
2011-04-26,1.71,3455,67644.93682,115672.842,6019550,5159,8.753280337,187985.8879
2011-04-27,1.78,4580,95785.88081,170498.8678,6028700,6326,16.3967885,256709.1283
2011-04-28,2.12,3035,76874.3431,162973.6074,6036900,5070,14.05666,156965.0043
2011-04-29,2.66,3534,210222.1862,559191.0154,6046900,5637,19.74139453,786624.1106
2011-04-30,3.05,4473,294440.7286,898044.2223,6056350,6883,31.5349343,413703.6961
2011-05-01,4.14,3949,70136.0053,290363.062,6065300,6246,47.7418479,171302.6851
2011-05-02,3.95,3095,56009.69774,221238.3061,6075150,4894,19.01416852,129386.3165
2011-05-03,3.49,2935,107441.5975,374971.1754,6084950,5023,16.80847131,197749.1176
2011-05-04,3.51,2800,173453.7657,608822.7176,6094800,5060,22.33689325,289688.6635
2011-05-05,3.56,3464,85429.92632,304130.5377,6105750,5822,34.89103397,169843.6085
2011-05-06,3.52,3290,100967.6935,355406.2812,6116650,5777,26.70805847,291739.9731
2011-05-07,3.62,3887,94914.93415,343592.0616,6127350,6034,24.09118312,232716.118
2011-05-08,3.75,2898,77600.87991,291003.2997,6138300,5207,28.14722115,540879.7365
2011-05-09,3.91,3516,70924.97471,277316.6511,6150250,6069,42.73010058,164613.6181
2011-05-10,4.24,3151,112545.4325,477192.6339,6159400,5567,35.07234296,576795.9692
2011-05-11,5.41,3090,106482.7601,576071.7321,6168950,5601,43.40380796,185790.7406
2011-05-12,6.04,3361,102810.9457,620978.1123,6177400,5738,43.68933808,216345.3475
2011-05-13,6.55,4064,330602.4465,2165446.025,6187750,7459,76.37773355,463129.3321
2011-05-14,8.56,4414,705997.4932,6043338.542,6199850,7550,124.1736609,1799447.188
2011-05-15,8.82,3770,212591.9218,1875060.75,6210850,6879,131.8275097,322659.0598
2011-05-16,8.54,4349,133965.6522,1144066.67,6223200,9982,125.069335,290500.486
2011-05-17,8.47,4464,73660.24089,623902.2404,6236050,8950,116.9287378,226691.361
2011-05-18,8.27,5581,80456.28793,665373.5012,6250450,10834,162.5339587,195399.7848
2011-05-19,7.75,4663,57286.76858,443972.4565,6259000,10305,126.0755188,190120.0813
2011-05-20,7.28,4795,74631.38515,543316.4839,6270000,9754,127.2753587,356391.4212
2011-05-21,6.98,4964,411262.0247,2870608.933,6281000,9084,147.3547125,664953.826
2011-05-22,6.61,5282,253144.7515,1673286.808,6293600,9506,124.5371739,891263.9276
2011-05-23,6.81,5745,90987.81914,619627.0483,6307900,10231,121.9018975,472545.0481
2011-05-24,7.39,5865,65815.03901,486373.1383,6322850,11578,156.5227814,369324.0829
2011-05-25,7.27,6258,67464.72913,490468.5808,6338200,12714,151.5358166,397095.2558
2011-05-26,7.95,6967,86863.88477,690567.8839,6353000,12132,168.5871992,427705.1406
2011-05-27,9.23,4853,341354.7072,3150703.948,6361350,8881,127.7240308,544637.8603
2011-05-28,8.88,5013,46443.3835,412417.2455,6369100,9810,127.8869035,232708.3718
2011-05-29,8.68,4753,61534.8549,534122.5405,6378100,9193,120.47114,274981.8986
2011-05-30,8.62,5337,52505.86233,452600.5333,6385800,11089,161.1519722,276895.0295
2011-05-31,9.12,6063,72841.97541,664318.8157,6393300,11804,188.3175006,287589.0432
2011-06-01,9.47,6540,66931.69161,633843.1196,6402700,11928,228.1737184,280980.7902
2011-06-02,9.67,7136,90450.65237,874657.8084,6412200,12933,228.9722432,363323.8071
2011-06-03,11.46,8441,148606.4585,1703030.015,6422300,14972,300.9835625,622221.2662
2011-06-04,15.05,8811,86006.18177,1294393.036,6433500,16869,484.3045023,487408.4864
2011-06-05,17.79,8592,97454.09292,1733708.313,6443900,15506,424.1599415,563975.8718
2011-06-06,19.05,9703,104557.8792,1991827.599,6455550,17873,558.2212398,839081.6891
2011-06-07,19.19,9002,79402.93546,1523742.332,6464050,16136,558.9269492,534304.4433
2011-06-08,22.14,11815,199884.4401,4425441.503,6473300,21324,982.8678205,796871.8115
2011-06-09,31.81,12176,137385.3394,4370227.647,6484400,22685,1378.682453,782534.5141
2011-06-10,32.34,11269,130738.364,4228078.692,6495550,20979,1242.101786,932800.6231
2011-06-11,33.8,10897,122956.2634,4155921.704,6508150,20595,1195.109546,1487953.906
2011-06-12,28.8,12440,630341.7274,18153841.75,6519800,23112,1284.628367,1840113.992
2011-06-13,24.87,11246,166490.264,4140612.866,6531150,21838,916.9741222,1278971.567
2011-06-14,23.66,14158,272860.3691,6455876.334,6543500,26107,857.0960119,1548939.846
2011-06-15,20.75,12605,131456.6098,2727724.653,6557450,23970,831.5999055,4242648.185
2011-06-16,19.99,12746,170574.6903,3409788.06,6566450,24631,637.3981981,8770518.675
2011-06-17,19.82,11296,139840.183,2771632.427,6575750,22327,612.877363,1576402.728
2011-06-18,18.87,11563,84882.22352,1601727.558,6585600,22951,534.6146466,1267219.996
2011-06-19,17.6,11472,877152.443,15437883,6596750,23996,455.7099608,4573895.551
2011-06-20,18.51,11225,87441.48741,1618541.932,6608450,22601,375.3167711,1343736.111
2011-06-21,16.91,9704,119723.6466,2024526.864,6621100,21761,305.2991483,3323655.728
2011-06-22,15.39,11519,94913.68249,1460721.574,6634100,24061,274.1917996,1335096.936
2011-06-23,15.28,10418,493929.7748,7547246.958,6646100,21729,222.2563032,1634874.812
2011-06-24,16.18,10922,91307.37562,1477353.337,6656900,21877,265.367572,4785653.124
2011-06-25,16.95,9693,116145.4928,1968666.103,6664050,19567,396.9042061,10725139.38
2011-06-26,17.58,9985,77710.72973,1366154.629,6671500,19998,443.9407026,4051611.75
2011-06-27,17.63,11751,125950.009,2220498.659,6679950,25710,467.6701534,1877979.91
2011-06-28,17.89,10719,110481.1021,1976506.917,6687950,22438,355.0933439,6871645.449
2011-06-29,17.47,10002,77066.13678,1346345.41,6696550,21233,349.0576967,2785233.323
2011-06-30,17.35,9636,93641.50774,1624680.159,6706100,20208,307.0952429,1506367.728
2011-07-01,17.38,10603,96924.95368,1684555.695,6714750,26938,325.026299,1117797.922
2011-07-02,16.88,8018,88562.36582,1494932.735,6723200,29542,249.2534337,874963.5932
2011-07-03,16.3,8364,44411.54755,723908.2251,6731450,19736,217.5702464,578519.6251
2011-07-04,15.74,9604,77624.66661,1221812.252,6739950,20513,251.8674639,1363358.311
2011-07-05,15.65,8965,93064.58525,1456460.759,6746900,19584,294.3113545,414570.2644
2011-07-06,15.36,10519,75532.55781,1160180.088,6754750,22736,261.2290021,576694.7147
2011-07-07,16.44,9180,52432.60293,861991.9921,6761300,19681,230.4036362,472235.1569
2011-07-08,16.1,8528,50969.32452,820606.1247,6769550,21353,212.9265912,313015.0967
2011-07-09,15.49,7851,50565.00168,783251.8759,6777000,19626,200.9178427,2083212.751
2011-07-10,15.16,8392,61532.04764,932825.8423,6783850,25407,189.656017,2432216.551
2011-07-11,15.56,10523,61360.74268,954773.1561,6791700,22477,231.3380003,1014394.213
2011-07-12,15.07,8147,54404.74355,819879.4852,6798750,19827,192.6997289,1074465.264
2011-07-13,14.52,9193,55266.93989,802475.9672,6808300,24091,217.0818674,1435918.574
2011-07-14,14.14,8716,52839.88805,747156.017,6815500,25886,189.3703463,1931402.227
2011-07-15,14.15,8148,46182.38835,653480.7952,6823650,21625,238.501299,614868.1456
2011-07-16,14.25,8726,45155.98915,643472.8454,6831450,,152.070856,1245980.634
2011-07-17,14.07,8379,50042.07894,704092.0506,6839950,21649,170.7022544,571072.1805
2011-07-18,13.9,8976,201015.6672,2794117.774,6848450,21558,193.4098978,3310046.721
2011-07-19,13.93,9185,66351.3917,924274.8864,6855550,21575,206.8462892,2741633.678
2011-07-20,14.54,8863,54610.80816,794041.1507,6863000,22021,153.7346618,550679.8922
2011-07-21,14.02,8163,53698.16065,752848.2123,6870600,22186,126.2044614,1340310.038
2011-07-22,13.94,8991,65828.45507,917648.6637,6878150,21517,188.7609568,1559055.167
2011-07-23,13.93,7415,44437.95312,619020.6869,6885450,19426,107.374092,611320.3536
2011-07-24,13.93,8219,46679.94776,650251.6723,6893750,20587,142.1395496,549874.0948
2011-07-25,14.16,9485,70268.92212,995007.9372,6902000,23494,173.0470065,1442003.589
2011-07-26,14.66,8370,64124.48687,940064.9775,6910800,20483,114.843446,1188491.087
2011-07-27,14.34,7995,55166.92591,791093.7176,6919500,20996,127.4809708,1276712.789
2011-07-28,14.1,8119,106871.1545,1506883.279,6927250,22503,106.7683693,3400297.351
2011-07-29,13.95,7315,65826.68716,918282.2858,6935450,20037,99.44708183,697742.7524
2011-07-30,13.8,6209,48819.36457,673707.2311,6943050,17605,79.38036759,332213.2634
2011-07-31,14.06,8099,55237.30917,776636.567,6951800,21881,95.78603067,603028.0191
2011-08-01,14.58,8195,87455.28808,1275098.1,6960050,21068,112.6704279,549068.1
2011-08-02,13.53,8817,70126.07588,948805.8067,6967750,18784,101.1194156,405232.6472
2011-08-03,13.37,7737,94046.22459,1257398.023,6975600,15066,110.4901347,415841.6822
2011-08-04,12.71,8307,84481.76984,1073763.295,6982050,15847,102.8495375,325246.9561
2011-08-05,11.5,7360,115882.8625,1332652.919,6989050,19056,73.34066936,500904.0565
2011-08-06,11.42,6834,102229.7602,1167463.862,6995150,17405,276.6189234,385468.1023
2011-08-07,10.71,6710,101076.7253,1082531.727,7001450,17704,77.21354526,370766.7092
2011-08-08,9.58,7267,168665.8743,1615819.076,7008250,18340,76.71710415,1044626.762
2011-08-09,9.66,9219,70788.51597,683817.0643,7015550,20710,113.6885421,2488023.756
2011-08-10,11.76,8335,61312.71652,721037.5463,7023150,16663,126.3788295,1148112.956
2011-08-11,10.65,7596,60444.91505,643738.3452,7030000,15400,80.43735067,491162.6132
2011-08-12,10.35,7165,56558.48088,585380.2771,7036550,14112,79.42460615,345156.3348
2011-08-13,9.93,7398,,,7043050,16697,68.44257088,310575.9966
2011-08-14,10.34,7471,,,7049650,18601,109.5817314,455081.4689
2011-08-15,11.4,8379,,,7056100,16081,112.5881209,339976.1576
2011-08-16,11.77,9640,,,7063450,17699,121.0078635,368317.9419
2011-08-17,11.36,7722,,,7070250,17089,78.29912251,329856.92
2011-08-18,11.39,7415,,,7077450,18093,71.11532248,407482.6831
2011-08-19,11.7,7614,,,7084000,19350,92.62784115,562663.5701
2011-08-20,11.81,7191,,,7091600,18706,82.54679466,232221.7486
2011-08-21,11.75,7667,,,7099600,20093,70.52736305,250898.2681
2011-08-22,11.57,7815,,,7108050,22198,87.38762491,281690.9114
2011-08-23,11.5,7277,,,7115800,19780,94.99453169,447471.4266
2011-08-24,11.47,7367,,,7122500,19095,104.8549891,566392.5134
2011-08-25,11.3,7241,,,7129250,19879,68.4892687,380374.5867
2011-08-26,10.81,7421,,,7136600,17687,50.90348455,285006.6564
2011-08-27,10.01,6361,1123227.393,11243506.2,7142700,16982,50.33234847,2711595.262
2011-08-28,9.2,5589,38793.38519,356899.1437,7148500,16263,41.63535182,189234.7951
2011-08-29,9.48,8094,48569.3741,460437.6664,7155400,16529,50.75868475,244084.5883
2011-08-30,9.4,7804,45284.68488,425676.0379,7162700,15081,93.08362107,244186.9037
2011-08-31,9.11,7292,51521.38114,469359.7822,7170450,14533,54.42870639,271912.1193
2011-09-01,8.87,7203,57041.28979,505956.2404,7176900,14081,50.26787471,335267.9316
2011-09-02,8.46,7026,55643.08534,470740.5019,7184700,13795,58.72167394,261134.6914
2011-09-03,8.55,5925,41276.58895,352914.8355,7191950,12341,33.03531874,231609.6716
2011-09-04,8.69,7258,73916.74158,642336.4844,7198650,15131,86.41877674,1745298.413
2011-09-05,8.56,7039,82621.74987,707242.1789,7206450,15423,61.75957542,2273546.533
2011-09-06,8.27,7830,81373.3292,672957.4324,7214000,15718,57.67321998,3155558.041
2011-09-07,7.64,7090,146094.4412,1116161.531,7220800,14155,71.12464372,636171.356
2011-09-08,7.53,6497,64688.80333,487106.6891,7227250,13070,37.88700976,394870.5484
2011-09-09,7.23,7376,141908.1401,1025995.853,7234950,14345,56.78765297,408168.7754
2011-09-10,6.76,5993,61160.84694,413447.3253,7241600,12320,40.11139504,271813.2532
2011-09-11,6.49,6443,767743.29,4982653.952,7247850,12860,33.23698155,1019854.454
2011-09-12,7.32,6575,90044.90919,659128.7353,7254500,13591,40.45542804,627477.154
2011-09-13,6.88,6519,58615.64132,403275.6123,7261600,12622,30.01150325,358543.6121
2011-09-14,6.19,6200,74521.48463,461287.9898,7268900,12408,24.46891073,302619.0245
2011-09-15,5.92,6474,79422.40293,470180.6254,7276700,12988,47.44495224,299226.1306
2011-09-16,5.58,6209,82696.85325,461448.4411,7282650,12059,28.02191268,674606.8613
2011-09-17,5.18,5454,68238.16652,353473.7026,7289350,10988,27.91368745,354198.9458
2011-09-18,5.02,5986,58428.07802,293308.9517,7297250,12230,27.4014816,298884.6841
2011-09-19,5.14,6653,71584.0397,367941.9641,7303600,13227,30.59673608,334755.3346
2011-09-20,5.89,8145,86507.65596,509530.0936,7310600,18674,38.69743288,353525.56
2011-09-21,6.67,7684,114915.8119,766488.4654,7317900,13718,34.86451121,395955.031
2011-09-22,6.18,6139,74489.18901,460343.1881,7325300,15221,23.94957636,311078.8271
2011-09-23,5.8,6328,70031.45714,406182.4514,7331950,17920,25.1453954,345135.8795
2011-09-24,5.7,5728,59277.23125,337880.2182,7338400,,39.902738,232089.6192
2011-09-25,5.62,5722,57064.51227,320702.559,7345250,17371,20.1046259,296179.7223
2011-09-26,5.49,5639,61650.79994,338462.8917,7351950,15796,16.7153991,285184.6116
2011-09-27,5.38,6101,86158.03501,463530.2284,7358600,16396,25.16870836,430127.0496
2011-09-28,5.1,6017,60844.99179,310309.4581,7365950,11834,22.3330326,357739.1789
2011-09-29,4.95,5589,51969.99511,257251.4758,7372200,10937,16.85081807,333784.4906
2011-09-30,4.94,5865,61262.50145,302636.7572,7378300,11283,18.06562016,292434.2118
2011-10-01,5.34,5374,75907.6066,405346.6193,7385450,10633,20.6028924,419136.9343
2011-10-02,5.27,5035,50809.54695,267766.3124,7391500,9967,18.0288779,322246.9086
2011-10-03,5.14,6521,59371.62019,305170.1278,7398750,11909,47.60494078,408665.9201
2011-10-04,5.06,5809,78435.0055,396881.1278,7404350,11300,19.03881292,419368.9963
2011-10-05,5.03,5771,87804.70188,441657.6505,7411600,11675,25.83782101,407553.1822
2011-10-06,5,5912,143835.6354,719178.177,7418000,11840,40.46980275,535348.9596
2011-10-07,4.91,5674,143590.2055,705027.9088,7424900,11509,24.88164448,382974.5855
2011-10-08,4.79,5402,67601.75489,323812.4059,7430850,10489,16.14604367,283462.4039
2011-10-09,4.54,5457,70842.50009,321624.9504,7437200,10536,13.33971615,304072.6116
2011-10-10,4.36,5882,64407.90358,280818.4596,7443350,11354,14.67586604,317196.0916
2011-10-11,4.23,5930,86397.76162,365462.5316,7448000,11528,23.1958876,333061.8957
2011-10-12,4.16,5949,69646.6146,289729.9167,7454000,11384,19.40355689,321810.743
2011-10-13,4.26,4984,73167.76003,311694.6577,7458850,9707,19.34875995,304776.0707
2011-10-14,4.37,6111,88606.87508,387212.0441,7465800,11513,15.88508158,277350.76
2011-10-15,4.1,5579,70557.93268,289287.524,7472500,10932,13.84668888,383042.9022
2011-10-16,4.01,4981,65366.5875,262120.0159,7478450,9703,13.48536831,261317.3269
2011-10-17,3.87,5781,141149.8492,546249.9163,7484350,11314,17.59744531,486050.8165
2011-10-18,3.55,4863,89157.24876,316508.2331,7490350,9916,10.99810089,343805.5474
2011-10-19,2.84,5130,115125.3398,326955.9652,7497000,10071,9.367257086,308497.9508
2011-10-20,2.59,4649,97412.86739,252299.3265,7502750,9169,15.6266665,298476.8963
2011-10-21,2.49,5206,98445.82338,245130.1002,7508800,10025,6.815836562,567714.1008
2011-10-22,2.86,5114,102491.239,293124.9434,7513700,9824,8.048009884,566544.4769
2011-10-23,3.31,5608,104616.401,346280.2874,7519100,10766,10.35938191,570977.9626
2011-10-24,3.32,5934,122965.7727,408246.3652,7525450,11426,11.64304847,369953.8451
2011-10-25,3.16,5226,92759.63769,293120.4551,7531900,10847,9.212510961,381484.7423
2011-10-26,3,5272,121408.6469,364225.9406,7537750,10186,9.26269602,429847.4924
2011-10-27,2.92,4677,75397.77497,220161.5029,7542750,9205,7.838725692,508366.1253
2011-10-28,3.1,5118,132052.322,409362.1982,7548000,9929,9.435679467,453279.8958
2011-10-29,3.39,5698,199128.8591,675046.8325,7553700,10704,12.13313402,456930.5983
2011-10-30,3.78,4878,57850.47973,218674.8134,7559200,9209,12.44583254,195281.1594
2011-10-31,3.59,5182,117600.088,422184.316,7565750,9983,11.29540799,389442.423
2011-11-01,3.38,5777,107841.0934,364502.8957,7573250,10579,16.59928089,539837.8183
2011-11-02,3.37,5991,134450.5097,453098.2177,7580950,10787,11.14519451,409010.2871
2011-11-03,3.41,6253,112209.9575,382635.9552,7587200,10696,9.91978473,355587.8559
2011-11-04,3.28,6540,141276.534,463387.0314,7594550,12456,11.04258717,400492.8248
2011-11-05,3.22,5928,97705.39761,314611.3803,7601850,11062,13.15362768,291981.049
2011-11-06,3.17,5034,68335.88625,216624.7594,7609050,9719,7.646497399,229666.8945
2011-11-07,3.04,5496,74731.50893,227183.7872,7615650,10242,10.58598753,269280.2995
2011-11-08,3.07,5994,165514.3688,508129.1123,7623100,11275,18.11650671,1120622.474
2011-11-09,3.19,6448,284325.4526,906998.1938,7631150,11835,15.31447254,979476.5742
2011-11-10,3.09,6541,143681.7723,443976.6765,7638200,11906,10.49721223,361640.3755
2011-11-11,3,4733,122173.4116,366520.2347,7643900,9129,6.20067036,292750.9453
2011-11-12,3.03,5487,129795.5676,393280.5697,7651300,10466,11.1123628,279773.1529
2011-11-13,3.11,5374,68369.85887,212630.2611,7658500,10130,9.001344841,250028.4811
2011-11-14,3.08,5908,167542.6791,516031.4517,7665650,10912,8.601737082,357027.2283
2011-11-15,2.95,6106,158131.4591,466487.8043,7673900,11428,8.590666208,360426.9319
2011-11-16,2.67,6048,1482580.406,3958489.684,7680650,10803,10.06525453,2032325.795
2011-11-17,2.6,4959,3081420.661,8011693.718,7687600,9659,7.404269262,3280853.366
2011-11-18,2.55,5169,2393532.267,6103507.281,7694250,10146,8.560163289,5073381.67
2011-11-19,2.37,4724,2827419.4,6700983.978,7700400,8109,7.418622111,4126706.468
2011-11-20,2.35,5125,162991.4384,383029.8802,7707550,8506,9.451138514,1540434.703
2011-11-21,2.45,4770,4714677.139,11550958.99,7713450,8063,8.130314686,1695823.212
2011-11-22,2.3,5491,5198222.272,11955911.23,7720450,9044,13.5137478,3594803.509
2011-11-23,2.36,5598,1168101.133,2756718.673,7727150,8817,8.34144563,1569836.875
2011-11-24,2.4,5018,183266.2702,439839.0485,7732800,8288,9.858899616,1517074.787
2011-11-25,2.48,5486,189433.4393,469794.9294,7739550,9369,11.41206358,1088524.813
2011-11-26,2.55,4752,172277.9515,439308.7763,7745550,7999,7.29958869,1603286.108
2011-11-27,2.52,5061,1094943.958,2759258.775,7751250,8501,6.480311972,1800608.234
2011-11-28,2.51,5930,2674730.522,6713573.61,7757600,9949,7.982970689,4013831.088
2011-11-29,2.64,6431,3007337.788,7939371.761,7764550,11231,13.12462655,3946953.158
2011-11-30,2.98,6840,7483620.381,22301188.74,7772600,10954,12.73896873,6586945.081
2011-12-01,3,6352,1671442.139,5014326.417,7781700,11078,21.23937738,2124335.455
2011-12-02,3.14,6318,4680989.802,14698307.98,7789000,10573,16.03292927,5491730.465
2011-12-03,3.14,5631,3685137.565,11571331.95,7796600,9455,17.80137479,3502240.425
2011-12-04,3.1,5385,2783782.652,8629726.222,7803400,9284,9.784131216,2950081.794
2011-12-05,2.98,6237,2822094.182,8409840.661,7811300,10376,12.19057011,2968213.927
2011-12-06,2.96,7978,5838110.268,17280806.39,7819850,12283,14.82119982,6903856.501
2011-12-07,3.06,6135,5759853.142,17625150.61,7826750,9967,12.70633843,5610246.426
2011-12-08,3.09,5820,3403173.294,10515805.48,7834950,9560,8.941878307,4592747.969
2011-12-09,3.09,5588,900323.6902,2782000.203,7842300,9378,9.452449637,2014674.792
2011-12-10,3.04,5678,320644.4358,974759.0848,7849500,9451,9.423127064,1129167.931
2011-12-11,3.12,5261,302281.2492,943117.4975,7857100,8796,955.3426064,869506.6727
2011-12-12,3.37,4862,322280.8024,1086086.304,7863450,8547,597.5792687,741515.0925
2011-12-13,3.33,5406,144261.2392,480389.9266,7870050,9606,13.50029203,354438.0559
2011-12-14,3.29,5692,144701.2659,476067.1648,7877700,9481,13.05190067,435169.1298
2011-12-15,3.26,4850,151778.6933,494798.5403,7883300,7800,25.61713474,453661.7172
2011-12-16,3.2,5334,182684.8636,584591.5635,7889250,8457,9.826209312,503142.2815
2011-12-17,3.23,4823,145312.6886,469359.9841,7896700,7831,12.31267896,345442.7252
2011-12-18,3.23,4632,80674.35735,260578.1743,7903900,8017,10.54451882,332854.3519
2011-12-19,3.36,5844,173288.2202,582248.4199,7911850,9898,14.69556238,485365.3382
2011-12-20,3.89,6295,230724.6199,897518.7716,7918550,10326,23.81765913,532264.0865
2011-12-21,4.41,5577,183421.9825,808890.9427,7926000,9152,26.44940793,579749.0094
2011-12-22,4.08,5859,146192.772,596466.5099,7933400,9649,19.31597076,438479.1697
2011-12-23,3.98,5682,112634.1197,448283.7965,7940500,9532,17.29650517,271718.3963
2011-12-24,3.95,4658,85822.48415,338998.8124,7947750,7872,9.420277738,314191.0937
2011-12-25,4.06,5286,83212.08568,337841.0679,7956450,9007,19.19737026,306629.2871
2011-12-26,4.37,5641,113895.4582,497723.1523,7965300,9349,15.10919433,704726.364
2011-12-27,4.25,5211,94848.04087,403104.1737,7972550,8865,14.45378178,674356.1436
2011-12-28,4.09,5000,111093.1581,454371.0168,7980300,8370,13.90487051,283396.8263
2011-12-29,4.22,5212,135715.2999,572718.5655,7987200,8976,18.63275957,509028.1822
2011-12-30,4.32,5051,117424.3102,507273.02,7994300,8259,17.40636739,285359.0462
2011-12-31,4.47,5137,85946.6666,384181.5997,8001850,8198,18.41018558,270535.6063
2012-01-01,5.04,5001,201609.0483,1016109.603,8009500,8531,18.51638438,347503.7461
2012-01-02,5.27,5410,142482.5341,750882.9546,8017050,8928,35.98932464,262630.4326
2012-01-03,5.45,5773,110788.6684,603798.2429,8025000,9528,30.56012879,270742.972
2012-01-04,5.37,5731,139580.3054,749546.2402,8032450,9542,78.08276795,400594.0259
2012-01-05,5.8,6994,278373.9882,1614569.131,8039800,11636,44.69720311,690507.1631
2012-01-06,6.6,6644,175090.1803,1155595.19,8048350,11057,46.9572739,612913.5521
2012-01-07,7.17,5905,102288.1767,733406.2273,8057550,9897,33.44639617,319299.8647
2012-01-08,7.06,6404,112441.1252,793834.3438,8065700,10661,28.2705345,358241.7547
2012-01-09,7.2,6112,187821.4322,1352314.312,8073900,10270,49.56424409,449033.5845
2012-01-10,7.13,6677,122488.962,873346.2991,8080950,11358,39.6264872,393176.491
2012-01-11,6.95,7139,124083.6085,862381.0793,8088600,11775,47.46534095,392406.172
2012-01-12,7.1,6696,130996.0096,930071.6685,8096350,10691,294.0984285,363660.1583
2012-01-13,6.96,6847,176637.1378,1229394.479,8103350,11166,315.064547,410308.256
2012-01-14,6.83,6807,136342.6136,931220.051,8110850,11493,92.00751608,345430.7786
2012-01-15,6.81,6312,89864.92774,611980.1579,8117800,10178,96.56980571,275751.5701
2012-01-16,7.04,6965,164179.8312,1155826.011,8126500,11532,324.5706485,436444.1702
2012-01-17,7.14,6761,204716.3545,1461674.771,8134400,11172,64.59325879,442452.6258
2012-01-18,6.97,6647,126640.7923,882686.3225,8140800,11230,77.71347926,377649.7613
2012-01-19,6.79,6902,185640.9331,1260501.936,8148300,11554,190.2214296,403258.4784
2012-01-20,6.37,6780,128003.275,815380.8619,8155550,10999,158.0544083,364501.0972
2012-01-21,6.57,6366,88860.8062,583815.4967,8163750,10374,31.55235076,307330.2574
2012-01-22,6.51,5325,71723.36178,466919.0852,8170550,8947,21.63574016,276740.4402
2012-01-23,6.41,6100,83232.57545,533520.8086,8179050,10480,39.13424963,289067.1572
2012-01-24,6.47,7268,167485.0215,1083628.089,8186000,11684,76.95432305,384665.6377
2012-01-25,6.5,7961,166343.2553,1081231.16,8193400,12953,55.74133487,422796.0505
2012-01-26,6.39,6598,153039.2668,977920.9147,8200300,11011,62.01845012,421377.3322
2012-01-27,6.08,6337,130135.441,791223.4813,8207350,10766,139.8124103,360852.3027
2012-01-28,5.7,5910,112091.3967,638920.9611,8214600,10203,53.21997603,254713.2648
2012-01-29,5.75,6426,112049.3616,644283.8293,8222950,10694,1270.091933,351192.8499
2012-01-30,5.72,6153,90882.97883,519850.6389,8231550,10641,166.8521035,333595.6782
2012-01-31,5.61,6925,106081.3413,595116.3249,8239050,11903,41.38330501,345237.7077
2012-02-01,5.65,6502,166008.5287,937948.1872,8246100,11456,28.94246417,435407.6148
2012-02-02,5.77,7164,135343.9815,780934.7735,8254050,12431,70.11562168,376869.1726
2012-02-03,6.19,7050,136378.3937,844182.2567,8261950,12425,44.30606272,385849.423
2012-02-04,6.11,7237,145403.7368,888416.8321,8269800,12232,54.58740489,366071.348
2012-02-05,5.99,6774,118970.4162,712632.7933,8276900,11451,27.81999655,346103.094
2012-02-06,5.92,6136,135459.3085,801919.1064,8284200,10597,25.45930525,324839.7678
2012-02-07,5.77,7012,116381.1921,671519.4784,8291050,11419,38.9464914,321202.6706
2012-02-08,5.74,7024,113517.314,651589.3821,8298300,11594,29.92486468,309649.2248
2012-02-09,5.84,7488,89959.41793,525363.0007,8305550,12023,43.4406613,276583.0172
2012-02-10,5.83,8456,113928.6413,664203.9785,8312450,12577,26.02322951,323286.8601
2012-02-11,5.94,7679,149844.5175,890076.434,8319950,11710,24.03045907,458101.2121
2012-02-12,5.96,7030,120876.5686,720424.3489,8327850,11267,24.69771039,326236.931
2012-02-13,5.82,7992,214719.7369,1249668.869,8334700,12755,31.24768977,428908.0905
2012-02-14,5.69,9489,332868.1594,1894019.827,8341600,14360,90.21241966,1352875.865
2012-02-15,5.43,9337,466114.1186,2530999.664,8348300,14247,34.85550699,1344784.086
2012-02-16,4.84,9537,260498.0996,1260810.802,8355200,14682,50.03803639,1606238.081
2012-02-17,4.74,6778,188384.456,892942.3213,8362800,11012,17.74648321,980044.443
2012-02-18,4.7,6516,132781.6262,624073.6433,8371350,11467,17.58019166,705524.7506
2012-02-19,4.46,5958,93116.85069,415301.1541,8379250,10566,11.91550784,396081.7027
2012-02-20,4.38,6339,124439.3741,545044.4585,8386250,11159,18.28828025,436470.0407
2012-02-21,4.5,6420,129796.6483,584084.9174,8392700,11225,15.60608001,394178.9914
2012-02-22,4.46,7194,145463.9415,648769.1789,8400650,12304,15.82601841,787405.7135
2012-02-23,4.63,8014,144677.6951,669857.7281,8408950,13499,24.52148601,692032.4885
2012-02-24,4.99,6930,195684.9366,976467.8338,8416400,12250,22.26103985,582589.0271
2012-02-25,5.17,6306,168493.4728,871111.2544,8424650,11022,17.59571775,422153.7952
2012-02-26,5.05,5821,96989.27178,489795.8225,8432150,10374,19.41730308,347126.3854
2012-02-27,5.02,6735,121501.1589,609935.8175,8439850,11537,30.1031316,377087.2734
2012-02-28,5.08,6725,122371.2774,621646.0894,8447850,12245,19.76534386,378837.633
2012-02-29,4.98,6719,119498.9239,595104.6411,8456800,12043,17.85783329,338421.948
2012-03-01,4.92,6811,235966.4155,1160954.764,8464350,11932,34.39594809,665437.8012
2012-03-02,4.99,7645,210668.6148,1051236.388,8471050,13076,24.8110274,566902.2281
2012-03-03,4.94,5187,134733.4469,665583.2274,8476700,9575,12.57204361,386748.7411
2012-03-04,4.81,6591,92806.75503,446400.4917,8483550,12059,23.48611091,685564.112
2012-03-05,4.93,6979,104994.1254,517621.0383,8490800,12553,26.19063304,381113.997
2012-03-06,5.04,6368,134788.154,679332.296,8497650,11618,26.48952644,362054.0944
2012-03-07,5.05,6635,125157.0345,632043.0242,8505350,11938,21.77750375,381751.5994
2012-03-08,5.05,6637,125216.1267,632341.44,8513150,12185,21.87544754,528367.6359
2012-03-09,4.99,6502,122665.8502,612102.5923,8521550,11952,24.90609908,598061.396
2012-03-10,4.95,5370,94988.47414,470192.947,8529800,10033,22.74375357,392855.665
2012-03-11,4.95,5223,101333.4769,501600.7107,8536500,9876,15.37156724,431371.2054
2012-03-12,4.98,6141,122475.384,609927.4123,8544800,11290,19.7372087,606233.9746
2012-03-13,5.07,7395,175756.8517,891087.2381,8552800,12963,64.93461418,534531.9264
2012-03-14,5.42,6895,175448.6734,950931.8097,8559650,12218,29.19742287,611616.6004
2012-03-15,5.45,6284,129261.4189,704474.7332,8565700,11360,20.21186717,492864.2161
2012-03-16,5.44,6935,149658.1346,814140.2524,8573350,12250,48.51367253,508432.0258
2012-03-17,5.4,6876,92712.10959,500645.3918,8581850,12429,20.62476292,468179.5611
2012-03-18,5.4,6039,98116.42241,529828.681,8589850,10952,18.34242311,379449.6437
2012-03-19,5.36,6652,146298.3945,784159.3946,8597000,11570,24.08722231,458988.892
2012-03-20,5.23,6834,166994.0455,873378.8582,8605000,12143,38.13166243,502954.4242
2012-03-21,4.95,7000,176283.4419,872603.0373,8612900,12485,20.15798648,515344.0297
2012-03-22,4.87,6587,151253.4982,736604.5364,8620800,12135,17.45625436,761881.519
2012-03-23,4.87,6156,130534.3921,635702.4898,8627100,10784,23.45892256,899181.8359
2012-03-24,4.81,6371,108977.5467,524181.9997,8636250,10955,75.76211303,821356.5427
2012-03-25,4.73,6216,157024.2439,742724.6734,8644150,10624,35.02807602,424011.0906
2012-03-26,4.7,6619,158007.2811,742634.2212,8651700,11761,19.03889381,535238.1318
2012-03-27,4.74,6666,151787.6837,719473.6208,8659500,11792,22.97518176,575018.415
2012-03-28,4.77,7239,149775.8967,714431.0272,8667000,12531,25.6455121,691100.7649
2012-03-29,4.85,7518,180379.0704,874838.4916,8674050,12927,23.51126633,1205888.066
2012-03-30,4.85,6828,139544.485,676790.7524,8681750,11737,22.9466335,988434.3593
2012-03-31,4.86,6192,129300.8574,628402.167,8690250,10981,24.3355441,883701.6333
2012-04-01,4.94,5563,97609.5192,482191.0248,8697350,9862,20.67292835,623404.5748
2012-04-02,4.97,6472,191351.95,951019.1916,8703150,11210,27.87355472,703032.1475
2012-04-03,5.06,7739,162582.0554,822665.2003,8709800,13314,28.28751908,824059.658
2012-04-04,5,7143,200725.6291,1003628.146,8716650,12518,25.797735,767659.1452
2012-04-05,4.96,7028,135008.9629,669644.4557,8722500,12119,25.0467473,943391.5058
2012-04-06,4.95,6699,208321.0881,1031189.386,8729300,11820,29.23137756,591961.5428
2012-04-07,4.96,6080,114536.5794,568101.4338,8735750,,18.86048382,347464.7823
2012-04-08,4.94,5915,89057.35363,439943.3269,8743250,10835,20.71531992,1263160.479
2012-04-09,4.8,6617,362581.5874,1740391.62,8750550,11654,20.42941738,1642155.445
2012-04-10,4.82,8468,248525.6773,1197893.765,8757900,13537,40.85648529,830066.565
2012-04-11,4.9,7858,196340.1077,962066.5275,8764950,14008,29.43865203,1518655.987
2012-04-12,4.91,8290,242084.8778,1188636.75,8771300,14109,31.49513407,1285753.94
2012-04-13,4.97,7223,209357.3523,1040506.041,8777500,12315,22.66699713,852817.6848
2012-04-14,4.97,7845,165671.8782,823389.2346,8784400,13106,29.02088568,982168.6592
2012-04-15,5.02,7371,100141.856,502712.1171,8789750,12278,19.08404234,1278078.632
2012-04-16,4.98,8577,228162.7329,1136250.41,8797250,14672,30.61359792,1619772.032
2012-04-17,4.99,7805,178400.4223,890218.1071,8804000,13656,33.8175297,1139507.176
2012-04-18,5.06,8580,198351.0131,1003656.126,8810500,14652,32.99817961,1039840.075
2012-04-19,5.18,7900,239178.2386,1238943.276,8818350,13400,32.24105048,694079.6734
2012-04-20,5.19,8285,301353.932,1564026.907,8826050,14597,55.47473872,2864389.57
2012-04-21,5.24,7201,203116.0746,1064328.231,8833750,12406,36.3788638,1227983.957
2012-04-22,5.44,6354,166921.4457,908052.6648,8840750,11365,27.54044097,954638.2594
2012-04-23,5.3,7104,137231.4209,727326.5308,8847500,12625,24.04505166,784560.5998
2012-04-24,5.21,7660,173499.9184,903934.5748,8854400,13263,34.80287278,749693.4413
2012-04-25,5.19,7557,203739.0104,1057405.464,8860750,13544,32.08341344,1018495.213
2012-04-26,5.16,10099,224586.6392,1158867.058,8868500,14837,67.36106283,1857826.468
2012-04-27,5.17,7195,168066.7337,868905.0133,8875250,13007,37.79277181,1467996.927
2012-04-28,5.13,7427,140134.4927,718889.9475,8882850,12431,38.00940187,889247.3966
2012-04-29,5.09,7729,168285.5964,856573.6857,8891800,12516,22.02625319,989035.5879
2012-04-30,5.01,9413,141584.763,709339.6627,8900750,15186,26.82692691,1104689.061
2012-05-01,5,10208,180908.1514,904540.757,8909250,15590,36.71701085,1090850.284
2012-05-02,5.04,9978,210319.0851,1060008.189,8916750,15556,40.68528116,1083940.565
2012-05-03,5.18,14002,165785.4042,858768.3939,8924600,17694,64.06073744,1216898.066
2012-05-04,5.18,14098,187692.2674,972245.945,8932650,17784,61.48736478,1126674.244
2012-05-05,5.15,12998,154427.9554,795303.9703,8941000,16230,42.34136947,1204600.832
2012-05-06,5.14,11150,206138.1979,1059550.337,8949200,15256,39.40034027,658919.7296
2012-05-07,5.1,18247,227327.7775,1159371.665,8957700,20276,73.4034994,2193131.724
2012-05-08,5.1,17719,229787.8195,1171917.879,8966500,19584,76.34162853,3898869.82
2012-05-09,5.1,17245,282635.2017,1441439.529,8974800,20110,79.02364733,2356469.564
2012-05-10,5.1,11782,221042.8363,1127318.465,8981250,16147,46.34750434,1200673.555
2012-05-11,5.1,19061,271812.4715,1386243.605,8988400,21107,65.52189121,1539746.739
2012-05-12,5.02,18326,185906.6426,933251.3459,8994800,19032,57.81360042,3202564.879
2012-05-13,5,14737,135586.5765,677932.8825,9001800,17073,63.4083685,1509618.599
2012-05-14,5.01,28349,224047.3306,1122477.126,9008750,27775,148.6228,2306925.084
2012-05-15,5.05,22235,256654.854,1296107.013,9015250,22549,109.1021157,3742452.936
2012-05-16,5.09,18078,203025.1538,1033398.033,9021300,20227,68.26928372,3437743.036
2012-05-17,5.1,16935,226160.557,1153418.841,9027100,18420,60.81773628,3456116.181
2012-05-18,5.13,24481,219896.5728,1128069.418,9034350,21855,89.09490985,1876206.406
2012-05-19,5.13,35404,197347.5873,1012393.123,9041800,26811,175.879409,1232620.027
2012-05-20,5.14,31460,236304.5791,1214605.537,9048700,24706,104.0572713,2019018.753
2012-05-21,5.15,31604,250850.3488,1291879.296,9055000,25443,102.3329065,3818667.697
2012-05-22,5.14,23480,274201.7155,1409396.818,9060750,22280,66.05517237,4062364.558
2012-05-23,5.13,27432,242758.1309,1245349.211,9067250,24036,111.7574123,1806509.401
2012-05-24,5.18,26589,170269.3809,881995.3929,9073500,23103,106.7216577,1128648.658
2012-05-25,5.21,28999,203562.0936,1060558.508,9079550,24344,100.4357162,2438067.357
2012-05-26,5.15,23279,149408.0275,769451.3417,9086650,20731,81.68341947,4831935.953
2012-05-27,5.15,26447,216231.0034,1113589.668,9094600,21644,109.8163429,2022237.628
2012-05-28,5.15,29888,197624.813,1017767.787,9101700,24094,106.9286928,2137076.191
2012-05-29,5.16,29816,250094.7219,1290488.765,9108000,26201,89.65099053,3168985.413
2012-05-30,5.16,25580,268188.2698,1383851.472,9114550,22959,104.5510589,2390970.271
2012-05-31,5.18,21013,525727.6505,2723269.23,9121450,22548,74.54644335,4791320.629
2012-06-01,5.21,27069,477533.0587,2487947.236,9129050,23507,90.10319823,2969598.765
2012-06-02,5.27,12800,174343.0392,918787.8167,9137050,16162,42.02637709,1991194.05
2012-06-03,5.28,33601,189851.5831,1002416.359,9144700,26003,107.8734839,1731492.364
2012-06-04,5.27,45938,345001.0297,1818155.427,9152450,33322,205.0879343,4645313.15
2012-06-05,5.33,44364,264226.0232,1408324.704,9159800,34403,168.4905652,4534755.435
2012-06-06,5.49,15937,230274.8267,1264208.799,9167450,19044,65.85287869,2509554.331
2012-06-07,5.48,33203,298668.6836,1636704.386,9174400,26891,128.4702082,4841143.674
2012-06-08,5.56,23897,259419.4519,1442372.152,9181450,21927,96.80866808,5462839.526
2012-06-09,5.67,33050,265247.9926,1503956.118,9190000,25160,134.8789519,1394282.355
2012-06-10,5.68,40721,198964.2898,1130117.166,9198300,28282,173.1862957,3292536.178
2012-06-11,5.6,32531,240005.2727,1344029.527,9205300,25883,109.3352168,3044013.954
2012-06-12,5.58,18243,277818.4332,1550226.857,9213100,17736,71.53383192,2589635.925
2012-06-13,5.76,56794,259766.0637,1496252.527,9220600,38857,233.3380404,2431812.849
2012-06-14,5.96,61938,230389.6866,1373122.532,9228400,39968,275.9983504,4838045.593
2012-06-15,6,54986,286287.3366,1717724.019,9236350,37978,253.5226571,3468722.514
2012-06-16,6.27,43282,272919.7045,1711206.547,9244150,32401,198.7574434,3900349.196
2012-06-17,6.58,43909,234604.8691,1543700.039,9252350,32557,203.919471,1415383.942
2012-06-18,6.51,39071,241380.7137,1571388.446,9261100,31461,206.5184164,2517870.835
2012-06-19,6.48,35962,225128.2765,1458831.232,9268450,28121,168.7633934,2119402.774
2012-06-20,6.56,32246,320039.1398,2099456.757,9275700,25366,170.223471,1715715.337
2012-06-21,6.69,26782,204968.8302,1371241.474,9282500,23348,216.5651981,1046386.108
2012-06-22,6.8,23565,273018.3763,1856524.959,9289400,23129,141.4780312,2275711.504
2012-06-23,6.76,22303,154294.9221,1043033.673,9297600,22952,122.1846049,3023872.819
2012-06-24,6.64,22392,285799.9665,1897711.777,9304150,22447,99.51577977,1899076.407
2012-06-25,6.56,28713,257535.5486,1689433.199,9311850,26708,123.7949005,1818923.143
2012-06-26,6.45,30235,374614.0727,2416260.769,9319300,28849,130.332704,1725291.611
2012-06-27,6.48,30875,267029.8049,1730353.136,9327450,30787,119.1823197,1988365.309
2012-06-28,6.58,26522,234304.0475,1541720.632,9334300,26239,111.4565408,3474911.565
2012-06-29,6.67,22877,179967.7733,1200385.048,9341600,26456,84.66320058,2525130.747
2012-06-30,6.67,22618,107977.5053,720209.9604,9348200,25747,93.17765174,1395567.693
2012-07-01,6.69,19276,108755.4211,727573.7669,9355300,25189,71.06935551,1346647.646
2012-07-02,6.71,25147,270940.7023,1818012.112,9362900,29159,136.6678651,1191336.146
2012-07-03,6.75,22667,328280.1757,2215891.186,9370900,26886,109.5101718,1440331.342
2012-07-04,6.71,23164,249902.3184,1676844.557,9378400,24504,99.40087197,2279526.87
2012-07-05,6.6,21643,225810.8455,1490351.58,9385600,22014,86.82549229,2016864.679
2012-07-06,6.76,23916,209352.3234,1415221.707,9393350,23077,116.0856411,1381458.229
2012-07-07,6.74,25615,168101.0577,1133001.129,9401650,25832,299.9078252,4127597.199
2012-07-08,6.78,20799,150054.0012,1017366.128,9409300,21939,82.2388756,826735.0948
2012-07-09,6.88,25129,248451.9526,1709349.434,9417450,25581,119.0709928,2132703.22
2012-07-10,6.98,35080,300305.1,2096129.598,9424950,30529,197.1640317,2170880.381
2012-07-11,7.24,31250,232220.4919,1681276.362,9431650,28013,141.0467478,1155039.089
2012-07-12,7.27,24303,338491.0604,2460830.009,9439150,27087,126.6023417,1393225.539
2012-07-13,7.46,24556,394573.0715,2943515.113,9447300,24169,121.2267468,2479292.883
2012-07-14,7.85,22787,279670.8691,2195416.323,9455350,23902,140.2660276,2473988.399
2012-07-15,7.68,26345,187529.1815,1440224.114,9462350,24275,180.3261876,1363199.768
2012-07-16,7.8,31379,313108.216,2442244.085,9469850,30128,174.4439292,2110624.769
2012-07-17,8.58,35201,491660.3148,4218445.501,9478450,32645,200.0853121,2532795.225
2012-07-18,9.47,32588,316887.5851,3000925.431,9486200,27648,263.6842126,1599655.318
2012-07-19,9.37,31035,229986.8144,2154976.451,9492950,27587,197.6072096,1228132.221
2012-07-20,9.27,36794,289348.578,2682261.318,9500350,30410,368.7139833,1647322.176
2012-07-21,9.35,34593,269576.322,2520538.611,9507400,29404,202.9919809,2380759.939
2012-07-22,9.53,34860,202515.3849,1929971.618,9515150,32265,217.6821393,1716136.989
2012-07-23,9.05,32698,273368.1313,2473981.588,9522200,33404,220.3032047,2170034.042
2012-07-24,9.14,28369,254481.2787,2325958.888,9530250,28741,155.6240458,1750237.938
2012-07-25,8.91,27327,277445.184,2472036.59,9538250,25567,170.2407571,1024844.926
2012-07-26,8.8,30707,282119.915,2482655.252,9546700,25129,199.1940815,2318516.042
2012-07-27,8.91,27155,239491.7868,2133871.821,9555600,26568,194.3394334,2180746.832
2012-07-28,8.95,35230,171348.8397,1533572.115,9563250,31455,206.6376492,1742182.227
2012-07-29,8.92,34483,261328.2715,2331048.182,9571550,27777,185.0726335,1109812.681
2012-07-30,8.95,34395,289004.2679,2586588.198,9580350,29054,225.8460562,979401.9657
2012-07-31,9.22,41507,514183.443,4740771.345,9586850,45337,335.3502174,2974358.704
2012-08-01,9.46,30538,322303.1378,3048987.683,9593550,31895,233.1733869,2272795.164
2012-08-02,9.6,33211,369140.2567,3543746.465,9601800,32876,211.3812947,1792453.022
2012-08-03,10.12,27780,306971.3505,3106550.067,9609900,29112,284.5541349,1431240.183
2012-08-04,11.16,29010,175518.7339,1958789.07,9617700,28146,201.6813439,1413394.372
2012-08-05,11.27,33283,196761.3754,2217500.701,9624650,29815,299.9988491,1975735.428
2012-08-06,11.21,35400,233303.6979,2615334.454,9631650,34508,306.643122,1995321.801
2012-08-07,11.23,29603,244427.3035,2744918.618,9639850,32321,233.7238728,1962914.296
2012-08-08,11.07,40168,246373.1615,2727350.898,9648150,39343,610.0866071,1663888.8
2012-08-09,11.35,29942,308941.9365,3506490.979,9656650,30353,205.5274577,1453200.807
2012-08-10,11.9,28375,226661.8621,2697276.159,9664450,30415,552.4577127,1680986.286
2012-08-11,11.6,33139,177177.9632,2055264.373,9672850,30148,260.6633557,1575641.261
2012-08-12,11.64,34636,162784.5483,1894812.142,9680800,31503,277.9844352,1616952.229
2012-08-13,11.79,48872,290265.9104,3422235.084,9688800,39310,349.7498351,1881743.975
2012-08-14,11.94,34506,274449.2902,3276924.525,9696650,33320,265.3285044,1518953.173
2012-08-15,12.3,52969,257476.2262,3166957.582,9705000,37533,464.0284172,1789685.956
2012-08-16,12.95,46477,321185.3241,4159349.947,9712700,47583,487.8407646,2075711.645
2012-08-17,14.21,40554,326669.8696,4641978.846,9719600,44100,472.2965388,2780903.167
2012-08-18,15.37,37162,293384.1251,4509314.003,9727150,40251,359.0010312,2154735.39
2012-08-19,14.48,36951,913653.2304,13229698.78,9736250,34644,374.432944,5931168.237
2012-08-20,11.64,35837,621743.0933,7237089.606,9744950,33907,356.2971238,9594904.589
2012-08-21,10.45,42415,422455.6069,4414661.093,9753600,41676,313.6728185,5481598.728
2012-08-22,10.29,37874,456888.6714,4701384.429,9761400,38616,254.4516744,7756104.557
2012-08-23,10.26,31818,372726.7431,3824176.384,9769650,35374,255.3338319,7638815.716
2012-08-24,10.25,32275,307305.5299,3149881.682,9777050,35254,220.9568775,11064106.02
2012-08-25,10.25,33439,228321.643,2340296.84,9783950,29497,273.8559474,4400537.453
2012-08-26,10.62,29520,220748.3895,2344347.897,9792900,27899,261.4158448,3331598.206
2012-08-27,10.99,33096,394716.1365,4337930.34,9800150,31081,366.9180424,6317082.625
2012-08-28,11.97,29838,255983.63,3064124.051,9807700,31789,345.9835676,6796522.213
2012-08-29,11.34,34209,286238.1047,3245940.108,9816100,32397,313.5933684,14702323.79
2012-08-30,11.14,33914,260220.253,2898853.618,9823800,28480,375.4479306,11585110.83
2012-08-31,10.91,40624,486867.8804,5311728.576,9830800,39334,431.3097326,8982904.492
2012-09-01,10.74,40774,224964.825,2416122.221,9838850,36448,466.4914284,8746895.338
2012-09-02,10.36,33588,196423.8198,2034950.774,9847050,28751,332.3793121,5968122.588
2012-09-03,10.26,38238,204079.6824,2093857.542,9854900,27685,350.708096,3714021.956
2012-09-04,10.52,39946,329214.1299,3463332.646,9862550,33419,375.082321,6484795.367
2012-09-05,10.59,41135,355083.7063,3760336.449,9871550,34684,374.6810494,9277781.792
2012-09-06,10.72,42790,329183.3296,3528845.293,9880100,37914,299.9409904,21877517.27
2012-09-07,11.2,33483,256311.5707,2870689.592,9888500,33314,250.4768417,18411825.08
2012-09-08,11.27,31173,260182.6429,2932258.386,9895750,27940,276.2701534,7584282.223
2012-09-09,11.19,31464,552929.6163,6187282.407,9903700,32968,299.6956333,3899432.335
2012-09-10,11.14,33632,528630.1764,5888940.165,9911200,30504,308.2018074,18885869.63
2012-09-11,11.14,38225,410282.0029,4570541.512,9918450,36736,433.5811074,20228603.98
2012-09-12,11.24,28096,334865.4934,3763888.146,9926200,28684,280.5084438,10847443.67
2012-09-13,11.38,29025,352928.3182,4016324.262,9932700,27581,328.6989237,22554539.96
2012-09-14,11.48,36118,284713.7414,3268513.752,9940800,31170,303.2120037,18031417.3
2012-09-15,11.76,27248,244552.4371,2875936.66,9948000,24938,202.9698492,6923687.503
2012-09-16,11.84,28415,343128.6421,4062643.123,9956050,25556,274.8310917,14008370.58
2012-09-17,11.98,24446,378168.7895,4530462.098,9964450,26455,230.7166181,13061001.17
2012-09-18,11.99,32821,316970.8664,3800480.688,9972800,32392,320.8121126,12984463.33
2012-09-19,12.21,32231,344185.4111,4202503.87,9979850,34730,347.6141609,31325866.37
2012-09-20,12.63,31282,376466.2977,4754769.34,9987450,37342,255.124904,15908406.79
2012-09-21,12.66,30347,606628.7779,7679920.328,9995900,29568,418.1258245,25902484.29
2012-09-22,12.54,22014,235680.224,2955430.01,10003750,,270.7569303,14874052.14
2012-09-23,12.4,27999,173707.0642,2153967.596,10011650,23802,250.5914451,7816618.258
2012-09-24,12.28,29190,369204.7488,4533834.316,10019300,26882,400.0615866,8117048.827
2012-09-25,12.28,24177,306193.4985,3760056.162,10026250,34082,232.2007842,1777419.047
2012-09-26,12.24,32413,272231.0308,3332107.817,10033250,36372,274.3082844,1737748.155
2012-09-27,12.32,28347,334772.8176,4124401.112,10041300,31699,287.8752497,1379102.897
2012-09-28,12.46,32768,351974.6044,4385603.571,10049200,36637,848.0040378,2598231.543
2012-09-29,12.46,23992,312579.5121,3894740.721,10057600,27182,228.0916725,1302616.358
2012-09-30,12.49,20668,246978.1987,3084757.702,10065550,25258,238.4044168,1440029.627
2012-10-01,12.48,24727,313534.3267,3912908.397,10072100,30827,254.8348911,1625076.237
2012-10-02,12.58,32878,393993.6333,4956439.908,10079400,38050,507.9304897,2006735.601
2012-10-03,12.88,26669,322573.6087,4154748.081,10086050,33564,275.2626096,1259635.635
2012-10-04,12.95,31955,308740.5604,3998190.257,10092500,36409,1741.417559,1181907.536
2012-10-05,13.07,37031,359892.5818,4703796.044,10099400,35733,520.4403155,2649368.843
2012-10-06,12.97,32672,178707.4151,2317835.174,10107150,31354,340.3410165,1977786.457
2012-10-07,12.86,34726,252325.1011,3244900.8,10113400,33223,652.8125744,1787096.366
2012-10-08,12.58,38211,327822.1415,4124002.54,10122300,38115,396.6638642,1776535.428
2012-10-09,12.14,35450,276312.963,3354439.371,10129400,38387,372.8291122,1364213.98
2012-10-10,12.3,31226,239525.4054,2946162.487,10136850,35957,319.9999181,879149.4437
2012-10-11,12.16,27684,247267.2249,3006769.454,10143750,31805,310.9565098,1246301.999
2012-10-12,12.18,28693,253149.141,3083356.537,10151200,35240,279.3040581,2612813.636
2012-10-13,12.15,33090,174959.2725,2125755.161,10158600,29748,292.8383538,2711467.039
2012-10-14,12.1,27414,182084.8661,2203226.88,10164950,30286,228.6197146,1386647.67
2012-10-15,12.01,30998,246898.9123,2965255.937,10173400,33578,316.6501486,864684.7227
2012-10-16,12.02,34533,354722.6849,4263766.673,10181150,31821,387.0482235,2748990.451
2012-10-17,11.99,31813,281433.1941,3374383.998,10188250,34926,838.8191485,3334767.158
2012-10-18,11.98,28257,282881.1304,3388915.943,10196100,34499,257.1295564,3397926.993
2012-10-19,11.96,25096,221614.0823,2650504.424,10202800,29062,215.0374646,2672781.424
2012-10-20,11.94,30699,351953.3427,4202322.912,10210750,32674,274.4083274,2715802.803
2012-10-21,11.84,40833,246508.8614,2918664.919,10218800,31467,401.5822549,2354724.07
2012-10-22,11.8,43154,286285.3234,3378166.816,10226650,33118,323.136579,2267653.183
2012-10-23,11.86,32031,410685.3011,4870727.671,10233150,30902,292.6532475,2607540.366
2012-10-24,11.96,32194,349701.593,4182431.053,10241250,32550,351.7281586,1904593.641
2012-10-25,11.79,26998,425262.4326,5013844.081,10248400,28710,217.294682,1462862.327
2012-10-26,11.56,21927,540576.8717,6249068.637,10256650,27826,297.2848131,1038024.254
2012-10-27,11.04,16313,301211.7091,3325377.269,10265400,22005,253.1871169,1686595.095
2012-10-28,10.78,17965,182050.3015,1962502.25,10273700,21241,170.6380531,941882.0401
2012-10-29,10.69,21500,236041.9862,2523288.833,10281600,22575,233.0464447,1015491.502
2012-10-30,10.93,31058,502985.5732,5497632.315,10288800,27715,334.9463591,4174896.82
2012-10-31,10.92,27444,395021.9661,4313639.87,10295950,25607,323.5277227,3782249.921
2012-11-01,11.17,23638,343281.9656,3834459.555,10302800,23851,256.2441932,2615517.503
2012-11-02,11.26,28990,320450.106,3608268.194,10309950,26334,422.7491058,878438.8583
2012-11-03,11.06,23899,209464.5932,2316678.4,10317250,25558,280.8960998,1912720.781
2012-11-04,10.62,24304,205150.1564,2178694.661,10325100,22730,266.7019385,2247532.79
2012-11-05,10.73,32184,288224.2887,3092646.618,10333100,28848,388.1381078,2302743.589
2012-11-06,10.9,31986,482217.4296,5256169.982,10339850,31444,480.046399,1895933.058
2012-11-07,10.97,36480,328871.726,3607722.834,10347700,33072,395.4611035,1854321.088
2012-11-08,11.19,32415,239678.9628,2682007.594,10355400,29633,289.6902296,1329985.176
2012-11-09,11.09,25157,252270.8241,2797683.439,10363000,28298,278.1786896,871909.512
2012-11-10,11.04,27109,161784.3794,1786099.549,10370200,23652,296.7040456,438620.1766
2012-11-11,10.95,23555,158364.2408,1734088.437,10377550,24277,250.3532884,423492.02
2012-11-12,11,23903,150840.8139,1659248.953,10384150,23693,213.0393577,485575.0448
2012-11-13,11.17,27131,204809.4147,2287721.163,10391150,25520,256.4309671,854362.5147
2012-11-14,11.11,29901,186030.8996,2066803.295,10398300,28340,324.7205179,1299843.877
2012-11-15,11.07,37604,289210.2018,3201556.934,10405100,35026,396.6134374,2661089.93
2012-11-16,11.28,39446,473307.6446,5338910.231,10412350,36029,506.0377362,3704500.187
2012-11-17,11.8,32538,275646.1524,3252624.599,10419350,44133,340.0443675,2648679.67
2012-11-18,11.81,34136,250441.0551,2957708.86,10426650,33322,439.6283927,2064001.39
2012-11-19,11.82,36772,323727.1257,3826454.626,10433850,33235,388.103629,1381940.99
2012-11-20,11.81,37009,349030.289,4122047.713,10441300,34778,551.6310529,1582414.604
2012-11-21,11.83,39066,253474.7859,2998606.717,10448900,33493,433.9547916,926696.9899
2012-11-22,11.9,30900,247256.749,2942355.313,10456100,32289,313.5552098,1442437.425
2012-11-23,12.32,32347,199335.4633,2455812.907,10464250,26228,360.1666425,1140048.664
2012-11-24,12.43,29718,218677.6618,2718163.336,10471800,28021,312.9097525,1179016.922
2012-11-25,12.46,36736,193144.4358,2406579.67,10479100,27861,454.7032946,810454.8827
2012-11-26,12.61,35898,245190.8035,3091856.032,10486950,31791,395.3088351,1134762.018
2012-11-27,12.62,27632,315857.1063,3986116.681,10494350,30416,1085.767042,1431090.114
2012-11-28,12.5,37256,291612.3454,3645154.318,10501475,34110,610.2131725,1891268.837
2012-11-29,12.45,37423,263505.6065,3280644.801,10505625,31421,464.8942738,1210830.357
2012-11-30,12.61,29758,225871.7585,2848242.874,10508750,28996,327.2529633,789652.1925
2012-12-01,12.66,33492,281483.6703,3563583.267,10512925,26710,487.65795,628526.6533
2012-12-02,12.69,20606,191462.2626,2429656.112,10516500,21747,285.0346587,1012070.134
2012-12-03,12.68,21659,307124.4563,3894338.106,10520175,23875,301.2404371,1732242.633
2012-12-04,12.75,32356,296364.8287,3778651.566,10522975,28801,406.9173397,2489158.497
2012-12-05,13.09,33744,340834.7714,4461527.158,10526025,31337,494.2772226,2821654.366
2012-12-06,13.55,37163,448999.2615,6083939.993,10529450,30658,526.5830296,3259297.247
2012-12-07,13.69,32145,294949.8614,4037863.602,10532675,30025,396.6697669,2083190.927
2012-12-08,13.65,33174,203619.0489,2779400.018,10536125,29769,425.260803,1008269.918
2012-12-09,13.55,32059,233222.2503,3160161.492,10539275,28424,391.51351,1406703.823
2012-12-10,13.53,36221,329367.3321,4456340.003,10542850,26226,516.2768082,1037451.354
2012-12-11,13.57,36779,365688.9897,4962399.59,10546450,29038,511.6882602,1614011.872
2012-12-12,13.64,36736,390116.7288,5321192.181,10549700,31539,471.3703405,3564199.866
2012-12-13,13.8,42515,434994.8719,6002929.233,10552975,34817,788.2633096,3839017.049
2012-12-14,13.82,39014,305958.618,4228348.101,10555625,32210,465.887011,2928410.727
2012-12-15,13.87,32365,172192.5581,2388310.78,10558525,,353.7747457,1657365.639
2012-12-16,13.75,35476,150653.3406,2071483.433,10561300,28686,392.7654048,1782516.039
2012-12-17,13.63,41040,249679.3854,3403130.023,10564650,33323,469.2949521,1800835.938
2012-12-18,13.47,49812,315264.0659,4246606.967,10567775,39283,573.876944,2372973.196
2012-12-19,13.4,44765,263337.5909,3528723.718,10571325,34067,479.408111,1137275.067
2012-12-20,13.48,35922,206897.1551,2788973.651,10573975,29958,450.5051869,935760.4312
2012-12-21,13.7,44580,256091.7602,3508457.115,10577125,35121,531.0090649,1664907.966
2012-12-22,13.63,51258,182718.3948,2490451.72,10580950,43835,616.9363858,1402903.979
2012-12-23,13.56,36738,155982.0553,2115116.67,10584000,29746,466.9172282,869430.5681
2012-12-24,13.48,36111,299080.6734,4031607.477,10587300,28575,406.3898359,1065971.688
2012-12-25,13.45,28743,161603.6666,2173569.315,10590400,24658,334.8921847,604804.0304
2012-12-26,13.44,36586,222096.7824,2984980.756,10594250,24736,454.2668963,632401.3973
2012-12-27,13.42,43787,226742.69,3042886.9,10598150,27831,586.9849287,814543.8785
2012-12-28,13.51,47105,233229.3555,3150928.593,10602375,33348,522.4944857,1076612.312
2012-12-29,13.65,38110,212853.9798,2905456.825,10605975,,443.4428038,994091.686
2012-12-30,13.65,45447,179331.6385,2447876.865,10610125,36923,501.0791109,764608.9394
2012-12-31,13.57,30064,292115.2234,3964003.582,10614075,27480,338.3513045,1369985.742
2013-01-01,13.58,31896,231777.8495,3147543.197,10618125,28598,389.7685854,1491978.946
2013-01-02,13.52,39433,333145.0329,4504120.845,10621950,34292,447.2650629,1947296.243
2013-01-03,13.42,42309,256347.9132,3440188.995,10626000,40002,560.3900723,1742042.555
2013-01-04,13.47,48589,310596.7235,4183737.865,10629825,36915,584.7369258,2328536.904
2013-01-05,13.5,39596,203587.3736,2748429.543,10633350,41729,434.2727439,2100349.698
2013-01-06,13.54,33026,171047.4549,2315982.539,10636975,32347,496.4370247,1101232.44
2013-01-07,13.53,40288,207912.8557,2813060.938,10641175,39429,504.7549796,1492637.939
2013-01-08,13.61,38624,328446.9327,4470162.754,10644500,38444,511.0109166,2147948.019
2013-01-09,13.84,43190,269046.182,3723599.159,10647750,40874,463.0805049,1720210.148
2013-01-10,13.99,52539,286295.8021,4005278.271,10651425,44686,2154.892382,1335111.591
2013-01-11,14.32,52749,267972.5759,3837367.287,10654350,47149,654.7932667,1332342.543
2013-01-12,14.31,45671,198891.4427,2846136.546,10657400,36943,567.7533557,980520.6655
2013-01-13,14.34,49441,213993.7792,3068670.793,10660725,40542,569.063287,886111.6136
2013-01-14,14.31,44560,221083.7815,3163708.913,10664650,33866,522.2836361,1119697.552
2013-01-15,14.34,45022,326089.8564,4676128.541,10667675,46471,519.5582214,2092810.835
2013-01-16,14.53,53629,312007.1219,4533463.481,10670950,45758,615.6769071,2235038.364
2013-01-17,14.86,48100,315933.2883,4694768.664,10673725,42864,584.978272,1828926.938
2013-01-18,15.53,49139,300106.9942,4660661.62,10676750,43006,615.7099535,1655101.042
2013-01-19,15.95,56170,200943.528,3205049.271,10680600,37727,1092.255905,1542714.33
2013-01-20,15.85,41371,195395.0291,3097011.212,10683850,35085,575.9872909,1199630.763
2013-01-21,16.15,40441,273578.0403,4418285.352,10687150,33381,528.2174282,1152751.458
2013-01-22,17.13,43752,394755.9583,6762169.565,10690750,38013,591.278454,1463697.92
2013-01-23,17.59,46678,537807.7985,9460039.176,10693900,36638,840.3826862,2413364.583
2013-01-24,17.97,46221,468219.452,8413903.552,10697800,39848,822.9133376,1616949.958
2013-01-25,19.1,48511,413086.3836,7889949.926,10701225,38998,957.4552809,1564347.828
2013-01-26,18.54,52366,292070.6959,5414990.701,10705125,41077,918.5601385,1344171.746
2013-01-27,17.71,55413,352197.5903,6237419.324,10708900,40829,899.9160301,1471814.589
2013-01-28,18.11,52180,425732.9394,7710023.533,10712575,41953,836.4530101,1690349.016
2013-01-29,18.77,51703,678775.5994,12740618,10716525,41048,1002.176642,2426699.949
2013-01-30,19.78,41219,499217.951,9874531.071,10720350,34666,747.4880617,2692071.856
2013-01-31,20.11,51633,554263.8449,11146245.92,10725175,37431,1175.888436,1589397.754
2013-02-01,21.4,59382,473796.4816,10139244.71,10728850,49764,1209.904179,1813676.667
2013-02-02,21.25,54465,338245.2814,7187712.231,10732675,42923,1610.241251,1354020.583
2013-02-03,21,61164,275880.7742,5793496.258,10737325,43416,1242.280962,1389161.48
2013-02-04,20.77,55005,283103.4277,5880058.193,10741425,42775,951.4766433,2012536.759
2013-02-05,20.99,53420,399589.8238,8387390.402,10745600,47429,986.3763515,2006309.533
2013-02-06,20.92,42555,372669.5847,7796247.712,10749250,41276,791.6881185,1860603.343
2013-02-07,21.53,61237,328435.6877,7071220.356,10753100,44492,1136.767054,1728717.485
2013-02-08,22.15,60921,286143.4096,6338076.523,10756875,44976,1155.534436,2189719.727
2013-02-09,23.4,57750,250649.6944,5865202.849,10760450,42569,1097.994964,1816284.604
2013-02-10,23.83,56443,200608.2701,4780495.078,10764475,45056,1262.576473,1370569.589
2013-02-11,23.97,57594,247965.4011,5943730.665,10768450,39656,1201.801966,1328240.583
2013-02-12,24.65,58551,358057.8611,8826126.276,10771925,40824,1339.209626,1273851.458
2013-02-13,25.15,59090,319860.8445,8044500.239,10776200,40623,1435.173774,1221054.836
2013-02-14,24.3,50928,350302.9145,8512360.822,10779975,38823,1154.176537,1502365.262
2013-02-15,27.2,55647,315916.889,8592939.38,10784450,38769,1598.009158,1285435.34
2013-02-16,27.27,51433,229548.6712,6259792.262,10789175,37997,1460.756415,1268206.336
2013-02-17,27.39,49635,281756.7356,7717316.988,10793875,36995,1326.648154,1145511.757
2013-02-18,26.91,50374,284168.6059,7646977.183,10797900,38461,1281.950601,1236821.97
2013-02-19,26.98,54519,303914.0177,8199600.196,10801875,39820,1313.811081,1456405.96
2013-02-20,29.48,59748,342290.8188,10090733.34,10806700,39704,1518.575133,1200831.678
2013-02-21,29.79,55916,287961.3587,8578368.877,10811100,41331,1582.939912,1050131.202
2013-02-22,29.75,62171,340567.1645,10131873.14,10815350,43738,1646.759469,1578721.332
2013-02-23,30.52,57886,321342.1065,9807361.091,10819450,41790,1634.017305,1283683.587
2013-02-24,29.8,57164,331189.1815,9869437.608,10823350,42055,1409.965439,1707485.583
2013-02-25,29.87,67144,396605.4569,11846605,10828450,44281,2077.835619,1869807.172
2013-02-26,30.4,63438,326427.9191,9923408.742,10832600,46081,1838.314281,1633163.913
2013-02-27,31.2,60949,287699.1939,8976214.848,10837425,42868,1795.506613,1537173.62
2013-02-28,31.27,63021,413690.0879,12936089.05,10841625,46076,1966.365135,1485857.841
2013-03-01,33.36,64535,289398.0081,9654317.55,10845425,49555,2289.79613,1647857.637
2013-03-02,34.5,55825,265534.4719,9160939.28,10849050,38118,1826.02773,1496205.839
2013-03-03,34.25,54459,153902.8898,5271173.977,10853075,35819,1570.901496,934113.4728
2013-03-04,34.25,64044,340877.5231,11675055.16,10857550,41993,2340.931903,979042.0445
2013-03-05,36.4,56868,327677.7507,11927470.12,10861025,45962,1888.802398,1938816.935
2013-03-06,40.65,62760,469404.0396,19081274.21,10864900,53581,6484.28489,2323920.566
2013-03-07,42,66770,390468.2938,16399668.34,10868900,50988,2696.490124,1659536.989
2013-03-08,43.15,55857,253135.1927,10922783.56,10872900,45918,2121.857829,1209131.415
2013-03-09,44,55546,202616.6836,8915134.077,10877125,41221,2317.327809,1024157.179
2013-03-10,46.93,73844,203044.4808,9528877.482,10881700,46473,3044.684296,1241733.734
2013-03-11,45.6,59289,234044.5686,10672432.33,10885800,41067,2312.480541,1007494.524
2013-03-12,48.2,48484,317022.6883,15280493.58,10889175,44677,3354.771912,1491939.383
2013-03-13,44.32,56690,319829.8977,14174861.07,10893100,51534,2496.531468,1505965.843
2013-03-14,47.07,58069,273432.0567,12870446.91,10897575,47665,2578.138831,1188984.013
2013-03-15,46.86,62776,274015.6912,12840375.29,10901875,51708,3182.678778,5346419.926
2013-03-16,46.9,34187,175215.4163,8217603.023,10906250,40333,1494.032072,2307843.528
2013-03-17,47.25,35348,163495.8324,7725178.083,10911475,41231,1570.311325,901237.4786
2013-03-18,47.38,43485,248277.076,11763367.86,10916225,46404,1882.796443,3770851.664
2013-03-19,52.12,46108,359620.8347,18743437.91,10920475,52413,2737.605962,1944707.418
2013-03-20,59.53,46276,312312.9527,18591990.08,10925750,49801,2224.164278,1888210.075
2013-03-21,65.93,55564,386698.4516,25495028.91,10931200,52089,3602.464154,2041885.323
2013-03-22,70.25,60584,310061.5712,21781825.38,10936925,58133,5079.457534,1520085.09
2013-03-23,70.25,52914,245023.8278,17212923.9,10942350,50305,3716.889134,1438447.33
2013-03-24,64.01,51335,198530.0739,12707910.03,10947075,57217,2678.970109,995637.7477
2013-03-25,71.93,48993,344149.9318,24754704.6,10950675,52660,3383.295545,1544997.611
2013-03-26,74.1,49061,275194.0705,20391880.63,10954450,58296,3422.918273,1848864.387
2013-03-27,78.79,53207,284781.6782,22437948.42,10957725,58532,4824.008007,2738105.106
2013-03-28,88.8,60989,366611.6607,32555115.47,10962300,65989,5448.730748,1826700.758
2013-03-29,87.5,62259,311853.0334,27287140.43,10966650,66780,5482.241545,1460447.794
2013-03-30,90.05,59196,230714.3367,20775826.02,10970975,60965,5822.758431,1823180.658
2013-03-31,92.5,43986,157758.6199,14592672.35,10975200,48515,4345.895098,1540937.818
2013-04-01,93.25,52770,306365.9743,28568627.11,10980150,57955,4324.943726,1449066.351
2013-04-02,104,63276,409338.7782,42571232.94,10984675,72700,8699.607749,2588519.047
2013-04-03,117.34,63941,483771.5361,56765752.05,10989050,87142,8442.25887,2371324.932
2013-04-04,131,66892,297783.6939,39009663.9,10992900,86454,10133.98205,2292667.711
2013-04-05,133,61373,267099.2085,35524194.73,10996850,84264,7954.781556,2062457.642
2013-04-06,142.1,51718,199580.2833,28360358.26,11000925,63661,5620.584092,1333262.487
2013-04-07,143.61,63541,187977.3551,26995427.97,11005025,62954,7854.186878,1089589.664
2013-04-08,163.3,61680,362406.5066,59180982.52,11008900,94011,7652.727987,1528795.794
2013-04-09,186.96,66979,464660.7771,86872978.89,11013300,91121,9332.888681,2079535.47
2013-04-10,231.05,63881,599597.4293,138536986,11018075,106348,15303.72557,2880396.26
2013-04-11,159.88,68407,603148.5285,96431386.74,11022075,96628,10307.21313,2399992.466
2013-04-12,124.9,58690,461957.3224,57698469.57,11026400,81347,7132.678313,1774103
2013-04-13,122.6,53517,229680.0634,28158775.77,11030575,68259,4937.385141,1306301.945
2013-04-14,100,55471,204804.9137,20480491.37,11034400,57893,5471.672898,825566.1826
2013-04-15,100,54496,322396.4727,32239647.27,11038500,84240,7529.599697,1049837.794
2013-04-16,68.1,67785,541816.0762,36897674.79,11042925,81694,3598.102278,1769743
2013-04-17,68,56706,356861.3082,24266568.96,11047200,86804,5600.409094,1723555.436
2013-04-18,93.9,46631,255309.7697,23973587.38,11050875,66435,4219.21653,5846871.991
2013-04-19,111,59528,242081.9711,26871098.8,11054300,86659,6143.484673,1873867.481
2013-04-20,118.92,48302,183846.2882,21863000.59,11058150,62602,5496.735088,1097718.372
2013-04-21,127.5,44224,173932.0073,22176330.93,11062550,58843,4404.1586,983216.8254
2013-04-22,119,47194,175413.6013,20874218.56,11066375,78066,5637.089306,1649760.891
2013-04-23,127,61668,196174.743,24914192.36,11070575,78421,7921.000554,1580194.389
2013-04-24,142.5,65023,281505.6685,40114557.77,11074625,81580,8960.230525,2164362.812
2013-04-25,155.07,62566,296822.1975,46028218.17,11078925,76058,9681.15959,1637341.369
2013-04-26,141.99,55264,245022.0431,34790679.91,11083200,72592,5822.620863,1179467.682
2013-04-27,137,44369,253806.1871,34771447.63,11086875,65463,5463.1066,808262.6565
2013-04-28,128.5,41879,139728.3079,17955087.56,11091300,104608,4231.989678,579461.8822
2013-04-29,134.44,51776,366946.9953,49332354.04,11095650,73560,6263.945366,1889559.779
2013-04-30,144.54,47599,228607.1881,33042882.98,11099375,58629,6637.819032,1003343.628
2013-05-01,139,55327,300303.3382,41742164.01,11103150,67962,5870.844891,1350721.891
2013-05-02,117,55429,330768.0967,38699867.31,11106500,65415,6288.762156,907309.085
2013-05-03,103.3,51180,322138.2368,33276879.87,11109900,64825,4725.310931,797019.8633
2013-05-04,96.8,50493,193792.078,18759073.15,11113900,,4581.895158,516976.4958
2013-05-05,113.1,50332,202532.0702,22906377.14,11118025,57862,4135.508996,638182.8299
2013-05-06,115.98,53340,314474.3253,36472732.25,11122175,69183,6286.438898,858406.0152
2013-05-07,112.3,56735,442980.9667,49746762.56,11126375,94788,5273.762991,973835.119
2013-05-08,111.7,50439,344022.3947,38427301.49,11130500,87495,5956.667555,832093.7627
2013-05-09,113.35,66774,181712.932,20597160.85,11134600,69602,7550.704262,695397.0385
2013-05-10,112.69,67881,222930.3801,25122024.53,11138900,71443,7243.299771,915183.6766
2013-05-11,117.2,73402,226517.6322,26547866.5,11143450,66176,7397.02305,675124.7525
2013-05-12,115.68,65428,298127.7831,34487421.95,11147650,58799,6840.294996,562565.7028
2013-05-13,115.1,60998,327712.6984,37719731.59,11152000,69374,6993.264689,1122091.966
2013-05-14,117.99,66470,264787.4381,31242269.82,11155850,69012,7107.124126,784332.1776
2013-05-15,112,64171,267967.6464,30012376.39,11159375,68388,6774.268005,752790.9071
2013-05-16,114.22,61158,232016.6334,26500939.87,11163075,68536,8837.045811,723462.4396
2013-05-17,117.41,58731,246818.6443,28978977.02,11167100,61929,6585.560714,853440.7499
2013-05-18,123.32,52215,188230.107,23212536.8,11170825,55552,5128.881622,748211.0092
2013-05-19,123.3,47820,134703.5019,16608941.78,11174725,51697,5866.53706,423542.7313
2013-05-20,121.99,48821,143892.1359,17553401.66,11177950,57600,5301.133928,540663.9554
2013-05-21,122.02,53942,191884.2717,23413718.84,11181725,67890,5835.771129,674482.9495
2013-05-22,122.7,51990,162032.1868,19881349.33,11185625,61102,6148.620158,738074.8591
2013-05-23,123,59789,170776.3787,21005494.57,11189975,68378,6998.019184,712349.955
2013-05-24,126.7,55401,235099.8686,29787153.35,11194200,68107,6252.563707,759741.6814
2013-05-25,133.49,51280,209317.9712,27941855.97,11198325,53317,6430.000477,735659.2725
2013-05-26,131.99,40722,78026.56822,10298726.74,11202400,53395,4186.063472,388698.0303
2013-05-27,133.5,52758,176428.9585,23553265.96,11206800,59658,6559.679019,666608.3738
2013-05-28,129.76,57070,200434.2224,26008344.7,11210750,61517,7227.970206,705680.5313
2013-05-29,129,55060,206730.5537,26668241.42,11214950,64923,6860.481193,793664.2946
2013-05-30,132.3,57426,217701.2489,28801875.22,11219425,63472,6342.363557,629587.8097
2013-05-31,128.88,54346,137619.3193,17736377.88,11223800,61670,5822.643432,678617.7783
2013-06-01,129.02,54311,114503.8879,14773291.61,11229125,55356,5542.68304,485579.4044
2013-06-02,129.3,49947,151266.5172,19558760.67,11234100,51180,6398.908385,431875.3386
2013-06-03,122.42,55874,280301.4579,34314504.48,11239425,63443,7630.801891,780446.2365
2013-06-04,122.03,57622,210060.4544,25633677.25,11244750,64541,6671.299425,661631.301
2013-06-05,121.42,56560,183382.6887,22266326.06,11249350,65079,7429.086241,681339.3644
2013-06-06,121.9,54638,210361.8795,25643113.11,11253875,60676,5178.949617,753930.8786
2013-06-07,118.97,52188,232258.0448,27631739.59,11257900,59933,4659.084941,678143.2676
2013-06-08,111.5,48218,146174.5215,16298459.15,11262425,47541,5280.943384,399038.3557
2013-06-09,107.99,44471,261561.307,28246005.54,11266400,45478,3952.944516,675161.0303
2013-06-10,100.2,45000,178486.0787,17884305.08,11270750,50635,3780.665587,490545.1299
2013-06-11,106.1,49663,172537.6446,18306244.09,11275250,56360,5172.471436,598337.2909
2013-06-12,109,45907,188996.9959,20600672.55,11280325,52892,4879.174787,562038.78
2013-06-13,108.1,43193,166567.8832,18005988.17,11284975,55259,4490.95083,607556.9546
2013-06-14,103.9,50172,209301.8142,21746458.5,11289475,63694,3864.095746,722485.1902
2013-06-15,99.98,35826,128115.8174,12809019.42,11293800,43528,3345.338637,415381.8108
2013-06-16,99.69,42966,141251.1501,14081327.15,11298425,39659,3185.029189,520682.4419
2013-06-17,99.9,45943,151821.2531,15166943.19,11302050,47538,3681.63183,578844.9641
2013-06-18,101.95,46017,174806.3964,17821512.11,11305550,51399,3910.07449,643222.1557
2013-06-19,107.39,47031,141255.4687,15169424.78,11308950,57558,4017.306783,582605.7976
2013-06-20,107.68,52515,178358.7122,19205666.13,11312800,54098,7525.830389,728607.9748
2013-06-21,111.12,47027,199999.4618,22223940.2,11317000,55870,4777.168207,712791.5282
2013-06-22,109.87,44594,128309.852,14097403.44,11321400,47672,6184.417948,435026.7321
2013-06-23,108.35,38507,127314.8777,13794566.99,11325525,40871,3975.65529,340381.4544
2013-06-24,107.98,44245,186333.833,20120327.29,11329275,52722,4231.99077,610053.0423
2013-06-25,102.98,44629,157426.9819,16211830.59,11333200,50043,3480.285225,717288.4712
2013-06-26,103.89,45627,169601.8833,17619939.66,11337550,54144,4186.296767,627165.9003
2013-06-27,104,46128,150970.8862,15700972.17,11341725,50989,3238.421933,564885.2214
2013-06-28,101.77,49552,198308.0276,20181807.97,11345950,56602,4988.271072,659916.0797
2013-06-29,94.65,36545,129121.0174,12221304.29,11350175,50788,2358.801099,532545.4665
2013-06-30,94.99,30953,121468.7591,11538317.42,11354000,41358,2857.851761,414309.7617
2013-07-01,97.25,39128,294240.8583,28614923.47,11357925,56374,2361.720292,868945.4266
2013-07-02,87,39650,216933.0265,18873173.3,11361750,51868,3095.710937,735821.5744
2013-07-03,91.05,35531,306127.7095,27872927.95,11366350,55754,3435.02812,817460.9062
2013-07-04,78.11,35292,373459.0241,29170884.38,11370475,50059,1925.26584,854939.2747
2013-07-05,80.04,37037,341267.8826,27315081.33,11375125,50395,2647.377625,1074563.291
2013-07-06,68.86,33372,222445.0479,15317566,11379800,42492,2081.107838,700586.2395
2013-07-07,70.27,30356,158194.7387,11116344.29,11384450,38512,1343.273125,643880.627
2013-07-08,75,39629,229435.0525,17207628.94,11389250,52297,2481.533044,837670.9308
2013-07-09,76.49,40832,384472.9976,29408339.59,11393875,55509,2669.20506,1160903.931
2013-07-10,76.7,39238,308575.8007,23667763.91,11398750,54321,2035.936091,1085169.05
2013-07-11,87.9,43434,275026.6061,24174838.68,11403100,61548,3137.751246,1058476.987
2013-07-12,88.9,48260,285190.208,25353409.49,11406950,66681,2794.937556,1021508.47
2013-07-13,93.99,37970,305509.6513,28714852.13,11410875,50760,3303.359407,877018.0243
2013-07-14,98,34933,149369.8933,14638249.54,11415175,38901,2247.354545,582276.5472
2013-07-15,94.69,36754,176573.744,16719767.82,11419275,49774,2122.967418,702810.6261
2013-07-16,98.4,39392,265288.0565,26104344.76,11423375,55925,4308.697163,951379.7685
2013-07-17,97.05,40643,391840.048,38028076.66,11427975,53170,3298.142041,1080936.138
2013-07-18,98.8,41170,461153.9277,45562008.06,11432000,52109,3882.301092,1005895.895
2013-07-19,90.1,36759,190092.543,17127338.12,11436275,50353,1930.521306,819430.5514
2013-07-20,92,33702,171910.5733,15815772.75,11440925,42223,2483.224671,495922.447
2013-07-21,89.39,35456,162629.2635,14537429.87,11445900,42370,2259.39726,496772.6106
2013-07-22,90.76,39979,230483.255,20918660.23,11450025,50290,2978.923858,903335.2894
2013-07-23,91.99,38432,334655.3462,30784945.29,11453550,53996,2016.9266,1012489.367
2013-07-24,95.56,42361,238691.6852,22809377.44,11457525,54327,3508.712097,907645.6402
2013-07-25,94.51,42530,204045.058,19284298.44,11461175,54353,3284.077384,811961.7466
2013-07-26,97,36622,248896.4306,24142953.77,11465225,51523,1992.779764,781326.0075
2013-07-27,96.02,37643,126279.8644,12125392.58,11469800,41923,3261.632109,468611.5288
2013-07-28,94.12,37302,139679.5564,13146639.85,11474000,40133,2271.05671,618903.8238
2013-07-29,98.7,41812,197692.7058,19512270.07,11478450,56108,3078.032464,747853.1195
2013-07-30,101.48,42133,226120.6101,22946719.51,11483375,58704,3872.242259,1007108.947
2013-07-31,107.8,49524,251029.4297,27060972.52,11488125,66141,6157.638204,863767.5597
2013-08-01,106.2,50904,247674.3459,26303015.53,11492550,103351,4111.413273,1147305.425
2013-08-02,104.62,51681,191438.4537,20028291.03,11497350,64646,3047.602319,913464.1109
2013-08-03,104.5,45746,232185.4289,24263377.32,11501600,49767,2804.853149,676761.174
2013-08-04,104.95,42946,143288.8191,15038161.56,11506075,46551,4312.155351,510656.3113
2013-08-05,105.54,51001,233397.6778,24632790.91,11510800,62137,3009.13311,851665.9579
2013-08-06,106.72,54369,159121.7234,16981470.33,11515550,61187,4448.159726,760801.1325
2013-08-07,106.56,57606,193093.1683,20576008.02,11520200,64954,3426.277121,813434.5173
2013-08-08,105.99,58022,186468.2329,19763768,11525325,60891,5310.781513,725445.1482
2013-08-09,103.01,49658,154711.8654,15936869.25,11530200,54319,4599.463629,621565.7682
2013-08-10,102.8,51695,137639.0073,14149289.95,11535450,51094,3104.525657,517054.8433
2013-08-11,103,38422,132236.8751,13620398.14,11540850,43353,3475.404873,429554.2293
2013-08-12,105,50228,268917.6482,28236353.06,11546250,88571,2687.555843,847386.8341
2013-08-13,106.64,53080,348271.5164,37139674.51,11550825,61005,4199.341732,1301581.439
2013-08-14,109.35,51660,246293.6983,26932215.91,11555025,64243,5052.811959,1341894.853
2013-08-15,99.19,58129,332369.6696,32967747.53,11559275,64588,7812.105755,821528.5496
2013-08-16,98.08,71119,158127.0538,15509101.43,11563475,69111,4640.089354,1073581.796
2013-08-17,98.25,56546,117737.8275,11567741.55,11568225,51598,2886.625365,1006280.918
2013-08-18,99.71,56397,107525.6865,10721386.2,11573075,47444,4590.176141,787710.9407
2013-08-19,99.3,71314,256905.6407,25510730.12,11577500,69236,5239.42541,1115101.02
2013-08-20,102.85,63228,274075.9219,28188708.57,11582250,67419,3851.726973,972227.213
2013-08-21,104.88,60531,253927.7158,26631938.83,11587150,69302,4125.412373,1275639.297
2013-08-22,110.43,66812,183303.9889,20242259.49,11592550,72393,4331.52306,823544.6766
2013-08-23,109.71,55195,177650.0622,19489988.33,11597450,63359,3715.534906,826429.8585
2013-08-24,107.65,51817,143688.2292,15468037.87,11602025,52996,3907.249063,567935.8938
2013-08-25,109.04,44447,106200.0318,11580051.47,11605800,48353,3329.336997,555654.047
2013-08-26,113.28,56093,183303.905,20764666.36,11609950,62217,4782.24497,707687.3929
2013-08-27,111.79,62187,219203.8518,24504798.6,11614175,72059,4454.428804,910293.5517
2013-08-28,117.72,64747,220407.136,25946328.05,11618625,73597,30746.79621,784253.7602
2013-08-29,117.92,58992,235451.5952,27764452.11,11623350,65094,3253.977746,2639151.65
2013-08-30,118.5,62603,198363.9721,23506130.7,11628475,75212,5275.834049,831648.3349
2013-08-31,124.84,47505,157521.5142,19664985.83,11634050,77866,3928.112745,878729.174
2013-09-01,128.52,46598,155456.6996,19979295.03,11639575,47233,3238.405312,823389.1155
2013-09-02,130.67,51266,179371.5465,23438479.98,11644950,52321,6400.096369,813920.621
2013-09-03,130.09,52163,228075.2466,29670308.82,11649800,57454,4099.141067,949784.9403
2013-09-04,129.13,52979,187712.2661,24239284.92,11653875,62447,3586.19702,912174.7134
2013-09-05,122.27,60730,180611.5966,22083379.92,11658350,59898,4080.977788,887243.6611
2013-09-06,122.63,60850,175614.5373,21535610.71,11662975,58464,4718.926128,701587.7054
2013-09-07,117.61,51967,112734.1314,13258661.2,11666600,50956,3022.319692,629569.9295
2013-09-08,119.92,46452,89250.04821,10702865.78,11670525,44651,3163.571485,398165.8505
2013-09-09,118.18,57676,169970.6183,20087127.67,11675600,56478,3729.341848,1030766.757
2013-09-10,120.52,53283,141375.0256,17038518.08,11680375,55495,3141.615773,645379.1505
2013-09-11,122.02,49210,146044.615,17820363.92,11685375,61906,2829.170991,831685.544
2013-09-12,126.54,52300,161872.0358,20483287.41,11690700,63265,3904.737963,703128.1011
2013-09-13,127.07,44834,140562.8481,17861321.11,11695800,57481,2688.154189,654237.8652
2013-09-14,127.14,43560,144046.9469,18314128.83,11701250,45429,3315.526859,572122.2833
2013-09-15,124.05,53672,100919.5625,12519071.73,11705775,44238,3537.610133,403507.5482
2013-09-16,125.35,51885,164808.1377,20658700.07,11709625,57572,5250.582864,678260.9667
2013-09-17,126.2,67931,143689.9722,18133674.49,11714100,60864,38292.56198,627615.1854
2013-09-18,139.15,60551,191396.2243,26632784.61,11718225,64710,19056.65419,806994.2698
2013-09-19,127.12,59815,243304.4158,30928857.34,11722975,67276,11795.18198,833883.7812
2013-09-20,124.18,58994,189243.5862,23500268.53,11727975,66115,4171.813049,734309.0159
2013-09-21,123.04,52498,114678.3254,14110021.16,11732700,55887,3360.006673,452074.3134
2013-09-22,123.42,50903,134300.5686,16575376.18,11737775,51054,3277.106961,495219.3831
2013-09-23,122.93,65328,198498.7823,24401455.31,11743025,67019,5002.858032,1001051.601
2013-09-24,122.65,62592,295263.2512,36214037.76,11748325,65926,5299.718633,949071.8654
2013-09-25,123.75,54548,212332.6528,26276165.79,11753475,64982,4062.583931,827286.0877
2013-09-26,123.4,57545,174829.1748,21573920.18,11757525,65886,3754.371651,745552.0808
2013-09-27,124.65,46920,179789.2318,22410727.75,11761975,64406,10485.8385,690114.8516
2013-09-28,126.7,42580,132613.9032,16802181.54,11766400,56523,3592.476591,533432.6992
2013-09-29,126.54,41181,155597.0484,19689250.5,11770650,56535,3278.740837,554128.0153
2013-09-30,127.01,47156,193095.8835,24525108.16,11774725,67081,3422.668354,826774.0367
2013-10-01,126.25,57171,312776.6746,39488055.17,11779400,73655,6148.293025,1088077.936
2013-10-02,127.54,61964,800698.2531,102121055.2,11784175,77728,20932.38756,1187078.864
2013-10-03,103.85,59551,254994.1197,26481139.33,11789150,66403,3916.23494,927030.8009
2013-10-04,117.57,51940,178981.2035,21042820.09,11793650,63208,3585.895755,802173.6907
2013-10-05,121.94,45479,105969.1253,12921875.14,11799125,51842,3332.502616,448746.4071
2013-10-06,121.2,42857,100388.046,12167031.18,11803750,49517,2610.746422,419308.2664
2013-10-07,122.49,44547,208370.2161,25523267.78,11807650,62040,4136.040392,688597.9799
2013-10-08,123.8,45461,206936.1652,25618697.25,11811700,64024,3316.198122,726416.1691
2013-10-09,124.12,50343,195801.6956,24302906.45,11816150,67064,3804.879351,898551.304
2013-10-10,125.9,56853,159154.9112,20037603.32,11820950,67237,4017.567154,753238.3641
2013-10-11,126.8,51922,183749.257,23299405.79,11825575,65117,3034.891698,829546.5766
2013-10-12,127.41,49474,167434.448,21332823.02,11830925,55313,6046.793102,697904.0551
2013-10-13,127.59,51304,163176.8289,20819731.6,11836450,66517,5517.880706,712638.693
2013-10-14,132.62,57452,185111.788,24549525.32,11842700,68679,4650.251365,920794.5864
2013-10-15,135.17,55826,215837.9868,29174820.68,11849200,71738,5389.713905,924504.8133
2013-10-16,141.02,50826,272980.7156,38495740.51,11854450,77361,7122.023564,1022744.337
2013-10-17,138.19,46870,159804.9872,22083451.18,11858625,65903,5133.28716,847370.7277
2013-10-18,143.94,59661,224959.7721,32380709.6,11863425,70030,7485.802868,937574.9651
2013-10-19,168.2,55311,211838.3119,35631204.06,11869000,74510,6703.625825,1007342.932
2013-10-20,183.18,49418,143487.2517,26283994.76,11873975,61813,5408.247808,722759.7607
2013-10-21,186.12,60451,242481.9617,45130742.71,11879250,79056,7192.068519,1059197.274
2013-10-22,179.8,65048,402004.17,72280349.76,11885375,91759,10941.70634,1207623.105
2013-10-23,189.75,55314,283000.4191,53699329.53,11890900,87018,8884.284575,1090723.874
2013-10-24,203.7,63634,237161.2295,48309742.45,11896275,89418,10594.84514,1029103.303
2013-10-25,195.33,57471,381725.7926,74562499.07,11902150,80608,10737.94999,2817468.477
2013-10-26,186.85,47747,221326.6636,41354887.09,11906700,60631,7472.351099,686765.4694
2013-10-27,179.56,43691,120030.1606,21552615.63,11911175,54721,15499.64739,509803.6489
2013-10-28,194.06,51104,129289.9784,25090013.21,11915550,68820,6104.069808,645713.4671
2013-10-29,206.9,49930,290658.7383,60137292.96,11919550,70371,7369.157273,1686428.347
2013-10-30,216,48446,191943.3018,41459753.2,11924425,78591,7202.230404,717093.1601
2013-10-31,206.01,58181,163795.1214,33743432.97,11929700,79243,6707.625272,685268.253
2013-11-01,203.54,45371,152382.9743,31016030.59,11934900,71947,7162.386461,636845.8532
2013-11-02,203,39181,125217.8164,25419216.72,11939950,65176,4861.352932,649240.3649
2013-11-03,204.86,35947,138504.4651,28374024.73,11944750,65338,8474.480302,593816.3635
2013-11-04,209.8,45523,309785.9641,64993095.26,11949625,83348,11004.90953,974062.7146
2013-11-05,229.95,51597,302095.1378,69466776.94,11953975,97335,11129.73724,1115521.378
2013-11-06,252.59,55008,228992.4453,57841201.75,11958050,97369,36900.40843,916641.1745
2013-11-07,265.1,60535,383539.9654,101676444.8,11961650,109301,34311.58316,1211667.364
2013-11-08,291.02,59223,288727.8399,84025575.97,11965000,106680,31086.80653,1071531.007
2013-11-09,334,55204,274724.4923,91757980.44,11968700,106130,18864.20041,900392.5
2013-11-10,330,57538,241230.324,79606006.92,11972975,95024,15279.57933,801259.5681
2013-11-11,328,57405,231380.8971,75892934.25,11977650,88300,21675.20425,748279.4896
2013-11-12,343.61,58307,246740.6943,84782569.98,11982675,98250,8062.887395,1109036.94
2013-11-13,354.9,64870,264445.395,93851670.68,11986875,101388,8716.205898,1267483.082
2013-11-14,393,69413,299626.3412,117753152.1,11991450,112531,10351.37595,1155028.594
2013-11-15,415,60914,264911.783,109938390,11995600,102176,8041.888227,2576469.358
2013-11-16,412.03,47175,212658.1721,87621546.64,12000450,88478,6272.227235,1491006.283
2013-11-17,437.24,51323,227893.463,99644137.78,12005100,89325,8390.085631,1158208.923
2013-11-18,475,79032,368335.8899,174959547.7,12009000,140360,13924.82042,2124183.596
2013-11-19,660.2,92907,403592.7928,266451961.8,12013025,170557,21249.2984,2269134.472
2013-11-20,547,77558,373570.4319,204343026.2,12017125,139562,14090.68621,1690347.12
2013-11-21,597.98,71822,284416.6694,170075480,12020875,128839,17933.69496,2192970.79
2013-11-22,716.77,76947,661263.9348,473974150.5,12025175,137706,17239.64913,2393219.997
2013-11-23,795,72545,228894.0047,181970733.7,12029425,130687,17506.17756,1533323.423
2013-11-24,829.99,60861,226552.915,188036653.9,12033625,102145,15223.10629,1518872.511
2013-11-25,807.5,71793,205241.6459,165732629,12037950,121251,18207.33061,1449270.803
2013-11-26,814.56,83383,329740.8358,268593695.2,12041925,153552,22395.73231,4028498.095
2013-11-27,917.79,95531,350641.6701,321815418.4,12046250,170801,31017.03983,3323866.014
2013-11-28,965,98921,376381.5469,363208192.7,12050775,174633,30631.8925,3418563.354
2013-11-29,1014.1,90084,354837.0345,359840236.7,12055100,162274,27957.80141,2602929.477
2013-11-30,1133.95,73890,200329.2241,227163323.7,12059375,138750,22912.85729,1846254.621
2013-12-01,1119.2,73442,317875.493,355766251.8,12064375,136377,39829.00924,1514955.776
2013-12-02,955.01,75570,204924.0123,195704481,12068350,146063,20969.22311,1424490.905
2013-12-03,1043.98,77667,206792.7413,215887486.1,12073350,148813,30895.77136,1190034.162
2013-12-04,1050.21,79624,202363.0148,212523661.8,12077625,154055,24226.91921,1348811.582
2013-12-05,1136.9,83283,353617.9204,402028213.7,12081875,157285,26643.36759,1550468.126
2013-12-06,1035,72099,274820.601,284439322.1,12087075,142973,21829.22401,1163609.989
2013-12-07,800,67712,301841.7879,241473430.3,12091950,129059,31581.73745,2357745.29
2013-12-08,705.91,47477,178860.5756,126259468.9,12096825,95435,8547.856587,1219503.569
2013-12-09,786.6,63625,148591.3533,116881958.5,12101225,136327,13779.01196,1216713.743
2013-12-10,894,67623,183076.6601,163670534.1,12106025,128426,16743.70723,837532.2577
2013-12-11,978.76,67305,246849.3867,241606305.7,12110150,127804,18127.60587,1113758.034
2013-12-12,876.88,58219,112240.1296,98421124.86,12114225,111331,13423.0679,915052.3852
2013-12-13,874.72,60059,126136.6461,110334247.1,12118550,121972,14453.93221,914064.0033
2013-12-14,885,54113,129164.7764,114310827.1,12123525,111422,11463.77099,620668.8341
2013-12-15,850.81,52308,104402.442,88826641.72,12127950,106045,10509.47665,462646.4294
2013-12-16,862.98,69382,515389.7962,444771086.3,12132975,145742,21344.66157,2092813.087
2013-12-17,690,67740,233480.3382,161101433.4,12138050,133831,11681.0713,1586643.438
2013-12-18,673.62,81510,419303.4029,282451158.3,12143025,152236,14278.35613,1996820.806
2013-12-19,522,70278,286223.2273,149408524.7,12148675,134046,8966.806249,1364026.925
2013-12-20,685.3,65083,191952.755,131545223,12153125,118892,12577.56635,940326.3079
2013-12-21,613.87,56083,290506.678,178333334.4,12157150,107061,8008.642218,977633.7192
2013-12-22,599.91,52897,182122.7214,109257241.8,12161375,99505,7016.486889,920403.1395
2013-12-23,614.11,54267,132693.4008,81488344.38,12165650,132256,8297.629697,722235.1938
2013-12-24,659.99,55865,311308.4487,205460463.1,12169875,114065,9419.354834,886524.55
2013-12-25,653,55428,227747.3064,148718991.1,12173925,113223,8130.987702,878219.3138
2013-12-26,679.02,51276,114673.7829,77865792.04,12178425,106343,9682.703839,620433.4836
2013-12-27,747,52674,114471.4925,85510204.92,12183025,110058,10102.31869,606017.945
2013-12-28,723.98,48009,85151.96958,61648322.93,12186775,95057,9336.96807,614290.1353
2013-12-29,715,51325,85174.38904,60899688.16,12190975,94132,10969.73073,837535.4318
2013-12-30,728.19,55613,117471.6746,85541698.73,12195300,133540,9336.950005,814654.6426
2013-12-31,736.5,48847,109658.035,80763142.78,12199900,100706,8741.379287,508295.9641
2014-01-01,732,43070,106343.4024,77843370.53,12205025,85153,8875.192348,538983.2921
2014-01-02,749.27,54770,115190.892,86309079.62,12208375,114151,10768.41933,709298.4927
2014-01-03,781.23,60980,207261.5071,161918907.2,12212400,122070,11606.4894,897783.4574
2014-01-04,807.39,52052,156832.5769,126625054.3,12215925,99666,11351.62814,635106.0756
2014-01-05,828.74,58662,208434.8659,172738310.8,12220750,114078,12960.54976,934422.9438
2014-01-06,904.98,67358,159911.5151,144716723,12225400,151592,28021.51246,997845.849
2014-01-07,915.69,62911,123601.8322,113180961.7,12229825,121168,15269.13885,924867.9333
2014-01-08,790,61439,142522.5582,112592821,12234650,128008,12693.14513,799048.9549
2014-01-09,823.3,59031,94032.34379,77416828.64,12239825,116570,11757.01361,597510.9776
2014-01-10,826.28,54166,84310.69187,69664238.48,12244500,108863,11697.335,569351.6095
2014-01-11,853.99,55856,117326.6686,100195801.7,12249750,111256,12970.01751,425028.4018
2014-01-12,895,50537,85768.13582,76762481.56,12254925,100294,11070.2247,421547.0147
2014-01-13,844.04,53461,104066.7817,87836526.46,12259150,133710,11360.44179,529745.6572
2014-01-14,823,57378,127923.4993,105281039.9,12263200,110009,13778.87411,749007.4999
2014-01-15,816,61612,111318.6573,90836024.37,12267800,115651,14605.9545,605639.3432
2014-01-16,841.83,56703,117845.166,99205596.07,12272425,108455,11728.77912,605276.8482
2014-01-17,817.15,59026,88969.53781,72701457.82,12276225,113841,12960.77387,426181.2177
2014-01-18,792,51573,56450.84836,44709071.9,12280575,92393,10511.74591,357883.1801
2014-01-19,811.2,48005,77210.38977,62633068.19,12284800,95238,10156.61728,567071.2878
2014-01-20,841.1,63003,116833.861,98268960.52,12289675,152042,14161.78888,784430.3026
2014-01-21,827.81,72577,141461.1375,117102944.2,12293825,137213,13783.23411,622105.8079
2014-01-22,824.78,65835,102947.0656,84908680.73,12298625,132174,13884.31879,493075.8964
2014-01-23,819.62,63576,120091.1337,98429094.98,12303050,124504,16566.63746,512798.0315
2014-01-24,811.22,65600,141953.8559,115155807,12307775,123371,14056.20504,747873.4575
2014-01-25,780.02,53864,97751.81019,76248366.98,12311900,107992,10847.59649,463780.2737
2014-01-26,805,53582,97982.72188,78876091.12,12315700,109747,12096.48781,399122.9784
2014-01-27,814.21,64374,170771.0705,139043513.3,12320050,151306,15617.82369,907240.1301
2014-01-28,747.57,65762,123605.187,92403529.62,12323900,134406,11564.43438,648369.537
2014-01-29,785.6,59682,74777.9759,58745577.87,12327700,122232,11319.90426,485524.8548
2014-01-30,794,60799,107473.1819,85333706.43,12332100,131665,11643.52622,531188.2026
2014-01-31,800,60269,66827.65351,53462122.81,12336700,131259,12641.89074,409190.8842
2014-02-01,803,54838,74608.29923,59910464.28,12341425,120110,10486.15316,452663.5986
2014-02-02,817.08,52483,65535.91029,53548081.58,12346075,115532,9642.868577,492688.4158
2014-02-03,814.34,57600,71232.13411,58007176.09,12350600,151697,10645.13042,482423.6523
2014-02-04,808.5,69799,128530.775,103917131.6,12354900,146783,14086.48683,793134.5418
2014-02-05,802.99,67529,226124.6218,181575810,12359100,134434,12855.5969,800217.0139
2014-02-06,781,70160,158215.4839,123566292.9,12363650,143631,14543.40755,664620.6977
2014-02-07,763.97,70514,157383.6414,120236380.6,12367525,142073,12150.40142,867398.6648
2014-02-08,710.01,65009,95011.29169,67458967.21,12372075,128846,10453.27853,569456.792
2014-02-09,680.8,56579,79615.37467,54202147.07,12375525,110355,7713.853601,491172.0022
2014-02-10,687.37,66850,157099.1513,107985243.6,12379425,152323,9912.49204,802093.1248
2014-02-11,688.68,67229,153579.4666,105767107,12383525,129779,9527.328681,701410.5387
2014-02-12,675.1,62126,112658.8985,76056022.4,12387975,124023,12656.22663,619251.5189
2014-02-13,652.91,67339,107819.6241,70396510.77,12392425,129640,10616.90453,646304.3605
2014-02-14,610,74889,133973.5406,81723859.77,12397200,144009,11344.45921,729124.975
2014-02-15,670.29,61896,112820.8499,75622687.51,12401875,128245,9469.825174,963648.9787
2014-02-16,655.71,57531,123891.8977,81237156.26,12406750,107390,8954.364403,628651.4744
2014-02-17,623.88,60853,104987.5692,65499644.68,12410625,148093,20380.33051,505521.0846
2014-02-18,629.96,65408,134300.9131,84604203.21,12414700,132286,9828.726118,501226.9223
2014-02-19,629.59,70142,96489.57606,60748872.19,12419700,154079,10402.13909,461038.0478
2014-02-20,624.85,71144,125438.7314,78380391.31,12424125,159785,11582.50464,563356.8615
2014-02-21,563,69390,106248.2242,59817750.23,12427925,156400,8454.889264,521821.9331
2014-02-22,579.5,58549,99137.39408,57450119.87,12432400,134765,7901.807721,401525.542
2014-02-23,612.48,60198,103524.6266,63406763.32,12436625,144957,9130.352307,415623.7778
2014-02-24,611.05,73796,187721.0636,114706955.9,12441400,193162,10429.16024,776198.313
2014-02-25,542.68,80082,317849.39,172490507,12445425,183668,11519.788,1091107.016
2014-02-26,559.52,71897,189572.1794,106069425.8,12449975,166942,10176.47652,691431.9311
2014-02-27,585.21,72138,129847.4866,75988047.62,12454725,162312,10026.42848,584827.7274
2014-02-28,583.05,70290,173040.8207,100891450.5,12459250,145370,11480.06205,593174.3946
2014-03-01,553,63402,109620.2445,60619995.2,12462850,153084,8618.271767,824438.3758
2014-03-02,567.48,56635,75695.56259,42955717.86,12466350,134483,6424.255571,555305.9434
2014-03-03,561,81264,206507.9737,115850973.3,12470050,207617,10491.43395,1068743.367
2014-03-04,681.96,84600,223136.353,152170067.3,12473775,201000,13895.86635,1026802.034
2014-03-05,673.28,72392,139753.5875,94093295.4,12477675,172202,11736.10714,688295.9949
2014-03-06,670.7,70527,128912.2658,86461456.68,12482000,169426,10899.98194,629317.3273
2014-03-07,669,72345,1064627.012,712235470.9,12486150,156936,13015.81946,2470773.459
2014-03-08,631.99,64590,547418.6903,345963138.1,12490350,149419,9380.492071,1585837.166
2014-03-09,622.38,62161,400791.1291,249444382.9,12494825,149990,8536.285098,947172.404
2014-03-10,639.9,70884,414882.8567,265483540,12498550,171342,11569.03211,1521682.947
2014-03-11,629.33,76204,450356.5251,283422871.9,12502750,155145,12174.007,988209.0464
2014-03-12,632.1,76339,386915.4143,244569233.4,12507300,166882,11489.06041,1058791.468
2014-03-13,634.95,72805,537825.3666,341492216.5,12511350,163734,13032.61989,767859.0098
2014-03-14,641.01,70615,214523.0324,137511409,12514675,135298,9050.01211,628708.136
2014-03-15,630.42,60308,206476.291,130166783.3,12518800,120614,7216.813297,585263.3653
2014-03-16,637.24,59332,62611.4175,39898499.69,12523075,120423,9856.043992,389239.4382
2014-03-17,634.99,66396,98366.61052,62461814.02,12527100,162111,9579.845811,555550.2054
2014-03-18,624.71,54142,104327.6907,65174551.68,12530750,118351,6479.303276,2645634.241
2014-03-19,615.49,73804,142111.5482,87468236.8,12534750,141597,8714.645961,1107106.062
2014-03-20,611.2,71002,136528.811,83446409.27,12539175,136364,9276.775869,684384.7819
2014-03-21,585.6,73091,140708.3045,82398783.11,12543825,157457,10571.59896,603562.3777
2014-03-22,572.89,66673,77899.33142,44627747.97,12548075,135217,11172.12979,420925.0432
2014-03-23,563.01,57811,48392.94468,27245711.79,12553425,126956,7327.452814,337434.3697
2014-03-24,559.54,70983,107583.3639,60197195.46,12558125,169414,8063.948077,675804.2103
2014-03-25,585.58,71883,86705.11619,50772781.94,12562050,143947,8987.669108,548070.4505
2014-03-26,585.79,68315,111743.865,65458438.67,12566025,146839,10416.32927,521418.6761
2014-03-27,578.5,71719,197774.5377,114412570.1,12570350,160637,9309.210465,792964.8434
2014-03-28,474.2,67079,192007.144,91049787.68,12574700,158001,6788.803743,827702.7215
2014-03-29,499.6,53250,63738.04213,31843525.85,12579050,127427,5197.58883,401778.3877
2014-03-30,490,56467,107435.5091,52643399.47,12582550,147993,5745.397897,597958.7101
2014-03-31,458.66,65448,154972.8753,71079858.97,12587075,148468,7008.058924,754253.666
2014-04-01,457.49,64136,130957.8224,59911894.15,12591350,155429,6142.131655,687092.9129
2014-04-02,479,66862,171229.6365,82018995.86,12596250,153963,8109.901737,755676.8618
2014-04-03,439.12,67075,167430.5123,73522086.58,12601375,125717,6453.337736,789190.9681
2014-04-04,448.72,65692,138723.8508,62248166.31,12606250,154707,6449.48778,670524.7814
2014-04-05,452,55795,139680.8392,63135739.3,12610525,131344,6260.901499,731651.0799
2014-04-06,463,50010,97239.34256,45021815.6,12614300,167245,6256.895854,443646.5486
2014-04-07,458,65810,93787.75762,42954792.99,12618075,136394,7696.373536,467993.2299
2014-04-08,449.99,67841,118193.4921,53185889.49,12621425,142384,7490.905025,460051.0422
2014-04-09,453,65153,158623.0876,71856258.7,12625450,153632,9943.595222,606629.8773
2014-04-10,441.93,68027,298819.3633,132057241.2,12629325,159374,8504.059167,832228.2936
2014-04-11,369,65732,189792.1933,70033319.33,12633550,148338,5606.42205,785031.3897
2014-04-12,423.4,47740,68816.55401,29136928.97,12637575,112455,4287.143072,405025.8453
2014-04-13,423.37,51168,68040.57873,28806339.82,12642250,156895,5032.679736,415396.6019
2014-04-14,417.58,70219,128481.241,53651196.62,12647075,158066,7207.422319,618413.598
2014-04-15,459.64,72809,146588.5229,67377948.66,12651625,156359,9674.244908,669588.7426
2014-04-16,523,68594,236262.993,123565545.3,12655600,149841,8876.057132,808972.6865
2014-04-17,526.29,65190,129836.0877,68331434.6,12659825,131868,8840.66606,814063.298
2014-04-18,498.2,56996,88597.73745,44139392.8,12663825,128648,7357.991103,781666.5723
2014-04-19,482.11,53515,65153.43751,31411123.76,12667800,118692,7737.645981,460095.5667
2014-04-20,503.8,49043,75667.02566,38121047.53,12672250,147204,6279.802912,419106.1734
2014-04-21,501.54,58110,161100.9049,80798547.84,12676525,121759,7648.142423,726993.2594
2014-04-22,498.38,78042,106450.2336,53052667.4,12680375,162297,8141.976567,886317.3472
2014-04-23,488.52,73954,145143.8321,70905664.86,12684500,135242,9831.652313,680231.1471
2014-04-24,491.99,72694,104444.4272,51385613.76,12688275,135134,9329.635235,442259.6661
2014-04-25,502.15,72650,150507.5022,75577342.25,12692825,154706,8454.169305,557906.3855
2014-04-26,463.13,52175,74417.09249,34464788.04,12696900,114923,4601.595768,338826.0316
2014-04-27,461.48,52629,80297.23764,37055569.22,12701325,148161,7209.383522,304654.6993
2014-04-28,438.8,64546,122246.1611,53641615.5,12705125,146280,6304.973458,582844.6363
2014-04-29,442.44,65038,137376.677,60780936.99,12709375,141443,6757.607265,562617.983
2014-04-30,448,63657,88410.57398,39607937.15,12712825,138804,6323.609846,489352.7345
2014-05-01,452.03,59658,93342.84925,42193768.15,12717225,132989,6148.097115,449043.5557
2014-05-02,460.97,59981,103501.5692,47711118.36,12721250,122570,7308.270064,658715.6019
2014-05-03,454.9,54157,63304.55681,28797242.9,12724800,98010,5028.310548,557392.9599
2014-05-04,440,51769,60204.44331,26489955.06,12728575,136682,5152.036639,428868.453
2014-05-05,436.75,67763,80913.85312,35339125.35,12731700,126823,6535.359899,633594.6816
2014-05-06,433,77228,87934.59246,38075678.54,12736550,144318,7467.440809,687403.1881
2014-05-07,428.01,69825,132193.3888,56580092.33,12740525,139545,6997.345441,840071.9569
2014-05-08,440.88,68937,98389.83952,43378112.45,12744700,140028,6719.543179,1349234.532
2014-05-09,437.61,66293,84492.73094,36974863.99,12748950,136384,7633.639888,1255094.392
2014-05-10,449,56416,57161.64297,25665577.69,12753425,115894,4984.520886,680089.586
2014-05-11,457,52590,57738.57654,26386529.48,12757225,145663,5097.087531,450023.2819
2014-05-12,437.81,74418,101102.9436,44263879.72,12761325,128562,7133.805881,553883.0327
2014-05-13,442.45,69357,85427.11321,37797226.24,12765375,126152,6234.825146,678338.7949
2014-05-14,439.12,69808,131677.7728,57822343.6,12769125,136797,5793.614374,729099.5184
2014-05-15,444.65,74893,105785.7654,47037640.57,12773400,149729,6501.34349,826657.6164
2014-05-16,446.53,65433,74838.68259,33417716.94,12777925,123629,5525.483198,651741.4252
2014-05-17,449.12,53511,55678.25096,25006216.07,12782250,109902,5646.187276,486627.9249
2014-05-18,448.66,49912,58729.13855,26349415.3,12786550,151253,4876.247607,273970.0391
2014-05-19,446.89,64094,128001.2296,57202469.51,12790750,137175,7130.957604,529418.7862
2014-05-20,448.02,71520,159248.8608,71346674.63,12795175,162024,6800.83216,1500132.136
2014-05-21,488.12,68905,104909.416,51208384.13,12799550,131323,7111.527564,724297.9236
2014-05-22,493.97,73343,118083.3585,58329636.59,12803850,137973,6850.642235,773918.6402
2014-05-23,528.32,72810,139186.0404,73534768.84,12807975,150893,7311.244523,1247509.853
2014-05-24,521.1,52872,339602.0258,176966615.7,12811825,103212,6606.702911,915433.5492
2014-05-25,527.91,57566,157753.032,83279403.1,12815850,165704,6261.928286,841110.0237
2014-05-26,569.93,67007,115036.287,65562631.04,12819800,143041,7969.269831,760758.6263
2014-05-27,584.88,68524,178243.607,104251120.9,12823200,150775,7345.392687,951817.2494
2014-05-28,572.7,72338,102769.1558,58855895.54,12827425,156184,8907.815374,869282.3392
2014-05-29,581,65362,81077.53087,47106045.44,12830950,145139,7186.117993,659714.0451
2014-05-30,569.01,65127,130203.1438,74086890.87,12835125,127995,6991.931407,929717.7561
2014-05-31,621.3,52172,84112.24842,52258939.94,12838800,123644,6314.168988,588130.1599
2014-06-01,626.5,55222,113343.0619,71009428.31,12843175,167932,7297.017361,742697.8349
2014-06-02,630.71,64434,121138.4382,76403224.39,12848000,149237,8438.533471,952286.473
2014-06-03,662,69655,112532.6517,74496615.42,12852425,160756,9274.750944,906950.8893
2014-06-04,670.14,65094,117537.1221,78766326.97,12856975,148353,8639.809852,1034442.67
2014-06-05,642.86,66945,111297.6672,71548818.33,12860775,154509,8506.433976,950750.3913
2014-06-06,661.48,62342,105519.5375,69799063.69,12864250,143645,7830.520598,1049433.722
2014-06-07,649,51210,63163.51379,40993120.45,12868125,120890,6213.647155,606545.1849
2014-06-08,657.12,48308,59680.8393,39217473.12,12871525,153210,6295.83023,772391.1623
2014-06-09,657.11,59875,90508.78129,59474225.28,12875425,137265,8125.829902,389374.168
2014-06-10,648.81,63316,166601.5881,108092776.4,12879600,146486,8775.204702,595395.8375
2014-06-11,648.55,62827,147741.16,95817529.33,12883250,145154,8199.187045,533894.9103
2014-06-12,624.97,64744,852083.9331,532526895.7,12887550,146361,9410.58182,1111447.581
2014-06-13,574.85,64739,111871.2774,64309203.81,12891625,146417,7428.202479,746631.5273
2014-06-14,591.55,53596,89785.3789,53112540.89,12896075,128268,6485.329757,460635.3133
2014-06-15,572.28,53916,59523.02525,34063836.89,12900825,156625,6213.158713,447016.4093
2014-06-16,592.89,68262,106229.2806,62982278.18,12905525,151411,7870.080372,741260.5615
2014-06-17,586,70077,90944.44947,53293447.39,12910125,161493,8097.662746,483436.5514
2014-06-18,608,63888,92678.97969,56348819.65,12914075,144626,8382.880955,549689.6139
2014-06-19,608,62454,88438.93007,53770869.48,12918250,132614,8036.519461,723576.4639
2014-06-20,595.15,57381,79243.81339,47161955.54,12922900,133214,7438.91602,563146.4864
2014-06-21,593.48,51173,59901.97761,35550625.67,12927550,130125,5844.875002,461927.0467
2014-06-22,590.96,50104,60118.73247,35527766.14,12932050,163514,6445.118018,528044.1749
2014-06-23,598.76,60216,157149.5635,94094872.67,12936450,136813,7408.793624,623384.0952
2014-06-24,588.25,64883,197535.4136,116200207,12941150,148534,7087.218076,882381.495
2014-06-25,574.98,64397,110079.6504,63293597.37,12945825,150394,7687.958465,503311.0501
2014-06-26,560.76,61432,114618.7374,64273603.16,12950100,136793,6586.065335,513326.251
2014-06-27,577.34,62966,93027.31185,53708388.22,12955025,144281,6875.888608,487614.046
2014-06-28,599,54392,61211.35954,36665604.36,12959575,119637,6471.482855,339025.5712
2014-06-29,590,49922,61415.55893,36235179.77,12963525,155427,6068.692127,369039.9719
2014-06-30,599.99,69403,105121.981,63072137.37,12966800,153158,7797.474606,670095.3385
2014-07-01,638.99,69443,164953.2375,105403469.2,12970125,157472,9638.128315,891551.8063
2014-07-02,639.25,66728,113892.2364,72805612.12,12973550,152173,8305.059169,944001.2797
2014-07-03,650.49,62849,106098.8614,69016248.34,12977025,135992,7825.126542,604883.4645
2014-07-04,645.35,59494,72056.88758,46501912.4,12981175,122293,7433.39247,389934.9865
2014-07-05,626.16,49954,51757.81392,32408672.76,12984975,110447,5374.922375,421945.4195
2014-07-06,631,52139,44475.66086,28064142,12988525,163144,6289.045607,373704.7216
2014-07-07,633.74,64686,98106.84521,62174232.09,12992275,159811,7766.368036,470317.6104
2014-07-08,624.35,70117,74621.3738,46589854.73,12996025,184360,8056.971183,368883.9472
2014-07-09,624.97,68518,95708.88909,59815184.42,13000175,157335,8053.829179,467382.0693
2014-07-10,621.95,64605,100164.5721,62297355.64,13003900,147432,7989.266518,517645.0238
2014-07-11,616.8,59077,71712.65784,44232367.35,13007800,145271,7253.4956,423733.2977
2014-07-12,634,53454,59110.24633,37475896.17,13011725,134802,6273.839703,469369.1335
2014-07-13,636.18,52417,73150.12829,46536648.61,13015725,168917,6660.50723,482605.8066
2014-07-14,630.43,62761,72512.68997,45714175.14,13019100,138366,7863.138136,508730.2066
2014-07-15,621.21,72316,81182.79593,50431564.66,13023075,154269,8913.07093,564831.83
2014-07-16,624.07,65571,112557.9687,70244051.51,13026675,144076,8511.798831,602509.2365
2014-07-17,617.41,66233,79857.85451,49305037.95,13030975,147920,8012.767429,468015.2489
2014-07-18,625.8,64062,91142.87584,57037211.7,13035275,141523,9172.443469,514425.2219
2014-07-19,631.85,59553,90879.19431,57422018.93,13039700,131462,7368.30344,308098.5166
2014-07-20,630,52001,44062.90511,27759630.22,13043575,170737,6457.372526,283901.8692
2014-07-21,627,64190,129905.4087,81450691.23,13047450,135234,7687.733169,448465.5867
2014-07-22,622.23,66858,89012.68973,55386365.93,13051000,141538,8093.863784,385105.1769
2014-07-23,620,66883,79589.68726,49345606.1,13054650,151146,7264.270201,414650.4
2014-07-24,620.43,66276,120478.5448,74748503.52,13058225,149324,7194.43632,536981.6775
2014-07-25,603.96,61498,76528.1473,46219939.84,13062300,152439,6568.959302,495814.6996
2014-07-26,602.9,56333,54219.97858,32689225.09,13065650,119755,5660.301081,309235.9587
2014-07-27,595.9,51991,60819.86663,36242558.52,13069475,162972,5935.024851,261543.5148
2014-07-28,593.68,64744,94533.54799,56122676.77,13073225,147974,6783.238844,489947.4799
2014-07-29,589.94,61607,81394.02366,48017590.32,13076950,142385,6774.804857,495080.2015
2014-07-30,585.5,66153,103678.0944,60703524.28,13081250,156102,8554.783119,420687.4496
2014-07-31,563.35,69761,93430.93159,52634315.31,13085100,148020,7281.649903,427508.9225
2014-08-01,582.04,67915,188295.3151,109595405.2,13089025,150907,7164.90644,465864.5607
2014-08-02,595.76,54989,75670.54,45081480.91,13093100,121519,5889.909505,389351.1238
2014-08-03,589.59,53621,55835.12579,32919831.81,13096950,151735,5349.940497,421225.0773
2014-08-04,583.81,67847,119194.0553,69586681.43,13100150,134288,6760.511095,428826.6255
2014-08-05,588.5,72823,167104.2318,98340840.42,13103525,168882,7254.562349,618996.1628
2014-08-06,581.96,80402,117425.1518,68336741.35,13107625,173282,8768.460346,465456.2037
2014-08-07,582.73,69913,97533.93094,56835947.58,13111625,151230,6816.472526,433895.6363
2014-08-08,585.02,68262,82815.79773,48448897.99,13115550,149498,7547.663845,337944.1528
2014-08-09,588.98,60634,101546.4514,59808828.95,13120125,130462,6221.513825,363379.3998
2014-08-10,589.6,57913,68728.31041,40522211.81,13124550,174825,6782.659565,363132.0734
2014-08-11,590.74,75575,97010.07969,57307734.48,13129100,170341,8155.112291,559067.8898
2014-08-12,574.01,76982,120688.8587,69276611.81,13133450,175058,7960.587644,737827.3734
2014-08-13,569.01,75738,137558.5421,78272186.01,13137075,169355,7541.596472,708436.2301
2014-08-14,549.98,79082,159324.3285,87625194.19,13141575,165350,7442.261509,747261.4703
2014-08-15,504.51,73193,151042.6073,76202505.79,13145700,158933,6611.450552,771484.0225
2014-08-16,500.39,67974,96737.63255,48406543.95,13149650,146332,7171.218931,673986.8054
2014-08-17,523.88,60223,106309.2536,55693291.79,13153900,179878,35277.07304,502236.3566
2014-08-18,498.17,72758,202217.2334,100738559.2,13158850,167625,6974.983543,1016626.951
2014-08-19,474.95,74740,124970.4837,59354731.21,13163500,161716,6853.541438,631401.0907
2014-08-20,490,73842,116492.6249,57081386.2,13167725,163469,6358.0009,564014.5462
2014-08-21,518.82,73164,162912.1997,84522107.44,13171850,169811,6400.429773,769920.7783
2014-08-22,521.12,66998,105908.9519,55191273,13175775,156690,5806.482614,3174695.278
2014-08-23,515.69,57593,90907.6247,46880152.98,13179825,128246,5387.908446,704590.96
2014-08-24,495.27,56695,58670.45102,29057714.28,13183475,185028,4912.097027,415572.7329
2014-08-25,508.03,69894,171653.5854,87205170.97,13186900,154245,8826.404725,951963.744
2014-08-26,501.55,72660,102017.8271,51167041.19,13191225,163451,6462.156496,1788493.65
2014-08-27,513.92,74581,131845.0984,67757832.95,13195450,157523,6417.369872,1439343.097
2014-08-28,511.77,68628,148586.8242,76042279.02,13199775,167080,5817.424452,733294.4163
2014-08-29,506.61,68614,279467.4062,141580982.6,13204025,140682,6279.595806,593794.3241
2014-08-30,509.3,61214,62606.42946,31885454.53,13208575,141380,5122.834998,597963.5577
2014-08-31,501,57755,75289.06023,37719819.17,13213275,170749,4930.983102,515766.1978
2014-09-01,478.87,70383,106560.1213,51028445.3,13216675,167302,5929.784923,708067.7322
2014-09-02,476.36,71909,134935.0113,64277641.98,13220350,155595,6008.49412,574265.5103
2014-09-03,473.53,71868,112712.7698,53372877.87,13224575,146140,6233.905228,502331.3874
2014-09-04,474.5,70810,109069.9186,51753676.4,13228525,153958,6141.087238,451973.7911
2014-09-05,488.87,68038,109047.1601,53309885.14,13232150,156320,5864.445919,494053.5259
2014-09-06,485.91,63369,94964.06287,46143987.79,13236625,133875,5475.279293,316335.5749
2014-09-07,479.59,60352,83702.91233,40143079.72,13240500,212749,10193.92136,372332.0464
2014-09-08,476.53,75766,113673.1358,54168659.41,13244100,161630,6630.387922,502091.933
2014-09-09,467.85,81812,152461.9767,71329335.81,13247750,174038,7390.395482,523185.469
2014-09-10,473.35,72558,125326.0755,59323097.83,13251675,155747,7677.472558,472432.4856
2014-09-11,477.74,66026,116730.5652,55766860.23,13255925,149290,5452.524358,449455.9751
2014-09-12,477.73,68384,115846.7144,55343450.87,13259775,146245,5772.165206,461999.1648
2014-09-13,474.62,61246,72037.15031,34190272.28,13264300,132966,5347.238374,329720.3028
2014-09-14,476.92,67655,85596.36597,40822618.86,13268250,213769,6075.242539,370679.1166
2014-09-15,474.35,78666,115353.5298,54717946.85,13272200,160989,6589.445111,463879.0117
2014-09-16,470.83,87234,108933.5108,51289164.88,13276475,182666,7496.952443,434785.7579
2014-09-17,463.4,80305,123190.6803,57086561.27,13281125,163698,5992.651399,477371.0296
2014-09-18,453.9,77364,175188.5387,79518077.71,13285600,165517,6033.262208,704089.5903
2014-09-19,425.56,69437,219820.2412,93546701.86,13289875,143062,5098.280371,709207.1747
2014-09-20,395.67,63482,176331.4572,69769067.67,13294275,140496,4632.185755,754422.1647
2014-09-21,411.71,59800,119008.2719,48996895.64,13298375,183275,4207.641303,801876.1426
2014-09-22,401.15,73289,105999.3474,42521638.23,13302575,170784,5335.347872,539538.2129
2014-09-23,399.95,77283,157508.8427,62995661.62,13306325,163696,6162.760795,788111.1371
2014-09-24,440.03,74974,123544.5826,54363322.68,13310225,164370,5905.026196,912778.1448
2014-09-25,423.68,78523,131356.1589,55652977.41,13314525,168665,6205.352256,679083.4225
2014-09-26,410.19,72555,119788.8872,49136203.66,13317875,154395,19883.40277,564149.0044
2014-09-27,404.71,62973,90267.00503,36531959.6,13321200,141428,4444.528891,518481.5177
2014-09-28,400.39,62605,107056.7538,42864453.66,13324475,214115,4923.261809,465163.6714
2014-09-29,375.24,77924,178914.941,67136042.45,13327900,159257,4798.09846,704387.9497
2014-09-30,373.87,78006,163149.5283,60996714.13,13331725,184878,4974.620334,666870.4414
2014-10-01,390.18,78779,140736.4981,54912566.84,13335600,184302,5361.067211,700946.5241
2014-10-02,384.04,72059,126935.8178,48748431.48,13339025,156333,4726.956359,599176.4617
2014-10-03,375.78,75121,177903.408,66852542.65,13342700,150088,4795.692917,727849.463
2014-10-04,358.9,66632,185386.0854,66535066.06,13346550,140633,5508.515662,653572.4996
2014-10-05,328.39,67330,281608.0517,92477268.09,13350775,220026,4260.591164,928155.201
2014-10-06,323.94,78049,250009.7016,80988142.75,13354800,157072,4354.707986,1129892.51
2014-10-07,327.61,79069,145412.0983,47638457.52,13358150,171824,4426.828379,863049.4237
2014-10-08,334.06,78818,206566.9219,69005745.92,13361750,161782,4441.43655,904441.452
2014-10-09,357,82789,240873.1604,85991718.25,13365450,159411,5665.373201,974536.0041
2014-10-10,363.61,81058,234810.8649,85379578.58,13369325,171643,5186.367325,985124.6401
2014-10-11,360.9,65020,159363.4182,57514257.64,13372925,139081,4592.77722,585164.3364
2014-10-12,361.95,63509,119417.7318,43223248.03,13376625,211008,4746.642067,473902.1303
2014-10-13,380.8,77942,208177.0029,79273802.69,13380500,181958,5605.325331,777900.5169
2014-10-14,391.98,81364,231694.3649,90819557.15,13383800,172300,5909.000137,892500.9108
2014-10-15,402.5,76257,162600.1777,65446571.52,13387575,180663,5411.27537,1203856.935
2014-10-16,394.84,75737,140729.5688,55565662.93,13391275,159050,5264.704625,1055720.159
2014-10-17,383.85,70839,149230.5307,57282139.22,13394825,157606,4644.9245,915354.2618
2014-10-18,383.14,66477,109730.3329,42042079.76,13398925,,4198.799233,601562.3427
2014-10-19,391,63255,91855.39923,35915461.1,13402250,208126,4532.131885,454054.118
2014-10-20,389.44,82700,135638.0352,52822876.42,13405675,166994,5302.409805,830307.6779
2014-10-21,381.46,81651,119858.2356,45721122.56,13409500,174424,5726.21659,581714.0529
2014-10-22,385.89,79987,212756.4101,82100571.1,13413475,171493,5228.391315,866640.0391
2014-10-23,384.07,80638,157319.3283,60421634.44,13417250,164169,5131.424066,1087485.242
2014-10-24,357.2,77906,173182.838,61860909.73,13421225,158148,4819.681933,711103.0905
2014-10-25,358.49,72515,114248.0935,40956799.03,13425100,185238,4395.694704,914765.1895
2014-10-26,347,70762,98381.38951,34138342.16,13428225,184703,3927.292985,873574.2732
2014-10-27,355.3,83977,132558.149,47097910.33,13432200,189730,4999.727939,1075298.668
2014-10-28,350.9,87980,135511.3128,47550919.66,13435650,174018,5167.974637,843974.1009
2014-10-29,355.79,93667,165000.8079,58705637.44,13439525,174417,5538.830193,799636.488
2014-10-30,335.33,92622,156709.9467,52549546.43,13443775,176402,4984.31998,714469.8837
2014-10-31,345.3,85703,134902.6238,46581876,13448475,170099,4710.234168,1292623.2
2014-11-01,337.79,69591,113723.6564,38414713.89,13452450,143835,4708.714266,695834.0322
2014-11-02,324.51,77170,95329.21922,30935284.93,13456325,237620,4280.485403,551998.1464
2014-11-03,324.36,90351,144668.0269,46924521.21,13460550,173647,5836.517194,1077667.496
2014-11-04,326.49,87617,231457.9977,75568721.65,13464600,172105,5056.990988,1137149.361
2014-11-05,330.23,89460,193506.1719,63901543.14,13468050,171281,4718.875862,958586.3654
2014-11-06,338.63,93387,179999.0694,60953084.88,13471875,175366,5583.096052,739435.477
2014-11-07,349.96,84866,191927.5946,67166981,13475650,163758,5367.073396,875883.6438
2014-11-08,342.19,72717,97413.0315,33333765.25,13479475,134292,3991.013261,566350.1301
2014-11-09,346.94,72212,114564.1695,39746892.96,13483225,225316,5355.399295,536383.1464
2014-11-10,365.94,88994,207391.2511,75892754.41,13486900,175663,5213.549076,937478.9675
2014-11-11,365.8,85618,158929.0397,58136242.74,13490125,170263,5033.293278,698875.8992
2014-11-12,369.41,95579,269546.5751,99573200.3,13493800,196274,6000.99664,1115072.511
2014-11-13,420.19,92958,391609.7239,164550489.9,13497425,183931,6649.852314,1656517.994
2014-11-14,419.99,86307,218042.3553,91575608.79,13501275,196365,5718.230906,954336.7036
2014-11-15,399.11,73242,192957.9816,77011460.02,13504775,150621,4934.632387,811752.5169
2014-11-16,376.99,76009,183413.1139,69144909.82,13508525,222035,4873.21623,727901.1375
2014-11-17,389.87,88354,191320.9112,74590283.66,13512125,177323,6523.244781,838436.9866
2014-11-18,388.87,87524,205283.5775,79828624.78,13515975,180223,5379.461603,983866.146
2014-11-19,374.92,85271,150753.9718,56520679.09,13519500,172491,5060.631341,940122.1566
2014-11-20,379.05,89388,202205.0029,76645806.36,13522950,179016,5312.438104,1039330.407
2014-11-21,356.47,82179,151972.3808,54173594.57,13526125,171057,4758.227674,1319260.313
2014-11-22,350.25,74725,124621.5292,43648690.59,13529975,154860,4314.595674,790597.1497
2014-11-23,353.04,77283,104722.8372,36971350.44,13533525,223748,4513.814583,600423.4827
2014-11-24,367.12,85807,172390.7795,63288102.99,13537200,173690,5220.46074,798399.7886
2014-11-25,374.58,86134,214054.2231,80180430.89,13540500,175123,4771.812404,970483.0311
2014-11-26,376.16,85111,170536.0242,64148830.85,13543925,170725,5054.9869,1052627.492
2014-11-27,366.86,84682,129383.8524,47465760.08,13547450,181363,4764.72009,997888.1184
2014-11-28,369.97,85912,481574.6764,178168183,13551150,177683,4549.007231,1348602.666
2014-11-29,376.98,79098,161990.1805,61067058.25,13555075,155964,4712.910891,978881.2497
2014-11-30,375.59,85013,102384.2038,38454483.11,13559075,246494,4925.131877,980576.3634
2014-12-01,376.03,97623,183801.0302,69114701.38,13562325,181684,5673.026502,1310227.619
2014-12-02,377.42,99419,431498.0827,162856006.4,13566075,209968,6035.526397,1369541.036
2014-12-03,379.62,99348,200926.5277,76275728.45,13568975,194808,5428.107727,1221569.88
2014-12-04,376.03,98348,344445.7677,129521942,13572625,187186,6404.381448,1067513.529
2014-12-05,368.73,90900,232342.9966,85671833.14,13576525,194196,4698.40086,1159419.053
2014-12-06,376,81230,182652.3033,68677266.03,13579950,157776,4671.789983,617000.7526
2014-12-07,375.05,74792,134383.7893,50400640.18,13583100,229659,4554.957425,819728.7355
2014-12-08,376.01,90746,356166.6678,133922228.7,13587175,198822,7557.452657,1654310.767
2014-12-09,362.99,90220,267368.1251,97051955.71,13590725,186519,5033.515286,1153236.962
2014-12-10,351.82,88798,175863.8061,61872404.26,13594300,187861,4529.219484,1324896.827
2014-12-11,348.79,84005,200249.7424,69845107.66,13598000,181976,4704.530527,816064.5395
2014-12-12,348.97,81297,169187.6217,59041404.34,13601525,190237,4481.171673,973005.7948
2014-12-13,352.21,76207,154298.5237,54345483.02,13605175,155092,4322.932557,703931.5351
2014-12-14,351.77,79703,106160.4701,37344068.55,13608700,250811,4617.424973,620021.6771
2014-12-15,357.8,94459,196260.8604,70222135.86,13612225,202124,6097.200365,877938.5372
2014-12-16,347.96,101064,224386.3808,78077485.05,13615800,219102,5618.048019,991140.0715
2014-12-17,329.84,98444,270461.3223,89208962.56,13619000,209988,5751.636425,1131649.113
2014-12-18,321.34,95207,284981.5628,91575975.38,13622225,200207,4781.845688,1149420.704
2014-12-19,312.26,95405,201151.1128,62811446.48,13625650,189380,5084.490085,888146.5716
2014-12-20,318.59,86901,170155.1336,54209724.02,13629000,224411,4318.754925,716846.4379
2014-12-21,331.52,78963,121325.6327,40221873.74,13632300,205666,4216.952687,953544.879
2014-12-22,320,96511,236185.0839,75579226.86,13636400,212181,5274.500176,1012482.576
2014-12-23,331.98,99469,219772.3759,72960033.36,13640150,202314,4986.239113,1214044.752
2014-12-24,336.95,82347,197796.228,66647439.03,13643975,161207,3934.283012,830572.2505
2014-12-25,323.68,67918,115301.8922,37320916.48,13647925,140109,3138.020441,871329.6532
2014-12-26,319.81,76198,119909.6831,38348315.75,13651725,162298,6476.328917,711559.3835
2014-12-27,329.94,76814,140235.8925,46269430.36,13655525,180035,6095.041676,660397.5181
2014-12-28,316.09,75715,104566.2047,33052331.65,13659750,238616,4276.886697,695793.2128
2014-12-29,317.41,83447,190454.1396,60452048.46,13663850,163563,5526.314972,800353.9474
2014-12-30,313.4,85049,191926.085,60149635.05,13667725,179514,5008.092681,1096888.923
2014-12-31,311,77411,179092.6803,55697823.57,13671525,150108,3945.806187,952547.6689
2015-01-01,320.97,59344,80738.37289,25914595.55,13675650,117529,2989.225322,468753.5395
2015-01-02,314.81,79287,131111.3117,41275152.03,13679775,179406,4047.380221,732227.1628
2015-01-03,316.51,82227,285476.1716,90356063.09,13683825,205926,4357.131514,840791.7429
2015-01-04,285.09,85694,289732.768,82599914.83,13688125,207255,7189.97088,1134011.441
2015-01-05,263.17,95585,259995.2545,68422951.12,13692025,200612,4615.535489,1138485.291
2015-01-06,274.28,87821,294497.5437,80774786.29,13695975,179159,4175.141039,1167816.877
2015-01-07,287.32,89916,227982.464,65503921.56,13699475,171674,3752.300595,1244955.47
2015-01-08,297.99,107132,332357.3481,99039166.17,13703150,197689,5563.343752,1444881.242
2015-01-09,284.49,102275,241529.3142,68712674.6,13706650,202190,4461.888353,1260617.841
2015-01-10,290.81,104874,213685.5028,62141881.06,13710325,242729,5046.452434,968388.5605
2015-01-11,275.97,90630,164598.5769,45424269.26,13714200,211904,4095.357434,1238899.633
2015-01-12,269.68,98969,210387.625,56737334.71,13717750,186352,14224.81968,1033013.598
2015-01-13,267.02,102309,421509.9893,112551597.4,13720925,213182,4793.933989,1777456.867
2015-01-14,222,104765,539291.9262,119722807.6,13724550,217076,3677.163602,2405987.366
2015-01-15,172,120390,337588.9236,58065294.87,13728325,229796,3164.29222,2577910.753
2015-01-16,210.21,104699,306386.0662,64405414.98,13731800,209325,3691.691836,1954797.048
2015-01-17,208.13,90499,179423.1187,37343333.69,13735250,250389,2873.836458,1129745.74
2015-01-18,199.77,83186,181955.5145,36349253.14,13739075,214984,3210.052591,975319.0226
2015-01-19,211.98,98485,179453.9623,38040650.93,13742675,207358,3387.554753,1010771.694
2015-01-20,216.01,98925,212582.9828,45920050.12,13745625,191743,3181.407057,1415745.681
2015-01-21,210.71,96959,479047.5907,100940117.8,13749350,189969,3251.210674,1429334.28
2015-01-22,224.59,93698,253942.7581,57033004.04,13752725,186251,3368.76696,1210357.461
2015-01-23,233.51,92011,226356.6152,52856533.22,13755825,178774,3459.178613,1031664.176
2015-01-24,233.71,83557,191049.1577,44650098.65,13758975,167143,2817.50181,1198004.7
2015-01-25,249.32,86558,164165.0416,40929628.16,13762100,281521,3665.694547,939292.2823
2015-01-26,254.32,108181,455441.4021,115827857.4,13765275,216080,4672.966037,2117894.105
2015-01-27,274.43,99393,298888.8876,82024077.42,13769000,205787,4310.290507,1168996.658
2015-01-28,263.52,85232,203299.6305,53573518.63,13773100,156833,3585.542907,931086.7845
2015-01-29,236.2,90879,275545.9773,65083959.83,13777200,178726,3334.748762,984245.5476
2015-01-30,235.99,81199,244216.0046,57632534.92,13780650,161500,3289.059809,892273.3536
2015-01-31,226.97,86312,219029.0685,49713027.68,13784800,243132,3439.671855,784700.3112
2015-02-01,219.25,78994,150865.9834,33077366.85,13788675,217101,2833.538169,756613.0128
2015-02-02,226.98,85987,184364.7716,41847115.87,13792650,184674,3012.907854,994219.9033
2015-02-03,237.97,91793,244539.7192,58193116.98,13795825,203192,3387.03378,1303829.042
2015-02-04,227.53,90814,219832.0654,50018389.83,13799800,198579,3130.644275,1216663.51
2015-02-05,226.71,86567,247968.8415,56217016.06,13803775,176000,3108.458405,1249085.903
2015-02-06,216.98,85705,215332.0566,46722749.63,13808200,201370,2937.493683,942154.7112
2015-02-07,222.36,85699,165682.093,36841070.21,13812175,159160,2956.80135,630706.709
2015-02-08,229.3,82679,158058.9743,36242922.8,13815475,264578,2940.305501,642136.12
2015-02-09,223.93,104758,240090.7669,53763525.43,13819500,191360,3836.658572,871703.0798
2015-02-10,219.93,102975,209089.2606,45985001.09,13823100,196075,3289.225463,837890.4053
2015-02-11,220.36,97048,206641.7744,45535581.41,13827050,191881,3438.676337,875765.9813
2015-02-12,219.6,87427,154946.0891,34026161.17,13830025,198875,2882.578566,740915.4394
2015-02-13,222.33,113660,251254.1928,55861344.68,13833675,274903,4087.467761,1038641.097
2015-02-14,236.9,98773,193070.707,45738450.48,13837675,214118,3810.156268,705935.3001
2015-02-15,257.5,85267,195069.0966,50230292.38,13841175,300913,3826.779858,736443.2802
2015-02-16,234.18,104632,179483.7051,42031494.07,13845100,227349,3930.474881,735152.0297
2015-02-17,234.5,102988,188282.877,44152334.66,13848825,229875,4154.16603,802288.6361
2015-02-18,245.29,105719,214394.8415,52588910.66,13853000,209069,4153.503716,860241.9696
2015-02-19,237.44,94552,182596.4716,43355706.22,13857150,180964,3594.61658,711660.2269
2015-02-20,241.39,98714,180708.4058,43621202.08,13861100,196964,4153.645491,793592.5813
2015-02-21,245.78,87827,131430.6175,32303017.18,13864650,237585,3414.919246,616374.9694
2015-02-22,245.41,84942,114357.6106,28064501.21,13868425,232004,3193.964515,474504.9653
2015-02-23,235.98,101515,183441.6824,43288568.22,13871975,213050,3797.14904,832204.4271
2015-02-24,238.9,105125,139221.6442,33260050.79,13875200,197476,3580.762454,733761.653
2015-02-25,239.94,105394,225218.051,54038819.16,13879175,193898,4215.305177,830420.6323
2015-02-26,237.97,100817,160401.9626,38170855.03,13882925,190948,3918.167509,1154679.246
2015-02-27,236.59,101474,256132.065,60598285.25,13886725,198801,3876.126246,1508199.836
2015-02-28,252.11,89632,143634.3975,36211667.96,13890275,238945,4060.663119,628807.6266
2015-03-01,253.5,88728,142798.4344,36199403.13,13893775,230566,3685.080978,1271223.761
2015-03-02,257.05,104937,240243.8223,61754674.52,13897725,221621,4755.540122,1918811.469
2015-03-03,275.87,110981,314368.3218,86724788.93,13901675,218185,4988.047995,1119273.268
2015-03-04,279.47,98529,250649.7853,70049095.51,13905175,200738,4395.617284,900939.9948
2015-03-05,270.06,101115,274906.0078,74241116.47,13908475,210532,5028.883968,1092698.316
2015-03-06,273.11,93869,206218.6629,56320379.02,13912175,190781,4686.362948,827288.9005
2015-03-07,272.34,91505,253079.8441,68923764.75,13915675,213542,3978.373549,1141946.234
2015-03-08,276.66,87527,425685.0801,117770034.3,13919575,219897,4290.903883,2274954.467
2015-03-09,275,105536,300075.3785,82520729.08,13923175,213987,4954.259637,1127088.021
2015-03-10,287.01,105541,305980.7846,87819544.97,13926975,202831,4864.972669,1129610.618
2015-03-11,290,100765,231117.2931,67024014.99,13930825,202784,5494.251649,889926.8051
2015-03-12,296.56,97095,217640.6328,64543506.07,13934100,191013,4450.307616,1062851.207
2015-03-13,294.9,96036,202787.7481,59802106.93,13937750,196893,4201.818636,939969.1621
2015-03-14,285.03,89511,136863.1343,39010099.16,13941025,221145,3758.083419,803088.6926
2015-03-15,282.2,84934,105225.4165,29694612.54,13944600,219686,3732.723933,580275.5129
2015-03-16,286.79,105218,160588.8263,46055269.49,13948075,215332,4540.355026,942371.1835
2015-03-17,289.28,99561,168149.4069,48642260.43,13951275,189410,4352.700327,791384.668
2015-03-18,284.48,99607,288426.5117,82051574.06,13955100,192033,4954.897853,1527886.934
2015-03-19,256.99,106297,244546.5724,62846023.64,13958525,191319,4507.352035,1099027.916
2015-03-20,261.39,103532,168599.7666,44070292.99,13961925,196439,4363.378745,828924.7198
2015-03-21,262.1,92836,146685.7171,38446326.44,13965700,209563,3852.334239,648767.1488
2015-03-22,259.99,90586,106400.9557,27663184.47,13969250,229566,3651.918955,494624.0947
2015-03-23,267.75,106019,237904.6355,63698966.16,13972875,217678,5186.359293,895888.5869
2015-03-24,265.99,92927,217673.7657,57899044.93,13977200,182247,3759.196019,962933.2127
2015-03-25,245,97138,233596.0579,57231034.18,13981250,186186,4039.175977,1074177.826
2015-03-26,247.08,101181,220848.3017,54567198.38,13984950,187578,3813.225907,990488.3161
2015-03-27,249.23,99491,227062.8067,56590863.31,13989225,196455,3822.042268,1009654.614
2015-03-28,247.57,87374,125743.5229,31130323.96,13992925,200239,3323.158338,636684.2846
2015-03-29,252.96,90516,132575.6868,33536345.73,13996750,231523,3435.866663,560267.5255
2015-03-30,242.34,106355,204533.9145,49566748.84,14000300,213673,4033.480773,864869.1159
2015-03-31,248,115111,204049.1811,50604196.91,14004050,226307,4399.559992,853286.6647
2015-04-01,243.63,119343,223956.8254,54562601.37,14007350,223233,4566.276561,1081312.209
2015-04-02,246.49,112070,208545.464,51404371.42,14011500,211292,4235.597497,787470.6151
2015-04-03,253.28,104546,171010.3882,43313511.12,14015150,194634,4120.698344,741739.1986
2015-04-04,254.3,89651,106820.791,27164527.14,14018975,215923,4023.129045,466174.8901
2015-04-05,253.67,95023,97182.32889,24652241.37,14022675,221968,4062.559295,456585.2212
2015-04-06,260.52,107449,153222.5825,39917547.2,14025825,205697,4519.439865,744633.7591
2015-04-07,255.18,108714,233894.0966,59685095.56,14029625,215918,4691.754694,798411.0204
2015-04-08,253.9,110751,257014.0808,65255875.12,14032750,215255,4579.377228,921436.6376
2015-04-09,245,116620,212886.8487,52157277.93,14036075,201791,4959.7681,889290.2705
2015-04-10,243,112826,242500.258,58927562.69,14039875,218653,7251.636526,1018464.98
2015-04-11,236,99429,140161.3191,33078071.32,14043375,235064,4286.149296,629073.6507
2015-04-12,236.36,86999,109151.4846,25799044.91,14046575,217732,3449.719453,482927.6735
2015-04-13,236.5,115407,250302.9314,59196643.27,14050475,221789,4507.914528,932492.3319
2015-04-14,223.01,110150,245453.4167,54738566.45,14054200,213708,3760.399856,993521.1026
2015-04-15,216.23,107606,222830.5696,48182654.07,14057250,186694,3597.849645,817384.2247
2015-04-16,222.55,99046,170721.3566,37994037.91,14060700,188970,3494.799737,1142185.798
2015-04-17,227.5,102755,214074.3079,48701905.05,14063850,193199,3470.260767,1155280.224
2015-04-18,222.64,97709,159282.9214,35462749.63,14067500,216541,3237.356962,778624.8933
2015-04-19,223.41,91134,147817.452,33023896.95,14071125,222517,3373.619018,1011395.913
2015-04-20,222.61,116746,229420.4986,51071297.2,14074975,209796,4457.699834,1313191.509
2015-04-21,224.29,112502,219970.1449,49337103.79,14078800,202389,3806.112302,1267835.01
2015-04-22,235.85,111878,200376.1031,47258703.92,14082600,220819,4109.936411,1313270.987
2015-04-23,233.59,109838,180257.2992,42106302.52,14085850,217563,3911.494702,1142239.424
2015-04-24,235.98,108776,199014.5877,46963462.4,14088950,204006,3906.569884,1254488.658
2015-04-25,231.16,98465,150030.5556,34681063.22,14093025,230746,23285.77754,942009.3881
2015-04-26,226.29,92999,173951.6107,39363509.98,14096625,231840,3057.369719,1104967.223
2015-04-27,219.52,113775,278651.8343,61169650.67,14100050,215145,3975.459955,1339966.492
2015-04-28,227.01,113193,236359.2032,53655902.71,14103875,209313,4076.816562,1314843.551
2015-04-29,225.2,117260,194250.5108,43745215.04,14107050,219107,3861.642718,1283313.521
2015-04-30,225.62,112958,233790.8416,52747889.68,14110400,206785,4281.642666,1202935.442
2015-05-01,235.97,99560,202146.0353,47700399.95,14114100,188699,3450.058061,1222705.279
2015-05-02,230.97,95102,121187.8209,27990750.99,14117775,233284,3536.994923,841138.9669
2015-05-03,233.77,84602,173445.0438,40546247.88,14121300,214577,3230.386484,814678.1022
2015-05-04,239.47,104000,211965.1655,50759298.18,14124500,208572,3977.277103,1249214.42
2015-05-05,238.25,115348,176406.2798,42028796.17,14128350,219742,4091.534179,1209226.6
2015-05-06,235.87,111733,221544.6763,52255742.79,14132375,225289,4143.889662,1183663.597
2015-05-07,228.99,111125,198913.3659,45549171.66,14135900,220987,3832.511385,1305959.252
2015-05-08,237.16,109145,220226.4228,52228898.43,14139650,258964,4266.1704,1094583.254
2015-05-09,243.24,94716,156135.868,37978488.54,14142875,189134,3585.717666,891165.68
2015-05-10,242.19,89409,130479.8968,31600926.21,14146100,219078,4126.062931,964880.0029
2015-05-11,239.11,111374,226882.1544,54249791.95,14150050,225581,4426.815592,1185811.587
2015-05-12,240.95,110101,215335.2873,51885037.49,14153800,226586,4418.06413,1053433.908
2015-05-13,241.1,108858,223313.6044,53840910.01,14157850,210288,4240.024601,1116788.212
2015-05-14,235.97,101584,210171.6178,49594196.66,14161700,200454,3593.153899,1045569.81
2015-05-15,237.1,105160,191818.0026,45480048.41,14165375,209511,4270.85891,946033.6857
2015-05-16,237.37,90686,124502.6607,29553196.57,14168675,229024,3376.109002,766837.9326
2015-05-17,236.63,87162,107518.2916,25442053.35,14172950,213882,3258.580578,624927.3168
2015-05-18,235.83,98578,194600.5388,45892645.07,14176550,206913,3945.76793,943037.2218
2015-05-19,232.81,107346,225568.0064,52514487.57,14179800,212508,3782.77722,1197521.893
2015-05-20,231.4,106888,210262.0249,48654632.56,14183425,214856,3859.100248,1097789.817
2015-05-21,234.11,98302,179769.4104,42085816.66,14187300,202037,3485.545782,951824.0655
2015-05-22,235,102770,275586.3205,64762785.32,14190750,208304,3847.137476,1306168.098
2015-05-23,238.8,86279,169990.6892,40593776.57,14193550,187976,3399.177906,952580.4924
2015-05-24,237.76,94044,120198.3149,28578351.35,14197200,249786,3329.712057,726332.156
2015-05-25,239.55,106086,170262.9864,40786498.38,14200725,221655,3985.411014,944628.1899
2015-05-26,235.59,108384,214175.6075,50457631.37,14204325,227723,4623.692028,1012801.84
2015-05-27,235.68,108089,217206.8639,51191313.69,14207775,214649,3955.373533,1155364.881
2015-05-28,235.31,110980,194320.0435,45725449.44,14211075,212935,3845.965143,1013080.77
2015-05-29,236.44,124052,253496.7821,59936779.17,14214925,243480,4984.468015,1083044.471
2015-05-30,235.72,127801,190481.6228,44900328.13,14218325,266265,4302.169613,910677.7551
2015-05-31,232.3,98784,171327.2415,39799318.2,14222025,251225,9280.371506,939481.6342
2015-06-01,228.34,128696,293193.0301,66947696.48,14225325,258970,5123.662782,1511638.926
2015-06-02,223.52,128207,256222.7606,57270911.46,14229075,253269,4397.233457,1427614.349
2015-06-03,225.19,127600,250793.9512,56476289.87,14232625,246454,4324.112515,1371892.788
2015-06-04,225.4,118346,238794.3209,53824239.93,14236150,231919,4193.915124,1241860.249
2015-06-05,222.88,110201,240038.8263,53499853.61,14239600,223180,3691.369757,1447942.092
2015-06-06,224.76,92696,163491.6961,36746393.61,14244050,234953,3553.26648,1067922.86
2015-06-07,224.99,83627,156572.8208,35227318.95,14247775,220164,3084.068145,985928.1828
2015-06-08,222.28,108173,266452.5777,59227078.97,14251700,202272,4120.376086,1129649.879
2015-06-09,227.66,121638,235709.1213,53661538.56,14255475,230578,4332.201541,1280040.336
2015-06-10,228.88,131279,256307.1968,58663591.19,14259700,272533,4953.510546,1315885.147
2015-06-11,227.8,120624,253210.2015,57681283.89,14263075,233951,4232.013509,1270934.584
2015-06-12,229.03,126945,241281.3107,55260658.59,14266625,248877,4598.951601,1366574.232
2015-06-13,229.6,105843,200502.738,46035428.64,14270600,239474,4529.322809,1059041.014
2015-06-14,231.5,103036,201354.5757,46613584.27,14274300,247680,4008.833003,1314421.188
2015-06-15,232.07,129389,270185.1379,62701864.96,14277900,272423,5418.568984,1488281.478
2015-06-16,236,121541,361310.7703,85269341.79,14280850,231099,5251.635109,1882331.978
2015-06-17,249.98,133122,411475.9424,102860756.1,14284800,264842,6732.630904,1896661.993
2015-06-18,247.45,124929,309598.0306,76610032.67,14288700,234569,7373.649121,1470729.017
2015-06-19,248.26,125222,482055.0422,119674984.8,14292375,253777,7323.642326,1862738.655
2015-06-20,243.85,102012,184579.0957,45009612.48,14295725,228622,3934.121258,1106879.277
2015-06-21,244.75,96654,151446.4114,37066509.2,14298825,236321,3647.236687,982028.3726
2015-06-22,243.55,119345,231000.0094,56260052.28,14302650,222817,8334.590827,1116461.808
2015-06-23,246.77,125560,225122.9604,55553592.95,14306150,256698,4900.553539,1159177.864
2015-06-24,243.86,113093,238315.2329,58115552.7,14310050,224581,4201.365945,1151794.271
2015-06-25,240.2,111468,222018.7984,53328915.39,14313850,189264,4408.217341,954825.2733
2015-06-26,242.08,116432,258105.0646,62482074.03,14317700,248150,4664.993794,1523303.491
2015-06-27,242.98,106004,175000.1625,42521539.47,14320925,254786,4243.05858,1268853.974
2015-06-28,251.21,99145,160870.9785,40412398.52,14324450,236527,4283.779368,825968.9503
2015-06-29,248.57,124180,283233.8241,70403431.65,14327950,240752,4964.940411,1334497.097
2015-06-30,256.05,155869,317689.6211,81344427.49,14331575,257561,7919.381191,1670248.6
2015-07-01,262.43,144112,251102.2744,65896769.86,14334950,253870,5813.20125,1307377.465
2015-07-02,257.78,142153,287151.5997,74021939.38,14338800,267808,6726.418872,1346675.491
2015-07-03,254.68,129719,250144.832,63706885.82,14342825,252129,6334.879336,1256857.348
2015-07-04,256.12,104582,160622.3569,41138598.04,14346625,234937,4813.780059,931803.5125
2015-07-05,260.33,115084,323689.0495,84265970.25,14350175,269467,6162.272445,1148118.743
2015-07-06,271.34,174070,357590.7617,97028677.28,14354700,290419,10635.95148,1515223.326
2015-07-07,268.53,190747,353726.7986,94986257.23,14358050,276934,13438.92909,1252017.954
2015-07-08,265.83,201747,275319.2868,73188126.02,14362075,278945,14482.17525,1278701.823
2015-07-09,270.31,191163,254027.6872,68666224.11,14365400,269424,11156.85321,1327555.348
2015-07-10,269,193020,453391.0795,121962200.4,14369250,266692,11767.49905,1846251.528
2015-07-11,284.92,186200,234825.0568,66906355.19,14372950,275689,11603.00376,1282132.212
2015-07-12,291.64,208685,279562.7266,81531673.59,14376325,270698,14062.99338,1265050.143
2015-07-13,310.55,159695,258538.8875,80289251.52,14380025,240377,10782.08234,1377993.237
2015-07-14,291.94,122618,238746.2339,69699575.52,14383625,230438,8729.051694,1301094.159
2015-07-15,287.92,115570,206832.6715,59551262.78,14387450,231980,7672.503006,1278826.696
2015-07-16,285.66,114387,263461.9194,75260531.9,14390800,222932,8023.526686,1411380.258
2015-07-17,277.78,116906,246140.039,68372780.02,14394475,205768,7382.251985,1196198.22
2015-07-18,279.43,130695,168195.667,46998915.23,14398200,213960,13370.22891,912672.7823
2015-07-19,276.74,120887,133778.2166,37021783.67,14402000,248240,5645.14953,741667.3192
2015-07-20,275.47,125258,205494.7524,56607639.44,14405900,236910,11636.80752,1021035.401
2015-07-21,279.01,133785,231233.5726,64516479.1,14409075,255725,7889.243106,1072092.571
2015-07-22,276.76,131259,218341.5103,60428196.38,14412925,247466,8468.347038,1066781.87
2015-07-23,277.97,109620,206320.9488,57351034.13,14416425,208474,7825.214223,1147723.095
2015-07-24,276.59,109918,282440.7424,78120284.93,14420650,217965,7565.679218,1237475.72
2015-07-25,289,100544,205610.1259,59421326.38,14424500,195286,6692.782522,775155.0696
2015-07-26,288.78,92776,142510.8817,41154292.42,14428100,256518,7114.10416,605701.1592
2015-07-27,292.82,115226,241514.7412,70720346.51,14431825,236624,10985.40985,1023387.285
2015-07-28,293.93,118350,290787.9883,85471313.39,14435225,243025,8449.432994,1225712.8
2015-07-29,293.92,143200,245291.8669,72096185.52,14439025,269690,12707.50924,1124862.871
2015-07-30,290.2,123577,190801.7822,55370677.18,14442375,230385,10259.16523,1045771.381
2015-07-31,288.45,147503,236947.2171,68347424.77,14446150,253234,12142.96587,1036533.208
2015-08-01,284.31,147481,189487.0265,53873056.52,14450025,256672,10159.53815,795128.0458
2015-08-02,280.95,103600,194895.7667,54755965.66,14453800,255245,6406.817964,652971.4523
2015-08-03,282.26,119844,218910.0828,61789559.96,14457725,245877,7897.91229,1039238.01
2015-08-04,281.12,132547,244590.5768,68759302.96,14461125,252264,10913.28199,1190335.552
2015-08-05,285,133758,250373.5483,71356461.27,14464450,257740,10939.00474,1251881.952
2015-08-06,281,134838,217752.912,61188568.27,14468025,245603,10529.44745,1164782.1
2015-08-07,277.08,111345,217916.8493,60380400.59,14471450,225700,7317.042668,1135247.966
2015-08-08,279.32,101512,254156.7806,70991071.96,14475475,232174,6656.35996,1260644.042
2015-08-09,262.22,90534,451470.8957,118384698.3,14479025,222025,5249.384118,1243911.32
2015-08-10,265.05,116841,273513.2029,72494674.42,14483200,235211,7832.292117,1252737.054
2015-08-11,264.47,114741,300807.4677,79554550.97,14487250,221431,7816.929658,1189959.004
2015-08-12,270.98,117898,274967.1443,74510596.77,14490400,234117,7393.452667,1367337.176
2015-08-13,267.53,117507,306323.0372,81950602.15,14494075,228212,6854.804469,1476997.212
2015-08-14,264.48,111255,296815.4446,78501748.8,14497625,227327,7055.211416,1396733.761
2015-08-15,265.93,94944,221592.6246,58928126.66,14501050,226697,5861.463396,1051601.128
2015-08-16,261.43,89498,245407.1167,64156782.52,14504500,233711,5175.627605,1102992.145
2015-08-17,256.11,115049,370251.3359,94825069.64,14508175,233221,6662.505895,1534698.414
2015-08-18,256.66,119798,437479.8852,112283587.3,14511700,249286,6746.635865,1838006.14
2015-08-19,222.11,120151,411274.6043,91348202.35,14515600,238988,5759.765002,1672000.194
2015-08-20,226.25,118230,380175.8834,86014793.61,14519350,227464,6518.784018,1614044.41
2015-08-21,235.31,113792,337335.4994,79378416.37,14523475,238831,5812.776934,1443062.661
2015-08-22,233.49,105665,269957.0223,63032265.14,14527425,258265,5611.256514,1298520.289
2015-08-23,231,94529,197146.8087,45540912.81,14530775,243426,5487.120715,1054276.888
2015-08-24,228.14,125368,505841.5932,115402701.1,14534650,247849,6195.389597,2044762.559
2015-08-25,210.96,121973,469416.857,99028180.16,14538025,242047,5839.327484,2090682.397
2015-08-26,222.13,122852,372177.1252,82671704.82,14542050,237648,6324.814699,1602665.082
2015-08-27,225.04,119917,253375.2607,57019568.67,14545450,233997,5735.416716,1520685.264
2015-08-28,225.11,120547,362617.659,81628861.21,14549350,243645,5933.489799,1697424.748
2015-08-29,231.52,107489,204970.2459,47454711.33,14553350,243100,5193.11274,970603.2077
2015-08-30,229.63,98339,191350.3162,43939773.11,14557100,245385,4896.204352,796372.9679
2015-08-31,228.39,127260,334287.5026,76347922.73,14561025,247407,7235.898839,1289203.026
2015-09-01,230.25,130410,331058.2217,76226155.55,14564875,253803,6144.655071,1450189.359
2015-09-02,227.97,150066,270146.3273,61585258.25,14568875,239660,13674.83622,1420760.404
2015-09-03,229.26,128682,274249.7904,62874506.95,14572525,246972,6847.724188,1244428.457
2015-09-04,227.24,103973,262791.4664,59716732.82,14576425,217670,6046.575379,1126207.636
2015-09-05,230.73,124218,187132.1775,43177007.3,14580100,269716,6846.656674,927671.4473
2015-09-06,235.74,106293,279973.8674,66001039.5,14583700,252302,5755.281102,974590.2221
2015-09-07,240.2,125467,250457.8898,60159985.12,14587500,263783,7446.737882,1037449.438
2015-09-08,240.47,125379,312508.385,75148891.33,14590900,274079,6442.409212,1405755.725
2015-09-09,244.21,126457,328036.4329,80109777.27,14594625,251368,7219.317494,1322667.49
2015-09-10,238.3,124951,309243.6171,73692753.97,14598900,233575,7783.607172,1388529.813
2015-09-11,238.81,180002,263738.8959,62983485.72,14602850,276094,9691.223085,1229166.287
2015-09-12,239.94,137740,146359.5472,35117509.76,14606225,229007,7673.059872,792194.7014
2015-09-13,234.73,146048,201287.7096,47248264.08,14610000,277388,6353.170935,857284.687
2015-09-14,230,166715,274829.9476,63210887.95,14613800,251592,7708.466224,1274802.365
2015-09-15,229.71,162999,272399.6636,62572926.73,14617800,268665,7258.81186,1328808.247
2015-09-16,229.54,167269,259124.1529,59479358.05,14621350,245432,6208.55893,1447703.351
2015-09-17,228.33,259279,302488.6139,69067225.2,14624950,266333,6876.199522,1313550.111
2015-09-18,232.17,161504,331877.9673,77052107.66,14628625,259008,6699.720464,1294189.438
2015-09-19,232.52,114851,235467.3391,54750865.68,14631750,221522,5283.490972,1103841.71
2015-09-20,230.25,109158,249703.0931,57494137.19,14634950,300561,5306.49956,921339.9312
2015-09-21,230.16,131679,370359.1416,85241860.04,14638250,291556,7005.058884,1626346.885
2015-09-22,226.27,136784,351338.8456,79497440.59,14642175,304462,6725.254091,1509301.549
2015-09-23,230.42,131400,292105.9793,67307059.74,14646125,244535,6367.706215,1275111.387
2015-09-24,229.42,125367,291785.8142,66941501.5,14649625,243301,6186.457266,1218839.384
2015-09-25,234,128166,303553.1941,71300659.2,14653725,243983,6942.869734,1377613.436
2015-09-26,235.22,115622,194986.1673,45691679.67,14657400,245195,6530.60159,1031722.863
2015-09-27,233.99,108749,167177.8635,39099840.09,14661125,256084,5566.747303,762307.9736
2015-09-28,232.41,138570,340214.4689,81000031.7,14664700,248280,6796.628154,1498942.326
2015-09-29,239.14,140664,363181.5796,86579632.4,14669050,273176,7292.015734,1708232.253
2015-09-30,236.94,139848,340660.2021,80758529.93,14672750,264581,6875.450701,1427955.317
2015-10-01,236.17,134327,366628.1022,87143762.8,14676475,248462,7555.760731,1594273.517
2015-10-02,238.03,139746,335232.7344,79790000.45,14679925,256031,6273.274902,1736936.173
2015-10-03,237.77,119567,182930.994,43710065.41,14683550,213681,5698.490567,1014633.646
2015-10-04,239.09,103531,144578.7175,34589557.86,14687375,265061,4775.869608,875921.7015
2015-10-05,238.4,125548,309492.1697,74059522.93,14691200,233960,5797.887423,1376046.461
2015-10-06,240.6,144510,326517.5574,79600730.09,14694750,251844,6722.606317,1746893.786
2015-10-07,246.8,134931,366106.9126,89924039.38,14698075,250370,7023.783899,1467287.931
2015-10-08,243.01,140348,476850.1693,116443120.7,14701575,258198,7009.493372,2024493.039
2015-10-09,243.01,114644,290773.0948,70986637.55,14704725,209703,5988.014571,1285576.088
2015-10-10,244.49,127005,228497.2022,55935712.61,14708725,270141,6638.423271,1202360.838
2015-10-11,245.72,104550,175251.4883,43147243.64,14712375,240051,5104.418272,984354.2715
2015-10-12,248.04,134410,286077.6008,70768804.66,14715925,233677,6808.171299,1420597.101
2015-10-13,245.5,134878,342668.5473,85247839.15,14719350,239237,6641.363058,1686833.094
2015-10-14,249.98,141985,374806.1983,94507028.85,14723150,246958,8015.062378,1712379.268
2015-10-15,252.47,153495,359648.2976,91736630.89,14727300,303248,7433.519526,1988422.698
2015-10-16,254.5,143286,354033.4462,92178834.86,14730900,273117,7817.08915,1850429.227
2015-10-17,262.26,135911,327457.4258,88374805.08,14734300,307347,7431.843521,1528651.216
2015-10-18,270.04,119706,218254.6189,58642858.09,14737925,276825,6437.347004,1078549.972
2015-10-19,261.04,143969,382680.7659,101577292.8,14742050,277830,8745.801026,1486021.039
2015-10-20,263.59,146349,334803.2832,89741073.3,14745250,303898,9030.689854,1571077.208
2015-10-21,270.75,150199,345602.7631,92986825.56,14748850,289412,8592.219045,1415030.642
2015-10-22,267.97,147402,383617.6495,104858239.3,14752550,284740,9023.404187,1578891.061
2015-10-23,274.35,143468,320677.0768,89254755.07,14756275,281026,8534.943704,1457532.568
2015-10-24,278.62,140128,278732.7282,78646253.75,14759900,316588,7856.252581,1366695.171
2015-10-25,282.71,131488,404800.481,118375060.3,14763775,296929,9120.500545,1420121.219
2015-10-26,282.8,116400,325999.808,93169701.7,14767875,261228,8147.005248,1557555.623
2015-10-27,286.69,153740,421177.2713,124088899.1,14771550,294013,9620.985884,1841851.101
2015-10-28,295.35,160175,436738.6224,132553872.5,14775025,285466,9622.753218,2018300.807
2015-10-29,304.79,161062,492581.0727,153432858.4,14778800,292094,11196.1397,2350028.927
2015-10-30,314.81,166695,566470.5013,185467981,14783075,308255,10773.03569,2570362.496
2015-10-31,328.17,155400,399606.0656,130191762.7,14786750,313886,9983.359104,1859735.456
2015-11-01,310.18,152488,400958.3191,129002793.9,14790575,321892,9482.033624,1728973.135
2015-11-02,325.79,172108,568573.5889,194458794.3,14794400,309823,12318.97962,2577333.997
2015-11-03,361.54,186362,786078.4971,307346905.6,14798275,368050,16426.60257,3664257.982
2015-11-04,404.5,204198,878528.5214,416027459.1,14802150,400987,29582.21378,11057976.93
2015-11-05,408,182809,749873.2061,307027755.8,14805800,358734,14436.13098,3729387.69
2015-11-06,386.04,166893,549639.1932,207224285,14809425,358682,13380.50646,2801172.948
2015-11-07,373.69,151497,397128.6174,152991879.6,14813225,304747,10456.18331,2270257.386
2015-11-08,387.02,132550,308372.214,118761182.9,14816700,312946,9234.813176,1951961.571
2015-11-09,371.08,159836,604529.1679,227877551.1,14820425,327911,12419.8717,3077511.095
2015-11-10,380.62,161962,557695.3823,202927165.2,14824075,311998,11500.95371,2949523.744
2015-11-11,336.29,158929,634846.1624,201259788.1,14828275,308741,9348.747874,3406609.13
2015-11-12,308.98,157847,540392.6305,178901679.6,14832300,312404,8835.445095,3009330.159
2015-11-13,340.81,154827,443414.4955,148572855.3,14836300,298854,8807.817945,2859815.653
2015-11-14,336.99,150474,498521.1248,166607155.7,14839850,328381,9756.452216,3101801.957
2015-11-15,332.06,143369,399602.0353,131605151.5,14843850,336548,8162.777615,2174095.971
2015-11-16,318.97,158316,489954.8871,157840087,14848175,313297,9865.991366,2677886.976
2015-11-17,330.72,156688,478077.1834,160944153.5,14851900,298212,9606.060693,1941829.002
2015-11-18,336.01,165269,421615.5258,141204657.1,14855725,324903,10730.95109,1818395.251
2015-11-19,333.66,154483,407361.6561,135196057.2,14859125,298707,9259.115375,2044159.951
2015-11-20,325.9,155774,411522.4122,131609165.7,14863300,301700,9165.095652,2234969.792
2015-11-21,322.12,151035,300970.2416,97890574.6,14867650,317723,8239.918442,1486007.496
2015-11-22,326.31,129659,248564.6493,80917422.14,14871950,319199,7604.177435,1143630.172
2015-11-23,323.78,145272,305536.3638,98852080.68,14876025,280821,8878.260916,1346455.366
2015-11-24,323.48,152324,311948.7381,100310463.8,14879925,325114,8486.064008,1443783.471
2015-11-25,319.64,151861,332390.4785,107447226.6,14883625,296736,8626.774538,1886760.528
2015-11-26,328.9,164671,473337.6292,163103068.2,14888025,314907,10071.43976,2121111.666
2015-11-27,356.33,160235,445392.133,159593521.6,14891350,296759,9639.341346,2178876.039
2015-11-28,358,165676,327244.7209,116662310.3,14895200,357319,10426.00327,1963586.131
2015-11-29,356.4,129850,251185.4289,91203289.88,14898925,239211,8382.02051,1385292.605
2015-11-30,371,182648,477732.3024,181972172.4,14902975,409952,14242.40704,2456831.957
2015-12-01,377.27,178112,477748.9074,176318654.5,14907150,347354,12146.32595,2486562.891
2015-12-02,362.58,183523,532344.7829,189009359.1,14911175,357585,12252.50304,2752052.293
2015-12-03,359.08,164774,424137.9168,154216353.2,14914725,287996,11809.4627,2082292.177
2015-12-04,361.47,173586,355350.5249,128025092.3,14918550,329534,10754.64364,2679265.338
2015-12-05,363.78,186194,616725.6022,231420658.5,14922925,393380,15320.02744,4911502.152
2015-12-06,386.95,179712,540614.0137,214328010,14926900,370392,12397.54909,5488139.032
2015-12-07,387.3,192830,468264.3871,185332881.3,14930575,350186,13453.69555,3198317.656
2015-12-08,394.87,195221,510829.762,202885544.8,14934950,388080,14265.21068,3008976.095
2015-12-09,413.6,220323,587350.242,247066039.8,14939150,404946,16634.39678,3947929.92
2015-12-10,416.49,212036,421098.9604,175767368.6,14944550,400918,15720.45963,3245902.978
2015-12-11,415.15,210259,495639.817,215352465.4,14948550,381204,19127.21755,3776131.78
2015-12-12,450.87,204141,420178.181,184199887.2,14952600,445120,16657.83287,3362852.452
2015-12-13,436.2,189914,449743.8512,197220079.8,14956150,403645,15866.87363,5207976.689
2015-12-14,433.39,231477,483960.0104,215383338.3,14961025,412673,19255.28164,4849779.812
2015-12-15,443.78,223998,532752.4828,245067826.6,14965600,420762,19605.40622,4358464.701
2015-12-16,463.98,220420,494146.1072,226047522.7,14969675,396918,18343.73613,4431091.6
2015-12-17,455.47,216297,431157.7269,196474766.1,14973550,383742,17802.96164,4178403.356
2015-12-18,456.58,213847,420223.2167,193528623.3,14977775,382615,17531.46035,4061563.689
2015-12-19,463,213876,439720.9846,203919472.6,14981700,444349,18183.9772,3879031.2
2015-12-20,461.75,193847,363667.7756,165566082.2,14985825,409195,15859.57085,3945090.584
2015-12-21,442.54,229444,522599.4509,228408275.6,14989550,415736,19072.40371,5318227.109
2015-12-22,438.35,222717,528122.1078,232050372.4,14993300,408415,19026.53975,4795572.96
2015-12-23,435.28,221075,448735.8946,197602586.8,14997225,382171,19124.24238,4488757.243
2015-12-24,442.54,210228,462367.8842,210716099.2,15000675,382616,17598.25033,4684927.76
2015-12-25,456,180383,339500.4697,154893854.1,15004725,328222,13859.32023,3913272.876
2015-12-26,455.5,179363,408291.2807,177346523.6,15009000,367108,14393.25651,2699655.458
2015-12-27,417.11,160271,207178.0879,86789158.35,15014125,333548,12210.73222,1447421.017
2015-12-28,422.42,173129,352195.7091,150330557.5,15017900,335134,14101.7424,2152309.076
2015-12-29,420.97,184618,272684.1506,115867945.5,15021875,331379,14008.69633,2157841.571
2015-12-30,433.23,176447,241246.8319,103355333.3,15026000,340697,14091.5909,2293384.819
2015-12-31,428.23,155362,200020.485,84890715.48,15029550,280589,11152.89578,1162597.626
2016-01-01,430.89,124092,134968.2676,58346264.65,15032925,263121,8783.063851,957481.3386
2016-01-02,434.75,149038,117337.1851,50832345.44,15036550,333102,13798.46777,1037919.807
2016-01-03,432.76,142608,157684.8398,67646928.62,15040175,335666,11009.10857,898547.9591
2016-01-04,430.78,181354,222609.6245,96276570.19,15044700,344268,13811.5217,1067068.386
2016-01-05,434.17,182371,238554.0044,103155908.2,15048625,359763,14331.03153,1392599.198
2016-01-06,432.43,172090,234148.7896,100700096.1,15052150,312004,14113.27894,1337496.909
2016-01-07,429.26,190234,359605.2752,162207621.4,15055825,364236,17682.85592,1606573.864
2016-01-08,458.66,181407,300605.3579,137339885.8,15060150,339456,16166.93039,1195551.73
2016-01-09,452.64,179968,147330.461,66345139.08,15063925,390146,13886.16738,849532.1543
2016-01-10,448.47,161317,211208.1741,94073291.38,15068300,365165,12463.17264,1160859.932
2016-01-11,448.43,191196,281485.1708,126604160.4,15072550,365729,17251.05698,1824150.772
2016-01-12,447.98,194874,237151.2773,105987592.9,15076800,382496,15868.61891,1280395.967
2016-01-13,437,188131,318167.5777,136318196.5,15080500,339655,15397.61707,1409539.891
2016-01-14,432.63,183182,234682.1705,100977792.1,15083825,350090,14105.80549,1228523.945
2016-01-15,429.55,183642,377386.9042,152176115,15086875,334141,14589.95198,1728312.77
2016-01-16,363.75,191300,295345.2125,109411304.3,15090425,406524,12903.52566,1473914.859
2016-01-17,387.87,204128,197552.3074,76011041.83,15094200,462215,14340.40906,10358180.69
2016-01-18,380.16,213905,237864.9016,91084852.27,15098525,386741,15122.27513,9462153.274
2016-01-19,385.49,186858,250568.6565,95862424.58,15101850,336941,15312.59027,8804629.111
2016-01-20,377.41,209071,372786.5566,148308655,15105650,431135,18938.77629,3967101.066
2016-01-21,420.35,222743,343042.7819,142627027.3,15109075,415801,21456.07462,5266985.975
2016-01-22,409.62,213683,343582.708,134482253.9,15113475,398872,18086.37596,7717679.823
2016-01-23,381.5,190400,244846.9034,94915865.63,15117950,404860,15254.66417,29768145.47
2016-01-24,385.09,201425,292802.856,117066116.4,15122225,421393,16548.37261,67354303.37
2016-01-25,403.19,222150,481227.2251,191305654,15126275,420289,19028.3499,17367466.23
2016-01-26,390.92,230523,360783.768,141651199.3,15130275,445932,19018.48291,10394314.61
2016-01-27,391.66,229677,447309.2928,176503628,15134150,433098,20415.03864,13896094.58
2016-01-28,394.36,225025,370238.8631,142471030.9,15137800,430552,18488.18173,6084369.445
2016-01-29,379.82,224394,518402.5694,195006394.2,15142025,410455,18397.45041,7175478.217
2016-01-30,378.18,194794,342418.1761,129214530.4,15146700,415762,15231.64019,3422463.244
2016-01-31,376.6,176045,275819.6305,103665933.1,15151225,402413,13503.94517,1704471.939
2016-02-01,367.86,222398,501483.4122,186838351.3,15155250,410364,21477.2028,5353569.418
2016-02-02,371.99,241722,450822.0697,168139461.2,15159750,488072,23939.15515,3818602.545
2016-02-03,373.05,191224,311548.1327,115764018,15164225,368096,17911.28065,1577346.148
2016-02-04,368.46,200661,384970.8764,145850811.2,15168425,392766,15305.12648,2485172.491
2016-02-05,388,225488,442658.1571,171663926.8,15173125,419711,17449.18766,3487723.179
2016-02-06,384.07,224156,310683.9995,116944573.4,15178125,419675,15439.03882,3137891.802
2016-02-07,375.29,212190,278208.9667,104688595.7,15182525,458609,15229.65208,3041718.269
2016-02-08,375,224755,283892.7867,106671049.1,15186225,396885,16061.90586,2629156.678
2016-02-09,371.55,231240,333612.023,124816846.7,15190625,425454,15967.12399,2225832.235
2016-02-10,373.46,235527,373511.613,141763179.9,15194725,417816,17340.78623,2646048.092
2016-02-11,379.14,220934,358560.2193,136052672.5,15199525,417748,17530.29065,2657689.201
2016-02-12,378.02,202527,327358.4166,124601290.5,15203800,399936,15161.91768,2665208.641
2016-02-13,382.62,184675,295273.044,114896714.2,15207700,381881,14543.12282,2598268.289
2016-02-14,389.88,186088,313511.2064,125203393.7,15211850,421715,14731.37702,2778938.771
2016-02-15,405.08,220349,436759.7357,176794468.6,15215650,421244,17014.84812,3880471.863
2016-02-16,399.21,215940,428893.9743,172725407.6,15219100,395344,17988.04788,3966772.182
2016-02-17,407,227235,434208.0755,179567517.3,15222975,455388,18135.42421,3984892.838
2016-02-18,414.87,212979,389621.4903,163499274.5,15227200,415599,19038.93924,3852448.449
2016-02-19,420.53,217436,391498.5033,164176823.2,15230825,408091,19990.07611,4782154.687
2016-02-20,419.98,215728,383124.8806,164829105.6,15234575,425551,18390.51649,4131729.578
2016-02-21,435.19,206617,352156.278,155130149.1,15237775,442857,17740.46044,4198945.524
2016-02-22,438,237696,401493.4288,175824716,15240950,465054,20973.07402,4461640.106
2016-02-23,436.76,244748,444129.9617,190245913.6,15244350,449558,21202.8421,3962773.453
2016-02-24,419.25,224927,395292.6769,166459833.6,15247300,382913,19528.453,3669393.31
2016-02-25,423.79,216290,374826.9795,158802759.6,15251175,420045,19489.75169,3095841.03
2016-02-26,423.46,203635,380990.2542,161556646.6,15254675,391078,18310.5714,3286075.112
2016-02-27,430,182177,369255.1847,159716131.3,15258350,386100,16484.01113,2530526.52
2016-02-28,431.59,233436,452647.9343,194346790.5,15261700,417877,19986.45724,8486292.939
2016-02-29,431.89,265320,574323.036,251149091.8,15265025,473553,24178.35945,9924706.546
2016-03-01,436.75,277094,646619.7693,280786700.5,15268550,483492,27421.71566,11003614.98
2016-03-02,433.66,270206,597797.2975,257919589.2,15272475,460661,39646.77118,5716209.127
2016-03-03,422.5,221652,538701.421,227124993.4,15275850,451340,24159.0108,3528608.928
2016-03-04,420.06,207485,422929.1887,177618220.5,15279725,377324,21630.40475,7461412.161
2016-03-05,408.4,234992,560243.1306,225966550.4,15283475,411654,25266.64578,19515216.28
2016-03-06,399.17,161739,296513.3831,119212822.9,15287175,339111,15778.67517,2011705.877
2016-03-07,405.69,183255,355450.4258,145282392.8,15290500,327348,18226.19155,2900051.674
2016-03-08,412.37,200298,311447.5673,128237173.9,15294350,377293,18670.57776,2311084.874
2016-03-09,412.15,190388,320209.5987,131796667.4,15298550,337006,22954.23817,2065424.291
2016-03-10,412.84,188726,336812.5182,139316581.8,15302425,366983,17471.10745,2439731.629
2016-03-11,416,189816,339157.9382,142675663,15306425,353190,16729.21085,2364181.047
2016-03-12,420.11,168013,254144.6916,105089496.8,15310025,311881,14416.96877,1829899.063
2016-03-13,409.9,149803,213978.1919,88371198.6,15313350,351625,14815.39729,1621259.994
2016-03-14,412.85,191341,309311.2594,128173794.6,15317150,372768,17011.74213,2416469.225
2016-03-15,414.99,202426,315998.5489,131369366.5,15321175,372120,18478.07924,3177959.038
2016-03-16,415.7,211992,298345.2775,123888279.5,15324975,371938,20222.46671,13343936.38
2016-03-17,416.64,208319,305233.4719,127657850.2,15328500,397923,19676.35536,7984729.776
2016-03-18,418.49,206022,339637.2259,140011959.4,15331900,368378,17682.2951,5239445.108
2016-03-19,407.96,177478,213215.9284,86792272.32,15335300,358458,13979.81499,2190183.073
2016-03-20,409.11,178143,211383.2541,86726517.24,15338950,365674,14212.15637,1773449.036
2016-03-21,411.81,199006,286039.2863,117100197.6,15342425,355209,16846.6144,2041577.706
2016-03-22,411.95,205208,319118.4878,132592024.2,15346125,391714,17818.00395,2235032.31
2016-03-23,416.39,186808,303546.1531,126621935.8,15349850,358206,16301.66041,2066836.888
2016-03-24,417.96,190094,388883.5448,161667115.7,15353525,346163,16657.92499,2286669.23
2016-03-25,415.17,172309,324554.6124,134672579.1,15357175,332910,13586.66641,2113238.619
2016-03-26,415.98,159049,259686.0422,107992126.1,15361000,319631,14942.34139,1505132.491
2016-03-27,416.96,160266,300045.5291,125905670.2,15364525,333879,13358.2909,1737057.957
2016-03-28,425,196080,330580.2372,140252685.9,15368775,355562,19738.31939,2086417.656
2016-03-29,422.86,197409,385690.6866,160761085.5,15372700,384087,24392.95327,2116335.573
2016-03-30,415.83,201028,318989.3828,131608349.6,15376375,348944,18875.2767,2032137.572
2016-03-31,413.74,206476,339434.6221,140898124.3,15379475,340536,19677.55359,2188915.911
2016-04-01,414.83,211922,323809.4314,134537500.7,15383300,388740,22620.32378,2181489.106
2016-04-02,416.31,183503,251387.5711,105581306,15386775,349858,22903.01295,1758765.063
2016-04-03,419.13,178429,210951.0936,88435716.07,15390325,362201,18437.41172,1561627.973
2016-04-04,418.51,208929,324009.9601,135840299.3,15394475,395904,19334.96732,2132110.885
2016-04-05,419.71,216176,366388.8873,154494298.3,15398350,372056,20389.40023,2257744.577
2016-04-06,421.66,219290,378143.8431,159685598.9,15402275,400648,24793.65962,2397382.263
2016-04-07,421.6,218463,450385.0328,189509815.9,15405750,374629,19124.72171,2739799.395
2016-04-08,419.95,214191,329163.8809,138824288.1,15409350,369066,18360.7283,2728055.143
2016-04-09,417.86,196441,251051.4661,104520518,15413400,353010,15401.58125,2249002.686
2016-04-10,418.58,186954,246470.5971,103498756.4,15417725,369611,14104.58255,2005055.242
2016-04-11,420.75,230040,313206.5438,131917025.6,15421550,383925,22307.02361,2571238.481
2016-04-12,422.63,240206,368413.0883,156860496.8,15425250,418258,21787.45087,3495580.001
2016-04-13,425.69,223506,315591.8164,133997232,15429350,392831,19424.99775,3218812.195
2016-04-14,423.87,227928,278920.0579,118403618,15433450,386126,19047.47502,2964839.213
2016-04-15,424.38,212178,318407.0299,136158701.1,15436925,368762,20026.99381,3822217.796
2016-04-16,429.45,182004,201099.2129,86724178.16,15440375,337492,14710.71807,3051672.788
2016-04-17,430.58,192428,209568.5346,89932089.39,15444325,392585,14707.31972,2619262.394
2016-04-18,427.31,220395,272791.8497,116994110.4,15447675,391408,20440.19897,3962456.694
2016-04-19,427.42,226511,321132.0941,138151940.6,15451425,399580,19134.86261,3705997.507
2016-04-20,435.95,216780,312840.6734,137347264.7,15455550,373801,18981.03442,4077380.519
2016-04-21,441.82,212795,346924.0207,154376605.4,15459325,401683,19067.20001,5033188.762
2016-04-22,451,210976,338809.0576,151831375.3,15462900,360541,19815.84946,5290883.165
2016-04-23,447.7,185216,222448.4665,99972059.46,15466500,365592,14897.61709,3426251.697
2016-04-24,451.92,183155,226589.9054,103550332.5,15469800,377166,15199.22212,2223869.595
2016-04-25,460.03,217564,368101.8779,170035887.7,15472975,403588,20343.89766,2719385.889
2016-04-26,462.5,250744,375338.8105,175051268.3,15476750,438403,158506.8359,2770136.734
2016-04-27,467.55,239435,366540.169,168934334.8,15479975,386129,21453.42231,2485051.224
2016-04-28,445.29,247957,368717.6613,164047132,15483350,376362,22214.59591,2696007.31
2016-04-29,449.98,261884,297930.6172,134148664.1,15487300,432470,23168.29153,2522444.202
2016-04-30,455.97,215712,204394.488,92579744.12,15490950,370399,18512.90556,1899766.45
2016-05-01,448.84,191430,195793.9311,88133002.16,15494825,368769,15916.81431,1879509.599
2016-05-02,453,223785,296119.371,131609777.4,15498750,395720,20487.21635,2450687.783
2016-05-03,443.84,235609,287074.1931,128092229.9,15502525,374877,20026.11391,2273860.039
2016-05-04,450.61,233691,508750.8218,227678717.6,15506700,393861,22893.52811,2276671.25
2016-05-05,446.84,229573,287957.8834,128868344.2,15510575,374113,19981.27317,2161621.794
2016-05-06,449.37,233232,331551.6868,150035773.3,15514625,374471,20629.18576,2321255.5
2016-05-07,458.98,202062,221270.8609,101694588.5,15518375,337983,17288.96868,1893689.36
2016-05-08,459.02,189025,166256.8199,76254668.8,15522575,363477,16391.46303,1623830.879
2016-05-09,458.31,226449,301773.8371,138794017.5,15526850,405890,18847.6742,2062306.883
2016-05-10,460.66,245721,319690.1209,145647671.1,15530800,405685,21900.72318,2211911.674
2016-05-11,450.78,234412,306783.3827,138852415.4,15534125,383096,20770.58006,2510174.685
2016-05-12,452.84,228409,332842.1864,149854665.9,15537600,373340,21748.49746,2295414.38
2016-05-13,454.26,232146,312145.6193,141919599.1,15541400,379120,22275.24042,2577781.011
2016-05-14,455.82,211280,229083.6187,104469849.9,15545000,372390,22260.28412,1910552.81
2016-05-15,456.31,200171,217081.3491,99104765.02,15548475,350006,20981.6492,2042797.059
2016-05-16,457.34,239809,304479.7816,138994717.7,15552000,428469,27622.16488,2688738.834
2016-05-17,454,238626,318709.7516,144428408.2,15555525,390061,26482.60171,2703819.915
2016-05-18,453.08,235083,350989.8771,159373784.4,15559350,413891,27428.228,2250192.07
2016-05-19,452.99,219145,369866.6705,165974634.4,15562350,373229,25058.508,2544431.129
2016-05-20,436.05,209396,351885.238,154720930.8,15566075,352825,22699.13278,2134599.692
2016-05-21,442.52,191461,238615.1532,105043285.9,15569600,358023,25675.64567,1578456.149
2016-05-22,443.21,184348,195047.0924,85673343.77,15574200,337746,19178.92443,1512379.669
2016-05-23,438.47,222754,289556.262,127380322,15578700,412183,24275.08884,2136312.563
2016-05-24,442.99,246517,333171.8618,147794302.1,15582375,407284,26569.73534,2514701.158
2016-05-25,444.1,247841,391213.4472,174803333.9,15585825,397789,27088.35394,3341037.905
2016-05-26,448.7,220091,366492.0508,164885025.9,15589200,364856,25055.78347,3584245.585
2016-05-27,452.05,215296,632654.8934,300392313.2,15592675,407025,34633.62141,4124114.202
2016-05-28,469.98,193054,497557.6505,250738586.3,15596000,378992,26348.66513,3665525.352
2016-05-29,526.64,178742,412772.183,218349634.3,15599675,342422,26314.80204,2740859.086
2016-05-30,511.3,211368,443918.3742,241119804.2,15603275,415243,31816.7147,2248406.368
2016-05-31,526.42,215249,418861.5934,227102554.8,15606450,385667,28795.33595,2561419.977
2016-06-01,531.97,234384,368422.5805,198488000.9,15610025,411100,30931.30727,2351967.054
2016-06-02,538.37,231099,358971.5415,194112539.7,15613475,388996,32544.72244,2342608.497
2016-06-03,538,234669,287879.0933,160601009.5,15617025,406598,30679.62053,1938990.174
2016-06-04,567.88,196665,234022.9474,135361104.8,15620000,368222,26830.36029,1493595.277
2016-06-05,573.85,189802,244140.0116,141793764.1,15624250,370336,25854.98398,1831988.035
2016-06-06,573.91,221171,298732.0493,175803037.2,15628500,413551,30835.36474,1964198.184
2016-06-07,583.72,231016,332598.8286,195330529.7,15632000,424459,30956.07797,2122375.939
2016-06-08,578.07,229933,312188.6786,180814927.1,15635600,393284,29587.52264,2004179.705
2016-06-09,583.1,236353,343120.222,199228765.4,15639725,433264,31479.14196,2095207.935
2016-06-10,574.32,228367,406905.6996,235509132.3,15643325,409704,31440.29903,2301811.955
2016-06-11,577.95,213159,276052.7896,162244835.7,15647225,375798,27373.74003,1894576.345
2016-06-12,608.01,210711,422500.7949,275155425.8,15650875,412969,34503.13681,2831538.691
2016-06-13,665.85,251354,457412.6543,320800345,15654900,450475,44648.68772,2757346.67
2016-06-14,704.5,246829,374061.8264,256120540.9,15658200,407360,48977.93395,2356791.522
2016-06-15,685.19,259202,324638.7911,222394465.1,15662000,456788,57175.50655,2299856.857
2016-06-16,693.88,267870,607548.911,450046397.3,15665725,472980,62188.54876,2796295.72
2016-06-17,765,253752,416279.7083,313165865.4,15669450,456749,60036.81651,2774465.088
2016-06-18,746.63,235317,273666.0048,206144868.5,15673400,425975,53013.09258,2340086.595
2016-06-19,751.96,218298,204060.8045,154508934.9,15677825,415726,48075.43145,2011496.989
2016-06-20,759.35,249334,316430.8244,237206784.3,15681925,465872,59829.3147,2647568.484
2016-06-21,724.04,248164,522195.8215,356169310.3,15685650,466563,55770.78327,2849547.253
2016-06-22,664.46,235641,493851.377,321376446.1,15688875,412966,51964.01267,2712263.676
2016-06-23,592.81,241300,483458.7694,284618179.2,15692375,442288,44393.95784,3159340.643
2016-06-24,622.08,237625,334305.6725,218477120.2,15695600,437712,48766.27875,2795725.678
2016-06-25,665,206919,221573.5615,149760846.6,15699650,410558,41148.9278,2121582.984
2016-06-26,660.44,181348,235357.0111,150791051.9,15703300,387274,34845.80861,1791420.031
2016-06-27,630.19,217029,310738.8098,199055373.7,15706975,381090,39543.30846,2170091.799
2016-06-28,651.85,212607,315206.0309,204851206.1,15710675,428793,37887.6766,1865761.064
2016-06-29,645.15,224112,325719.8947,206884074.1,15714325,370956,41638.69495,1988551.271
2016-06-30,635.99,231960,354288.4335,231989270.8,15718075,404729,43145.93981,2084880.761
2016-07-01,667.95,205801,287653.0843,194741108.9,15721950,369568,39412.27198,2011713.672
2016-07-02,675.63,198875,246540.9642,169929673.9,15725675,348963,37269.63325,2151502.299
2016-07-03,701.41,177127,234969.0479,159306740.5,15729525,349825,31301.33908,1737085.84
2016-07-04,656.97,213900,247095.2659,165562147.3,15733300,406696,37984.06898,2599568.95
2016-07-05,681.98,214959,306489.2073,205876443.3,15736925,384212,39284.02577,2054743.903
2016-07-06,668,214691,271525.3061,183107563.8,15740425,373739,37558.37134,2039637.043
2016-07-07,673.76,215548,334558.9919,215515452,15743850,364951,36482.76165,2830532.135
2016-07-08,638.5,210701,294707.0367,190072668.3,15747475,363255,37394.16468,2290691.942
2016-07-09,663,185405,219760.5534,142818088.6,15750600,356931,31596.03018,1891222.925
2016-07-10,647.41,162608,158856.5984,102652706.3,15752550,324972,25097.02279,1522989.688
2016-07-11,648.35,218089,260347.8728,168883000.5,15754337.5,392909,37815.88446,2224457.952
2016-07-12,649.33,219034,285684.8292,187752086.3,15756125,382315,33704.23229,2314128.385
2016-07-13,664.5,216503,283542.3015,188298120.1,15757737.5,367230,35334.87942,2253579.819
2016-07-14,652.87,217695,247181.322,162291972.8,15759500,369011,37786.82197,2097269.929
2016-07-15,659.12,216081,281307.9236,186638357.6,15761187.5,367025,36791.97338,3349411.144
2016-07-16,663.19,182192,196645.6099,130458510.8,15763150,356242,33790.79466,1965918.497
2016-07-17,661.32,171013,238754.5259,160525091.7,15765012.5,327405,32613.07227,2055306.6
2016-07-18,679.58,222835,290872.9386,197866721.2,15766862.5,388294,40298.07053,2255407.844
2016-07-19,673.46,222146,232922.5223,156439533.7,15768462.5,372107,41535.79617,2539145.564
2016-07-20,674.95,227429,254252.9248,170220921.9,15770337.5,378263,43593.70708,2456917.483
2016-07-21,667.5,217606,210476.2148,139720440.9,15772000,359014,40442.9448,2207379.88
2016-07-22,664,221404,250316.5452,165392619.1,15773612.5,370239,43007.30369,2421306.202
2016-07-23,649.75,195796,176274.3312,115059449.2,15775250,338444,39609.69399,1834612.756
2016-07-24,655.53,183890,196331.126,128930332.5,15776800,345915,33859.14635,1846664.92
2016-07-25,661.48,239715,208950.9397,137031791.6,15778437.5,395753,46455.97227,1927857.047
2016-07-26,654.98,237673,271397.0917,176818808.3,15780050,407264,46134.03784,2310580.418
2016-07-27,651.16,235603,268734.4564,175506620.6,15781650,373465,49904.2244,2515469.557
2016-07-28,655.37,234863,256604.4498,168337022.1,15783350,395387,46984.74692,2460612.936
2016-07-29,655.54,231414,236799.9731,155222292.5,15785187.5,358526,49048.6359,2139879.12
2016-07-30,654.88,199484,158630.4445,104010266,15786675,362121,43676.17306,1878531.691
2016-07-31,654.68,192254,234107.2837,148643265.8,15788600,344641,46104.48829,1858564.337
2016-08-01,623.91,225049,289208.7033,179607831.9,15790512.5,401276,45893.6328,1726830.891
2016-08-02,605.56,251098,526025.0816,310244260.8,15792437.5,412747,48258.193,3522076.095
2016-08-03,530.74,241782,361718.6261,196521089.1,15794512.5,407728,41571.8102,2478092.168
2016-08-04,564.01,231835,363684.3962,206097159.7,15796425,384713,39361.2056,3004674.78
2016-08-05,577.44,228244,273623.6692,155386008.8,15798537.5,382173,42375.12907,2291567.352
2016-08-06,572.72,195669,198259.4793,113350615.8,15800612.5,344354,34151.74576,1516812.659
2016-08-07,589.5,192414,260971.0296,153369942,15802462.5,344197,39430.37914,1875748.716
2016-08-08,592.56,235295,232969.4542,137092319.6,15804312.5,412180,51117.93143,1971245.141
2016-08-09,591.69,231400,251862.7271,147478891.6,15805862.5,390239,44139.67432,2222267.861
2016-08-10,584.98,244740,295914.4346,174758412.1,15807750,409835,44603.03105,2170929.494
2016-08-11,591.5,254515,316658.4414,187714014.6,15809625,420150,47354.59696,2254855.173
2016-08-12,586.01,232973,259072.9519,151649427.9,15811487.5,389404,41437.56333,1924492.133
2016-08-13,585.91,214569,184105.5246,107861817.7,15813525,361767,37650.34889,2049092.919
2016-08-14,583.34,200174,204889.2961,117723115.1,15815562.5,363865,35622.95648,1716569.436
2016-08-15,567.34,202896,213376.7629,121151372,15817387.5,354911,38794.16852,2077130.23
2016-08-16,565.69,254431,317202.0691,180903207.5,15819075,423764,47867.40035,2731958.306
2016-08-17,574.94,238003,287084.2807,164364852.6,15820612.5,415204,42998.40665,1999807.956
2016-08-18,570.92,239541,252107.3088,144427244.6,15822537.5,405863,44463.85623,2327792.805
2016-08-19,570.3,246095,286380.3711,163856272.5,15824462.5,402063,46879.31875,2377047.791
2016-08-20,572.84,208224,194371.0491,112011435.5,15826400,399739,35337.71632,2097223.397
2016-08-21,577.52,184904,137099.0803,79519732.45,15828437.5,359919,29556.20261,1338909.577
2016-08-22,577.24,228373,248080.2972,144303111.5,15830412.5,408558,38252.32896,1984740.679
2016-08-23,583.3,239021,309780.6283,180258018.6,15832250,396831,44394.97322,2090785.997
2016-08-24,581.98,235130,272922.6324,158027182.1,15834150,408587,37816.00336,2098712.581
2016-08-25,578.75,234009,249816.9581,143380501.3,15835775,393474,37755.14425,2132803.99
2016-08-26,575.75,226767,219382.3027,126548713.8,15837425,382302,36779.02412,2092780.605
2016-08-27,577.77,191098,171339.7594,97908871.35,15839225,365095,31967.99959,1464561.622
2016-08-28,567.2,174489,143429.8994,81677102.59,15841125,331778,27863.85969,1302221.635
2016-08-29,573.2,225282,254984.1828,146295074,15842987.5,372022,37743.05515,1714220.634
2016-08-30,571.5,252002,267173.203,153671377.4,15845037.5,435638,39453.05848,1814694.812
2016-08-31,575.97,225360,274115.544,157138022.7,15846712.5,390847,35819.21555,1777557.922
2016-09-01,570.76,237466,276903.2883,158171124.6,15848462.5,385974,36248.30898,1783678.094
2016-09-02,571,225856,233521.6337,133402729.2,15850375,384392,33186.09934,1595134.293
2016-09-03,572,182204,177025.4419,102592239.9,15851950,361959,30035.47905,1308424.921
2016-09-04,595.01,183244,185085.9756,111803509.2,15854187.5,349000,28190.42714,1160632.754
2016-09-05,603.95,227683,221533.9367,134025129.1,15855937.5,422188,38914.96727,1713681.507
2016-09-06,604.99,232118,224855.2184,136578787.6,15857637.5,413110,36856.752,1600893.42
2016-09-07,608.16,250809,232712.8238,141851022.6,15859537.5,405005,39131.80305,1603741.19
2016-09-08,615.33,227006,245245.1319,152571672.2,15861337.5,397984,37090.15949,1626880.301
2016-09-09,625.06,220534,237236.2968,147264804.3,15863112.5,380834,39624.49738,1750922.91
2016-09-10,622,193320,160619.7059,100048770.7,15865050,354816,32537.36414,1478034.976
2016-09-11,621.65,180391,169842.4676,105076958.8,15867100,372934,30392.47648,1506619.985
2016-09-12,604.02,208649,221654.2113,133648709.7,15869137.5,393992,35420.54489,1672258.492
2016-09-13,608.01,239886,236243.1895,143083944.2,15871200,410171,41221.76861,1981907.53
2016-09-14,608.82,231800,219075.9693,132875384,15873150,391216,37828.5066,1897616.618
2016-09-15,608.99,233488,202780.2242,122887826.7,15875075,398012,36455.07114,1564540.185
2016-09-16,606.72,211128,192311.5683,116441741.1,15876812.5,358967,39531.10452,1880952.091
2016-09-17,607.04,215529,152553.9354,92192153.8,15878850,394081,34823.35812,1475509.565
2016-09-18,604.09,191603,165788.738,100458543.6,15880662.5,366454,32148.08731,1626466.709
2016-09-19,607.31,223540,221106.5428,134357326.5,15882325,397745,40170.03097,2074708.008
2016-09-20,608.66,244315,240709.0213,146042033,15884212.5,425244,41473.77864,2268567.272
2016-09-21,605.5,239216,222276.0453,132006186,15886287.5,408745,38577.6923,1867494.606
2016-09-22,595.46,231227,202589.148,120448102.5,15888050,390664,37768.41575,2326674.028
2016-09-23,594.08,223187,244997.9187,146146259.9,15889750,388020,36537.79654,2253377.478
2016-09-24,600.7,208650,170168.7604,102277847,15891825,368915,36006.57743,2019184.951
2016-09-25,599.33,195642,255497.5404,152870734.3,15894137.5,377263,29797.26563,1851826.567
2016-09-26,598.98,230769,256275.9336,154379995.1,15896050,424003,36957.80805,2278155.602
2016-09-27,606.79,240335,241334.5931,145940667.1,15898137.5,429499,38083.23717,1737650.314
2016-09-28,604.26,234995,250752.2695,151092801.3,15899987.5,430960,39193.93192,2545689.057
2016-09-29,603.85,242730,254451.0729,153616273.1,15901775,438502,41400.65232,1838851.924
2016-09-30,604.13,250943,250909.1686,151697973.2,15903550,446430,41391.75401,2464312.41
2016-10-01,608.38,213930,169585.7339,103988578.3,15905512.5,393902,36169.5235,1536124.183
2016-10-02,612.98,194823,163828.0032,99888624.88,15907287.5,366925,33314.85688,1443022.87
2016-10-03,608.6,256665,250027.4219,152745155,15909162.5,494066,45950.5165,1970099.716
2016-10-04,612.98,264662,275755.2683,167749287.5,15911137.5,481501,43218.00481,1906791.153
2016-10-05,607.18,266811,243263.0879,148295757.9,15913225,466804,44378.2277,2302843.3
2016-10-06,608,274486,248767.7792,151565507.7,15915237.5,499902,48215.06542,2291725.007
2016-10-07,609.41,266324,230920.309,141600454.5,15917025,470157,44181.2117,2368166.6
2016-10-08,614.74,250672,213666.1384,131522852.3,15919137.5,444224,41546.72346,2376975.883
2016-10-09,614.46,210548,194970.6552,119547253.3,15921137.5,410025,36536.7099,2698212.132
2016-10-10,613.06,222996,236501.5909,145452261,15922687.5,394805,41705.95467,2585917.322
2016-10-11,614.77,263565,304140.4121,191535068.1,15924425,456719,50936.2879,2864039.241
2016-10-12,638.3,233440,313358.3503,199143900.1,15926225,413349,45085.24422,2691149.304
2016-10-13,635.16,229703,273226.9642,173562327.8,15927825,398109,44826.18956,2088161.192
2016-10-14,634.02,239724,229433.6477,145891861.3,15929525,421160,43657.60161,2021409.06
2016-10-15,638.2,210448,202679.1178,129491942.7,15931300,390688,39968.45655,3408105.67
2016-10-16,636.86,197876,186576.3764,118953271.2,15932925,379932,37505.93774,2461115.976
2016-10-17,638.97,237232,254761.9733,162092886.5,15934487.5,419627,46084.96765,1887070.937
2016-10-18,635.54,251521,339498.1628,215694366.6,15936425,450933,49079.56723,2509108.681
2016-10-19,635.95,199083,243186.5237,153607523.1,15937987.5,340010,39302.63818,1937925.864
2016-10-20,627.72,270380,290684.8814,182155730.7,15939662.5,475343,55962.16159,2465644.969
2016-10-21,628.89,265355,249142.2896,156669875.5,15941712.5,458618,47845.94985,3172355.535
2016-10-22,629,216708,192181.5734,123012421.6,15943575,389920,42765.31296,1351493.218
2016-10-23,653.25,191578,157600.0732,103115122.8,15945375,370500,45094.94775,1877896.517
2016-10-24,649.69,226980,249152.7186,161693433.7,15947162.5,406335,52665.26555,3736942.235
2016-10-25,643.93,237030,271794.0726,177371950.4,15948900,426577,64703.4905,3108006.834
2016-10-26,651.45,223316,261192.7347,173327307.6,15950625,390127,82013.1308,2161155.147
2016-10-27,674.63,326388,379576.7415,258545484,15952650,544308,76300.19335,3492141.359
2016-10-28,685,250876,255567.1956,174924737.1,15954550,444636,56633.97569,1564832.97
2016-10-29,685.91,229689,235841.5683,166370936,15956412.5,419590,52710.62112,1503224.752
2016-10-30,712,207982,187085.5908,131602246.5,15958512.5,359909,44972.18016,1342234.975
2016-10-31,697.23,241778,301098.8512,210506851.3,15960350,456149,54194.48437,1806193.777
2016-11-01,697.01,246650,287696.4577,208660536.8,15962150,437870,57269.16694,1846449.783
2016-11-02,726.6,268418,226415.0961,164356161.5,15963812.5,455987,57774.93646,4781474.413
2016-11-03,741.12,271998,294581.2511,213617077.3,15965750,466632,57175.27306,6817502.785
2016-11-04,683.69,248043,280307.0576,195355546.3,15967200,429052,58733.19786,5890890.019
2016-11-05,702.71,238215,171743.8461,120288462.1,15969037.5,438573,51641.51215,5803605.832
2016-11-06,703.48,225786,162508.4139,114742911,15970950,410270,49940.41147,5398763.867
2016-11-07,709.96,274281,250343.2319,175932227.3,15972775,490444,65965.73369,4470465.954
2016-11-08,703.23,296060,294404.7471,207694374.7,15974887.5,515899,62971.59395,3497745.2
2016-11-09,708.15,270095,344865.3113,250582316.7,15976725,471046,61031.77956,2694658.104
2016-11-10,721.5,271374,262443.6135,187826423.9,15978825,480416,58880.73598,1759909.004
2016-11-11,714.48,254619,218886.4159,156396615.4,15980862.5,438416,53442.19337,1395606.568
2016-11-12,716.2,228886,171163.716,121310139.6,15982962.5,441806,46801.13408,950069.9318
2016-11-13,702.28,219657,178721.2513,123872148,15984737.5,420695,44073.4121,1119373.699
2016-11-14,700.38,270506,238427.3353,167411486.8,15986887.5,489541,55770.06958,1547251.349
2016-11-15,705.03,280352,267596.0696,190488765.8,15988837.5,514156,58000.9335,1759582.234
2016-11-16,711.73,289789,365085.9127,266411874.9,15990975,481300,57783.94609,1956468.289
2016-11-17,739.42,277460,340353.769,254155219.5,15992962.5,483350,66757.58773,1604094.506
2016-11-18,736.84,275925,262969.5015,195698807.2,15994812.5,493764,62707.92471,1605921.956
2016-11-19,748.98,249760,201492.263,151014229.1,15996587.5,458553,54037.93973,1119382.03
2016-11-20,750.71,243591,174430.8721,128952148.6,15998187.5,452258,53984.95138,1161609.412
2016-11-21,727.09,285793,266867.4486,195079233.3,15999925,488212,71519.63003,1560261.72
2016-11-22,736.97,285635,298362.3552,221241977.7,16001600,491371,75267.59234,1711822.47
2016-11-23,749.26,276924,278014.4464,206486727.9,16003437.5,478502,81809.19171,1723439.703
2016-11-24,740.17,328538,345749.689,254076694,16005462.5,555782,101791.9932,1870554.837
2016-11-25,735.64,315387,264826.8469,193880618.2,16007362.5,525260,102059.31,1465067.396
2016-11-26,737.07,277608,249176.0423,182382884.9,16009275,501367,74478.05609,1204193.185
2016-11-27,729.91,237389,179648.5865,131130471.7,16011075,434305,59254.83275,950718.2639
2016-11-28,727.31,298530,274528.0726,200604646.4,16013125,531725,80979.26939,1514724.192
2016-11-29,729.45,289650,304644.5761,222587581.7,16014987.5,498908,73825.76477,1410084.882
2016-11-30,730.02,292654,279356.4922,206457187.8,16016762.5,497916,73814.69518,1366660.389
2016-12-01,742.05,239682,262177.7549,196279881,16018587.5,408505,78033.20308,1513280.754
2016-12-02,750.81,315478,296799.4485,228141076.8,16020375,579169,92634.67003,1784511.18
2016-12-03,769.99,287988,203632.035,155648705.2,16022525,520037,77608.67005,1235161.952
2016-12-04,762.97,245650,131451.4284,100381256.3,16024375,440364,70750.73751,916341.4214
2016-12-05,762,278001,263706.1573,198703655.6,16026275,517986,81253.48108,1721222.673
2016-12-06,750.59,319762,281168.4872,212285749.9,16028150,569492,90189.96601,1651414.711
2016-12-07,758.99,310754,296118.8692,225042481.1,16030325,560156,82143.04619,1547890.893
2016-12-08,766.48,282711,304883.5217,233884533.9,16032287.5,493590,81200.32638,1425236.296
2016-12-09,767.28,268815,267216.0349,205426538.5,16033975,471691,74907.59973,1526017.128
2016-12-10,769.08,250241,193275.6679,149430380.9,16035625,456468,67168.6081,1170744.749
2016-12-11,772.28,229933,163256.6207,125059695.2,16037962.5,440785,59414.95404,1060663.655
2016-12-12,768.19,268662,274818.5725,212868618.3,16039912.5,491332,72231.01906,1692640.281
2016-12-13,777.99,291757,260316.2678,202626685,16042137.5,507067,76277.18633,1566232.61
2016-12-14,778.49,286328,265743.6378,206398743.8,16043875,495462,73634.30117,1655833.795
2016-12-15,777.09,282685,285532.1043,221938403,16045462.5,479423,78062.84034,2047186.306
2016-12-16,775.88,279361,307291.6343,239348887.7,16047125,495267,76003.87766,1883877.693
2016-12-17,781.32,238130,232767.0896,183418677.6,16048925,458681,64097.5322,1321325.895
2016-12-18,787.28,235789,201024.824,158395598.3,16050687.5,418499,65012.19205,1411672.896
2016-12-19,788.67,282129,284849.3328,224937601.8,16052575,508682,85732.93218,1841738.492
2016-12-20,791.03,296473,308362.6075,243951480.4,16054300,508909,80676.56077,1939201.332
2016-12-21,801.51,325677,401011.9566,325753009.1,16056287.5,540311,95798.74199,2851534.344
2016-12-22,834.97,314644,395390.372,338878078.7,16058275,528879,94676.48638,2459189.602
2016-12-23,860.18,304997,431035.3193,388045841.2,16060175,522517,90403.75768,2633796.223
2016-12-24,913.93,240820,223986.7629,202692630.2,16061887.5,420207,75503.23955,1526634.417
2016-12-25,892.6,197364,238524.7804,208965007.3,16063950,353857,56379.99757,1094479.337
2016-12-26,890.99,244914,270013.0792,243945751.8,16065725,448558,79464.54315,1513037.04
2016-12-27,896.82,296546,373469.9446,344764424.4,16067675,509116,97504.74064,2242009.729
2016-12-28,930.34,305394,344907.2166,329559351.9,16069725,514773,101592.9271,2063689.692
2016-12-29,975.89,304605,326273.1762,315507313.8,16071600,512157,105282.9067,1781841.828
2016-12-30,970.35,286818,333410.2376,317816520.6,16073562.5,496025,96352.13347,2207636.679
2016-12-31,958.12,250273,217917.329,207942693.2,16075412.5,449832,80101.71535,1379308.871
2017-01-01,964.84,180502,170022.2164,166788994.4,16077362.5,355325,63820.90792,1084340.885
2017-01-02,997.36,290951,275190.2586,279981138,16079350,529709,114872.9886,1573981.615
2017-01-03,1013.42,301664,333533.0116,341754284.9,16081400,515024,120759.9714,1950525.355
2017-01-04,1037.83,328642,396990.1653,433678086.9,16083312.5,545609,214902.266,2482037.821
2017-01-05,1109.16,288501,528064.194,565779976.6,16085062.5,495910,121958.0448,2998215.112
2017-01-06,999.65,346405,483798.9434,451663626.1,16087075,562750,119093.5897,3100652.306
2017-01-07,891.95,282060,343331.5305,295587982.4,16088800,503341,92359.22372,2152944.554
2017-01-08,906.16,260101,230638.8839,210928000.9,16090887.5,455739,83380.70365,1679995.299
2017-01-09,910.49,269947,305497.0675,272509052.6,16092587.5,475572,91626.56389,2095379.055
2017-01-10,896.92,323888,318107.7343,287618545.5,16094587.5,541168,109500.4197,2359325.55
2017-01-11,903.66,303058,499810.9763,413905306.4,16096500,491693,94522.47085,3980330.054
2017-01-12,780.92,295125,395481.518,303994537,16098650,483078,82809.32156,3521724.143
2017-01-13,805.52,272747,310679.0236,246890176.5,16100525,466561,77975.0474,2361739.558
2017-01-14,825,242269,194606.3169,160003664.1,16102675,446469,72980.31881,1500321.72
2017-01-15,819.55,235999,193769.2485,157085269.5,16104762.5,417279,66665.16822,1725125.555
2017-01-16,822.01,267640,252594.9322,208260163.9,16106875,473647,87273.20146,2087940.546
2017-01-17,830.56,292697,334103.8027,291783384.8,16108850,502462,98873.39958,2310740.489
2017-01-18,906.6,297100,294526.4727,258544170.7,16110725,500306,94644.55772,1935116.592
2017-01-19,885.44,300605,261915.7319,232438072,16112900,516339,100366.1195,2603895.11
2017-01-20,903.1,298377,259324.2666,230847365.4,16115262.5,516010,94202.1318,2588414.223
2017-01-21,895.64,263562,230077.2228,210309696,16117525,484669,87526.45595,1533463.233
2017-01-22,921.99,236886,229821.8508,210313964.5,16119700,428798,79858.09693,1135726.932
2017-01-23,922.33,235530,214418.561,196893334.8,16121425,425650,100128.2904,1522815.668
2017-01-24,919.97,278177,263431.87,237838497.6,16123287.5,497859,129298.0731,1956073.136
2017-01-25,883.59,304727,298779.1331,266770577.7,16125150,514639,120543.2071,1930677.636
2017-01-26,893.14,313755,248341.8494,224547250.6,16127087.5,518117,111834.4103,2113175.403
2017-01-27,915.05,263332,188459.9404,172519954.1,16129212.5,462951,104430.6162,1800256.178
2017-01-28,918.01,246395,122192.8292,112142904,16131112.5,461292,112768.3479,1249362.253
2017-01-29,918.62,241627,145740.8333,133740567.7,16133200,438728,112530.8431,1375857.614
2017-01-30,912.19,247408,161924.0903,148216976.2,16135000,449342,124777.3782,1462181.222
2017-01-31,920,307683,237602.233,223566247.4,16136812.5,523037,142783.9672,1791768.78
2017-02-01,964.1,350560,271145.3448,263375235.4,16139212.5,599053,150441.5678,2078948.617
2017-02-02,983.42,259559,214406.4257,212437107.4,16141175,452586,144923.4536,1851685.666
2017-02-03,1008.67,323563,264280.1127,267577532.2,16143037.5,560375,164452.7368,2438292.661
2017-02-04,1015.65,284778,211734.6787,215469986.9,16144837.5,500098,141416.5588,2118864.578
2017-02-05,1034.07,292101,188840.6818,193687212.2,16146825,510278,140057.6604,1800248.442
2017-02-06,1011.08,230027,213855.3853,218963129.7,16148387.5,440410,158629.2312,1679402.417
2017-02-07,1023.96,325268,253784.2265,264475740,16150275,557391,179475.8111,2038903.522
2017-02-08,1052.84,308316,256176.1004,269607888.2,16152100,516491,165317.9285,1959826.106
2017-02-09,1050.7,346544,370734.0815,377801460.1,16154212.5,575008,179530.8323,3197018.872
2017-02-10,985.34,301789,298473.9467,289197729,16156050,507436,138503.9611,2744074.819
2017-02-11,997.59,262686,162125.9136,161865706,16157787.5,474677,117022.2942,1418142.398
2017-02-12,1012.46,237744,117150.5156,116966457.1,16159537.5,422085,102344.5356,954999.5676
2017-02-13,1000.74,288290,194334.2141,192208412.1,16161575,503161,136273.9643,1591074.646
2017-02-14,1001.2,315084,233840.4635,234339661,16163687.5,530240,145522.2402,1925169.973
2017-02-15,1007.08,294786,201546.7304,202429313,16165425,495897,136151.0169,1750347.684
2017-02-16,1011.25,283203,207833.8144,212531599.8,16167312.5,489190,173889.7458,2986480.939
2017-02-17,1035.2,319767,259513.0349,271435652.8,16169200,550073,173401.9107,2501945.958
2017-02-18,1054.55,286143,170341.7359,179904049.6,16171087.5,510386,163956.934,1248556.859
2017-02-19,1056,251721,166690.3257,175243850.9,16172762.5,458999,141917.6515,1419255.293
2017-02-20,1050.87,282728,182509.8383,192433479.8,16174612.5,503953,171232.8277,1561277.915
2017-02-21,1084.06,279090,214283.1068,235255122.9,16176337.5,487721,184439.905,1754148.41
2017-02-22,1125,282194,197794.3864,220185412.8,16178062.5,489248,204151.8555,2548904.034
2017-02-23,1130.01,325913,280568.2545,320075871.9,16179937.5,551455,244210.303,3342958.487
2017-02-24,1187.41,343805,312812.4785,369319167.1,16181975,590852,269884.0255,1919952.536
2017-02-25,1180.14,326521,210000.5405,244845187.3,16184062.5,561872,232807.2775,1233214.155
2017-02-26,1150.37,265203,171688.7932,199581169.9,16186287.5,462927,190142.6316,1128100.267
2017-02-27,1180.46,284555,221116.8938,262053158.4,16188087.5,501497,231694.2539,1881223.05
2017-02-28,1194.17,325414,214370.2173,255334271.6,16190000,542157,270857.8712,1954778.738
2017-03-01,1190.89,315883,234425.1703,283137400.4,16191800,531643,277269.8097,2493836.067
2017-03-02,1224.98,329428,348069.6502,431801396.6,16193762.5,565742,316054.9094,2742003.358
2017-03-03,1257.6,337310,330581.4306,422240157.2,16195650,583123,331593.7394,4558368.402
2017-03-04,1287,265780,205651.544,261984345,16197300,489858,286888.8833,1974194.904
2017-03-05,1262.2,280739,172858.2019,218660855.9,16199137.5,524843,274142.5489,1232770.741
2017-03-06,1271.04,287731,229302.4244,292613411.7,16200912.5,537229,306799.9662,1915378.96
2017-03-07,1279.5,327902,276811.9018,347152744.3,16202825,571329,345902.345,2099918.942
2017-03-08,1233.88,297108,263042.0553,315179702.1,16204600,526233,282134.484,2522734.845
2017-03-09,1155.11,303632,221691.7612,260236116.3,16206450,541482,278221.3099,5699545.523
2017-03-10,1192.09,308482,274668.6468,329245440.2,16208400,551015,311720.411,2751691.905
2017-03-11,1104.94,280681,208985.4219,243728155.2,16210262.5,518976,254307.4821,1651256.174
2017-03-12,1176.59,221110,174831.2465,209168664,16212200,422479,229987.0809,1201859.267
2017-03-13,1227.68,273079,254760.7583,314605570.3,16214012.5,516185,288098.0838,2089770.02
2017-03-14,1240.72,310395,279741.426,347466704.5,16215962.5,561535,326658.0298,2703063.85
2017-03-15,1246.72,292434,261187.8141,326947684.6,16217737.5,526479,302074.6096,2274799.155
2017-03-16,1257,327034,430129.009,526589907.1,16219650,594406,329136.5718,3316344.04
2017-03-17,1170.2,292196,487106.2219,552676695.4,16221575,532934,281564.2032,3122262.976
2017-03-18,1068.3,263530,381716.6653,393335618.2,16223537.5,505651,226386.7679,2599334.281
2017-03-19,967.69,269336,245940.7626,248882114.1,16225600,512176,215622.6428,6345239.357
2017-03-20,1010.99,277033,290510.525,301488144.2,16227300,512638,250236.1987,3296575.01
2017-03-21,1031.5,288055,305364.2099,330728552.8,16229075,541182,271402.3228,6200927.722
2017-03-22,1113,316593,370542.3736,388745237.6,16231062.5,572753,283406.3284,5240108.862
2017-03-23,1030.2,287871,301915.0937,312768150.5,16232912.5,537475,244603.2545,2379458.032
2017-03-24,1029.99,289521,420627.1495,415158515.5,16235112.5,540390,229193.5112,3876256.754
2017-03-25,927.93,242975,331578.1228,307287313.6,16236775,490877,169042.0413,3359560.99
2017-03-26,961.81,221915,242136.6813,234975161.6,16238850,462863,152313.3598,1772687.273
2017-03-27,959.47,232291,303796.6977,304061325.5,16240500,459508,195595.5273,2337117.334
2017-03-28,1041.04,294001,409096.064,426602354.3,16242437.5,553957,243041.201,2332205.311
2017-03-29,1042.77,283931,261122.6766,270264531.2,16244162.5,534780,223105.0921,1812147.843
2017-03-30,1039.77,288788,334413.3231,345704441.2,16246212.5,521048,214200.8961,2164789.745
2017-03-31,1034.74,259403,439932.3097,463530445.1,16247900,489452,244492.136,3573848.964
2017-04-01,1073.09,255871,253991.275,275732331.5,16249550,502791,208450.9582,2859605.756
2017-04-02,1082.81,244203,254842.1706,278337308.6,16251525,501563,198867.5258,4026308.736
2017-04-03,1079.99,288141,315703.4095,357722808.5,16253725,564025,255961.6974,4163240.214
2017-04-04,1146.98,256015,304742.0268,348486729.2,16255287.5,496731,231282.0857,2476603.498
2017-04-05,1141.23,316555,333167.0216,376232820.4,16257312.5,577217,274597.3509,2295660.85
2017-04-06,1133.53,290465,314494.4644,366852393.9,16259150,548640,260906.6316,2045375.195
2017-04-07,1193.73,295463,345818.2169,411459319.5,16261175,542132,278822.7938,5893220.186
2017-04-08,1190.22,226959,169853.4707,201802714.5,16262887.5,468194,207868.7009,9838136.841
2017-04-09,1184.03,238286,182514.0858,218412547.3,16264875,489533,202473.8581,1512371.727
2017-04-10,1206.18,273384,228270.4405,276975890.5,16266712.5,548201,242663.5959,2077781.897
2017-04-11,1209.99,307893,290035.8715,353047267.6,16268800,582104,277087.7917,2024632.207
2017-04-12,1219.09,278093,265530.4599,324225506.2,16270575,548652,261215.3073,2068435.883
2017-04-13,1212.17,228679,248404.6827,296565393.5,16272162.5,449522,257830.5667,2143228.005
2017-04-14,1174.43,290208,299791.6951,355707472,16273900,558991,283173.4916,2216168.37
2017-04-15,1170.36,270705,230697.8996,274787437,16275775,520822,240067.9385,1610347.304
2017-04-16,1190.5,211829,209280.7804,248893303.7,16277600,429264,191455.7525,1902570.095
2017-04-17,1161.1,245184,297315.8903,355041524,16279325,469210,225744.075,2451805.095
2017-04-18,1176.97,303091,286448.0247,346671691.3,16281150,553139,274363.8613,2456420.955
2017-04-19,1201.2,310104,252819.6684,305279308.3,16282937.5,566249,255487.1648,2176695.99
2017-04-20,1205,267915,281161.9535,344219152.7,16284662.5,491206,281117.0467,2222758.116
2017-04-21,1236.63,330354,260744.5602,324930181.6,16286750,612636,307542.297,2339052.357
2017-04-22,1243.61,268712,178071.2906,220730616.6,16288562.5,530090,225561.8741,1746209.312
2017-04-23,1233.24,245039,170496.7124,211860005.8,16290475,490004,223598.9104,1577942.3
2017-04-24,1240.84,222671,218198.4686,272159698.5,16292025,449880,234576.2647,1940799.634
2017-04-25,1253.57,325387,310021.5194,393127864.7,16293875,580199,349896.3894,3246840.061
2017-04-26,1272.67,334471,288668.5346,373574588.2,16295787.5,606557,331998.2988,2429753.953
2017-04-27,1288.02,297884,302050.778,398959237.4,16297625,554692,341309.8377,2636893.447
2017-04-28,1330.33,305271,317159.2184,423281308.5,16299325,582827,332826.0509,2454474.324
2017-04-29,1330.7,341319,270548.5169,363036770.9,16301487.5,634026,346182.888,2085973.148
2017-04-30,1333,281489,200786.8779,269552199.7,16303375,526653,272892.431,1786432.985
2017-05-01,1354.8,294786,318252.5718,446976193.6,16305250,542848,329418.9157,2509004.846
2017-05-02,1390.86,333161,316525.2121,458087464.4,16307225,609091,394551.4057,2531694.305
2017-05-03,1447.55,295149,317492.173,468116196,16308875,547222,365516.1278,2625551.836
2017-05-04,1501,354737,407668.8605,635339356,16310975,676231,488688.8001,2892428.858
2017-05-05,1537.23,267193,375277.4316,590516942.2,16312587.5,523630,414847.8664,2863316.311
2017-05-06,1518.75,363022,303559.1187,472765822.9,16314687.5,677422,462580.1272,2713257.082
2017-05-07,1554.04,316011,282203.8322,442601453.2,16316775,581370,443000.7298,2213326.704
2017-05-08,1558.74,365096,453504.4078,737787408.7,16319025,691481,534330.6244,3877215.601
2017-05-09,1651.1,332879,442341.0289,759833620.7,16320962.5,621157,521244.4257,3162517.251
2017-05-10,1720.26,311391,424722.8859,743762053.1,16322812.5,592447,542282.0499,3874769.785
2017-05-11,1774.52,294743,364410.7634,668519296.1,16324500,568522,512665.3127,3043753.158
2017-05-12,1829,317698,343919.5429,613819101.6,16326425,600569,574141.4331,3073037.692
2017-05-13,1692.88,329266,250751.3164,426951909.1,16328400,623294,514824.9733,3010157.614
2017-05-14,1770.8,369098,253043.0086,453587626.1,16330450,691331,560074.1216,2545656.418
2017-05-15,1780,329229,404768.0446,704107293.8,16332575,636240,575517.8228,3103702.086
2017-05-16,1717.91,233977,344977.4754,594333395.3,16334225,453277,617615.9207,2799129.216
2017-05-17,1708.99,317527,523942.6264,944733565.6,16336162.5,591516,884050.7311,4046479.136
2017-05-18,1783.98,288904,357634.9216,658815926.2,16337937.5,570190,726444.4803,3210225.945
2017-05-19,1879.99,319502,437720.1044,845185438.9,16339987.5,633618,855524.3879,2945763.682
2017-05-20,1957.38,352805,331908.7984,661263295.4,16342050,646322,773438.3397,2804084.671
2017-05-21,2008.84,326057,266554.6942,543457757.4,16343887.5,608720,719454.1945,2312823.371
2017-05-22,2017.55,327868,426579.2343,920544426,16345712.5,604611,887456.3272,3323799.865
2017-05-23,2099.98,367710,465025.0796,1021925535,16347812.5,687291,1066192.036,4112953.889
2017-05-24,2256.32,338642,455673.7049,1085441233,16349737.5,631836,1134189.415,3588186.521
2017-05-25,2421.49,350114,508313.9609,1318459471,16351775,659056,1307021.987,3530884.929
2017-05-26,2277.01,333340,431643.602,1036939907,16353687.5,641521,1139936.996,2804635.981
2017-05-27,2279.82,331914,320932.559,680256464,16355787.5,651462,1117682.287,2657377.951
2017-05-28,2047.76,308143,240281.0948,528810229.4,16357850,592663,943717.0564,2786546.068
2017-05-29,2177.38,321638,252272.0972,568563505.5,16359737.5,594356,1114427.045,2525128.965
2017-05-30,2290.02,347961,410070.5488,935087103.8,16361975,634489,1389016.455,3826430.148
2017-05-31,2204.89,321634,373509.9869,840617433.5,16364025,614127,1284200.856,3330411.624
2017-06-01,2298.01,319709,394084.6752,945259538,16366150,610355,1363584.728,3357411.231
2017-06-02,2409.93,271539,296956.9405,722150565.1,16367975,534562,1143678.833,2928808.543
2017-06-03,2488.98,305320,329446.2997,828539265.4,16370375,601584,1392479.702,3233909.078
2017-06-04,2541.29,266044,251058.1934,634490205,16372387.5,537388,1126248.43,3486275.164
2017-06-05,2529.53,289930,296117.4911,772048124,16374437.5,576033,1244642.588,3259528.681
2017-06-06,2699.12,297416,311634.5541,888558904.1,16376325,617594,1479118.202,2545677.655
2017-06-07,2872.3,339720,331375.3835,937299020.2,16378387.5,657365,1889446.024,2630808.405
2017-06-08,2683.03,307377,290137.1302,798267726.3,16380450,609713,1351092.33,2395589.201
2017-06-09,2809.01,282184,242468.6475,685475617.7,16382337.5,571965,1297746.897,2596621.094
2017-06-10,2825.14,254993,237839.0615,681180409.1,16384100,516466,1130401.721,2449118.61
2017-06-11,2898.63,222892,222057.3634,649078150.9,16385925,467562,1043606.138,2301534.231
2017-06-12,2954.96,269098,318731.4433,891415561.2,16387762.5,538625,1162585.109,2893538.971
2017-06-13,2656.97,291776,308894.4128,838920669.8,16389525,611163,1300251.724,3332828.048
2017-06-14,2706,287644,310412.7691,822548360.6,16391275,565825,1221060.626,3266873.636
2017-06-15,2445,293141,299371.014,704179683.3,16393187.5,573732,1021993.687,3066425.901
2017-06-16,2424.8,269937,253325.071,614860742.1,16395037.5,536166,912836.3879,3448634.121
2017-06-17,2477.94,236554,208311.9027,529453963.4,16396850,477379,808563.5859,2338185.94
2017-06-18,2629.76,209359,208500.2987,531175986.6,16398662.5,433247,712073.7276,2263317.856
2017-06-19,2522,269774,239493.8198,612343421,16400550,532520,1010154.482,3071769.119
2017-06-20,2600,269438,263011.8278,699302928.9,16402275,591484,1056232.605,3018444.738
2017-06-21,2740,280203,308939.2369,835467130.1,16404025,585195,1258270.526,3625571.871
2017-06-22,2658.69,269685,258900.7508,691666616.6,16405762.5,534178,1217680.086,3267161.428
2017-06-23,2713.48,259938,204918.9253,556447573.9,16407762.5,506613,920491.0158,2401755.515
2017-06-24,2685.05,227127,162624.5069,433119966.2,16409587.5,469728,828199.3866,2254175.196
2017-06-25,2557,180719,202855.9705,518143023,16411112.5,378449,661056.9216,1868429.047
2017-06-26,2502.03,261906,285795.0335,702272424.6,16412887.5,515884,925454.8325,3779418.896
2017-06-27,2430,259737,288802.4754,687790878.6,16414525,556139,879485.8398,2770208.703
2017-06-28,2558.11,279811,281614.0453,712593812.8,16416487.5,549137,987298.2198,2823966.128
2017-06-29,2558.3,231054,249005.3294,636140007.5,16417987.5,467648,900556.5958,3186635.159
2017-06-30,2541.69,267360,306213.9513,771010449.2,16419912.5,533428,906293.0666,3475033.638
2017-07-01,2476.63,221856,209274.6639,513530892,16421962.5,440617,629563.7556,2316434.733
2017-07-02,2421.26,196539,188590.9761,461231537.2,16424312.5,409306,484518.9519,1799632.148
2017-07-03,2512.71,253244,233586.1153,590179543.7,16426437.5,497459,720794.4844,2832034.603
2017-07-04,2549.93,255483,218824.7133,567987081.5,16428350,548402,762757.329,2286343.305
2017-07-05,2598.89,237008,282347.2494,728739862.5,16430212.5,476017,587728.2363,2513987.238
2017-07-06,2600,225106,206841.8635,536928215.1,16431987.5,459295,629197.348,2215848.591
2017-07-07,2599.67,243614,287325.3565,731970317.3,16433837.5,559414,612505.0609,2453741.077
2017-07-08,2502.86,220835,222972.9727,561328143.4,16435900,451049,501016.2526,2699738.771
2017-07-09,2555.14,188124,280607.2762,714533490.9,16437625,390403,404166.5605,2367596.821
2017-07-10,2509.58,251722,291829.6539,717332560.2,16440087.5,567053,505801.6338,3269080.457
2017-07-11,2327.09,265759,277610.8491,649422149,16442250,563335,489719.9339,2896549.045
2017-07-12,2310.93,257138,238358.2358,557154714.2,16444462.5,513003,522404.8697,2631445.677
2017-07-13,2388,245895,188415.3783,445628844.5,16446425,489849,497649.951,2516299.995
2017-07-14,2338.49,227903,222619.4067,505928728.9,16448162.5,473083,489859.3457,2601799.879
2017-07-15,2216.1,221851,221413.172,459530087.7,16449750,446600,808375.6377,1958573.718
2017-07-16,1972.29,203165,238872.7911,461680301.7,16451787.5,406437,322179.4394,2035268.691
2017-07-17,1910.96,230315,261954.1826,538362228.5,16453637.5,475432,408143.8375,2658035.613
2017-07-18,2220.07,260575,269594.9176,612361551.3,16455700,561056,518217.2187,2653766.968
2017-07-19,2300.01,253768,258217.4917,597506642.3,16457562.5,519401,464935.7066,2509365.828
2017-07-20,2265.21,230199,260620.1027,654227781.2,16459587.5,477428,576652.6304,2443211
2017-07-21,2840,268443,256261.9369,703181494.4,16461512.5,542765,687669.3768,2264274.481
2017-07-22,2672.95,223358,180021.4744,500549276.7,16463512.5,433136,481494.8078,1793088.275
2017-07-23,2825.51,181031,155550.2182,429477474.2,16465662.5,353198,347032.1667,1600323.651
2017-07-24,2748.36,240072,205988.7012,568575160.5,16467887.5,469353,467145.1247,2393466.6
2017-07-25,2759.58,244036,302325.9765,801341191.7,16469737.5,511832,453381.4245,7336256.313
2017-07-26,2564.3,237853,271020.0343,675892184.5,16471575,460147,417652.3898,3704928.862
2017-07-27,2516.93,225369,330989.8888,849185180.9,16473500,443426,445560.8073,2481256.086
2017-07-28,2656.53,247207,478316.5961,1311599708,16475375,487087,518182.8458,4203872.09
2017-07-29,2784.8,211134,345050.8903,935494063.3,16477337.5,416823,430910.7749,4134542.024
2017-07-30,2704.53,184145,431787.1652,1157398140,16479175,386559,371806.5952,8866222.524
2017-07-31,2738.92,231012,621420.5898,1718996680,16480987.5,485989,543451.1151,2947402.79
2017-08-01,2862.9,131875,505161.3213,1380839766,16482850,301132,210567.0315,2633798.152
2017-08-02,2731.34,209321,525154.8402,1424505879,16484750,403176,355486.4505,2820428.459
2017-08-03,2699.39,213017,349257.5611,958777484.7,16486475,427729,344285.1078,2133227.079
2017-08-04,2790,235792,416334.9214,1176713943,16488712.5,467901,320645.5271,2329716.153
2017-08-05,2856.52,239771,311119.606,979154079.3,16490925,463850,363308.3963,1958602.781
2017-08-06,3250.77,199627,321040.5569,1036954561,16492675,408436,283867.866,1759850.475
2017-08-07,3210.2,249002,412526.2695,1372173978,16494587.5,512718,414032.8205,2359919.573
2017-08-08,3380.5,275574,360275.3348,1230025637,16496637.5,587788,543829.531,2700000.26
2017-08-09,3408.75,260955,241840.873,808740219.2,16498362.5,532300,534570.8366,2423175.598
2017-08-10,3340.28,257965,283154.1913,961276232.3,16500037.5,550475,665233.3036,2835042.938
2017-08-11,3413.41,284001,281059.6654,985601487.7,16501837.5,580988,858255.5008,3229999.644
2017-08-12,3650,260521,225972.9865,854157635.5,16503525,530700,797290.848,2414521.118
2017-08-13,3868.52,263310,233321.3115,946915671.5,16505375,516471,787606.8018,2243479.262
2017-08-14,4073.76,255362,206946.3574,866674915.9,16507000,542910,1065159.563,2822187.042
2017-08-15,4315.66,311002,292312.1402,1222636276,16508900,650900,1475001.529,2679106.222
2017-08-16,4179.97,274866,230750.7973,962691292.8,16510525,543437,1484989.518,2954985.445
2017-08-17,4375.8,347319,313093.6035,1362840511,16512762.5,631516,1646412.622,2790880.552
2017-08-18,4279.79,312250,276511.8823,1160893969,16514625,580733,1433877.837,2669279.009
2017-08-19,4104.71,266832,313472.6939,1278649849,16516512.5,535351,1083816.246,2352589.939
2017-08-20,4146.09,210852,185475.6162,758991072.4,16518137.5,444726,874990.6656,1783558.84
2017-08-21,4054.6,236772,202649.2394,816604742.1,16519575,501756,1200404.696,2497994.704
2017-08-22,3986.28,196283,215933.0146,849443167.6,16520687.5,419159,1319154.001,1843217.528
2017-08-23,4090.89,315734,253757.8622,1053263975,16522675,628517,2253478.3,2363819.529
2017-08-24,4133.67,203805,184367.323,772021041.6,16523937.5,423333,1697961.011,1648686.54
2017-08-25,4331.77,208169,175375.8405,763980859.6,16525200,471225,1858336.673,1419457.765
2017-08-26,4357.77,226485,159815.193,687934750.3,16526512.5,472785,1833325.542,1402892.592
2017-08-27,4339.82,261891,179468.1672,779804114.1,16528450,509083,1559972.012,1285150.426
2017-08-28,4339.05,223771,210637.3875,908258408,16530062.5,504371,1629916.985,1720458.18
2017-08-29,4376.66,281116,248442.8123,1113343543,16531925,593018,2072473.792,1958313.301
2017-08-30,4594.54,271466,223528.4434,1024732296,16534025,565809,1809518.79,1638679.817
2017-08-31,4582.52,280724,251079.6171,1173285283,16536062.5,589298,1935660.534,1789355.676
2017-09-01,4732.87,283670,254055.1626,1220477320,16538237.5,591521,1868928.178,1802440.926
2017-09-02,4908.41,236811,200475.9167,945272819.3,16540287.5,536082,1367183.373,1580305.847
2017-09-03,4585.57,195289,171234.7274,784444826.1,16542212.5,437077,1098888.707,1424953.241
2017-09-04,4603.54,269280,330742.3998,1452488600,16544400,561329,1439268.723,2420753.396
2017-09-05,4202.91,277948,315307.3951,1363578234,16546862.5,601577,1232605.27,6493150.039
2017-09-06,4385.02,276225,292410.6481,1328829016,16548887.5,587814,1254377.82,2520446.769
2017-09-07,4612.12,256374,272879.7523,1250684681,16551087.5,526960,1185976.304,2233112.275
2017-09-08,4613.84,279488,242385.2509,1085398538,16553275,606486,990389.6346,2168325.695
2017-09-09,4312.26,217890,183668.1632,792417840.2,16555387.5,452504,641001.0829,1849746.798
2017-09-10,4330.87,193240,202860.718,849737599.4,16557112.5,412030,605229.5453,1623220.049
2017-09-11,4232.93,253492,199829.2139,842959044.9,16559287.5,537475,673739.4779,2692005.498
2017-09-12,4198.59,256230,214844.9036,914888950.9,16561637.5,549110,632767.5123,2430941.861
2017-09-13,4169.94,263320,255582.0401,1001341344,16564012.5,543778,532509.7123,2831212.884
2017-09-14,3865.22,268068,282576.4792,1008072397,16566187.5,552955,569962.9285,3200145.084
2017-09-15,3216.43,292079,398314.833,1345810787,16568437.5,637365,595769.8072,3534612.485
2017-09-16,3707.5,228257,202940.9015,755451379.9,16570550,486763,450182.4716,2240646.894
2017-09-17,3689.11,197683,152686.242,556559929.5,16572750,433779,364641.6598,1738874.879
2017-09-18,3678.53,218204,204865.328,810015857.7,16574337.5,481945,667925.2477,2333957.294
2017-09-19,4092.07,282917,219483.4224,869566641.2,16576287.5,578179,696964.2876,1923284.605
2017-09-20,3899.35,235723,185140.2366,730398025.9,16577750,480583,578629.8306,1939586.864
2017-09-21,3894.48,255257,188302.137,713400154.4,16579950,533109,516549.0255,1932727.589
2017-09-22,3600.92,227615,198889.9284,720084890.8,16581687.5,515184,423047.5766,1875335.23
2017-09-23,3604.79,203861,133949.7161,496249141.6,16583762.5,427805,373093.8011,1314508.08
2017-09-24,3777.62,185277,97112.70531,358367841.8,16585575,383449,308618.3761,1119276.97
2017-09-25,3666.31,226603,260299.4749,992813616.6,16587137.5,505249,573033.8265,1995684.921
2017-09-26,3931.98,263648,199731.4234,783377529.6,16588862.5,544622,592609.1776,2093406.991
2017-09-27,3881,257961,171774.6851,694820657.4,16590700,548155,580626.6836,2168984.579
2017-09-28,4204.51,275976,201759.2758,846414368.6,16592912.5,561793,566251.8218,2302851.101
2017-09-29,4189.38,254438,174275.6178,722207773.2,16595025,569238,478235.6731,1960682.747
2017-09-30,4164.27,212678,153266.7281,654917752.4,16596750,467808,433354.7401,1660940.92
2017-10-01,4354.16,203653,115004.8441,495152833.5,16598375,416590,513020.4405,1439109.255
2017-10-02,4405.01,295002,193757.9013,853330484.1,16600250,606138,793916.9726,2028711.649
2017-10-03,4394.07,282132,165244.4106,710676602.5,16602537.5,591542,672331.3323,1622695.283
2017-10-04,4308.33,232826,143963.0426,611184779.7,16604212.5,496068,597234.1595,1468790.74
2017-10-05,4211.55,273243,192625.26,822991499.9,16605775,552623,703042.1822,1666611.727
2017-10-06,4318.58,283699,167350.62,731048570.2,16607762.5,609683,662191.1521,1383027.026
2017-10-07,4369.57,231226,126918.9948,552496903.7,16609737.5,505785,472005.8119,1055525.544
2017-10-08,4439.46,238385,150308.0191,678141979.3,16612012.5,496286,511134.59,1273611.937
2017-10-09,4605.66,296946,239755.2104,1115416692,16614025,585028,699616.9774,2564018.877
2017-10-10,4773.84,303101,246216.2503,1189113920,16616025,613364,809338.5851,1952289.668
2017-10-11,4776.5,292459,177566.4848,850897594.1,16617762.5,604455,721857.6023,1778444.162
2017-10-12,4822.17,293164,208561.2574,1072717735,16619675,588010,898840.5745,1979554.766
2017-10-13,5435.75,309819,260863.1533,1477309948,16621375,660222,1595124.932,1971283.384
2017-10-14,5636.24,293140,180264.206,1028513972,16623137.5,594482,1310093.789,1518393.196
2017-10-15,5825.99,283473,154905.0489,874457455.5,16625575,578165,920173.8612,1324663.964
2017-10-16,5691.69,314725,202116.5217,1148993979,16627750,643476,1106412.219,1925205.564
2017-10-17,5764.24,334438,201373.7799,1132927241,16629800,670982,1195890.747,2826171.937
2017-10-18,5594.66,329579,251954.1339,1358005109,16631687.5,646494,1037421.993,2154353.262
2017-10-19,5571.92,356985,253935.6914,1435812895,16633912.5,692419,1084184.517,1911311.867
2017-10-20,5697.16,312409,187324.7191,1094088679,16636150,644681,946357.227,1927247.421
2017-10-21,5986.44,312257,159086.1504,967343844.2,16638062.5,606428,1038479.227,1562588.6
2017-10-22,6012.65,289131,168512.1144,996113498.5,16640337.5,573815,919206.6212,1499204.495
2017-10-23,5982.49,316096,408010.6157,2395811602,16642475,640565,1090236.025,2994818.337
2017-10-24,5900.59,347220,384097.0216,2184205097,16644562.5,716464,1149798.658,2586032.108
2017-10-25,5510.76,315415,377358.757,2093083248,16646875,636265,786708.1322,1984823.18
2017-10-26,5732.35,265827,348949.1509,2041879051,16649125,555570,671986.8481,1743919.657
2017-10-27,5889.82,246692,165207.7665,963485339.9,16650425,552393,968200.7744,2003977.225
2017-10-28,5769.89,207066,111884.7202,645357529.9,16651487.5,440634,1007552.648,1417695.812
2017-10-29,5728.65,334025,217082.8489,1284903848,16653412.5,666758,1656236.382,1659959.905
2017-10-30,6136.49,316077,275665.4805,1690377716,16655250,672661,1614750.548,1855584.227
2017-10-31,6133.16,277535,249278.9161,1557216922,16656975,611388,1451538.981,1916686.477
2017-11-01,6416.07,351529,295054.3775,1921728655,16658925,733925,1977416.518,2191308.315
2017-11-02,6751.98,341474,338883.183,2362825790,16660800,705011,1937226.468,2251378.165
2017-11-03,7024.56,277598,232550.4113,1685749159,16662287.5,670963,1969863.09,3036929.609
2017-11-04,7213.04,294121,193005.6147,1400428676,16663912.5,588106,2002177.432,5765969.345
2017-11-05,7365.99,251728,179787.8231,1346375106,16665675,555522,1501793.072,6077425.122
2017-11-06,7392.51,271029,224625.319,1629540869,16667337.5,608698,1737286.747,2782648.586
2017-11-07,6960.58,335636,257724.9268,1826864277,16669287.5,714417,2085777.297,3523838.116
2017-11-08,7128.64,301346,256051.7633,1888840266,16671087.5,646147,1959013.877,4267323.335
2017-11-09,7468.44,341281,326073.3121,2366841244,16673000,727946,2653878.501,2237809.572
2017-11-10,7092.42,271745,289767.1521,2022293930,16674500,619944,2226673.574,2333950.774
2017-11-11,6569.22,197081,214175.7493,1401933563,16675512.5,459977,2122954.68,1676042.193
2017-11-12,6340.89,183519,321684.7709,1946782857,16676500,463412,3495448.329,2076768.803
2017-11-13,5890.08,309299,328110.966,2070829566,16678250,694905,4999532.247,4374153.7
2017-11-14,6493.63,271995,279582.0143,1841446049,16679850,604148,4087483.475,3861149.037
2017-11-15,6592.73,321788,322615.3394,2274507065,16681750,709294,4328589.009,3422899.06
2017-11-16,7279.78,310396,301106.5672,2257254597,16683650,677402,3762661.598,3817994.312
2017-11-17,7868.77,306617,363158.9049,2848162964,16685737.5,684299,3186513.111,3818219.593
2017-11-18,7718.2,270874,255756.0447,1967731645,16687437.5,614840,2271701.567,2716113.898
2017-11-19,7791.3,264855,202227.9865,1585417384,16689437.5,603430,1950293.491,5442164.823
2017-11-20,8049.72,336204,293975.6416,2388363839,16691625,734768,2699608.371,4224222.225
2017-11-21,8242.81,371091,321615.0755,2632881287,16693787.5,753814,2564518.289,3637233.522
2017-11-22,8095.88,312033,247971.3124,2033543437,16695637.5,673819,2114533.297,3507780.838
2017-11-23,8236.72,352207,303499.9422,2481622641,16697600,747162,2203950.723,3406958.991
2017-11-24,8043.31,305735,328804.4748,2685926757,16699462.5,698359,1911321.922,2677848.851
2017-11-25,8212.78,336689,272023.8371,2302620557,16701412.5,697526,1654673.319,2899917.653
2017-11-26,8768.8,329677,252250.6607,2290199012,16703325,712607,1781026.081,2050315.308
2017-11-27,9311.7,379256,351226.303,3382462034,16705450,829651,2277109.061,2426385.167
2017-11-28,9717.32,365977,326641.4386,3229165153,16707400,816745,2422847.628,2880931.739
2017-11-29,9919,398090,410182.8825,4301831779,16709562.5,903005,3123773.984,3262042.942
2017-11-30,9646.35,384386,345966.6506,3446153829,16711650,851420,2715543.304,2697792.327
2017-12-01,9988.19,412908,246207.0975,2503164990,16713937.5,869275,2523605.517,2319117.915
2017-12-02,10879.88,326354,179323.6286,1962210937,16715950,683883,2084782.736,2142790.417
2017-12-03,10912.87,353044,182266.0899,2065023836,16718150,762993,2209646.014,1870464.104
2017-12-04,11179.52,400686,228585.429,2600783556,16720412.5,885110,2628671.195,2613354.179
2017-12-05,11591.22,405709,227083.1355,2657542628,16722637.5,891236,2608177.87,3015982.765
2017-12-06,11660.41,443587,269015.1958,3394252519,16724987.5,978252,3264282.323,3531510.981
2017-12-07,13843.93,374917,346848.4389,5271885975,16726887.5,869099,5616087.212,3449008.958
2017-12-08,16860.88,385092,299816.9523,4805489432,16728837.5,902012,10208103.28,2492427.014
2017-12-09,15875.27,403399,257593.7812,3943426404,16731012.5,877575,8662237.314,2895169.904
2017-12-10,14652.37,341420,249710.5222,3660690674,16733062.5,739392,6991555.219,1987675.08
2017-12-11,15068.95,368598,255636.3248,4272284928,16735200,867655,8125731.329,2687922.77
2017-12-12,16732.72,372977,335114.2302,5729890455,16737150,867772,9282311.145,3302129.257
2017-12-13,16916.8,424579,281898.865,4755215235,16739475,958477,10426814.13,3267550.708
2017-12-14,16252.31,490644,217545.0603,3607678571,16741787.5,1072862,10815786.41,2943542.647
2017-12-15,16408.15,405676,238357.1869,4219284344,16743900,942514,10559331.87,2756649.28
2017-12-16,17507.86,364222,187027.3366,3461171452,16746037.5,819305,9962630.74,2356102.923
2017-12-17,19279.9,391910,262597.6285,5098289902,16748350,877465,10427661.21,2389062.955
2017-12-18,18905.26,394239,258704.3623,4869203329,16750625,922524,11204852.41,3005751.3
2017-12-19,18911.79,378622,212627.8446,3906879033,16752375,887698,12117323.34,1984897.73
2017-12-20,17382.94,370277,321480.9061,5449320743,16754075,853864,15419911.88,2227875.178
2017-12-21,16357.24,335482,231461.81,3765982143,16755725,840740,18712398.65,1791086.429
2017-12-22,15521.07,380648,297806.8773,4135071531,16757662.5,890732,21285645.39,1901698.95
2017-12-23,13776.61,308211,160500.9266,2381107619,16759400,729638,15842853.9,1781229.264
2017-12-24,14121.53,279523,182640.7713,2531170728,16761300,652210,12193075.39,1427328.525
2017-12-25,13554.31,228926,179738.7671,2523983332,16762987.5,565075,9798349.383,1810627.098
2017-12-26,13740.94,247440,198300.0454,3068717710,16764762.5,605854,11223846.06,2185221.901
2017-12-27,15677.99,307642,304698.5565,4777859402,16766712.5,749192,12506704.14,2323583.618
2017-12-28,15422.19,305053,251609.9899,3590765167,16768575,741489,11228111.84,2067417.474
2017-12-29,14214.01,353824,253162.0195,3675013582,16770637.5,838926,11519201.23,2311057.659
2017-12-30,14413.54,344407,298339.3935,3922944907,16772475,815100,10337002.57,2243962.344
2017-12-31,12612.54,290422,237745.335,3132315786,16774512.5,678713,7307039.105,1638125.546
2018-01-01,13796,241757,185378.1877,2493070309,16776462.5,593283,6333640.746,1683244.829
2018-01-02,13374.98,340980,240354.9606,3339191214,16778600,850802,9290166.32,2536938.596
2018-01-03,14793.46,395963,192904.4692,2887037504,16780562.5,937531,11324841.61,2816884.612
2018-01-04,15039.24,425008,266691.8355,3959988059,16782662.5,1054712,11552478.59,2737825.461
2018-01-05,15169.66,342707,300697.1506,4736424942,16784450,888403,11059353.33,2921230.734
2018-01-06,16914.73,358847,227080.97,3788672792,16786550,889099,11572011.14,2979615.086
2018-01-07,17155.95,368187,294130.9777,4861207107,16788575,910005,11362529.63,2757179.425
2018-01-08,16192.91,345672,267166.4271,4095843402,16790650,895997,10728074.77,2520926.892
2018-01-09,14962.63,360265,264721.7404,3939529168,16792700,919150,11613675.75,2246011.729
2018-01-10,14437.42,347393,259905.1071,3681293161,16794775,876990,10220302.39,2162979.761
2018-01-11,14882.86,337959,271657.8091,3733633619,16797187.5,822011,9628849.113,1858450.481
2018-01-12,13285.55,300091,234452.1164,3201370801,16799412.5,746540,8444052.349,1779515.718
2018-01-13,13791.19,265735,180517.226,2572263037,16801275,652050,7527208.006,1365097.695
2018-01-14,14246.18,235045,193346.2866,2648247578,16803212.5,592042,6725499.084,1269172.799
2018-01-15,13583.83,273623,201862.4741,2791493117,16805087.5,670840,7067805.769,1497810.168
2018-01-16,13554.14,303725,270303.672,3280040384,16807075,737399,7302138.45,2889286.589
2018-01-17,11307.27,315771,272729.6013,2919536906,16809162.5,768382,7634951.759,2469526.194
2018-01-18,11091.26,309495,241214.7946,2771757628,16811325,744190,7636110.19,2156724.201
2018-01-19,11174.82,243619,221363.3649,2549311163,16813387.5,578407,5792083.758,1953499.509
2018-01-20,11506.51,240611,210298.6421,2591920374,16815612.5,559712,5403087.25,1460377.7
2018-01-21,12744.58,215622,154149.9356,1836973709,16817950,522862,4066809.786,1108525.071
2018-01-22,11513.42,245562,201527.1997,2235518465,16820037.5,574421,3517957.865,1525531.996
2018-01-23,10770.49,271936,178482.5592,1903407628,16822250,547569,3063102.608,1539514.46
2018-01-24,10831.49,250423,186181.4622,2043489450,16824450,576213,3107500.589,1502763.714
2018-01-25,11392.03,236580,189321.5447,2140259555,16826425,539582,2488929.523,1357490.317
2018-01-26,11150.79,220459,257378.941,2828780182,16828362.5,514622,2304911.19,1702177.389
2018-01-27,11094.24,193578,119799.4611,1342886809,16830325,541700,1891789.402,1363301.068
2018-01-28,11431.37,213446,167401.0174,1946407701,16832300,492739,1852191.132,3128906.096
2018-01-29,11742.33,232176,160557.7065,1802719596,16834150,532631,1633654.096,1941048.853
2018-01-30,11186.12,236609,174827.8383,1846238745,16836237.5,531441,1723703.864,2359671.266
2018-01-31,10082.52,204276,160787.647,1604449356,16837700,481101,1626015.232,1785708.486
2018-02-01,10204,257664,279146.5638,2614260638,16839700,591551,2061375.787,2190613.275
2018-02-02,9098.27,235918,330740.2192,2817679982,16841800,551199,2347594.243,1460796.38
2018-02-03,8852.73,194891,165203.6717,1469365013,16843775,436197,1316506.72,910042.4792
2018-02-04,9224.62,173687,195566.9702,1685654408,16846000,396695,974897.3672,972248.5047
2018-02-05,8202.06,216363,257877.6807,1950770957,16848312.5,486554,1314099.472,1848912.714
2018-02-06,6925.46,244120,286153.3403,1921193986,16850437.5,589897,1116858.048,1914332.616
2018-02-07,7712.37,213719,208207.3317,1651883624,16852200,489403,983807.1505,1160111.912
2018-02-08,7585.17,173289,214089.8269,1760113297,16853837.5,398608,721166.9828,1171509.554
2018-02-09,8245.08,177860,199472.8309,1627521235,16855525,462087,731673.0519,1144162.672
2018-02-10,8688.86,181783,117500.1489,1017797854,16857312.5,421548,776390.2032,1537986.4
2018-02-11,8561,147208,88533.37504,725944269.6,16859200,368625,514636.5504,1398605.054
2018-02-12,8068.02,186918,181999.2552,1576864627,16861275,437381,608894.0142,1674741.825
2018-02-13,8895.72,182984,146929.3458,1266134857,16863325,414750,591710.6125,1315762.899
2018-02-14,8527.87,196417,148097.5031,1332806623,16865562.5,450368,574753.7057,1557016.979
2018-02-15,9471.64,198183,130151.0643,1273384159,16867200,475030,634974.5131,1418774.184
2018-02-16,10033.77,187738,106729.749,1066535212,16869162.5,422416,582971.8146,1102895.659
2018-02-17,10178.56,173789,80893.89618,862408575.1,16871025,401861,518618.3303,1473900.19
2018-02-18,11085.83,159495,82943.41668,893696801.1,16873050,378870,487058.5725,1639023.581
2018-02-19,10392.46,187367,114330.2487,1250363981,16875075,436342,560303.4295,1789525.591
2018-02-20,11171.78,198455,130404.456,1499839827,16876837.5,455117,600792.5815,1268017.879
2018-02-21,11245.98,205201,145459.8546,1582027830,16878950,459676,440373.143,1325803.34
2018-02-22,10485.78,183235,252887.9253,2569053251,16880812.5,499534,385009.9876,1494875.802
2018-02-23,9850.78,185193,176293.6234,1752604869,16882662.5,424503,736940.1782,1010312.596
2018-02-24,10171.3,154534,167742.7581,1691425256,16884475,355222,963926.2568,746134.7536
2018-02-25,9699.76,144869,76897.6646,735383768.8,16886612.5,355806,401597.0409,605383.3206
2018-02-26,9582.29,186474,109418.4007,1085982485,16888375,435990,469262.2032,845197.4917
2018-02-27,10319.46,219624,139296.1683,1471584180,16890375,494788,533925.287,945506.246
2018-02-28,10628.61,189223,202928.4002,2141873923,16892312.5,469401,550051.7715,1383087.973
2018-03-01,10332.14,233744,190547.6523,2017041860,16894375,514905,571658.0302,1322629.878
2018-03-02,10931.12,195073,119411.4141,1313477098,16896325,524247,463417.4159,975776.2728
2018-03-03,11040.53,177024,92233.68977,1044510356,16898575,416967,434170.5093,789724.2894
2018-03-04,11453.34,160231,92256.7309,1038040068,16900425,383192,376575.3977,623927.2496
2018-03-05,11516.83,201438,136451.9747,1573034811,16902287.5,457317,513277.8219,902570.351
2018-03-06,11442.48,206016,118687.7042,1313036217,16904237.5,453774,410975.3644,939487.0739
2018-03-07,10727.69,213978,156219.6588,1632297969,16906200,474917,362763.4131,931240.7432
2018-03-08,9920.46,196422,144694.0687,1400448402,16908225,439934,348946.8708,1018318.349
2018-03-09,9324.5,198180,209952.8285,1845969389,16910050,487167,311626.5629,1207455.656
2018-03-10,9262.8,156228,108717.9833,1007063309,16911800,354483,373957.8497,625890.0685
2018-03-11,8777.37,150884,108693.483,990148653.7,16913712.5,349041,357879.6696,784076.1043
2018-03-12,9538.93,188394,118997.9304,1128481461,16915725,426765,316996.4011,1019469.317
2018-03-13,9130,196140,155930.1996,1429321788,16917700,419995,562265.2011,1602213.516
2018-03-14,9153.54,191042,150082.3606,1315191653,16919500,418369,325713.8656,1039106.576
2018-03-15,8214.99,206186,148147.9504,1197812277,16921300,459150,297619.9182,1948801.689
2018-03-16,8263.34,186979,114974.9698,956584957,16923250,457061,246331.3866,1047182.678
2018-03-17,8297.89,154496,87993.2601,709540062.3,16925112.5,352699,173710.8865,2430655.818
2018-03-18,7885.08,164401,106466.48,817452712.5,16927000,382258,195469.781,1620373.97
2018-03-19,8214.46,191528,134630.8162,1122451343,16928937.5,421648,257964.538,1333185.16
2018-03-20,8605.64,195168,115827.4199,995164628.4,16930525,423963,271549.8497,1115427.341
2018-03-21,8909.95,194846,116440.0866,1045367812,16932425,424456,279023.9317,931832.7359
2018-03-22,8909.26,185187,112702.1515,990650088.6,16934212.5,418188,243433.3976,1103657.685
2018-03-23,8725.37,179818,110642.2147,942170172.5,16935875,430897,223574.1351,980288.452
2018-03-24,8917.48,157087,70255.22055,623816402,16937825,360667,193868.5139,785311.5294
2018-03-25,8533.76,135274,105825.4153,901137748.5,16939512.5,318933,172790.985,814756.225
2018-03-26,8457.96,187850,124837.2544,1020516865,16941387.5,416732,224263.128,1678498.606
2018-03-27,8146.5,187065,118459.9451,947745397.4,16943287.5,414091,219491.5956,1073046.596
2018-03-28,7797.25,177521,107913.8302,854240309.4,16944975,395196,191960.6204,1166089.647
2018-03-29,7950.61,192411,150158.7282,1120831367,16946875,428778,206334.2543,846121.8751
2018-03-30,7099.17,185940,177530.3385,1222424227,16948900,449630,177562.6459,1280581.959
2018-03-31,6854.19,148617,79991.72073,559075148.8,16950500,332753,141903.5678,898889.5633
2018-04-01,6937.56,135129,86133.15554,580329069,16952525,316429,123603.9612,840298.9303
2018-04-02,6827.54,168178,110068.8287,768333587,16954475,377674,149694.6277,1456075.257
2018-04-03,7065.29,198919,133852.204,979510265.3,16956512.5,435411,184306.1837,1314862.308
2018-04-04,7426.48,185710,110965.6112,788206668.2,16958350,432978,176547.9364,1419479.595
2018-04-05,6810.71,181832,112177.2291,757321484.5,16960300,398398,165113.3049,1042336.944
2018-04-06,6786.66,172889,108538.6789,720018556.3,16962025,471571,232442.6471,1254753.795
2018-04-07,6634.68,154639,94943.22493,653582260.4,16964275,331189,187903.9754,743828.474
2018-04-08,6910.12,138535,80835.15044,563967121.1,16966287.5,311300,147840.1283,731975.4306
2018-04-09,7029.71,176563,114599.8006,787438242.3,16968125,384890,154038.3894,1209298.055
2018-04-10,6784.41,186415,120032.3139,812498863.2,16970175,414049,155806.9306,942151.233
2018-04-11,6849.3,183248,137653.1769,944639313.6,16972187.5,399073,157784.5671,1008501.798
2018-04-12,6955.36,210879,182577.6032,1355733107,16974112.5,442158,266496.0225,2136543.651
2018-04-13,7941.46,217282,144308.2901,1154400879,16976175,503406,291705.8275,1247341.485
2018-04-14,7895.25,161843,64658.99849,516931824.8,16977887.5,363643,190064.4996,693088.2643
2018-04-15,8013.91,174031,67923.7312,557096715.8,16979925,408545,200151.7208,751073.0061
2018-04-16,8368.1,196106,108195.607,874622524.4,16981687.5,433712,207744.9236,1361857.997
2018-04-17,8069.03,201820,115918.2678,933802321.6,16983712.5,451453,211565.6241,1190315.828
2018-04-18,7907.19,200740,102568.5798,826568991,16985712.5,451617,204008.0194,1115698.077
2018-04-19,8175.96,213523,167636.8458,1375773424,16987937.5,499810,227189.5147,1317693.618
2018-04-20,8288.12,207777,130982.9117,1105686984,16989650,509923,245248.221,1525188.349
2018-04-21,8876.51,193975,113075.4134,995169153.7,16991637.5,437088,256724.3782,915287.5837
2018-04-22,8930.6,171870,75772.24208,674296002.6,16993637.5,396698,194722.2283,780480.296
2018-04-23,8812.76,226353,131451.1538,1170233453,16995550,488406,259411.2197,1097165.821
2018-04-24,8952.68,254493,188947.2481,1754372890,16997537.5,548252,611131.0003,1771582.254
2018-04-25,9658.11,213155,182321.1027,1690055329,16999075,476860,843086.8251,1975585.796
2018-04-26,8870.14,216732,153472.3294,1356669104,17000837.5,482589,598851.8975,1066987.868
2018-04-27,9294.67,211119,137832.9724,1274803528,17002612.5,502992,513813.607,1535702.723
2018-04-28,8928.55,203681,181496.6528,1663576173,17004212.5,429929,391014.9349,1834487.973
2018-04-29,9349.41,180798,111520.9812,1043832708,17006187.5,415427,327891.7328,1615779.486
2018-04-30,9398.4,215107,111808.7112,1039280677,17008125,480943,341436.854,1217251.513
2018-05-01,9239.55,199959,94831.04725,852143459,17010100,490969,288833.7795,1025230.819
2018-05-02,9074.98,212296,148772.5904,1356043112,17011850,468951,356386.5406,1077024.262
2018-05-03,9220.76,228521,137704.2393,1292845454,17013737.5,501840,370633.5712,1354770.82
2018-05-04,9753.35,219069,147326.3002,1424167445,17015462.5,513488,389636.5423,1338541.954
2018-05-05,9696.13,202703,105033.8009,1032424172,17017475,450118,318625.409,1061146.616
2018-05-06,9837.92,171761,102606.562,990555813.2,17019187.5,386315,302058.5079,1094581.323
2018-05-07,9631.44,205063,139041.2836,1299195636,17021062.5,450524,337085.8457,1376393.356
2018-05-08,9369.16,217810,141050.9634,1305599530,17022800,480690,317340.885,1055634.468
2018-05-09,9186.69,206579,134032.0011,1231496060,17024800,459143,295323.1275,1062097
2018-05-10,9310.37,208961,147010.5492,1367418842,17026725,465046,251880.1278,1205082.434
2018-05-11,9015.88,213624,150246.7696,1308283133,17028312.5,510499,334592.443,1308388.526
2018-05-12,8396.83,182054,108590.3584,914542131.2,17030375,434891,240517.788,1003638.305
2018-05-13,8463.52,158794,72791.52753,622325191.1,17032225,364085,199732.6619,832115.8578
2018-05-14,8691.46,209697,218669.2732,1877479923,17033875,469798,307860.381,1274955.018
2018-05-15,8671.51,214779,127053.6145,1098113122,17035700,477899,326596.5295,1066979.095
2018-05-16,8471.06,208463,163709.1862,1354020052,17037937.5,455067,271759.2896,1152448.452
2018-05-17,8343.27,192683,239749.0359,1986371307,17039587.5,420625,460375.249,1051517.19
2018-05-18,8063.86,211496,217257.8885,1754540456,17041437.5,499648,567346.2968,1123058.013
2018-05-19,8239.08,173274,69258.31273,572037902.7,17043362.5,378136,259719.5927,751248.4323
2018-05-20,8242.07,158663,60574.81708,505408446.5,17045162.5,369971,208829.3321,732896.4836
2018-05-21,8520.59,202647,94655.06913,801652229.7,17047125,445196,265937.082,836558.7948
2018-05-22,8396.63,203337,109440.1317,902765750.9,17049012.5,441616,218410.2254,925990.1388
2018-05-23,7987.38,223196,137159.6382,1070131558,17051037.5,481669,240499.6272,1078604.156
2018-05-24,7511.91,206825,132765.3094,997838496.2,17052825,447546,224856.2006,1196000.244
2018-05-25,7576.78,196181,105922.9659,792961295.8,17055025,464174,227233.5632,953634.68
2018-05-26,7465.12,158783,57883.28355,433358755.9,17057050,356716,168775.2325,608494.332
2018-05-27,7334.71,144304,55156.26844,402952722.6,17059100,337618,142632.3742,803684.8714
2018-05-28,7344.56,189063,142198.9538,1030143176,17061050,407911,210965.0793,1314911.043
2018-05-29,7106.06,204769,123808.7157,902651076.8,17062787.5,442314,208500.6295,1280312.25
2018-05-30,7457.02,204077,122565.2819,912070535.7,17064962.5,443065,169206.6718,1270075.633
2018-05-31,7386.72,209526,110610.1909,829972345.8,17067087.5,454486,163059.0252,1377302.497
2018-06-01,7489.66,205481,115082.9642,860640929.3,17069162.5,551183,152192.215,1210052.76
2018-06-02,7518.67,174497,68084.92815,517843929.7,17071062.5,386674,123728.536,942371.6845
2018-06-03,7637.14,163443,63586.47651,489033822.7,17073100,369975,118893.4159,935768.8091
2018-06-04,7713.85,209916,103191.0668,781951697.7,17075387.5,449728,156812.9545,1494853.701
2018-06-05,7495.47,212901,100695.4978,753456738.8,17077575,460260,138693.0827,1231018.701
2018-06-06,7619.43,206417,102125.8403,777433221.9,17079412.5,451994,148442.5509,1138551.832
2018-06-07,7653.96,207627,104275.2848,802888675.6,17081200,433804,159150.6521,1205874.233
2018-06-08,7687.37,200379,109203.3032,832654129,17083012.5,477386,138039.5478,1440614.139
2018-06-09,7615.54,171306,67150.24535,512776472.4,17084800,370067,143056.5789,874437.265
2018-06-10,7497.1,179809,96374.39547,682579730,17086387.5,392109,120291.6213,1403865.802
2018-06-11,6762.1,213196,139263.3048,940033430.6,17088137.5,446188,166594.3897,1688046.809
2018-06-12,6879.31,214595,126796.2606,858021509.6,17089950,447810,149936.5549,1409209.454
2018-06-13,6553,211829,162000.1637,1043117695,17091737.5,458587,240059.3829,1878350.265
2018-06-14,6299.89,210029,128266.4647,830479336.5,17093650,440336,181353.5877,1846267.953
2018-06-15,6637.41,205861,125284.0664,821673290.5,17095562.5,476263,155557.4408,1728741.46
2018-06-16,6391.16,159090,61035.98131,393367359.7,17097637.5,343365,106135.9856,820440.3378
2018-06-17,6488.68,144908,66538.79285,432811187.2,17099600,326154,153476.9821,669222.3277
2018-06-18,6445.79,196305,102492.4923,666288186.6,17101650,424739,114096.1482,1060965.789
2018-06-19,6712.5,191805,106824.8948,717193233.9,17103587.5,413610,563164.1141,1472734.261
2018-06-20,6743.41,198889,96696.64608,645432041.7,17105525,425849,1375763.609,1158473.62
2018-06-21,6760.83,198113,106868.4958,719955333.7,17107650,421062,495149.474,924429.0226
2018-06-22,6719.79,204144,139066.2773,877986505.5,17109537.5,469523,437681.3019,1866676.266
2018-06-23,6059.3,163295,72223.57781,442469090.4,17111537.5,368137,201681.1656,1430821.495
2018-06-24,6170.46,158022,96575.55706,578433361.8,17113675,350052,171152.4382,900357.7451
2018-06-25,6157.04,200173,110438.1331,683034898.7,17115637.5,415603,216951.0117,1293772.802
2018-06-26,6249.62,195404,97662.61815,606059145.7,17117462.5,410398,200646.1509,879369.8474
2018-06-27,6097.46,188510,129636.3392,789076623.5,17118975,397242,195909.7491,991757.0355
2018-06-28,6143.97,187624,117832.1503,717809351.7,17120937.5,396406,167124.1082,912811.9757
2018-06-29,5878.14,197881,110801.8128,653028973.1,17122825,453051,161852.0126,1080974.502
2018-06-30,6223.28,181065,82832.66572,527954257.6,17124587.5,368308,150324.2352,738220.8729
2018-07-01,6408.91,156247,156527.3145,994143368.5,17126425,341862,107541.6993,858834.3038
2018-07-02,6365.66,199294,112986.1477,731075687.5,17128187.5,433258,152027.8218,997966.549
2018-07-03,6626.44,216747,133468.2243,880290625.5,17129637.5,456150,185331.5938,1062622.83
2018-07-04,6518.97,206788,100970.1984,662808206.7,17131312.5,435402,142217.7926,889925.0006
2018-07-05,6602.32,199600,99701.0787,657272819.4,17133025,413998,130297.5147,1032507.618
2018-07-06,6555.51,200993,123863.5094,807774959.7,17135025,529418,143409.4734,968279.4495
2018-07-07,6628.59,170160,56348.72831,370270464.5,17136975,357621,111506.6342,610695.2741
2018-07-08,6778.38,155685,84412.331,568366411.1,17138950,350857,106173.2083,751033.9137
2018-07-09,6724.04,206546,95508.90091,640870760.7,17140650,425385,133686.1155,1048702.078
2018-07-10,6682.68,216063,130092.7934,840599276.6,17142512.5,445234,149913.1644,1174009.988
2018-07-11,6329.27,202603,110950.3088,705107106,17144200,413229,131280.7006,844523.6648
2018-07-12,6403.18,203535,109759.5647,682830180.5,17145962.5,405288,118261.0173,821091.0248
2018-07-13,6239.47,207904,108183.0899,674548450.3,17147750,473175,124542.5245,886209.1382
2018-07-14,6220.1,176475,54585.49956,340074057.3,17149412.5,362896,93542.57929,740316.1147
2018-07-15,6248.84,161151,56376.27192,356017920.5,17151075,346483,97524.0449,747510.6286
2018-07-16,6348.09,207842,114418.4401,747886516,17152575,431583,154561.9814,1215433.677
2018-07-17,6732.81,233966,122040.0213,836942893.4,17154562.5,487160,176467.3068,1062550.41
2018-07-18,7321.62,238769,145957.8803,1082676506,17156737.5,494823,239218.6185,1137516.76
2018-07-19,7371.11,225039,134422.7598,993456134,17158875,465957,213038.1053,965781.9976
2018-07-20,7473.9,225529,109510.711,813439686.2,17160800,496860,171414.1487,914113.8846
2018-07-21,7334.99,184803,72037.49838,528574442.1,17162512.5,385950,128603.7537,642013.5658
2018-07-22,7408.99,167129,53147.20542,395927691.4,17164787.5,366446,111728.2748,583088.1688
2018-07-23,7406.66,229480,121830.8292,936055626.3,17166862.5,473606,201960.0953,971437.9065
2018-07-24,7715.1,259358,143048.8439,1154244446,17168850,532884,239989.8046,1184540.435
2018-07-25,8418.11,250208,122048.8842,1009352101,17171062.5,525952,221472.3963,996984.0171
2018-07-26,8171.65,231679,101634.5038,833867863.5,17173125,479850,196939.6473,880778.2036
2018-07-27,7939.81,229397,110689.707,884506563.8,17175212.5,517778,166595.2126,975850.5305
2018-07-28,8178.33,188238,63140.85525,516574795.9,17177025,395734,139843.4808,658610.4744
2018-07-29,8219.92,168407,88720.62691,726532319,17179150,380501,128632.0644,661003.3242
2018-07-30,8220.91,230924,106625.9066,868342350,17180825,479275,200054.1845,874826.1623
2018-07-31,8171.49,242977,115565.8389,916151854.7,17182662.5,500312,202219.5666,871944.3434
2018-08-01,7735.28,241044,94246.95106,713806067.8,17184537.5,495640,161214.4125,905661.7549
2018-08-02,7607.7,224873,136730.9,1036673761,17186450,470017,193030.2807,920947.2215
2018-08-03,7535.88,229859,125025.8809,926100823.3,17188525,537623,171881.966,982848.1276
2018-08-04,7414.77,191657,65849.13586,478730381.4,17190725,416161,125027.9291,966188.4193
2018-08-05,7011.28,172181,53460.26157,373453434.3,17192725,374557,95829.15521,1022297.11
2018-08-06,7032.3,218607,104968.6978,732204363.5,17194362.5,452410,123908.765,1259506.28
2018-08-07,6937.23,233045,94874.79519,664083737,17196250,477951,131492.0406,1138346.253
2018-08-08,6718.23,235311,121965.4515,786985499.9,17198212.5,498558,134249.4303,1327631.369
2018-08-09,6277.59,222326,146500.5987,939755086.3,17200075,467197,132699.5283,1117999.488
2018-08-10,6532.36,226148,118704.2324,760258278.3,17202275,510030,130895.7936,973946.0398
2018-08-11,6138.96,192438,81985.5272,505204809.9,17204400,389256,95204.29483,800612.2622
2018-08-12,6227.85,165044,52911.97294,333729799.3,17206337.5,361544,80499.28942,606237.6112
2018-08-13,6313.42,222229,133117.7406,843998947.4,17208212.5,459526,128277.9785,920752.3543
2018-08-14,6252.13,247622,174756.6776,1058727906,17209912.5,514445,160161.5655,1171296.375
2018-08-15,6189.97,246066,139731.3059,891860903.4,17211925,539383,142342.9261,1053753.716
2018-08-16,6270.67,232335,108291.3544,687000468.6,17213900,479347,152509.1794,911178.7936
2018-08-17,6312.75,233794,121209.3469,783014397.7,17215800,512305,160857.4284,861833.5076
2018-08-18,6577.74,190935,58157.43305,375616573.8,17217800,399289,107768.285,666835.4931
2018-08-19,6394.18,167400,42573.98299,272507659.3,17219612.5,402087,109303.8268,599012.1221
2018-08-20,6486.58,214983,100254.087,647035144.3,17221487.5,459856,189779.8006,859771.4703
2018-08-21,6262.64,217777,136643.3732,872997532.5,17223337.5,449916,158413.9452,1041449.932
2018-08-22,6472.41,230333,155662.4156,1022941526,17225337.5,484463,161682.0596,906348.7742
2018-08-23,6354.57,217352,137478.9167,884447407.3,17227200,444346,124090.983,876297.0282
2018-08-24,6525.96,219848,101079.9341,660537345.5,17229025,487991,125616.1922,757997.6732
2018-08-25,6691.39,196420,76480.867,513006216.1,17230712.5,415348,141286.1953,660165.4137
2018-08-26,6738.27,172747,57884.26826,385892530.1,17232875,368938,191108.5202,515508.3119
2018-08-27,6707.96,223656,117539.0959,788251385.7,17235187.5,464084,219469.6122,974407.7735
2018-08-28,6901.26,238039,139981.8637,977831328.4,17237100,488605,315293.3548,1898012.526
2018-08-29,7078.19,237508,123431.9184,871163498.7,17238837.5,509197,166887.2952,901330.9707
2018-08-30,7032.13,231391,115317.2058,798481940.6,17240762.5,463657,166539.0557,854611.4985
2018-08-31,6986.54,237076,124281.2413,867343981.1,17242700,511307,176232.4176,1543688.526
2018-09-01,7018.78,213331,74829.35578,530711688.3,17244587.5,437404,136407.1636,881906.2924
2018-09-02,7197.43,187145,61620.4373,446514389.4,17246387.5,387889,118074.0412,827630.1381
2018-09-03,7291.84,222897,99809.21557,724804467.1,17248187.5,455957,144667.4098,924600.6359
2018-09-04,7265.08,232265,115634.7645,846834354.7,17249762.5,474899,176736.984,936828.2666
2018-09-05,7359.19,246477,133041.2162,945103849.4,17251412.5,497298,225073.5252,963010.4758
2018-09-06,6695.32,252261,168447.9886,1082892621,17253287.5,501001,200958.4502,1272957.101
2018-09-07,6501.19,230790,115752.4448,745568366.7,17255187.5,539383,182256.5699,1086048.21
2018-09-08,6399.85,204428,57255.76267,364549896.7,17257062.5,414919,119780.8978,718862.4172
2018-09-09,6184.06,188912,74324.23465,468243443.8,17259100,387389,117282.3586,720066.6155
2018-09-10,6240.98,222866,112735.0993,708849887.9,17260787.5,451965,126012.8629,861391.0839
2018-09-11,6306.59,237571,117778.9371,741261463,17262550,474061,146228.1038,922450.723
2018-09-12,6283.54,233275,106750.1766,668389215.8,17264650,461586,150980.542,876514.2186
2018-09-13,6326.04,234209,193728.1224,1248849239,17266500,466217,130676.6043,1120970.318
2018-09-14,6479.6,223250,113998.0167,739529758.1,17268150,471373,140059.4938,760332.5131
2018-09-15,6487.12,211071,57528.26773,374552271.6,17269900,427958,102279.1924,720910.9923
2018-09-16,6522.39,179483,43827.29301,284144583.4,17271637.5,370212,85286.02542,688822.0662
2018-09-17,6497.37,240152,89722.9846,572850819.1,17273325,481968,111626.4288,1079845.963
2018-09-18,6253.99,244259,96970.36644,609895983,17275100,479309,120983.4542,1028529.035
2018-09-19,6342.39,251037,111850.0217,707175800.3,17277050,480228,110586.243,936652.7936
2018-09-20,6389.3,253674,106443.2055,682414738.5,17278975,493141,117083.4626,908828.5149
2018-09-21,6496.02,273051,147934.626,984934175.4,17280775,563131,171010.9694,1183944.941
2018-09-22,6756.12,225537,69125.50221,463989750.2,17282712.5,445042,125988.4196,749155.2196
2018-09-23,6718.7,200319,50088.41556,335911295.1,17284587.5,401264,97098.5094,526553.1277
2018-09-24,6705.66,237670,77312.20983,512802846.6,17286437.5,469029,104869.1984,788427.1633
2018-09-25,6583.45,252113,132989.313,852085846.9,17288550,490589,132527.2951,1366731.27
2018-09-26,6432.71,243927,116668.9816,753603397.1,17290287.5,474080,131904.3905,1069898.09
2018-09-27,6459.35,248686,126129.9332,820387842.8,17292075,481908,154145.6915,906900.7383
2018-09-28,6686.08,254239,137336.0513,916157415.9,17294000,527058,193153.515,1078383.894
2018-09-29,6628.66,218339,70886.84278,463385867.6,17295900,429819,124988.228,753691.167
2018-09-30,6592.64,208210,63803.98514,420373521.3,17297937.5,413889,101669.2004,641266.0092
2018-10-01,6611.02,242820,104521.2375,687226380.3,17299912.5,484983,143575.5919,823577.9051
2018-10-02,6586.58,244772,126366.9583,826082619.4,17301625,484847,168222.5878,1253120.113
2018-10-03,6521.31,242303,114587.9539,739357175.8,17303437.5,552113,138393.7615,791168.0328
2018-10-04,6483.73,243157,102191.8061,669076735.7,17305312.5,506880,123012.0154,843966.4921
2018-10-05,6568.14,244719,95772.50768,627109174.2,17306937.5,533087,139715.5784,739244.4323
2018-10-06,6620.63,214843,59251.46793,388807367.7,17308500,441965,115700.4648,614605.8094
2018-10-07,6573.62,219731,38328.30629,250377608.1,17310275,444618,86934.06286,500647.3596
2018-10-08,6588.93,248041,95479.40557,629275555.9,17311962.5,477298,111758.8258,829927.2166
2018-10-09,6641.33,235862,106727.5789,703382178.2,17313587.5,463257,109822.9124,750224.6759
2018-10-10,6626.85,244945,115412.5897,752875717.2,17315387.5,482435,101932.2248,1041130.22
2018-10-11,6581.07,262467,142521.0448,887230191.3,17317375,499968,118582.0062,1061283.41
2018-10-12,6207.79,243174,128397.513,795636845.8,17319025,498115,114373.6323,1118361.91
2018-10-13,6247,205097,59376.85282,367758599.9,17320787.5,400481,83113.41835,685161.7797
2018-10-14,6265.9,191259,64000.45464,398408927.2,17322212.5,378043,77285.14525,662564.6105
2018-10-15,6265.16,266945,219303.984,1406050478,17324237.5,502796,148939.2059,1284006.59
2018-10-16,6599.17,257967,136972.661,881840150.1,17325925,490756,124361.5057,827843.6574
2018-10-17,6616.45,260362,112983.9424,727254416.7,17327650,490531,123343.6868,893760.3654
2018-10-18,6595.51,253450,134568.3472,865272971.5,17329375,479720,117209.2185,985320.3669
2018-10-19,6509.61,253826,130794.8809,835097399.7,17331150,504471,113049.8909,961462.4727
2018-10-20,6463.58,227821,107638.9479,688806312.5,17332937.5,428970,93047.21162,674789.5705
2018-10-21,6504.92,211505,45300.18497,291411405.4,17334662.5,403199,80181.97305,538622.6313
2018-10-22,6504.78,255324,113898.2453,729556262.8,17336600,489860,106949.9094,877222.8928
2018-10-23,6493.89,253463,113622.7892,726527353.6,17338525,487826,106051.8291,1017938.452
2018-10-24,6476.85,254091,120219.6097,772529022.5,17339937.5,478551,108885.3906,1003518.331
2018-10-25,6489.77,254599,127063.2249,813572560,17341650,474715,112299.9586,1010728.031
2018-10-26,6466.29,253002,116264.002,744611642.3,17343437.5,503384,115151.1324,826397.8184
2018-10-27,6472.17,233749,59305.67538,380002708.1,17345137.5,418914,85334.11388,577406.7113
2018-10-28,6457.21,219860,71645.16456,458829452.7,17346887.5,403764,105772.2908,523974.1397
2018-10-29,6449.37,269754,141597.6784,894864910.1,17348712.5,495174,123938.6466,810038.604
2018-10-30,6307.51,283327,100057.5084,627295099.1,17350637.5,505404,118280.911,850773.8666
2018-10-31,6301.61,288283,128050.1833,803653185.5,17352675,510367,104562.9077,932172.355
2018-11-01,6338.78,281941,127786.0376,806286749,17354600,505058,111400.5496,926913.4971
2018-11-02,6373.08,292704,137076.406,870677656.7,17356387.5,565269,118011.2314,1267746.676
2018-11-03,6390.42,249564,57759.29083,366071278.7,17358400,453208,86132.66238,597667.0116
2018-11-04,6361.3,229291,82401.40321,525975032.8,17359950,418053,83475.16898,608365.3018
2018-11-05,6454,293239,116896.1299,749362381,17361737.5,531376,118822.4203,871818.0137
2018-11-06,6437.76,285451,116941.3524,750361150.5,17363337.5,519342,123104.5677,888083.5082
2018-11-07,6477.84,293734,131243.4689,854471221.9,17364962.5,522948,133696.2088,878451.606
2018-11-08,6536.83,277597,119749.9312,773348007.5,17366475,498004,135561.5433,789766.3663
2018-11-09,6444.97,283896,131258.8478,836981702,17368062.5,541364,142896.6811,857089.2358
2018-11-10,6377.4,252499,60442.51854,384259935,17369700,448643,107203.8614,588546.6903
2018-11-11,6388.46,246991,60560.67879,384049108.1,17371525,422963,89656.27225,544579.3295
2018-11-12,6408.53,300006,118353.3434,752483811.3,17373275,510342,123252.0659,864084.7634
2018-11-13,6384.75,279160,128317.6257,807686927.1,17374775,491741,113756.2128,889566.3896
2018-11-14,6358.25,292755,201549.9875,1181029259,17376462.5,524970,157433.3897,1156024.042
2018-11-15,5756.77,291525,484615.0708,2667893505,17378050,523899,211450.9691,1892836.657
2018-11-16,5658.73,283124,195693.8568,1082196428,17379625,533315,204226.1427,1145277.433
2018-11-17,5592.58,262649,89398.18379,490284413.2,17381437.5,428640,120442.4785,682834.8488
2018-11-18,5572.44,239803,63965.16471,353784045.7,17382975,393876,99772.92114,580343.1334
2018-11-19,5616.29,267971,199215.2038,1021796906,17384550,470247,203451.9561,1073888.551
2018-11-20,4848.78,288450,325080.7837,1475820952,17386200,543711,319205.9628,2115839.926
2018-11-21,4491.98,254942,227159.8635,1007014548,17387512.5,472552,222056.6293,1309378.217
2018-11-22,4616.44,266116,147946.4621,662090854.6,17389037.5,467175,174768.6547,1017073.341
2018-11-23,4312.31,275261,174401.8628,740000744.4,17390600,479022,158280.3133,1157067.136
2018-11-24,4352.98,250017,96368.50508,398983130.8,17392387.5,406861,130799.9635,905769.292
2018-11-25,3862.01,239256,164901.5479,618633300.6,17393975,410530,120650.1317,1067554.804
2018-11-26,4010.72,257062,192156.3361,736626813.7,17395362.5,469613,146444.3428,1292170.83
2018-11-27,3793.35,268533,229185.3304,846867046.2,17397000,462322,138343.087,1256470.047
2018-11-28,3828.45,254456,198420.8828,807058144.2,17398475,454764,157616.6467,1359972.838
2018-11-29,4256.55,246226,217174.9194,916066338.2,17399787.5,461335,190219.8632,1172440.721
2018-11-30,4278.77,250157,397151.0322,1613578164,17401050,460123,166217.2599,1854914.423
2018-12-01,4013.52,241847,171395.7173,689975479.9,17402600,420225,127200.3144,1246164.567
2018-12-02,4188.09,222673,84399.89902,348205860.3,17404025,364379,95712.92689,976830.0025
2018-12-03,4140.6,240652,319552.0369,1239335737,17405450,426800,122213.9989,1487029.073
2018-12-04,3894.21,270189,632663.2402,2465252204,17407175,492965,126248.6909,2223959.726
2018-12-05,3956.94,256501,372914.9762,1409782759,17408800,438438,100121.371,1713030.635
2018-12-06,3744.98,279654,385583.7201,1426379106,17410487.5,480400,105202.2556,1633213.927
2018-12-07,3484.94,253890,224589.8439,751100109.5,17411912.5,495221,106408.0307,1442343.996
2018-12-08,3425.69,231104,108889.7834,368967391.6,17413500,382550,66812.76442,924413.9189
2018-12-09,3453.66,238569,80735.93337,279427828.5,17415100,364579,58344.48059,749837.224
2018-12-10,3588.44,258353,152111.1287,526990901.5,17416650,443067,80552.16983,1070517.487
2018-12-11,3472.98,251487,216726.7848,729578613.4,17418212.5,432511,78284.40127,1231285.194
2018-12-12,3407.28,261423,161534.9942,548638941.8,17419712.5,439270,75947.29434,1100815.107
2018-12-13,3487.73,268422,177671.4434,597302477,17421350,439018,76751.5768,1157180.234
2018-12-14,3308.11,275801,161726.0318,523412561.2,17423175,464524,81167.26586,1159444.369
2018-12-15,3242.42,262879,91655.29884,290998236.3,17425037.5,397644,58350.85453,813096.486
2018-12-16,3231.91,226453,98059.28086,315066374.4,17426475,364388,47730.54862,846835.7052
2018-12-17,3246.64,298823,161537.1686,540372096.1,17428475,466784,70170.60594,1200556.18
2018-12-18,3556.54,266245,205069.8228,717156551.8,17430075,461773,93082.60856,1371198.621
2018-12-19,3714.09,302392,238015.6391,893184813.8,17431937.5,495568,123841.6509,1528751.685
2018-12-20,3734.55,287273,209224.0421,823827197.3,17433625,475406,108908.8229,1323364.225
2018-12-21,4135.19,280588,203257.004,810541683.5,17435375,492726,123324.2339,1281402.43
2018-12-22,3899.83,251216,78988.75477,303876048.6,17437562.5,386813,72403.56391,807079.971
2018-12-23,4031.85,250739,98148.12192,390737504.9,17439762.5,371648,61586.79744,781016.264
2018-12-24,3995.17,272297,165780.9694,684558459.3,17441662.5,419725,97909.58182,1102833.455
2018-12-25,4075.15,265052,106914.5009,403843192.8,17443650,353052,69021.41595,1073554.208
2018-12-26,3821.52,281305,111855.6457,422281688.5,17445612.5,397075,61224.99229,1118880.292
2018-12-27,3848.21,300020,153232.0152,570591347.7,17447787.5,434318,63008.25043,1258835.333
2018-12-28,3638.9,308267,168810.7213,626362020.8,17449875,485694,66259.413,1263611.816
2018-12-29,3923.19,264980,108797.3789,421850491.8,17451600,423956,59331.21786,1132732.364
2018-12-30,3770.36,267639,70586.78147,267240600.2,17453800,391259,52977.40618,700163.0476
2018-12-31,3865.26,259684,126700.7655,476003087.2,17455737.5,391031,60889.82591,851324.4936
2019-01-01,3737.91,234725,59662.85322,220483471.2,17457600,310120,41541.1487,549766.6535
2019-01-02,3855.88,271696,129140.0833,493860141,17459487.5,415822,69647.81098,985716.7434
2019-01-03,3931.31,291016,152925.7904,586335098.6,17461425,450626,75138.11407,940397.9641
2019-01-04,3822.87,281772,141474.7969,534739538.9,17463287.5,454702,74019.96899,972455.8229
2019-01-05,3856.62,265192,84980.85527,325849324.7,17465325,385489,49371.81038,762435.0961
2019-01-06,3831.94,258522,76252.19817,295057199.4,17467087.5,389294,65996.57828,691139.037
2019-01-07,4071.77,284782,154837.0214,622810992.8,17468850,448076,96377.31783,984689.3984
2019-01-08,4032.25,318524,148461.8387,595564198.9,17470962.5,465085,84834.51275,907272.3199
2019-01-09,4020.97,319056,157273.1398,630379615.8,17473012.5,463346,98079.36444,945619.4898
2019-01-10,4016.92,327338,177109.2243,668725127.5,17474962.5,489566,99192.10594,1165194.942
2019-01-11,3646.25,308372,297947.5552,1080849631,17476812.5,486650,88128.49726,1202241.872
2019-01-12,3656.9,281502,74725.49092,270915665.3,17478537.5,396628,62556.67001,801972.7389
2019-01-13,3637.31,276997,65713.00494,235049030,17480250,372207,50842.92081,746729.8631
2019-01-14,3531.96,326685,163190.7979,585869867.3,17482112.5,455377,71453.00294,943758.9009
2019-01-15,3682.48,302279,348323.1046,1270645847,17483762.5,466212,78601.05905,1387794.753
2019-01-16,3600.16,305702,171796.4163,618560383.8,17485425,493982,90360.76254,999523.6012
2019-01-17,3621.43,296695,141053.2573,507804662.1,17487012.5,462879,85890.81181,865081.6587
2019-01-18,3658.41,305965,124501.4427,449808595.9,17488737.5,484530,75581.3662,890215.4814
2019-01-19,3625.73,282188,84470.37134,310087042.1,17490400,400053,66289.11392,635759.8162
2019-01-20,3703.98,294118,66397.09423,238388741.7,17492362.5,379374,51739.00022,673875.571
2019-01-21,3548.98,315202,138085.5837,488189514.5,17494237.5,449404,72308.71969,1554582.03
2019-01-22,3540.02,296040,157815.4569,560917561,17495862.5,450118,74224.19108,1169130.352
2019-01-23,3587.35,293494,151170.0756,538919234.4,17497687.5,482794,81449.0332,1177961.568
2019-01-24,3566.4,308146,134575.0464,477934358.1,17499712.5,470446,81822.57421,1481541.932
2019-01-25,3586.25,301085,128463.1015,456544872.1,17501437.5,492261,88476.17281,1829467.278
2019-01-26,3577.79,288285,81859.95195,292643247.2,17503312.5,444594,75230.07583,956749.6122
2019-01-27,3576.3,276651,63071.67361,223512708.8,17505025,383276,56617.4479,735257.9612
2019-01-28,3554.5,308062,174584.6948,598393585.4,17506837.5,481279,82838.08136,1640413.975
2019-01-29,3448.58,326162,147946.6628,502734964.4,17508662.5,480702,80214.83446,1566152.825
2019-01-30,3421.6,321980,215449.8429,737418316.9,17510362.5,462721,72651.81096,2244734.924
2019-01-31,3470,353945,167866.0628,574609830.7,17512300,487936,99308.57322,2180298.427
2019-02-01,3444.81,339341,179022.4758,611007305.3,17514275,502881,113012.872,2805591.825
2019-02-02,3475.33,322032,92025.73487,315786229.9,17516075,418174,65087.27418,1528957.5
2019-02-03,3506.22,300171,77437.78018,265197431.5,17517800,389608,50881.46309,692656.5275
2019-02-04,3456.02,335288,103575.7612,353232913.2,17519637.5,456122,58393.19993,2100232.579
2019-02-05,3452.35,354069,121437.2939,414929550.4,17521475,503603,59164.70495,2766076.198
2019-02-06,3467.34,349596,147198.8084,496046280.2,17523525,482655,73427.77774,3670020.747
2019-02-07,3405.7,353046,141362.2106,475540835.9,17525700,474847,56328.27375,2624183.111
2019-02-08,3394.76,335280,158595.2584,552614639,17527737.5,516886,73623.02316,2935959.404
2019-02-09,3661.08,310892,80267.96229,290308690.9,17529612.5,422178,64210.5982,1691654.008
2019-02-10,3664.38,299609,75922.13008,273943900.7,17531362.5,380922,49435.95124,619329.4202
2019-02-11,3686.29,315725,142422.0192,512333681.4,17533175,463119,83996.158,2194526.571
2019-02-12,3629.47,271573,138142.68,494313528.4,17534775,486292,126939.5576,3176628.772
2019-02-13,3632.42,352651,189712.9663,679292515,17536687.5,546276,127666.3765,3759153.895
2019-02-14,3614.5,354483,130446.9174,465606911.5,17538450,473265,95376.02194,2748289.51
2019-02-15,3600.31,296729,133247.1524,475673471.4,17540037.5,467228,94454.66641,2152406.642
2019-02-16,3608.2,332137,101428.2029,363956258.2,17541912.5,452438,80435.34101,721058.483
2019-02-17,3619.55,327463,66470.83825,237971659.1,17543900,393160,68626.50863,682063.3295
2019-02-18,3670.74,344274,183636.7827,689163299,17545837.5,508261,113419.1085,1187294.444
2019-02-19,3910.8,348242,184200.0837,719387605.3,17547787.5,538532,143057.3733,1780234.105
2019-02-20,3926.53,314320,178208.3141,696700438.7,17549412.5,521878,148476.9873,1372993.412
2019-02-21,3987.18,297595,168503.096,658222916.5,17550900,491327,138165.9856,1083753.826
2019-02-22,3944.88,350306,151533.5279,594309375.2,17552925,542172,153088.8819,1376221.9
2019-02-23,3983.48,328239,122875.0868,489507893,17554712.5,441275,101166.5329,997572.6143
2019-02-24,4139.6,320446,108635.1959,436413535.3,17556425,433694,118261.4917,953686.1636
2019-02-25,3766.89,336634,208068.2559,788388101.2,17558212.5,502106,147376.8022,1518114.008
2019-02-26,3848.33,366568,156017.9829,592375975.3,17560225,532149,139340.3073,1722456.818
2019-02-27,3831.45,344560,151116.0609,573599563.2,17561987.5,519740,123971.3466,1407914.04
2019-02-28,3833.23,367827,245556.3441,936111689.3,17563862.5,523892,115733.9375,1540872.982
2019-03-01,3850.08,354422,140717.2587,536410480.5,17565887.5,552623,116216.7414,1372157.22
2019-03-02,3834.62,335864,115903.0617,440970166.2,17567537.5,481021,99021.20545,1464213.182
2019-03-03,3831.44,353683,68527.74283,260455173.2,17569362.5,420093,81264.36795,1447172.478
2019-03-04,3814.58,304188,137268.2234,510664925.1,17571075,506186,105861.7644,1780642.533
2019-03-05,3730.98,285716,144933.8701,545495184.6,17572937.5,536821,109344.6018,2167836.637
2019-03-06,3872.25,277863,157270.3061,603814020.8,17574537.5,524992,149906.3375,1431566.5
2019-03-07,3876.85,282523,154918.407,598136964,17576312.5,524085,154686.3799,1316690.028
2019-03-08,3886.82,285264,160504.7244,621749744.8,17578137.5,545571,133717.8264,1314227.633
2019-03-09,3875.96,239492,86329.41825,335332056.8,17579862.5,458538,96337.32939,819715.707
2019-03-10,3950.56,212877,74383.15807,289475544,17581562.5,392557,74268.15827,662937.081
2019-03-11,3928.17,294741,150815.6049,581817561.2,17583337.5,554792,118893.6265,1130700.8
2019-03-12,3881.09,285653,164931.8612,634318677.2,17585125,532589,121511.9544,1487057.819
2019-03-13,3892.51,285957,164285.6187,632556077.3,17586812.5,515962,138799.1938,1143591.604
2019-03-14,3877.77,299929,186070.5229,715988875.3,17588750,551001,144536.0942,1418473.573
2019-03-15,3885.21,296970,140553.549,544675740.5,17590662.5,558693,121466.2918,1368445.678
2019-03-16,3936.5,262267,90730.23507,360840832.1,17592700,468300,90989.35745,851526.3153
2019-03-17,4015.95,227290,62921.06027,249331295.6,17594525,413098,66480.58901,691444.0709
2019-03-18,3994.92,291505,150812.2418,597904327.9,17596537.5,533680,89268.00644,1780600.088
2019-03-19,3998.77,304744,153423.8658,609610214.5,17598712.5,551374,89495.09324,1466091.313
2019-03-20,4029.11,304960,162646.4226,649248713.7,17600725,538723,113634.4439,1315366.013
2019-03-21,4056.4,300712,162727.434,650496386.4,17602512.5,535702,143144.8085,1470280.031
2019-03-22,3992.34,298524,132765.6724,528282764.5,17604525,550986,108013.322,1753468.727
2019-03-23,3999.06,251573,79374.19311,315765407.9,17606337.5,450872,72427.90111,762331.2289
2019-03-24,4011.92,226166,72780.07075,288672590,17608212.5,417726,62180.33744,635868.6612
2019-03-25,3994.11,322191,151269.3509,596522167.6,17610062.5,530401,115433.3612,1432876.798
2019-03-26,3935.89,366415,154738.0783,604089195,17611737.5,522961,143682.8375,1235355.683
2019-03-27,3947.74,383186,156424.3788,624205341.9,17613600,569697,192737.2851,1298958.06
2019-03-28,4048.51,393698,155941.9031,625086884.9,17615425,578059,192710.7105,1448113.618
2019-03-29,4037.37,369817,201647.8306,818224153.7,17617262.5,563925,262812.6,1322042.122
2019-03-30,4115.55,377783,85754.58549,350278425.9,17619000,513840,223249.7503,922855.6564
2019-03-31,4114.44,381652,103158.2918,421441500.8,17620737.5,459478,182259.6854,916838.8903
2019-04-01,4114.16,368904,155390.747,640470349.7,17622437.5,528288,254946.5494,1744092.611
2019-04-02,4152.53,401507,310399.2362,1458650931,17624400,666741,541472.6071,3429198.982
2019-04-03,4882.88,360250,234837.8363,1183522596,17626175,626468,725985.1498,1306792.375
2019-04-04,4959.81,354660,202638.5688,1008344651,17627925,603757,793922.2746,1279471.743
2019-04-05,4911.24,387090,180381.782,898533778.5,17629900,632546,572517.6482,1082539.142
2019-04-06,5028.77,359569,84599.96459,426663923.5,17631637.5,478034,408027.18,776356.0002
2019-04-07,5053.52,350631,86205.19393,441363438.7,17633400,447559,437895.4996,832972.6337
2019-04-08,5189.39,372417,187960.8774,983977267.4,17635250,579028,688240.5588,1489013.44
2019-04-09,5268.71,346071,167990.2214,877070582.1,17636900,572096,599959.6293,1976197.139
2019-04-10,5175.81,396501,161752.6014,851450827.8,17638750,593178,588501.8355,1576934.007
2019-04-11,5310.18,402802,205019.6331,1050019755,17640712.5,620631,590027.689,1887212.514
2019-04-12,5035.02,376767,137360.5364,693684833.3,17642600,578099,507569.6938,1503470.025
2019-04-13,5072.85,367076,83263.81882,423377389.3,17644287.5,458376,336535.1827,1085337.95
2019-04-14,5064.62,337030,108749.9361,550425596.9,17645812.5,430064,291368.0681,1007059.314
2019-04-15,5152.51,381473,156905.7521,804147839.2,17647625,576183,406464.0704,1553689.442
2019-04-16,5036.18,358517,126663.5083,645003301.7,17649437.5,560007,390243.5553,1792237.982
2019-04-17,5196.65,350737,171738.8324,896458088,17651162.5,555678,412792.5065,1590656.718
2019-04-18,5220.37,382981,131962.0312,694249179.2,17653025,563075,385141.675,1802993.594
2019-04-19,5276.31,362128,131593.6296,691322116.1,17654925,597098,413578.6211,2045766.669
2019-04-20,5277.04,319840,70398.26563,373941308.5,17656562.5,456520,318391.2133,1080058.029
2019-04-21,5309.28,390735,68286.91642,360713964.5,17658587.5,426630,270263.1404,799768.9806
2019-04-22,5281.83,342014,138950.8729,740397862.7,17660262.5,498668,377961.8267,1690790.675
2019-04-23,5377.19,311753,149237.673,825599122.6,17661712.5,548492,533897.4132,2263367.892
2019-04-24,5518.16,404279,286718.3635,1576941009,17663750,645489,742857.3285,2030945.611
2019-04-25,5434.19,384089,152066.3321,826381786.8,17665537.5,577184,512617.285,1693363.769
2019-04-26,5195.61,381209,232219.4701,1196016426,17667425,593570,470909.8787,1494955.227
2019-04-27,5292.83,359008,85812.4946,442516045.1,17669137.5,460846,280653.5312,709155.4385
2019-04-28,5280.19,383291,82448.95947,426337706.7,17671175,445722,247870.9486,862617.7755
2019-04-29,5301.29,363207,172075.3078,886065657.8,17673212.5,573010,366674.1915,1145104.018
2019-04-30,5260.65,346486,161948.9848,841828231.1,17674962.5,604307,447687.5719,1871979.867
2019-05-01,5269.79,439549,165968.209,878862399.1,17677100,565408,355112.3932,1162547.707
2019-05-02,5326.67,452646,141756.4673,760391105.9,17679400,584864,352449.3454,986563.5692
2019-05-03,5390.16,383032,152155.6973,858064130.8,17681300,615404,457428.8411,1268003.892
2019-05-04,5657.14,355910,86099.09944,489890940.8,17682950,508298,355778.377,886545.171
2019-05-05,5771.08,330732,77965.42179,446363838.2,17684562.5,460613,359875.1311,762735.0204
2019-05-06,5717.66,378476,136084.3191,769428196.7,17686450,573048,431472.5764,1160172.842
2019-05-07,5684.47,329943,177595.0217,1041193669,17688037.5,578857,550568.7608,1546326.357
2019-05-08,5755.72,393081,176155.1564,1026598913,17689937.5,635596,654864.4052,1282820.635
2019-05-09,5936.72,361569,207195.2397,1251747787,17691812.5,619054,653469.0089,1257978.34
2019-05-10,6146.91,322963,204122.5205,1285152265,17693375,618182,786365.1532,1361392.479
2019-05-11,6348.02,344957,131579.5908,890773875.6,17695000,573741,848925.3563,1259759.127
2019-05-12,7248.31,338571,145438.0419,1047479224,17696975,551654,771725.9654,952163.3967
2019-05-13,6978.63,390428,223891.297,1691655708,17699062.5,648734,840292.0937,1678344.658
2019-05-14,7823.11,367370,207249.617,1659251076,17700962.5,669376,1057863.899,1652403.408
2019-05-15,7992.69,368901,198020.7036,1595050697,17702825,675925,1585533.641,2168606.264
2019-05-16,8206.9,375062,212667.9161,1694528054,17704650,682196,1853649.074,1438473.303
2019-05-17,7885.96,361654,178012.627,1298197114,17706537.5,676115,1650951.412,1366575.827
2019-05-18,7362.22,359704,94112.09671,688963903.7,17708450,588499,987228.603,832814.3193
2019-05-19,7265.05,346859,97929.59369,776463133.5,17710487.5,516859,996544.122,892847.5729
2019-05-20,8193.7,381582,142564.6963,1127760758,17712500,617241,1468601.702,1221183.048
2019-05-21,8007.03,380889,127163.1653,1011724991,17714412.5,657474,1610675.953,1069771.098
2019-05-22,7952.5,394887,142645.2229,1126821700,17716500,646106,1416401.397,1172959.329
2019-05-23,7625.93,389343,153387.2049,1180520165,17718475,630228,1262208.551,1221496.199
2019-05-24,7880.29,373882,161582.3718,1291010564,17720387.5,644200,1535781.23,1371740.904
2019-05-25,8003.26,338398,68559.23428,551935634.9,17722137.5,511153,1031523.885,793250.9206
2019-05-26,8071.45,374072,103884.8223,848987065.9,17724200,476819,778839.0076,850401.1637
2019-05-27,8744.42,399584,150159.1624,1318870008,17726287.5,644814,1727257.425,1212933.654
2019-05-28,8770.06,390427,168755.8695,1475454598,17728337.5,685040,1735508.554,1324503.914
2019-05-29,8719.88,405155,315186.7467,2715969883,17730512.5,680323,1633565.784,1426452.615
2019-05-30,8662.98,376874,151039.5076,1307364486,17732512.5,642352,1629865.556,1224910.873
2019-05-31,8272.46,298997,256927.3917,2139391264,17733975,598627,1713611.623,2049565.242
2019-06-01,8553.81,332092,111143.3227,950272921.7,17735862.5,578368,1362765.49,1199897.735
2019-06-02,8554.8,301003,76147.93375,661260854.1,17737500,489569,1028715.307,1214859.864
2019-06-03,8739.03,294009,163380.9295,1387869417,17738987.5,550346,1693015.429,1694243.157
2019-06-04,8134.92,374763,280734.7667,2210912218,17740912.5,687738,1728231.032,1741205.068
2019-06-05,7675.8,372948,329505.5289,2554143447,17742912.5,631420,1238191.521,2003151.57
2019-06-06,7786.04,364526,261382.7406,2028322129,17744875,602273,959903.7226,2001279.342
2019-06-07,7803.23,350011,138819.1939,1100908052,17746850,619327,861779.7339,1454553.101
2019-06-08,7998.29,294369,67690.31199,537539563.5,17748400,471819,582893.9093,930930.686
2019-06-09,7931.34,300917,55152.80892,429940401.8,17750237.5,438208,498962.709,908019.9246
2019-06-10,7640.61,353629,130919.9933,1024400574,17752200,607094,804692.6544,1458520.175
2019-06-11,8020.38,340449,203128.8469,1596486462,17753987.5,623398,872726.8563,2170474.241
2019-06-12,7917.58,328464,144661.6856,1164520570,17755625,601949,874622.1383,1311285.462
2019-06-13,8173.06,364373,138909.6628,1133834031,17757512.5,667841,893272.2388,1228137.025
2019-06-14,8237.88,364383,151891.1286,1268348918,17759625,731367,987978.1005,1267506.903
2019-06-15,8693.6,330954,98043.75527,856304521.3,17761450,601012,686185.0992,1021072.39
2019-06-16,8859.47,295254,113396.7111,1037160332,17763075,520293,677589.4854,1355369.54
2019-06-17,8978.99,321072,320982.8683,2950935222,17764737.5,628484,1094333.824,2711334.496
2019-06-18,9327.48,394843,238369.9072,2182288636,17766775,696937,1069445.102,2869899.194
2019-06-19,9076.18,401032,208482.6618,1908684407,17768987.5,664204,967567.1401,1673182.627
2019-06-20,9281.7,330103,127131.754,1190905554,17770787.5,635532,1047359.419,3394897.696
2019-06-21,9531.35,337741,156106.111,1529747838,17772450,654639,1237370.876,1710806.618
2019-06-22,10209.38,354075,206502.2972,2222444545,17774212.5,643642,1317249.2,1952259.837
2019-06-23,10668.63,380088,110002.6343,1181274913,17776475,596158,873606.603,1002826.755
2019-06-24,10814.48,388342,162159.6348,1758426569,17778687.5,659329,1120601.172,1671222.713
2019-06-25,11017.5,361385,161777.7458,1831245148,17780512.5,682866,1371038.307,1956241.058
2019-06-26,11766.4,399624,228840.5597,2930019256,17782575,768792,2360622.229,1866107.777
2019-06-27,12932.55,361050,211110.0965,2491886549,17784350,694016,2392393.925,1672496.031
2019-06-28,11132.85,407094,226300.9699,2653064699,17786387.5,729817,2133609.787,1467631.806
2019-06-29,12374.35,356682,114078.1872,1357452936,17788562.5,573175,1292722.068,1379953.579
2019-06-30,11890.38,330731,144280.3981,1651368348,17790462.5,497075,1211030.045,1910735.658
2019-07-01,10737.73,336862,153689.3808,1639029426,17792250,624927,1357397.505,2100556.444
2019-07-02,10578.72,373409,176786.2575,1813299812,17794225,671396,1212199.915,1470210.489
2019-07-03,10805.4,397554,143285.3486,1618383339,17796375,651074,1072672.233,1704146.09
2019-07-04,11984.76,370704,163556.8017,1933335669,17798462.5,603018,989158.5397,1253929.116
2019-07-05,11160.49,378453,105632.2174,1176057043,17800825,617685,845910.7672,1564044.988
2019-07-06,10955.16,348674,55943.18352,639979718,17803050,523872,591338.7917,705436.4464
2019-07-07,11232.04,313273,49707.1023,561967420.1,17804962.5,447034,515817.5438,718231.205
2019-07-08,11477.01,378966,178285.6597,2099126798,17807187.5,622449,824039.4226,2662688.539
2019-07-09,12313.08,365588,142200.023,1779344024,17809112.5,623107,892835.558,2441777.727
2019-07-10,12586.78,315664,247870.6361,3158872125,17810725,616784,1086524.899,2302653.818
2019-07-11,12099.9,325776,164618.6447,1909308953,17812337.5,598394,938029.0705,2959621.678
2019-07-12,11352.87,360899,136072.7809,1573448471,17814387.5,637928,785807.9974,2440280.906
2019-07-13,11803.97,304545,61473.3541,703409877.2,17816150,472491,507503.7802,1572856.633
2019-07-14,11389.1,303287,81605.5882,880311916.4,17817962.5,437636,441247.6881,1561873.325
2019-07-15,10186.96,349111,118808.6355,1237233738,17819787.5,585913,664514.6911,1832527.792
2019-07-16,10873.5,363337,152283.204,1554876517,17821812.5,595749,659843.5849,2459457.744
2019-07-17,9397.72,324892,197448.9146,1898295642,17823475,569185,617041.0706,1898310.897
2019-07-18,9674.28,315745,134969.5001,1363791605,17824987.5,588257,724678.5196,5009356.481
2019-07-19,10638.56,299891,203214.6249,2126938201,17826462.5,566404,744624.8019,1313246.95
2019-07-20,10535.75,323002,78195.59407,835319633.8,17828675,488968,540233.8076,892282.9305
2019-07-21,10764.9,283934,64623.49481,682036367.3,17830537.5,400500,396537.0324,1068960.527
2019-07-22,10587.41,319399,98420.77294,1027285548,17832512.5,533399,573311.4077,6033168.905
2019-07-23,10323.62,320352,94114.7614,946331234.6,17834300,531460,521481.2508,1208702.398
2019-07-24,9844.3,295589,137938.1107,1334346530,17836037.5,490408,484498.8103,1513193.066
2019-07-25,9772.17,336536,103139.4605,1029705255,17837912.5,568629,566785.4598,1981281.126
2019-07-26,9875.17,319612,101682.8745,993970297.7,17839987.5,563023,454566.3183,982757.7886
2019-07-27,9848.65,283892,60569.11631,586372755.5,17841887.5,445312,321163.7972,608913.3126
2019-07-28,9473.99,272974,39980.13709,379230727.6,17844075,391947,251048.8071,482695.9767
2019-07-29,9530,333619,431372.5501,4112257571,17846175,521007,380851.4847,2627308.144
2019-07-30,9501.33,328375,134472.2166,1280347893,17847950,548807,575915.3995,2106033.018
2019-07-31,9589.13,361337,104580.9615,1033351135,17850087.5,573802,528796.6554,1569708.766
2019-08-01,10084.7,335943,105522.5533,1063515473,17851862.5,558918,478453.1329,1006874.121
2019-08-02,10407.17,349556,121684.0205,1276543414,17853975,581154,468543.0957,783422.6079
2019-08-03,10529.55,327588,49489.70569,533502021,17856137.5,470981,296718.3279,555691.1805
2019-08-04,10814.57,298805,54017.38166,584301307,17858225,421536,214910.6126,571638.8072
2019-08-05,10980.23,339136,152337.5038,1783008179,17860012.5,583599,505603.575,2038663.731
2019-08-06,11787.99,368348,154262.8142,1820577410,17862025,617620,539637.9061,1686026.85
2019-08-07,11465.67,370909,130654.668,1528500615,17863937.5,545941,836116.0269,858648.3865
2019-08-08,11960.82,336181,119573.4373,1409255303,17865712.5,568245,832669.0637,1444024.177
2019-08-09,11996.41,341125,120469.4499,1423908955,17867550,562840,776052.0108,1348526.328
2019-08-10,11856.64,304138,68724.58412,796863848.4,17869437.5,453016,461029.366,1746348.683
2019-08-11,11282.22,273280,50796.55119,577446710.7,17871350,414832,348662.3462,582409.8136
2019-08-12,11566.84,297446,113315.7917,1291059873,17873012.5,459560,584463.9434,1110987.907
2019-08-13,11386.26,370747,148749.2368,1666494660,17874975,566410,847429.8416,1282748.352
2019-08-14,10858.12,359997,126125.3428,1317218978,17876875,554189,615428.0271,1430779.564
2019-08-15,10016.96,355644,157860.18,1574111186,17878837.5,538837,548478.1204,1502214.006
2019-08-16,10302.17,323625,105081.5614,1077642459,17880675,533245,545927.9911,989258.2173
2019-08-17,10359.44,288256,147722.169,1526187033,17882275,441149,364588.7704,1604447.78
2019-08-18,10214.52,276365,90060.97033,923238653.2,17883850,407213,300219.23,966183.2255
2019-08-19,10317.6,330473,96302.95965,1023246905,17885887.5,517545,452847.4643,873194.8625
2019-08-20,10917.26,333304,113518.1578,1220470930,17887800,558999,511446.4209,9748625.297
2019-08-21,10760.56,308808,106552.2051,1083045372,17889500,599152,536157.9399,24528670.35
2019-08-22,10129.4,322453,94762.68008,951158027.8,17891262.5,609067,542320.4578,11720216.3
2019-08-23,10111.98,340220,209079.165,2130991480,17893175,564675,429816.5065,680553.0642
2019-08-24,10405.81,304481,58386.24791,592417288.5,17895175,452008,306393.9907,453802.6511
2019-08-25,10143.8,288934,57066.31541,576624098.1,17897112.5,393555,218966.721,589590.4407
2019-08-26,10135.06,318219,126638.9658,1311051901,17898825,539168,343236.6536,1038265.509
2019-08-27,10360.28,325984,127327.3549,1295831267,17900512.5,535379,349517.8193,898858.7088
2019-08-28,10171.95,341200,105266.8095,1050824062,17902400,526015,340900.6192,889797.0001
2019-08-29,9717.82,346734,176280.1587,1674298205,17904462.5,545362,327068.7524,891511.6756
2019-08-30,9484.55,349200,138932.1736,1323718820,17906462.5,543570,330918.6146,839355.406
2019-08-31,9577.99,342195,55968.09336,536730722.7,17908537.5,464447,231118.1025,781640.7013
2019-09-01,9600.9,285468,54896.04025,527581681.5,17910325,423910,192857.4915,863687.0459
2019-09-02,9769.79,327248,120127.9473,1189099300,17912187.5,529944,296605.7261,929037.8735
2019-09-03,10386.64,370631,140950.0036,1484070470,17914237.5,595785,411641.2154,1040522.73
2019-09-04,10621.29,324741,128396.2523,1356552610,17915937.5,544449,394343.8378,1208245.685
2019-09-05,10584.16,352410,161404.613,1706403126,17918000,550315,388137.8786,1242635.391
2019-09-06,10577.8,365531,260694.7179,2785938242,17919975,601748,400050.9343,1178701.694
2019-09-07,10317.47,314429,88560.98318,920958388.1,17921850,472297,280519.6262,629500.8201
2019-09-08,10487.21,288507,69901.47326,734442315.9,17924062.5,436798,227764.1296,702260.1546
2019-09-09,10406.31,316852,119745.2262,1233969517,17925887.5,536567,337008.4958,877297.9088
2019-09-10,10313.66,339858,191560.2463,1964047353,17928162.5,564563,382099.3205,1221919.552
2019-09-11,10101.03,338276,141835.5404,1425043055,17930462.5,556853,350939.2492,1123456.38
2019-09-12,10159.32,335868,178043.4329,1811962087,17932437.5,564060,301258.287,828541.8497
2019-09-13,10420.16,308856,89784.05693,926451075.4,17934312.5,546950,284160.6045,701970.1208
2019-09-14,10363.9,299894,53218.43513,550438176.5,17936250,491282,218080.9492,614511.7735
2019-09-15,10361.33,274146,45041.39452,465077107.5,17938087.5,422886,189078.2974,498570.4199
2019-09-16,10310.43,347341,148816.4491,1523428332,17940125,562077,300774.5915,993133.8332
2019-09-17,10265.63,343778,138304.5531,1412330121,17941975,567927,354067.1151,1147350.894
2019-09-18,10190.36,363185,186166.1946,1899700648,17944150,578686,348109.777,865403.0823
2019-09-19,10157.59,346110,126927.7722,1263814528,17946000,552276,372578.7113,758179.6678
2019-09-20,10275.88,340929,172299.5063,1752366741,17947887.5,557003,326104.8359,874080.2938
2019-09-21,10173.11,336013,128983.6455,1297619718,17949962.5,493311,235104.3668,726562.6411
2019-09-22,9979.49,318713,55400.40253,552377407.5,17952037.5,456990,205263.0686,1711385.003
2019-09-23,10033.05,288149,86663.67963,855073770.2,17953462.5,544681,322033.7982,1486499.719
2019-09-24,9683.38,353263,339444.1014,3139283339,17955425,596954,368707.3298,1306425.757
2019-09-25,8553.61,347747,247243.433,2087385265,17957375,571599,365233.8611,1647160.692
2019-09-26,8432.23,355775,159500.358,1313285337,17959512.5,554702,273228.6152,1130065.403
2019-09-27,8055.64,303903,144218.2535,1158429641,17961162.5,532292,280602.4825,922424.4866
2019-09-28,8193.9,314433,71069.86178,580178846.8,17963150,474974,188936.0708,673386.5384
2019-09-29,8225,285542,57209.93689,461412848.7,17964850,435119,172177.2234,606613.6357
2019-09-30,8056.74,311396,127661.0305,1032865548,17966475,540376,333119.6139,1107464.747
2019-10-01,8307.74,337244,128788.3456,1076885942,17968262.5,573854,403337.239,1158740.011
2019-10-02,8322.92,326557,91372.94713,753518693.1,17970112.5,535484,313652.946,845513.5095
2019-10-03,8382.03,326514,114648.6794,941153423.8,17971950,525476,311350.7572,807516.3897
2019-10-04,8236.17,337222,90078.77443,734036335,17973787.5,545609,226393.6645,720385.0776
2019-10-05,8155.48,326683,46309.16647,375403716,17975762.5,480438,155773.6718,499826.8234
2019-10-06,8147.69,277613,54971.26281,437929223.3,17977625,435006,135228.83,535585.6832
2019-10-07,7869.74,328803,106610.3349,858436648.3,17979562.5,538987,198859.4532,698133.0605
2019-10-08,8212.02,336354,115940.0681,951086445.4,17981587.5,534935,230203.1996,853284.3264
2019-10-09,8190,311049,127323.0015,1063632109,17983312.5,524494,254141.6715,890109.3792
2019-10-10,8587.92,345048,124093.633,1061857762,17985337.5,549668,287692.4288,809342.5513
2019-10-11,8586.9,345425,112113.5112,940680504.5,17987287.5,547368,235768.3542,748859.3452
2019-10-12,8269.73,301693,52097.22852,434035291.2,17988950,452069,173014.9222,477082.6267
2019-10-13,8308.01,279487,42862.95205,358793113.4,17990725,417760,137194.6124,421940.2071
2019-10-14,8283.76,304466,206989.9798,1712938625,17992412.5,513254,200105.4399,821209.4144
2019-10-15,8353.54,339698,113361.474,933447813.6,17994325,533673,214398.4584,746628.7172
2019-10-16,8162.16,338473,117657.5209,944835135.1,17996112.5,545056,234620.7162,1044662.75
2019-10-17,8002.51,334105,156710.8309,1260759811,17997987.5,528543,207217.5541,1021589.251
2019-10-18,8076.78,339390,131496.9959,1046146449,17999987.5,518606,198614.2153,1021618.234
2019-10-19,7954.15,304736,49356.82407,393045996.9,18001762.5,486396,146309.7815,847151.6697
2019-10-20,7960.04,289796,41820.66828,335445114.1,18003587.5,437713,127115.4231,749654.1971
2019-10-21,8231.06,351791,115474.9273,949795298.9,18005575,545843,171805.4358,898823.6009
2019-10-22,8222.52,341464,121364.442,996706690.9,18007687.5,541300,182479.6044,1141325.222
2019-10-23,8026.76,349320,168686.5627,1296382266,18009787.5,544470,239788.5992,1334525.537
2019-10-24,7469.56,303843,132153.2947,984320293.1,18011450,515253,215697.4342,1000767.065
2019-10-25,7431.88,328598,166567.0134,1334170238,18013175,570469,286760.5187,1348960.438
2019-10-26,8666.79,305722,133866.2983,1256366631,18014925,541095,445087.8946,1004810.116
2019-10-27,9259.8,256253,76527.7696,721778043.4,18016362.5,438755,320039.897,684000.5496
2019-10-28,9551.54,309611,198859.3023,1882149479,18018037.5,540579,359930.9132,1944113.79
2019-10-29,9218.76,307953,123490.8932,1157811408,18019700,527526,332482.8937,1501770.911
2019-10-30,9433.35,314163,101612.7304,933497841.3,18021375,536888,313077.2345,2023871.41
2019-10-31,9164.62,293779,171270.8629,1573437647,18023025,504880,325657.5529,1415879.118
2019-11-01,9147.98,316187,226201.6905,2074156434,18024650,563151,371297.6159,1253351.675
2019-11-02,9252.99,284443,79336.74524,736867493.4,18026325,472031,257824.3646,845904.1315
2019-11-03,9301.18,294367,85660.1189,791930340.1,18028050,465534,241157.7438,827166.3727
2019-11-04,9206.16,310979,144089.1585,1333487929,18029700,549112,448652.6724,949576.1064
2019-11-05,9418.05,332839,296858.8868,2769186824,18031500,576664,409189.5961,1161345.329
2019-11-06,9310.19,314698,154859.7718,1446365892,18033150,559293,361228.7634,1409366.379
2019-11-07,9343.34,324487,152471.2838,1410260957,18034837.5,553447,367032.9238,1374073.76
2019-11-08,9204.24,311441,162088.6533,1458241138,18036437.5,541512,366614.2874,1333670.63
2019-11-09,8766.04,306163,118708.8511,1046596790,18038237.5,519291,259400.1159,1048033.153
2019-11-10,8809.41,299712,40975.99173,364320564.2,18040312.5,435494,213741.5289,685311.1611
2019-11-11,9037.12,326707,81787.85597,718863061.2,18042200,511673,259985.2129,797236.5855
2019-11-12,8717.81,301382,99092.20186,865205529.8,18043887.5,501680,250157.4022,1019903.117
2019-11-13,8801.52,318945,169820.8885,1486062566,18045575,555616,300288.6804,1331117.809
2019-11-14,8762.42,350023,109449.8263,946450282.5,18047687.5,535548,258105.9876,1216940.167
2019-11-15,8632.32,325145,140223.7903,1199132985,18049662.5,575887,254521.8507,1280489.903
2019-11-16,8457.69,283468,54541.05914,461834641.9,18051512.5,495077,194291.7041,695082.4401
2019-11-17,8482.7,264370,40224.20218,342818350.3,18053437.5,430853,179533.549,632131.465
2019-11-18,8503.93,304671,124758.5205,1043917564,18055187.5,510494,233181.5186,1330677.312
2019-11-19,8175.99,327630,113824.5731,923399726.1,18057025,561226,281157.5145,956827.2033
2019-11-20,8120.8,321086,107526.5219,870969121.5,18058800,525739,225593.0674,800559.9081
2019-11-21,8081.81,323954,149429.4567,1165992114,18060512.5,584765,288483.9955,1616533.408
2019-11-22,7617.07,310539,233051.3207,1691710108,18062162.5,607299,293852.9777,1573304.875
2019-11-23,7286.35,306424,159423.0287,1151153476,18064325,514757,158369.2847,1010840.189
2019-11-24,7324.03,267368,76337.47818,544401075.4,18065962.5,436089,121515.7028,824423.4345
2019-11-25,6907.4,279470,189626.3048,1313006695,18067525,495578,229849.9796,1316525.804
2019-11-26,7130.25,321310,165424.5214,1179814702,18069050,576620,284539.0011,1172810.16
2019-11-27,7163.63,317597,210101.2129,1513433741,18070787.5,566552,245831.5572,1014562.118
2019-11-28,7523.83,309623,102341.4237,769525352.6,18072825,533010,198679.9488,764888.0068
2019-11-29,7431,311290,140961.6363,1078007992,18074525,543960,259011.7386,991528.1137
2019-11-30,7757.47,277458,90740.93612,696535295.2,18076100,493866,208511.8202,750855.2099
2019-12-01,7557.72,274621,55712.18236,410180206.4,18077837.5,468193,161101.3723,680284.7092
2019-12-02,7402.69,314730,123662.9628,904057314.8,18079650,552276,190622.9064,865728.8798
2019-12-03,7309.59,336512,150333.4165,1101171350,18081625,565368,186384.6146,854602.9118
2019-12-04,7296.77,337284,201360.8292,1466498116,18083712.5,569753,217050.1545,2329577.922
2019-12-05,7192.85,311468,113328.8704,829793365.2,18085525,535061,170391.6358,898001.0575
2019-12-06,7395.97,315386,166833.5906,1235038810,18087337.5,534431,185216.8214,2288980.714
2019-12-07,7547.19,285284,111993.075,842686832.9,18089275,465570,136488.4929,957054.8557
2019-12-08,7504.83,278853,41030.26722,307899861.8,18091125,434939,108697.9009,731180.6033
2019-12-09,7522.39,313629,132096.0148,984541456.8,18092975,538820,162681.9665,1190356.8
2019-12-10,7337.42,320064,165470.1468,1203358980,18094825,548706,169332.8554,1148974.687
2019-12-11,7220.76,291248,133289.6025,960237277.3,18096475,521113,177337.5829,1207960.673
2019-12-12,7202.31,311795,175621.177,1259580435,18098137.5,531404,161743.9525,835730.0814
2019-12-13,7189.16,322888,126104.7055,910737706,18100037.5,547987,163140.716,720319.2543
2019-12-14,7251.87,293496,63571.88399,455496984,18101925,475246,111357.4576,730482.961
2019-12-15,7067.74,263441,46749.15034,331461605.8,18103475,434034,144956.0497,650460.9699
2019-12-16,7111.14,327085,125281.7151,880428472.3,18105437.5,549300,156312.4605,767656.1008
2019-12-17,6879.54,319254,251807.0829,1699726139,18107200,557300,155377.7041,1777401.201
2019-12-18,6612.12,314249,240041.7163,1653840923,18108875,560284,187707.7772,1164742.925
2019-12-19,7284.29,319555,165854.0533,1185600662,18110837.5,539310,209201.7926,1004379.599
2019-12-20,7150.86,332657,166611.6251,1192218774,18112787.5,,182153.2075,1006115.215
2019-12-21,7190.17,311118,67721.75703,484021776.7,18114987.5,479841,118710.3183,677306.8591
2019-12-22,7143.2,281070,56486.5911,409093776.8,18117100,432257,92345.47347,759089.242
2019-12-23,7514.41,304845,152654.8646,1144871678,18118887.5,518639,141805.7646,949499.2098
2019-12-24,7322.08,290436,105404.3474,770512475.8,18120450,493086,128678.0716,730761.0173
2019-12-25,7250.69,244666,119669.6362,863528900.8,18122050,401735,94697.78637,596758.2842
2019-12-26,7192.72,296063,108613.4112,783721256.3,18124137.5,476783,144847.7742,701726.3536
2019-12-27,7194.4,322204,117903.8262,847107991.8,18125950,539658,125276.9371,868237.5974
2019-12-28,7243.93,298287,65887.95577,480834303.8,18127812.5,490465,100746.2862,685635.2834
2019-12-29,7301.07,279925,51871.8881,381265550.9,18129750,449701,92621.51763,562316.9449
2019-12-30,7385.36,324497,131283.5473,956242180.5,18131825,544505,116649.6545,988699.4076
2019-12-31,7219.6,293447,118692.2769,854423855.6,18133637.5,489182,106897.2861,724804.3999
2020-01-01,7168.31,251735,38648.24679,278141982,18135812.5,389706,71819.53588,445595.376
2020-01-02,7175.68,295567,98003.4658,692062815.9,18137575,475461,97556.22326,695423.3368
2020-01-03,6944.33,316517,236599.3869,1721171458,18139687.5,523231,118804.9258,1018828.761
2020-01-04,7326.35,287215,85109.87777,623052159.1,18141787.5,465366,91050.14426,659620.0341
2020-01-05,7347.89,287779,47803.86397,355303880.3,18143825,459065,88532.51133,565296.5419
2020-01-06,7351.57,299146,127638.2203,962060777.7,18145512.5,522665,156240.5811,1097641.316
2020-01-07,7759.24,344079,141873.7342,1122651352,18147712.5,576831,202056.6372,786850.605
2020-01-08,8165.47,318019,144356.9942,1185786690,18149487.5,558689,253639.2245,901196.8446
2020-01-09,8042.65,322057,197513.2478,1557053629,18151450,553318,234889.7133,1209651.561
2020-01-10,7817.92,330734,162847.2491,1280612805,18153312.5,590633,269893.7694,906991.3184
2020-01-11,8184.66,309070,63061.48057,512234137.7,18155350,509544,149746.6407,595929.4267
2020-01-12,8021.49,283136,55680.8958,451843048.8,18157237.5,450668,118506.9428,501745.4601
2020-01-13,8173.97,291597,108793.804,881745942.1,18159025,501600,142861.3314,689551.992
2020-01-14,8105.24,346953,335665.9433,2900956207,18160837.5,616194,224956.3734,1249904.186
2020-01-15,8842.42,332658,280822.1318,2458672965,18162725,580574,274928.8249,1601482.103
2020-01-16,8813.89,325947,152626.9765,1325748764,18164712.5,555072,207176.8546,888152.901
2020-01-17,8722.03,323992,173664.3985,1542090152,18166700,562153,215116.7,1116671.927
2020-01-18,8900.34,287237,77864.562,691951125.4,18168350,491063,158075.076,505653.6278
2020-01-19,8910.85,283960,68120.97656,604108398.9,18170225,477110,148402.3748,632112.6873
2020-01-20,8703.36,313661,146372.3608,1265736840,18172125,532773,146878.0429,979328.5016
2020-01-21,8626.47,315210,103774.6725,897029395,18174037.5,544525,177281.7414,668118.8088
2020-01-22,8722.26,328586,144608.5859,1252987750,18175987.5,544484,190275.0912,897468.4188
2020-01-23,8658.94,329918,165824.9909,1402766346,18177975,535923,178026.0679,867468.1903
2020-01-24,8388.11,313887,116895.2302,983478887.1,18179875,534403,136250.2989,692891.8384
2020-01-25,8428.17,285584,44807.67109,372513968.7,18181925,461312,94726.76569,488493.7487
2020-01-26,8327.36,261247,44461.50906,375372747,18183712.5,429535,90371.85279,577633.4482
2020-01-27,8588.42,279240,92546.4495,810082885.6,18185325,504693,173263.8665,1509052.897
2020-01-28,8895.78,340052,116541.566,1052472169,18187100,589168,207611.5084,1050430.155
2020-01-29,9385.69,340562,129782.1714,1212895194,18189100,573372,190781.2843,893706.0506
2020-01-30,9279.81,332558,181443.8773,1703649922,18191050,570253,187287.0004,1455372.463
2020-01-31,9502.37,334434,237347.7398,2215319754,18192850,572887,210266.8641,1204276.685
2020-02-01,9333.77,303724,105828.3528,994556671,18194737.5,523782,163807.0683,818309.3321
2020-02-02,9378.09,290879,65038.56847,610013826.8,18196525,501222,159250.3439,691971.3716
2020-02-03,9314.56,331012,376635.8003,3506998581,18198375,573277,200811.0046,1599642.014
2020-02-04,9284.51,309190,106601.4384,980532522.9,18200025,555771,218242.4724,897290.3282
2020-02-05,9162.14,368604,125158.0956,1182655805,18202012.5,618126,241354.0683,848648.9436
2020-02-06,9614.9,315370,343051.5334,3323586288,18203700,552411,271923.5956,1569522.487
2020-02-07,9755.66,334938,184460.949,1803840353,18205437.5,599280,308132.3649,1661226.215
2020-02-08,9807.54,318363,147390.8628,1443920309,18207175,529398,213029.1989,784928.2057
2020-02-09,9907.12,317070,73754.50444,744577606.6,18209087.5,508254,200784.7564,572106.143
2020-02-10,10162.41,298104,167002.2395,1655558310,18210612.5,526825,279935.0348,1046338.478
2020-02-11,9854.79,365583,231748.7209,2306736287,18212462.5,641161,352891.2101,1020598.511
2020-02-12,10275.38,344615,180717.5699,1870288291,18214237.5,612313,387378.486,1100253.789
2020-02-13,10354.3,340081,184803.9783,1903943551,18216000,608036,364422.7543,1069433.559
2020-02-14,10242.43,326078,150686.4062,1546031521,18217687.5,564227,330638.8265,1047777.685
2020-02-15,10368.53,322721,108897.5513,1109593959,18219462.5,563001,289854.4415,869551.1257
2020-02-16,9904.17,292236,164576.7266,1638768688,18221237.5,474183,213823.5835,963366.4191
2020-02-17,9937.67,341491,230188.8184,2253057178,18223200,584197,248493.4488,1301221.597
2020-02-18,9703.93,331050,153624.2906,1513418379,18225075,569291,299239.028,1050298.614
2020-02-19,10180.65,334805,185797.3023,1880304368,18226837.5,580124,321939.0913,1373439.685
2020-02-20,9604.72,316626,170588.4243,1635169613,18228412.5,563175,266434.874,1043971.927
2020-02-21,9606.86,338484,116885.1602,1133722529,18230337.5,574950,228330.1943,826541.7315
2020-02-22,9696.58,304597,52610.87379,508369260.7,18232187.5,525819,177059.2159,578355.5669
2020-02-23,9669.63,285579,74613.19616,737289757.9,18233962.5,465169,164055.8236,668882.6186
2020-02-24,9989.39,328890,108908.5764,1060129347,18235725,558687,222941.4714,814213.5273
2020-02-25,9663.75,334593,114823.4012,1088999982,18237525,566484,241495.2877,874557.4479
2020-02-26,9309.15,329967,144920.9381,1306061365,18239225,588558,264807.431,880402.43
2020-02-27,8785.52,338781,230954.5687,2025910515,18241062.5,578398,237352.8341,987245.128
2020-02-28,8804.72,368590,205516.104,1789999977,18243037.5,611266,228249.8067,1015364.883
2020-02-29,8712.35,307527,70693.36063,614926644.9,18244775,519628,160837.6001,639925.7058
2020-03-01,8531.42,309849,64151.94497,549446378.7,18246987.5,505885,123696.959,566480.945
2020-03-02,8534.17,342821,139816.9472,1226689507,18248850,608032,201941.7548,823835.4084
2020-03-03,8912.82,342324,153057.166,1346019715,18250762.5,593725,217280.9803,791229.9489
2020-03-04,8754.34,358745,153557.8443,1344613313,18252850,625096,215896.2195,1019256.031
2020-03-05,8758.9,349529,149523.3293,1347117309,18254887.5,603996,220221.4765,856202.2222
2020-03-06,9067.39,338383,174643.0468,1586746059,18256825,601698,243122.0057,949234.9722
2020-03-07,9155.89,313312,78571.69039,714006122.1,18258787.5,526880,169394.5805,612862.1199
2020-03-08,8898.63,302694,87962.35983,750461852.2,18260762.5,501571,139865.5071,617403.5188
2020-03-09,8039.38,348211,255326.3634,2012070399,18262637.5,606002,201358.4507,1226807.32
2020-03-10,7931.94,329698,206714.5155,1642231325,18264287.5,601526,222006.2487,1075469.918
2020-03-11,7885.46,287492,201092.5487,1574744357,18265775,528053,231568.2679,1694561.839
2020-03-12,7936.65,349978,562532.0384,3596290367,18267662.5,653156,391127.8769,2351186.616
2020-03-13,4830.21,276798,548284.1528,2755019579,18269225,,441659.1512,2348968.805
2020-03-14,5609.03,279828,214808.1815,1169201201,18270825,517382,286980.1745,1140936.014
2020-03-15,5166.26,223230,130733.3493,691118819.7,18272312.5,413935,234918.506,862960.8294
2020-03-16,5348.44,270399,369120.306,1829202303,18273800,532450,313356.2423,1604680.525
2020-03-17,5026.35,278326,293279.4222,1553039642,18275337.5,540902,330277.5436,1497870.789
2020-03-18,5357.61,231254,206422.877,1087150158,18276587.5,476482,310354.7193,1147969.296
2020-03-19,5410.23,265689,208717.9246,1203126599,18277925,525607,394298.8328,1320132.521
2020-03-20,6195.2,284594,326327.6587,2081996655,18279287.5,564748,517762.9079,1347986.391
2020-03-21,6226.44,245896,104842.6323,647373597.9,18280837.5,469859,290303.6284,704149.8682
2020-03-22,6189.85,209154,116149.6392,707671399.2,18282425,409829,204586.1436,806322.3648
2020-03-23,5822.62,259816,171254.7612,1055238675,18283825,509038,317062.6694,1044812.063
2020-03-24,6502.16,278131,285682.7692,1896290041,18285475,528586,297674.3582,1396119.813
2020-03-25,6768.49,218176,141313.2795,939872246.7,18286625,456328,303494.1887,894424.6371
2020-03-26,6698.46,292828,147571.322,982877530,18288625,539881,366817.285,876721.7764
2020-03-27,6763.75,276546,181775.2157,1213708785,18290562.5,529197,278310.0054,1048145.487
2020-03-28,6369.09,240627,97521.3632,606386218.7,18292250,469113,181312.6834,705244.9277
2020-03-29,6260.95,232820,94781.20513,579110788.1,18294137.5,428425,129282.0411,646945.9169
2020-03-30,5885.41,276828,169545.6357,1063117757,18295975,535787,164907.1299,1013898.919
2020-03-31,6405.29,290227,183387.6159,1183183833,18297962.5,546702,187635.3531,1050378.517
2020-04-01,6428.28,281855,137069.0919,861593745.7,18299875,544088,169072.9367,1017608.602
2020-04-02,6652.87,299176,165119.8161,1112746186,18301787.5,569905,168345.0027,1011879.942
2020-04-03,6809.11,278763,146105.1371,996027773.8,18303437.5,548300,176394.6733,976482.7358
2020-04-04,6741.67,253274,68341.02361,461924504.6,18305400,479599,113034.2515,857653.8152
2020-04-05,6871.69,240259,65792.8487,446883068.9,18307587.5,452282,92753.62668,553256.7543
2020-04-06,6777.44,280470,269773.3077,1903887716,18309187.5,557192,149386.9332,1089614.494
2020-04-07,7343.2,312770,209308.5678,1534435754,18311287.5,598670,186825.7649,1176112.646
2020-04-08,7205.55,286563,131533.4224,959560031.9,18313087.5,554336,165317.6715,760551.7819
2020-04-09,7365.03,286706,316026.5547,2311484768,18315012.5,544185,170337.1907,1103388.498
2020-04-10,7293.69,288585,158397.1555,1101942938,18317050,550585,144680.5932,1089003.5
2020-04-11,6873.24,247852,68136.03345,467888135.7,18319037.5,474445,95448.18963,608915.3658
2020-04-12,6891.6,228529,58780.75101,408486669.6,18320950,437242,89377.21311,494233.0503
2020-04-13,6915.37,288113,166833.7841,1124828314,18323087.5,549230,114113.2327,985586.6121
2020-04-14,6857.66,299391,119879.0185,824353875.2,18325187.5,583665,154671.6353,773028.9577
2020-04-15,6871.95,310253,148529.9339,1009167505,18327300,612959,180221.7375,877779.7345
2020-04-16,6623.8,322903,183664.854,1278047927,18329225,635870,198528.9792,1109195.648
2020-04-17,7112.27,284222,151884.406,1073444828,18330812.5,579437,183924.9408,945920.0191
2020-04-18,7034.89,289134,72700.16884,519833202.1,18332787.5,562996,137861.2786,613279.3029
2020-04-19,7259.36,251984,63892.9346,458165164.1,18334687.5,485888,111572.464,547594.5087
2020-04-20,7130.04,310810,142026.3616,999366645.3,18336700,619559,154876.9792,839780.6083
2020-04-21,6840.24,310851,158582.7709,1086827837,18338562.5,610555,161936.7456,810070.4335
2020-04-22,6852.52,278755,135613.2556,950788113,18340200,574265,178220.4138,866718.3525
2020-04-23,7130.99,329045,176407.8285,1287058107,18341975,666919,300990.1671,924532.4376
2020-04-24,7477.6,320055,252999.9007,1901237346,18343775,641059,281706.5522,1265403.315
2020-04-25,7507.08,280805,77948.12505,588383800.4,18345475,554934,209882.1748,612813.2148
2020-04-26,7549.52,252833,62822.22318,477350119.7,18347187.5,499998,158510.6476,523828.6579
2020-04-27,7699.27,311217,161589.2502,1244890679,18348950,629817,218381.6511,1035215.224
2020-04-28,7790.66,323475,136800.4637,1057322602,18350875,644967,214812.785,881270.469
2020-04-29,7765.33,331401,381035.2599,3184852306,18352687.5,679872,445085.8917,1797174.198
2020-04-30,8777.63,321972,302044.7443,2685333577,18354375,687395,971607.2835,2022344.594
2020-05-01,8628.77,340574,224914.9109,1977433108,18356137.5,680654,997350.0139,1076318.375
2020-05-02,8824.66,286773,73277.84088,650315089,18357987.5,578296,605690.7908,551345.6436
2020-05-03,8973.82,281752,88757.48438,798356910.6,18360087.5,553075,514184.0989,729928.3665
2020-05-04,8903.95,326098,148485.72,1301213021,18362062.5,651350,588614.7797,914148.1795
2020-05-05,8885.93,329075,129613.1179,1158788355,18364037.5,652289,641549.5141,1091229.699
2020-05-06,9030.96,333395,178147.7561,1639157503,18365962.5,671519,668834.4059,1019264.003
2020-05-07,9170.79,341986,203696.2575,1938783579,18367800,696092,840525.0823,1319480.597
2020-05-08,10002.48,323625,259355.4103,2581331592,18369512.5,670883,1034676.871,1326677.96
2020-05-09,9821.8,312399,193480.5755,1891310409,18371212.5,631542,847586.6467,1171689.06
2020-05-10,9527.39,286789,133098.5535,1160570548,18373337.5,571802,555622.7593,805120.2704
2020-05-11,8754.46,305839,191871.682,1697952429,18375150,645065,785376.964,1165274.926
2020-05-12,8617.25,345215,217639.5211,1902634190,18376062.5,686850,962885.9587,1205576.905
2020-05-13,8814.53,296796,204217.3032,1840743653,18376806.25,619855,997849.3673,1111537.862
2020-05-14,9305.93,268750,130848.3538,1256024235,18377518.75,593862,1399772.351,1138602.393
2020-05-15,9790.31,310642,165118.8475,1570409120,18378300,644507,1539241.852,1004693.835
2020-05-16,9303.59,296555,96130.75316,904101584.2,18379087.5,589910,1018775.691,588481.0357
2020-05-17,9385.7,236808,57448.06018,554234698.8,18379725,495954,972748.4921,587798.4151
2020-05-18,9669.4,273723,156862.6122,1522447448,18380525,602631,1657263.606,1062998.796
2020-05-19,9719.37,274897,136866.6331,1324908762,18381243.75,581379,1803715.02,1176856.581
2020-05-20,9785.74,280037,176517.3757,1698883645,18381962.5,604523,1857616.12,1085395.619
2020-05-21,9510.67,298483,198429.8087,1827598465,18382781.25,624412,1861114.576,981107.8911
2020-05-22,9057.57,278784,143644.3757,1309276220,18383475,,1447001.424,987088.0196
2020-05-23,9167.26,269230,71722.28905,659872561.7,18384218.75,558174,994049.2552,556030.7683
2020-05-24,9178.32,214530,107256.043,981745455.3,18384943.75,458476,669463.8388,595935.2138
2020-05-25,8730.73,265875,270424.2006,2386079966,18385725,551378,812882.4585,1099658.349
2020-05-26,8899.66,295782,116290.3673,1028006698,18386500,605213,721876.3628,952761.5816
2020-05-27,8842.85,292927,181996.8458,1653961345,18387362.5,603823,745727.6319,1106668.093
2020-05-28,9197.54,299910,138922.7204,1299498648,18388181.25,617362,826468.0132,839340.5209
2020-05-29,9569.21,280960,174955.0913,1652605318,18388975,591013,898408.8145,1047675.481
2020-05-30,9425.98,286046,76390.33484,726174719.7,18389950,556912,650716.372,587440.1453
2020-05-31,9698.1,258427,163468.6787,1560857802,18390887.5,495162,582754.2678,752990.409
2020-06-01,9450.84,308312,251034.4906,2405059314,18391725,623944,766439.6478,1253496.176
2020-06-02,10204.23,304114,269856.4756,2689299632,18392531.25,638403,965817.9322,1566267.803
2020-06-03,9525.57,314000,143202.6283,1367910769,18393400,646746,784999.1186,1129212.652
2020-06-04,9658.04,318285,180171.6848,1754810884,18394343.75,628388,605764.2004,1152648.342
2020-06-05,9794.56,327082,184254.9573,1798108013,18395462.5,643217,546338.94,1061346.607
2020-06-06,9623.75,284873,60040.87647,578237010.3,18396687.5,548424,310840.275,499113.0598
2020-06-07,9670.43,252368,52177.2057,500851759.6,18397681.25,487527,252841.5145,452165.2916
2020-06-08,9753.85,317275,151974.1729,1476953361,18398693.75,625333,411865.6243,983934.7342
2020-06-09,9782.59,327074,122474.141,1189532513,18399693.75,644690,343909.9189,879184.1759
2020-06-10,9775.15,325163,121166.7633,1185046065,18400718.75,645485,375636.3867,1195978.121
2020-06-11,9892.13,332490,238689.1028,2319865800,18401875,673800,370845.0266,1001631.286
2020-06-12,9286.42,318274,126474.9735,1189940933,18402893.75,635165,281531.4563,830253.8637
2020-06-13,9459.97,280181,61174.68635,576532445.7,18403881.25,541115,199849.6592,582211.6817
2020-06-14,9473.5,275723,48809.12416,459031700.9,18404943.75,502951,154256.5378,479773.8677
2020-06-15,9330.07,294468,184093.5698,1689895109,18405806.25,606713,317051.2246,1010530.124
2020-06-16,9426.7,340517,174623.1581,1657379523,18406743.75,683561,487981.9601,1354151.169
2020-06-17,9526,333547,180462.3052,1698265607,18407606.25,669086,454573.1082,935895.4626
2020-06-18,9454.81,283897,126594.8076,1191197355,18408381.25,582343,421236.5797,787459.5763
2020-06-19,9380.03,344142,250423.0632,2333210102,18409268.75,674050,462543.2277,1446849.251
2020-06-20,9300.15,284123,62454.26432,580481419.6,18410125,553650,278926.5023,544762.3369
2020-06-21,9357.43,259440,57418.26894,536969560.5,18411037.5,475037,239065.2059,475839.8877
2020-06-22,9284.78,301396,144350.8196,1369587320,18411931.25,603576,343583.9512,962617.1663
2020-06-23,9691.9,355256,223797.3244,2158044284,18412918.75,704215,441882.5202,1353314.141
2020-06-24,9621.49,312321,177466.2331,1668568263,18413787.5,625283,398689.9594,1311910.192
2020-06-25,9276.58,312183,195917.9943,1809758026,18414668.75,631260,369944.6732,1187885.17
2020-06-26,9240.85,330381,216139.1824,1982165061,18415693.75,646111,318505.6828,1223831.116
2020-06-27,9154.45,275489,65743.23207,598209748,18416556.25,546558,213082.684,578597.5587
2020-06-28,9004.23,264909,66482.75949,602227413.2,18417493.75,500152,178468.4876,683500.7059
2020-06-29,9127.47,315424,120204.0654,1094780887,18418400,625207,304297.3027,1013567.965
2020-06-30,9185.35,299733,105381.4104,964046737.9,18419318.75,621031,392985.462,1097730.272
2020-07-01,9133.97,382570,159811.6402,1468279709,18420331.25,758469,592471.5613,1085316.163
2020-07-02,9236.38,339469,145280.4039,1329290846,18421356.25,674745,512223.9542,1031021.534
2020-07-03,9087.98,331009,127873.1189,1162725811,18422375,661454,498172.5818,971719.255
2020-07-04,9072.42,288647,65853.25112,598371117.1,18423356.25,561108,289621.6059,676450.5637
2020-07-05,9131.31,274104,56485.8773,511532010.2,18424375,509206,227271.5563,600272.9611
2020-07-06,9089.09,338767,153047.683,1413260028,18425337.5,678157,349099.4013,1159525.34
2020-07-07,9348.91,345975,136498.1352,1265052644,18426343.75,706177,379330.846,992282.9468
2020-07-08,9256.23,347455,168963.3977,1582500913,18427287.5,702636,446715.3821,1088708.777
2020-07-09,9440.07,362718,148305.1021,1383313673,18428312.5,708162,518086.1036,976219.4182
2020-07-10,9238.04,345996,134832.5678,1239897770,18429318.75,681724,449036.9145,969619.3597
2020-07-11,9287.4,306771,62439.45483,576572385.6,18430293.75,601249,301953.4976,613984.7245
2020-07-12,9235.96,282364,52038.28606,481367498.7,18431243.75,525851,227342.0713,678513.9835
2020-07-13,9295.9,310227,145833.8507,1354265482,18432162.5,638906,379987.8628,1223910.642
2020-07-14,9238.13,359847,135077.8787,1245429103,18433062.5,734433,589562.9302,910587.5148
2020-07-15,9254.52,316064,134399.3605,1239461868,18433925,671171,593077.0842,833760.3202
2020-07-16,9193.51,345849,138881.6624,1266988570,18434775,709099,713386.3449,984626.1166
2020-07-17,9131,293907,120592.3335,1100985769,18435512.5,629600,705962.4062,848790.1362
2020-07-18,9154.19,311022,76360.18484,699138625.6,18436325,632584,702713.6692,660373.4674
2020-07-19,9174.71,277093,69405.55349,635003579.1,18437143.75,550119,425753.8168,651373.5906
2020-07-20,9214.66,309747,115174.8067,1056788377,18438025,644972,720946.1881,909433.1942
2020-07-21,9163.87,312871,142457.171,1326906299,18438806.25,660884,952835.6095,890489.5496
2020-07-22,9392.66,364792,171740.0454,1606938398,18439706.25,748958,1340980.618,954797.5728
2020-07-23,9537.4,336245,181464.9705,1733033896,18440556.25,696765,1289400.954,1016262.183
2020-07-24,9613.11,369432,165485.2101,1581504621,18441562.5,740460,1189465.043,1035386.493
2020-07-25,9551.28,293883,93120.88008,895321520.4,18442450,619497,859187.5619,791995.3384
2020-07-26,9707.5,298580,102256.3867,1009262428,18443437.5,608050,760125.9788,730216.7569
2020-07-27,9938.83,326769,241064.031,2520983909,18444368.75,690892,1286923.317,1239333.755
2020-07-28,11042.4,354742,247901.54,2732598812,18445275,745966,2064772.361,1269990.759
2020-07-29,10934.94,346521,186376.242,2066537370,18446200,717842,1939683.127,1131995.429
2020-07-30,11102.67,327789,171555.3685,1893559565,18447043.75,689993,1987589.698,1045611.304
2020-07-31,11114.93,356906,190126.7031,2132382807,18448000,733209,1925603.849,1014392.203
2020-08-01,11343.88,296705,110125.7637,1282524246,18448856.25,644333,1492321.672,864866.8044
2020-08-02,11823.69,287869,102452.3726,1161811696,18449737.5,616214,1207471.721,793876.0437
2020-08-03,11077.77,333753,233677.3238,2630857377,18450750,708227,1468368.828,1131415.83
2020-08-04,11242.57,329032,134798.12,1514661049,18451656.25,708169,1251523.157,993343.0612
2020-08-05,11194.25,291814,120526.4328,1382305624,18452462.5,655315,1571054.892,993543.7463
2020-08-06,11750.28,356612,180464.5498,2122100339,18453437.5,762479,2308957.938,1194659.246
2020-08-07,11772.94,326499,162147.2805,1897594214,18454387.5,707225,1622904.819,1022839.817
2020-08-08,11605.6,283631,81890.38277,957307311.3,18455275,625679,923272.8972,805601.8056
2020-08-09,11767.6,268402,70244.03826,819746332.1,18456250,564507,731043.2391,698476.6125
2020-08-10,11684.06,308367,171350.553,2038494057,18457106.25,683507,1589298.812,1024528.555
2020-08-11,11893.03,349952,157580.0895,1833511323,18458068.75,744212,1762181.829,1042770.739
2020-08-12,11392.43,346405,141475.9398,1622537211,18459050,733894,1435644.29,976274.0573
2020-08-13,11573.11,325346,147604.3655,1705063981,18459968.75,690043,1260101.679,907786.7262
2020-08-14,11777.43,365679,194831.8601,2293744967,18461012.5,755913,1278361.992,1440043.271
2020-08-15,11774.38,313760,91847.94288,1090367766,18461987.5,664922,808950.6622,1432177.732
2020-08-16,11873.98,285069,77886.22661,923018319.3,18462937.5,571198,719177.5675,1819310.322
2020-08-17,11914.01,292944,168397.0645,2046439654,18463718.75,652100,991647.7175,2938608.112
2020-08-18,12293.72,346036,194088.9243,2363375057,18464593.75,739835,1945202.576,2076963.088
2020-08-19,11969.53,333879,165408.4187,1951302614,18465456.25,710405,1740787.751,1887293.865
2020-08-20,11734,333683,135544.1704,1599895180,18466368.75,705709,1542784.767,1846156.892
2020-08-21,11865.82,314297,129046.7079,1516606231,18467337.5,675988,1596550.32,1495713.753
2020-08-22,11522.8,311699,81975.71479,947590518.4,18468187.5,649053,1084930.162,1358275.34
2020-08-23,11683.44,288728,59773.08127,694626473.1,18469168.75,569381,698530.3493,1371402.621
2020-08-24,11653.02,329133,114941.9345,1349526577,18470100,674821,921389.1496,1864226.371
2020-08-25,11763.93,304409,136983.0955,1571905464,18470900,678008,1044881.066,1616790.384
2020-08-26,11337.4,324184,141116.2827,1606738709,18471787.5,696908,1236888.403,1947966.623
2020-08-27,11467.37,328157,139498.8534,1582727808,18472593.75,702891,1402562.637,2013412.445
2020-08-28,11302.01,352722,175750.8291,2013696414,18473612.5,720277,1197064.83,2165612.968
2020-08-29,11534.75,292783,81346.11833,936108106.1,18474525,617518,757703.138,1751538.261
2020-08-30,11481.64,269114,94059.00262,1092133418,18475318.75,555079,744364.3646,1753307.704
2020-08-31,11707.78,302920,201119.7192,2351032935,18476256.25,662241,1091099.849,2697925.474
2020-09-01,11659.57,376508,197979.4315,2357189691,18477218.75,795329,1498947.052,2653444.839
2020-09-02,11923.25,317449,182860.6171,2108369094,18478118.75,714425,1480552.955,2306329.287
2020-09-03,11397.44,310922,199753.312,2195667067,18478925,691592,1476644.325,2741473.929
2020-09-04,10187.51,298286,242003.2833,2512517216,18479768.75,680093,1625864.517,2654809.098
2020-09-05,10467.89,325523,122922.0436,1263375219,18480650,685736,1246301.264,2428545.247
2020-09-06,10159.62,262820,92445.78407,942632672.8,18481587.5,557370,724483.0171,2294692.652
2020-09-07,10254.93,327662,172730.1363,1747148282,18482681.25,672721,988468.9796,2985927.9
2020-09-08,10367.74,332668,168463.896,1706304708,18483650,693543,850675.1157,2703153.94
2020-09-09,10121.52,314864,145217.1482,1479239534,18484581.25,681429,910163.3013,3188715.63
2020-09-10,10227.83,345981,146146.678,1510201426,18485568.75,745318,1140820.802,3493320.237
2020-09-11,10352.66,308323,156938.7092,1615058495,18486431.25,677215,980945.9779,3130284.863
2020-09-12,10395.44,300152,82608.73708,855809354.8,18487493.75,604531,608918.2843,2593736.733
2020-09-13,10446.44,255110,75670.98122,786517189.8,18488506.25,540351,509032.0298,2620089.087
2020-09-14,10330.77,354020,156009.6334,1641329658,18489606.25,726085,806616.0582,2762366.304
2020-09-15,10674.64,332957,155491.342,1675152817,18490581.25,718787,831298.262,2860061.916
2020-09-16,10785.62,342609,172048.7014,1875402238,18491550,747111,847678.0898,3050638.973
2020-09-17,10948.43,348581,158931.5174,1728645381,18492662.5,740029,771947.4737,4143516.667
2020-09-18,10943.89,325157,177236.4335,1937356457,18493693.75,687638,757383.6197,3787104.816
2020-09-19,10931.79,296357,92668.96837,1020812737,18494625,624125,523699.8649,2860939.874
2020-09-20,11081.43,259095,77545.23234,845867147.7,18495512.5,535691,359928.5484,2360008.569
2020-09-21,10919.65,297605,152786.4071,1618550494,18496418.75,644695,649684.183,3456045.384
2020-09-22,10430.46,312989,154965.642,1620744901,18497225,678668,776069.7874,2782025.071
2020-09-23,10532.22,349938,184851.0429,1930400509,18498112.5,733591,1002747.455,2652893.321
2020-09-24,10234.48,316552,195896.2267,2038281714,18498968.75,684217,870012.8369,2409206.57
2020-09-25,10732.43,353070,178614.7327,1904178399,18500025,741029,837679.473,2838226.513
2020-09-26,10692.84,276162,74160.39488,794309819.7,18500962.5,591249,448045.9788,2385729.186
2020-09-27,10732.4,259382,73759.51966,789919236,18501912.5,538619,407015.3934,2072273.327
2020-09-28,10774.24,295476,151223.6145,1644928782,18502718.75,629197,629103.3455,2293688.525
2020-09-29,10692.33,347696,163844.813,1756325730,18503600,735651,889805.5119,2586561.943
2020-09-30,10840.8,351417,145528.2811,1561125507,18504575,748143,1019664.462,2388252.743
2020-10-01,10777.92,304757,156037.052,1674944662,18505350,679937,1094199.493,1977666.507
2020-10-02,10619.24,315443,217076.7362,2283910067,18506200,689077,1288160.726,2708626.798
2020-10-03,10575.06,310855,80285.35246,846455550.5,18507143.75,642826,772418.7991,2174249.747
2020-10-04,10551.77,268019,59889.36436,634742572.5,18508131.25,562147,591853.7184,1876623.604
2020-10-05,10673.46,294986,125552.046,1343799081,18509006.25,635097,1082768.735,2042046.81
2020-10-06,10788.56,317922,129486.6334,1385299160,18509818.75,692891,1220125.232,2176302.673
2020-10-07,10603.74,370554,174094.3079,1847973952,18510762.5,762636,1179806.91,2110681.876
2020-10-08,10670.8,330227,145781.9892,1564119347,18511775,698982,1111494.663,2022716.022
2020-10-09,10923.3,339343,186619.7173,2052602360,18512662.5,714645,1217905.237,2758949.926
2020-10-10,11063.19,298486,101443.9726,1149403530,18513556.25,631182,859894.8561,1865861.923
2020-10-11,11302.67,256096,57355.84369,651622749.4,18514431.25,541483,583799.6305,2133739.151
2020-10-12,11376.61,314174,132805.2728,1519550415,18515362.5,658073,857905.4757,2172342.701
2020-10-13,11540.04,333215,149869.3571,1713107902,18516400,732250,850506.8766,2284628.16
2020-10-14,11428.24,314541,144103.0923,1641335688,18517331.25,680468,849905.9963,2398755.587
2020-10-15,11431.32,340993,145192.8214,1656087274,18518275,743078,897788.0673,2630666.214
2020-10-16,11503.73,324647,152867.0516,1735871118,18519243.75,712317,728436.3442,2358982.794
2020-10-17,11327.57,275069,61240.06512,694375228.6,18520225,586741,405357.891,2423280.909
2020-10-18,11366.51,231557,49419.09262,564810368.5,18520975,512486,416658.8618,2127428.325
2020-10-19,11508.2,303929,139860.2,1621572966,18521756.25,679146,588446.3545,3411624.782
2020-10-20,11758.16,330563,139952.7531,1656442476,18522656.25,713764,924870.2825,4199302.328
2020-10-21,11925.46,311292,190561.1149,2381891958,18523468.75,687152,1461640.012,3812554.203
2020-10-22,12831.56,339087,255685.312,3311533244,18524325,753892,2197550.043,4039132.918
2020-10-23,12990.25,323869,214302.0233,2772642131,18525143.75,712518,1880521.723,2741260.456
2020-10-24,12944.52,306774,78368.12347,1019815579,18526093.75,657714,1240565.693,1860296.141
2020-10-25,13128.46,242273,58962.23316,770092624.1,18526825,547380,851879.5909,1638908.012
2020-10-26,13036.77,252494,163659.5711,2143577767,18527512.5,579939,1452362.607,2834831.052
2020-10-27,13076.37,251938,142312.2589,1916977069,18528131.25,600338,2581159.896,2503686.579
2020-10-28,13651.47,261340,187898.0116,2517314640,18528756.25,615001,3041572.405,2662066.381
2020-10-29,13289,276070,160004.8691,2135566368,18529431.25,652778,3459471.1,2437235.128
2020-10-30,13458.66,268364,141057.5899,1893674939,18530125,635998,3523576.416,2350724.466
2020-10-31,13564.72,275796,95944.0352,1316281835,18530831.25,613906,3627758.721,1692437.548
2020-11-01,13810.32,276280,86295.05041,1188080330,18531612.5,592197,2455878.675,2135583.523
2020-11-02,13758.88,224609,126516.4978,1715336328,18532206.25,543348,2838663.757,2566363.669
2020-11-03,13575.17,331673,279667.7164,3811487631,18533081.25,727413,3937585.749,3210188.038
2020-11-04,14023.31,320697,143257.943,1988917620,18534075,707247,2847435.001,2044401.528
2020-11-05,14155.59,318668,348418.6143,5149644713,18534993.75,729209,4605834.214,3125865.371
2020-11-06,15591.39,340351,226071.8827,3527917034,18535950,756129,3787397.489,3089433.856
2020-11-07,15595.77,270901,97493.11127,1502513709,18536862.5,608746,2078844.14,1612472.82
2020-11-08,14839.84,243047,73988.18896,1123463511,18537725,555482,1486150.546,1499231.533
2020-11-09,15490.6,326383,177538.4854,2728063356,18538881.25,713629,2222515.514,2143909.224
2020-11-10,15328.53,303270,171897.3323,2632911828,18539800,684892,2371662.715,2160265.602
2020-11-11,15317.04,322277,174110.372,2715135370,18540718.75,713744,1680247.535,2063545.669
2020-11-12,15708.65,324855,204679.9824,3262813497,18541718.75,721180,1651053.576,1961289.448
2020-11-13,16295.57,300040,163123.3085,2656697442,18542587.5,685725,1672393.319,1578705.472
2020-11-14,16339.33,273511,84583.84086,1356685553,18543475,613373,966706.4516,1902618.942
2020-11-15,16091.07,252715,49737.54381,795037576.2,18544412.5,555375,678248.0659,1598945.685
2020-11-16,15968.16,311477,142732.5279,2343880258,18545412.5,681273,1373930.459,3618303.618
2020-11-17,16725.15,347772,181281.8533,3117390382,18546393.75,770689,1560223.353,3030811.519
2020-11-18,17679.72,362007,231375.5307,4148880836,18547450,807705,1782231.611,2930159.471
2020-11-19,17798.45,311061,148181.4405,2649430668,18548306.25,717377,1690198.526,2378459.751
2020-11-20,17820.57,348026,227786.3193,4202034217,18549356.25,772326,1403265.763,2460005.913
2020-11-21,18687.45,311189,120634.3217,2261632555,18550412.5,663959,878179.6238,1907160.501
2020-11-22,18699.75,271125,78963.93119,1454587917,18551500,587237,591242.6145,1908302.56
2020-11-23,18422.28,297840,146336.8954,2703213541,18552418.75,671932,1044802.645,2246648.029
2020-11-24,18398.91,333293,219739.9905,4162955938,18553268.75,756417,1635711.431,2346578.309
2020-11-25,19172.52,361990,187608.8824,3581534996,18554237.5,812699,1881507.447,2212824.746
2020-11-26,18739.8,323975,205207.8089,3560329146,18555175,736612,1814488.24,2284232.039
2020-11-27,17151.44,322445,209319.1661,3539855460,18556137.5,719237,1433816.231,1857757.437
2020-11-28,17138.87,293949,75790.24755,1310741286,18557100,644206,985192.5601,1297738.599
2020-11-29,17732.42,263573,75273.85776,1353406965,18558037.5,589008,724095.047,1275997.458
2020-11-30,18191.6,256551,174045.0425,3302208582,18558743.75,623554,1377090.262,2254249.724
2020-12-01,19709.73,378068,239398.7738,4627255394,18559693.75,841581,2799806.709,2099814.429
2020-12-02,18792.52,327019,157633.2134,2983704874,18560512.5,756978,2523414.124,1676105.307
2020-12-03,19226.97,346921,141981.7384,2744199631,18561493.75,777633,2817492.296,1522633.82
2020-12-04,19454.54,318894,162656.5755,3109317273,18562393.75,729984,2078420.161,1904552.528
2020-12-05,18670.49,282599,65725.79167,1245963842,18563293.75,642981,1332834.597,1525130.227
2020-12-06,19155.06,258624,52342.98137,1002450425,18564143.75,582059,926834.5132,1332342.137
2020-12-07,19377.66,300906,109478.322,2103990332,18565081.25,673269,1313874.893,1554178.905
2020-12-08,19181.41,330970,199640.1309,3771844232,18565981.25,737193,1406369.888,1619020.962
2020-12-09,18318.87,321079,142289.2504,2599989621,18566850,748572,1323373.801,1967186.96
2020-12-10,18554.15,313649,211693.5757,3877167092,18567662.5,713602,1353547.101,1965927.799
2020-12-11,18247.76,304735,162206.3393,2913875515,18568525,711679,1275734.229,1421781.018
2020-12-12,18029.36,295410,104784.2472,1929697457,18569350,654893,942759.8594,1419960.29
2020-12-13,18803.44,276160,178997.7536,3450322095,18570325,611911,755747.2442,1658116.087
2020-12-14,19164.48,314350,140039.5842,2685900126,18571231.25,696656,1136052.379,2076030.482
2020-12-15,19276.59,320440,160706.0755,3108771397,18572106.25,722550,1388313.336,2160315.24
2020-12-16,19439.75,315217,209514.4564,4228699632,18573000,751162,1662246.525,2709597.599
2020-12-17,21379.48,309481,245026.8111,5540206537,18573806.25,754492,3764622.347,2503111.832
2020-12-18,22847.46,375549,269861.7305,6176614858,18574787.5,851929,4510788.665,2435931.475
2020-12-19,23150.79,343536,118538.226,2768897617,18575775,756109,2800254.842,1665126.049
2020-12-20,23869.92,282043,103361.4493,2436345571,18576718.75,638816,1740165.757,1323039.92
2020-12-21,23490.58,269834,169206.4171,3918912339,18577568.75,649848,3241780.366,1743577.764
2020-12-22,22745.48,324163,277726.3905,6418279943,18578462.5,738842,3087551.779,2040795.084
2020-12-23,23824.99,338463,273159.577,6427851084,18579425,782736,3369707.108,2006004.456
2020-12-24,23253.37,269559,172668.2948,4019021845,18580212.5,639280,2476837.245,2115162.459
2020-12-25,23715.53,303901,98032.91245,2352003685,18581112.5,662980,2217720.487,2043474.79
2020-12-26,24693.58,273954,102903.8253,2615234143,18581968.75,627843,1776182.132,2013537.272
2020-12-27,26443.21,309005,173299.8712,4714768343,18582893.75,696527,2494179.267,2514614.698
2020-12-28,26246.58,308983,297406.0308,8026930077,18583893.75,717073,2711235.311,1980852.007
2020-12-29,27036.69,336311,205701.9754,5504342175,18584843.75,775919,2828428.115,1845946.882
2020-12-30,27376.37,338258,207164.0436,5840540995,18585918.75,807268,2978522.546,1743500.847
2020-12-31,28856.59,344918,195528.2074,5636631338,18586956.25,809871,3279398.773,1945437.012
2021-01-01,28982.56,258080,148420.3043,4343208402,18587887.5,609741,1455398.208,1603396.214
2021-01-02,29393.75,297111,197649.4687,6152237015,18588831.25,711719,2504284.316,2164453.296
2021-01-03,32195.46,359116,175403.4722,5847742860,18589818.75,812749,2893753.635,2211805.282
2021-01-04,33000.78,373734,234965.054,7503147813,18590900,851667,3516375.453,1922521.521
2021-01-05,32035.03,354091,209211.207,6775407806,18591881.25,845343,3677640.8,2209914.206
2021-01-06,34046.67,397384,217195.1629,7549976673,18592987.5,924851,4477049.485,2131442.74
2021-01-07,36860.41,401744,258243.1265,9896769613,18594037.5,940647,4701567.105,2751162.198
2021-01-08,39486.04,358526,222609.0817,8838843563,18594962.5,883788,5435433.863,2518905.297
2021-01-09,40670.25,321389,144078.6891,5814286455,18595831.25,760179,4571160.477,1924128.559
2021-01-10,40240.72,331865,108186.5549,4278195465,18596825,768365,3643194.912,1802561.284
2021-01-11,38240.09,333958,204127.7839,6926936906,18597787.5,801285,4563809.325,2438667.937
2021-01-12,35544.94,336627,209957.3079,7357383073,18598712.5,796457,5843153.717,2210729.263
2021-01-13,34011.82,319167,152692.8192,5277220347,18599662.5,772596,4725847.947,1781868.542
2021-01-14,37393.13,338809,217046.9849,8352711917,18600581.25,802110,5760122.573,1934960.558
2021-01-15,39158.47,344002,173447.9771,6530346132,18601550,808283,5500740.881,1735779.466
2021-01-16,36828.52,308461,69617.32967,2570302175,18602468.75,733398,3324821.305,1699036.934
2021-01-17,36065.2,271874,71912.96096,2561329125,18603300,642730,2359708.057,1426059.464
2021-01-18,35793.01,313816,106369.4307,3849376580,18604206.25,720228,3085563.262,1788904.576
2021-01-19,36632.35,325083,203229.1934,7509307340,18605137.5,757920,3635331.922,2111753.333
2021-01-20,36020.13,314809,145190.3749,5094690668,18606018.75,755823,3281456.681,2021208.163
2021-01-21,35538.98,290754,143477.5431,4661464273,18606825,736588,3920315.578,2210014.302
2021-01-22,30797.88,326935,169002.8562,5354605408,18607712.5,783335,3691982.663,2107825.237
2021-01-23,33002.38,305209,64942.43261,2103201286,18608681.25,710703,2439615.621,1529579.514
2021-01-24,32099.74,253971,61031.8943,1966307039,18609550,608849,1863241.646,1515699.351
2021-01-25,32276.84,309102,116295.0841,3905630183,18610425,732867,3430771.171,2313552.772
2021-01-26,32243.26,336935,132373.8046,4228927064,18611431.25,768537,2628887.223,1703884.041
2021-01-27,32541.8,323553,174921.9165,5425004804,18612318.75,787548,2576778.619,1995359.167
2021-01-28,30419.17,325146,156961.9683,4988231553,18613225,767142,2799236.51,2181658.239
2021-01-29,33403.17,341036,234227.3763,8288844085,18614175,888960,5927830.55,2493283.101
2021-01-30,34314.26,312313,100245.9389,3416568799,18615025,756022,4717602.896,1957192.887
2021-01-31,34318.1,290753,94042.69596,3119627987,18615925,702062,3354950.927,1991251.576
2021-02-01,33136.46,280863,136226.0819,4586348228,18616675,724841,4428334.454,1926362.68
2021-02-02,33522.9,364551,125115.6529,4346023784,18617625,865515,5206601.055,1924952.595
2021-02-03,35529.66,344425,136350.7274,4985868434,18618562.5,836448,4914131.689,2065145.657
2021-02-04,37676.25,367788,166678.3454,6269136960,18619562.5,895626,6272363.342,2181219.346
2021-02-05,37002.09,360541,163706.5641,6157892771,18620618.75,856297,5484953.256,1959874.221
2021-02-06,38278.61,333886,115157.5851,4577756278,18621612.5,795079,4773344.525,2156848.977
2021-02-07,39323.26,286364,90818.88328,3515624989,18622587.5,718596,3278905.684,2048377.492
2021-02-08,38928.1,335223,197784.1542,8364117755,18623600,822971,5870830.67,2263658.885
2021-02-09,46364.3,360137,232063.3785,1.083462813e+10,18624493.75,903883,9291436.043,3400460.245
2021-02-10,46589.58,340758,159372.2552,7305646116,18625387.5,861426,7780335.76,2162722.149
2021-02-11,44878.17,304739,136428.2733,6333458805,18626193.75,796146,8872186.489,2381722.558
2021-02-12,48013.38,343306,163544.3094,7811431840,18627081.25,857246,9813445.722,2143548.811
2021-02-13,47471.4,336624,77650.76285,3676762390,18628062.5,788028,6946334.442,1524496.409
2021-02-14,47185.19,298254,63799.55251,3102283703,18628993.75,698818,5155853.472,1989965.474
2021-02-15,48720.37,308496,105059.1532,5028594621,18629937.5,769869,5911922.73,2271037.823
2021-02-16,47951.85,296388,126638.8023,6187880486,18630693.75,745457,5865760.699,2515309.889
2021-02-17,49160.1,317666,151209.8028,7740989999,18631556.25,829226,7250739.44,2077696.296
2021-02-18,52118.23,316952,154580.4355,8027247242,18632412.5,820203,7867926.502,2202921.049
2021-02-19,51608.15,341586,167679.2978,8975014335,18633368.75,884319,8560343.819,2365992.805
2021-02-20,55916.5,320475,124425.4211,6995147926,18634281.25,830094,8324614.345,2195460.021
2021-02-21,56001.2,271645,136889.6294,7839947832,18635162.5,680893,6621047.289,1784572.2
2021-02-22,57487.86,285383,155804.119,8515953766,18635993.75,761941,7195847.118,1991241.406
2021-02-23,54123.4,287884,247476.0988,1.210260827e+10,18636787.5,796658,9057970.467,2173494.945
2021-02-24,48880.43,358092,183195.8444,9123958043,18637781.25,874171,9584737.316,2121419.753
2021-02-25,50624.84,326116,161757.8573,8084434721,18638756.25,830544,7734467.165,2313430.173
2021-02-26,46800.42,306416,154452.7714,7202864759,18639625,817077,6938220.68,2069107.683
2021-02-27,46340.31,320784,72523.79519,3416482976,18640606.25,775777,4914902.242,1677568.535
2021-02-28,46155.87,254316,72080.67563,3227571917,18641425,629972,3716584.174,1732528.445
2021-03-01,45113.92,280485,123112.4944,5867267655,18642237.5,748049,5830065.237,1784275.043
2021-03-02,49618.43,338150,137624.9552,6707252970,18643131.25,810035,6547506.396,1888598.391
2021-03-03,48356.04,333402,129395.325,6540727320,18644081.25,840642,6732292.333,1875555.605
2021-03-04,50477.7,289631,106429.6407,5254550975,18644881.25,752764,5608811.642,1518628.371
2021-03-05,48448.91,317780,179641.407,8571816586,18645812.5,806404,5464049.639,1779724.762
2021-03-06,48861.38,287963,58172.98088,2814010103,18646762.5,677322,3766262.353,1532927.692
2021-03-07,48881.59,260739,64871.56114,3256898859,18647675,654593,3581184.378,2131170.944
2021-03-08,51169.7,291955,127032.032,6455368739,18648643.75,723503,4608160.353,1960164.691
2021-03-09,52299.33,299682,134692.7366,7267886049,18649518.75,782612,5676836.613,1950759.747
2021-03-10,54881.52,344688,136698.2812,7607218390,18650450,833186,6129405.835,1707223.447
2021-03-11,55997.23,291245,138580.2392,7815260935,18651275,766597,6269462.062,1686284.526
2021-03-12,57764,320744,147297.7616,8389445170,18652212.5,818834,6665975.42,1403994.234
2021-03-13,57253.28,277072,106924.7932,6252538515,18653106.25,739312,6912800.201,1198768.626
2021-03-14,61258.73,308050,97732.30859,5914693356,18654087.5,736008,5353415.752,1310705.002
2021-03-15,59133.47,292231,129272.8411,7391203818,18655012.5,782966,6454623.617,1304712.963
2021-03-16,55754.72,319493,151746.4206,8414319042,18655943.75,822884,6115414.671,1462311.371
2021-03-17,56872.38,296119,114193.0336,6410069888,18656793.75,808119,6018255.184,1459949.365
2021-03-18,58913,331718,97079.86049,5684429157,18657743.75,885634,8093851.597,1305655.237
2021-03-19,57665.9,316180,101925.6648,5953986740,18658668.75,833389,6889476.882,1229178.36
2021-03-20,58075.1,286948,57434.79735,3378908923,18659631.25,742019,4922164.745,1141108.222
2021-03-21,58085.8,234936,63859.55675,3654267039,18660606.25,612850,3555153.654,1111269.247
2021-03-22,57411.17,297410,93768.61009,5299609270,18661550,781908,4829963.205,1303028.395
2021-03-23,54204.96,314234,138498.7647,7567504957,18662556.25,810265,4523133.093,1820037.753
2021-03-24,54477.46,305093,126194.3379,6956174963,18663506.25,780464,4550595.202,1642262.46
2021-03-25,52508.23,318562,143962.9652,7475059268,18664468.75,847860,4498616.291,1714693.321
2021-03-26,51415.92,293610,140851.7346,7494637392,18665318.75,790548,4326816.954,1455942.77
2021-03-27,55074.47,288259,67802.90336,3738511752,18666312.5,722993,3697780.907,1234256.274
2021-03-28,55863.93,248605,49183.45584,2746380160,18667306.25,629197,3241129.235,921871.4806
2021-03-29,55783.71,303305,115433.5345,6604751298,18668250,776764,4649750.663,1608390.236
2021-03-30,57627.67,321090,107382.9845,6286007313,18669162.5,826466,5655379.48,1498394.395
2021-03-31,58730.13,332749,115544.0477,6798433825,18670143.75,900660,6022839.755,1363836.524
2021-04-01,58735.25,311939,118265.6065,6961929172,18671050,814587,5303552.033,1367155.363
2021-04-02,58736.92,305788,109663.8841,6501984723,18671925,795716,5302028.488,1385175.139
2021-04-03,59031.32,281717,64840.81602,3823846851,18672743.75,704293,5053962.999,1343101.899
2021-04-04,57076.49,246007,52206.70431,3007013910,18673656.25,618857,3879756.591,1158422.772
2021-04-05,58206.55,289046,96628.08598,5636763513,18674631.25,763702,5510408.654,1752316.99
2021-04-06,59054.1,309565,194745.4143,1.138389895e+10,18675531.25,841579,6219566.174,2112936.2
2021-04-07,58020.46,321319,112735.2955,6422300910,18676512.5,860993,5753741.896,1701486.907
2021-04-08,55947.27,278534,106964.7648,6112050100,18677350,761635,5237750.289,1502138.76
2021-04-09,58048.59,324720,108597.9593,6330239987,18678300,853581,6856015.94,1595604.28
2021-04-10,58102.58,299086,101354.7875,6092856978,18679281.25,762965,5392473.672,1540955.842
2021-04-11,59774,253449,66929.6257,4013468489,18680187.5,653736,3799375.035,1369947.834
2021-04-12,59964.87,291369,122009.0472,7343373829,18681087.5,762819,5521992.88,1677284.999
2021-04-13,59834.74,310213,150402.9483,9364020483,18681975,839652,6350802.343,1910823.299
2021-04-14,63554.44,297494,148963.5395,9467805074,18682818.75,854552,8790846.153,1825474.591
2021-04-15,62969.12,359440,119152.6351,7491319880,18683893.75,952400,10188549.82,1847187.577
2021-04-16,63252.63,219704,128315.8658,7918735254,18684537.5,733666,8654721.856,1838170.578
2021-04-17,61455.98,194580,54360.71102,3345356861,18685106.25,611196,10048484.46,1141728.091
2021-04-18,60087.09,274735,210752.9681,1.185664736e+10,18685881.25,754058,12476165.52,1655752.754
2021-04-19,56251.48,208413,124206.3196,7003954976,18686487.5,674744,12351427.72,1279783.382
2021-04-20,55703.14,279977,150146.6763,8311557599,18687287.5,829989,16903066.47,1869473.944
2021-04-21,56507.91,226021,125996.3304,7009968211,18687918.75,719498,14191444.15,1930649.389
2021-04-22,53808.8,274610,157972.3628,8500130356,18688812.5,757844,16131777.91,2189518.076
2021-04-23,51731.71,295731,230771.3605,1.148611719e+10,18689656.25,794322,13449168.62,2184878.172
2021-04-24,51153.13,290690,78195.46737,3907764473,18690562.5,695216,8436390.178,1601340.372
2021-04-25,50110.53,241041,114196.7012,5690337431,18691443.75,585806,5771401.266,1637219.908
2021-04-26,49075.58,240687,131967.1633,6987267570,18692156.25,677984,9090410.378,2153568.757
2021-04-27,54056.64,298109,125364.3433,6828181874,18693043.75,748381,8851481.485,2288671.002
2021-04-28,55071.46,277126,98636.91181,5400170408,18693931.25,728620,7443013.032,2005694.124
2021-04-29,54884.1,259465,133971.5372,7198764178,18694693.75,703520,7790812.846,2113534.732
2021-04-30,53584.15,289389,144912.8244,8038587266,18695600,738101,8109470.678,2291090.288
2021-05-01,57796.62,262991,57862.50983,3347043375,18696468.75,677778,6056552.391,1609084.892
2021-05-02,57857.5,235214,52587.29315,2991270138,18697625,587240,4835523.63,1492195.713
2021-05-03,56610.46,287007,102957.3049,5954769584,18698731.25,746177,6436473.554,2160532.978
2021-05-04,57213.33,300824,139504.7118,7698193443,18699862.5,772207,5497091.929,2281525.149
2021-05-05,53241.72,309774,113733.7708,6381517581,18700843.75,808208,5618412.243,1829464.985
2021-05-06,57473.23,311380,132905.1039,7566141015,18701906.25,843433,6232192.356,1809184.202
2021-05-07,56428.16,307988,169995.8777,9703541847,18702981.25,804452,6203291.381,1940607.492
2021-05-08,57380.27,274691,79085.07535,4620961716,18704050,744143,5108566.171,1377275.224
2021-05-09,58928.81,247866,92628.34481,5388114090,18705212.5,690253,4061657.14,1087017.043
2021-05-10,58280.73,303297,140158.6648,8099530690,18706337.5,824736,5826701.433,1414063.216
2021-05-11,55883.5,312115,118538.2682,6620873679,18707412.5,854634,4569327.254,1205320.613
2021-05-12,56750,300452,230793.9451,1.295341426e+10,18708487.5,852846,4310769.894,1558112.249
2021-05-13,49007.09,276472,228542.5939,1.13556819e+10,18709493.75,806882,3571243.821,2502521.918
2021-05-14,49702.27,266055,157314.9281,7906534590,18710331.25,752353,3682592.199,2291844.668
2021-05-15,49922.52,232099,85307.6672,4191692549,18711100,646899,3116945.152,1922161.147
2021-05-16,46736.58,219435,122786.6946,5725518843,18711925,604353,2465303.783,1827949.963
2021-05-17,46441.64,250910,228708.833,1.010016744e+10,18712681.25,684281,3372348.388,2587553.502
2021-05-18,43596.24,221018,144912.7578,6401432361,18713306.25,619246,2962920.366,1868815.429
2021-05-19,42912.19,263419,378375.698,1.46426159e+10,18714087.5,734818,4895433.9,3028422.486
2021-05-20,36964.27,228039,302706.7628,1.205910797e+10,18714787.5,694786,5275558.552,2852078.71
2021-05-21,40784.32,226351,188116.2909,7317126300,18715475,695822,5103904.75,2195789.558
2021-05-22,37280.35,223800,134224.161,5042562364,18716200,603588,3840269.872,2363175.721
2021-05-23,37528.3,194320,129391.7077,4450529580,18716943.75,555526,2828084.482,2230243
2021-05-24,34754.54,234755,193504.055,7207897768,18717731.25,643231,3595913.288,2610428.817
2021-05-25,38728.59,233644,162716.5695,6201345379,18718500,640506,3266233.232,2289844.616
2021-05-26,38410.5,230753,146447.0251,5744713581,18719262.5,641585,3057611.965,2222384.344
2021-05-27,39266.04,214035,125733.4186,4886792808,18719993.75,602300,2569470.91,1982668.87
2021-05-28,38445.29,218311,149454.9617,5453824455,18720737.5,616432,2547163.269,2897052.408
2021-05-29,35689.62,198332,100953.1375,3534235036,18721462.5,537305,1672654.431,2039125.501
2021-05-30,34647.67,179795,63227.16897,2229477248,18722362.5,476088,1298426.023,1082550.302
2021-05-31,35684.59,226469,91313.62678,3294970505,18723243.75,599311,1650478.047,1126569.511
2021-06-01,37310.54,234561,148579.2687,5421714885,18724131.25,615006,1727599.804,1490940.368
2021-06-02,36662.64,250589,103182.4674,3845016656,18725168.75,663855,1910085.524,1153281.587
2021-06-03,37585.24,255621,105841.1787,4080204482,18726087.5,692529,1920705.763,1223004.131
2021-06-04,39188.59,236672,91780.40944,3411600139,18726906.25,632737,1583206.059,1028877.253
2021-06-05,36885.51,194580,60287.98041,2192085665,18727725,537842,1082501.936,765291.5654
2021-06-06,35530.38,185305,43096.6319,1550993266,18728662.5,467665,812485.561,1783108.822
2021-06-07,35816.17,235479,111301.1805,3987593297,18729493.75,615279,1266620.581,2157358.543
2021-06-08,33514.87,246906,148507.3144,4855389938,18730425,656191,1156939.763,2527319.461
2021-06-09,33450.19,210911,116051.3634,4061991300,18731212.5,581779,1210337.229,1325571.053
2021-06-10,37338.36,252983,125318.0687,4643427946,18731950,679752,1715939.085,1412035.348
2021-06-11,36704.57,216502,94723.61105,3501716416,18732606.25,616007,1505578.882,1463831.001
2021-06-12,37313.18,222774,59967.97666,2153678029,18733431.25,584529,1278937.849,1009990.698
2021-06-13,35494.9,187098,42109.39862,1539743948,18734256.25,480484,849824.2796,1183321.512
2021-06-14,39066.82,242416,125065.7496,4973233613,18735100,624698,1524262.633,1487002.279
2021-06-15,40525.8,241861,101585.6524,4080041045,18735918.75,677276,1557577.836,1403796.128
2021-06-16,40188.56,252937,99540.80142,3918231599,18736687.5,651528,1538879.3,1608456.692
2021-06-17,38324.87,237725,89449.54939,3458321392,18737500,601894,1210119.704,1568658.041
2021-06-18,38068.04,222918,139353.5476,5151710129,18738275,567037,1142644.845,1556124.047
2021-06-19,35729.82,187042,61018.74947,2186838846,18738918.75,489074,880657.4081,1079547.084
2021-06-20,35524.17,167249,62298.11551,2162759240,18739575,441204,794364.5851,1277754.796
2021-06-21,35592.35,205050,143916.1369,4751842584,18740231.25,549345,1325747.431,1748728.099
2021-06-22,31686.55,196523,153753.7625,4882368444,18740800,550948,1529601.83,1936916.658
2021-06-23,32447.59,232704,130180.0029,4386486291,18741431.25,598493,1921499.7,1822712.064
2021-06-24,33674.66,233278,114686.7587,3876348202,18742087.5,594998,1624791.761,1857830.353
2021-06-25,34639.38,218245,131555.6349,4356792800,18742775,564091,1467294.489,2377849.557
2021-06-26,31640.58,181628,74193.72128,2331345211,18743331.25,490112,926377.4863,1775215.192
2021-06-27,32160.91,124640,64113.7707,2112213966,18743700,379066,894563.6187,1374020.957
2021-06-28,34644.45,217898,107456.5045,3708117940,18744243.75,580308,1819158.71,1568948.174
2021-06-29,34456.67,205616,92676.59625,3300219147,18744806.25,566351,1895790.072,1376609.201
2021-06-30,35847.7,218734,106768.8492,3725912660,18745362.5,567655,2176609.76,1238334.356
2021-07-01,35047.36,230253,107687.5179,3625272213,18745956.25,609509,2444115.243,1644452.316
2021-07-02,33536.88,188568,133602.8377,4454956968,18746518.75,532456,2064573.722,1732809.496
2021-07-03,33856.86,237463,44635.8597,1526282961,18747312.5,583136,2028058.139,1296389.161
2021-07-04,34688.98,171850,43003.61402,1515363757,18748031.25,467442,1533082.32,1587004.708
2021-07-05,35309.3,223760,63668.69718,2169927055,18748856.25,547735,1618457.341,1440760.858
2021-07-06,33747.97,228279,68715.83503,2346543660,18749743.75,579824,1608397.438,1332945.63
2021-07-07,34211.01,221227,69820.1377,2415077702,18750512.5,568382,1309346.42,1325686.493
2021-07-08,33839.04,230719,102080.987,3349209077,18751381.25,580441,966730.0958,3251402.809
2021-07-09,32877.41,227511,77080.74572,2552942233,18752200,569423,891745.7721,3425602.053
2021-07-10,33818.52,187263,32759.98852,1104335807,18753206.25,485683,646919.594,1855040.59
2021-07-11,33515.57,166144,40238.94124,1361224001,18753987.5,436977,634137.4888,1858544.1
2021-07-12,34227.64,220269,105167.2301,3530030646,18754775,560833,975257.9733,1676904.164
2021-07-13,33158.25,229916,78854.82413,2583990658,18755625,542415,1039050.657,1515231.341
2021-07-14,32686.56,236217,87612.81826,2847291324,18756687.5,564753,815940.8358,1504272.591
2021-07-15,32814.61,226234,111112.1025,3546057522,18757487.5,572802,726170.9556,1849483.777
2021-07-16,31738.59,223466,89951.9981,2855123418,18758425,552751,549046.4444,1829236.321
2021-07-17,31421.25,182047,128732.61,4054713463,18759318.75,458821,398117.9176,1858454.219
2021-07-18,31520.66,161122,33184.41271,1052594971,18760218.75,422214,382734.741,1172816.419
2021-07-19,31783.49,226803,96477.00001,2991573664,18761281.25,552678,590435.3666,1798945.079
2021-07-20,30815.94,230509,98595.84808,2934190503,18762043.75,571829,541599.9859,1820526.02
2021-07-21,29790.24,235680,109515.8531,3408086709,18762950,571507,451686.5339,1875543.767
2021-07-22,32118.06,230282,80447.65098,2584131351,18763906.25,571344,462651.5822,1808323.321
2021-07-23,32297.89,231130,77662.88076,2519917919,18764750,581850,626145.7923,1752077.68
2021-07-24,33581.63,198091,49924.11417,1689884090,18765712.5,497255,434318.1405,1502292.78
2021-07-25,34279.34,174535,53105.00418,1824435371,18766668.75,440908,334180.794,1464218.165
2021-07-26,35365.2,261950,226430.0355,8661331075,18767606.25,644448,700527.006,2298723.543
2021-07-27,37318.14,255221,194203.6758,7345558780,18768668.75,600692,605648.3806,7397981.685
2021-07-28,39405.95,251223,150834.3927,6002881501,18769650,605433,619650.4725,4070288.158
2021-07-29,40002.53,262612,219338.0587,8710173274,18770650,620900,602440.4758,2612465.114
2021-07-30,40005.93,255417,92331.05137,3645326210,18771687.5,629903,576905.9281,1811007.704
2021-07-31,42214.15,207348,46111.69423,1924780317,18772675,532121,467510.7999,2044926.842
2021-08-01,41659.06,185157,41482.90396,1721720041,18773637.5,474430,402959.1813,3288590.183
2021-08-02,40000.46,239277,85486.76578,3383600749,18774531.25,583866,533678.3025,2706714.753
2021-08-03,39193.94,246198,98317.21529,3774291696,18775587.5,593856,492729.8789,2488175.132
2021-08-04,38138,239596,105169.5619,4094514095,18776437.5,587149,586176.4213,2373221.553
2021-08-05,39750.14,246175,81224.23416,3189301463,18777437.5,614597,585774.3412,1837056.063
2021-08-06,40882,260810,107106.698,4463338800,18778431.25,636514,589380.3075,2004227.147
2021-08-07,42825.95,212229,50547.70621,2198372700,18779475,529222,451868.6971,1888212.315
2021-08-08,44634.13,191623,64611.06558,2863365745,18780462.5,482998,436279.8171,1756552.943
2021-08-09,43816.14,252660,135551.1129,6121383054,18781412.5,611235,610190.9085,1920458.254
2021-08-10,46333.46,260968,98387.30865,4488621500,18782443.75,626461,643651.1921,1837738.157
2021-08-11,45608.37,262437,125935.8687,5806136771,18783362.5,631031,611796.6326,2256473.325
2021-08-12,45611.46,250961,76612.52768,3433253898,18784306.25,605994,575801.7834,1892160.6
2021-08-13,44417.78,260624,83616.42702,3855116853,18785193.75,639596,1087292.355,1662561.359
2021-08-14,47833.98,209074,67083.52603,3157295026,18786218.75,520081,512896.285,1747047.12
2021-08-15,47112.19,186239,52559.40826,2430142555,18787356.25,474649,451047.5714,1773893.025
2021-08-16,47056.41,263529,92750.85874,4336625433,18788362.5,628859,764623.3043,2342566.492
2021-08-17,45982.55,257766,63558.76576,2915373923,18789437.5,618951,722533.1951,2411529.078
2021-08-18,44648.57,247333,94389.7073,4267113161,18790281.25,604474,696294.7492,2730229.537
2021-08-19,44777.86,253447,69294.7082,3132624121,18791243.75,613135,583976.3728,2580776.053
2021-08-20,46734.65,271837,119052.0459,5683508930,18792243.75,676861,753800.8117,2300800.763
2021-08-21,49327.75,219407,81496.83074,4007697514,18793306.25,555440,560978.4066,2424895.859
2021-08-22,48932.02,190631,31672.40672,1549564156,18794331.25,474281,567704.217,1809055.883
2021-08-23,49335.68,270736,115987.3323,5800342005,18795562.5,648964,724341.6153,3171076.847
2021-08-24,49523.5,263984,85096.33595,4160097930,18796525,637990,736449.8968,8152009.304
2021-08-25,47744.58,263009,125322.8787,6052791788,18797525,636566,619543.2542,4217114.321
2021-08-26,48972.09,258590,113517.4223,5354725345,18798437.5,625141,553301.4692,4701248.282
2021-08-27,46962.8,256813,61248.51485,2921974573,18799350,619412,569378.3269,3920236.865
2021-08-28,49056.86,218268,37355.89089,1828986484,18800231.25,538074,523564.6993,3498033.567
2021-08-29,48897.65,191650,33922.00143,1649218800,18801206.25,474721,428835.1491,3649542.15
2021-08-30,48806.78,250955,79769.42798,3839205628,18802050,591561,603044.8226,4016524.506
2021-08-31,47074.77,271163,86238.12602,4079243404,18802950,656399,650089.1504,3858631.498
2021-09-01,47155.87,280865,114073.1115,5449363614,18803806.25,682571,847285.3785,4131376.211
2021-09-02,48862.76,289900,131003.9816,6517047229,18804737.5,714181,992845.1381,4193550.727
2021-09-03,49329.01,283991,97566.90554,4887254784,18805662.5,686568,922068.6088,3019348.476
2021-09-04,50035.33,227732,47856.71559,2397543151,18806631.25,574763,600833.0572,2784449.208
2021-09-05,49947.38,205066,39582.06791,1996712057,18807656.25,506792,528277.0167,2173011.235
2021-09-06,51769.06,268877,84441.81672,4374020789,18808731.25,627019,897828.4225,3562101.275
2021-09-07,52677.4,276624,144717.094,7058595281,18809687.5,662890,1012393.244,3817589.215
2021-09-08,46809.17,270483,98946.97594,4580072991,18810575,653910,680689.8458,3319896.377
2021-09-09,46078.38,274384,115492.1357,5369011441,18811431.25,691292,655889.187,3844313.127
2021-09-10,46368.69,261371,147029.9165,6739492373,18812281.25,640477,647406.706,9990174.841
2021-09-11,44847.48,218445,43275.05061,1962148897,18813206.25,552535,491640.792,5579844.253
2021-09-12,45144.79,192691,33474.15511,1526288179,18814125,495873,399167.7182,4486070.983
2021-09-13,46059.12,255970,97705.78208,4380249886,18815118.75,609049,684460.9594,10039426.29
2021-09-14,44968.76,268127,97109.59537,4477699681,18816168.75,646621,689971.4868,11250928.23
2021-09-15,47072.12,268957,79636.55539,3796133576,18817056.25,654103,812826.5219,3971923.071
2021-09-16,48167.85,271223,86783.40179,4153268624,18817906.25,673139,802737.9729,4342009.638
2021-09-17,47785.26,271040,69650.111,3314093143,18818825,652602,719183.3583,3488122.313
2021-09-18,47263.6,227661,38910.20934,1874207409,18819793.75,561878,560600.5965,3012660.252
2021-09-19,48259.45,200516,37653.9991,1797162882,18820793.75,501580,393391.65,2509473.337
2021-09-20,47249.38,270233,128212.2044,5693199639,18821818.75,645684,616446.9819,5600407.12
2021-09-21,42901.56,244568,89853.07057,3816937966,18822587.5,596757,627241.1812,11240709.13
2021-09-22,40619.27,275235,84533.54038,3589501923,18823425,645903,594535.6534,5028553.568
2021-09-23,43604.76,268689,81457.42814,3583461960,18824456.25,642773,607336.9066,4366740.344
2021-09-24,44888.96,277565,108301.0173,4656807424,18825381.25,679045,693234.6851,4244794.607
2021-09-25,42815.56,212575,35194.40865,1498517648,18826281.25,536442,364042.7043,5211573.5
2021-09-26,42742.01,195560,61153.26504,2604107989,18827150,494512,362745.709,3017206.036
2021-09-27,43182.63,255873,81182.00154,3527097522,18828118.75,613346,552078.7069,4261128.529
2021-09-28,42238.2,262292,88158.36018,3691508332,18829068.75,620834,571108.5587,3550791.367
2021-09-29,41011.16,241991,72195.87669,3012885642,18829881.25,589252,472236.798,3983314.46
2021-09-30,41522.38,293074,104272.9792,4504376487,18830950,706763,638083.9978,4383571.245
2021-10-01,43757.81,277042,90970.89287,4232654754,18831825,697433,755216.736,4456216.004
2021-10-02,48140.11,259961,80719.85008,3853142043,18833000,631501,522838.4402,3210288.233
2021-10-03,47727.1,218112,41557.00909,1994398643,18833937.5,553275,480293.7995,3573483.964
2021-10-04,48205.72,268955,102909.8143,4985789606,18834912.5,650133,660229.1505,3717018.77
2021-10-05,49143.95,312538,107906.3188,5416025038,18835937.5,729159,766280.3773,4900821.263
2021-10-06,51505.83,267749,118924.6719,6336189182,18836756.25,657752,961095.269,4931625.686
2021-10-07,55343.76,325875,129879.9516,7063813953,18837637.5,784172,1465935.518,4510651.365
2021-10-08,53801.1,280028,113932.9812,6223589467,18838387.5,689788,1126447.816,4004225.078
2021-10-09,53867.3,246189,45026.40577,2464860373,18839325,620238,804229.6442,3196245.454
2021-10-10,55122.59,211506,42525.02006,2347027649,18840318.75,536877,703621.2524,2806333.513
2021-10-11,54625.74,280184,90447.9607,5135609835,18841231.25,676676,1178728.423,4364851.196
2021-10-12,57452.01,274155,112244.7647,6366837726,18842068.75,673664,1080831.096,3511729.901
2021-10-13,56242.94,288916,89250.03202,4979962945,18843125,677323,941607.2369,3256483.427
2021-10-14,57406.69,282383,102277.0402,5891473872,18843981.25,690594,967257.81,2741066.674
2021-10-15,57397.74,297746,134826.0565,8109890837,18844862.5,744869,1232979.492,3849193.649
2021-10-16,61641.17,270052,66249.96517,4071153201,18845693.75,674026,962047.8452,2939943.753
2021-10-17,60948.78,215883,42448.32879,2583118320,18846693.75,559522,689819.9144,3239838.236
2021-10-18,61546.21,285368,105357.645,6507541621,18847618.75,693822,978062.291,4029344.332
2021-10-19,61971.59,312018,121998.8666,7660166169,18848587.5,743673,941889.297,11127801.53
2021-10-20,64287.64,291813,126664.6861,8272914781,18849518.75,713105,1228067.689,4907655.068
2021-10-21,66063.56,320743,161584.921,1.040191594e+10,18850443.75,765389,1303056.348,4360430.104
2021-10-22,62354.86,287550,111578.7512,6910857031,18851431.25,693316,1014196.013,3525994.665
2021-10-23,60697.06,223941,45134.1579,2756385872,18852337.5,597144,680881.5972,2686502.791
2021-10-24,61277.28,211220,53526.52951,3236266688,18853293.75,554996,544838.4786,2775219.883
2021-10-25,60884.18,284680,89913.99927,5639331921,18854431.25,704167,880607.2746,3249563.474
2021-10-26,63070.54,294029,77641.6485,4843465177,18855368.75,715943,855518.5964,3513661.823
2021-10-27,60345.17,292114,103462.5493,6142467781,18856350,715873,745820.7031,2920437.258
2021-10-28,58538.49,295558,112877.2733,6817487230,18857306.25,749957,784516.896,2958362.916
2021-10-29,60587.09,305733,147322.2664,9086217833,18858375,758210,977477.7814,3101401.414
2021-10-30,62249.18,252061,49018.85314,3024703684,18859343.75,666759,642443.2433,3186564.287
2021-10-31,61731.29,217435,50315.36789,3075083985,18860212.5,574308,548792.6522,2655904.412
2021-11-01,61373.44,293282,117954.8006,7239359627,18861137.5,732119,939209.3286,3245911.435
2021-11-02,61029.5,297402,135404.126,8525610066,18862125,736296,1100556.202,3526612.352
2021-11-03,63241.11,288746,126408.6153,7935879532,18863131.25,724143,1000518.837,3402811.47
2021-11-04,62954.86,289141,77966.28841,4812348606,18864025,729141,1011594.757,4212181.035
2021-11-05,61441.83,285946,104621.7266,6435250914,18864993.75,721315,1077046.975,4333288.325
2021-11-06,61072.32,236233,45240.38502,2757510648,18865956.25,623103,656162.2678,4347687.674
2021-11-07,61516.31,226128,39509.70627,2452500860,18866912.5,591980,598976.7078,3457653.308
2021-11-08,63293.22,285806,119452.2644,7868335327,18867756.25,707131,1075477.091,5855254.945
2021-11-09,67562.17,335411,125889.4894,8511741830,18868706.25,796734,1573345.935,4939065.725
2021-11-10,66954.11,301025,100574.9398,6732821876,18869637.5,743397,1234525.436,4611901.96
2021-11-11,64976.73,293665,80449.79404,5229229610,18870625,724206,1011019.514,3871710.235
2021-11-12,64838.81,282049,98257.56368,6291969520,18871512.5,697196,954324.915,4033451.796
2021-11-13,64254.67,238634,42797.71201,2739693248,18872468.75,628022,688595.1891,3317164.603
2021-11-14,64420.94,224016,33926.02829,2187474681,18873450,582647,566488.679,3032269.458
2021-11-15,65468.75,288435,87814.12363,5704920149,18874393.75,708944,829415.1073,4363614.673
2021-11-16,63584.25,301103,172619.9795,1.049812918e+10,18875331.25,740829,799225.6436,12111675.86
2021-11-17,60172.26,290390,125182.0769,7480898359,18876262.5,708703,806581.294,6180491.271
2021-11-18,60381.35,293867,173140.1343,1.021300949e+10,18877162.5,725020,693401.1669,5502222.27
2021-11-19,56921.34,284719,105606.8653,6049553193,18878018.75,713194,757058.2996,4604956.969
2021-11-20,58133.02,249652,49278.09997,2884513913,18878925,634393,759702.22,3506542.033
2021-11-21,59777.98,222949,43725.17991,2590670067,18879750,586185,549569.8137,3585506.225
2021-11-22,58755.9,279165,122663.73,7023168183,18880631.25,676350,706967.1579,4334430.964
2021-11-23,56301.52,283401,108312.9461,6167254619,18881456.25,700954,702880.6214,4381844.453
2021-11-24,57578.22,298909,100473.8411,5700109165,18882437.5,737069,798035.5916,4894575.948
2021-11-25,57187.54,287496,154370.3992,8960165966,18883250,741152,866947.0899,5264444.835
2021-11-26,58935.45,292645,209797.4908,1.168420536e+10,18884075,742035,809277.523,5023391.638
2021-11-27,53588.21,240759,45224.1171,2469579561,18884968.75,619406,461068.8864,2901741.328
2021-11-28,54801.15,213768,34328.36251,1876057612,18885837.5,560812,401760.9537,3215364.791
2021-11-29,57292.28,301297,130896.6973,7530278020,18886731.25,727580,641326.4536,4154352.045
2021-11-30,57828.45,293876,104930.523,6028906432,18887568.75,737531,726361.5481,4261988.631
2021-12-01,57025.79,288422,150471.8945,8653248451,18888425,727357,1181129.153,3771439.85
2021-12-02,57229.76,313261,135512.5332,7681001474,18889393.75,781370,1071589.409,3819393.06
2021-12-03,56508.48,290139,107792.2841,5995006291,18890443.75,738749,746979.8404,3502460.633
2021-12-04,53713.84,253674,155768.026,7581447200,18891412.5,697287,850159.1807,4372553.606
2021-12-05,49253.86,215213,69712.07361,3421960961,18892450,588178,1073206.636,2915405.161
2021-12-06,49380.43,284467,155029.1246,7568392055,18893525,701524,634162.8925,5448763.986
2021-12-07,50564.63,288343,130614.4736,6656838608,18894487.5,725368,580986.706,5227643.781
2021-12-08,50645.41,266110,120016.052,6017762761,18895537.5,660440,520104.9057,4330229.187
2021-12-09,50511.12,282775,153096.7058,7507375135,18896556.25,707394,590586.1559,3129236.985
2021-12-10,47659.68,271375,96269.99303,4646748174,18897531.25,716381,558722.0269,3010302.524
2021-12-11,47137.46,225733,,,18898475,599422,383642.8109,2570373.642
2021-12-12,49379.67,214808,25738.26463,1275484167,18899350,567489,324338.5324,2255123.25
2021-12-13,50117.25,278211,99493.18429,4853087723,18900231.25,690479,630558.8728,3044860.12
2021-12-14,46757.09,278275,99033.00378,4698418162,18901156.25,684529,556665.7241,8862769.663
2021-12-15,48392.79,281103,76179.90056,3686557930,18902037.5,707659,562428.3374,3942779.413
2021-12-16,48884.66,256206,88182.58151,4310775515,18902756.25,664445,511856.9473,3458450.297
2021-12-17,47658.38,263495,104543.6164,4982379396,18903687.5,660755,619400.8395,3038603.218
2021-12-18,46173.51,239170,63956.37167,2953090167,18904487.5,616818,405734.9561,2798827.307
2021-12-19,46863.67,206719,25449.64662,1192663841,18905418.75,557914,328609.2884,2379754.541
2021-12-20,46689.28,266947,110939.8642,5179702381,18906318.75,678671,513459.4361,2965053.179
2021-12-21,46910.13,304713,,,18907325,747663,559874.8817,2709775.528
2021-12-22,48934.57,288495,96583.74583,4726284071,18908250,719298,530977.1245,3186379.1
2021-12-23,48628.35,291799,126705.4819,6161478520,18909200,744101,535759.8127,3214607.737
2021-12-24,50785.69,260565,,,18910143.75,678663,616961.0599,2859457.513
2021-12-25,50814.92,207803,106268.265,5400013382,18911062.5,580922,422897.5179,2411011.673
2021-12-26,50470.89,198574,29066.72578,1467023519,18911900,574433,391321.528,2463062.501
2021-12-27,50801.11,249548,79153.38643,4021079891,18912825,674082,668498.2283,3132093.957
2021-12-28,50692.3,265422,91711.92488,4649088410,18913662.5,729388,905399.0593,3275690.731
2021-12-29,47601.26,276083,131348.9465,6252375351,18914568.75,741024,781096.6239,3496397.099
2021-12-30,46408.87,245021,96857.74217,4495058365,18915312.5,679386,819304.013,3153503.505
2021-12-31,47132.96,269540,172549.4499,8132766322,18916243.75,703405,851800.1649,3186813.09
2022-01-01,46249.56,186834,48673.23487,2251115697,18917318.75,512154,430733.7544,2315881.36
2022-01-02,47763.33,196865,30402.67709,1452133099,18918306.25,534857,443604.9904,2244948.029
2022-01-03,47327.87,234793,60782.5269,2876707531,18919181.25,630932,548479.8439,3397829.402
2022-01-04,46441.99,274544,136044.5381,6318179077,18920100,680570,616936.324,3191635.021
2022-01-05,45862.98,272155,89836.47581,4120168493,18921037.5,698013,726457.095,4080367.425
2022-01-06,43436.17,264899,138172.8924,6001701243,18921950,690161,661724.0712,3800536.579
2022-01-07,43120.63,255381,133087.1585,5738802121,18922825,667941,616752.2015,3618186.815
2022-01-08,41528.04,223920,43187.19759,1793479669,18923725,591014,402580.2691,2819429.36
2022-01-09,41690.93,210143,41116.35498,1714179077,18924606.25,568134,327921.1001,2651962.579
2022-01-10,41864.44,266743,102343.5956,4284557316,18925493.75,672264,479596.7543,3425558.829
2022-01-11,41849,277698,120610.0893,5047411627,18926481.25,694475,490057.5873,7366049.454
2022-01-12,42723.37,271933,98083.55643,4190460072,18927350,679922,498173.0037,4649017.362
2022-01-13,43926,274515,93998.52955,4128979409,18928468.75,695923,458481.277,4276418.502
2022-01-14,42546.44,270882,94804.90873,4033611361,18929462.5,688859,411390.244,3870686.161
2022-01-15,43099.37,234373,35830.17975,1544258174,18930500,619262,320162.4904,3947497.417
2022-01-16,43146.53,216151,28095.62709,1212228817,18931593.75,569876,274702.7716,3778329.067
2022-01-17,43102.44,258141,83916.59603,3617010045,18932600,638947,391777.9685,3718675.88
2022-01-18,42248.35,265057,82626.61526,3467788988,18933450,654446,397717.0086,4353080.973
2022-01-19,42381.48,270334,149352.2105,6283645421,18934531.25,663454,369460.2249,3766636.233
2022-01-20,41707.85,271265,115941.7855,4889817377,18935587.5,683613,422843.7822,3530846.432
2022-01-21,40684.42,272348,234294.3929,9008771355,18936425,721363,469765.9659,5170218.118
2022-01-22,36480.85,250294,147460.4906,5255522710,18937262.5,662382,395812.3291,6382051.784
2022-01-23,35071.43,203986,72542.50222,2570198094,18938143.75,554355,272452.2158,5712572.956
2022-01-24,36280.82,270712,201415.9906,7041455188,18939081.25,668850,410833.1185,6746078.392
2022-01-25,36678.82,265128,131001.5114,4793129267,18940031.25,653685,396816.207,5673556.236
2022-01-26,36948.81,261070,125466.5924,4724487376,18940843.75,648504,454418.8475,4148940.092
2022-01-27,36823.5,255925,147495.405,5371981516,18941662.5,648622,424238.8236,3990330.08
2022-01-28,37146.85,264609,112225.7724,4157373396,18942625,680599,464237.6907,4246151.289
2022-01-29,37770.15,231038,126825.1878,4795236875,18943556.25,595231,466245.4331,3909486.619
2022-01-30,38186.49,207173,170445.6301,6463007676,18944468.75,553241,400318.0201,3771459.042
2022-01-31,37918.62,263410,130352.5384,4888913631,18945362.5,671364,491122.5548,3931379.014
2022-02-01,38521.79,272984,210121.4152,8106321716,18946325,687763,567605.693,3896197.776
2022-02-02,38739.74,278985,72998.74525,2772975355,18947281.25,680004,467428.7344,3335079.041
2022-02-03,36912.68,265344,103723.0674,3817962312,18948200,664854,396960.8473,3608398.681
2022-02-04,37092.4,247946,103407.2437,4038621761,18949012.5,651781,547595.1248,4479684.049
2022-02-05,41584.19,258646,77656.5982,3223821586,18949756.25,673249,586963.7038,3530466.148
2022-02-06,41435.43,219196,42789.79031,1779702571,18950731.25,569036,427024.0967,3046303.609
2022-02-07,42450.98,262034,123921.0328,5383799347,18951581.25,660755,630731.7058,4719355.743
2022-02-08,43834.02,276850,133484.6547,5859754860,18952543.75,685310,642541.1755,11957138.88
2022-02-09,44133.28,265804,83927.67605,3696031098,18953418.75,663348,641981.815,5388473.661
2022-02-10,44397.3,260813,122295.0414,5445221749,18954337.5,673697,870712.2075,5358161.688
2022-02-11,43531.11,258595,146995.5834,6311800631,18955225,664971,725224.1396,3919197.427
2022-02-12,42401.27,228189,53188.31125,2253577642,18956393.75,604018,524459.5185,3186538.528
2022-02-13,42245.56,208977,31942.75923,1353922240,18957381.25,590527,368932.2935,3288531.582
2022-02-14,42104.89,247592,88497.9667,3738130873,18958337.5,630477,472127.9902,3957897.445
2022-02-15,42580.94,273623,136575.6391,5996275894,18959431.25,680501,548132.9326,3425575.577
2022-02-16,44536.2,266788,86395.78056,3802128927,18960406.25,677777,454833.4376,3913108.632
2022-02-17,43948.81,255573,87477.62437,3727008286,18961387.5,665429,422986.9745,3664305.817
2022-02-18,40565.69,261055,101204.2521,4086558917,18962225,672505,380448.1096,3922024.418
2022-02-19,40014.55,220673,40499.18342,1623004424,18963156.25,573700,275560.9403,3223183.095
2022-02-20,40115.05,200535,37944.95338,1468226673,18964056.25,549160,222072.9923,3411589.09
2022-02-21,38382.32,237402,104854.6855,4035714192,18964825,615656,367312.5477,4987413.643
2022-02-22,37031.08,260265,94490.16591,3543912810,18965775,647191,345412.8478,4756839.958
2022-02-23,38262.17,251275,78757.0069,3017861449,18966712.5,622682,309000.4382,3597031.736
2022-02-24,37291.48,254139,172501.4524,6195394917,18967537.5,676575,375059.9058,4283223.897
2022-02-25,38344.78,260340,136990.0516,5331044431,18968375,687447,447494.8342,4323350.108
2022-02-26,39222.6,220423,61083.43235,2407133266,18969156.25,582374,288723.4484,3127279.399
2022-02-27,39103.91,211164,47576.50568,1844114531,18970006.25,583361,269531.6386,2944240.974
2022-02-28,37704.56,270918,148868.9538,6046602126,18970968.75,702483,370726.8318,4322021.623
2022-03-01,43226.36,280634,157680.4776,6893627294,18971981.25,722863,850803.8469,4987587.417
2022-03-02,44418.83,288657,123584.0794,5450897868,18972831.25,731603,1290686.933,3629538.71
2022-03-03,43934.85,268244,105955.3649,4573611315,18973756.25,701198,873793.478,3945266.275
2022-03-04,42464.4,262101,138659.3066,5677847228,18974625,675228,628100.1687,3555251.861
2022-03-05,39141.25,225321,41239.9544,1614301923,18975393.75,594977,442387.1433,2616672.692
2022-03-06,39399.58,207116,31278.43931,1221415771,18976212.5,555454,369366.3912,2764429.345
2022-03-07,38407.69,255441,119315.2742,4567257671,18977137.5,648259,432307.8258,3589195.558
2022-03-08,38032.5,255771,101263.9051,3918673432,18978062.5,659214,409089.1882,8872860.886
2022-03-09,38753.1,272805,150181.8763,6199177259,18978925,702360,469664.5328,7533865.345
2022-03-10,41956.53,261553,122390.4334,4863647841,18979831.25,687025,462278.0592,4892503.755
2022-03-11,39437.89,252383,134710.8643,5267029596,18980693.75,659116,434537.6757,4127599.072
2022-03-12,38741.04,225148,36313.20222,1419859005,18981668.75,592255,308297.9837,3409279.418
2022-03-13,38809.18,208092,37006.69723,1439995805,18982612.5,554544,267569.944,3471559.786
2022-03-14,37820.39,259592,80633.22499,3127649162,18983568.75,658358,400146.4292,4364034.516
2022-03-15,39680.6,263178,90413.32526,3536984795,18984437.5,679170,383493.3352,3666648.669
2022-03-16,39320.82,276390,112838.0722,4560772406,18985406.25,721364,417927.9197,4174563.629
2022-03-17,41133.08,278800,161726.0518,6626010100,18986400,743399,430162.4873,4107138.757
2022-03-18,40946.78,261318,143149.0293,5901502528,18987293.75,700248,433915.2799,3376443.662
2022-03-19,41795.77,242424,53237.29065,2228834886,18988262.5,638704,336682.3385,3631155.299
2022-03-20,42222.32,210547,30890.88766,1286402952,18989225,572086,268817.1844,2497434.717
2022-03-21,41250.83,259912,153454.4772,6292318394,18990181.25,663684,390089.6905,4501419.767
2022-03-22,41071.41,264569,105009.5565,4455877254,18991112.5,681184,459040.0501,3615218.646
2022-03-23,42372.67,264182,93649.448,3963031463,18992018.75,671738,457830.5592,3333457.035
2022-03-24,42905.06,262987,97916.39909,4246198424,18992912.5,677148,493690.3896,3540391.731
2022-03-25,44004.47,290719,168595.9691,7477966817,18993887.5,752938,572369.4155,4223371.808
2022-03-26,44334.33,231031,42477.84548,1885491262,18994893.75,611979,371543.1535,3316818.753
2022-03-27,44542.39,218202,91042.01759,4081241680,18995712.5,589872,336779.7862,3293481.199
2022-03-28,46858.53,293304,148836.1035,7054190212,18996706.25,720718,512121.7861,4739013.594
2022-03-29,47115.93,286940,156217.2254,7432137463,18997650,706611,473523.7891,4449903.516
2022-03-30,47448.01,272864,110626.0848,5223175410,18998493.75,662686,527720.2075,3680077.072
2022-03-31,47064.16,279210,165565.371,7725089743,18999356.25,711182,771705.0585,3918935.854
2022-04-01,45539.22,284105,140416.5585,6420672357,19000237.5,738464,896060.271,3434271.068
2022-04-02,46282.56,254442,53452.59028,2491811085,19001081.25,660755,604007.1537,4019035.007
2022-04-03,45825.36,225564,44479.87854,2061001713,19001950,585946,483582.3376,2946637.784
2022-04-04,46425.52,275106,107249.8123,4927607024,19002937.5,691360,577223.6759,3541538.863
2022-04-05,46611.26,273430,88796.46817,4109973025,19003843.75,692888,505142.4729,7671351.704
2022-04-06,45508.16,273640,111934.7369,4973307102,19004781.25,666088,460508.6792,6304541.087
2022-04-07,43190.18,269404,101195.7324,4397281337,19005643.75,677721,437457.298,5536026.916
2022-04-08,43464.32,266805,74311.35799,3214336087,19006481.25,685851,499458.8349,4946555.41
2022-04-09,42278.94,232792,47755.1652,2025819117,19007437.5,597681,345966.4979,3337379.686
2022-04-10,42787.69,216446,43522.49524,1859650890,19008312.5,551596,292248.7868,3396073.771
2022-04-11,42144.23,276623,125638.4952,5145118168,19009168.75,684991,431169.1847,5731184.872
2022-04-12,39488.62,278839,88775.69915,3550344586,19010125,683425,428250.1368,5024041.897
2022-04-13,40102.2,276968,91376.22846,3702852305,19011000,682050,481681.4774,5150151.353
2022-04-14,41148.06,265537,151527.4203,6126220620,19011862.5,673582,449183.9619,5494127.011
2022-04-15,39939.9,254831,62358.20667,2508777341,19012850,666824,356587.7931,4131532.486
2022-04-16,40566.2,225486,43994.79095,1777062284,19013687.5,600335,259655.6482,3189433.874
2022-04-17,40388.78,207324,30898.07995,1246709619,19014718.75,557466,215462.3202,3340442.55
2022-04-18,39711.45,246421,82326.85503,3262749299,19015556.25,631282,338011.7049,5409895.654
2022-04-19,40805.72,273168,91260.94509,3752455856,19016331.25,697163,385051.6267,4972505.233
2022-04-20,41507.3,285655,129884.4868,5390335872,19017331.25,703937,369107.2419,4249194.948
2022-04-21,41375.79,282438,220326.9988,9221622580,19018387.5,710624,454248.3696,5470603.308
2022-04-22,40514.01,260930,75773.38828,3034892220,19019231.25,671463,438976.3135,5495355.369
2022-04-23,39727.65,234978,33379.8352,1324626784,19020250,613940,325604.2047,4701306.226
2022-04-24,39429.01,221992,43976.38097,1742817144,19021318.75,581643,266427.5536,5282577.837
2022-04-25,39465.57,277417,95871.4226,3754783006,19022331.25,680074,501917.1337,8085468.214
2022-04-26,40472.7,273297,115858.1783,4582894825,19023206.25,689345,446260.3449,7555584.97
2022-04-27,38114.94,287105,107415.1883,4169765279,19024268.75,697020,436397.8952,6798134.088
2022-04-28,39249.28,275765,119666.9384,4742383660,19025093.75,697124,446967.7168,6930073.82
2022-04-29,39770.04,286563,126481.0761,4937991048,19026031.25,729033,531783.9174,5369885.748
2022-04-30,38596.28,261630,47606.60177,1835325492,19026968.75,684282,404406.7135,3764940.324
2022-05-01,37661.19,232322,44395.09952,1690042805,19028012.5,625556,297673.8553,4016733.535
2022-05-02,38475.48,272206,121747.5617,4705106675,19029012.5,687096,411650.2619,6371776.48
2022-05-03,38510.65,277895,146052.1942,5567418515,19029950,692327,369854.9831,8811113.308
2022-05-04,37727.19,233045,141293.6072,5527403782,19030862.5,615048,493003.5246,6270271.116
2022-05-05,39674.89,315759,185221.9282,7042747167,19031843.75,778504,859558.0558,9970430.18
2022-05-06,36549.9,286887,178845.0907,6460559731,19032731.25,723743,619675.2095,8436799.329
2022-05-07,36013.03,231623,60720.08185,2176974950,19033625,609656,494605.2526,4296760.625
2022-05-08,35471.42,233892,127005.9975,4391326159,19034593.75,597305,423641.7422,5062090.26
2022-05-09,34082.21,279511,465835.5526,1.493258073e+10,19035562.5,705421,640161.5427,7906603.445
2022-05-10,30175.71,279658,353326.6426,1.099665938e+10,19036518.75,714602,547206.5419,8493874.496
2022-05-11,31003.93,262683,402196.8781,1.221241542e+10,19037425,694927,656026.4448,7324110.043
2022-05-12,28907.15,274204,437138.0607,1.259198521e+10,19038268.75,730516,846229.3069,10019859.37
2022-05-13,28931.14,269880,223447.5317,6761962665,19039218.75,727914,954119.5452,6761876.702
2022-05-14,29234.06,290225,152817.1504,4499178551,19040100,725013,753133.9763,4601287.418
2022-05-15,30074.61,235433,78370.40813,2364626051,19040862.5,599841,497423.0857,2799935.754
2022-05-16,31277.43,272134,194256.4001,5806992357,19041887.5,663779,631061.4502,4542247.636
2022-05-17,29834.09,278496,187365.7538,5663926192,19042806.25,683798,572064.9129,4023776.742
2022-05-18,30406.69,262907,159157.4218,4686908961,19043643.75,646333,488480.7367,2943905.906
2022-05-19,28680.97,262479,168493.1638,5002474733,19044406.25,662000,509156.9342,2753286.585
2022-05-20,30289.87,267034,165183.5582,4929623687,19045206.25,668605,508929.1821,2433751.51
2022-05-21,29159.5,225225,49871.39127,1464248135,19046050,579268,354255.3056,1526229.184
2022-05-22,29409.92,209047,56844.51621,1693623105,19046812.5,535873,347350.894,1189443.373
2022-05-23,30278.94,265106,163946.5601,4939484943,19047812.5,638912,476734.0566,2112390.008
2022-05-24,29074.33,235866,154363.0233,4517108862,19048562.5,600094,473585.857,2564577.434
2022-05-25,29634.57,288842,118099.9218,3514350505,19049462.5,700322,578977.5103,1932187.513
2022-05-26,29518.59,262367,137559.5051,4044772417,19050343.75,653373,518485.7531,2321169.076
2022-05-27,29193.92,270453,168611.8489,4870838400,19051206.25,688580,503865.5221,2809906.867
2022-05-28,28578.89,226794,52743.01348,1523894827,19052131.25,576357,341522.8787,1574808.384
2022-05-29,29013.69,207859,48643.53375,1417152774,19053062.5,530365,290515.6769,1508386.053
2022-05-30,29448.74,271819,116395.6469,3565732410,19054025,644720,408487.6441,2255369.048
2022-05-31,31715.58,276273,165916.6995,5263021003,19054937.5,685567,435064.6197,4503324.897
2022-06-01,31776.27,272165,204662.6577,6314626333,19055787.5,683372,582585.3977,3524202.969
2022-06-02,29780.81,264901,120341.4233,3618792851,19056568.75,664442,587634.9053,2253835.353
2022-06-03,30429.88,267517,141630.4213,4251283075,19057462.5,678027,541594.6422,2018440.188
2022-06-04,29681.76,218629,59163.13614,1757094779,19058331.25,569230,374215.6092,1320781.969
2022-06-05,29845.23,201341,51660.98708,1540123227,19059243.75,538083,282134.5542,1514488.263
2022-06-06,29901.35,268921,162365.5775,5095285504,19060181.25,652057,404733.2744,2225862.488
2022-06-07,31349.82,263641,142498.6758,4259209248,19061193.75,648390,354685.45,2490565.227
2022-06-08,31117.83,261597,100752.4986,3082029800,19062306.25,656376,330221.2438,1886979.249
2022-06-09,30189.25,262105,144596.7073,4372610134,19063218.75,661923,304847.7532,1638041.461
2022-06-10,30083.46,261856,137307.532,4046793103,19064137.5,669839,400568.7535,2415167.275
2022-06-11,29059.41,230002,93859.33301,2694837263,19065100,589547,325582.5274,2215293.91
2022-06-12,28344.5,215473,131986.0818,3659361989,19065893.75,557721,271033.223,2365067.872
2022-06-13,26593.3,272503,519723.1033,1.246257988e+10,19066725,708381,679037.9438,7950792.167
2022-06-14,22431.22,283231,498242.5655,1.099056968e+10,19067637.5,717234,577049.1482,13699201.29
2022-06-15,22189.29,296312,464178.7288,9897143640,19068668.75,732637,550303.3036,17685861.22
2022-06-16,22550.79,251253,333570.2621,7109991512,19069412.5,662185,498304.1123,13439083.64
2022-06-17,20350.48,251574,382605.494,7921356378,19070087.5,663831,450829.6062,11710881.06
2022-06-18,20434.75,247890,440271.6494,8496328974,19071062.5,654430,402940.1516,10560717.11
2022-06-19,18977.51,199777,158972.0342,3068667429,19071893.75,548972,248938.4436,5043012.15
2022-06-20,20540.38,236636,187124.5801,3817198453,19072718.75,605998,314275.2472,4424192.444
2022-06-21,20582.29,254438,209684.5956,4422516357,19073656.25,647716,343328.5905,4176311.886
2022-06-22,20703.51,255472,216220.6728,4390329668,19074462.5,639691,343753.0715,3246047.319
2022-06-23,19953.71,255213,150433.1739,3082609509,19075412.5,633984,306209.889,2934106.215
2022-06-24,21088.3,254348,197293.2397,4160260072,19076218.75,650157,341750.8269,3655204.279
2022-06-25,21194.68,218017,65371.84819,1389427160,19077162.5,557791,284219.0589,1769259.03
2022-06-26,21481.38,206755,40136.25085,858032632.8,19078025,528289,272579.8679,1372513.546
2022-06-27,21020.04,258883,220261.6133,4634269413,19078875,621986,302402.9144,2980504.085
2022-06-28,20702.23,248080,140946.2502,2917809496,19079787.5,624229,298253.159,3984964.217
2022-06-29,20256.61,265079,199996.5045,4029772477,19080731.25,654949,271386.8026,4626676.379
2022-06-30,20085.93,271213,217403.4503,4201108881,19081800,699397,318384.6255,4723524.188
2022-07-01,19865.7,271874,232887.1889,4546355474,19082637.5,714094,352932.1935,4991768.388
2022-07-02,19226.7,235096,67436.1912,1297140272,19083500,614214,255815.0202,3320258.447
2022-07-03,19224.75,206333,68964.17234,1321981863,19084468.75,548190,191712.5607,3337707.843
2022-07-04,19288.97,240385,101572.3234,1972142139,19085362.5,610225,265535.3203,3652243.871
2022-07-05,20208.45,245829,111537.3181,2225404516,19086100,616343,393356.5448,3655744.988
2022-07-06,20181.91,267118,161251.9034,3265960864,19086893.75,687966,499818.9158,3365689.613
2022-07-07,20545.61,281435,153829.1681,3226941641,19087875,691644,508154.0345,2641134.563
2022-07-08,21633.44,268331,158962.5128,3453731278,19088800,682201,496173.3773,3743320.128
2022-07-09,21636.45,220708,102620.3293,2217461123,19089637.5,576270,348228.7242,2403375.761
2022-07-10,21582.6,199369,50840.12074,1077713610,19090593.75,523353,271061.5884,1801928.338
2022-07-11,20834.61,229482,150546.7377,3083629595,19091362.5,590261,314036.0686,4630750.715
2022-07-12,19946.31,275378,136294.7207,2693606547,19092306.25,657668,349067.6594,4606410.647
2022-07-13,19292.99,222657,121559.3671,2383177234,19092993.75,597185,451918.3184,5325507.671
2022-07-14,20223.69,286894,165669.8301,3350075176,19093768.75,685931,637108.4483,3178632.399
2022-07-15,20568.9,269269,186643.8537,3883871138,19094656.25,661194,542463.7054,3610616.463
2022-07-16,20835.61,226638,66791.77442,1392874214,19095581.25,577967,381764.449,2729080.926
2022-07-17,21197.1,202157,89708.63503,1903059655,19096356.25,519659,346081.8814,1709406.418
2022-07-18,20774.23,247895,154875.4732,3392335964,19097175,611990,488794.1575,3309147.206
2022-07-19,22538.08,279950,206597.953,4686873168,19098037.5,682638,600587.1298,3326550.272
2022-07-20,23403.29,260195,143404.0516,3376687093,19098825,642244,605317.4314,2573993.501
2022-07-21,23227.22,273976,285520.2001,6542475947,19099693.75,686329,554844.6493,3759916.702
2022-07-22,23154.09,263276,128222.8275,2968088069,19100518.75,650694,503340.0015,3237588.503
2022-07-23,22687.08,223744,71325.65684,1605649426,19101481.25,572761,302210.7317,2654289.092
2022-07-24,22461.7,199919,43636.8535,986955946.3,19102462.5,531268,241651.7972,1699845.637
2022-07-25,22582.4,253417,102029.9887,2240841201,19103350,629329,280184.4898,3753288.888
2022-07-26,21300.72,264861,120216.5504,2529268855,19104350,655695,305962.4368,5210200.534
2022-07-27,21267.33,255930,94183.75487,2043786368,19105381.25,644191,263174.8582,3749740.111
2022-07-28,22950.29,287254,160814.917,3762271330,19106262.5,697022,379886.949,3178041.813
2022-07-29,23856.25,281608,130123.4779,3110903345,19107175,708268,362410.6664,3425362.215
2022-07-30,23792,232696,53174.34959,1279164246,19107981.25,601643,300782.8527,1805369.239
2022-07-31,23647.99,209042,60626.47174,1438862647,19108931.25,561055,259810.1178,1566853.958
2022-08-01,23326.49,249610,114179.4835,2648018549,19109781.25,635502,335278.0421,3451792.69
2022-08-02,23298.94,266968,105047.3035,2412379201,19110750,663588,349221.7889,3848350.072
2022-08-03,22981.77,282037,122359.1937,2835680870,19111656.25,693063,361541.9814,4346314.721
2022-08-04,22831.85,279707,94924.36355,2162588111,19112481.25,695558,400519.4979,3705608.541
2022-08-05,22608.3,268463,96972.13912,2233455342,19113418.75,687443,450978.7837,4429126.362
2022-08-06,23295.14,237677,37171.98749,861842752.6,19114425,610889,314177.3512,2376954.013
2022-08-07,22947.19,196161,48611.13406,1123561072,19115418.75,522072,258239.4389,1245601.101
2022-08-08,23174.25,256582,96149.37986,2294099110,19116318.75,652517,379249.7347,5535643.64
2022-08-09,23816.32,256233,110191.5858,2572928084,19117212.5,646055,535152.9696,3982542.212
2022-08-10,23156.31,264566,151957.6153,3582463515,19118137.5,663480,446888.1474,4707647.916
2022-08-11,23959.92,287356,118029.5061,2882199944,19119012.5,725127,454876.1932,3822312.046
2022-08-12,23953.77,273661,101929.0742,2439184815,19119975,703328,414181.1167,2556005.269
2022-08-13,24418.38,233308,56497.81499,1386200465,19120843.75,613804,283729.5291,1766078.345
2022-08-14,24447.13,205350,40107.04242,982849307.8,19121675,551189,194465.7083,1232189.968
2022-08-15,24314.89,241934,102764.0851,2486543315,19122581.25,620533,254584.4326,3447594.114
2022-08-16,24096.19,273896,112502.596,2698602542,19123506.25,677726,282486.7298,3290019.376
2022-08-17,23876.29,256127,126493.3214,2992025086,19124312.5,648642,359841.9577,3486262.954
2022-08-18,23332.09,291921,103271.5885,2417721839,19125212.5,685923,349957.3746,2472311.308
2022-08-19,23193.99,279910,166551.5337,3627489930,19126325,736405,301084.5,4540414.321
2022-08-20,20843.22,222722,44710.2003,946263990.6,19127256.25,597278,191269.7576,4251579.265
2022-08-21,21150.33,205435,34144.05179,729684429.4,19128168.75,549247,169408.605,2235957.725
2022-08-22,21520.51,250534,111203.9317,2363547456,19129075,629040,230613.757,5140360.636
2022-08-23,21402.93,256928,90297.23109,1933412558,19130150,641154,246063.0655,5178174.482
2022-08-24,21516.02,256606,84005.54282,1805257440,19131062.5,649399,210063.1307,3602882.929
2022-08-25,21377.51,260460,99902.52829,2158452625,19132056.25,656808,235407.5452,3252453.42
2022-08-26,21597.93,262722,107070.9112,2261441432,19133156.25,686060,239324.61,2905835.77
2022-08-27,20233.32,225420,68390.15994,1378816167,19134062.5,605125,176919.336,2997839.665
2022-08-28,20035.59,202109,42320.72739,846944690.5,19135068.75,547812,151466.7294,1801926.97
2022-08-29,19550.07,252235,102382.3321,2049485398,19136050,641513,220399.9834,3703055.54
2022-08-30,20290.41,262445,154070.155,3088297716,19137062.5,660170,244433.2354,3449140.856
2022-08-31,19793.02,260425,156167.7743,3158897967,19137975,652024,266117.5351,4242118.662
2022-09-01,20047.68,268022,141593.2698,2826592302,19138837.5,685449,293638.0185,4197325.023
2022-09-02,20130.52,270588,141355.3989,2841992710,19139643.75,710783,367305.4014,3912131.596
2022-09-03,19952.91,242597,44309.36155,879894659.7,19140562.5,641511,288197.3639,1971909.484
2022-09-04,19834.94,204538,53627.43577,1061944387,19141612.5,541540,207291.492,2520344.73
2022-09-05,19994.65,250179,106583.2089,2108564797,19142568.75,628765,278168.0783,4359954.354
2022-09-06,19789.87,268125,168847.2879,3297609882,19143456.25,657784,298845.8117,6433456.754
2022-09-07,18806.7,265239,134478.585,2541455674,19144368.75,676262,279472.6262,5792815.362
2022-09-08,19280.08,262863,128465.9349,2474305281,19145162.5,685564,296371.4677,4935443.096
2022-09-09,19327.53,290849,152854.3736,3189528071,19146081.25,753468,364026.8715,4131765.664
2022-09-10,21387.58,241936,56075.40254,1198401082,19147062.5,646199,265602.9972,2332596.901
2022-09-11,21673.03,220361,48645.86341,1050210816,19148206.25,607174,220881.0827,1309161.357
2022-09-12,21794.52,268971,120147.3897,2667188471,19149162.5,665425,287768.8614,2424473.589
2022-09-13,22392.71,260108,153725.3597,3305786866,19150018.75,663498,332316.7724,2854240.262
2022-09-14,20172.56,270309,129910.4955,2626909249,19150812.5,687667,346134.9138,4575128.296
2022-09-15,20219.55,277041,104694.9105,2092789197,19151731.25,700513,345949.676,4070145.884
2022-09-16,19694.69,261361,99654.63017,1962561325,19152531.25,706574,375752.4052,3118813.448
2022-09-17,19787.61,247863,54554.6544,1089606553,19153593.75,641808,340257.4702,1862224.166
2022-09-18,20122.71,212396,40675.153,807694675,19154556.25,556563,242258.6186,1959548.761
2022-09-19,19415.86,253795,156789.0825,2970259317,19155368.75,631537,251549.2473,4848041.567
2022-09-20,19542.2,269773,141611.2897,2717351706,19156318.75,650202,282540.5118,4501260.752
2022-09-21,18879.96,260924,117438.0249,2239450838,19157200,632611,267330.1929,4653045.128
2022-09-22,18507.36,245794,116675.4802,2210473680,19158000,614742,245619.4859,3468487.333
2022-09-23,19408.63,281419,128501.3819,2446313226,19158843.75,689899,299663.8019,2872055.09
2022-09-24,19280.58,228040,36598.09797,699317517.4,19159756.25,588364,214129.9244,1573602.101
2022-09-25,18931.79,212009,43021.24687,817600603.3,19160675,574037,201420.1496,1805999.894
2022-09-26,18807.71,259311,97110.38876,1851841537,19161612.5,614435,276539.3054,3041921.655
2022-09-27,19227.26,271117,161267.3277,3180479747,19162418.75,648681,334954.8347,2802125.31
2022-09-28,19104.89,264048,142118.753,2710524700,19163356.25,620268,268851.8197,3245541.849
2022-09-29,19530.71,267342,212343.8648,4122653171,19164250,652313,288328.4431,2775712.728
2022-09-30,19598.86,286672,170836.1298,3332833908,19165306.25,717755,324479.7004,2587327.688
2022-10-01,19427.2,241993,58362.53748,1129631640,19166437.5,627906,238647.3522,1450113.162
2022-10-02,19314.69,213646,41494.89789,798931959.5,19167418.75,570649,173738.5486,1197649.439
2022-10-03,19049.72,273820,116280.3597,2248298045,19168381.25,656236,222185.699,2421937.109
2022-10-04,19632.61,278744,115768.078,2313129004,19169400,655477,204803.0927,2470136.433
2022-10-05,20342.25,267021,138613.611,2788889390,19170493.75,644568,185366.4978,2144871.821
2022-10-06,20167.79,278204,100673.9951,2029020482,19171487.5,677796,204919.9151,1718745.065
2022-10-07,19956.49,270191,150945.5927,2979008362,19172556.25,675013,209185.3529,1779581.687
2022-10-08,19544.82,235498,45724.98362,891595342.3,19173650,610636,130650.7392,1452643.709
2022-10-09,19417.73,211238,36016.9101,700741117.7,19174637.5,553851,116395.601,1512885.741
2022-10-10,19441.88,258286,67844.71184,1310563231,19175687.5,619704,156355.7408,2316428.004
2022-10-11,19132.52,266451,113902.5712,2173820182,19176668.75,635320,169311.5087,2655452.17
2022-10-12,19049.64,261196,109177.9283,2086811718,19177525,646003,180260.2623,2379349.685
2022-10-13,19156.21,281093,126550.7038,2403635798,19178418.75,691476,281487.9203,2738882.944
2022-10-14,19383.33,284648,119402.1015,2335762973,19179393.75,694651,292262.3958,1979394.525
2022-10-15,19184.71,241758,49417.17553,946841174.7,19180343.75,612380,178198.4815,897539.1079
2022-10-16,19063.1,212919,36499.86056,699358774.9,19181243.75,558957,158771.0516,836631.3579
2022-10-17,19265.53,260471,105025.2384,2043650928,19182181.25,613662,253749.4749,1527703.444
2022-10-18,19548.97,257694,153222.1594,2990446419,19183068.75,615413,325396.9736,2248936.217
2022-10-19,19330.74,263517,114257.3092,2197621701,19184012.5,612805,327041.145,2344968.418
2022-10-20,19125.65,263986,93549.67685,1790440268,19184918.75,633545,244905.0112,1777927.966
2022-10-21,19046.83,270741,81538.80232,1556397811,19185893.75,671089,225041.1251,1862711.192
2022-10-22,19171.34,233097,51422.25094,986726492.6,19186743.75,598580,178006.6327,1261099.295
2022-10-23,19205.45,217872,44768.29384,863875132.1,19187712.5,582380,149734.1492,1297836.786
2022-10-24,19565.91,264486,100242.513,1942021342,19188562.5,629949,231456.7542,1844797.647
2022-10-25,19338.9,248540,102927.4993,2029922330,19189325,601629,332949.213,1891425.341
2022-10-26,20101.27,306069,235017.0403,4840001389,19190293.75,683262,483968.7472,2570391.385
2022-10-27,20772.36,267995,133043.2253,2744026771,19191137.5,648360,358123.2221,2653049.643
2022-10-28,20288.52,283035,103848.7784,2120803276,19192131.25,679257,382498.8125,1819986.147
2022-10-29,20601.63,252661,65975.69105,1370810443,19193025,668004,305071.3049,1846580.733
2022-10-30,20816.16,222138,41546.18391,862100447.2,19193868.75,594597,264021.375,1323024.316
2022-10-31,20628.5,284125,133421.5638,2733690210,19194950,667561,316121.3349,2101561.484
2022-11-01,20499.29,276192,126346.0609,2591653016,19195850,666319,311511.4902,2112775.542
2022-11-02,20486.26,257467,116834.6659,2385280093,19196612.5,630399,341102.596,2461202.923
2022-11-03,20153.99,297039,101906.6521,2064861958,19197637.5,716406,389736.7339,3427399.934
2022-11-04,20208.16,281515,238035.0613,4952741205,19198443.75,689430,408210.5391,3677486.709
2022-11-05,21152.93,257198,65835.42061,1405293791,19199387.5,648416,341897.7453,1912637.86
2022-11-06,21292.67,223404,70645.36961,1500762815,19200243.75,577334,292387.2485,3904182.571
2022-11-07,20920.33,264869,185616.5626,3854033179,19201143.75,643216,329833.1973,3924826.372
2022-11-08,20598.44,295778,270411.1955,5247264405,19202162.5,719305,427418.5838,2127550.489
2022-11-09,18540.11,292265,362299.6641,6268866125,19203093.75,754032,431710.6549,3710317.252
2022-11-10,15856.95,292831,321448.4682,5450942995,19204012.5,774942,413709.5242,3918655.765
2022-11-11,17550.23,284467,299211.3552,5098440479,19204850,747386,383140.3857,4083747.781
2022-11-12,16990.26,239254,175351.8094,2961978334,19205893.75,677645,272917.7866,2511160.22
2022-11-13,16776.4,227644,89737.34661,1494812300,19206700,656286,272584.6369,3371576.682
2022-11-14,16310.3,242416,249897.1959,4115043714,19207468.75,661596,384274.8651,3181831.052
2022-11-15,16587.96,283090,177005.4023,2979130079,19208437.5,703644,611626.9138,2704574.949
2022-11-16,16873.56,268373,215719.9333,3591834000,19209375,670368,592252.3599,2197904.185
2022-11-17,16662.24,248465,235655.2622,3913955463,19210237.5,636467,579379.5184,1608293.995
2022-11-18,16682.44,282091,380947.7187,6403239142,19211106.25,697975,731362.3704,1797707.169
2022-11-19,16683.22,260694,75805.57166,1261281058,19212025,647807,450051.6752,1188723.011
2022-11-20,16687.8,229923,80289.29799,1331263228,19212956.25,595776,323331.266,1633639.755
2022-11-21,16260.41,270779,162515.3254,2601329026,19213762.5,661220,407939.0102,1744871.138
2022-11-22,15759.61,253235,165187.9453,2641080663,19214550,623451,427587.4039,1528416.01
2022-11-23,16194.75,273997,204711.5414,3366476108,19215431.25,696412,482435.4913,1271249.923
2022-11-24,16606.77,254639,102490.4391,1701790443,19216237.5,642832,464256.4483,929311.3969
2022-11-25,16592.67,258341,131464.5358,2167501567,19217006.25,640008,446212.1409,1517766.102
2022-11-26,16507.44,229735,73006.08261,1207868139,19217687.5,598183,391693.2662,794920.3346
2022-11-27,16453.47,222672,56089.66306,928264619.5,19218537.5,568789,294217.1232,693341.9996
2022-11-28,16420.2,262636,99726.42219,1617313064,19219406.25,630827,378268.6356,988137.3834
2022-11-29,16208.96,271512,142246.0223,2334673189,19220225,658815,381745.0173,943505.6675
2022-11-30,16432.73,271416,125676.9772,2125827291,19221087.5,656181,458719.2258,867578.7126
2022-12-01,17170.62,285467,153818.7562,2626041872,19222043.75,704310,504250.4244,891519.3674
2022-12-02,16971.57,271725,129873.8969,2203356246,19222825,686664,488290.589,814875.1287
2022-12-03,17091.23,250951,50410.066,856618706.9,19223643.75,650867,392144.2925,686948.1327
2022-12-04,16894.23,219810,47497.939,808868574.8,19224518.75,570337,287665.8333,561992.0041
2022-12-05,17117.57,274064,109105.1138,1873420427,19225431.25,654949,366490.9754,922708.7355
2022-12-06,16967.02,262438,143476.3277,2437620396,19226275,637825,382345.7352,806304.5719
2022-12-07,17085.45,272328,85391.09689,1442576450,19227350,652144,309554.7451,894608.8608
2022-12-08,16836.05,263838,113981.262,1933366648,19228393.75,646079,252211.6154,942080.8328
2022-12-09,17234.58,265668,102828.6697,1768889806,19229343.75,662365,237910.7972,881416.385
2022-12-10,17128.55,241668,56386.77916,967835995.7,19230306.25,617455,217025.6954,675374.8721
2022-12-11,17124.99,217788,43753.42501,751257988.4,19231225,570664,140659.9398,629574.6376
2022-12-12,17098.61,262646,103777.7656,1766437843,19232118.75,639530,214873.4754,869451.6993
2022-12-13,17206.87,287224,174190.5042,3045350290,19233150,710573,231727.1026,1262929.244
2022-12-14,17771.03,276441,125425.9444,2247571821,19234075,673994,270655.8508,1372297.601
2022-12-15,17802.44,276713,138245.0044,2424485872,19234943.75,691792,358085.8226,1035331.232
2022-12-16,17357.47,254176,131595.2711,2247197492,19235756.25,675745,284866.2778,1122824.329
2022-12-17,16637.6,263200,82851.81834,1383928649,19236618.75,675840,307468.0553,788260.7327
2022-12-18,16783.6,212673,48512.82135,812377663.9,19237525,559608,193904.8458,707201.7179
2022-12-19,16745.99,259096,115664.6806,1929149953,19238375,625817,301441.4737,1048878.136
2022-12-20,16439.89,268893,122862.2663,2059242012,19239250,653824,304645.1262,992503.221
2022-12-21,16904.64,272491,145483.6801,2448023331,19240143.75,653064,278346.7094,864794.5053
2022-12-22,16813.62,271181,110843.1688,1859348909,19240987.5,665463,287541.2382,821592.263
2022-12-23,16818.68,273926,118621.2683,1998836224,19241812.5,680283,292761.7306,884534.8024
2022-12-24,16779.71,213339,60977.16896,1026982505,19242368.75,562534,301698.498,605647.1399
2022-12-25,16838.1,205314,33714.40175,567704284.9,19243250,522307,230836.6898,575331.1692
2022-12-26,16826.86,223504,49422.23475,833385537.7,19244056.25,548937,296889.7963,659881.7813
2022-12-27,16915.7,239359,73837.58185,1240817058,19244775,593337,400541.0669,741006.8047
2022-12-28,16699,272949,115663.0306,1926197296,19245825,661225,344406.4795,873018.2612
2022-12-29,16539.28,265955,131188.5704,2178953229,19246706.25,668338,341839.7384,869143.2757
2022-12-30,16630.49,291015,187830.5536,3109838853,19247693.75,726125,360706.9626,886838.7022
2022-12-31,16599.69,242325,88107.45507,1461649790,19248668.75,618594,202082.9677,626344.3208
2023-01-01,16526.78,187516,57947.45603,960387891.2,19249637.5,509337,117878.5966,557067.3323
2023-01-02,16613.71,229347,70627.13102,1181257421,19250612.5,575250,147534.4946,687118.9777
2023-01-03,16671.54,272055,115897.6825,1935284431,19251575,645565,214074.2941,826711.6095
2023-01-04,16669.6,277936,147221.8118,2477218555,19252468.75,652878,249884.0532,873364.011
2023-01-05,16850.63,279391,125408.1879,2113239373,19253450,682119,242153.0079,880423.9941
2023-01-06,16826.41,276071,89839.74514,1512276042,19254575,685990,227037.3657,996723.0636
2023-01-07,16951.97,246679,59496.36631,1008767780,19255537.5,601071,142863.8932,746382.9466
2023-01-08,16945.2,228488,44145.44721,748656711.9,19256493.75,565595,115008.4463,713516.5269
2023-01-09,17108.41,287347,102295.2304,1764693546,19257443.75,662916,187503.1101,1053342.293
2023-01-10,17192.07,302809,105020.5351,1816231045,19258500,695664,193856.1684,976337.6001
2023-01-11,17443.68,287494,92743.30741,1618746439,19259418.75,661284,216833.2218,861426.98
2023-01-12,17934.6,315980,122156.9718,2247438244,19260362.5,717816,304524.1287,1084938.92
2023-01-13,18859.32,316549,129019.5011,2463264992,19261356.25,743545,317572.3034,1086017.611
2023-01-14,19933.36,309880,117777.7708,2449748174,19262425,725858,291613.569,923781.22
2023-01-15,20955.15,252086,53131.13543,1106496483,19263443.75,605147,165977.4471,752455.5371
2023-01-16,20880.99,302804,97089.10537,2044631860,19264362.5,677371,216970.6535,828838.348
2023-01-17,21190.49,308715,126112.2576,2680237410,19265337.5,680259,274867.6455,1006166.234
2023-01-18,21145.18,300045,114652.6912,2419845788,19266212.5,681758,346401.9036,900026.6785
2023-01-19,20672.78,298919,125581.2772,2617650724,19267118.75,684950,338519.4671,814820.2786
2023-01-20,21087.76,295822,120804.2674,2589324902,19267943.75,702080,427979.9043,827030.5738
2023-01-21,22693.45,287860,107067.8328,2449265693,19268806.25,676478,373161.0993,838929.5035
2023-01-22,22772.5,250760,57851.22541,1318419081,19269750,610248,313453.6942,650097.1141
2023-01-23,22724.23,293709,102289.6966,2335670389,19270737.5,651866,340683.9579,848769.1029
2023-01-24,22924.37,292970,88402.48925,2028801894,19271543.75,660507,388796.7549,759210.1265
2023-01-25,22634.47,306681,131611.2019,2989378582,19272637.5,687864,298079.8634,847506.3279
2023-01-26,23089.74,296263,103585.8565,2388161254,19273606.25,669489,278771.7057,784070.9508
2023-01-27,23008.29,303179,109562.151,2520965288,19274568.75,699439,329186.6518,789086.1864
2023-01-28,23075.81,268849,48692.77898,1122025102,19275618.75,637939,267398.2512,517435.0475
2023-01-29,23032.23,258583,42823.67841,1006418715,19276625,616633,198420.1389,573135.4242
2023-01-30,23755.85,309909,110658.598,2569567383,19277487.5,667280,261711.4232,924370.8234
2023-01-31,22836.09,313500,129281.4982,2972667489,19278206.25,709466,428281.3527,908323.286
2023-02-01,23133.91,345561,123956.4743,2871126485,19279062.5,745886,511609.4271,911899.7638
2023-02-02,23722.02,340169,98632.52595,2350568893,19279968.75,752262,520481.867,776455.8472
2023-02-03,23454.41,315951,121686.2714,2856768763,19280800,738211,582030.813,809822.7738
2023-02-04,23440.09,304495,67285.20462,1574648243,19281650,691143,476163.8847,507403.1296
2023-02-05,23328.24,254113,38551.62264,893021547.4,19282600,594717,323460.0297,540584.5652
2023-02-06,22936.95,301977,82775.37015,1897844366,19283525,663760,422385.8715,671736.8867
2023-02-07,22763.74,300429,88943.52775,2043971490,19284412.5,688379,512088.8732,630915.6804
2023-02-08,23254.79,316963,87539.81757,2023212584,19285275,682912,424694.8835,659626.138
2023-02-09,22964.87,369499,116057.7465,2624133094,19286287.5,783722,485946.6471,828184.783
2023-02-10,21794.05,300092,129629.3905,2821715858,19287206.25,700869,583885.5012,1382005.018
2023-02-11,21638.55,280319,74484.28829,1616291509,19288137.5,654726,490186.3119,834625.6894
2023-02-12,21861.84,259642,41080.61419,898974041.6,19289143.75,617837,411481.0142,699951.6545
2023-02-13,21787.25,299329,103730.6935,2245943774,19290118.75,666916,525699.4142,872938.3914
2023-02-14,21787.99,302653,116569.5232,2556253417,19291081.25,675701,566478.9007,764498.9396
2023-02-15,22211.8,325460,127201.2419,2898459337,19292100,723537,801902.7758,814499.2646
2023-02-16,24340.73,344711,140583.0366,3465947360,19293218.75,759215,769736.4729,1009943.342
2023-02-17,23544.67,321260,112490.6078,2700502696,19294250,716489,643443.6752,930402.3711
2023-02-18,24572.97,276798,55950.96442,1377296531,19295300,656568,491165.8895,606231.2603
2023-02-19,24641.94,240406,44467.08489,1095518514,19296312.5,569883,381216.4975,498507.2753
2023-02-20,24290.18,270081,70277.61345,1732893145,19297231.25,615969,468425.6112,698279.6512
2023-02-21,24834.81,290457,90909.23502,2243262464,19298275,654981,431453.011,835617.7137
2023-02-22,24438.1,282319,105628.4079,2537535479,19299150,660490,442795.5791,813277.1
2023-02-23,24185.67,290728,96118.27993,2319568506,19300218.75,693262,460300.6051,840061.7219
2023-02-24,23946.39,294562,138110.0178,3264100602,19301062.5,695824,437292.955,850392.1135
2023-02-25,23192.02,258413,54608.50913,1260295668,19301731.25,626600,373242.654,569976.5628
2023-02-26,23176.76,277103,35626.29864,829030193,19302781.25,628404,350562.969,550687.8075
2023-02-27,23563.11,292748,118339.4541,2772708721,19303656.25,644967,536701.2131,762396.4265
2023-02-28,23497.62,332358,141462.9322,3303380065,19304512.5,731797,603782.2708,840027.3877
2023-03-01,23128.3,381932,139841.3381,3301347257,19305575,826824,614328.8338,843483.4423
2023-03-02,23641.68,330047,89085.09386,2086533469,19306475,726383,560736.2282,818901.8537
2023-03-03,23467.36,355273,116727.7055,2615790472,19307525,807383,626254.6811,951626.1474
2023-03-04,22351.72,306300,62108.68574,1387147095,19308475,678996,452361.9805,574022.9649
2023-03-05,22348.51,286638,64515.96964,1446601447,19309443.75,630099,394378.3146,583585.367
2023-03-06,22427.56,316016,96900.63774,2174309952,19310268.75,671836,539809.1165,769803.719
2023-03-07,22410.62,362082,151172.7733,3374322168,19311300,771846,572685.2245,933882.0143
2023-03-08,22197.49,292493,153227.2229,3388596598,19312131.25,656385,579385.6001,868038.888
2023-03-09,21698.33,336854,149960.9469,3196734602,19312975,700965,958146.1439,844190.9544
2023-03-10,20363.36,329334,157080.4837,3145620928,19313825,762121,879028.5699,996440.5874
2023-03-11,20224.85,319707,130999.3683,2656253788,19314856.25,721567,552974.0343,939584.329
2023-03-12,20656.78,265555,78217.06784,1616901384,19315862.5,621363,441215.2497,669286.141
2023-03-13,22205.32,333107,204420.1534,4722952044,19316843.75,725571,602960.2307,1160391.557
2023-03-14,24213.74,327892,206101.8445,5174879852,19317756.25,728811,945607.8014,1168826.668
2023-03-15,24767.46,345059,155614.76,3832195528,19318675,750215,829303.8943,983348.8119
2023-03-16,24376.39,295049,155110.3841,3822620890,19319512.5,687640,826660.6846,863763.35
2023-03-17,25053.64,338823,195075.4374,5161878712,19320431.25,768841,1121727.552,1149279.611
2023-03-18,27462.77,296890,81472.87213,2228054547,19321443.75,691597,954794.5912,785430.4038
2023-03-19,26975.39,269131,86108.25094,2375622527,19322368.75,619482,800366.2196,885659.7928
2023-03-20,28045.84,341288,158189.0294,4411638892,19323331.25,725399,826286.1163,1314125.882
2023-03-21,27790.89,327932,102407.1456,2864598880,19324237.5,708659,821883.6148,1158929.579
2023-03-22,28191.53,297575,145937.7999,4085982036,19325231.25,688658,1001060.42,1050567.944
2023-03-23,27306.32,295245,144717.9438,4021952027,19326375,677191,1128390.59,1044625.164
2023-03-24,28332.42,292095,116233.0943,3241169631,19327387.5,683787,1238315.766,1093192.698
2023-03-25,27496.2,290197,56467.00445,1550482122,19328293.75,659846,841297.0285,741608.2617
2023-03-26,27496.06,261243,35489.11325,984037172.7,19329193.75,594775,606321.778,736387.1193
2023-03-27,27999.84,296557,93583.24683,2566202032,19330118.75,668827,637136.7356,1118894.876
2023-03-28,27141.23,316281,108264.481,2928743460,19330956.25,684623,757392.465,1145221.342
2023-03-29,27274.72,334637,115473.7316,3259547576,19331875,727221,774437.2833,1120186.123
2023-03-30,28355.92,326347,192123.509,5441832858,19332843.75,727172,785727.6906,1514168.423
2023-03-31,28033.06,308386,130808.0699,3688566064,19333725,732643,920019.6897,1077365.232
2023-04-01,28479.75,319646,47224.72825,1343707942,19334600,702374,896685.7465,787630.2736
2023-04-02,28465.04,341622,33841.45079,956580471.2,19335531.25,659613,696571.0734,753672.8192
2023-04-03,28185.2,332870,86694.49667,2427314471,19336350,681747,775412.1455,1064866.083
2023-04-04,27802.23,421130,107159.9173,3009364817,19337362.5,809319,955351.6302,1098520.057
2023-04-05,28169.5,346885,138163.7349,3909874647,19338231.25,719774,907818.0696,1117417.629
2023-04-06,28180.4,354019,98312.36855,2750821198,19339231.25,740308,956706.9357,1031407.781
2023-04-07,28039.94,355031,59444.03974,1658809072,19340118.75,739977,758818.346,772690.6652
2023-04-08,27925.55,318505,32356.38986,904857861.2,19341037.5,661759,615696.2827,583223.4415
2023-04-09,27956.01,278404,28089.5638,786257013,19341950,570129,473109.9628,591051.8908
2023-04-10,28336.18,289625,108374.0401,3111868332,19342718.75,633252,622984.9285,947863.3778
2023-04-11,29656.24,385002,183916.5415,5538417634,19343681.25,793340,951293.1339,963260.871
2023-04-12,30234.98,338102,193190.3591,5793871314,19344681.25,714277,737969.7089,1182479.731
2023-04-13,29899.24,332042,104172.7,3142733103,19345568.75,720191,784076.7072,778872.4
2023-04-14,30407.6,315959,122329.7499,3725625623,19346443.75,729076,848602.4406,1029306.275
2023-04-15,30486.05,276185,48209.05598,1462605812,19347431.25,644020,653210.8332,768118.8017
2023-04-16,30319.32,232268,35106.45998,1063225848,19348206.25,558992,483124.4549,634651.9199
2023-04-17,30315.39,316193,124950.1101,3697555659,19349175,665181,620756.6634,1100206.067
2023-04-18,29447.1,312522,80743.49448,2422892169,19350212.5,680093,610251.6376,799434.5493
2023-04-19,30393.64,301722,95200.40108,2806672447,19351081.25,680099,617230.7998,786134.4406
2023-04-20,28829.57,296683,141927.57,4050944569,19351912.5,675813,607694.963,788964.698
2023-04-21,28243.02,352218,128137.9793,3574778823,19352818.75,771581,673592.2618,838265.8304
2023-04-22,27267.99,354752,50693.38904,1388897603,19353750,652782,449452.0392,553571.777
2023-04-23,27816.18,432760,41100.7588,1135637673,19354668.75,604273,377430.891,487623.2554
2023-04-24,27590.55,360173,77073.36885,2117557491,19355550,634746,573245.1686,815330.5543
2023-04-25,27516.48,369843,94188.38252,2588478714,19356331.25,663868,735508.6163,797672.5709
2023-04-26,28301.71,436461,102106.01,2963529478,19357143.75,668682,957979.6287,897233.8574
2023-04-27,28429.72,418912,94644.55048,2759095405,19357956.25,673213,1229872.162,869057.0062
2023-04-28,29480.35,483522,76447.12108,2242009224,19358875,725813,1345019.883,863516.8474
2023-04-29,29329.63,486031,47509.05161,1392685430,19359731.25,628996,1255139.904,589539.4344
2023-04-30,29244.68,568516,31680.05319,930842814.8,19360656.25,612597,1399370.727,676938.3539
2023-05-01,29264.14,682281,90802.23671,2578412163,19361793.75,697731,2014627.352,816867.8004
2023-05-02,28086.65,457708,97568.38967,2767795702,19362600,620729,3273981.299,673165.5041
2023-05-03,28678.29,489559,84908.00171,2422988601,19363481.25,728440,3544855.872,951363.8871
2023-05-04,29007.66,491123,95354.06896,2761594919,19364393.75,680011,3288495.792,838973.7156
2023-05-05,28851.84,411429,85623.22897,2510385338,19365137.5,652054,3957854.125,821755.2958
2023-05-06,29535.38,601134,48084.95254,1400151900,19366068.75,619770,5314480.411,872788.1279
2023-05-07,28903.41,607883,216761.691,6275070589,19366937.5,482095,11680119.9,1020109.31
2023-05-08,28456.84,575051,94842.87349,2648208726,19367793.75,552358,17774953.32,800540.6964
2023-05-09,27691.41,598256,82628.11813,2281077965,19368737.5,586519,12170055.63,745971.0085
2023-05-10,27640.09,671668,112451.5633,3137536935,19369800,686423,9436638.188,847529.6318
2023-05-11,27617.14,546549,101828.2195,2770395979,19370743.75,596717,5303642.767,854687.5778
2023-05-12,26993.2,509159,119532.8653,3169630069,19371625,604937,4591339.497,961567.3125
2023-05-13,26803.05,575640,36932.84019,991289461,19372531.25,553742,2919802.956,527760.2436
2023-05-14,26785.94,631677,45174.2326,1215289911,19373618.75,565005,2376958.256,521803.0705
2023-05-15,26926.17,526379,100840.7205,2763003238,19374537.5,579485,2459702.15,718574.0875
2023-05-16,27191.97,566462,111092.3407,3008826128,19375493.75,625496,3185687.81,884090.8604
2023-05-17,27036.39,583454,91389.04581,2465971974,19376493.75,627113,2517216.526,836811.1949
2023-05-18,27398.27,476704,93060.09233,2512673145,19377375,603811,2898574.685,834936.1545
2023-05-19,26833.27,515474,94960.8388,2554604960,19378312.5,664491,3191230.87,731605.8663
2023-05-20,26889.6,423736,34138.82335,920228012.3,19379131.25,559902,2296090.64,488585.6496
2023-05-21,27124.48,486625,29325.63877,791504500.9,19380075,542208,1929304.223,532324.9063
2023-05-22,26756.57,499281,94356.66716,2534089158,19380975,604303,1905304.251,837237.7582
2023-05-23,26849.97,519870,116752.5998,3180993164,19381937.5,636984,1901087.246,948190.1386
2023-05-24,27223.19,405521,102295.8796,2711288352,19382818.75,617027,1726076.062,991723.4285
2023-05-25,26327.38,460167,128399.9282,3373192745,19383762.5,689359,2417525.799,849143.1488
2023-05-26,26477.29,532373,98985.26253,2636344925,19384718.75,738629,2600148.428,720918.5863
2023-05-27,26719.74,471633,53441.41087,1428456846,19385625,672783,1660329.915,541931.8974
2023-05-28,26873.18,496158,43438.56525,1186204873,19386625,647993,1709329.779,630627.1937
2023-05-29,28082.7,550324,91866.39413,2564600224,19387637.5,664954,2004263.843,880581.2658
2023-05-30,27744.66,515246,97715.02213,2717578997,19388600,713954,2221252.243,1012502.265
2023-05-31,27704,421579,126285.4447,3431301492,19389481.25,709100,1867484.572,1390860.762
2023-06-01,27213.71,355986,136856.3501,3687459598,19390306.25,678136,1915515.129,1100258.09
2023-06-02,26814.77,479437,114777.1693,3105301690,19391331.25,721266,2059113.635,1256071.165
2023-06-03,27251.93,381453,76215.89781,2070061018,19392143.75,635282,1214418.403,819875.2366
2023-06-04,27073.27,364020,58007.71909,1576273014,19393068.75,588801,1045713.243,962564.3928
2023-06-05,27125.02,359254,115427.9577,3039689265,19393931.25,610475,1522231.588,1536383.675
2023-06-06,25747.2,462072,117855.0008,3081878130,19394875,763100,2181112.228,1353634.714
2023-06-07,27243.64,433781,107941.3261,2879720193,19395718.75,734954,2607709.184,1020736.892
2023-06-08,26352.2,407006,111470.6765,2955188803,19396681.25,682296,1856163.719,1059386.571
2023-06-09,26507.33,387084,87126.27135,2312552076,19397737.5,676835,1969653.516,1118985.143
2023-06-10,26483.52,365369,89015.38224,2299022635,19398700,643676,1283971.023,1031633.677
2023-06-11,25852.82,399201,71055.40006,1835728223,19399718.75,561469,907591.63,1025490.7
2023-06-12,25933.06,370634,119423.8343,3092719403,19400700,617352,1100687.378,1167701.622
2023-06-13,25904.32,410483,117949.2899,3067091260,19401618.75,682607,968434.5116,1001925.958
2023-06-14,25921.42,330658,126989.8532,3287955133,19402375,633244,1041957.722,960062.1867
2023-06-15,25127.04,423069,162816.1886,4099477121,19403300,689182,1031344.19,931644.1197
2023-06-16,25575.69,512202,146431.4386,3776668076,19404256.25,765014,1178722.017,992766.0933
2023-06-17,26326.23,475252,81972.35725,2175325694,19405131.25,662278,1070141.293,677173.3203
2023-06-18,26509.82,439868,73432.92109,1950479881,19406075,661930,809692.0628,755464.6992
2023-06-19,26337.08,415604,197433.1414,5228204127,19406962.5,614017,828508.9407,957852.9125
2023-06-20,26848.8,447715,142390.1993,3897871060,19407812.5,746599,1025565.028,1060969.172
2023-06-21,28326.8,363280,200474.2614,5891685868,19408568.75,693078,1290853.904,1219055.779
2023-06-22,29992.98,392041,148744.8339,4476871257,19409425,722789,1338870.527,1175385.989
2023-06-23,29903.73,374001,141260.8126,4295642712,19410206.25,707501,1245927.316,1059356.207
2023-06-24,30692.8,361437,90411.26938,2769810822,19411118.75,683837,1034349.605,729531.7531
2023-06-25,30548.59,382769,72583.93345,2222325692,19412075,656558,900286.6005,776166.1887
2023-06-26,30458.97,403979,115973.7271,3515517321,19412987.5,692095,991023.2264,1042169.696
2023-06-27,30266.7,434858,115965.5779,3548784762,19413862.5,707936,967788.6971,989993.5557
2023-06-28,30699.11,331278,128167.564,3880455108,19414537.5,627350,905240.357,931843.2289
2023-06-29,30083.59,438193,170406.1671,5186493187,19415450,726305,1127727.05,1141335.526
2023-06-30,30449.16,445197,171906.3341,5253587195,19416437.5,753791,1060715.172,1147700.611
2023-07-01,30471.5,324274,102935.338,3141739114,19417268.75,622117,776814.7326,760626.7491
2023-07-02,30591.53,309920,63693.96811,1946218417,19418337.5,534333,732885.0985,589951.4185
2023-07-03,30618.25,328114,115255.4304,3558028612,19419193.75,655439,802784.6599,929045.2085
2023-07-04,31150.92,378556,99322.51531,3086147730,19420081.25,645583,726610.0459,877207.5105
2023-07-05,30774.87,493478,99742.10744,3050116810,19421050,716586,646677.3802,843727.5043
2023-07-06,30502.55,392688,164017.8066,5006659381,19421918.75,709055,602469.3927,928908.8471
2023-07-07,29918.04,556014,102122.8639,3087879873,19423012.5,773326,585105.2011,924497.3384
2023-07-08,30344.53,573697,57181.35656,1730543820,19424125,695972,446059.1524,708110.5389
2023-07-09,30214.55,594265,56630.11199,1716596080,19425181.25,732590,411104.6289,721745.7382
2023-07-10,30214.55,507115,117759.5945,3569416296,19426143.75,679425,492438.0919,913774.6375
2023-07-11,30411.71,432293,104606.3157,3194618003,19426987.5,686922,521035.8086,815970.1876
2023-07-12,30622.7,478320,126989.4204,3887422552,19427887.5,752660,596712.8742,904499.0042
2023-07-13,30391.64,375859,178943.9635,5521099980,19428637.5,678891,606473.3024,930321.169
2023-07-14,31485.37,421666,,,19429500,760021,705028.8376,946356.1512
2023-07-15,30330.22,484980,57632.99383,1748986508,19430362.5,732135,513979.4183,680788.2196
2023-07-16,30291.67,595145,47981.73425,1455153738,19431331.25,732664,467969.0653,686696.6677
2023-07-17,30240.28,428612,108475.6861,3277687846,19432181.25,703876,520021.0531,865536.8886
2023-07-18,30144.2,582684,126195.557,3782011844,19433193.75,775244,576157.3302,1109685.065
2023-07-19,29859.24,480249,129517.5642,3888838290,19434118.75,745057,545352.7525,894747.3019
2023-07-20,29912.48,400400,107869.0671,3231336979,19434918.75,685150,682999.6029,864106.0699
2023-07-21,29802.29,323847,111892.4512,3344069486,19435618.75,657357,685440.6141,744311.1848
2023-07-22,29907.88,288750,41211.11082,1233142619,19436456.25,556589,1374134.479,526723.2991
2023-07-23,29774.36,559624,44421.28134,1331395491,19437375,691587,765865.8191,535511.357
2023-07-24,30081.88,529923,107585.3218,3158620785,19438312.5,704020,779256.7509,752843.9564
2023-07-25,29178.42,462586,89725.72812,2621711162,19439175,734826,521730.7536,691905.0382
2023-07-26,29226.18,452746,90403.04158,2649786001,19440075,737067,551760.1911,701005.752
2023-07-27,29344.56,413038,113274.7484,3329621509,19440937.5,713630,619524.769,739623.5063
2023-07-28,29213.94,449225,101322.1818,2970637148,19441812.5,720574,596803.1088,786619.9205
2023-07-29,29316.12,423119,54553.39655,1601998854,19442637.5,694496,474147.6927,536663.1513
2023-07-30,29359.89,645854,47182.95444,1385049778,19443687.5,800500,509661.283,625826.0802
2023-07-31,29274.94,445666,92215.69116,2707674657,19444568.75,677346,504653.1092,797988.1651
2023-08-01,29228.49,412219,113962.6584,3311090306,19445437.5,734323,543687.0465,757590.1897
2023-08-02,29683.61,390768,117426.0123,3452200382,19446400,698941,621913.5782,689168.2336
2023-08-03,29152.45,476007,82175.39894,2401529886,19447343.75,716303,679188.0539,690635.5035
2023-08-04,29183.41,318486,71778.13704,2095710324,19448100,641787,662303.6668,660473.318
2023-08-05,29075,500723,50157.12189,1458134945,19449062.5,729623,613628.0467,581305.9064
2023-08-06,29048.01,607275,42143.11166,1225095930,19450087.5,771973,491584.1121,505741.6316
2023-08-07,29041.01,427534,102960.5962,2995072046,19451000,676210,659895.7476,894423.9688
2023-08-08,29181.71,331194,102346.4281,3023308596,19451781.25,616643,859783.7198,898828.7357
2023-08-09,29768.29,506746,93296.49332,2775748042,19452793.75,735662,805270.906,873150.844
2023-08-10,29565.82,358039,107597.8409,3177865892,19453587.5,711323,726954.6634,941072.4195
2023-08-11,29433.98,506538,95455.82936,2809095914,19454531.25,733810,690365.9361,818625.1948
2023-08-12,29399.18,503934,46175.81528,1359189797,19455575,703004,571693.4065,735684.3152
2023-08-13,29412.84,497112,44434.44621,1306994333,19456418.75,650366,401312.8948,623711.5013
2023-08-14,29283.84,568517,112203.5987,3301793397,19457487.5,723900,539304.0027,858431.9676
2023-08-15,29413.8,583063,98544.80587,2891347382,19458556.25,786113,536032.4157,802670.9238
2023-08-16,29169.09,566878,91739.94748,2674220840,19459575,669749,530443.7311,911735.1444
2023-08-17,28701.48,502274,160100.014,4488093404,19460550,769086,538982.2054,1218979.268
2023-08-18,26662.05,423207,149803.1828,3939445600,19461418.75,783855,578088.1723,1007438.471
2023-08-19,26047.05,519780,45709.96686,1189729725,19462293.75,628343,434805.3641,663964.7805
2023-08-20,26090.7,612461,42712.0847,1116745350,19463306.25,691316,395205.1795,603806.4124
2023-08-21,26189.99,550074,93488.12577,2438814199,19464337.5,739287,432459.7017,1018065.91
2023-08-22,26123.41,420857,107913.4877,2805355086,19465231.25,633631,492337.1684,1052524.297
2023-08-23,26036.91,417822,156412.2368,4105797823,19466118.75,652036,506433.3854,1064131.317
2023-08-24,26426.74,399151,87927.93658,2313068104,19466987.5,660102,459297.7429,860217.3443
2023-08-25,26165.4,425192,109697.123,2858717862,19467831.25,706946,470208.976,782152.492
2023-08-26,26049.42,497513,41165.93855,1073303916,19468687.5,747932,424553.399,578582.579
2023-08-27,26006.44,413594,38423.85177,1002187516,19469412.5,606069,351591.9938,787372.4156
2023-08-28,26088.78,331345,86180.32091,2246551929,19470150,636935,442503.6997,906625.1625
2023-08-29,26108.31,500301,142186.5114,3820977847,19471137.5,767879,566738.2881,996346.5106
2023-08-30,27731.23,408001,130521.9798,3567436419,19471925,665354,525994.5374,996724.5944
2023-08-31,27301.12,437435,121058.4476,3250990939,19472825,742110,714501.3044,819757.2093
2023-09-01,25932.99,419548,136310.0634,3524505655,19473768.75,769950,677157.4108,928169.1348
2023-09-02,25802.1,539748,45468.73927,1174633058,19474718.75,774348,601043.6773,606921.5389
2023-09-03,25869.09,625257,40573.68244,1051592645,19475706.25,696368,515578.8987,485496.1422
2023-09-04,25969.05,573196,59922.80962,1552988197,19476637.5,730142,585972.1907,647188.8686
2023-09-05,25810.86,462093,88741.90576,2284752211,19477412.5,753968,647906.2749,710722.9376
2023-09-06,25785.3,485357,86436.55378,2224002155,19478256.25,757286,778879.0262,697201.7019
2023-09-07,25753.31,537939,85080.08566,2196838787,19479168.75,785059,815951.9872,696458.6362
2023-09-08,26243.47,414799,73731.46741,1920704828,19480000,694292,932527.7123,644500.1684
2023-09-09,25906.03,597409,47700.39376,1234753985,19480943.75,927787,842027.8183,551899.9279
2023-09-10,25894.31,558395,38802.63088,1002287879,19481862.5,847065,1215028.306,637600.8717
2023-09-11,25832.82,459132,91193.6491,2325306661,19482856.25,719793,833347.0648,735758.9172
2023-09-12,25162.7,462328,103598.0746,2684061968,19483737.5,784703,803868.8615,819176.0998
2023-09-13,25835.7,512446,72859.8949,1902557899,19484656.25,802393,812508.6563,674613.8559
2023-09-14,26227.98,576215,80058.34767,2117764128,19485668.75,875176,817717.3845,766395.1866
2023-09-15,26536.02,703692,98924.14948,2619179658,19486843.75,1017545,865177.5639,862601.8219
2023-09-16,26605.75,593144,52753.24893,1401576878,19487812.5,876224,709814.4932,646453.4052
2023-09-17,26568.65,611220,33415.9165,887334572.4,19488743.75,854606,751600.7306,579312.6681
2023-09-18,26536.54,635845,86631.64101,2336439936,19489718.75,852484,1269166.061,786799.871
2023-09-19,26763.76,493887,94431.321,2555774449,19490587.5,741822,1282769.171,857700.7318
2023-09-20,27222.12,551783,80340.88093,2181950203,19491500,823616,1286584.89,934869.1978
2023-09-21,27133.55,431540,94741.78967,2534569070,19492362.5,763149,1268364.452,713940.1415
2023-09-22,26569.6,441679,77591.71657,2068161119,19493168.75,757791,1225302.567,641040.271
2023-09-23,26581.86,629617,57813.36531,1538409213,19494143.75,882768,1391183.923,475221.1891
2023-09-24,26580.72,441181,51379.44426,1366636587,19495056.25,685778,986874.1326,484248.7905
2023-09-25,26252.75,285750,105636.1558,2772928956,19495962.5,635909,875681.9807,817480.6791
2023-09-26,26293.29,309789,94701.45893,2486736225,19496812.5,624716,726267.7587,663249.4261
2023-09-27,26212.82,337265,98530.26317,2596845120,19497793.75,621414,836279.0745,761678.5739
2023-09-28,26357.65,378975,125077.265,3339343687,19498706.25,639899,784363.6919,811180.6622
2023-09-29,27021.15,330269,117913.2234,3181198878,19499625,713902,803871.913,889802.4019
2023-09-30,26916.91,275474,82288.38996,2222128127,19500487.5,625600,581738.0561,653579.8885
2023-10-01,26970.43,320516,49528.16135,1345571689,19501368.75,613394,513913.231,555174.5092
2023-10-02,27983.92,344263,141486.3361,3977522375,19502350,691873,766135.6436,1106424.66
2023-10-03,27532.51,310664,95403.41564,2624422331,19503375,676161,799362.4868,839377.0869
2023-10-04,27430.23,287430,130085.5294,3581678810,19504193.75,638418,725184.2335,982241.5968
2023-10-05,27797.56,319310,94936.93529,2623391573,19505075,687363,738393.7089,1075503.111
2023-10-06,27416.69,298650,86712.46317,2403218204,19506075,679001,1179180.923,1060461.489
2023-10-07,27946.61,244567,62827.0121,1755532319,19507143.75,596825,1159098.659,808983.5327
2023-10-08,27973.26,242440,43645.86735,1218999803,19508068.75,557949,435144.3201,633374.1145
2023-10-09,27937.18,283648,78058.63661,2158065359,19509043.75,599404,549770.5897,749422.1336
2023-10-10,27581.42,285060,138948.7786,3821910974,19510056.25,629505,480418.4427,832238.8224
2023-10-11,27395.65,264600,143284.3995,3864035732,19511056.25,607097,583495.6423,875875.9048
2023-10-12,26867.79,267090,101827.7,2728907718,19512087.5,624747,663658.9418,760762.3741
2023-10-13,26758.66,279518,90214.7589,2421619647,19512950,662518,601309.9929,648945.8177
2023-10-14,26866.51,265220,57978.00883,1560413913,19513862.5,612783,370813.026,723954.0529
2023-10-15,26855.89,251923,48342.6457,1303123392,19514906.25,571061,307164.4247,521404.4775
2023-10-16,27167.87,299782,131189.8504,3676992091,19515787.5,652765,578636.8401,980831.3438
2023-10-17,28517.32,294257,150538.8854,4274499054,19516800,645537,574955.6118,871217.8227
2023-10-18,28413.17,271345,157561.836,4475389717,19517706.25,613906,542282.5065,824492.3993
2023-10-19,28331.5,282007,107269.0454,3055653664,19518581.25,649723,534443.392,863816.6159
2023-10-20,28723.49,295888,170710.6815,5040684944,19519418.75,705226,597861.3048,1023733.328
2023-10-21,29682.6,270621,57830.07219,1723876211,19520356.25,640544,482497.7223,635750.1867
2023-10-22,29921.68,252457,53183.68012,1590687842,19521312.5,577606,370247.4837,635943.4782
2023-10-23,29990.73,301780,167156.9007,5176316934,19522293.75,660705,527966.205,1143455.336
2023-10-24,33059.98,373854,245577.9142,8364035570,19523081.25,755204,1311476.424,1449118.627
2023-10-25,33902.65,476549,157654.8065,5410058415,19523981.25,812853,1422449.076,1043657.619
2023-10-26,34493.19,431256,152431.9018,5226498896,19524918.75,778594,999888.733,930192.4649
2023-10-27,34157.79,452816,150141.3528,5100484103,19525881.25,801082,883836.3007,866540.9429
2023-10-28,33911.08,564383,84181.8362,2870949244,19526881.25,819540,662883.2656,624077.5307
2023-10-29,34090.68,410290,50291.52965,1726351389,19527737.5,672955,471664.6394,632022.7349
2023-10-30,34532.39,463202,129829.4753,4478036358,19528712.5,779588,631253.5789,971381.709
2023-10-31,34501,433751,110345.8385,3801042795,19529681.25,782062,627895.2518,794305.5242
2023-11-01,34662.16,463644,136846.5306,4737884155,19530612.5,796206,743380.9078,841010.4789
2023-11-02,35440.51,403541,126227.4215,4431468531,19531512.5,806444,831899.3828,841099.2868
2023-11-03,34934.65,452354,140085.4018,4845318003,19532362.5,789502,1142717.307,844764.994
2023-11-04,34736.55,698917,48894.6656,1702192684,19533412.5,957847,2833807.01,620931.684
2023-11-05,35088.05,673375,51137.80067,1792951507,19534431.25,891683,2500866.781,548298.572
2023-11-06,35048.35,439319,101205.8016,3548525600,19535225,725183,2609000.315,779204.6619
2023-11-07,35035.12,450371,114154.9951,3993548211,19536056.25,737771,3086316.297,794109.703
2023-11-08,35436.28,583201,143444.6585,5080135350,19536987.5,837044,4180094.603,860092.4473
2023-11-09,35629.52,573466,171352.9166,6287696612,19537881.25,832393,9218557.788,1099687.901
2023-11-10,36696.25,523831,150674.0327,5561958754,19538843.75,848433,6043066.356,842257.7706
2023-11-11,37321.65,627529,66790.69429,2477252247,19539843.75,894325,4284424.641,691936.282
2023-11-12,37140.27,703327,45153.41074,1674082857,19540850,880975,4545267.992,615510.8866
2023-11-13,37058.98,428507,104333.2986,3848545071,19541606.25,670301,3973442.386,787410.0339
2023-11-14,36497.35,523422,,,19542468.75,745056,3673149.73,940829.7245
2023-11-15,35545.97,561942,113125.7945,4102614221,19543393.75,770577,4931668.631,830435.4208
2023-11-16,37891.48,628426,123013.2227,4524130271,19544318.75,813390,11745134.96,870584.5928
2023-11-17,36155.5,536644,114717.372,4171500786,19545256.25,760684,9122450.621,753044.601
2023-11-18,36624.3,629266,44259.23319,1616474691,19546187.5,748237,11748409.47,489096.7765
2023-11-19,36588.13,710579,41586.99294,1523180187,19547250,806772,7445443.262,563125.2195
2023-11-20,37396.17,640670,112186.4492,4189953801,19548287.5,804527,6632827.605,935653.8675
2023-11-21,37479.96,522593,135282.0678,5018074299,19549237.5,779702,6407931.801,961211.3932
2023-11-22,35808.95,535829,137173.3586,5032277994,19550125,777966,5627728.008,926218.3602
2023-11-23,37427.42,587706,101490.0941,3787901261,19551043.75,771284,8264672.414,718858.5013
2023-11-24,37297.56,623898,126080.9649,4748926596,19552093.75,841609,3678253.346,893910.9052
2023-11-25,37720.5,617234,72335.48489,2730084337,19553087.5,861295,3479684.287,644465.7944
2023-11-26,37800.94,578484,54963.00354,2065071069,19554000,817987,3049563.365,673446.2799
2023-11-27,37468.89,479487,149026.0976,5524499401,19554812.5,759608,3363684.369,851459.6801
2023-11-28,37248.86,447662,117760.1283,4427109260,19555731.25,713884,2947957.109,818304.8082
2023-11-29,37832.75,360588,123870.0067,4699623330,19556581.25,646160,2416024.691,877558.2599
2023-11-30,37867.37,411882,152588.2821,5759474247,19557418.75,701654,2664284.364,892629.0602
2023-12-01,37711.79,496468,143167.6456,5505329810,19558475,844580,3794187.631,1034559.759
2023-12-02,38697.81,429362,52373.52681,2035583551,19559268.75,689877,2513230.767,752228.6714
2023-12-03,39476.4,707876,64363.7289,2543818325,19560300,777188,5604747.575,735900.0589
2023-12-04,39976.04,570395,159964.8161,6631870126,19561268.75,763939,6266640.346,1103651.388
2023-12-05,41985.55,514962,174185.0133,7424874757,19562131.25,674260,10018729.19,981031.4626
2023-12-06,44076.76,467795,175001.3882,7687976485,19562981.25,642605,13072631.09,1015781.203
2023-12-07,43745.3,372050,145933.649,6360147723,19563700,647634,7599271.344,883608.212
2023-12-08,43298.7,411456,131551.5917,5745064612,19564543.75,682971,6657358.393,988756.8352
2023-12-09,44184.18,587398,71179.35915,3136020521,19565525,739198,6215198.923,620138.3339
2023-12-10,43709.41,536175,55109.94547,2417173945,19566400,664453,5226068.297,542429.625
2023-12-11,43787.81,525486,193735.4944,8104950972,19567387.5,690909,5768771.156,989249.9824
2023-12-12,41238.31,543162,168862.3855,7010140694,19568287.5,688671,4723476.261,933081.965
2023-12-13,41458.49,587920,90920.05749,3795478024,19569218.75,617899,8367333.325,843132.1754
2023-12-14,42887.09,570985,100870.574,4329637461,19570131.25,573978,14334881.78,832528.1602
2023-12-15,43023.24,632636,125246.6946,5301820215,19571150,706714,18067378.67,762714.3225
2023-12-16,41934.71,638144,83902.37469,3552822420,19572100,636391,23751885.94,562623.8701
2023-12-17,42236.81,616808,54566.01475,2288390935,19573037.5,570690,23704714.31,439251.484
2023-12-18,41341.9,640936,103642.4022,4292902117,19574087.5,715198,16173259.4,761507.3941
2023-12-19,41264.8,662880,123386.7236,5265539891,19575100,684666,18744837.59,739339.0405
2023-12-20,42262.62,582506,165764.5364,7190126134,19576006.25,659068,18436669.85,818436.5928
2023-12-21,43639.9,588137,98484.57272,4308624957,19576918.75,699086,18061880.09,739898.9721
2023-12-22,43870.89,625531,132239.2009,5791592267,19577968.75,772558,14228006.7,841910.2518
2023-12-23,43996.78,608479,54900.06721,2403694867,19578968.75,683793,8957002.369,455025.3354
2023-12-24,43742.33,723459,55591.05438,2431478044,19580037.5,731313,8001101.549,556013.3629
2023-12-25,43013.46,535741,62786.55157,2721717822,19580906.25,572121,7330451.062,483294.8998
2023-12-26,43599.61,553693,133226.9139,5681935908,19581775,582914,7179386.865,792402.629
2023-12-27,42514.79,545556,160673.0737,6902847758,19582581.25,647166,11693194.46,769805.8112
2023-12-28,43470.76,417180,116260.1302,4984776520,19583337.5,593042,9964506.181,699797.5575
2023-12-29,42609.23,581449,177882.2515,7532430671,19584281.25,703116,8987985.214,814091.9118
2023-12-30,42086.22,533823,98067.64389,4140609953,19585187.5,599027,11148307.86,623064.0193
2023-12-31,42148.38,731351,135709.4086,5775726138,19586162.5,690255,15052804.85,576558.8347
2024-01-01,42249.69,657752,73085.72322,3128005996,19587131.25,624628,9397140.395,531084.15
2024-01-02,44176.26,367319,145526.7754,6587808088,19587950,550846,6452515.642,849250.0972
2024-01-03,44958.98,502749,133170.4748,5809292837,19588937.5,677059,6429705.266,859376.105
2024-01-04,42854.95,482557,154912.6796,6758590236,19590000,675009,5546796.824,1054460.966
2024-01-05,44190.1,420884,125772.9342,5502551749,19590862.5,645934,5121601.884,786108.9389
2024-01-06,44181.1,382140,80030.8436,3514058610,19591737.5,572161,3830947.333,562957.524
2024-01-07,43975.63,348688,58259.84731,2570531900,19592475,510040,3364978.516,574159.1902
2024-01-08,43928.07,414359,118454.1923,5368278468,19593243.75,534011,5712745.847,847723.8607
2024-01-09,46972.42,468088,156841.7009,7313080325,19594193.75,618468,5229767.742,1141429.203
2024-01-10,46143.31,383774,186881.2912,8570243218,19595025,605995,3850590.212,1314482.107
2024-01-11,46649.42,449075,222005.8721,1.034148879e+10,19596106.25,664879,4716184.892,1151912.714
2024-01-12,46355.63,375872,314291.194,1.40058704e+10,19597156.25,596693,4962972.092,1449244.713
2024-01-13,42843.98,652483,65791.9011,2818743351,19598150,715186,5532251.648,710384.3723
2024-01-14,42837.18,591806,63241.72713,2706190809,19598950,616604,9376259.401,505892.7216
2024-01-15,41716.15,408499,117226.9065,4996520832,19599662.5,568802,4996483.761,707262.5146
2024-01-16,42497.78,470122,265622.5788,1.143004204e+10,19600443.75,569684,5335139.074,921548.5756
2024-01-17,43132.4,449415,239529.2554,1.022243592e+10,19601200,647470,4468035.698,1212120.662
2024-01-18,42742.78,484017,219747.7226,9254871867,19602087.5,678147,5130830.253,1135734.677
2024-01-19,41262.64,460763,217323.0633,8969914144,19602912.5,627719,3524944.701,943842.375
2024-01-20,41620.04,563331,69434.72281,2894284665,19603806.25,656529,3046802.045,531929.0963
2024-01-21,41659.4,600202,53250.97503,2224918362,19604681.25,621585,3034384.301,569630.801
2024-01-22,41557.6,457620,230770.4703,9388167044,19605681.25,620801,3134740.994,1101199.699
2024-01-23,39505.09,368462,220614.9187,8659927337,19606643.75,600773,3483043.374,975329.3845
2024-01-24,39856.34,372499,246246.5574,9848223438,19607581.25,564400,2420240.723,1109813.944
2024-01-25,40068.49,340188,209884.8476,8386242534,19608712.5,573766,2594121.081,1011347.014
2024-01-26,39925.5,493218,236065.8255,9756330736,19609662.5,683719,2312030.257,1068360.657
2024-01-27,41813.44,597446,49890.59743,2085901471,19610731.25,718169,2457096.3,644834.4978
2024-01-28,42124.31,636523,57099.88973,2414305518,19611731.25,731738,2374139.281,453363.4308
2024-01-29,42030.81,575203,222767.6062,9490934336,19612706.25,697324,2366889.217,914777.7266
2024-01-30,43274.65,523509,239788.5495,1.041436486e+10,19613606.25,687547,2273683.339,1131865.135
2024-01-31,42950.77,444450,310093.847,1.331489381e+10,19614425,622142,2176684.828,1364459.545
2024-02-01,42557.22,413272,169999.4521,7239258230,19615381.25,680097,2427887.375,979837.4399
2024-02-02,43061.16,429732,132336.1138,5697691729,19616556.25,691810,2831109.051,855293.3446
2024-02-03,43183.04,515539,45819.64913,1974959186,19617500,668270,7661652.39,598002.588
2024-02-04,42991.51,336211,44065.14448,1890619835,19618468.75,539397,4224105.533,543747.4292
2024-02-05,42576.16,281482,149311.6183,6388823686,19619443.75,525379,2804856.941,848422.4388
2024-02-06,42653.29,278093,158476.3813,6818400436,19620506.25,521338,2280815.284,931934.0952
2024-02-07,43080.9,427538,134636.1934,5843028459,19621506.25,640781,3202629.8,845276.0411
2024-02-08,44318.84,285101,154865.6262,6959960919,19622368.75,547079,2439588.914,960367.8712
2024-02-09,45312.45,334084,167397.708,7871681403,19623406.25,615935,2556556.013,1044842.798
2024-02-10,47134.54,399252,61635.33546,2920257241,19624356.25,637411,1951356.393,628824.7202
2024-02-11,47771.36,329938,71252.1212,3435220650,19625212.5,558692,1516406.158,637272.3415
2024-02-12,48301.95,409911,193313.8889,9514614187,19626331.25,649038,3302252.09,972033.8426
2024-02-13,49958.35,313178,172924.6461,8546209149,19627175,589286,2353524.19,1073805.943
2024-02-14,49739.24,296717,287712.5482,1.480873027e+10,19628043.75,586548,2788279.759,1231205.904
2024-02-15,51821.86,303306,183401.2761,9535567174,19629025,612859,2038656.155,977279.799
2024-02-16,51946.01,312782,178575.6286,9285188321,19629862.5,613011,1771578.327,935832.0519
2024-02-17,52172.07,327713,54382.56119,2812316082,19630800,590229,1493600.765,559779.5188
2024-02-18,51685.35,343417,41608.11183,2152571482,19631556.25,563861,1300525,575882.3368
2024-02-19,52128.57,366108,92579.36386,4823413491,19632406.25,617452,1518343.643,829201.6492
2024-02-20,51782.08,397096,155974.1698,8084102404,19633287.5,638563,1648318.563,999200.0463
2024-02-21,52269.58,369949,156717.5865,8039334308,19634150,630339,1647025.042,1026772.206
2024-02-22,51862.86,365090,172024.4714,8872259886,19634993.75,642155,1469200.608,915552.6326
2024-02-23,51303.43,409204,154642.8166,7894519042,19635987.5,679759,1589294.748,800371.3237
2024-02-24,50727.66,340419,66746.01973,3416208944,19636843.75,591315,1343112.442,533906.6237
2024-02-25,51559.99,418801,45243.21474,2336779584,19637868.75,607478,1256053.291,540581.5105
2024-02-26,51727.76,356184,150876.5442,7973852985,19638700,620435,1711029.001,971510.2018
2024-02-27,54529.54,387598,217891.2831,1.230967425e+10,19639506.25,674490,2718654.563,1246634.432
2024-02-28,57075.01,413800,293796.708,1.769070739e+10,19640437.5,763915,3601290.382,1541489.95
2024-02-29,62498.79,407090,257066.2353,1.596055447e+10,19641268.75,772702,4669526.552,1357774.043
2024-03-01,61172.49,419284,244958.4324,1.515500461e+10,19642231.25,771270,3659577.273,1184688.522
2024-03-02,62437,339311,56427.36408,3495344246,19643025,623680,2602422.228,597338.5522
2024-03-03,62033.66,385447,51087.47155,3175882955,19643993.75,633897,2871054.091,637045.239
2024-03-04,63168.4,361258,222866.0078,1.472128034e+10,19644800,664743,5438258.079,1219310.001
2024-03-05,68377.67,424347,292116.8208,1.915644367e+10,19645843.75,772888,6842956.318,1677292.222
2024-03-06,63797.73,381934,297300.9645,1.959876588e+10,19646718.75,681667,4448858.442,1421341.485
2024-03-07,66102.23,436344,227722.1024,1.523492843e+10,19647843.75,714978,3481691.868,1244924.777
2024-03-08,66937,426928,221418.5225,1.504963667e+10,19648806.25,716770,3251695.747,1202203.516
2024-03-09,68306.9,359029,69037.53327,4704779113,19649825,632927,2836158.518,678901.1819
2024-03-10,68499.42,368196,83170.59843,5757164175,19650718.75,627815,2528488.898,724387.0443
2024-03-11,69026.97,394098,255720.483,1.828798014e+10,19651781.25,684136,2963851.29,1357921.618
2024-03-12,72121.18,341867,227491.0962,1.624931841e+10,19652662.5,677201,2760633.27,1382859.473
2024-03-13,71489.22,390118,271429.6116,1.974903837e+10,19653662.5,710767,2586135.802,1627008.321
2024-03-14,73094.37,329706,228371.3527,1.640238187e+10,19654543.75,663447,2425971.708,1276449.595
2024-03-15,71394.36,307904,208531.8361,1.431611375e+10,19655337.5,749328,2551248.618,1154363.775
2024-03-16,69495.88,355760,66585.70707,4543880224,19656237.5,621787,2615584.402,633026.2899
2024-03-17,65303.67,366109,97980.96352,6585683553,19657150,601779,1732808.349,685357.2177
2024-03-18,68358.87,416270,176248.8882,1.193359044e+10,19658050,673489,2870222.405,961901.276
2024-03-19,67601.19,463952,212804.2095,1.367854927e+10,19659031.25,755218,2975656.256,1101740.794
2024-03-20,61919.44,361515,167309.7099,1.072428926e+10,19659962.5,639266,2129522.985,1108934.468
2024-03-21,67857.18,327642,168301.2465,1.120268643e+10,19660712.5,611408,2537218.235,871242.7506
2024-03-22,65493.16,339533,192869.544,1.240769591e+10,19661556.25,679058,2464597.82,880810.1617
2024-03-23,63795.46,326610,90044.87962,5780151500,19662531.25,622559,1644651.803,716711.7513
2024-03-24,64083.37,331527,52794.90862,3446270505,19663593.75,566459,1387371.65,513831.8262
2024-03-25,67226.33,317064,156565.6245,1.081384645e+10,19664418.75,623335,1943337.322,1250324.716
2024-03-26,69962.76,317742,219534.6522,1.544112247e+10,19665256.25,648004,2229393.547,1161761.715
2024-03-27,69991.48,355902,184471.1159,1.283546864e+10,19666106.25,637151,2110264.888,986508.1233
2024-03-28,69446.79,428670,184553.0048,1.305929436e+10,19667056.25,696012,2127324.498,973794.8752
2024-03-29,70754.69,449421,129539.4676,9052675459,19667956.25,659374,2051757.822,923032.088
2024-03-30,69909.85,490072,69950.6543,4899663872,19668925,614851,2091455.805,521174.1483
2024-03-31,69650.74,319675,57491.1366,4052049395,19669781.25,546293,1996323.594,456585.3621
2024-04-01,71331.84,326410,188439.8232,1.308570974e+10,19670718.75,648777,1899734.354,1263750.226
2024-04-02,69701.3,357709,189440.0986,1.24469483e+10,19671643.75,685496,1503097.851,1089895.579
2024-04-03,65446.52,372978,174538.2367,1.154295686e+10,19672531.25,714141,1823579.275,909993.1172
2024-04-04,65983.59,320607,158305.6945,1.066099276e+10,19673393.75,655509,1565721.35,864699.4181
2024-04-05,68526.59,348637,117466.4249,7927852982,19674318.75,643705,1399950.925,962527.0774
2024-04-06,67857.42,433591,73898.52463,5025793841,19675287.5,673290,1221503.44,598971.9243
2024-04-07,68909.59,526130,72211.39735,5011808063,19676350,652726,1506787.515,554943.0492
2024-04-08,69373.69,455617,159660.8402,1.141858478e+10,19677337.5,685180,2366374.189,982666.1872
2024-04-09,71645.91,453811,156080.2374,1.093956944e+10,19678250,683771,3306938.156,837041.0117
2024-04-10,69141.75,531054,125497.1484,8679207272,19679193.75,703704,4853313.934,773781.9075
2024-04-11,70561.73,476241,121485.191,8561053017,19680018.75,631803,7355169.896,814237.4968
2024-04-12,70035.8,448489,135668.1246,9357183105,19680868.75,683741,10990927.1,798696.5183
2024-04-13,67198.84,507173,93486.00009,6210051370,19681893.75,683432,7120982.385,639675.4301
2024-04-14,64019.74,473328,77921.16965,5003997183,19682875,665693,4890807.226,671643.7468
2024-04-15,65734.62,503358,177955.4125,1.155934131e+10,19683756.25,666015,10541130.31,938408.6541
2024-04-16,63435.81,454669,169694.7679,1.068214492e+10,19684787.5,743368,6046098.253,1028539.245
2024-04-17,63820.92,385606,138224.0745,8561709706,19685643.75,661886,7474535.832,997095.9201
2024-04-18,61280.51,418095,197438.3398,1.233670513e+10,19686550,670913,6898550.175,989107.8512
2024-04-19,63507.69,393190,148210.2196,9479933432,19687493.75,727141,7768510.779,811798.4458
2024-04-20,63823.55,631001,28692.25504,1849550188,19687903.12,455683,81050337.22,385320.2613
2024-04-21,64991.71,641668,37501.23544,2437952939,19688340.62,484762,22370121.2,478617.1526
2024-04-22,64949.79,671771,110814.9945,7335530724,19688815.62,534717,16785978.91,694754.6515
2024-04-23,66844.74,927010,109283.3042,7265789226,19689340.62,441797,29858267.68,734569.3477
2024-04-24,66416.37,606713,116858.9973,7652433881,19689825,632356,17109966.29,786167.0133
2024-04-25,64271.73,526242,105622.11,6784884049,19690275,633650,7060307.468,623466.7653
2024-04-26,64486.29,442347,117603.0065,7554163013,19690687.5,664327,6017790.936,775414.505
2024-04-27,63749.7,452967,51479.23765,3253300158,19691125,673970,3985810.716,556508.2032
2024-04-28,63420.25,487521,55530.5848,3545588646,19691562.5,509501,3396114.641,564091.4496
2024-04-29,63112.69,403064,92255.39639,5796728921,19691971.88,603796,2921446.71,772271.5431
2024-04-30,63832.72,498085,151580.9424,9309712609,19692412.5,635509,2810701.606,951488.341
2024-05-01,60603.04,478881,150070.3445,8725783358,19692825,587665,2210442.284,885510.4776
2024-05-02,58268.36,559839,145940.4121,8551356016,19693278.12,528151,2093733.283,737934.5486
2024-05-03,59120.4,442742,88971.0054,5447644455,19693681.25,537019,2079253.417,690669.3956
2024-05-04,62885.27,660263,39903.42952,2535276295,19694121.88,473521,2918386.95,453619.3143
2024-05-05,63901.84,625998,25225.34623,1613446518,19694556.25,429326,7933756.008,443545.8658
2024-05-06,64045.15,519817,86024.05118,5491391681,19694937.5,466177,2637574.523,672642.9737
2024-05-07,63157.69,372643,74976.44961,4764574678,19695318.75,495831,2287655.149,699999.1729
2024-05-08,62323.38,450856,77206.75651,4826242476,19695715.62,514675,1890034.795,666491.1823
2024-05-09,61182.24,517193,75226.89644,4649344428,19696168.75,513026,1893979.237,699636.2333
2024-05-10,63066.69,713791,67281.62023,4160729596,19696621.88,474605,1961789.616,707254.0318
2024-05-11,60794.09,719306,32607.97551,1989012570,19697118.75,445747,2245163.511,434192.2329
2024-05-12,60805.78,557164,30702.42107,1881158872,19697531.25,377543,1358838.92,493696.6103
2024-05-13,61448.99,554780,91850.6801,5759327016,19697990.62,466123,1654675.21,772143.4784
2024-05-14,62913.71,422043,87452.53669,5418457539,19698415.62,458041,1353072.04,693098.253
2024-05-15,61557.4,493012,125052.0972,8003836077,19698856.25,516619,1453899.274,837756.1478
2024-05-16,66239.13,476659,107872.8228,7101103820,19699300,494221,1495064.692,884191.8646
2024-05-17,65231.59,573492,117490.859,7835288947,19699784.38,514199,1502834.896,833209.9909
2024-05-18,67060.24,401264,35026.48506,2349266373,19700184.38,434371,1208572.961,531982.4311
2024-05-19,66926.54,644119,44827.78661,3000326238,19700665.62,405155,1116462.777,541525.7764
2024-05-20,66266.07,626995,103539.7926,7022731813,19701153.12,482108,1195359.238,806174.3341
2024-05-21,71442.94,545041,156420.2728,1.10451889e+10,19701584.38,508542,2022868.055,983217.5758
2024-05-22,70139.6,583279,117403.7884,8214273488,19702062.5,491272,1607676.219,766462.854
2024-05-23,69133.73,744761,133074.4831,9092947803,19702590.62,533345,2088292.129,650563.4272
2024-05-24,67942.23,736439,119760.4862,8162826586,19703090.62,483309,1592645.348,641425.4503
2024-05-25,68531.76,835040,29227.2363,2016644986,19703590.62,465497,1455530.596,362406.718
2024-05-26,69272.7,852655,48840.81668,3376577962,19704115.62,403848,1370240.932,510608.8992
2024-05-27,68486.54,551610,54274.66672,3759980652,19704500,430424,1545109.753,574537.6935
2024-05-28,69374.17,596790,367648.1796,2.512614832e+10,19704918.75,448181,1231078.939,1030833.982
2024-05-29,68289.6,725428,94104.78755,6388638321,19705346.88,449070,2674835.46,717712.5178
2024-05-30,67573.91,510417,124264.7649,8488992412,19705731.25,499634,2558123.212,714630.5405
2024-05-31,68352.44,701471,135708.7515,9197804710,19706193.75,528690,4703162.824,850516.0998
2024-06-01,67484.93,740030,30049.97068,2035171782,19706634.38,449639,2994954.46,433918.7696
2024-06-02,67719.29,729202,24141.21556,1639206774,19707071.88,393004,2384605.061,582840.2343
2024-06-03,67752.27,769224,147789.8509,1.023163058e+10,19707562.5,482689,3017256.957,908664.9577
2024-06-04,68803.11,627980,116066.383,8099405366,19707981.25,492874,2486597.646,856833.8321
2024-06-05,70553.24,562049,140166.2993,9970731484,19708365.62,460473,4017341.412,998685.7394
2024-06-06,71083.68,613472,106445.6539,7566456857,19708781.25,476121,4680033.623,775250.5133
2024-06-07,70764.24,263982,127860.8641,9046106616,19709225,468301,22070814.21,680416.2605
2024-06-08,69331.66,509927,43350.72592,3010368338,19709762.5,599175,10798628.22,509698.923
2024-06-09,69297.93,767920,19528.93242,1356745170,19710240.62,479357,5113090.896,414392.046
2024-06-10,69645.28,658037,101440.6475,7071634843,19710675,473053,4577603.824,679422.5458
2024-06-11,69513.23,463737,123471.5942,8300820380,19711059.38,485989,2993665.844,827148.9418
2024-06-12,67332,690560,116167.333,7993241570,19711515.62,483313,3177160.494,674759.9276
2024-06-13,68239.79,731254,81101.72364,5447481274,19711968.75,469602,3911442.897,580183.992
2024-06-14,66757.59,604349,116742.077,7752072911,19712368.75,475827,3547668.548,729399.2524
2024-06-15,65993.49,452945,32981.41922,2182888819,19712787.5,426024,3027802.596,474185.775
2024-06-16,66188.17,461748,23723.2369,1577243597,19713296.88,410934,2456373.58,454814.545
2024-06-17,66636.85,441215,98535.54132,6504943990,19713734.38,433551,1830507.539,758472.3915
2024-06-18,66480.82,617202,125080.4562,8142461538,19714209.38,484883,2436283.995,821008.826
2024-06-19,65148.41,634554,64194.35313,4194286631,19714637.5,459862,2116874.235,609746.9703
2024-06-20,64960.21,532756,105586.5603,6897447732,19715053.12,465205,2164271.639,628069.2379
2024-06-21,64830.29,592843,91007.03482,5839766773,19715490.62,514658,1770985.813,690343.1011
2024-06-22,64095.5,681420,84459.62186,5441303998,19715965.62,456727,1367982.659,359700.4863
2024-06-23,64251.26,492352,23037.18969,1479938986,19716315.62,358420,955917.9079,353770.218
2024-06-24,63167.3,528326,151096.8419,9211986161,19716790.62,456565,1241296.564,925990.5734
2024-06-25,60279.54,536347,129254.6391,7946145283,19717168.75,441214,1344555.118,623516.0019
2024-06-26,61795.24,490817,106389.7198,6539916737,19717556.25,476277,1328771.168,715028.2461
2024-06-27,60808.17,414624,171791.3374,1.056576582e+10,19717962.5,501018,1139925.261,1233709.858
2024-06-28,61616.04,593984,136819.9968,8362849210,19718384.38,562499,1130391.014,769974.2815
2024-06-29,60315.67,712249,42405.7729,2587218663,19718875,502873,989371.6404,453278.1154
2024-06-30,60871.03,505127,,,19719253.12,465981,827014.3733,373215.5812
2024-07-01,62676.36,611062,114319.6396,7238212216,19719693.75,650451,1177667.052,664824.9094
2024-07-02,62845.12,592285,84017.61919,5251483422,19720156.25,511492,1078772.864,634181.7303
2024-07-03,62028.38,545044,93038.26156,5633224518,19720609.38,503996,1014211.191,737649.9032
2024-07-04,60145.84,538097,151611.5428,8872506196,19721046.88,487582,985903.7286,877950.0857
2024-07-05,57034.05,490537,304202.8992,1.707263434e+10,19721425,510689,832316.176,985468.7603
2024-07-06,56648.56,658042,54983.69851,3146711263,19721940.62,461755,914151.5645,538826.2526
2024-07-07,58265.25,673752,39652.49628,2278555073,19722381.25,417263,708435.2388,533550.1174
2024-07-08,55848.73,593010,189101.9764,1.070301214e+10,19722878.12,534832,833269.514,935000.1552
2024-07-09,56706.26,654037,137520.8003,7917211325,19723359.38,499299,760575.8608,824292.2881
2024-07-10,58011.47,631745,141763.6567,8254401496,19723784.38,460604,939539.9988,844390.2236
2024-07-11,57743.11,642066,123598.5856,7191349803,19724221.88,487442,721599.0202,797491.724
2024-07-12,57351.64,658355,127484.7705,7362339048,19724690.62,486027,715432.559,737689.7545
2024-07-13,57907.93,735686,47037.43968,2761173152,19725171.88,418214,1166664.098,539295.2369
2024-07-14,59231.12,586548,27645.44715,1663806011,19725693.75,440649,804818.8711,546352.0974
2024-07-15,60798.16,552901,140103.2963,8843917881,19726171.88,482490,831398.7942,949798.7348
2024-07-16,64859.79,529056,194696.6687,1.244697885e+10,19726631.25,492843,798964.7164,1134659.537
2024-07-17,65077.23,615870,118975.6445,7739487793,19727128.12,476281,914147.4041,829500.0766
2024-07-18,64104.91,445574,104787.4139,6732472480,19727531.25,481360,647314.2596,533194.4691
2024-07-19,63968.61,507940,129829.415,8528315185,19727990.62,510414,798935.6317,771739.4506
2024-07-20,66712.66,680335,53855.52802,3598982164,19728506.25,444989,686892.3352,561826.6161
2024-07-21,67164.74,859629,37138.3925,2500846849,19729034.38,412253,668958.5116,471373.397
2024-07-22,68155.67,824999,144065.9584,9717578992,19729593.75,504554,975521.7743,815937.4946
2024-07-23,67597.26,838977,217971.3984,1.451502869e+10,19730121.88,480641,758326.6054,973410.9132
2024-07-24,65920.76,596458,135064.8849,8943563782,19730559.38,484767,683532.6574,745063.0967
2024-07-25,65357.71,719711,121616.4433,7867610940,19731068.75,529053,691076.3092,751925.9667
2024-07-26,65790.91,459067,108616.1493,7332170770,19731568.75,529294,703739.3168,601086.6006
2024-07-27,67914.86,445730,61706.37858,4232975747,19732050,508959,699494.0226,578532.6298
2024-07-28,67826.14,753703,40724.42687,2767696676,19732512.5,431944,560942.344,375782.4974
2024-07-29,68257.42,826129,144819.7187,9902659739,19733068.75,543529,763842.897,896257.3144
2024-07-30,66777.36,683096,227636.1714,1.511938484e+10,19733537.5,500916,646110.3152,972379.7669
2024-07-31,66180,562819,145199.134,9602772099,19733978.12,542141,702898.4661,997889.2028
2024-08-01,64621.73,544430,127427.5206,8155277552,19734415.62,550192,636667.5122,788137.9786
2024-08-02,65297.77,410113,153427.095,9809266029,19734806.25,531291,561616.7704,1120076.901
2024-08-03,61410.11,504062,37638.74455,2308110371,19735228.12,490026,513449.2439,467914.8867
2024-08-04,60676.68,524595,57907.07418,3460899185,19735675,451025,443181.2119,592390.1255
2024-08-05,58116.46,548857,247871.8706,1.323773596e+10,19736162.5,572484,494522.6887,1370350.95
2024-08-06,53978.78,485173,121638.1685,6808433062,19736600,502085,458865.9264,978189.0009
2024-08-07,56082.71,380097,139727.4169,7893851553,19736981.25,483579,474410.9573,937516.468
2024-08-08,55033.47,487399,111748.679,6532994035,19737384.38,541524,536365.4229,859135.9292
2024-08-09,61698.9,396419,130271.8652,7901052207,19737790.62,505594,523599.5396,892589.6715
2024-08-10,60879.41,548777,63053.21532,3834508485,19738193.75,449194,410763.1704,526274.1003
2024-08-11,60943.19,644814,25870.19868,1565215179,19738696.88,407547,402171.3108,584557.9316
2024-08-12,58717,450024,103647.6628,6152997430,19739125,459444,490142.6887,833850.8439
2024-08-13,59350.07,579618,119561.7087,7149997427,19739590.62,499256,485538.0093,896759.4994
2024-08-14,60600.35,504701,116536.5255,6988791298,19740003.12,514603,480591.7682,923991.5116
2024-08-15,58727.43,660924,91852.23819,5391558140,19740503.12,517110,508048.2354,714878.2601
2024-08-16,57523.47,575811,71618.09237,4199825226,19740946.88,541657,520444.8983,701799.7185
2024-08-17,58886.74,702540,31318.33454,1860988055,19741412.5,468048,430107.3763,405116.2983
2024-08-18,59483.03,769702,30790.7297,1842005986,19741900,431177,435345.7582,451915.5317
2024-08-19,58445.98,553394,107451.0536,6312008781,19742306.25,479794,521377.1641,849720.3537
2024-08-20,59475.91,717337,87530.17861,5274305724,19742775,522795,601111.0615,830009.6634
2024-08-21,59024.54,687685,91072.09046,5478969193,19743234.38,528523,508719.9358,781119.8392
2024-08-22,61170.43,795102,95129.96813,5779831063,19743734.38,529070,6105712.714,765833.8691
2024-08-23,60382.01,799839,124891.3661,7779554833,19744246.88,531334,606712.0104,896157.7622
2024-08-24,64082.05,794380,125969.058,8091891894,19744725,465477,494184.4024,562329.3163
2024-08-25,64174.59,705838,26507.08879,1702032826,19745140.62,410926,451353.1138,495582.633
2024-08-26,64327.86,600722,95750.53435,6102368262,19745559.38,467689,555687.7351,772019.249
2024-08-27,62857.78,673811,154117.607,9613387188,19746003.12,500316,489403.6881,1105505.365
2024-08-28,59466.82,733530,111591.6171,6632252547,19746506.25,507535,462077.3754,998514.3398
2024-08-29,59024.11,524362,106823.8837,6395977331,19746918.75,537264,495475.4653,776508.8093
2024-08-30,59389.34,542101,124015.8616,7346359989,19747362.5,572225,474935.9311,722284.1211
2024-08-31,59108.23,701952,37009.9651,2193027466,19747821.88,500461,377929.8253,406793.9453
2024-09-01,58968.91,651871,45419.56938,2648012585,19748265.62,474746,377525.0323,818583.149
2024-09-02,57322.52,754904,53217.3295,3100686678,19748787.5,497761,447731.2802,727106.5901
2024-09-03,59113.65,582751,102791.0418,6012689752,19749253.12,532190,497081.4166,981662.621
2024-09-04,57430.23,722736,100866.6324,5799794944,19749725,517981,451373.2637,939135.978
2024-09-05,57966.79,721251,108435.0333,6158660147,19750209.38,539154,617306.976,843929.2857
2024-09-06,56165.32,667267,128338.1755,7064283321,19750662.5,541499,426174.9525,909143.9494
2024-09-07,53951.72,781426,27936.50746,1519336722,19751156.25,467697,359789.0316,459439.5358
2024-09-08,54158.39,910083,32699.56662,1783924508,19751678.12,443983,347282.3051,541227.7434
2024-09-09,54857.17,572398,113769.0573,6363322711,19752131.25,484357,394226.9794,900739.6685
2024-09-10,57055.68,568630,99026.38919,5660821109,19752559.38,496236,401226.0058,1390978.75
2024-09-11,57636.19,411402,87641.14377,4996530778,19752896.88,485718,378694.0929,1247406.496
2024-09-12,57345.38,563521,87205.55492,5069102731,19753371.88,543579,488608.2298,1056147.749
2024-09-13,58136.5,419047,125818.408,7391259643,19753756.25,541521,441575.5694,1159566.176
2024-09-14,60565.91,638989,37399.87697,2251848614,19754190.62,497081,401170.854,671503.5658
2024-09-15,60004.02,712474,25880.47582,1557392812,19754662.5,450094,380846.3323,584990.248
2024-09-16,59136.83,504540,96520.54035,5636920632,19755053.12,508716,381943.8679,936148.3291
2024-09-17,58194.98,539113,99869.52097,5979868415,19755521.88,512792,517289.9947,847849.255
2024-09-18,60304.22,541476,116956.6666,7033415665,19755953.12,503606,422652.2954,824060.4773
2024-09-19,61683.91,455707,130952.1734,8246322622,19756334.38,534707,637788.0656,878617.9182
2024-09-20,62938.2,526390,180175.2053,1.138352891e+10,19756787.5,555435,601766.2495,980010.4799
2024-09-21,63213.19,557444,30656.64025,1936753346,19757209.38,487325,383882.7733,415896.3973
2024-09-22,63377.01,628230,24880.70142,1568648134,19757634.38,439610,333638.2305,409556.7836
2024-09-23,63626.42,580102,110088.3881,7000723223,19758090.62,518528,492196.6104,752214.351
2024-09-24,63330.79,532220,134612.2156,8567453179,19758543.75,517079,466152.3037,835934.2251
2024-09-25,64279.04,503460,127725.0553,8162704768,19758993.75,513256,424734.5785,816864.2505
2024-09-26,63138.8,474766,110060.8321,7108680538,19759400,515965,568078.3591,841504.902
2024-09-27,65179.96,451723,129847.5779,8554437527,19759828.12,549045,734594.7527,807629.0528
2024-09-28,65781.65,507707,35900.16546,2366097260,19760231.25,477266,667521.8762,462447.3637
2024-09-29,65888.5,687427,25131.77891,1655558348,19760715.62,462111,496190.2985,489295.6332
2024-09-30,65620.59,594224,169322.465,1.083432969e+10,19761143.75,513555,470098.7506,986218.9624
2024-10-01,63323.53,632894,129622.1577,8154719865,19761634.38,626337,504372.3068,901439.0871
2024-10-02,60838.74,590981,127777.38,7829105603,19762118.75,504061,432411.5231,793759.0978
2024-10-03,60639.47,582777,122979.5933,7480735069,19762612.5,522348,465138.6496,885924.1693
2024-10-04,60754.15,561425,88469.23922,5461339204,19763140.62,553982,452544.7446,803081.1072
2024-10-05,62079.73,757575,43915.17277,2730371659,19763612.5,462401,751140.6212,421546.6618
2024-10-06,62065.06,742158,48047.37937,3005253704,19764087.5,435532,616627.1088,562927.3264
2024-10-07,62814.93,717700,123097.5391,7813362740,19764571.88,495630,824909.7683,999221.2515
2024-10-08,62238.11,719458,173729.6824,1.087724108e+10,19765093.75,556194,1050013.626,1068668.007
2024-10-09,62124.37,536887,108383.6967,6720634381,19765490.62,479175,942713.4908,812270.1904
2024-10-10,60574.02,746211,116176.1551,7011381420,19765975,495077,1529645.975,642151.5196
2024-10-11,60269.24,633252,111018.2827,6860121248,19766412.5,474119,2772326.703,639706.0537
2024-10-12,62457.07,736321,29272.90235,1843902651,19766859.38,440477,2824133.29,386993.7441
2024-10-13,63189.26,648739,25422.76123,1597337887,19767290.62,417442,1553214.12,362310.3546
2024-10-14,62842.66,611683,102369.684,6678664098,19767725,477679,1670806.018,605963.0414
2024-10-15,66048.56,646891,174274.8538,1.154958782e+10,19768212.5,510964,1712335.751,836341.9014
2024-10-16,67049.57,708342,164873.9079,1.113928353e+10,19768653.12,465015,3442211.516,701874.9673
2024-10-17,67599.32,653027,129791.9698,8730955014,19769143.75,529901,4188156.251,592975.5384
2024-10-18,67401.64,474279,159244.6311,1.08743975e+10,19769568.75,519056,1711006.204,657453.9189
2024-10-19,68426.2,735561,44174.79132,3014354208,19770109.38,480562,1084965.595,380312.4139
2024-10-20,68365.74,778073,64133.53518,4380035792,19770650,462770,933416.4574,371365.7699
2024-10-21,69012.04,835011,127291.9925,8678261147,19771184.38,482337,1193281.116,660253.1279
2024-10-22,67363.26,700174,140593.1311,9459984978,19771615.62,479204,1729854.757,672533.2846
2024-10-23,67368.2,665187,101654.6721,6752263402,19772087.5,496062,1588799.064,531297.6087
2024-10-24,66655.68,681834,131301.1661,8861423494,19772546.88,453818,3221798.959,582509.7415
2024-10-25,68162.43,524014,120888.8332,8170259000,19773025,585659,2486666.883,580385.0657
2024-10-26,66639.48,597744,38645.69138,2589025949,19773481.25,513505,709343.1311,355906.5926
2024-10-27,67018.78,700814,24081.4949,1623405982,19773984.38,452846,566302.9913,313396.9888
2024-10-28,67938.81,702824,159339.8687,1.096618504e+10,19774509.38,535356,521986.2373,642718.496
2024-10-29,69913.46,614981,196561.3564,1.412580089e+10,19775000,580911,827069.2092,969730.0143
2024-10-30,72706.28,682099,190942.8541,1.379509491e+10,19775528.12,553379,678086.7851,914431.5388
2024-10-31,72329.87,562237,188111.327,1.337607676e+10,19776021.88,562550,4761949.274,841843.8252
2024-11-01,70219.02,547888,178141.2928,1.244525291e+10,19776500,556938,579453.3589,778325.6281
2024-11-02,69490.73,544612,33429.77773,2325736061,19776940.62,504261,508537.9728,319668.8148
2024-11-03,69301.81,455402,37705.953,2585993579,19777353.12,452489,370472.1389,347603.3904
2024-11-04,68744.21,456826,146565.4592,1.000427291e+10,19777825,518020,430912.9403,650259.0942
2024-11-05,67809.49,465286,161912.1017,1.123262993e+10,19778259.38,548496,457676.3898,733010.1057
2024-11-06,69382.83,501641,223393.7294,1.662445923e+10,19778737.5,622567,621105.4608,1268937.223
2024-11-07,75642.59,553047,194340.504,1.466367006e+10,19779225,583392,501284.9441,902154.5586
2024-11-08,75926.31,497146,213674.1214,1.628051407e+10,19779668.75,591256,611578.9513,953404.9382
2024-11-09,76559.38,577368,57310.86594,4379578542,19780103.12,502341,1015476.232,551065.6475
2024-11-10,76728.8,558278,110690.882,8805260115,19780565.62,564887,865875.4299,808961.3999
2024-11-11,80477.81,462458,185906.2823,1.5659527e+10,19780990.62,623757,1280878.578,1204667.966
2024-11-12,88719.74,503677,299110.998,2.627055837e+10,19781446.88,702614,1824958.627,1383872.631
2024-11-13,87972.98,570979,236875.8099,2.125702138e+10,19781878.12,636591,2053291.04,1222908.306
2024-11-14,90537.78,503566,270090.2488,2.418759771e+10,19782275,587387,2217531.732,1058121.422
2024-11-15,87292.03,562223,213545.5108,1.911394208e+10,19782743.75,619496,3708849.182,928123.0809
2024-11-16,91063.24,602655,57747.46642,5256303046,19783234.38,581986,1661454.221,524803.1979
2024-11-17,90562.03,598496,36667.4327,3315738680,19783703.12,518085,856209.452,444772.3043
2024-11-18,89829.32,673308,,,19784190.62,569926,1594458.659,888920.8559
2024-11-19,90540.98,810805,193868.8152,1.790753416e+10,19784737.5,547133,2255299.542,943414.4744
2024-11-20,92369.46,664866,212773.1614,1.992851181e+10,19785196.88,557265,1981385.214,1010374.761
2024-11-21,94354.43,498512,247507.8122,2.404215571e+10,19785646.88,666198,2208442.072,1437644.972
2024-11-22,98501.47,540305,191975.1415,1.89254203e+10,19786093.75,628962,1855518.34,1074499.481
2024-11-23,99011.58,444699,115004.5942,1.127331945e+10,19786525,590149,1380959.829,719698.6202
2024-11-24,97776.94,463289,87102.56804,8444664450,19786943.75,534909,913280.9168,566408.7527
2024-11-25,98042.92,604870,198415.3016,1.903198988e+10,19787471.88,593158,1111605.92,1011844.185
2024-11-26,93003.21,475689,229069.1266,2.133142115e+10,19787906.25,568082,1601296.331,966685.7978
2024-11-27,91968.35,462119,133068.1633,1.255514076e+10,19788321.88,599701,961430.2815,773633.5861
2024-11-28,95956.99,523480,101672.4272,9708469422,19788765.62,559054,1313400.248,594620.307
2024-11-29,95651.51,341781,123952.3728,1.204910676e+10,19789143.75,551876,1289165.78,704573.0521
2024-11-30,97503.54,640943,44529.42714,4308785754,19789656.25,583648,988080.9166,472061.824
2024-12-01,96450.08,698223,42943.04882,4169328993,19790150,501246,1974737.68,414649.082
2024-12-02,97273.62,311811,175571.6122,1.693699879e+10,19790546.88,578842,1847967.873,924341.149
2024-12-03,95857.16,439519,140399.1916,1.340598974e+10,19791037.5,613585,1479432.696,845685.3929
2024-12-04,95941.45,502912,144309.164,1.39356668e+10,19791496.88,606514,1158271.166,855006.8287
2024-12-05,98768.81,512490,220681.9016,2.226953561e+10,19791981.25,676971,1443271.142,1458064.469
2024-12-06,97079.54,414643,179984.6981,1.788803389e+10,19792406.25,589966,1406905.703,1058922.315
2024-12-07,99888.14,456101,54293.52329,5418124416,19792850,523611,1917694.541,456357.342
2024-12-08,99914.34,420320,37751.26232,3771799971,19793306.25,500126,1520288.526,443074.6832
2024-12-09,101179.58,403264,171836.7928,1.689358674e+10,19793828.12,548218,1604522.511,965813.9333
2024-12-10,97465.55,441944,134106.568,1.297984343e+10,19794309.38,637676,1550444.845,839573.4783
2024-12-11,96653.46,481168,211882.7524,2.103735076e+10,19794753.12,617471,1895479.763,858938.2981
2024-12-12,101191.95,474978,171060.9984,1.723916543e+10,19795215.62,642365,1985267.122,733417.2017
2024-12-13,100040.86,523585,175472.5671,1.765255306e+10,19795746.88,622796,1450666.993,738903.0207
2024-12-14,101467.53,517482,52757.22399,5353586266,19796243.75,547370,1216795.97,430661.4198
2024-12-15,101404.33,378527,66749.25757,6822123119,19796671.88,540459,989031.9244,435592.1612
2024-12-16,104342.21,412747,185055.0677,1.94899129e+10,19797134.38,628257,1295375.29,944149.5981
2024-12-17,106059.49,419707,150308.1866,1.603828868e+10,19797559.38,587955,1359281.884,899983.4775
2024-12-18,106156.01,414366,154047.1023,1.600095425e+10,19798009.38,583495,1363841.708,863124.9378
2024-12-19,100157.34,437574,190867.6481,1.912575884e+10,19798462.5,634202,2330110.293,941187.67
2024-12-20,97470.38,398670,167496.8697,1.61337979e+10,19798934.38,640920,1508430.693,970347.5694
2024-12-21,97768.78,330225,70497.24642,6882358327,19799387.5,516725,1070886.203,451465.4607
2024-12-22,97226.54,336217,34677.85721,3340023326,19799871.88,477331,821993.9159,367541.5435
2024-12-23,95094.78,292681,132317.3125,1.247353324e+10,19800306.25,528563,1026934.153,949013.5962
2024-12-24,94715.72,326570,120444.2373,1.156406201e+10,19800718.75,543738,917430.405,657352.182
2024-12-25,98613.53,405831,55509.37289,5466163117,19801190.62,465831,772570.3515,455890.1028
2024-12-26,99300.12,298916,87840.66624,8493106622,19801600,488028,749271.0921,603281.5562
2024-12-27,95685.77,348241,100345.8065,9580652002,19802093.75,568492,664320.4153,649887.8517
2024-12-28,94152.68,298580,28238.99431,2677566057,19802540.62,513628,541588.6573,383372.6421
2024-12-29,95144.81,419112,55111.05962,5228175703,19803034.38,473130,613112.2956,584727.765
2024-12-30,93536.42,374721,144241.5507,1.347058711e+10,19803531.25,546526,661518.6354,871546.388
2024-12-31,92652.68,312513,140906.149,1.325169575e+10,19803934.38,545227,556173.3612,828260.9477
2025-01-01,93406.74,292213,69500.11447,6553323746,19804371.88,469908,448342.3956,539953.5324
2025-01-02,94409.13,402440,63231.46349,6110103533,19804893.75,536381,535734.0224,634979.2361
2025-01-03,96853.63,409341,84885.99753,8269717281,19805337.5,580296,597103.9644,674687.3423
2025-01-04,98122.01,432302,28130.11185,2758643853,19805803.12,514543,585298.7003,474874.707
2025-01-05,98242.07,433954,24335.08693,2386538450,19806290.62,477492,585930.8957,450109.2147
2025-01-06,98319.2,366260,106495.7512,1.072015114e+10,19806706.25,552854,678075.2076,737125.5617
2025-01-07,102253.31,352121,126294.7829,1.257105904e+10,19807125,534903,730332.0027,808630.9693
2025-01-08,96916.58,399976,128250.1928,1.2232112e+10,19807515.62,545474,733608.7715,784665.2639
2025-01-09,95049.45,534013,77833.58494,7267610311,19807990.62,551517,683843.6296,750688.5841
2025-01-10,92493.26,408769,87131.83742,8226023525,19808434.38,555569,654930.3367,916240.9915
2025-01-11,94702.66,361190,28764.19367,2717776437,19808865.62,493250,515079.2468,429441.3274
2025-01-12,94569.61,380525,26664.56761,2524860230,19809403.12,478512,463254.8388,465857.3967
2025-01-13,94478.37,408248,80158.99863,7428143323,19809803.12,527739,722572.8787,641005.6303
2025-01-14,94497.68,352684,88188.49504,8476643247,19810284.38,555702,647613.14,775592.4833
2025-01-15,96527.14,354014,98941.88889,9736046044,19810718.75,562243,739710.83,852579.1753
2025-01-16,100511.85,375439,153217.812,1.521927822e+10,19811118.75,552617,731451.4123,902568.8484
2025-01-17,99976.92,425661,132859.4795,1.372666924e+10,19811587.5,609681,923308.4781,928946.3054
2025-01-18,104103.44,360666,51936.69143,5389522874,19811993.75,548843,640937.5001,767454.6915
2025-01-19,104408.89,388509,55932.91269,5860881893,19812462.5,581784,679424.5712,720719.9783
2025-01-20,101217.01,350291,106972.582,1.126646083e+10,19812937.5,611603,1334194.823,961130.4866
2025-01-21,102042.06,324412,134238.1141,1.401679218e+10,19813353.12,576234,1059680.062,875424.5793
2025-01-22,106158.27,432369,129662.7237,1.357773634e+10,19813821.88,563550,804122.6776,794429.9219
2025-01-23,103637.06,326010,141436.5301,1.463436465e+10,19814246.88,559393,707202.9183,853792.9981
2025-01-24,103950.37,369243,114871.343,1.209818785e+10,19814684.38,555324,679403.4022,704594.1044
2025-01-25,104855,338988,35292.11158,3694805801,19815084.38,511721,576274.2901,436039.01
2025-01-26,104722.36,309651,26554.36124,2783482752,19815512.5,468657,442613.6854,403647.2487
2025-01-27,102592.63,332102,118809.7104,1.195578652e+10,19816000,536813,616996.1872,688610.6451
2025-01-28,102102.01,305953,78391.47163,8034825800,19816462.5,526610,486113.102,535465.0217
2025-01-29,101322.82,355332,59350.15167,6092345911,19816946.88,536882,496880.0632,674853.8129
2025-01-30,103704.56,335134,70272.61548,7400448916,19817400,563297,523105.9469,640502.2748
2025-01-31,104743.97,328684,107662.3912,1.1201673e+10,19817790.62,573440,514220.8701,695031.4466
2025-02-01,102406.47,357439,29527.58157,3013247739,19818365.62,547939,490946.3822,414956.7376
2025-02-02,100627.27,383258,48215.33528,4767314353,19818900,493629,452324.8851,536778.84
2025-02-03,97675.85,360484,186400.1656,1.801019593e+10,19819378.12,594369,591226.2211,876169.4757
2025-02-04,101414.76,308619,100532.0723,9972825687,19819787.5,533329,502256.9037,733042.3244
2025-02-05,97877.42,381126,147955.3508,1.443373813e+10,19820237.5,549668,535899.1448,703165.8662
2025-02-06,96607.66,428326,102650.4708,1.002188332e+10,19820690.62,556046,517650.1473,621613.1046
2025-02-07,96564.45,498394,89172.21714,8703519502,19821231.25,547121,546474.8018,540986.5617
2025-02-08,96540.7,469138,35942.54091,3464009780,19821731.25,495840,435601.1162,381304.2056
2025-02-09,96486.54,385420,29974.54367,2892524949,19822178.12,458209,337580.3139,384656.9001
2025-02-10,96487.05,359522,76290.67612,7432617993,19822612.5,506614,459428.2732,577459.3863
2025-02-11,97461.49,337513,97600.95342,9477085952,19823000,527971,514624.745,596692.0504
2025-02-12,95752,386539,62655.49379,6046944646,19823415.62,524479,447194.6888,571134.6489
2025-02-13,97877.16,379906,69032.15195,6654782592,19823909.38,554664,551626.8661,599946.5143
2025-02-14,96628.78,346002,86725.46113,8436991720,19824384.38,555378,461348.2711,626832.5289
2025-02-15,97494.79,306930,29032.60974,2834188517,19824884.38,477805,373371.2156,518154.8482
2025-02-16,97593.62,300091,24402.58319,2372547536,19825356.25,439616,422538.1579,472096.5686
2025-02-17,96176.21,333466,57290.12674,5508831136,19825784.38,481661,592691.903,545508.6074
2025-02-18,95771.14,422709,82237.13871,7844099152,19826221.88,505135,449253.8335,602417.8035
2025-02-19,95544,448569,82980.93683,7977877909,19826615.62,504104,492968.7604,646574.3941
2025-02-20,96642.79,480465,78788.78646,7693600251,19827021.88,528372,522250.7236,712996.3414
2025-02-21,98331,459909,120337.627,1.171305442e+10,19827425,539520,553604.7411,776218.8796
2025-02-22,96111.11,551849,94008.54732,9079926699,19827859.38,481128,615787.8529,710616.226
2025-02-23,96580.65,572814,43251.49196,4160757626,19828262.5,401327,1104594.26,514513.2262
2025-02-24,96274.79,514086,79422.85701,7539058257,19828668.75,502390,1324221.579,797420.0606
2025-02-25,91538.39,497063,222637.6412,1.988018567e+10,19829128.12,593036,1031758.778,1342314.488
2025-02-26,88664.31,403575,192045.3289,1.66762474e+10,19829618.75,551544,955242.9853,1304559.68
2025-02-27,84115.7,325162,152607.9887,1.303539129e+10,19830087.5,559897,716997.5723,978750.8724
2025-02-28,84645.86,386183,171436.1174,1.408288308e+10,19830575,639073,540598.6735,959889.5216
2025-03-01,84379.79,290895,52037.89322,4440543780,19831025,537837,495829.8971,586861.1103
2025-03-02,86025.07,264912,67177.1877,6026981354,19831418.75,502728,490301.3693,689940.9402
2025-03-03,94255.51,374224,143352.6001,1.305904034e+10,19831887.5,574113,551904.4312,918110.1341
2025-03-04,86081.79,304773,111070.4616,9413786978,19832343.75,572405,445619.152,716490.7653
2025-03-05,87226.39,309176,84220.3803,7517911103,19832762.5,553079,438945.1887,637121.1965
2025-03-06,90608.57,370349,93284.98482,8439668481,19833293.75,582749,472543.4577,745382.9592
2025-03-07,89920.13,313588,114220.7319,1.01128547e+10,19833737.5,575233,501654.2472,794877.2781
2025-03-08,86745.52,292451,29031.6787,2510243357,19834165.62,490884,376286.917,468139.469
2025-03-09,86163.24,300380,39045.53385,3291100084,19834662.5,468931,373290.0623,516664.1935
2025-03-10,80669.31,446224,144400.0865,1.166590451e+10,19835143.75,561710,431204.5071,793936.4407
2025-03-11,78557.72,376740,130005.9673,1.055877284e+10,19835575,555242,491092.6905,839354.3378
2025-03-12,82859.32,428828,135925.9396,1.12445754e+10,19836053.12,537118,434808.9039,728907.767
2025-03-13,83703.69,532638,142428.9078,1.165259998e+10,19836550,548028,473207.4694,622082.5266
2025-03-14,81075.63,439189,92008.35566,7688923937,19836993.75,558542,454659.0313,558307.495
2025-03-15,83982.58,473428,23978.16687,2025237248,19837406.25,483792,416697.2276,404904.2709
2025-03-16,84339.61,471115,29348.70042,2461022384,19837859.38,440114,358729.8847,427833.4586
2025-03-17,82581.85,380493,83102.56626,6958311355,19838296.88,511394,392245.8146,565930.7251
2025-03-18,84040.57,369237,68729.98118,5673415289,19838740.62,520296,372948.268,573466.2978
2025-03-19,82718.44,441661,86903.53325,7323070308,19839215.62,523412,446020.5903,557514.7272
2025-03-20,86867.58,337973,110127.3961,9374758746,19839659.38,538832,466676.798,594456.2228
2025-03-21,84174.28,321230,85016.78463,7154070652,19840112.5,542213,425220.8629,503425.7125
2025-03-22,84042.1,413839,27116.64715,2286075876,19840581.25,463442,826774.3008,329192.823
2025-03-23,83813.07,533755,21097.48936,1789474661,19841068.75,426406,506644.8405,320723.8073
2025-03-24,86057.08,483673,87528.77861,7684100097,19841550,542968,540511.058,550865.5085
2025-03-25,87509.31,505859,115472.3676,1.011662178e+10,19842015.62,537123,1154144.705,606946.8048
2025-03-26,87475.15,515068,110488.6537,9664047437,19842490.62,551045,851926.7443,584772.3105
2025-03-27,86907.02,437476,86292.76765,7526149333,19842953.12,546963,461729.4051,557973.8305
2025-03-28,87187.77,397685,142103.7033,1.204848579e+10,19843434.38,555512,529161.4784,688099.5094
2025-03-29,84362.88,290139,61285.05276,5091286087,19843875,491096,350287.3534,442272.5304
2025-03-30,82612.14,305206,39183.02879,3254782225,19844303.12,448720,261504.2877,399659.7426
2025-03-31,82338.19,318279,118648.4817,9821678610,19844765.62,536233,406290.0163,710598.7531
2025-04-01,82531.15,356323,78013.51236,6557955354,19845187.5,577515,367011.1862,572955.3409
2025-04-02,85185.53,399055,112009.9572,9548511633,19845725,561041,382633.7662,604393.7166
2025-04-03,82487.27,392043,143504.0876,1.183570729e+10,19846200,576015,487364.2859,669511.8753
2025-04-04,83102.81,429861,105283.6062,8780468950,19846762.5,568203,463514.2219,585001.7854
2025-04-05,83842.01,293474,46352.17869,3868108852,19847275,491185,361658.4298,361328.653
2025-04-06,83500.22,279475,53332.86334,4346039062,19847728.12,468285,355198.7232,439315.9611
2025-04-07,78372.2,309387,158863.8997,1.232503199e+10,19848181.25,561612,518452.2284,792091.2042
2025-04-08,79188.56,363972,100588.8044,7889160739,19848659.38,560881,623524.5293,611653.2591
2025-04-09,76266.57,317312,135481.6388,1.061951042e+10,19849068.75,553980,440580.4587,790622.8432
2025-04-10,82575.64,322464,102488.8216,8272452338,19849518.75,559681,428405.2024,681608.0396
2025-04-11,79587.79,405030,127119.5332,1.044163697e+10,19849981.25,574941,633568.6892,668781.4974
2025-04-12,83423.93,409511,38106.67694,3199768362,19850431.25,504593,454913.6791,428871.8732
2025-04-13,85283.27,455139,33995.10576,2872917277,19850968.75,462177,366458.4074,418150.5888
2025-04-14,83709.73,441688,86608.47029,7327920945,19851434.38,531419,535902.4263,536097.8878
2025-04-15,84553.18,442899,75298.55063,6411287873,19851884.38,547445,490833.9115,669078.3395
2025-04-16,83631.52,507129,107631.9192,9044954451,19852346.88,543869,492491.2099,536376.1361
2025-04-17,84033.59,557181,92492.66266,7817372046,19852825,545464,507930.7547,745056.2502
2025-04-18,84915.2,508733,45800.01598,3870953754,19853250,515292,447488.7512,532547
2025-04-19,84466.72,545076,29529.80698,2510500479,19853684.38,471006,542196.8055,381149.3109
2025-04-20,85090.63,468737,26391.05037,2232630981,19854068.75,423502,463903.8265,339658.2364
2025-04-21,85172.64,444986,91165.52639,7961048503,19854462.5,493498,570686.1583,589521.354
2025-04-22,87522.75,518267,138441.577,1.249183035e+10,19854946.88,569473,562205.1479,757426.981
2025-04-23,93472.65,418203,173420.7175,1.620002621e+10,19855303.12,546333,1055502.088,961186.4019
2025-04-24,93708.71,464739,151125.6575,1.403520195e+10,19855743.75,569545,833850.1592,754817.8052
2025-04-25,93970.77,392451,183767.1791,1.733257842e+10,19856193.75,595179,581252.1772,775016.1737
2025-04-26,94724.46,321357,48216.16766,4555887934,19856609.38,486530,417012.8315,374314.36
2025-04-27,94660.46,441827,41289.21838,3888393606,19857031.25,449536,488094.3882,397452.9384
2025-04-28,93782.18,409765,122046.1057,1.153461191e+10,19857471.88,513795,625990.3118,702041.0722
2025-04-29,94998.2,467725,133474.3442,1.268204216e+10,19857928.12,526876,586290.7508,723115.9187
2025-04-30,94274.98,350729,89057.05934,8415953465,19858340.62,558028,623770.592,661001.8624
2025-05-01,94206.41,331199,90824.40219,8742561243,19858762.5,555979,528966.3734,771855.5764
2025-05-02,96507.26,379268,106821.6446,1.036521931e+10,19859259.38,613025,544646.3105,765642.3132
2025-05-03,96927.01,389717,59969.20906,5780366401,19859771.88,515130,385497.4373,508068.8278
2025-05-04,95895.74,347977,28053.64443,2688789794,19860206.25,446087,334514.5621,494688.4948
2025-05-05,94312.45,402262,130146.2341,1.231616962e+10,19860753.12,531867,484021.0738,815056.4046
2025-05-06,94727.8,332218,102557.508,9692283137,19861184.38,526919,494888.249,734327.5574
2025-05-07,96818.39,343011,91490.64214,8870488914,19861656.25,559340,643991.323,740016.2331
2025-05-08,97042.54,373813,103307.5356,1.035292692e+10,19862153.12,592201,654232.3651,739797.9218
2025-05-09,103223.26,334543,116396.4415,1.200095215e+10,19862590.62,603053,740344.1063,841081.9864
2025-05-10,102982.07,331074,35242.66703,3641552068,19863059.38,503410,458545.7441,478471.0378
2025-05-11,104766.27,281756,38432.42979,4002446571,19863525,467125,359974.2583,490327.502
2025-05-12,104130.99,378285,102668.929,1.061017348e+10,19863978.12,532368,1337858.431,693884.7083
2025-05-13,102827.18,295785,117434.1816,1.21399898e+10,19864384.38,534997,648686.5023,754872.7891
2025-05-14,104154.71,326818,88696.92004,9186120405,19864834.38,535430,750408.0709,715424.206
2025-05-15,103552.22,374153,129656.2163,1.331034956e+10,19865290.62,540779,560354.7025,757969.303
2025-05-16,103757.39,363786,89186.00244,9260377548,19865715.62,539053,1329330.047,635205.4908
2025-05-17,103499.95,291797,29190.69067,3011615665,19866162.5,474173,742545.6681,376416.8388
2025-05-18,103158.51,629314,41005.48003,4277222751,19866668.75,432229,617501.7655,400728.7955
2025-05-19,106424.76,585883,106163.5137,1.106632502e+10,19867109.38,499650,717736.5101,648502.7812
2025-05-20,105622.1,569769,102905.8651,1.086101741e+10,19867571.88,536030,793317.9449,705432.5312
2025-05-21,106805.83,422191,137434.4802,1.477518653e+10,19868021.88,567751,854755.177,838198.9085
2025-05-22,109668.26,467803,144581.3707,1.604320493e+10,19868490.62,612816,880076.363,1035240.095
2025-05-23,111722.19,444625,140731.3259,1.540913394e+10,19868975,571289,676572.4056,824826.2545
2025-05-24,107303.71,395420,50400.30068,5446155680,19869415.62,500617,566093.4236,456746.41
2025-05-25,107809.79,356355,30626.22764,3288796413,19869887.5,442797,445837.994,430580.8733
2025-05-26,109029.24,358290,84128.51043,9216183401,19870365.62,516548,562698.6657,560222.5953
2025-05-27,109481.32,422984,111846.2911,1.225138716e+10,19870806.25,508812,633358.5255,628902.9823
2025-05-28,108987.67,541153,97512.01377,1.053508349e+10,19871318.75,546095,867462.2415,722724.0451
2025-05-29,107808.38,382859,96521.58557,1.034141637e+10,19871815.62,542154,566762.9541,598103.0205
2025-05-30,105588.16,396232,114441.2137,1.203823476e+10,19872300,594597,622022.3959,706212.2702
2025-05-31,104027.67,299392,30945.15156,3219514301,19872803.12,506671,419534.4935,417260.7205
2025-06-01,104655.37,256072,25869.36452,2705917037,19873218.75,452800,363769.4805,449652.7683
2025-06-02,105701.48,346488,121168.6041,1.266610037e+10,19873634.38,516152,499806.6307,768909.2633
2025-06-03,105906.96,358895,108173.8436,1.143928912e+10,19874084.38,560813,508470.0391,780151.3151
2025-06-04,105434.47,337037,129747.2346,1.364698729e+10,19874478.12,545490,496235.1862,697810.5119
2025-06-05,104743.97,320509,101433.0624,1.055053416e+10,19874896.88,562558,506746.2234,686312.9036
2025-06-06,101565.91,298643,110105.5371,1.145556187e+10,19875315.62,543873,460534.6993,629079.9515
2025-06-07,104381.86,290718,34959.36107,3677820072,19875762.5,473987,345801.8546,404086.3238
2025-06-08,105633.02,307505,22339.99318,2364440624,19876240.62,436494,335156.9307,390826.3844
2025-06-09,105770.98,361275,86366.37215,9265964068,19876678.12,506842,535624.7926,589885.2286
2025-06-10,110300.41,428797,102384.3141,1.11960258e+10,19877206.25,558332,585255.589,730915.7999
2025-06-11,110279.28,347263,79723.63089,8722630197,19877646.88,519320,521050.4826,624882.114
2025-06-12,108688.52,425413,59372.28524,6376367920,19878109.38,549165,522331.1848,536443.288
2025-06-13,105755.21,351499,109734.8025,1.151553327e+10,19878562.5,567837,695983.8001,652807.4047
2025-06-14,106121.85,273850,36913.97637,3885367332,19879034.38,474984,323387.4732,351136.1327
2025-06-15,105466.67,281934,29904.24439,3155873881,19879459.38,439669,279163.9849,279957.7133
2025-06-16,105558.7,361092,110903.4158,1.191760216e+10,19879915.62,527740,528005.8329,585225.3398
2025-06-17,106798.31,354536,89300.30433,9427005108,19880284.38,518441,662702.1112,688195.2914
2025-06-18,104606.29,441317,97816.66291,1.025202435e+10,19880721.88,526045,731544.3574,596873.9956
2025-06-19,104910.93,308332,50180.79654,5255470077,19881118.75,501017,531498.8395,434159.0849
2025-06-20,104680.34,353459,82718.80187,8671147097,19881590.62,543938,551551.1784,570351.2337
2025-06-21,103302.68,309613,31671.3169,3272164418,19882031.25,455627,366032.1574,323605.6929
2025-06-22,102141.77,265421,51551.22927,5215828660,19882365.62,434126,281784.8749,499778.1031
2025-06-23,100997.71,290678,94315.33839,9641640711,19882700,477910,500511.4132,654822.3553
2025-06-24,105380.3,279124,,,19883065.62,498971,650303.8123,695759.3953
2025-06-25,106118.74,387919,110868.82,1.187452513e+10,19883512.5,516000,515300.3597,721359.9045
2025-06-26,107386.04,504341,109765.9265,1.17939482e+10,19884003.12,540682,814808.0702,667699.1388
2025-06-27,106978.63,335434,120452.6007,1.288770311e+10,19884362.5,524379,475865.8556,665074.4059
2025-06-28,107110.33,388943,31097.10184,3336314161,19884815.62,457275,416662.6058,361067.2884
2025-06-29,107334.13,380608,32369.08643,3488152854,19885343.75,442209,309792.0771,334253.095
2025-06-30,108385.58,339268,131251.2112,1.41363116e+10,19885796.88,521131,455555.3712,629712.8134
2025-07-01,107130.31,325613,70550.44313,7525873041,19886215.62,542508,448379.0379,496490.1843
2025-07-02,105705.84,366147,90890.25868,9829934492,19886693.75,572880,491126.5067,472110.4808
2025-07-03,108846.62,361041,101833.9942,1.116178574e+10,19887165.62,571346,465979.5034,608819.059
2025-07-04,109636.88,366873,152744.8006,1.659807424e+10,19887662.5,527167,366497.5084,554355.8061
2025-07-05,108026.4,427456,26028.6468,2818051738,19888153.12,426226,332567.094,275838.5985
2025-07-06,108243.13,506401,26310.55156,2856385888,19888653.12,436195,435562.5404,284335.7167
2025-07-07,109223.78,360355,89825.06077,9758779722,19889125,493343,440246.9789,548473.8133
2025-07-08,108300.56,354753,75428.62156,8193896031,19889568.75,521277,504048.4417,469316.7703
2025-07-09,108936.26,444726,70623.5041,7732968413,19890081.25,542076,541491.166,494786.5289
2025-07-10,111305.27,446575,102788.0593,1.159347651e+10,19890615.62,605456,558278.2768,717053.9185
2025-07-11,115993.81,408758,152867.3307,1.796657962e+10,19891084.38,626638,648253.1651,1014511.516
2025-07-12,117562.14,395744,60198.22834,7065294774,19891550,501978,475590.0813,533655.1738
2025-07-13,117446.02,399761,38533.33827,4554222641,19891978.12,466718,503048.4325,453095.4258
2025-07-14,119095.39,457360,235052.1515,2.837999538e+10,19892431.25,598435,707845.2245,1058789.766
2025-07-15,119870.73,418737,218433.7815,2.565367793e+10,19892943.75,560371,494649.9789,1146546.017
2025-07-16,117762.36,399196,129006.5566,1.531873174e+10,19893353.12,542511,539026.6588,933749.8941
2025-07-17,118748.5,433844,249684.8179,2.973582038e+10,19893778.12,594592,759875.8271,1052314.986
2025-07-18,119276.85,452162,143981.539,1.706596409e+10,19894228.12,580677,555282.9509,850360.3021
2025-07-19,118019.66,426040,51071.80148,6034792022,19894671.88,477264,527824.4994,422500.6603
2025-07-20,117923.05,414919,31634.88834,3737438459,19895137.5,455280,373225.6476,411213.5318
2025-07-21,117316.3,384438,123365.9948,1.456233419e+10,19895606.25,537794,503624.6107,898509.9179
2025-07-22,117446.79,421750,119415.3058,1.417029245e+10,19896075,519024,521343.4693,714622.9821
2025-07-23,120001.46,366826,91786.09834,1.08797349e+10,19896512.5,535701,497337.5907,617736.3953
2025-07-24,118780.28,409736,94803.4968,1.126112523e+10,19896971.88,528797,1167863.027,654229.3981
2025-07-25,118353.17,427905,196219.1377,2.282089339e+10,19897471.88,577530,640284.2511,1013683.578
2025-07-26,117648.33,573275,42116.46886,4964932334,19897950,491132,504849.2549,468367.4993
2025-07-27,117947.26,472894,28416.73025,3373298831,19898378.12,457112,503102.1029,461028.7678
2025-07-28,119461.83,502252,108951.3117,1.293443804e+10,19898831.25,529385,523055.5643,642324.7873
2025-07-29,118037.15,350960,112265.5631,1.328876825e+10,19899181.25,561483,616889.9552,584862.5983
2025-07-30,117925.55,423333,89008.85931,1.049971219e+10,19899609.38,554145,501456.5726,630779.5062
2025-07-31,117828.87,485215,82549.62795,9759826296,19900090.62,584264,469306.9632,578499.0965
2025-08-01,115754.1,400385,134519.9354,1.549776339e+10,19900562.5,636772,650735.3773,765015.4144
2025-08-02,113262.81,309743,27803.19974,3157274637,19901015.62,526686,469641.7091,468510.9294
2025-08-03,112521.7,283479,32914.54984,3752362443,19901500,462597,354102.4856,465258.32
2025-08-04,114226.86,443301,103087.6581,1.184576226e+10,19902034.38,542397,391000.8551,683513.1045
2025-08-05,115068.27,411399,81680.79516,9313301818,19902465.62,569616,419262.0313,609936.6882
2025-08-06,114138.05,496208,66722.25169,7655906247,19902915.62,665517,675583.1463,626958.1893
2025-08-07,115024.46,565200,77354.8545,8976136353,19903403.12,634516,606753.4561,605012.0557
2025-08-08,117510.56,474798,91075.9525,1.064083037e+10,19903837.5,749938,661202.0397,625050.3469
2025-08-09,116676.54,376121,34105.43973,3986623482,19904209.38,591211,537494.3761,438600.8992
2025-08-10,116485.38,400467,35979.78627,4258627456,19904631.25,489536,367168.2019,456397.4569
2025-08-11,119295.42,449633,97226.39482,1.171898019e+10,19905090.62,552696,532546.2248,751664.8214
2025-08-12,118715.93,367063,96386.80035,1.149864244e+10,19905518.75,543783,514602.6124,705780.9945
2025-08-13,120169.3,441094,106840.3275,1.288845639e+10,19906006.25,562007,534109.5737,722056.7895
2025-08-14,123359.45,484085,119746.2658,1.441352059e+10,19906512.5,630373,519827.2051,681476.7634
2025-08-15,118387.9,430405,118544.5752,1.401725439e+10,19906909.38,555918,431323.522,586342.0758
2025-08-16,117419.5,401706,46730.55083,5504971480,19907406.25,475351,352155.7395,431057.8101
2025-08-17,117484.12,440879,39196.02423,4633178834,19907862.5,434867,301652.2019,419951.465
2025-08-18,117455.5,478104,93541.72616,1.085455055e+10,19908362.5,506163,399097.2322,639131.0125
2025-08-19,116251.12,412417,125673.7772,1.444186355e+10,19908781.25,508055,388062.753,620388.0999
2025-08-20,112816.34,424869,103517.3496,1.177484832e+10,19909221.88,534876,396397.77,582297.0674
2025-08-21,114263.31,447767,123190.0314,1.400183226e+10,19909687.5,536698,364752.8629,604109.2547
2025-08-22,112432.68,459717,134169.8656,1.532870521e+10,19910143.75,559414,401414.8167,698681.1003
2025-08-23,116866.95,467080,69864.26387,8101157832,19910618.75,487009,316111.665,523652.2547
2025-08-24,115372.47,525890,96251.98661,1.103240792e+10,19911131.25,443678,266039.9594,583494.5676
2025-08-25,113468.36,482127,103372.6411,1.158118839e+10,19911571.88,525919,326427.3829,671005.1794
2025-08-26,110138.68,456605,113517.2167,1.251950486e+10,19912040.62,528702,367907.75,699871.737
2025-08-27,111803.49,499276,92455.75216,1.03269634e+10,19912509.38,526965,415229.9435,610384.5116
2025-08-28,111252.32,575612,93023.25057,1.046609908e+10,19913006.25,547915,378705.2446,643223.426
2025-08-29,112572.88,596157,210265.3211,2.300546933e+10,19913521.88,597526,389240.1653,830138.1786
2025-08-30,108370.55,628513,84435.03118,9170965525,19913993.75,495905,358535.0926,548501.2292
2025-08-31,108790.79,472908,42459.6201,4626001308,19914428.12,446532,328571.2197,503516.41
2025-09-01,108234.82,598757,90644.84599,9872635250,19914931.25,521197,1061076.382,614437.9792
2025-09-02,109250.51,592659,103556.7756,1.147279545e+10,19915425,544795,568811.1251,634897.7967
2025-09-03,111202.95,411173,98262.19959,1.098768037e+10,19915868.75,541497,708711.0561,649861.8141
2025-09-04,111737.55,395181,97479.85161,1.078795933e+10,19916306.25,540435,545663.6008,741396.2705
2025-09-05,110732.71,416432,115730.6863,1.293793967e+10,19916753.12,587857,798578.5719,827999.4
2025-09-06,110657.04,441035,31067.54474,3437337620,19917190.62,481276,404443.3594,467470.571
2025-09-07,110231.14,586276,23380.22405,2596166281,19917671.88,458587,358999.4006,472277.0471
2025-09-08,111175.46,567934,68472.57326,7661404614,19918171.88,511832,462264.6083,715120.62
2025-09-09,112078.8,619514,95154.86959,1.065220978e+10,19918681.25,549610,518603.9156,780937.4587
2025-09-10,111523.15,643239,97949.77892,1.10317902e+10,19919225,542027,461436.5887,718427.2934
2025-09-11,113969.34,598468,113090.057,1.291769792e+10,19919693.75,537753,471484.7587,628815.5798
2025-09-12,115517.68,396513,119950.9949,1.383829275e+10,19920068.75,543345,581832.5588,574095.4367
2025-09-13,116105.02,533108,49950.25443,5789043919,19920509.38,526152,519236.1507,506300.8318
2025-09-14,115965.47,534198,33691,3898286437,19920975,494770,368009.7276,393489.8531
2025-09-15,115384.69,535154,110068.9973,1.26874014e+10,19921496.88,549560,510972.2695,746401.2311
2025-09-16,115402.4,536633,95060.14163,1.101456342e+10,19921987.5,546260,490850.8565,626967.7823
2025-09-17,116797.5,362913,111547.6071,1.296224946e+10,19922396.88,517428,653712.1029,601936.1926
2025-09-18,116453.08,448521,115172.1763,1.351097682e+10,19922871.88,536964,443633.3128,710660.2159
2025-09-19,117128.97,478312,102362.5742,1.191881003e+10,19923415.62,553195,448216.6316,723340.8229
2025-09-20,115691.4,498549,56113.93796,6506869820,19923893.75,535837,383200.9366,520248.8931
2025-09-21,115751.15,513490,30420.39735,3521336292,19924400,467555,350235.5522,444820.5812
2025-09-22,115317.03,456797,136137.2513,1.543050743e+10,19924868.75,515742,384289.4603,724557.068
2025-09-23,112752.31,495947,118664.3617,1.338010376e+10,19925318.75,506650,315002.2975,689481.1989
2025-09-24,112010.28,522936,97600.27837,1.103012045e+10,19925796.88,502339,325898.8375,670588.164
2025-09-25,113316.86,431725,127939.5652,1.42519563e+10,19926212.5,542099,369139.8622,772546.7457
2025-09-26,109036.72,419078,154741.6341,1.696296652e+10,19926640.62,553168,462875.7654,933690.1284
2025-09-27,109698.86,526116,52949.81523,5814233429,19927134.38,484214,290799.4655,504349.9417
2025-09-28,109688.85,635424,41200.82814,4533682940,19927650,458537,242668.7659,455219.7751
2025-09-29,112177.12,444460,109644.4976,1.242180623e+10,19928078.12,521335,384507.8007,695379.6972
2025-09-30,114404.31,555361,164936.5266,1.875246146e+10,19928562.5,561370,369839.234,775226.6309
2025-10-01,114034.76,473880,154148.0021,1.791494254e+10,19929046.88,577245,445924.8751,848503.9048
2025-10-02,118617.71,381586,154903.123,1.850183101e+10,19929487.5,595776,499207.3909,880778.7602
2025-10-03,120627.96,387726,190983.2535,2.312460329e+10,19929856.25,595427,623247.905,1005100.345
2025-10-04,122282.99,422031,69425.73038,8476077417,19930275,544104,492482.6316,588084.5209
2025-10-05,122433.34,525372,62646.18084,7752284226,19930740.62,497949,340594.4248,638647.3381
2025-10-06,123519.47,431274,135410.9363,1.687440867e+10,19931125,550307,550428.6991,799146.4685
2025-10-07,124776.68,430492,157456.5954,1.943097213e+10,19931556.25,561921,500174.1022,771697.5502
2025-10-08,121425.01,427474,155087.7912,1.900902753e+10,19932018.75,546778,425919.0311,872410.8158
2025-10-09,123341.25,367782,124715.1522,1.518341803e+10,19932393.75,543331,462171.759,713397.5826
2025-10-10,121684.39,418155,129209.3887,1.537654753e+10,19932806.25,584389,478990.462,750438.8877
2025-10-11,113139,444087,124564.3876,1.397980017e+10,19933265.62,546781,418045.2069,853963.0722
2025-10-12,110787.57,463487,49313.6168,5559262421,19933718.75,465507,275602.028,694611.9285
2025-10-13,115105,491572,78787.37659,9071959223,19934178.12,504968,333894.3128,844768.3019
2025-10-14,115216.47,562791,174064.8257,1.957668892e+10,19934700,524219,315279.0242,1186614.215
2025-10-15,113092.61,480244,194714.5559,2.185422509e+10,19935171.88,542831,353243.264,884969.585
2025-10-16,110784.88,497400,119462.7023,1.318232092e+10,19935650,556999,349646.8778,855280.5149
2025-10-17,108192.62,480068,150669.1572,1.609764361e+10,19936146.88,591614,399373.5887,1023520.493
2025-10-18,106466.05,564018,49466.92779,5298430675,19936662.5,481991,273670.2074,548182.5855
2025-10-19,107209.72,443253,46572.60638,5022667332,19937084.38,443995,241178.7314,606437.5785
2025-10-20,108688.24,424653,107743.1788,1.195102912e+10,19937562.5,507550,374453.0124,666590.8677
2025-10-21,110576.7,429039,135834.7635,1.495163831e+10,19938018.75,538842,332576.3754,850814.3175
2025-10-22,108448.06,489141,141112.9788,1.526127655e+10,19938509.38,507518,317578.9907,741174.0524
2025-10-23,107614.03,426260,111365.127,1.218621303e+10,19938953.12,527286,293713.1818,697241.3938
2025-10-24,110082.72,571212,112065.4425,1.241617262e+10,19939512.5,546753,330208.3276,667454.3569
2025-10-25,111020.53,504399,43808.77788,4877663201,19940012.5,461245,250806.4513,517473.0645
2025-10-26,111637.64,521328,60716.37937,6847085320,19940468.75,433092,231520.0224,579911.0067
2025-10-27,114531.59,507349,139854.4708,1.610772742e+10,19940931.25,522563,333297.599,761327.3711
2025-10-28,114121.46,524707,126613.6738,1.445949925e+10,19941437.5,504390,338631.4861,736003.6645
2025-10-29,112923.91,392028,115717.3029,1.30041476e+10,19941812.5,517043,305037.1776,677013.447
2025-10-30,110068.52,554058,133306.1214,1.451406916e+10,19942300,540811,324285.1573,803129.0049
2025-10-31,108303.21,460063,138344.7302,1.520364307e+10,19942759.38,572374,384982.8576,831320.2268
2025-11-01,109552.54,391320,64210.75076,7076005653,19943168.75,498680,277120.8922,600344.9052
2025-11-02,110047.16,408092,29894.65991,3304825232,19943668.75,446508,239331.0608,518590.9455
2025-11-03,110601.99,447703,132934.6807,1.428889573e+10,19944118.75,547702,345812.3604,892146.3155
2025-11-04,106533.38,375984,169880.1793,1.754201876e+10,19944528.12,582796,426528.5475,1183435.94
2025-11-05,101523.49,396072,130444.1765,1.341992189e+10,19944959.38,550413,441790.9859,956066.0222
2025-11-06,103883.58,416278,152400.719,1.563690642e+10,19945396.88,534781,346370.2629,853294.6177
2025-11-07,101282.56,476245,211449.1503,2.146177903e+10,19945840.62,569444,346307.8913,955703.8957
2025-11-08,103328.81,351420,42605.1256,4367137227,19946215.62,470481,267282.1729,600933.5096
2025-11-09,102280.42,466347,29786.29332,3067078993,19946656.25,442498,236109.6418,537873.2641
2025-11-10,104712.19,449593,108484.4957,1.148437577e+10,19947093.75,526898,412831.8831,778893.0626
2025-11-11,105962.29,481949,104587.46,1.095105695e+10,19947571.88,506473,288740.1779,953805.8634
2025-11-12,103017.87,451023,102660.4869,1.060495535e+10,19948012.5,504920,270793.1485,826944.9627
2025-11-13,101659.07,,129058.8674,1.308801222e+10,19948481.25,,301578.974,926634.1399
2025-11-14,99675.15,,252459.3167,2.43771002e+10,19948931.25,,347914.5288,
2025-11-15,94399.23,,58775.83625,5644973418,19949378.12,,253544.2261,
2025-11-16,95534.16,581852,50153.38265,4776084096,19949875,454407,268297.5805,724172.4254
2025-11-17,94187.75,415543,204612.4587,1.928357762e+10,19950262.5,515090,434113.8384,1063425.407
2025-11-18,92093.24,317239,235143.5137,2.160587079e+10,19950665.62,517212,349565.6288,1343194.885
2025-11-19,92979.11,361791,191714.7674,1.747156547e+10,19951106.25,535320,315009.2849,1173095.751
2025-11-20,91453.07,361895,168458.3317,1.517717455e+10,19951515.62,545087,286397.4888,1105598.273
2025-11-21,86467.17,413267,258144.9566,2.179637045e+10,19951987.5,603204,310773.3454,1495590.69
2025-11-22,85096.82,472342,689189.836,5.838867398e+10,19952434.38,485120,252226.903,1436027.933
2025-11-23,84677.63,317173,210284.4405,1.79547457e+10,19952878.12,442816,207485.9844,919047.2466
2025-11-24,86786.92,400125,161658.3119,1.41124167e+10,19953325,503446,228921.4741,861686.3904
2025-11-25,88276.26,350825,125835.9335,1.101292854e+10,19953684.38,513166,281332.4492,784418.1586
2025-11-26,87330.85,477042,104415.9797,9204012841,19954196.88,535443,260534.7914,830747.6218
2025-11-27,90517.55,403825,99182.71523,9062460321,19954631.25,525809,276938.6521,726306.7502
2025-11-28,91305.47,511691,105960.0036,9697972473,19955087.5,543603,263890.3274,824214.7451
2025-11-29,90915.26,400703,39072.05507,3552877105,19955540.62,475990,209612.2512,560614.5579
2025-11-30,90830.82,517534,38762.25978,3541872047,19956062.5,450764,200152.4621,610748.1697
2025-12-01,90376.43,402123,155833.0425,1.343564367e+10,19956478.12,557926,367595.58,857329.0188
2025-12-02,86316.42,412650,121279.1134,1.084565351e+10,19956875,546016,356590.8,921558.1287
2025-12-03,91320.47,429624,134840.0176,1.250937702e+10,19957287.5,542787,341036.4306,900909.3132
2025-12-04,93468.15,414109,87324.46946,8105660618,19957700,540083,299625.6288,646466.9202
2025-12-05,92141.99,356330,113460.3052,1.028098673e+10,19958050,534245,325994.1611,709404.1137
2025-12-06,89343.14,527061,33967.7502,3044783370,19958581.25,465393,220547.5233,496616.0412
2025-12-07,89230.51,543191,27871.32259,2501885860,19959081.25,438543,179975.133,453417.2405
2025-12-08,90455.3,580273,148058.3093,1.348324053e+10,19959543.75,477476,237670.6143,784830.4225
2025-12-09,90643.57,448961,105559.7756,9695891171,19959934.38,507794,274053.792,776613.5305
2025-12-10,92703.59,550483,127509.5499,1.178495703e+10,19960431.25,511694,252628.7139,914869.0435
2025-12-11,91985.09,472857,118574.0031,1.073690401e+10,19960931.25,513356,239800.1538,774147.1404
2025-12-12,92497.93,417151,118148.0034,1.080322458e+10,19961384.38,537832,270797.6584,702636.2816
2025-12-13,90269.59,495923,44478.11855,4017753380,19961831.25,463369,198376.581,548959.8813
2025-12-14,90280.87,416686,31806.10947,2848683491,19962231.25,429658,175373.661,544168.6117
2025-12-15,88166.45,423355,95577.42905,8379084324,19962650,507663,249389.2648,720504.6652
2025-12-16,86422.9,443734,120828.4835,1.053176689e+10,19963109.38,507318,241660.9976,780076.6131
2025-12-17,87835.39,446512,142810.6228,1.248983156e+10,19963540.62,511367,247352.4197,882040.683
2025-12-18,86132.82,463881,113334.1931,9848892393,19963990.62,518421,240529.0102,829422.616
2025-12-19,85458.35,434180,102233.3554,8969389740,19964443.75,556166,298903.3906,847888.2619
2025-12-20,88098.82,440896,56333.28063,4973933952,19964903.12,488594,193302.7108,707389.3082
2025-12-21,88337.41,441101,28522.44517,2519189997,19965334.38,436144,166069.7856,530873.9261
2025-12-22,88615.72,427277,98840.19784,8820610203,19965734.38,497545,234928.1909,736001.7052
2025-12-23,88485.37,431004,138971.1581,1.218526128e+10,19966221.88,520980,224068.4218,799108.3673
2025-12-24,87424.67,501255,131841.9954,1.150412367e+10,19966718.75,513917,242509.8298,765373.1878
2025-12-25,87607.78,464027,34436.06582,3024468763,19967150,431619,189035.3735,480561.122
2025-12-26,87223.66,517078,107545.5144,9450221824,19967618.75,477921,219151.0667,778018.1003
2025-12-27,87300.34,470913,38331.70565,3357464429,19968062.5,457336,185874.3522,461134.1802
2025-12-28,87790.37,543992,24025.47408,2110737905,19968546.88,435884,192571.2664,513980.993
2025-12-29,87835.12,547262,204341.0692,1.798684341e+10,19969009.38,516338,247993.361,1036168.894
2025-12-30,87123.05,369499,138538.2006,1.22132352e+10,19969400,539847,261659.6387,858830.5541
2025-12-31,88423.54,408137,196214.6887,1.731799079e+10,19969815.62,547272,290497.6553,974765.547
2026-01-01,87493.87,469099,62095.39929,5461748379,19970287.5,441382,209186.2882,604552.2075
2026-01-02,88735,458965,100089.2414,8968206911,19970715.62,518434,258159.7413,814803.9986
2026-01-03,89944.05,501272,27468.13872,2473500733,19971221.88,473968,250185.8474,610858.5307
2026-01-04,90590.94,474589,27466.05821,2506209768,19971675,460281,222194.5049,658470.037
2026-01-05,91467.97,409625,126502.2257,1.180611263e+10,19972087.5,519989,261568.7528,847703.8858
2026-01-06,93882.39,424895,119316.0761,1.111436407e+10,19972493.75,517888,268116.3009,758263.2373
2026-01-07,93738.8,425191,108411.7385,9963351045,19972953.12,485087,241528.347,802197.7069
2026-01-08,91272.61,334415,103033.5904,9338603709,19973365.62,476585,230473.1796,652362.4517
2026-01-09,91030.38,355655,137892.5671,1.251885302e+10,19973809.38,512937,251071.4712,746111.0373
2026-01-10,90495.68,488786,89598.92896,8121569828,19974293.75,451552,185457.2533,512914.0259
2026-01-11,90378.79,290317,54946.89539,4985913693,19974696.88,412668,174273.5214,481215.7678
2026-01-12,90818.26,411249,120391.0867,1.098413327e+10,19975140.62,469584,219227.4712,625218.6309
2026-01-13,91193.7,336329,151314.8239,1.400204294e+10,19975562.5,489392,275265.3594,1006580.551
2026-01-14,95333.81,324327,136000.1064,1.305924355e+10,19975950,501548,303391.9577,1068823.731
2026-01-15,96931.94,374223,138599.3579,1.33579601e+10,19976384.38,516730,322003.4461,1033477.636
2026-01-16,95559.97,361943,98408.96808,9372781612,19976781.25,517080,318138.4776,789177.0024
2026-01-17,95527.94,357391,31462.95144,2998686755,19977256.25,451781,234880.7203,547386.4994
2026-01-18,95097.89,332526,24730.9156,2353607703,19977693.75,411852,183366.4186,472194.2864
2026-01-19,93665.1,354595,53956.62458,5014634720,19978162.5,460095,219521.8758,564963.6094
2026-01-20,92553.06,383148,108204.1794,9822935838,19978578.12,466340,249454.9075,855542.7917
2026-01-21,88324.94,428195,150297.6074,1.33905356e+10,19979006.25,503455,266747.735,801480.8112
2026-01-22,89374.74,464040,117952.5461,1.056875461e+10,19979509.38,478520,206150.3689,772841.547
2026-01-23,89461.76,436563,77975.47355,6994781334,19979946.88,500192,230285.2291,914813.6504
2026-01-24,89506,289144,23630.62861,2116227259,19980253.12,421686,184188.387,415012.8095
2026-01-25,89082.07,314920,45074.82141,3966994211,19980590.62,419735,184229.7003,574783.6858
2026-01-26,86570.94,402432,87436.72733,7681814790,19980978.12,465362,219938.5667,731844.4203
2026-01-27,88245.67,362327,68663.71498,6067747728,19981359.38,475414,210008.8706,713254.8187
2026-01-28,89117.06,336095,97106.82153,8693559629,19981703.12,485652,267126.145,731729.7535
2026-01-29,89159.85,428725,113646.4174,9789073414,19982103.12,521611,260550.6559,803319.5572
2026-01-30,84563.4,380796,178114.6197,1.484164421e+10,19982493.75,580888,279086.8685,976070.0602
2026-01-31,84120.31,405402,106217.3602,8589408432,19982943.75,527605,264980.5373,915540.345
2026-02-01,78585.89,352779,100311.9566,7846770888,19983315.62,467476,208415.6191,809666.4769
2026-02-02,76879.64,357323,201385.5728,1.568074726e+10,19983684.38,521176,267970.0701,1193527.483
2026-02-03,78679.78,435461,173150.5572,1.334441191e+10,19984096.88,550746,259898.7022,1187576.487
2026-02-04,75631.64,411218,187630.3556,1.400859591e+10,19984540.62,532371,247252.7646,1166001.435
2026-02-05,73004.18,384550,309372.6399,2.113930235e+10,19984937.5,619296,380386.5559,1898810.289
2026-02-06,62812.06,410157,281333.3605,1.890152709e+10,19985390.62,646236,416713.4089,1734627.472
2026-02-07,70520.32,494507,88104.82899,6122926408,19985909.38,481546,196835.6086,1102965.111
2026-02-08,69282.65,507211,60148.27717,4243821726,19986440.62,442633,160564.3403,858004.8263
2026-02-09,70284.84,402013,169869.0244,1.188815999e+10,19986931.25,481228,210927.7612,1103310.333
2026-02-10,70131.23,385928,137819.4895,9547620583,19987400,486763,181341.0294,951230.1615
2026-02-11,68794.25,455182,126342.8014,8491239760,19987890.62,490231,199104.3534,937444.4148
2026-02-12,66979.72,484938,144633.0632,9661389136,19988443.75,504187,176428.7131,895812.5124
2026-02-13,66205.98,529750,135589.1365,9201319259,19988909.38,521603,195106.981,796849.4329
2026-02-14,68851.99,537394,55257.36902,3840029082,19989434.38,458016,161437.9485,633033.9043
2026-02-15,69754.68,701969,27741.56733,1929666959,19990050,399280,131603.1931,527712.6072
2026-02-16,68784.72,526061,68551.60178,4693867813,19990578.12,440304,161065.5977,633192.5199
2026-02-17,68840.26,659135,93870.95951,6373218850,19991112.5,446864,157406.6723,765420.1044
2026-02-18,67459.99,507143,85113.55997,5723969492,19991562.5,454158,157141.0674,742192.3766
2026-02-19,66427.8,512501,83864.45789,5598066692,19992087.5,473222,165836.1013,739025.5796
2026-02-20,66956.88,413542,156441.1379,1.058685405e+10,19992515.62,493761,175972.1123,930292.6562
2026-02-21,67994.8,350751,36358.91741,2476187169,19992887.5,447339,148290.8032,525348.1059
2026-02-22,67966.35,529495,27224.02159,1845861126,19993400,408828,137691.8854,516383.2535
2026-02-23,67614.9,453671,91688.07274,6005967073,19993856.25,458764,173086.712,753889.3268
2026-02-24,64619.94,566873,120967.4321,7724802995,19994378.12,501015,175107.3224,989083.0759
2026-02-25,64043.32,485381,102891.8992,6898606940,19994846.88,509923,195655.0955,1061990.205
2026-02-26,67984.76,425509,109765.1571,7443589778,19995303.12,521846,237973.1475,997676.8919
2026-02-27,67470.73,415510,87058.16141,5797244770,19995737.5,549158,207733.6586,802982.2367
2026-02-28,65866.66,424909,41944.88008,2721602957,19996190.62,498805,175131.2316,560955.2451
2026-03-01,67006.09,462687,29243.98858,1947434580,19996656.25,447977,174011.4581,571263.0854
2026-03-02,65762.29,422366,103593.3764,7000359942,19997081.25,515250,179434.7885,838682.9327
2026-03-03,68775.78,381186,119208.5698,8081339726,19997500,504537,192629.845,811376.1325
2026-03-04,68264.82,377812,171282.5924,1.228863403e+10,19997906.25,516794,220976.4113,970657.6089
2026-03-05,72758.05,464513,128871.1461,9278661021,19998406.25,522467,220829.1005,833310.7563
2026-03-06,70886.76,442642,108397.0204,7534725006,19998881.25,531723,213250.7589,837959.4356
2026-03-07,68128.59,437720,29926.52134,2032123514,19999293.75,458399,156326.4588,479871.1944
2026-03-08,67279.51,453532,22165.42807,1488615216,19999712.5,413093,135960.1796,470048.6416
2026-03-09,65940.8,415576,101421.3613,6914157660,20000143.75,468702,175873.4966,725766.998
2026-03-10,68452.78,381301,103415.0872,7287177982,20000575,484745,190449.1319,819118.5083
2026-03-11,69922.38,401926,114528.5996,8029010340,20001009.38,475423,197567.9614,714908.2144
2026-03-12,70197.35,449282,87257.89549,6108416531,20001412.5,496301,188636.1112,715223.338
2026-03-13,70493.61,399857,107730.4117,7726566054,20001784.38,525035,243152.9042,761439.7198
2026-03-14,70966.24,439447,30323.65978,2145316490,20002190.62,440249,156574.0795,540891.5079
2026-03-15,71218.64,407207,49131.36724,3517233731,20002565.62,406808,141126.2672,512153.776
2026-03-16,72819.88,405364,138488.5574,1.01955721e+10,20002971.88,477639,198510.4614,943913.309
2026-03-17,74859.5,372893,106276.0318,7906826040,20003368.75,488604,231832.2165,808132.3338
2026-03-18,73927.68,441086,88222.96954,6375312014,20003803.12,472748,192855.1948,770001.1028
2026-03-19,71263.46,442571,81622.46367,5718618497,20004221.88,486162,207400.4944,638206.3945
2026-03-20,69911.35,423312,72615.24546,5101822417,20004640.62,496098,199759.6215,654603.7156
2026-03-21,70507.53,488238,17263.42864,1218707790,20005065.62,458834,190225.1368,388286.6712
2026-03-22,68890.19,629923,51812.61047,3563696747,20005578.12,432406,143403.2677,482727.3111
2026-03-23,67849.71,540923,91051.33746,6351371464,20006078.12,476303,171937.9068,699206.7618
2026-03-24,70885.18,382745,99339.99267,6967432240,20006456.25,460523,185812.9496,709887.2759
2026-03-25,70517.65,514820,117415.7294,8326071521,20006946.88,501248,188725.8017,691480.857
2026-03-26,71301.05,629007,89759.56845,6233836622,20007462.5,491918,164758.5881,754796.9113
2026-03-27,68779.41,664609,129836.583,8652009475,20007937.5,507433,182416.1992,831740.4157
2026-03-28,66329.87,763304,40732.55296,2709136324,20008462.5,432914,126280.4794,493152.275
2026-03-29,66320.1,634952,29736.9441,1979365474,20008931.25,382086,109957.3433,475378.8112
2026-03-30,65956.94,532760,108746.4199,7311067757,20009356.25,459981,178683.3269,826612.1484
2026-03-31,66694.46,523751,109013.0926,7319725452,20009781.25,485131,166514.526,764466.3261
2026-04-01,68216.53,683419,94730.42964,6475233192,20010281.25,527189,177892.6265,660117.118
2026-04-02,68099.79,508404,100465.1413,6704823313,20010721.88,505693,177903.0142,871504.3824
2026-04-03,66891.36,459037,45034.89227,3007067104,20011153.12,498568,179158.1502,640794.1504
2026-04-04,66931.75,433372,21521.24747,1443412966,20011528.12,430348,140708.5827,433866.5659
2026-04-05,67286.12,725796,21730.70664,1458245966,20012025,380100,113578.8935,460472.242
2026-04-06,68996.55,465261,62699.78714,4355593807,20012425,447163,151014.7097,602231.6033
2026-04-07,68856.54,538981,81326.56979,5575967620,20012856.25,480114,163231.9972,841917.6591
2026-04-08,71949.58,558574,83035.4805,5936286348,20013318.75,489051,186282.2986,768962.4656
2026-04-09,71129.61,586158,72750.35928,5196240368,20013768.75,484467,179675.8164,710837.9319
2026-04-10,71771.25,448495,89588.79592,6491981314,20014159.38,507681,202933.6718,782677.3137
2026-04-11,72976.07,465807,27243.94109,1987525971,20014543.75,441709,147289.9727,638895.7783
2026-04-12,73065.17,707229,22071.78659,1576299770,20015028.12,395725,127092.1365,467236.0223
2026-04-13,70768.13,641052,92049.77738,6633310041,20015471.88,454902,170238.5729,800470.9252
2026-04-14,74501.01,610515,165567.2122,1.237099476e+10,20016003.12,491023,198453.7056,1033682.533
2026-04-15,74195.34,465753,118661.93,8799963363,20016393.75,470280,207347.6694,815890.0493
2026-04-16,74814.99,630320,91620.30712,6827305647,20016856.25,,199405.4541,845560.1307
2026-04-17,75169.74,552747,103148.7468,7922347197,20017309.38,521678,271170.7206,896522.3109
2026-04-18,77143.43,695157,36123.92758,2768806279,20017787.5,439552,161473.6824,720683.5218
2026-04-19,75734.7,727793,38289.29715,2883140409,20018281.25,396267,139377.9583,732772.372
2026-04-20,73857.03,547526,149153.2217,1.126675729e+10,20018687.5,464309,198226.8734,993862.5706
2026-04-21,75873.82,537497,104044.4513,7894718144,20019109.38,478903,191288.4218,936111.2012
2026-04-22,76353.08,542847,114493.6988,8975032614,20019518.75,493157,262423.8806,985555.6122
2026-04-23,78206.49,450825,104515.4717,8141917394,20019896.88,490574,217661.7506,850922.3473
2026-04-24,78266.65,589597,138440.8754,1.078636669e+10,20020362.5,506108,193101.6193,1090364.356
2026-04-25,77458.76,581159,29873.41617,2316698938,20020787.5,428848,156678.2301,551847.729
2026-04-26,77636.09,712904,21103.85891,1645733891,20021250,399528,142527.0768,510226.3491
2026-04-27,78649.47,580030,85826.48962,6652309885,20021696.88,465611,191244.7163,750687.7786
2026-04-28,77373.46,566274,89855.94124,6877226671,20022115.62,472688,207483.4284,833428.7501
2026-04-29,76347.25,383942,87746.46993,6716119224,20022528.12,482542,222746.1008,790125.6715
2026-04-30,75781.88,409874,104520.4575,7966608257,20022965.62,509941,318147.2463,838690.4654
2026-05-01,76286.46,593987,90529.161,7051613813,20023443.75,541560,272021.1714,938241.3423
2026-05-02,78195.88,526246,26796.94517,2098986460,20023884.38,449751,189837.9265,677558.0377
2026-05-03,78670.21,604132,22747.21776,1787557345,20024334.38,402346,159821.966,580702.65
2026-05-04,78543.1,567996,99070.19778,7880460115,20024800,485657,203783.3965,902244.73
2026-05-05,79827.87,585611,108947.6862,8837709858,20025293.75,508713,241149.798,874548.6194
2026-05-06,80928.41,526789,94654.94824,7722301648,20025718.75,498493,232729.1097,771662.1302
2026-05-07,81436.54,531108,90936.60331,7334015036,20026178.12,497326,248612.2358,780559.2188
2026-05-08,80015.99,581936,83153.03418,6643451659,20026637.5,506524,247451.6435,717050.1096
2026-05-09,80197.58,831620,27705.76654,2228503873,20027171.88,707204,586786.4963,474592.4418
2026-05-10,80672.03,733259,20501.23502,1660081377,20027640.62,407132,185232.7898,546616.0916
2026-05-11,82146.2,772122,69605.85679,5656148859,20028156.25,457665,210980.4481,765312.1701
2026-05-12,81738.19,587513,72334.79783,5840254870,20028553.12,476383,245562.1543,714403.5158
2026-05-13,80491.45,620400,99140.01,7924872401,20029009.38,485900,223039.8428,785360.5852
2026-05-14,79285.66,684549,94556.67431,7605445951,20029481.25,489856,219686.5081,809553.6582
2026-05-15,81067.56,618617,126082.0888,1.006211513e+10,20029934.38,525031,255044.6038,780455.2159
2026-05-16,79063.02,679928,26826.489,2102365498,20030406.25,445624,189313.7542,594781.4645
2026-05-17,78140.84,605313,23366.54248,1825023819,20030843.75,396443,181210.017,439942.7946
2026-05-18,77409.45,600874,96604.41196,7419964089,20031281.25,474167,201214.2443,741629.0474
2026-05-19,76947.45,618114,107093.6748,8228742246,20031725,469682,201392.4654,775477.9899
2026-05-20,76752.77,676439,98182.6582,7598041358,20032175,473582,198674.6242,641105.8921
2026-05-21,77463.34,538509,64576.94152,5007923277,20032596.88,484958,225473.0986,626082.5021
2026-05-22,77538.22,708628,74462.80251,5739635306,20033084.38,547131,200364.1658,774187.0973
2026-05-23,75460.93,732845,41048.7546,3099888169,20033565.62,439350,183065.0095,536429.8233
2026-05-24,76673.89,628352,31760.27417,2440966547,20034006.25,387403,170450.3745,512579.1619
2026-05-25,76985.38,781994,43223.793,3350116314,20034500,430908,220589.2691,677318.1998
2026-05-26,77284.84,627380,77538.16981,5941712268,20034943.75,464460,304486.1208,740481.3461
2026-05-27,75823.27,645768,96672.86915,7293972208,20035393.75,474906,230170.3506,913348.7601
2026-05-28,74348.35,779340,164060.0516,1.203050389e+10,20035871.88,490956,265909.3176,1054569.971
2026-05-29,73539.08,648318,118363.3715,8713450867,20036337.5,518522,288216.4945,860661.5609
2026-05-30,73372.1,651123,49140.88723,3621398243,20036781.25,454741,229966.8905,562347.8592
2026-05-31,73754.51,717451,28929.81109,2137895857,20037231.25,403295,226385.6569,581640.6476
2026-06-01,73570.59,558154,119663.8549,8620586012,20037653.12,508084,265927.2693,898791.4471
2026-06-02,71325.64,438817,184247.8029,1.265734739e+10,20037996.88,501194,275074.1803,1152723.888
2026-06-03,66676.55,424362,170882.6435,1.137352345e+10,20038334.38,515383,297992.6871,1029535.221
2026-06-04,64012.8,588281,174167.5212,1.10446637e+10,20038778.12,538439,285283.88,1020537.811
2026-06-05,63812.6,569981,178424.2424,1.095175474e+10,20039200,557607,242391.3626,1091716.923
2026-06-06,61039.24,530864,58568.68518,3568092184,20039581.25,458423,180793.3731,666983.8455
2026-06-07,60861.29,548514,38007.25889,2358010683,20039946.88,400871,146555.2099,569003.0314
2026-06-08,63274.63,580206,117079.3351,7440078066,20040343.75,457079,188733.6928,789416.9017
2026-06-09,63090.31,573287,120963.0915,7544177710,20040731.25,466012,215732.6711,767543.8887
2026-06-10,61642.38,567680,79782.93734,4928846550,20041125,478720,186154.81,756179.2365
2026-06-11,61450.38,637515,87144.12597,5482125368,20041546.88,487498,228624.7568,756757.597
2026-06-12,63547.89,647883,85174.32669,5415539925,20042006.25,515594,250505.1428,802698.9713
2026-06-13,63539.65,550296,25467.2327,1625624119,20042393.75,423183,222065.6515,451541.077
2026-06-14,64427.29,726520,23390.92307,1504861401,20042850,400405,173275.8444,435308.9288
2026-06-15,65713.21,710717,92384.08907,6123296483,20043318.75,492782,252599.9295,798320.8408
2026-06-16,66285.33,786360,81480.16769,5379500225,20043825,477480,238028.704,829580.753
2026-06-17,65611.77,601375,70235.46904,4571979959,20044221.88,474545,224830.7228,667466.1458
2026-06-18,64428.91,815537,87526.17882,5554930942,20044753.12,503361,245180.2649,705918.318
2026-06-19,62900.98,746922,70644.61101,4445629257,20045225,486150,223446.3958,623162.0722
2026-06-20,63486.22,779461,29367.05733,1869016348,20045709.38,409924,173877.6065,455715.4151
2026-06-21,64250.43,669777,43335.6621,2777695165,20046128.12,381259,162753.3388,541712.3895
2026-06-22,63234.7,770946,76816.44386,4956173444,20046615.62,454922,213547.0386,727163.9807
2026-06-23,63952.2,862979,102809.0549,6441911323,20047156.25,464862,213483.8172,785248.4429
2026-06-24,62653.71,749523,123775.7178,7573340983,20047640.62,488035,217908.9629,808795.2459
2026-06-25,60984.24,805731,186630.0208,1.119715525e+10,20048171.88,522671,218621.9484,1048642.549
2026-06-26,59709.65,712555,180313.1174,1.0780036e+10,20048656.25,521746,222824.5144,1229436.384
2026-06-27,60023.84,826483,39050.50971,2357064199,20049181.25,452506,173327.2225,648533.9614
2026-06-28,59941.43,616427,35504.36347,2128916771,20049584.38,416739,152800.9534,537371.3435
2026-06-29,59496.75,531503,139093.5966,8343719421,20049975,490860,214552.5302,990718.3639
2026-06-30,60136.19,621005,229509.4341,1.348410908e+10,20050440.62,563177,290013.4028,1139145.718
2026-07-01,58534.28,613353,124998.3438,7451290684,20050865.62,540315,218137.4482,898324.7498
2026-07-02,59963.86,543519,172922.1367,1.059463935e+10,20051296.88,527254,274367.5747,967762.5774
2026-07-03,61484.36,685422,73904.20584,4575387983,20051768.75,529854,216561.1486,814646.1633
2026-07-04,62545.03,766307,35119.92122,2204217171,20052250,434728,157883.4812,539858.1832
2026-07-05,63086.45,635997,28239.24322,1775498027,20052650,386558,150080.1934,516093.5578
2026-07-06,63572.03,518667,99703.63223,6274928856,20053012.5,453433,235327.003,777787.6244
2026-07-07,64000.31,617156,109693.4941,6974340927,20053446.88,484547,255473.717,847825.7124
2026-07-08,63287.15,605412,71364.60053,4442886930,20053865.62,463157,166523.7445,758435.2965
2026-07-09,62249.52,558060,70863.20493,4455722802,20054256.25,478640,177458.1984,701965.8197
2026-07-10,63187.84,576868,80548.92765,5159501294,20054662.5,511711,201905.4844,800807.6156
2026-07-11,64124.85,674847,26929.3353,1729057261,20055096.88,429886,156067.1177,542161.4337
2026-07-12,63782.83,760744,28569.16167,1829761928,20055546.88,384757,137705.0032,588141.0896
2026-07-13,63744.39,710431,115179.4374,7190876314,20056006.25,458741,184061.731,1013011.256
2026-07-14,62242.32,751264,114346.8175,7273916870,20056490.62,458571,194500.1665,833209.9251
2026-07-15,64960.09,553966,88956.08293,5786230904,20056925,481858,240033.7279,810365.9412
2026-07-16,64714.54,538040,73481.26989,4739005864,20057303.12,467583,209422.1926,804653.3783
2026-07-17,63790.67,578327,94645.60804,6012389411,20057700,496049,232697.1145,711554.1697
2026-07-18,63899.18,857711,30295.67217,1945800358,20058218.75,444410,201035.3716,543711.6819
2026-07-19,64797.87,898862,33319.75798,2154887871,20058731.25,386348,155418.9659,461570.6051
2026-07-20,64682.15,736499,73569.91667,4772705829,20059190.62,450037,199296.4196,656483.0404
2026-07-21,65209.88,644122,110085.6142,7300836133,20059621.88,480104,205502.6154,955827.1826
2026-07-22,66511.66,505669,75259.87053,4968623995,20059981.25,467778,191984.3306,765300.3119
2026-07-23,66074.13,601802,82922.86389,5402999287,20060393.75,487730,190214.2597,905040.1243
2026-07-24,65051.17,736287,73327.97455,4740022115,20060875,541679,217323.594,883034.7275
2026-07-25,64095.49,694995,46786.51757,3003654170,20061306.25,454647,151550.035,685936.1788
2026-07-26,64311.97,758094,25667.12812,1658543409,20061762.5,439204,150730.5972,656353.6192
2026-07-27,65335.46,695681,92620.93776,6019966169,20062184.38,477732,216001.0973,934542.3803
2026-07-28,63710.94,560389,67677.40156,4303616750,20062590.62,485064,196915.1754,937629.6249
2026-07-29,63873.46,663070,75707.54623,4853122578,20063037.5,478468,225019.405,1035302.442
2026-07-30,63897.36,712078,115355.253,7447352392,20063515.62,497475,215405.1261,1049669.54
2026-07-31,64720.99,610890,220495.7602,1.39966412e+10,20064006.25,620856,394759.724,1063398.979
2026-08-01,62811.4,734264,125592.0778,7903766580,20064518.75,527596,239661.2443,810860.6421
2026-08-02,62760.11,676603,73361.25051,4647541791,20064946.88,453096,194137.842,656214.5306
2026-08-03,63487.43,703730,128295.8685,8132080650,20065437.5,523906,263129.5838,937294.779
2026-08-04,63461.22,622530,107522.3411,6878855879,20065875,508237,226101.1991,858950.095
2026-08-05,64054.44,606929,151565.6769,9767758793,20066309.38,519753,253167.1696,888241.006
2026-08-06,64600.08,542214,104912.9572,6781333055,20066721.88,516176,244380.4008,832689.6617
2026-08-07,64255.09,722683,107043.3172,6936863268,20067215.62,534028,268965.8994,813439.4113
2026-08-08,64878.76,653881,30308.6324,1970908006,20067662.5,448039,182030.1169,658325.5411
2026-08-09,64905.62,731687,26491.49212,1723375593,20068109.38,414062,145618.2191,503926.4314
2026-08-10,64854.72,639365,82494.16714,5329016987,20068543.75,473315,205382.6663,736249.3347
2026-08-11,63916.51,608562,93464.91766,5972642681,20068946.88,467215,189489.1783,716800.476
2026-08-12,63552.46,651109,118726.7083,7567972995,20069387.5,494924,334812.4108,971941.8401
2026-08-13,63400.51,680730,62101.14238,3947340385,20069831.25,486521,207024.3044,818886.7545
2026-08-14,63406.36,694502,82355.79738,5188080848,20070309.38,512338,210059.0393,1015536.109
2026-08-15,62971.56,719514,33511.84121,2114508891,20070762.5,445251,155142.2196,777678.1445
2026-08-16,63024.43,831035,28712.12183,1811944131,20071237.5,402442,144343.815,694412.5261
2026-08-17,62826.11,,80311.16201,5132429308,20071734.38,,,1018749.725
2026-08-18,64503.67,,92151.1514,5940348016,20072225,,,939568.2529
2026-08-19,64684.36,,132083.6514,8816852524,20072603.12,,,1000015.498
2026-08-20,69283.53,,170649.456,1.217609301e+10,20073006.25,,,1257766.325
2026-08-21,73024.53,,194271.1697,1.494719469e+10,20073434.38,,,1264958.984
2026-08-22,78323.95,,69834.46753,5425508158,20073896.88,,,724621.0115
2026-08-23,77077.12,,49344.88163,3804297388,20074321.88,,,618018.3451
2026-08-24,77701.23,632563,147377.0224,1.155320461e+10,20074765.62,489906,263154.8391,1050584.665
2026-08-25,78975.82,620604,124048.7294,9848970301,20075209.38,501443,251047.7898,1121424.332
2026-08-26,78521.7,724288,96990.10169,7611758449,20075665.62,491486,245976.3585,1011609.305
2026-08-27,79030.02,690404,116870.6543,9323350833,20076140.62,506914,269615.3897,1047071.533
2026-08-28,80273.17,569698,156087.2457,1.234041212e+10,20076553.12,518289,286160.1825,1082506.118
2026-08-29,77835.28,734873,34456.96057,2680577420,20077009.38,447256,194644.3312,783346.5492
2026-08-30,78232,879309,27024.26985,2122293809,20077518.75,398941,167048.7448,770391.1154
2026-08-31,77690.03,697056,120188.5003,9421660575,20077993.75,501131,246068.2663,1055482.469
2026-09-01,78549.65,627345,111594.8233,8721608889,20078437.5,506462,254963.2017,1010471.963
2026-09-02,77410.57,581418,82178.4911,6348512009,20078853.12,494353,242591.0415,943779.2858
2026-09-03,77304.32,712367,116443.0275,9286288810,20079365.62,533231,284153.1506,1045849.347
2026-09-04,81272.88,618290,100042.9264,8023711291,20079812.5,526842,287428.8697,972169.4472
2026-09-05,79676.63,723854,31479.01176,2512498426,20080275,465063,207969.4788,680514.2456
2026-09-06,79832.88,893391,42044.99773,3361747247,20080790.62,415207,191073.0382,612206.1312
2026-09-07,80341.3,699012,54391.6383,4323859621,20081225,453808,202834.6545,729170.8175
2026-09-08,79093.87,641373,69923.18129,5498003083,20081640.62,449976,229745.0231,774120.9131
2026-09-09,78444.05,758490,85979.99184,6791307829,20082143.75,492982,283847.8561,879712.1986
2026-09-10,78273.45,625497,87896.15506,6821620373,20082562.5,499484,242525.982,856709.4346
2026-09-11,76540.35,766738,89359.95331,6934366061,20083043.75,511851,266762.9642,849653.7057
2026-09-12,77209.87,783637,32954.86518,2544459320,20083556.25,450026,183295.0033,649771.4826
2026-09-13,77273.07,791693,40435.91361,3113701982,20084028.12,410158,176805.5093,689807.1192
2026-09-14,76829.51,708209,71011.18118,5548597460,20084496.88,471043,228339.0599,812183.7912
2026-09-15,78169.72,818399,108235.6324,8301386823,20084990.62,496714,237333.6666,1006343.801
2026-09-16,75609.19,653862,110712.6934,8406092985,20085431.25,481627,251876.8714,879751.315
2026-09-17,76141.53,652518,125946.6828,9645390560,20085878.12,491423,235135.9004,1092219.589
2026-09-18,76395.02,712987,132907.0869,1.056429794e+10,20086353.12,539329,284195.5418,1210283.6
2026-09-19,80872.23,592465,51660.71809,4198534550,20086750,457118,214782.7626,830452.1897
2026-09-20,81256.73,813705,47506.85669,3836930420,20087231.25,415087,182152.2212,638254.9078
2026-09-21,81136.2,631655,183899.9839,1.562281719e+10,20087696.88,528313,314900.8084,1199541.172
2026-09-22,86607.63,619671,160277.2502,1.381455913e+10,20088131.25,485993,289948.0338,1200416.24
2026-09-23,86184.81,582888,135142.9307,1.149801116e+10,20088534.38,489385,248487.1285,1574363.554
2026-09-24,84384.61,634055,106755.8077,8975644258,20088946.88,490018,318455.5861,1083117.218
2026-09-25,84380.26,598711,155810.6105,1.311606379e+10,20089390.62,520091,345536.5102,1225093.403
2026-09-26,84087.22,757303,43174.1562,3627249024,20089575,448618,220749.0654,991458.3081
